peak,variant,headline,beta_eff,formal_err,syst_err,resid_rms,snr,dof,t95,bound95,n_frac_syst,bound95_nscale,verdict,monotonic,status
4121,70-110C (one session),yes,0.016512699961954702,0.009409588160196328,0.02571369510740865,0.12844034935621523,0.6421753035874276,1,6.313751514800932,0.1788625813974854,0.2,0.21463509767698247,BOUND,True,BOUND
4154,70-110C (one session),yes,0.007068376039801816,0.008448143949176597,0.05671354780293503,0.35079116225169127,0.1246329371663117,1,6.313751514800932,0.36514362439031794,0.2,0.4381723492683815,BOUND,False,BOUND
4192,70-110C (one session),yes,0.014872236628943547,0.008204856249127512,0.03027832528306106,0.18352094359067073,0.4911842544099917,1,6.313751514800932,0.20604205875050569,0.2,0.2472504705006068,BOUND,False,BOUND
4207,70-110C (one session),yes,0.05303150219421926,0.007078888017837176,0.04736794247012706,0.293941806159277,1.119565246636245,1,6.313751514800932,0.3521009207179874,0.2,0.42252110486158484,BOUND,False,BOUND
4121,"70-130C (adds cross-session 130C, 3.2x lever)",no,0.010483603140809032,0.0018478895034445733,0.005539995649099271,0.10831321649662945,1.892348623507227,2,2.919985580355516,0.0266603105514112,0.2,0.03199237266169344,BOUND,True,BOUND
4154,"70-130C (adds cross-session 130C, 3.2x lever)",no,0.007906921690952307,0.0012145615086569782,0.011025811762844949,0.24445298962895495,0.7171283041124686,2,2.919985580355516,0.040102133050173794,0.2,0.04812255966020855,BOUND,False,BOUND
4192,"70-130C (adds cross-session 130C, 3.2x lever)",no,0.0050906299671543975,0.0016737702327003516,0.007227739276105313,0.15787263752670208,0.7043184283063262,2,2.919985580355516,0.026195524431951125,0.2,0.03143462931834135,BOUND,False,BOUND
4207,"70-130C (adds cross-session 130C, 3.2x lever)",no,0.016788223620742768,0.0021802593832537767,0.008184229236507742,0.17783424755250238,2.051289514943548,2,2.919985580355516,0.04068605497766941,0.2,0.04882326597320329,BOUND,False,BOUND
