peak,variant,beta_eff,formal_err,syst_err,resid_rms,snr,bound95,verdict,monotonic,status
4121,70-110C (one session),0.016512699961954702,0.009409588160196328,0.02571369510740865,0.12844034935621523,0.6421753035874276,0.067940090176772,BOUND,True,BOUND
4154,70-110C (one session),0.007068376039801816,0.008448143949176597,0.05671354780293503,0.35079116225169127,0.1246329371663117,0.12049547164567187,BOUND,False,BOUND
4192,70-110C (one session),0.014872236628943547,0.008204856249127512,0.03027832528306106,0.18352094359067073,0.4911842544099917,0.07542888719506566,BOUND,False,BOUND
4207,70-110C (one session),0.05303150219421926,0.007078888017837176,0.04736794247012706,0.293941806159277,1.119565246636245,0.14776738713447338,BOUND,False,BOUND
4121,"70-130C (adds cross-session 130C, 3.2x lever)",0.010483603140809032,0.0018478895034445733,0.005539995649099271,0.10831321649662945,1.892348623507227,0.021563594439007572,BOUND,True,BOUND
4154,"70-130C (adds cross-session 130C, 3.2x lever)",0.007906921690952307,0.0012145615086569782,0.011025811762844949,0.24445298962895495,0.7171283041124686,0.029958545216642204,BOUND,False,BOUND
4192,"70-130C (adds cross-session 130C, 3.2x lever)",0.0050906299671543975,0.0016737702327003516,0.007227739276105313,0.15787263752670208,0.7043184283063262,0.019546108519365023,BOUND,False,BOUND
4207,"70-130C (adds cross-session 130C, 3.2x lever)",0.016788223620742768,0.0021802593832537767,0.008184229236507742,0.17783424755250238,2.051289514943548,0.03315668209375825,BOUND,False,BOUND
