peak,beta_self,beta_self_err,sigma_laser,sigma_laser_err,chi2_red,corr_beta_laser,status
4121,0.018520672713265553,0.007865296090661831,1.479105302383951,0.14206172272082115,0.8083394404551735,-0.777330748542624,PRELIM
4154,0.015502899284807725,0.007704679651477211,1.4904111921951642,0.13386225596219933,0.8308221910454529,-0.7771422555118356,PRELIM
4192,0.01908220967748701,0.004158895844102062,1.5888134995744978,0.07047541835113683,0.8738744535169382,-0.7970531425366574,PRELIM
4207,0.03424538068032496,0.006372391953933688,1.241127143097379,0.14827169163803172,0.9044118348293257,-0.8016439519168339,PRELIM
