quantity,key,value,unit,status
wide_gc,0,0.00100,MHz gamma_coll axis,DIAGNOSTIC
wide_gc,1,0.07095,MHz gamma_coll axis,DIAGNOSTIC
wide_gc,2,0.14090,MHz gamma_coll axis,DIAGNOSTIC
wide_gc,3,0.21085,MHz gamma_coll axis,DIAGNOSTIC
wide_gc,4,0.28080,MHz gamma_coll axis,DIAGNOSTIC
wide_gc,5,0.35075,MHz gamma_coll axis,DIAGNOSTIC
wide_gc,6,0.42070,MHz gamma_coll axis,DIAGNOSTIC
wide_gc,7,0.49065,MHz gamma_coll axis,DIAGNOSTIC
wide_gc,8,0.56060,MHz gamma_coll axis,DIAGNOSTIC
wide_gc,9,0.63055,MHz gamma_coll axis,DIAGNOSTIC
wide_gc,10,0.70050,MHz gamma_coll axis,DIAGNOSTIC
wide_gc,11,0.77045,MHz gamma_coll axis,DIAGNOSTIC
wide_gc,12,0.84040,MHz gamma_coll axis,DIAGNOSTIC
wide_gc,13,0.91035,MHz gamma_coll axis,DIAGNOSTIC
wide_gc,14,0.98030,MHz gamma_coll axis,DIAGNOSTIC
wide_gc,15,1.05025,MHz gamma_coll axis,DIAGNOSTIC
wide_gc,16,1.12020,MHz gamma_coll axis,DIAGNOSTIC
wide_gc,17,1.19015,MHz gamma_coll axis,DIAGNOSTIC
wide_gc,18,1.26010,MHz gamma_coll axis,DIAGNOSTIC
wide_gc,19,1.33005,MHz gamma_coll axis,DIAGNOSTIC
wide_gc,20,1.40000,MHz gamma_coll axis,DIAGNOSTIC
wide_sl,0,0.20000,MHz sigma_laser axis,DIAGNOSTIC
wide_sl,1,0.33000,MHz sigma_laser axis,DIAGNOSTIC
wide_sl,2,0.46000,MHz sigma_laser axis,DIAGNOSTIC
wide_sl,3,0.59000,MHz sigma_laser axis,DIAGNOSTIC
wide_sl,4,0.72000,MHz sigma_laser axis,DIAGNOSTIC
wide_sl,5,0.85000,MHz sigma_laser axis,DIAGNOSTIC
wide_sl,6,0.98000,MHz sigma_laser axis,DIAGNOSTIC
wide_sl,7,1.11000,MHz sigma_laser axis,DIAGNOSTIC
wide_sl,8,1.24000,MHz sigma_laser axis,DIAGNOSTIC
wide_sl,9,1.37000,MHz sigma_laser axis,DIAGNOSTIC
wide_sl,10,1.50000,MHz sigma_laser axis,DIAGNOSTIC
wide_sl,11,1.63000,MHz sigma_laser axis,DIAGNOSTIC
wide_sl,12,1.76000,MHz sigma_laser axis,DIAGNOSTIC
wide_sl,13,1.89000,MHz sigma_laser axis,DIAGNOSTIC
wide_sl,14,2.02000,MHz sigma_laser axis,DIAGNOSTIC
wide_sl,15,2.15000,MHz sigma_laser axis,DIAGNOSTIC
wide_sl,16,2.28000,MHz sigma_laser axis,DIAGNOSTIC
wide_sl,17,2.41000,MHz sigma_laser axis,DIAGNOSTIC
wide_sl,18,2.54000,MHz sigma_laser axis,DIAGNOSTIC
wide_sl,19,2.67000,MHz sigma_laser axis,DIAGNOSTIC
wide_sl,20,2.80000,MHz sigma_laser axis,DIAGNOSTIC
wide_dchi2,0|0,35.724,delta chi2 (raw) [sl_index|gc_index],DIAGNOSTIC
wide_dchi2,0|1,16.400,delta chi2 (raw) [sl_index|gc_index],DIAGNOSTIC
wide_dchi2,0|2,4.506,delta chi2 (raw) [sl_index|gc_index],DIAGNOSTIC
wide_dchi2,0|3,1.162,delta chi2 (raw) [sl_index|gc_index],DIAGNOSTIC
wide_dchi2,0|4,7.613,delta chi2 (raw) [sl_index|gc_index],DIAGNOSTIC
wide_dchi2,0|5,25.245,delta chi2 (raw) [sl_index|gc_index],DIAGNOSTIC
wide_dchi2,0|6,55.581,delta chi2 (raw) [sl_index|gc_index],DIAGNOSTIC
wide_dchi2,0|7,100.297,delta chi2 (raw) [sl_index|gc_index],DIAGNOSTIC
wide_dchi2,0|8,161.226,delta chi2 (raw) [sl_index|gc_index],DIAGNOSTIC
wide_dchi2,0|9,240.364,delta chi2 (raw) [sl_index|gc_index],DIAGNOSTIC
wide_dchi2,0|10,339.883,delta chi2 (raw) [sl_index|gc_index],DIAGNOSTIC
wide_dchi2,0|11,462.135,delta chi2 (raw) [sl_index|gc_index],DIAGNOSTIC
wide_dchi2,0|12,609.669,delta chi2 (raw) [sl_index|gc_index],DIAGNOSTIC
wide_dchi2,0|13,785.239,delta chi2 (raw) [sl_index|gc_index],DIAGNOSTIC
wide_dchi2,0|14,991.816,delta chi2 (raw) [sl_index|gc_index],DIAGNOSTIC
wide_dchi2,0|15,1232.603,delta chi2 (raw) [sl_index|gc_index],DIAGNOSTIC
wide_dchi2,0|16,1511.054,delta chi2 (raw) [sl_index|gc_index],DIAGNOSTIC
wide_dchi2,0|17,1830.892,delta chi2 (raw) [sl_index|gc_index],DIAGNOSTIC
wide_dchi2,0|18,2196.131,delta chi2 (raw) [sl_index|gc_index],DIAGNOSTIC
wide_dchi2,0|19,2611.111,delta chi2 (raw) [sl_index|gc_index],DIAGNOSTIC
wide_dchi2,0|20,3080.534,delta chi2 (raw) [sl_index|gc_index],DIAGNOSTIC
wide_dchi2,1|0,36.872,delta chi2 (raw) [sl_index|gc_index],DIAGNOSTIC
wide_dchi2,1|1,16.914,delta chi2 (raw) [sl_index|gc_index],DIAGNOSTIC
wide_dchi2,1|2,4.295,delta chi2 (raw) [sl_index|gc_index],DIAGNOSTIC
wide_dchi2,1|3,0.147,delta chi2 (raw) [sl_index|gc_index],DIAGNOSTIC
wide_dchi2,1|4,5.732,delta chi2 (raw) [sl_index|gc_index],DIAGNOSTIC
wide_dchi2,1|5,22.449,delta chi2 (raw) [sl_index|gc_index],DIAGNOSTIC
wide_dchi2,1|6,51.839,delta chi2 (raw) [sl_index|gc_index],DIAGNOSTIC
wide_dchi2,1|7,95.593,delta chi2 (raw) [sl_index|gc_index],DIAGNOSTIC
wide_dchi2,1|8,155.560,delta chi2 (raw) [sl_index|gc_index],DIAGNOSTIC
wide_dchi2,1|9,233.757,delta chi2 (raw) [sl_index|gc_index],DIAGNOSTIC
wide_dchi2,1|10,332.373,delta chi2 (raw) [sl_index|gc_index],DIAGNOSTIC
wide_dchi2,1|11,453.784,delta chi2 (raw) [sl_index|gc_index],DIAGNOSTIC
wide_dchi2,1|12,600.560,delta chi2 (raw) [sl_index|gc_index],DIAGNOSTIC
wide_dchi2,1|13,775.479,delta chi2 (raw) [sl_index|gc_index],DIAGNOSTIC
wide_dchi2,1|14,981.538,delta chi2 (raw) [sl_index|gc_index],DIAGNOSTIC
wide_dchi2,1|15,1221.971,delta chi2 (raw) [sl_index|gc_index],DIAGNOSTIC
wide_dchi2,1|16,1500.262,delta chi2 (raw) [sl_index|gc_index],DIAGNOSTIC
wide_dchi2,1|17,1820.168,delta chi2 (raw) [sl_index|gc_index],DIAGNOSTIC
wide_dchi2,1|18,2185.745,delta chi2 (raw) [sl_index|gc_index],DIAGNOSTIC
wide_dchi2,1|19,2601.374,delta chi2 (raw) [sl_index|gc_index],DIAGNOSTIC
wide_dchi2,1|20,3071.811,delta chi2 (raw) [sl_index|gc_index],DIAGNOSTIC
wide_dchi2,2|0,40.205,delta chi2 (raw) [sl_index|gc_index],DIAGNOSTIC
wide_dchi2,2|1,19.211,delta chi2 (raw) [sl_index|gc_index],DIAGNOSTIC
wide_dchi2,2|2,5.425,delta chi2 (raw) [sl_index|gc_index],DIAGNOSTIC
wide_dchi2,2|3,0.000,delta chi2 (raw) [sl_index|gc_index],DIAGNOSTIC
wide_dchi2,2|4,4.218,delta chi2 (raw) [sl_index|gc_index],DIAGNOSTIC
wide_dchi2,2|5,19.500,delta chi2 (raw) [sl_index|gc_index],DIAGNOSTIC
wide_dchi2,2|6,47.411,delta chi2 (raw) [sl_index|gc_index],DIAGNOSTIC
wide_dchi2,2|7,89.667,delta chi2 (raw) [sl_index|gc_index],DIAGNOSTIC
wide_dchi2,2|8,148.143,delta chi2 (raw) [sl_index|gc_index],DIAGNOSTIC
wide_dchi2,2|9,224.882,delta chi2 (raw) [sl_index|gc_index],DIAGNOSTIC
wide_dchi2,2|10,322.105,delta chi2 (raw) [sl_index|gc_index],DIAGNOSTIC
wide_dchi2,2|11,442.217,delta chi2 (raw) [sl_index|gc_index],DIAGNOSTIC
wide_dchi2,2|12,587.824,delta chi2 (raw) [sl_index|gc_index],DIAGNOSTIC
wide_dchi2,2|13,761.739,delta chi2 (raw) [sl_index|gc_index],DIAGNOSTIC
wide_dchi2,2|14,967.000,delta chi2 (raw) [sl_index|gc_index],DIAGNOSTIC
wide_dchi2,2|15,1206.883,delta chi2 (raw) [sl_index|gc_index],DIAGNOSTIC
wide_dchi2,2|16,1484.921,delta chi2 (raw) [sl_index|gc_index],DIAGNOSTIC
wide_dchi2,2|17,1804.924,delta chi2 (raw) [sl_index|gc_index],DIAGNOSTIC
wide_dchi2,2|18,2171.005,delta chi2 (raw) [sl_index|gc_index],DIAGNOSTIC
wide_dchi2,2|19,2587.617,delta chi2 (raw) [sl_index|gc_index],DIAGNOSTIC
wide_dchi2,2|20,3059.591,delta chi2 (raw) [sl_index|gc_index],DIAGNOSTIC
wide_dchi2,3|0,47.671,delta chi2 (raw) [sl_index|gc_index],DIAGNOSTIC
wide_dchi2,3|1,25.139,delta chi2 (raw) [sl_index|gc_index],DIAGNOSTIC
wide_dchi2,3|2,9.649,delta chi2 (raw) [sl_index|gc_index],DIAGNOSTIC
wide_dchi2,3|3,2.380,delta chi2 (raw) [sl_index|gc_index],DIAGNOSTIC
wide_dchi2,3|4,4.644,delta chi2 (raw) [sl_index|gc_index],DIAGNOSTIC
wide_dchi2,3|5,17.891,delta chi2 (raw) [sl_index|gc_index],DIAGNOSTIC
wide_dchi2,3|6,43.716,delta chi2 (raw) [sl_index|gc_index],DIAGNOSTIC
wide_dchi2,3|7,83.868,delta chi2 (raw) [sl_index|gc_index],DIAGNOSTIC
wide_dchi2,3|8,140.257,delta chi2 (raw) [sl_index|gc_index],DIAGNOSTIC
wide_dchi2,3|9,214.964,delta chi2 (raw) [sl_index|gc_index],DIAGNOSTIC
wide_dchi2,3|10,310.247,delta chi2 (raw) [sl_index|gc_index],DIAGNOSTIC
wide_dchi2,3|11,428.555,delta chi2 (raw) [sl_index|gc_index],DIAGNOSTIC
wide_dchi2,3|12,572.539,delta chi2 (raw) [sl_index|gc_index],DIAGNOSTIC
wide_dchi2,3|13,745.062,delta chi2 (raw) [sl_index|gc_index],DIAGNOSTIC
wide_dchi2,3|14,949.215,delta chi2 (raw) [sl_index|gc_index],DIAGNOSTIC
wide_dchi2,3|15,1188.334,delta chi2 (raw) [sl_index|gc_index],DIAGNOSTIC
wide_dchi2,3|16,1466.015,delta chi2 (raw) [sl_index|gc_index],DIAGNOSTIC
wide_dchi2,3|17,1786.140,delta chi2 (raw) [sl_index|gc_index],DIAGNOSTIC
wide_dchi2,3|18,2152.906,delta chi2 (raw) [sl_index|gc_index],DIAGNOSTIC
wide_dchi2,3|19,2570.853,delta chi2 (raw) [sl_index|gc_index],DIAGNOSTIC
wide_dchi2,3|20,3044.966,delta chi2 (raw) [sl_index|gc_index],DIAGNOSTIC
wide_dchi2,4|0,61.484,delta chi2 (raw) [sl_index|gc_index],DIAGNOSTIC
wide_dchi2,4|1,36.789,delta chi2 (raw) [sl_index|gc_index],DIAGNOSTIC
wide_dchi2,4|2,18.942,delta chi2 (raw) [sl_index|gc_index],DIAGNOSTIC
wide_dchi2,4|3,9.155,delta chi2 (raw) [sl_index|gc_index],DIAGNOSTIC
wide_dchi2,4|4,8.776,delta chi2 (raw) [sl_index|gc_index],DIAGNOSTIC
wide_dchi2,4|5,19.291,delta chi2 (raw) [sl_index|gc_index],DIAGNOSTIC
wide_dchi2,4|6,42.333,delta chi2 (raw) [sl_index|gc_index],DIAGNOSTIC
wide_dchi2,4|7,79.694,delta chi2 (raw) [sl_index|gc_index],DIAGNOSTIC
wide_dchi2,4|8,133.326,delta chi2 (raw) [sl_index|gc_index],DIAGNOSTIC
wide_dchi2,4|9,205.356,delta chi2 (raw) [sl_index|gc_index],DIAGNOSTIC
wide_dchi2,4|10,298.092,delta chi2 (raw) [sl_index|gc_index],DIAGNOSTIC
wide_dchi2,4|11,414.037,delta chi2 (raw) [sl_index|gc_index],DIAGNOSTIC
wide_dchi2,4|12,555.898,delta chi2 (raw) [sl_index|gc_index],DIAGNOSTIC
wide_dchi2,4|13,726.603,delta chi2 (raw) [sl_index|gc_index],DIAGNOSTIC
wide_dchi2,4|14,929.309,delta chi2 (raw) [sl_index|gc_index],DIAGNOSTIC
wide_dchi2,4|15,1167.428,delta chi2 (raw) [sl_index|gc_index],DIAGNOSTIC
wide_dchi2,4|16,1444.639,delta chi2 (raw) [sl_index|gc_index],DIAGNOSTIC
wide_dchi2,4|17,1764.712,delta chi2 (raw) [sl_index|gc_index],DIAGNOSTIC
wide_dchi2,4|18,2132.403,delta chi2 (raw) [sl_index|gc_index],DIAGNOSTIC
wide_dchi2,4|19,2552.113,delta chi2 (raw) [sl_index|gc_index],DIAGNOSTIC
wide_dchi2,4|20,3028.877,delta chi2 (raw) [sl_index|gc_index],DIAGNOSTIC
wide_dchi2,5|0,83.980,delta chi2 (raw) [sl_index|gc_index],DIAGNOSTIC
wide_dchi2,5|1,56.334,delta chi2 (raw) [sl_index|gc_index],DIAGNOSTIC
wide_dchi2,5|2,35.320,delta chi2 (raw) [sl_index|gc_index],DIAGNOSTIC
wide_dchi2,5|3,22.191,delta chi2 (raw) [sl_index|gc_index],DIAGNOSTIC
wide_dchi2,5|4,18.335,delta chi2 (raw) [sl_index|gc_index],DIAGNOSTIC
wide_dchi2,5|5,25.283,delta chi2 (raw) [sl_index|gc_index],DIAGNOSTIC
wide_dchi2,5|6,44.716,delta chi2 (raw) [sl_index|gc_index],DIAGNOSTIC
wide_dchi2,5|7,78.474,delta chi2 (raw) [sl_index|gc_index],DIAGNOSTIC
wide_dchi2,5|8,128.562,delta chi2 (raw) [sl_index|gc_index],DIAGNOSTIC
wide_dchi2,5|9,197.163,delta chi2 (raw) [sl_index|gc_index],DIAGNOSTIC
wide_dchi2,5|10,286.647,delta chi2 (raw) [sl_index|gc_index],DIAGNOSTIC
wide_dchi2,5|11,399.582,delta chi2 (raw) [sl_index|gc_index],DIAGNOSTIC
wide_dchi2,5|12,538.746,delta chi2 (raw) [sl_index|gc_index],DIAGNOSTIC
wide_dchi2,5|13,707.142,delta chi2 (raw) [sl_index|gc_index],DIAGNOSTIC
wide_dchi2,5|14,908.170,delta chi2 (raw) [sl_index|gc_index],DIAGNOSTIC
wide_dchi2,5|15,1144.918,delta chi2 (raw) [sl_index|gc_index],DIAGNOSTIC
wide_dchi2,5|16,1421.570,delta chi2 (raw) [sl_index|gc_index],DIAGNOSTIC
wide_dchi2,5|17,1742.089,delta chi2 (raw) [sl_index|gc_index],DIAGNOSTIC
wide_dchi2,5|18,2110.770,delta chi2 (raw) [sl_index|gc_index],DIAGNOSTIC
wide_dchi2,5|19,2532.607,delta chi2 (raw) [sl_index|gc_index],DIAGNOSTIC
wide_dchi2,5|20,3012.818,delta chi2 (raw) [sl_index|gc_index],DIAGNOSTIC
wide_dchi2,6|0,118.254,delta chi2 (raw) [sl_index|gc_index],DIAGNOSTIC
wide_dchi2,6|1,86.721,delta chi2 (raw) [sl_index|gc_index],DIAGNOSTIC
wide_dchi2,6|2,61.592,delta chi2 (raw) [sl_index|gc_index],DIAGNOSTIC
wide_dchi2,6|3,44.166,delta chi2 (raw) [sl_index|gc_index],DIAGNOSTIC
wide_dchi2,6|4,35.881,delta chi2 (raw) [sl_index|gc_index],DIAGNOSTIC
wide_dchi2,6|5,38.318,delta chi2 (raw) [sl_index|gc_index],DIAGNOSTIC
wide_dchi2,6|6,53.213,delta chi2 (raw) [sl_index|gc_index],DIAGNOSTIC
wide_dchi2,6|7,82.463,delta chi2 (raw) [sl_index|gc_index],DIAGNOSTIC
wide_dchi2,6|8,128.138,delta chi2 (raw) [sl_index|gc_index],DIAGNOSTIC
wide_dchi2,6|9,192.485,delta chi2 (raw) [sl_index|gc_index],DIAGNOSTIC
wide_dchi2,6|10,277.948,delta chi2 (raw) [sl_index|gc_index],DIAGNOSTIC
wide_dchi2,6|11,387.114,delta chi2 (raw) [sl_index|gc_index],DIAGNOSTIC
wide_dchi2,6|12,523.038,delta chi2 (raw) [sl_index|gc_index],DIAGNOSTIC
wide_dchi2,6|13,688.658,delta chi2 (raw) [sl_index|gc_index],DIAGNOSTIC
wide_dchi2,6|14,887.231,delta chi2 (raw) [sl_index|gc_index],DIAGNOSTIC
wide_dchi2,6|15,1122.579,delta chi2 (raw) [sl_index|gc_index],DIAGNOSTIC
wide_dchi2,6|16,1398.407,delta chi2 (raw) [sl_index|gc_index],DIAGNOSTIC
wide_dchi2,6|17,1719.165,delta chi2 (raw) [sl_index|gc_index],DIAGNOSTIC
wide_dchi2,6|18,2089.297,delta chi2 (raw) [sl_index|gc_index],DIAGNOSTIC
wide_dchi2,6|19,2513.843,delta chi2 (raw) [sl_index|gc_index],DIAGNOSTIC
wide_dchi2,6|20,2998.306,delta chi2 (raw) [sl_index|gc_index],DIAGNOSTIC
wide_dchi2,7|0,166.809,delta chi2 (raw) [sl_index|gc_index],DIAGNOSTIC
wide_dchi2,7|1,130.275,delta chi2 (raw) [sl_index|gc_index],DIAGNOSTIC
wide_dchi2,7|2,99.913,delta chi2 (raw) [sl_index|gc_index],DIAGNOSTIC
wide_dchi2,7|3,77.075,delta chi2 (raw) [sl_index|gc_index],DIAGNOSTIC
wide_dchi2,7|4,63.254,delta chi2 (raw) [sl_index|gc_index],DIAGNOSTIC
wide_dchi2,7|5,60.091,delta chi2 (raw) [sl_index|gc_index],DIAGNOSTIC
wide_dchi2,7|6,69.384,delta chi2 (raw) [sl_index|gc_index],DIAGNOSTIC
wide_dchi2,7|7,93.099,delta chi2 (raw) [sl_index|gc_index],DIAGNOSTIC
wide_dchi2,7|8,133.309,delta chi2 (raw) [sl_index|gc_index],DIAGNOSTIC
wide_dchi2,7|9,192.324,delta chi2 (raw) [sl_index|gc_index],DIAGNOSTIC
wide_dchi2,7|10,273.060,delta chi2 (raw) [sl_index|gc_index],DIAGNOSTIC
wide_dchi2,7|11,377.807,delta chi2 (raw) [sl_index|gc_index],DIAGNOSTIC
wide_dchi2,7|12,509.618,delta chi2 (raw) [sl_index|gc_index],DIAGNOSTIC
wide_dchi2,7|13,671.880,delta chi2 (raw) [sl_index|gc_index],DIAGNOSTIC
wide_dchi2,7|14,867.695,delta chi2 (raw) [sl_index|gc_index],DIAGNOSTIC
wide_dchi2,7|15,1101.205,delta chi2 (raw) [sl_index|gc_index],DIAGNOSTIC
wide_dchi2,7|16,1376.368,delta chi2 (raw) [sl_index|gc_index],DIAGNOSTIC
wide_dchi2,7|17,1697.355,delta chi2 (raw) [sl_index|gc_index],DIAGNOSTIC
wide_dchi2,7|18,2069.244,delta chi2 (raw) [sl_index|gc_index],DIAGNOSTIC
wide_dchi2,7|19,2497.241,delta chi2 (raw) [sl_index|gc_index],DIAGNOSTIC
wide_dchi2,7|20,2986.984,delta chi2 (raw) [sl_index|gc_index],DIAGNOSTIC
wide_dchi2,8|0,232.133,delta chi2 (raw) [sl_index|gc_index],DIAGNOSTIC
wide_dchi2,8|1,189.300,delta chi2 (raw) [sl_index|gc_index],DIAGNOSTIC
wide_dchi2,8|2,152.412,delta chi2 (raw) [sl_index|gc_index],DIAGNOSTIC
wide_dchi2,8|3,122.881,delta chi2 (raw) [sl_index|gc_index],DIAGNOSTIC
wide_dchi2,8|4,102.261,delta chi2 (raw) [sl_index|gc_index],DIAGNOSTIC
wide_dchi2,8|5,92.436,delta chi2 (raw) [sl_index|gc_index],DIAGNOSTIC
wide_dchi2,8|6,94.790,delta chi2 (raw) [sl_index|gc_index],DIAGNOSTIC
wide_dchi2,8|7,111.592,delta chi2 (raw) [sl_index|gc_index],DIAGNOSTIC
wide_dchi2,8|8,145.252,delta chi2 (raw) [sl_index|gc_index],DIAGNOSTIC
wide_dchi2,8|9,198.510,delta chi2 (raw) [sl_index|gc_index],DIAGNOSTIC
wide_dchi2,8|10,273.252,delta chi2 (raw) [sl_index|gc_index],DIAGNOSTIC
wide_dchi2,8|11,372.591,delta chi2 (raw) [sl_index|gc_index],DIAGNOSTIC
wide_dchi2,8|12,499.648,delta chi2 (raw) [sl_index|gc_index],DIAGNOSTIC
wide_dchi2,8|13,657.941,delta chi2 (raw) [sl_index|gc_index],DIAGNOSTIC
wide_dchi2,8|14,850.714,delta chi2 (raw) [sl_index|gc_index],DIAGNOSTIC
wide_dchi2,8|15,1082.102,delta chi2 (raw) [sl_index|gc_index],DIAGNOSTIC
wide_dchi2,8|16,1356.358,delta chi2 (raw) [sl_index|gc_index],DIAGNOSTIC
wide_dchi2,8|17,1677.958,delta chi2 (raw) [sl_index|gc_index],DIAGNOSTIC
wide_dchi2,8|18,2052.112,delta chi2 (raw) [sl_index|gc_index],DIAGNOSTIC
wide_dchi2,8|19,2484.278,delta chi2 (raw) [sl_index|gc_index],DIAGNOSTIC
wide_dchi2,8|20,2980.600,delta chi2 (raw) [sl_index|gc_index],DIAGNOSTIC
wide_dchi2,9|0,316.853,delta chi2 (raw) [sl_index|gc_index],DIAGNOSTIC
wide_dchi2,9|1,266.247,delta chi2 (raw) [sl_index|gc_index],DIAGNOSTIC
wide_dchi2,9|2,220.896,delta chi2 (raw) [sl_index|gc_index],DIAGNOSTIC
wide_dchi2,9|3,183.418,delta chi2 (raw) [sl_index|gc_index],DIAGNOSTIC
wide_dchi2,9|4,154.550,delta chi2 (raw) [sl_index|gc_index],DIAGNOSTIC
wide_dchi2,9|5,136.461,delta chi2 (raw) [sl_index|gc_index],DIAGNOSTIC
wide_dchi2,9|6,130.736,delta chi2 (raw) [sl_index|gc_index],DIAGNOSTIC
wide_dchi2,9|7,139.716,delta chi2 (raw) [sl_index|gc_index],DIAGNOSTIC
wide_dchi2,9|8,165.943,delta chi2 (raw) [sl_index|gc_index],DIAGNOSTIC
wide_dchi2,9|9,211.452,delta chi2 (raw) [sl_index|gc_index],DIAGNOSTIC
wide_dchi2,9|10,279.300,delta chi2 (raw) [sl_index|gc_index],DIAGNOSTIC
wide_dchi2,9|11,372.479,delta chi2 (raw) [sl_index|gc_index],DIAGNOSTIC
wide_dchi2,9|12,494.121,delta chi2 (raw) [sl_index|gc_index],DIAGNOSTIC
wide_dchi2,9|13,647.716,delta chi2 (raw) [sl_index|gc_index],DIAGNOSTIC
wide_dchi2,9|14,836.977,delta chi2 (raw) [sl_index|gc_index],DIAGNOSTIC
wide_dchi2,9|15,1066.067,delta chi2 (raw) [sl_index|gc_index],DIAGNOSTIC
wide_dchi2,9|16,1339.469,delta chi2 (raw) [sl_index|gc_index],DIAGNOSTIC
wide_dchi2,9|17,1661.990,delta chi2 (raw) [sl_index|gc_index],DIAGNOSTIC
wide_dchi2,9|18,2039.029,delta chi2 (raw) [sl_index|gc_index],DIAGNOSTIC
wide_dchi2,9|19,2476.471,delta chi2 (raw) [sl_index|gc_index],DIAGNOSTIC
wide_dchi2,9|20,3004.544,delta chi2 (raw) [sl_index|gc_index],DIAGNOSTIC
wide_dchi2,10|0,422.059,delta chi2 (raw) [sl_index|gc_index],DIAGNOSTIC
wide_dchi2,10|1,361.763,delta chi2 (raw) [sl_index|gc_index],DIAGNOSTIC
wide_dchi2,10|2,307.217,delta chi2 (raw) [sl_index|gc_index],DIAGNOSTIC
wide_dchi2,10|3,259.877,delta chi2 (raw) [sl_index|gc_index],DIAGNOSTIC
wide_dchi2,10|4,221.377,delta chi2 (raw) [sl_index|gc_index],DIAGNOSTIC
wide_dchi2,10|5,193.320,delta chi2 (raw) [sl_index|gc_index],DIAGNOSTIC
wide_dchi2,10|6,178.162,delta chi2 (raw) [sl_index|gc_index],DIAGNOSTIC
wide_dchi2,10|7,177.732,delta chi2 (raw) [sl_index|gc_index],DIAGNOSTIC
wide_dchi2,10|8,194.980,delta chi2 (raw) [sl_index|gc_index],DIAGNOSTIC
wide_dchi2,10|9,232.093,delta chi2 (raw) [sl_index|gc_index],DIAGNOSTIC
wide_dchi2,10|10,291.981,delta chi2 (raw) [sl_index|gc_index],DIAGNOSTIC
wide_dchi2,10|11,378.034,delta chi2 (raw) [sl_index|gc_index],DIAGNOSTIC
wide_dchi2,10|12,493.169,delta chi2 (raw) [sl_index|gc_index],DIAGNOSTIC
wide_dchi2,10|13,641.550,delta chi2 (raw) [sl_index|gc_index],DIAGNOSTIC
wide_dchi2,10|14,826.896,delta chi2 (raw) [sl_index|gc_index],DIAGNOSTIC
wide_dchi2,10|15,1053.600,delta chi2 (raw) [sl_index|gc_index],DIAGNOSTIC
wide_dchi2,10|16,1326.194,delta chi2 (raw) [sl_index|gc_index],DIAGNOSTIC
wide_dchi2,10|17,1650.166,delta chi2 (raw) [sl_index|gc_index],DIAGNOSTIC
wide_dchi2,10|18,2031.236,delta chi2 (raw) [sl_index|gc_index],DIAGNOSTIC
wide_dchi2,10|19,2486.529,delta chi2 (raw) [sl_index|gc_index],DIAGNOSTIC
wide_dchi2,10|20,3192.308,delta chi2 (raw) [sl_index|gc_index],DIAGNOSTIC
wide_dchi2,11|0,549.819,delta chi2 (raw) [sl_index|gc_index],DIAGNOSTIC
wide_dchi2,11|1,478.272,delta chi2 (raw) [sl_index|gc_index],DIAGNOSTIC
wide_dchi2,11|2,412.252,delta chi2 (raw) [sl_index|gc_index],DIAGNOSTIC
wide_dchi2,11|3,353.480,delta chi2 (raw) [sl_index|gc_index],DIAGNOSTIC
wide_dchi2,11|4,303.317,delta chi2 (raw) [sl_index|gc_index],DIAGNOSTIC
wide_dchi2,11|5,263.981,delta chi2 (raw) [sl_index|gc_index],DIAGNOSTIC
wide_dchi2,11|6,237.397,delta chi2 (raw) [sl_index|gc_index],DIAGNOSTIC
wide_dchi2,11|7,226.353,delta chi2 (raw) [sl_index|gc_index],DIAGNOSTIC
wide_dchi2,11|8,233.025,delta chi2 (raw) [sl_index|gc_index],DIAGNOSTIC
wide_dchi2,11|9,260.400,delta chi2 (raw) [sl_index|gc_index],DIAGNOSTIC
wide_dchi2,11|10,311.197,delta chi2 (raw) [sl_index|gc_index],DIAGNOSTIC
wide_dchi2,11|11,388.837,delta chi2 (raw) [sl_index|gc_index],DIAGNOSTIC
wide_dchi2,11|12,497.040,delta chi2 (raw) [sl_index|gc_index],DIAGNOSTIC
wide_dchi2,11|13,639.623,delta chi2 (raw) [sl_index|gc_index],DIAGNOSTIC
wide_dchi2,11|14,820.676,delta chi2 (raw) [sl_index|gc_index],DIAGNOSTIC
wide_dchi2,11|15,1044.836,delta chi2 (raw) [sl_index|gc_index],DIAGNOSTIC
wide_dchi2,11|16,1317.162,delta chi2 (raw) [sl_index|gc_index],DIAGNOSTIC
wide_dchi2,11|17,1643.293,delta chi2 (raw) [sl_index|gc_index],DIAGNOSTIC
wide_dchi2,11|18,2035.956,delta chi2 (raw) [sl_index|gc_index],DIAGNOSTIC
wide_dchi2,11|19,2665.384,delta chi2 (raw) [sl_index|gc_index],DIAGNOSTIC
wide_dchi2,11|20,3594.787,delta chi2 (raw) [sl_index|gc_index],DIAGNOSTIC
wide_dchi2,12|0,699.934,delta chi2 (raw) [sl_index|gc_index],DIAGNOSTIC
wide_dchi2,12|1,615.366,delta chi2 (raw) [sl_index|gc_index],DIAGNOSTIC
wide_dchi2,12|2,536.086,delta chi2 (raw) [sl_index|gc_index],DIAGNOSTIC
wide_dchi2,12|3,463.602,delta chi2 (raw) [sl_index|gc_index],DIAGNOSTIC
wide_dchi2,12|4,399.922,delta chi2 (raw) [sl_index|gc_index],DIAGNOSTIC
wide_dchi2,12|5,347.283,delta chi2 (raw) [sl_index|gc_index],DIAGNOSTIC
wide_dchi2,12|6,308.250,delta chi2 (raw) [sl_index|gc_index],DIAGNOSTIC
wide_dchi2,12|7,284.621,delta chi2 (raw) [sl_index|gc_index],DIAGNOSTIC
wide_dchi2,12|8,279.362,delta chi2 (raw) [sl_index|gc_index],DIAGNOSTIC
wide_dchi2,12|9,295.507,delta chi2 (raw) [sl_index|gc_index],DIAGNOSTIC
wide_dchi2,12|10,336.065,delta chi2 (raw) [sl_index|gc_index],DIAGNOSTIC
wide_dchi2,12|11,404.681,delta chi2 (raw) [sl_index|gc_index],DIAGNOSTIC
wide_dchi2,12|12,505.086,delta chi2 (raw) [sl_index|gc_index],DIAGNOSTIC
wide_dchi2,12|13,641.176,delta chi2 (raw) [sl_index|gc_index],DIAGNOSTIC
wide_dchi2,12|14,817.782,delta chi2 (raw) [sl_index|gc_index],DIAGNOSTIC
wide_dchi2,12|15,1039.650,delta chi2 (raw) [sl_index|gc_index],DIAGNOSTIC
wide_dchi2,12|16,1312.260,delta chi2 (raw) [sl_index|gc_index],DIAGNOSTIC
wide_dchi2,12|17,1648.097,delta chi2 (raw) [sl_index|gc_index],DIAGNOSTIC
wide_dchi2,12|18,2218.326,delta chi2 (raw) [sl_index|gc_index],DIAGNOSTIC
wide_dchi2,12|19,3088.217,delta chi2 (raw) [sl_index|gc_index],DIAGNOSTIC
wide_dchi2,12|20,4246.375,delta chi2 (raw) [sl_index|gc_index],DIAGNOSTIC
wide_dchi2,13|0,873.015,delta chi2 (raw) [sl_index|gc_index],DIAGNOSTIC
wide_dchi2,13|1,772.922,delta chi2 (raw) [sl_index|gc_index],DIAGNOSTIC
wide_dchi2,13|2,678.037,delta chi2 (raw) [sl_index|gc_index],DIAGNOSTIC
wide_dchi2,13|3,590.029,delta chi2 (raw) [sl_index|gc_index],DIAGNOSTIC
wide_dchi2,13|4,511.002,delta chi2 (raw) [sl_index|gc_index],DIAGNOSTIC
wide_dchi2,13|5,443.579,delta chi2 (raw) [sl_index|gc_index],DIAGNOSTIC
wide_dchi2,13|6,389.490,delta chi2 (raw) [sl_index|gc_index],DIAGNOSTIC
wide_dchi2,13|7,351.702,delta chi2 (raw) [sl_index|gc_index],DIAGNOSTIC
wide_dchi2,13|8,333.113,delta chi2 (raw) [sl_index|gc_index],DIAGNOSTIC
wide_dchi2,13|9,336.539,delta chi2 (raw) [sl_index|gc_index],DIAGNOSTIC
wide_dchi2,13|10,365.711,delta chi2 (raw) [sl_index|gc_index],DIAGNOSTIC
wide_dchi2,13|11,424.272,delta chi2 (raw) [sl_index|gc_index],DIAGNOSTIC
wide_dchi2,13|12,515.915,delta chi2 (raw) [sl_index|gc_index],DIAGNOSTIC
wide_dchi2,13|13,645.405,delta chi2 (raw) [sl_index|gc_index],DIAGNOSTIC
wide_dchi2,13|14,817.518,delta chi2 (raw) [sl_index|gc_index],DIAGNOSTIC
wide_dchi2,13|15,1037.457,delta chi2 (raw) [sl_index|gc_index],DIAGNOSTIC
wide_dchi2,13|16,1321.587,delta chi2 (raw) [sl_index|gc_index],DIAGNOSTIC
wide_dchi2,13|17,1849.351,delta chi2 (raw) [sl_index|gc_index],DIAGNOSTIC
wide_dchi2,13|18,2675.685,delta chi2 (raw) [sl_index|gc_index],DIAGNOSTIC
wide_dchi2,13|19,3789.384,delta chi2 (raw) [sl_index|gc_index],DIAGNOSTIC
wide_dchi2,13|20,5179.544,delta chi2 (raw) [sl_index|gc_index],DIAGNOSTIC
wide_dchi2,14|0,1067.565,delta chi2 (raw) [sl_index|gc_index],DIAGNOSTIC
wide_dchi2,14|1,949.724,delta chi2 (raw) [sl_index|gc_index],DIAGNOSTIC
wide_dchi2,14|2,836.941,delta chi2 (raw) [sl_index|gc_index],DIAGNOSTIC
wide_dchi2,14|3,731.027,delta chi2 (raw) [sl_index|gc_index],DIAGNOSTIC
wide_dchi2,14|4,634.824,delta chi2 (raw) [sl_index|gc_index],DIAGNOSTIC
wide_dchi2,14|5,549.978,delta chi2 (raw) [sl_index|gc_index],DIAGNOSTIC
wide_dchi2,14|6,479.326,delta chi2 (raw) [sl_index|gc_index],DIAGNOSTIC
wide_dchi2,14|7,425.686,delta chi2 (raw) [sl_index|gc_index],DIAGNOSTIC
wide_dchi2,14|8,391.858,delta chi2 (raw) [sl_index|gc_index],DIAGNOSTIC
wide_dchi2,14|9,381.467,delta chi2 (raw) [sl_index|gc_index],DIAGNOSTIC
wide_dchi2,14|10,398.050,delta chi2 (raw) [sl_index|gc_index],DIAGNOSTIC
wide_dchi2,14|11,445.357,delta chi2 (raw) [sl_index|gc_index],DIAGNOSTIC
wide_dchi2,14|12,527.941,delta chi2 (raw) [sl_index|gc_index],DIAGNOSTIC
wide_dchi2,14|13,650.491,delta chi2 (raw) [sl_index|gc_index],DIAGNOSTIC
wide_dchi2,14|14,818.314,delta chi2 (raw) [sl_index|gc_index],DIAGNOSTIC
wide_dchi2,14|15,1058.123,delta chi2 (raw) [sl_index|gc_index],DIAGNOSTIC
wide_dchi2,14|16,1559.593,delta chi2 (raw) [sl_index|gc_index],DIAGNOSTIC
wide_dchi2,14|17,2357.814,delta chi2 (raw) [sl_index|gc_index],DIAGNOSTIC
wide_dchi2,14|18,3441.794,delta chi2 (raw) [sl_index|gc_index],DIAGNOSTIC
wide_dchi2,14|19,4800.830,delta chi2 (raw) [sl_index|gc_index],DIAGNOSTIC
wide_dchi2,14|20,6424.503,delta chi2 (raw) [sl_index|gc_index],DIAGNOSTIC
wide_dchi2,15|0,1281.784,delta chi2 (raw) [sl_index|gc_index],DIAGNOSTIC
wide_dchi2,15|1,1143.412,delta chi2 (raw) [sl_index|gc_index],DIAGNOSTIC
wide_dchi2,15|2,1010.018,delta chi2 (raw) [sl_index|gc_index],DIAGNOSTIC
wide_dchi2,15|3,884.425,delta chi2 (raw) [sl_index|gc_index],DIAGNOSTIC
wide_dchi2,15|4,768.145,delta chi2 (raw) [sl_index|gc_index],DIAGNOSTIC
wide_dchi2,15|5,664.042,delta chi2 (raw) [sl_index|gc_index],DIAGNOSTIC
wide_dchi2,15|6,574.872,delta chi2 (raw) [sl_index|gc_index],DIAGNOSTIC
wide_dchi2,15|7,503.431,delta chi2 (raw) [sl_index|gc_index],DIAGNOSTIC
wide_dchi2,15|8,453.008,delta chi2 (raw) [sl_index|gc_index],DIAGNOSTIC
wide_dchi2,15|9,427.197,delta chi2 (raw) [sl_index|gc_index],DIAGNOSTIC
wide_dchi2,15|10,429.927,delta chi2 (raw) [sl_index|gc_index],DIAGNOSTIC
wide_dchi2,15|11,465.289,delta chi2 (raw) [sl_index|gc_index],DIAGNOSTIC
wide_dchi2,15|12,538.309,delta chi2 (raw) [sl_index|gc_index],DIAGNOSTIC
wide_dchi2,15|13,654.026,delta chi2 (raw) [sl_index|gc_index],DIAGNOSTIC
wide_dchi2,15|14,862.136,delta chi2 (raw) [sl_index|gc_index],DIAGNOSTIC
wide_dchi2,15|15,1352.790,delta chi2 (raw) [sl_index|gc_index],DIAGNOSTIC
wide_dchi2,15|16,2137.709,delta chi2 (raw) [sl_index|gc_index],DIAGNOSTIC
wide_dchi2,15|17,3206.135,delta chi2 (raw) [sl_index|gc_index],DIAGNOSTIC
wide_dchi2,15|18,4547.581,delta chi2 (raw) [sl_index|gc_index],DIAGNOSTIC
wide_dchi2,15|19,6151.832,delta chi2 (raw) [sl_index|gc_index],DIAGNOSTIC
wide_dchi2,15|20,8008.941,delta chi2 (raw) [sl_index|gc_index],DIAGNOSTIC
wide_dchi2,16|0,1512.073,delta chi2 (raw) [sl_index|gc_index],DIAGNOSTIC
wide_dchi2,16|1,1350.401,delta chi2 (raw) [sl_index|gc_index],DIAGNOSTIC
wide_dchi2,16|2,1194.634,delta chi2 (raw) [sl_index|gc_index],DIAGNOSTIC
wide_dchi2,16|3,1046.093,delta chi2 (raw) [sl_index|gc_index],DIAGNOSTIC
wide_dchi2,16|4,907.931,delta chi2 (raw) [sl_index|gc_index],DIAGNOSTIC
wide_dchi2,16|5,782.221,delta chi2 (raw) [sl_index|gc_index],DIAGNOSTIC
wide_dchi2,16|6,672.100,delta chi2 (raw) [sl_index|gc_index],DIAGNOSTIC
wide_dchi2,16|7,580.975,delta chi2 (raw) [sl_index|gc_index],DIAGNOSTIC
wide_dchi2,16|8,512.228,delta chi2 (raw) [sl_index|gc_index],DIAGNOSTIC
wide_dchi2,16|9,469.646,delta chi2 (raw) [sl_index|gc_index],DIAGNOSTIC
wide_dchi2,16|10,457.461,delta chi2 (raw) [sl_index|gc_index],DIAGNOSTIC
wide_dchi2,16|11,480.447,delta chi2 (raw) [sl_index|gc_index],DIAGNOSTIC
wide_dchi2,16|12,543.637,delta chi2 (raw) [sl_index|gc_index],DIAGNOSTIC
wide_dchi2,16|13,740.430,delta chi2 (raw) [sl_index|gc_index],DIAGNOSTIC
wide_dchi2,16|14,1234.957,delta chi2 (raw) [sl_index|gc_index],DIAGNOSTIC
wide_dchi2,16|15,2020.659,delta chi2 (raw) [sl_index|gc_index],DIAGNOSTIC
wide_dchi2,16|16,3087.022,delta chi2 (raw) [sl_index|gc_index],DIAGNOSTIC
wide_dchi2,16|17,4423.793,delta chi2 (raw) [sl_index|gc_index],DIAGNOSTIC
wide_dchi2,16|18,6020.974,delta chi2 (raw) [sl_index|gc_index],DIAGNOSTIC
wide_dchi2,16|19,7868.823,delta chi2 (raw) [sl_index|gc_index],DIAGNOSTIC
wide_dchi2,16|20,9957.853,delta chi2 (raw) [sl_index|gc_index],DIAGNOSTIC
wide_dchi2,17|0,1754.423,delta chi2 (raw) [sl_index|gc_index],DIAGNOSTIC
wide_dchi2,17|1,1567.075,delta chi2 (raw) [sl_index|gc_index],DIAGNOSTIC
wide_dchi2,17|2,1385.466,delta chi2 (raw) [sl_index|gc_index],DIAGNOSTIC
wide_dchi2,17|3,1211.636,delta chi2 (raw) [sl_index|gc_index],DIAGNOSTIC
wide_dchi2,17|4,1048.643,delta chi2 (raw) [sl_index|gc_index],DIAGNOSTIC
wide_dchi2,17|5,898.891,delta chi2 (raw) [sl_index|gc_index],DIAGNOSTIC
wide_dchi2,17|6,766.064,delta chi2 (raw) [sl_index|gc_index],DIAGNOSTIC
wide_dchi2,17|7,653.289,delta chi2 (raw) [sl_index|gc_index],DIAGNOSTIC
wide_dchi2,17|8,564.414,delta chi2 (raw) [sl_index|gc_index],DIAGNOSTIC
wide_dchi2,17|9,503.789,delta chi2 (raw) [sl_index|gc_index],DIAGNOSTIC
wide_dchi2,17|10,475.868,delta chi2 (raw) [sl_index|gc_index],DIAGNOSTIC
wide_dchi2,17|11,487.630,delta chi2 (raw) [sl_index|gc_index],DIAGNOSTIC
wide_dchi2,17|12,701.821,delta chi2 (raw) [sl_index|gc_index],DIAGNOSTIC
wide_dchi2,17|13,1214.049,delta chi2 (raw) [sl_index|gc_index],DIAGNOSTIC
wide_dchi2,17|14,2013.814,delta chi2 (raw) [sl_index|gc_index],DIAGNOSTIC
wide_dchi2,17|15,3090.861,delta chi2 (raw) [sl_index|gc_index],DIAGNOSTIC
wide_dchi2,17|16,4435.179,delta chi2 (raw) [sl_index|gc_index],DIAGNOSTIC
wide_dchi2,17|17,6036.999,delta chi2 (raw) [sl_index|gc_index],DIAGNOSTIC
wide_dchi2,17|18,7886.798,delta chi2 (raw) [sl_index|gc_index],DIAGNOSTIC
wide_dchi2,17|19,9975.293,delta chi2 (raw) [sl_index|gc_index],DIAGNOSTIC
wide_dchi2,17|20,12293.441,delta chi2 (raw) [sl_index|gc_index],DIAGNOSTIC
wide_dchi2,18|0,2003.512,delta chi2 (raw) [sl_index|gc_index],DIAGNOSTIC
wide_dchi2,18|1,1787.108,delta chi2 (raw) [sl_index|gc_index],DIAGNOSTIC
wide_dchi2,18|2,1576.534,delta chi2 (raw) [sl_index|gc_index],DIAGNOSTIC
wide_dchi2,18|3,1374.556,delta chi2 (raw) [sl_index|gc_index],DIAGNOSTIC
wide_dchi2,18|4,1184.068,delta chi2 (raw) [sl_index|gc_index],DIAGNOSTIC
wide_dchi2,18|5,1008.104,delta chi2 (raw) [sl_index|gc_index],DIAGNOSTIC
wide_dchi2,18|6,850.049,delta chi2 (raw) [sl_index|gc_index],DIAGNOSTIC
wide_dchi2,18|7,713.614,delta chi2 (raw) [sl_index|gc_index],DIAGNOSTIC
wide_dchi2,18|8,603.217,delta chi2 (raw) [sl_index|gc_index],DIAGNOSTIC
wide_dchi2,18|9,523.174,delta chi2 (raw) [sl_index|gc_index],DIAGNOSTIC
wide_dchi2,18|10,507.576,delta chi2 (raw) [sl_index|gc_index],DIAGNOSTIC
wide_dchi2,18|11,756.785,delta chi2 (raw) [sl_index|gc_index],DIAGNOSTIC
wide_dchi2,18|12,1299.626,delta chi2 (raw) [sl_index|gc_index],DIAGNOSTIC
wide_dchi2,18|13,2125.880,delta chi2 (raw) [sl_index|gc_index],DIAGNOSTIC
wide_dchi2,18|14,3225.555,delta chi2 (raw) [sl_index|gc_index],DIAGNOSTIC
wide_dchi2,18|15,4588.892,delta chi2 (raw) [sl_index|gc_index],DIAGNOSTIC
wide_dchi2,18|16,6206.362,delta chi2 (raw) [sl_index|gc_index],DIAGNOSTIC
wide_dchi2,18|17,8068.667,delta chi2 (raw) [sl_index|gc_index],DIAGNOSTIC
wide_dchi2,18|18,10166.739,delta chi2 (raw) [sl_index|gc_index],DIAGNOSTIC
wide_dchi2,18|19,12491.740,delta chi2 (raw) [sl_index|gc_index],DIAGNOSTIC
wide_dchi2,18|20,15035.058,delta chi2 (raw) [sl_index|gc_index],DIAGNOSTIC
wide_dchi2,19|0,2251.615,delta chi2 (raw) [sl_index|gc_index],DIAGNOSTIC
wide_dchi2,19|1,2002.862,delta chi2 (raw) [sl_index|gc_index],DIAGNOSTIC
wide_dchi2,19|2,1760.381,delta chi2 (raw) [sl_index|gc_index],DIAGNOSTIC
wide_dchi2,19|3,1527.264,delta chi2 (raw) [sl_index|gc_index],DIAGNOSTIC
wide_dchi2,19|4,1306.571,delta chi2 (raw) [sl_index|gc_index],DIAGNOSTIC
wide_dchi2,19|5,1101.609,delta chi2 (raw) [sl_index|gc_index],DIAGNOSTIC
wide_dchi2,19|6,916.036,delta chi2 (raw) [sl_index|gc_index],DIAGNOSTIC
wide_dchi2,19|7,754.090,delta chi2 (raw) [sl_index|gc_index],DIAGNOSTIC
wide_dchi2,19|8,620.296,delta chi2 (raw) [sl_index|gc_index],DIAGNOSTIC
wide_dchi2,19|9,620.484,delta chi2 (raw) [sl_index|gc_index],DIAGNOSTIC
wide_dchi2,19|10,917.111,delta chi2 (raw) [sl_index|gc_index],DIAGNOSTIC
wide_dchi2,19|11,1502.532,delta chi2 (raw) [sl_index|gc_index],DIAGNOSTIC
wide_dchi2,19|12,2366.808,delta chi2 (raw) [sl_index|gc_index],DIAGNOSTIC
wide_dchi2,19|13,3500.218,delta chi2 (raw) [sl_index|gc_index],DIAGNOSTIC
wide_dchi2,19|14,4893.259,delta chi2 (raw) [sl_index|gc_index],DIAGNOSTIC
wide_dchi2,19|15,6536.648,delta chi2 (raw) [sl_index|gc_index],DIAGNOSTIC
wide_dchi2,19|16,8421.322,delta chi2 (raw) [sl_index|gc_index],DIAGNOSTIC
wide_dchi2,19|17,10538.434,delta chi2 (raw) [sl_index|gc_index],DIAGNOSTIC
wide_dchi2,19|18,12879.358,delta chi2 (raw) [sl_index|gc_index],DIAGNOSTIC
wide_dchi2,19|19,15435.682,delta chi2 (raw) [sl_index|gc_index],DIAGNOSTIC
wide_dchi2,19|20,18199.212,delta chi2 (raw) [sl_index|gc_index],DIAGNOSTIC
wide_dchi2,20|0,2490.277,delta chi2 (raw) [sl_index|gc_index],DIAGNOSTIC
wide_dchi2,20|1,2205.393,delta chi2 (raw) [sl_index|gc_index],DIAGNOSTIC
wide_dchi2,20|2,1927.833,delta chi2 (raw) [sl_index|gc_index],DIAGNOSTIC
wide_dchi2,20|3,1660.258,delta chi2 (raw) [sl_index|gc_index],DIAGNOSTIC
wide_dchi2,20|4,1406.208,delta chi2 (raw) [sl_index|gc_index],DIAGNOSTIC
wide_dchi2,20|5,1169.496,delta chi2 (raw) [sl_index|gc_index],DIAGNOSTIC
wide_dchi2,20|6,954.021,delta chi2 (raw) [sl_index|gc_index],DIAGNOSTIC
wide_dchi2,20|7,778.155,delta chi2 (raw) [sl_index|gc_index],DIAGNOSTIC
wide_dchi2,20|8,840.156,delta chi2 (raw) [sl_index|gc_index],DIAGNOSTIC
wide_dchi2,20|9,1195.585,delta chi2 (raw) [sl_index|gc_index],DIAGNOSTIC
wide_dchi2,20|10,1834.586,delta chi2 (raw) [sl_index|gc_index],DIAGNOSTIC
wide_dchi2,20|11,2747.505,delta chi2 (raw) [sl_index|gc_index],DIAGNOSTIC
wide_dchi2,20|12,3924.895,delta chi2 (raw) [sl_index|gc_index],DIAGNOSTIC
wide_dchi2,20|13,5357.515,delta chi2 (raw) [sl_index|gc_index],DIAGNOSTIC
wide_dchi2,20|14,7036.329,delta chi2 (raw) [sl_index|gc_index],DIAGNOSTIC
wide_dchi2,20|15,8952.513,delta chi2 (raw) [sl_index|gc_index],DIAGNOSTIC
wide_dchi2,20|16,11097.449,delta chi2 (raw) [sl_index|gc_index],DIAGNOSTIC
wide_dchi2,20|17,13462.727,delta chi2 (raw) [sl_index|gc_index],DIAGNOSTIC
wide_dchi2,20|18,16040.142,delta chi2 (raw) [sl_index|gc_index],DIAGNOSTIC
wide_dchi2,20|19,18821.698,delta chi2 (raw) [sl_index|gc_index],DIAGNOSTIC
wide_dchi2,20|20,21799.599,delta chi2 (raw) [sl_index|gc_index],DIAGNOSTIC
wide_transit,0|0,1.5948,"MHz, profiled transit at this cell (<0.02 = pinned at the 0 bound, where the ellipse equivalence fails)",DIAGNOSTIC
wide_transit,0|1,1.5493,"MHz, profiled transit at this cell (<0.02 = pinned at the 0 bound, where the ellipse equivalence fails)",DIAGNOSTIC
wide_transit,0|2,1.5036,"MHz, profiled transit at this cell (<0.02 = pinned at the 0 bound, where the ellipse equivalence fails)",DIAGNOSTIC
wide_transit,0|3,1.4574,"MHz, profiled transit at this cell (<0.02 = pinned at the 0 bound, where the ellipse equivalence fails)",DIAGNOSTIC
wide_transit,0|4,1.4108,"MHz, profiled transit at this cell (<0.02 = pinned at the 0 bound, where the ellipse equivalence fails)",DIAGNOSTIC
wide_transit,0|5,1.3638,"MHz, profiled transit at this cell (<0.02 = pinned at the 0 bound, where the ellipse equivalence fails)",DIAGNOSTIC
wide_transit,0|6,1.3163,"MHz, profiled transit at this cell (<0.02 = pinned at the 0 bound, where the ellipse equivalence fails)",DIAGNOSTIC
wide_transit,0|7,1.2683,"MHz, profiled transit at this cell (<0.02 = pinned at the 0 bound, where the ellipse equivalence fails)",DIAGNOSTIC
wide_transit,0|8,1.2196,"MHz, profiled transit at this cell (<0.02 = pinned at the 0 bound, where the ellipse equivalence fails)",DIAGNOSTIC
wide_transit,0|9,1.1703,"MHz, profiled transit at this cell (<0.02 = pinned at the 0 bound, where the ellipse equivalence fails)",DIAGNOSTIC
wide_transit,0|10,1.1202,"MHz, profiled transit at this cell (<0.02 = pinned at the 0 bound, where the ellipse equivalence fails)",DIAGNOSTIC
wide_transit,0|11,1.0692,"MHz, profiled transit at this cell (<0.02 = pinned at the 0 bound, where the ellipse equivalence fails)",DIAGNOSTIC
wide_transit,0|12,1.0172,"MHz, profiled transit at this cell (<0.02 = pinned at the 0 bound, where the ellipse equivalence fails)",DIAGNOSTIC
wide_transit,0|13,0.9641,"MHz, profiled transit at this cell (<0.02 = pinned at the 0 bound, where the ellipse equivalence fails)",DIAGNOSTIC
wide_transit,0|14,0.9097,"MHz, profiled transit at this cell (<0.02 = pinned at the 0 bound, where the ellipse equivalence fails)",DIAGNOSTIC
wide_transit,0|15,0.8537,"MHz, profiled transit at this cell (<0.02 = pinned at the 0 bound, where the ellipse equivalence fails)",DIAGNOSTIC
wide_transit,0|16,0.7959,"MHz, profiled transit at this cell (<0.02 = pinned at the 0 bound, where the ellipse equivalence fails)",DIAGNOSTIC
wide_transit,0|17,0.7358,"MHz, profiled transit at this cell (<0.02 = pinned at the 0 bound, where the ellipse equivalence fails)",DIAGNOSTIC
wide_transit,0|18,0.6729,"MHz, profiled transit at this cell (<0.02 = pinned at the 0 bound, where the ellipse equivalence fails)",DIAGNOSTIC
wide_transit,0|19,0.6063,"MHz, profiled transit at this cell (<0.02 = pinned at the 0 bound, where the ellipse equivalence fails)",DIAGNOSTIC
wide_transit,0|20,0.5347,"MHz, profiled transit at this cell (<0.02 = pinned at the 0 bound, where the ellipse equivalence fails)",DIAGNOSTIC
wide_transit,1|0,1.5889,"MHz, profiled transit at this cell (<0.02 = pinned at the 0 bound, where the ellipse equivalence fails)",DIAGNOSTIC
wide_transit,1|1,1.5434,"MHz, profiled transit at this cell (<0.02 = pinned at the 0 bound, where the ellipse equivalence fails)",DIAGNOSTIC
wide_transit,1|2,1.4976,"MHz, profiled transit at this cell (<0.02 = pinned at the 0 bound, where the ellipse equivalence fails)",DIAGNOSTIC
wide_transit,1|3,1.4513,"MHz, profiled transit at this cell (<0.02 = pinned at the 0 bound, where the ellipse equivalence fails)",DIAGNOSTIC
wide_transit,1|4,1.4047,"MHz, profiled transit at this cell (<0.02 = pinned at the 0 bound, where the ellipse equivalence fails)",DIAGNOSTIC
wide_transit,1|5,1.3576,"MHz, profiled transit at this cell (<0.02 = pinned at the 0 bound, where the ellipse equivalence fails)",DIAGNOSTIC
wide_transit,1|6,1.3099,"MHz, profiled transit at this cell (<0.02 = pinned at the 0 bound, where the ellipse equivalence fails)",DIAGNOSTIC
wide_transit,1|7,1.2618,"MHz, profiled transit at this cell (<0.02 = pinned at the 0 bound, where the ellipse equivalence fails)",DIAGNOSTIC
wide_transit,1|8,1.2130,"MHz, profiled transit at this cell (<0.02 = pinned at the 0 bound, where the ellipse equivalence fails)",DIAGNOSTIC
wide_transit,1|9,1.1635,"MHz, profiled transit at this cell (<0.02 = pinned at the 0 bound, where the ellipse equivalence fails)",DIAGNOSTIC
wide_transit,1|10,1.1132,"MHz, profiled transit at this cell (<0.02 = pinned at the 0 bound, where the ellipse equivalence fails)",DIAGNOSTIC
wide_transit,1|11,1.0620,"MHz, profiled transit at this cell (<0.02 = pinned at the 0 bound, where the ellipse equivalence fails)",DIAGNOSTIC
wide_transit,1|12,1.0098,"MHz, profiled transit at this cell (<0.02 = pinned at the 0 bound, where the ellipse equivalence fails)",DIAGNOSTIC
wide_transit,1|13,0.9564,"MHz, profiled transit at this cell (<0.02 = pinned at the 0 bound, where the ellipse equivalence fails)",DIAGNOSTIC
wide_transit,1|14,0.9017,"MHz, profiled transit at this cell (<0.02 = pinned at the 0 bound, where the ellipse equivalence fails)",DIAGNOSTIC
wide_transit,1|15,0.8454,"MHz, profiled transit at this cell (<0.02 = pinned at the 0 bound, where the ellipse equivalence fails)",DIAGNOSTIC
wide_transit,1|16,0.7872,"MHz, profiled transit at this cell (<0.02 = pinned at the 0 bound, where the ellipse equivalence fails)",DIAGNOSTIC
wide_transit,1|17,0.7266,"MHz, profiled transit at this cell (<0.02 = pinned at the 0 bound, where the ellipse equivalence fails)",DIAGNOSTIC
wide_transit,1|18,0.6630,"MHz, profiled transit at this cell (<0.02 = pinned at the 0 bound, where the ellipse equivalence fails)",DIAGNOSTIC
wide_transit,1|19,0.5956,"MHz, profiled transit at this cell (<0.02 = pinned at the 0 bound, where the ellipse equivalence fails)",DIAGNOSTIC
wide_transit,1|20,0.5228,"MHz, profiled transit at this cell (<0.02 = pinned at the 0 bound, where the ellipse equivalence fails)",DIAGNOSTIC
wide_transit,2|0,1.5802,"MHz, profiled transit at this cell (<0.02 = pinned at the 0 bound, where the ellipse equivalence fails)",DIAGNOSTIC
wide_transit,2|1,1.5346,"MHz, profiled transit at this cell (<0.02 = pinned at the 0 bound, where the ellipse equivalence fails)",DIAGNOSTIC
wide_transit,2|2,1.4886,"MHz, profiled transit at this cell (<0.02 = pinned at the 0 bound, where the ellipse equivalence fails)",DIAGNOSTIC
wide_transit,2|3,1.4423,"MHz, profiled transit at this cell (<0.02 = pinned at the 0 bound, where the ellipse equivalence fails)",DIAGNOSTIC
wide_transit,2|4,1.3955,"MHz, profiled transit at this cell (<0.02 = pinned at the 0 bound, where the ellipse equivalence fails)",DIAGNOSTIC
wide_transit,2|5,1.3482,"MHz, profiled transit at this cell (<0.02 = pinned at the 0 bound, where the ellipse equivalence fails)",DIAGNOSTIC
wide_transit,2|6,1.3004,"MHz, profiled transit at this cell (<0.02 = pinned at the 0 bound, where the ellipse equivalence fails)",DIAGNOSTIC
wide_transit,2|7,1.2520,"MHz, profiled transit at this cell (<0.02 = pinned at the 0 bound, where the ellipse equivalence fails)",DIAGNOSTIC
wide_transit,2|8,1.2030,"MHz, profiled transit at this cell (<0.02 = pinned at the 0 bound, where the ellipse equivalence fails)",DIAGNOSTIC
wide_transit,2|9,1.1532,"MHz, profiled transit at this cell (<0.02 = pinned at the 0 bound, where the ellipse equivalence fails)",DIAGNOSTIC
wide_transit,2|10,1.1027,"MHz, profiled transit at this cell (<0.02 = pinned at the 0 bound, where the ellipse equivalence fails)",DIAGNOSTIC
wide_transit,2|11,1.0512,"MHz, profiled transit at this cell (<0.02 = pinned at the 0 bound, where the ellipse equivalence fails)",DIAGNOSTIC
wide_transit,2|12,0.9987,"MHz, profiled transit at this cell (<0.02 = pinned at the 0 bound, where the ellipse equivalence fails)",DIAGNOSTIC
wide_transit,2|13,0.9449,"MHz, profiled transit at this cell (<0.02 = pinned at the 0 bound, where the ellipse equivalence fails)",DIAGNOSTIC
wide_transit,2|14,0.8897,"MHz, profiled transit at this cell (<0.02 = pinned at the 0 bound, where the ellipse equivalence fails)",DIAGNOSTIC
wide_transit,2|15,0.8329,"MHz, profiled transit at this cell (<0.02 = pinned at the 0 bound, where the ellipse equivalence fails)",DIAGNOSTIC
wide_transit,2|16,0.7740,"MHz, profiled transit at this cell (<0.02 = pinned at the 0 bound, where the ellipse equivalence fails)",DIAGNOSTIC
wide_transit,2|17,0.7126,"MHz, profiled transit at this cell (<0.02 = pinned at the 0 bound, where the ellipse equivalence fails)",DIAGNOSTIC
wide_transit,2|18,0.6480,"MHz, profiled transit at this cell (<0.02 = pinned at the 0 bound, where the ellipse equivalence fails)",DIAGNOSTIC
wide_transit,2|19,0.5793,"MHz, profiled transit at this cell (<0.02 = pinned at the 0 bound, where the ellipse equivalence fails)",DIAGNOSTIC
wide_transit,2|20,0.5048,"MHz, profiled transit at this cell (<0.02 = pinned at the 0 bound, where the ellipse equivalence fails)",DIAGNOSTIC
wide_transit,3|0,1.5687,"MHz, profiled transit at this cell (<0.02 = pinned at the 0 bound, where the ellipse equivalence fails)",DIAGNOSTIC
wide_transit,3|1,1.5229,"MHz, profiled transit at this cell (<0.02 = pinned at the 0 bound, where the ellipse equivalence fails)",DIAGNOSTIC
wide_transit,3|2,1.4767,"MHz, profiled transit at this cell (<0.02 = pinned at the 0 bound, where the ellipse equivalence fails)",DIAGNOSTIC
wide_transit,3|3,1.4302,"MHz, profiled transit at this cell (<0.02 = pinned at the 0 bound, where the ellipse equivalence fails)",DIAGNOSTIC
wide_transit,3|4,1.3832,"MHz, profiled transit at this cell (<0.02 = pinned at the 0 bound, where the ellipse equivalence fails)",DIAGNOSTIC
wide_transit,3|5,1.3357,"MHz, profiled transit at this cell (<0.02 = pinned at the 0 bound, where the ellipse equivalence fails)",DIAGNOSTIC
wide_transit,3|6,1.2876,"MHz, profiled transit at this cell (<0.02 = pinned at the 0 bound, where the ellipse equivalence fails)",DIAGNOSTIC
wide_transit,3|7,1.2390,"MHz, profiled transit at this cell (<0.02 = pinned at the 0 bound, where the ellipse equivalence fails)",DIAGNOSTIC
wide_transit,3|8,1.1897,"MHz, profiled transit at this cell (<0.02 = pinned at the 0 bound, where the ellipse equivalence fails)",DIAGNOSTIC
wide_transit,3|9,1.1396,"MHz, profiled transit at this cell (<0.02 = pinned at the 0 bound, where the ellipse equivalence fails)",DIAGNOSTIC
wide_transit,3|10,1.0887,"MHz, profiled transit at this cell (<0.02 = pinned at the 0 bound, where the ellipse equivalence fails)",DIAGNOSTIC
wide_transit,3|11,1.0368,"MHz, profiled transit at this cell (<0.02 = pinned at the 0 bound, where the ellipse equivalence fails)",DIAGNOSTIC
wide_transit,3|12,0.9837,"MHz, profiled transit at this cell (<0.02 = pinned at the 0 bound, where the ellipse equivalence fails)",DIAGNOSTIC
wide_transit,3|13,0.9294,"MHz, profiled transit at this cell (<0.02 = pinned at the 0 bound, where the ellipse equivalence fails)",DIAGNOSTIC
wide_transit,3|14,0.8736,"MHz, profiled transit at this cell (<0.02 = pinned at the 0 bound, where the ellipse equivalence fails)",DIAGNOSTIC
wide_transit,3|15,0.8160,"MHz, profiled transit at this cell (<0.02 = pinned at the 0 bound, where the ellipse equivalence fails)",DIAGNOSTIC
wide_transit,3|16,0.7562,"MHz, profiled transit at this cell (<0.02 = pinned at the 0 bound, where the ellipse equivalence fails)",DIAGNOSTIC
wide_transit,3|17,0.6937,"MHz, profiled transit at this cell (<0.02 = pinned at the 0 bound, where the ellipse equivalence fails)",DIAGNOSTIC
wide_transit,3|18,0.6278,"MHz, profiled transit at this cell (<0.02 = pinned at the 0 bound, where the ellipse equivalence fails)",DIAGNOSTIC
wide_transit,3|19,0.5570,"MHz, profiled transit at this cell (<0.02 = pinned at the 0 bound, where the ellipse equivalence fails)",DIAGNOSTIC
wide_transit,3|20,0.4800,"MHz, profiled transit at this cell (<0.02 = pinned at the 0 bound, where the ellipse equivalence fails)",DIAGNOSTIC
wide_transit,4|0,1.5543,"MHz, profiled transit at this cell (<0.02 = pinned at the 0 bound, where the ellipse equivalence fails)",DIAGNOSTIC
wide_transit,4|1,1.5083,"MHz, profiled transit at this cell (<0.02 = pinned at the 0 bound, where the ellipse equivalence fails)",DIAGNOSTIC
wide_transit,4|2,1.4619,"MHz, profiled transit at this cell (<0.02 = pinned at the 0 bound, where the ellipse equivalence fails)",DIAGNOSTIC
wide_transit,4|3,1.4151,"MHz, profiled transit at this cell (<0.02 = pinned at the 0 bound, where the ellipse equivalence fails)",DIAGNOSTIC
wide_transit,4|4,1.3678,"MHz, profiled transit at this cell (<0.02 = pinned at the 0 bound, where the ellipse equivalence fails)",DIAGNOSTIC
wide_transit,4|5,1.3200,"MHz, profiled transit at this cell (<0.02 = pinned at the 0 bound, where the ellipse equivalence fails)",DIAGNOSTIC
wide_transit,4|6,1.2717,"MHz, profiled transit at this cell (<0.02 = pinned at the 0 bound, where the ellipse equivalence fails)",DIAGNOSTIC
wide_transit,4|7,1.2227,"MHz, profiled transit at this cell (<0.02 = pinned at the 0 bound, where the ellipse equivalence fails)",DIAGNOSTIC
wide_transit,4|8,1.1730,"MHz, profiled transit at this cell (<0.02 = pinned at the 0 bound, where the ellipse equivalence fails)",DIAGNOSTIC
wide_transit,4|9,1.1225,"MHz, profiled transit at this cell (<0.02 = pinned at the 0 bound, where the ellipse equivalence fails)",DIAGNOSTIC
wide_transit,4|10,1.0711,"MHz, profiled transit at this cell (<0.02 = pinned at the 0 bound, where the ellipse equivalence fails)",DIAGNOSTIC
wide_transit,4|11,1.0186,"MHz, profiled transit at this cell (<0.02 = pinned at the 0 bound, where the ellipse equivalence fails)",DIAGNOSTIC
wide_transit,4|12,0.9650,"MHz, profiled transit at this cell (<0.02 = pinned at the 0 bound, where the ellipse equivalence fails)",DIAGNOSTIC
wide_transit,4|13,0.9100,"MHz, profiled transit at this cell (<0.02 = pinned at the 0 bound, where the ellipse equivalence fails)",DIAGNOSTIC
wide_transit,4|14,0.8533,"MHz, profiled transit at this cell (<0.02 = pinned at the 0 bound, where the ellipse equivalence fails)",DIAGNOSTIC
wide_transit,4|15,0.7947,"MHz, profiled transit at this cell (<0.02 = pinned at the 0 bound, where the ellipse equivalence fails)",DIAGNOSTIC
wide_transit,4|16,0.7337,"MHz, profiled transit at this cell (<0.02 = pinned at the 0 bound, where the ellipse equivalence fails)",DIAGNOSTIC
wide_transit,4|17,0.6699,"MHz, profiled transit at this cell (<0.02 = pinned at the 0 bound, where the ellipse equivalence fails)",DIAGNOSTIC
wide_transit,4|18,0.6010,"MHz, profiled transit at this cell (<0.02 = pinned at the 0 bound, where the ellipse equivalence fails)",DIAGNOSTIC
wide_transit,4|19,0.5277,"MHz, profiled transit at this cell (<0.02 = pinned at the 0 bound, where the ellipse equivalence fails)",DIAGNOSTIC
wide_transit,4|20,0.4469,"MHz, profiled transit at this cell (<0.02 = pinned at the 0 bound, where the ellipse equivalence fails)",DIAGNOSTIC
wide_transit,5|0,1.5368,"MHz, profiled transit at this cell (<0.02 = pinned at the 0 bound, where the ellipse equivalence fails)",DIAGNOSTIC
wide_transit,5|1,1.4906,"MHz, profiled transit at this cell (<0.02 = pinned at the 0 bound, where the ellipse equivalence fails)",DIAGNOSTIC
wide_transit,5|2,1.4440,"MHz, profiled transit at this cell (<0.02 = pinned at the 0 bound, where the ellipse equivalence fails)",DIAGNOSTIC
wide_transit,5|3,1.3969,"MHz, profiled transit at this cell (<0.02 = pinned at the 0 bound, where the ellipse equivalence fails)",DIAGNOSTIC
wide_transit,5|4,1.3493,"MHz, profiled transit at this cell (<0.02 = pinned at the 0 bound, where the ellipse equivalence fails)",DIAGNOSTIC
wide_transit,5|5,1.3011,"MHz, profiled transit at this cell (<0.02 = pinned at the 0 bound, where the ellipse equivalence fails)",DIAGNOSTIC
wide_transit,5|6,1.2523,"MHz, profiled transit at this cell (<0.02 = pinned at the 0 bound, where the ellipse equivalence fails)",DIAGNOSTIC
wide_transit,5|7,1.2029,"MHz, profiled transit at this cell (<0.02 = pinned at the 0 bound, where the ellipse equivalence fails)",DIAGNOSTIC
wide_transit,5|8,1.1527,"MHz, profiled transit at this cell (<0.02 = pinned at the 0 bound, where the ellipse equivalence fails)",DIAGNOSTIC
wide_transit,5|9,1.1017,"MHz, profiled transit at this cell (<0.02 = pinned at the 0 bound, where the ellipse equivalence fails)",DIAGNOSTIC
wide_transit,5|10,1.0496,"MHz, profiled transit at this cell (<0.02 = pinned at the 0 bound, where the ellipse equivalence fails)",DIAGNOSTIC
wide_transit,5|11,0.9965,"MHz, profiled transit at this cell (<0.02 = pinned at the 0 bound, where the ellipse equivalence fails)",DIAGNOSTIC
wide_transit,5|12,0.9421,"MHz, profiled transit at this cell (<0.02 = pinned at the 0 bound, where the ellipse equivalence fails)",DIAGNOSTIC
wide_transit,5|13,0.8861,"MHz, profiled transit at this cell (<0.02 = pinned at the 0 bound, where the ellipse equivalence fails)",DIAGNOSTIC
wide_transit,5|14,0.8284,"MHz, profiled transit at this cell (<0.02 = pinned at the 0 bound, where the ellipse equivalence fails)",DIAGNOSTIC
wide_transit,5|15,0.7684,"MHz, profiled transit at this cell (<0.02 = pinned at the 0 bound, where the ellipse equivalence fails)",DIAGNOSTIC
wide_transit,5|16,0.7067,"MHz, profiled transit at this cell (<0.02 = pinned at the 0 bound, where the ellipse equivalence fails)",DIAGNOSTIC
wide_transit,5|17,0.6406,"MHz, profiled transit at this cell (<0.02 = pinned at the 0 bound, where the ellipse equivalence fails)",DIAGNOSTIC
wide_transit,5|18,0.5682,"MHz, profiled transit at this cell (<0.02 = pinned at the 0 bound, where the ellipse equivalence fails)",DIAGNOSTIC
wide_transit,5|19,0.4923,"MHz, profiled transit at this cell (<0.02 = pinned at the 0 bound, where the ellipse equivalence fails)",DIAGNOSTIC
wide_transit,5|20,0.4054,"MHz, profiled transit at this cell (<0.02 = pinned at the 0 bound, where the ellipse equivalence fails)",DIAGNOSTIC
wide_transit,6|0,1.5165,"MHz, profiled transit at this cell (<0.02 = pinned at the 0 bound, where the ellipse equivalence fails)",DIAGNOSTIC
wide_transit,6|1,1.4700,"MHz, profiled transit at this cell (<0.02 = pinned at the 0 bound, where the ellipse equivalence fails)",DIAGNOSTIC
wide_transit,6|2,1.4230,"MHz, profiled transit at this cell (<0.02 = pinned at the 0 bound, where the ellipse equivalence fails)",DIAGNOSTIC
wide_transit,6|3,1.3755,"MHz, profiled transit at this cell (<0.02 = pinned at the 0 bound, where the ellipse equivalence fails)",DIAGNOSTIC
wide_transit,6|4,1.3275,"MHz, profiled transit at this cell (<0.02 = pinned at the 0 bound, where the ellipse equivalence fails)",DIAGNOSTIC
wide_transit,6|5,1.2789,"MHz, profiled transit at this cell (<0.02 = pinned at the 0 bound, where the ellipse equivalence fails)",DIAGNOSTIC
wide_transit,6|6,1.2297,"MHz, profiled transit at this cell (<0.02 = pinned at the 0 bound, where the ellipse equivalence fails)",DIAGNOSTIC
wide_transit,6|7,1.1797,"MHz, profiled transit at this cell (<0.02 = pinned at the 0 bound, where the ellipse equivalence fails)",DIAGNOSTIC
wide_transit,6|8,1.1289,"MHz, profiled transit at this cell (<0.02 = pinned at the 0 bound, where the ellipse equivalence fails)",DIAGNOSTIC
wide_transit,6|9,1.0772,"MHz, profiled transit at this cell (<0.02 = pinned at the 0 bound, where the ellipse equivalence fails)",DIAGNOSTIC
wide_transit,6|10,1.0244,"MHz, profiled transit at this cell (<0.02 = pinned at the 0 bound, where the ellipse equivalence fails)",DIAGNOSTIC
wide_transit,6|11,0.9707,"MHz, profiled transit at this cell (<0.02 = pinned at the 0 bound, where the ellipse equivalence fails)",DIAGNOSTIC
wide_transit,6|12,0.9157,"MHz, profiled transit at this cell (<0.02 = pinned at the 0 bound, where the ellipse equivalence fails)",DIAGNOSTIC
wide_transit,6|13,0.8586,"MHz, profiled transit at this cell (<0.02 = pinned at the 0 bound, where the ellipse equivalence fails)",DIAGNOSTIC
wide_transit,6|14,0.7979,"MHz, profiled transit at this cell (<0.02 = pinned at the 0 bound, where the ellipse equivalence fails)",DIAGNOSTIC
wide_transit,6|15,0.7371,"MHz, profiled transit at this cell (<0.02 = pinned at the 0 bound, where the ellipse equivalence fails)",DIAGNOSTIC
wide_transit,6|16,0.6724,"MHz, profiled transit at this cell (<0.02 = pinned at the 0 bound, where the ellipse equivalence fails)",DIAGNOSTIC
wide_transit,6|17,0.6037,"MHz, profiled transit at this cell (<0.02 = pinned at the 0 bound, where the ellipse equivalence fails)",DIAGNOSTIC
wide_transit,6|18,0.5293,"MHz, profiled transit at this cell (<0.02 = pinned at the 0 bound, where the ellipse equivalence fails)",DIAGNOSTIC
wide_transit,6|19,0.4469,"MHz, profiled transit at this cell (<0.02 = pinned at the 0 bound, where the ellipse equivalence fails)",DIAGNOSTIC
wide_transit,6|20,0.3502,"MHz, profiled transit at this cell (<0.02 = pinned at the 0 bound, where the ellipse equivalence fails)",DIAGNOSTIC
wide_transit,7|0,1.4932,"MHz, profiled transit at this cell (<0.02 = pinned at the 0 bound, where the ellipse equivalence fails)",DIAGNOSTIC
wide_transit,7|1,1.4463,"MHz, profiled transit at this cell (<0.02 = pinned at the 0 bound, where the ellipse equivalence fails)",DIAGNOSTIC
wide_transit,7|2,1.3989,"MHz, profiled transit at this cell (<0.02 = pinned at the 0 bound, where the ellipse equivalence fails)",DIAGNOSTIC
wide_transit,7|3,1.3510,"MHz, profiled transit at this cell (<0.02 = pinned at the 0 bound, where the ellipse equivalence fails)",DIAGNOSTIC
wide_transit,7|4,1.3025,"MHz, profiled transit at this cell (<0.02 = pinned at the 0 bound, where the ellipse equivalence fails)",DIAGNOSTIC
wide_transit,7|5,1.2534,"MHz, profiled transit at this cell (<0.02 = pinned at the 0 bound, where the ellipse equivalence fails)",DIAGNOSTIC
wide_transit,7|6,1.2035,"MHz, profiled transit at this cell (<0.02 = pinned at the 0 bound, where the ellipse equivalence fails)",DIAGNOSTIC
wide_transit,7|7,1.1529,"MHz, profiled transit at this cell (<0.02 = pinned at the 0 bound, where the ellipse equivalence fails)",DIAGNOSTIC
wide_transit,7|8,1.1015,"MHz, profiled transit at this cell (<0.02 = pinned at the 0 bound, where the ellipse equivalence fails)",DIAGNOSTIC
wide_transit,7|9,1.0490,"MHz, profiled transit at this cell (<0.02 = pinned at the 0 bound, where the ellipse equivalence fails)",DIAGNOSTIC
wide_transit,7|10,0.9953,"MHz, profiled transit at this cell (<0.02 = pinned at the 0 bound, where the ellipse equivalence fails)",DIAGNOSTIC
wide_transit,7|11,0.9401,"MHz, profiled transit at this cell (<0.02 = pinned at the 0 bound, where the ellipse equivalence fails)",DIAGNOSTIC
wide_transit,7|12,0.8830,"MHz, profiled transit at this cell (<0.02 = pinned at the 0 bound, where the ellipse equivalence fails)",DIAGNOSTIC
wide_transit,7|13,0.8252,"MHz, profiled transit at this cell (<0.02 = pinned at the 0 bound, where the ellipse equivalence fails)",DIAGNOSTIC
wide_transit,7|14,0.7639,"MHz, profiled transit at this cell (<0.02 = pinned at the 0 bound, where the ellipse equivalence fails)",DIAGNOSTIC
wide_transit,7|15,0.6999,"MHz, profiled transit at this cell (<0.02 = pinned at the 0 bound, where the ellipse equivalence fails)",DIAGNOSTIC
wide_transit,7|16,0.6326,"MHz, profiled transit at this cell (<0.02 = pinned at the 0 bound, where the ellipse equivalence fails)",DIAGNOSTIC
wide_transit,7|17,0.5594,"MHz, profiled transit at this cell (<0.02 = pinned at the 0 bound, where the ellipse equivalence fails)",DIAGNOSTIC
wide_transit,7|18,0.4814,"MHz, profiled transit at this cell (<0.02 = pinned at the 0 bound, where the ellipse equivalence fails)",DIAGNOSTIC
wide_transit,7|19,0.3894,"MHz, profiled transit at this cell (<0.02 = pinned at the 0 bound, where the ellipse equivalence fails)",DIAGNOSTIC
wide_transit,7|20,0.2753,"MHz, profiled transit at this cell (<0.02 = pinned at the 0 bound, where the ellipse equivalence fails)",DIAGNOSTIC
wide_transit,8|0,1.4668,"MHz, profiled transit at this cell (<0.02 = pinned at the 0 bound, where the ellipse equivalence fails)",DIAGNOSTIC
wide_transit,8|1,1.4194,"MHz, profiled transit at this cell (<0.02 = pinned at the 0 bound, where the ellipse equivalence fails)",DIAGNOSTIC
wide_transit,8|2,1.3716,"MHz, profiled transit at this cell (<0.02 = pinned at the 0 bound, where the ellipse equivalence fails)",DIAGNOSTIC
wide_transit,8|3,1.3231,"MHz, profiled transit at this cell (<0.02 = pinned at the 0 bound, where the ellipse equivalence fails)",DIAGNOSTIC
wide_transit,8|4,1.2740,"MHz, profiled transit at this cell (<0.02 = pinned at the 0 bound, where the ellipse equivalence fails)",DIAGNOSTIC
wide_transit,8|5,1.2244,"MHz, profiled transit at this cell (<0.02 = pinned at the 0 bound, where the ellipse equivalence fails)",DIAGNOSTIC
wide_transit,8|6,1.1738,"MHz, profiled transit at this cell (<0.02 = pinned at the 0 bound, where the ellipse equivalence fails)",DIAGNOSTIC
wide_transit,8|7,1.1225,"MHz, profiled transit at this cell (<0.02 = pinned at the 0 bound, where the ellipse equivalence fails)",DIAGNOSTIC
wide_transit,8|8,1.0696,"MHz, profiled transit at this cell (<0.02 = pinned at the 0 bound, where the ellipse equivalence fails)",DIAGNOSTIC
wide_transit,8|9,1.0161,"MHz, profiled transit at this cell (<0.02 = pinned at the 0 bound, where the ellipse equivalence fails)",DIAGNOSTIC
wide_transit,8|10,0.9620,"MHz, profiled transit at this cell (<0.02 = pinned at the 0 bound, where the ellipse equivalence fails)",DIAGNOSTIC
wide_transit,8|11,0.9046,"MHz, profiled transit at this cell (<0.02 = pinned at the 0 bound, where the ellipse equivalence fails)",DIAGNOSTIC
wide_transit,8|12,0.8468,"MHz, profiled transit at this cell (<0.02 = pinned at the 0 bound, where the ellipse equivalence fails)",DIAGNOSTIC
wide_transit,8|13,0.7860,"MHz, profiled transit at this cell (<0.02 = pinned at the 0 bound, where the ellipse equivalence fails)",DIAGNOSTIC
wide_transit,8|14,0.7224,"MHz, profiled transit at this cell (<0.02 = pinned at the 0 bound, where the ellipse equivalence fails)",DIAGNOSTIC
wide_transit,8|15,0.6562,"MHz, profiled transit at this cell (<0.02 = pinned at the 0 bound, where the ellipse equivalence fails)",DIAGNOSTIC
wide_transit,8|16,0.5856,"MHz, profiled transit at this cell (<0.02 = pinned at the 0 bound, where the ellipse equivalence fails)",DIAGNOSTIC
wide_transit,8|17,0.5079,"MHz, profiled transit at this cell (<0.02 = pinned at the 0 bound, where the ellipse equivalence fails)",DIAGNOSTIC
wide_transit,8|18,0.4204,"MHz, profiled transit at this cell (<0.02 = pinned at the 0 bound, where the ellipse equivalence fails)",DIAGNOSTIC
wide_transit,8|19,0.3147,"MHz, profiled transit at this cell (<0.02 = pinned at the 0 bound, where the ellipse equivalence fails)",DIAGNOSTIC
wide_transit,8|20,0.1575,"MHz, profiled transit at this cell (<0.02 = pinned at the 0 bound, where the ellipse equivalence fails)",DIAGNOSTIC
wide_transit,9|0,1.4373,"MHz, profiled transit at this cell (<0.02 = pinned at the 0 bound, where the ellipse equivalence fails)",DIAGNOSTIC
wide_transit,9|1,1.3894,"MHz, profiled transit at this cell (<0.02 = pinned at the 0 bound, where the ellipse equivalence fails)",DIAGNOSTIC
wide_transit,9|2,1.3409,"MHz, profiled transit at this cell (<0.02 = pinned at the 0 bound, where the ellipse equivalence fails)",DIAGNOSTIC
wide_transit,9|3,1.2916,"MHz, profiled transit at this cell (<0.02 = pinned at the 0 bound, where the ellipse equivalence fails)",DIAGNOSTIC
wide_transit,9|4,1.2421,"MHz, profiled transit at this cell (<0.02 = pinned at the 0 bound, where the ellipse equivalence fails)",DIAGNOSTIC
wide_transit,9|5,1.1915,"MHz, profiled transit at this cell (<0.02 = pinned at the 0 bound, where the ellipse equivalence fails)",DIAGNOSTIC
wide_transit,9|6,1.1405,"MHz, profiled transit at this cell (<0.02 = pinned at the 0 bound, where the ellipse equivalence fails)",DIAGNOSTIC
wide_transit,9|7,1.0880,"MHz, profiled transit at this cell (<0.02 = pinned at the 0 bound, where the ellipse equivalence fails)",DIAGNOSTIC
wide_transit,9|8,1.0336,"MHz, profiled transit at this cell (<0.02 = pinned at the 0 bound, where the ellipse equivalence fails)",DIAGNOSTIC
wide_transit,9|9,0.9791,"MHz, profiled transit at this cell (<0.02 = pinned at the 0 bound, where the ellipse equivalence fails)",DIAGNOSTIC
wide_transit,9|10,0.9235,"MHz, profiled transit at this cell (<0.02 = pinned at the 0 bound, where the ellipse equivalence fails)",DIAGNOSTIC
wide_transit,9|11,0.8654,"MHz, profiled transit at this cell (<0.02 = pinned at the 0 bound, where the ellipse equivalence fails)",DIAGNOSTIC
wide_transit,9|12,0.8050,"MHz, profiled transit at this cell (<0.02 = pinned at the 0 bound, where the ellipse equivalence fails)",DIAGNOSTIC
wide_transit,9|13,0.7416,"MHz, profiled transit at this cell (<0.02 = pinned at the 0 bound, where the ellipse equivalence fails)",DIAGNOSTIC
wide_transit,9|14,0.6756,"MHz, profiled transit at this cell (<0.02 = pinned at the 0 bound, where the ellipse equivalence fails)",DIAGNOSTIC
wide_transit,9|15,0.6052,"MHz, profiled transit at this cell (<0.02 = pinned at the 0 bound, where the ellipse equivalence fails)",DIAGNOSTIC
wide_transit,9|16,0.5284,"MHz, profiled transit at this cell (<0.02 = pinned at the 0 bound, where the ellipse equivalence fails)",DIAGNOSTIC
wide_transit,9|17,0.4420,"MHz, profiled transit at this cell (<0.02 = pinned at the 0 bound, where the ellipse equivalence fails)",DIAGNOSTIC
wide_transit,9|18,0.3401,"MHz, profiled transit at this cell (<0.02 = pinned at the 0 bound, where the ellipse equivalence fails)",DIAGNOSTIC
wide_transit,9|19,0.2016,"MHz, profiled transit at this cell (<0.02 = pinned at the 0 bound, where the ellipse equivalence fails)",DIAGNOSTIC
wide_transit,9|20,0.0000,"MHz, profiled transit at this cell (<0.02 = pinned at the 0 bound, where the ellipse equivalence fails)",DIAGNOSTIC
wide_transit,10|0,1.4044,"MHz, profiled transit at this cell (<0.02 = pinned at the 0 bound, where the ellipse equivalence fails)",DIAGNOSTIC
wide_transit,10|1,1.3558,"MHz, profiled transit at this cell (<0.02 = pinned at the 0 bound, where the ellipse equivalence fails)",DIAGNOSTIC
wide_transit,10|2,1.3068,"MHz, profiled transit at this cell (<0.02 = pinned at the 0 bound, where the ellipse equivalence fails)",DIAGNOSTIC
wide_transit,10|3,1.2570,"MHz, profiled transit at this cell (<0.02 = pinned at the 0 bound, where the ellipse equivalence fails)",DIAGNOSTIC
wide_transit,10|4,1.2068,"MHz, profiled transit at this cell (<0.02 = pinned at the 0 bound, where the ellipse equivalence fails)",DIAGNOSTIC
wide_transit,10|5,1.1547,"MHz, profiled transit at this cell (<0.02 = pinned at the 0 bound, where the ellipse equivalence fails)",DIAGNOSTIC
wide_transit,10|6,1.1025,"MHz, profiled transit at this cell (<0.02 = pinned at the 0 bound, where the ellipse equivalence fails)",DIAGNOSTIC
wide_transit,10|7,1.0492,"MHz, profiled transit at this cell (<0.02 = pinned at the 0 bound, where the ellipse equivalence fails)",DIAGNOSTIC
wide_transit,10|8,0.9944,"MHz, profiled transit at this cell (<0.02 = pinned at the 0 bound, where the ellipse equivalence fails)",DIAGNOSTIC
wide_transit,10|9,0.9380,"MHz, profiled transit at this cell (<0.02 = pinned at the 0 bound, where the ellipse equivalence fails)",DIAGNOSTIC
wide_transit,10|10,0.8794,"MHz, profiled transit at this cell (<0.02 = pinned at the 0 bound, where the ellipse equivalence fails)",DIAGNOSTIC
wide_transit,10|11,0.8184,"MHz, profiled transit at this cell (<0.02 = pinned at the 0 bound, where the ellipse equivalence fails)",DIAGNOSTIC
wide_transit,10|12,0.7564,"MHz, profiled transit at this cell (<0.02 = pinned at the 0 bound, where the ellipse equivalence fails)",DIAGNOSTIC
wide_transit,10|13,0.6900,"MHz, profiled transit at this cell (<0.02 = pinned at the 0 bound, where the ellipse equivalence fails)",DIAGNOSTIC
wide_transit,10|14,0.6191,"MHz, profiled transit at this cell (<0.02 = pinned at the 0 bound, where the ellipse equivalence fails)",DIAGNOSTIC
wide_transit,10|15,0.5439,"MHz, profiled transit at this cell (<0.02 = pinned at the 0 bound, where the ellipse equivalence fails)",DIAGNOSTIC
wide_transit,10|16,0.4584,"MHz, profiled transit at this cell (<0.02 = pinned at the 0 bound, where the ellipse equivalence fails)",DIAGNOSTIC
wide_transit,10|17,0.3594,"MHz, profiled transit at this cell (<0.02 = pinned at the 0 bound, where the ellipse equivalence fails)",DIAGNOSTIC
wide_transit,10|18,0.2334,"MHz, profiled transit at this cell (<0.02 = pinned at the 0 bound, where the ellipse equivalence fails)",DIAGNOSTIC
wide_transit,10|19,0.0000,"MHz, profiled transit at this cell (<0.02 = pinned at the 0 bound, where the ellipse equivalence fails)",DIAGNOSTIC
wide_transit,10|20,0.0000,"MHz, profiled transit at this cell (<0.02 = pinned at the 0 bound, where the ellipse equivalence fails)",DIAGNOSTIC
wide_transit,11|0,1.3682,"MHz, profiled transit at this cell (<0.02 = pinned at the 0 bound, where the ellipse equivalence fails)",DIAGNOSTIC
wide_transit,11|1,1.3191,"MHz, profiled transit at this cell (<0.02 = pinned at the 0 bound, where the ellipse equivalence fails)",DIAGNOSTIC
wide_transit,11|2,1.2692,"MHz, profiled transit at this cell (<0.02 = pinned at the 0 bound, where the ellipse equivalence fails)",DIAGNOSTIC
wide_transit,11|3,1.2179,"MHz, profiled transit at this cell (<0.02 = pinned at the 0 bound, where the ellipse equivalence fails)",DIAGNOSTIC
wide_transit,11|4,1.1669,"MHz, profiled transit at this cell (<0.02 = pinned at the 0 bound, where the ellipse equivalence fails)",DIAGNOSTIC
wide_transit,11|5,1.1138,"MHz, profiled transit at this cell (<0.02 = pinned at the 0 bound, where the ellipse equivalence fails)",DIAGNOSTIC
wide_transit,11|6,1.0603,"MHz, profiled transit at this cell (<0.02 = pinned at the 0 bound, where the ellipse equivalence fails)",DIAGNOSTIC
wide_transit,11|7,1.0059,"MHz, profiled transit at this cell (<0.02 = pinned at the 0 bound, where the ellipse equivalence fails)",DIAGNOSTIC
wide_transit,11|8,0.9490,"MHz, profiled transit at this cell (<0.02 = pinned at the 0 bound, where the ellipse equivalence fails)",DIAGNOSTIC
wide_transit,11|9,0.8910,"MHz, profiled transit at this cell (<0.02 = pinned at the 0 bound, where the ellipse equivalence fails)",DIAGNOSTIC
wide_transit,11|10,0.8308,"MHz, profiled transit at this cell (<0.02 = pinned at the 0 bound, where the ellipse equivalence fails)",DIAGNOSTIC
wide_transit,11|11,0.7670,"MHz, profiled transit at this cell (<0.02 = pinned at the 0 bound, where the ellipse equivalence fails)",DIAGNOSTIC
wide_transit,11|12,0.7005,"MHz, profiled transit at this cell (<0.02 = pinned at the 0 bound, where the ellipse equivalence fails)",DIAGNOSTIC
wide_transit,11|13,0.6302,"MHz, profiled transit at this cell (<0.02 = pinned at the 0 bound, where the ellipse equivalence fails)",DIAGNOSTIC
wide_transit,11|14,0.5534,"MHz, profiled transit at this cell (<0.02 = pinned at the 0 bound, where the ellipse equivalence fails)",DIAGNOSTIC
wide_transit,11|15,0.4700,"MHz, profiled transit at this cell (<0.02 = pinned at the 0 bound, where the ellipse equivalence fails)",DIAGNOSTIC
wide_transit,11|16,0.3708,"MHz, profiled transit at this cell (<0.02 = pinned at the 0 bound, where the ellipse equivalence fails)",DIAGNOSTIC
wide_transit,11|17,0.2378,"MHz, profiled transit at this cell (<0.02 = pinned at the 0 bound, where the ellipse equivalence fails)",DIAGNOSTIC
wide_transit,11|18,0.0000,"MHz, profiled transit at this cell (<0.02 = pinned at the 0 bound, where the ellipse equivalence fails)",DIAGNOSTIC
wide_transit,11|19,0.0001,"MHz, profiled transit at this cell (<0.02 = pinned at the 0 bound, where the ellipse equivalence fails)",DIAGNOSTIC
wide_transit,11|20,0.0002,"MHz, profiled transit at this cell (<0.02 = pinned at the 0 bound, where the ellipse equivalence fails)",DIAGNOSTIC
wide_transit,12|0,1.3283,"MHz, profiled transit at this cell (<0.02 = pinned at the 0 bound, where the ellipse equivalence fails)",DIAGNOSTIC
wide_transit,12|1,1.2780,"MHz, profiled transit at this cell (<0.02 = pinned at the 0 bound, where the ellipse equivalence fails)",DIAGNOSTIC
wide_transit,12|2,1.2275,"MHz, profiled transit at this cell (<0.02 = pinned at the 0 bound, where the ellipse equivalence fails)",DIAGNOSTIC
wide_transit,12|3,1.1758,"MHz, profiled transit at this cell (<0.02 = pinned at the 0 bound, where the ellipse equivalence fails)",DIAGNOSTIC
wide_transit,12|4,1.1231,"MHz, profiled transit at this cell (<0.02 = pinned at the 0 bound, where the ellipse equivalence fails)",DIAGNOSTIC
wide_transit,12|5,1.0690,"MHz, profiled transit at this cell (<0.02 = pinned at the 0 bound, where the ellipse equivalence fails)",DIAGNOSTIC
wide_transit,12|6,1.0134,"MHz, profiled transit at this cell (<0.02 = pinned at the 0 bound, where the ellipse equivalence fails)",DIAGNOSTIC
wide_transit,12|7,0.9573,"MHz, profiled transit at this cell (<0.02 = pinned at the 0 bound, where the ellipse equivalence fails)",DIAGNOSTIC
wide_transit,12|8,0.8988,"MHz, profiled transit at this cell (<0.02 = pinned at the 0 bound, where the ellipse equivalence fails)",DIAGNOSTIC
wide_transit,12|9,0.8372,"MHz, profiled transit at this cell (<0.02 = pinned at the 0 bound, where the ellipse equivalence fails)",DIAGNOSTIC
wide_transit,12|10,0.7748,"MHz, profiled transit at this cell (<0.02 = pinned at the 0 bound, where the ellipse equivalence fails)",DIAGNOSTIC
wide_transit,12|11,0.7081,"MHz, profiled transit at this cell (<0.02 = pinned at the 0 bound, where the ellipse equivalence fails)",DIAGNOSTIC
wide_transit,12|12,0.6366,"MHz, profiled transit at this cell (<0.02 = pinned at the 0 bound, where the ellipse equivalence fails)",DIAGNOSTIC
wide_transit,12|13,0.5594,"MHz, profiled transit at this cell (<0.02 = pinned at the 0 bound, where the ellipse equivalence fails)",DIAGNOSTIC
wide_transit,12|14,0.4737,"MHz, profiled transit at this cell (<0.02 = pinned at the 0 bound, where the ellipse equivalence fails)",DIAGNOSTIC
wide_transit,12|15,0.3760,"MHz, profiled transit at this cell (<0.02 = pinned at the 0 bound, where the ellipse equivalence fails)",DIAGNOSTIC
wide_transit,12|16,0.2448,"MHz, profiled transit at this cell (<0.02 = pinned at the 0 bound, where the ellipse equivalence fails)",DIAGNOSTIC
wide_transit,12|17,0.0000,"MHz, profiled transit at this cell (<0.02 = pinned at the 0 bound, where the ellipse equivalence fails)",DIAGNOSTIC
wide_transit,12|18,0.0001,"MHz, profiled transit at this cell (<0.02 = pinned at the 0 bound, where the ellipse equivalence fails)",DIAGNOSTIC
wide_transit,12|19,0.0001,"MHz, profiled transit at this cell (<0.02 = pinned at the 0 bound, where the ellipse equivalence fails)",DIAGNOSTIC
wide_transit,12|20,0.0000,"MHz, profiled transit at this cell (<0.02 = pinned at the 0 bound, where the ellipse equivalence fails)",DIAGNOSTIC
wide_transit,13|0,1.2853,"MHz, profiled transit at this cell (<0.02 = pinned at the 0 bound, where the ellipse equivalence fails)",DIAGNOSTIC
wide_transit,13|1,1.2337,"MHz, profiled transit at this cell (<0.02 = pinned at the 0 bound, where the ellipse equivalence fails)",DIAGNOSTIC
wide_transit,13|2,1.1814,"MHz, profiled transit at this cell (<0.02 = pinned at the 0 bound, where the ellipse equivalence fails)",DIAGNOSTIC
wide_transit,13|3,1.1281,"MHz, profiled transit at this cell (<0.02 = pinned at the 0 bound, where the ellipse equivalence fails)",DIAGNOSTIC
wide_transit,13|4,1.0742,"MHz, profiled transit at this cell (<0.02 = pinned at the 0 bound, where the ellipse equivalence fails)",DIAGNOSTIC
wide_transit,13|5,1.0189,"MHz, profiled transit at this cell (<0.02 = pinned at the 0 bound, where the ellipse equivalence fails)",DIAGNOSTIC
wide_transit,13|6,0.9616,"MHz, profiled transit at this cell (<0.02 = pinned at the 0 bound, where the ellipse equivalence fails)",DIAGNOSTIC
wide_transit,13|7,0.9021,"MHz, profiled transit at this cell (<0.02 = pinned at the 0 bound, where the ellipse equivalence fails)",DIAGNOSTIC
wide_transit,13|8,0.8410,"MHz, profiled transit at this cell (<0.02 = pinned at the 0 bound, where the ellipse equivalence fails)",DIAGNOSTIC
wide_transit,13|9,0.7775,"MHz, profiled transit at this cell (<0.02 = pinned at the 0 bound, where the ellipse equivalence fails)",DIAGNOSTIC
wide_transit,13|10,0.7099,"MHz, profiled transit at this cell (<0.02 = pinned at the 0 bound, where the ellipse equivalence fails)",DIAGNOSTIC
wide_transit,13|11,0.6380,"MHz, profiled transit at this cell (<0.02 = pinned at the 0 bound, where the ellipse equivalence fails)",DIAGNOSTIC
wide_transit,13|12,0.5595,"MHz, profiled transit at this cell (<0.02 = pinned at the 0 bound, where the ellipse equivalence fails)",DIAGNOSTIC
wide_transit,13|13,0.4733,"MHz, profiled transit at this cell (<0.02 = pinned at the 0 bound, where the ellipse equivalence fails)",DIAGNOSTIC
wide_transit,13|14,0.3730,"MHz, profiled transit at this cell (<0.02 = pinned at the 0 bound, where the ellipse equivalence fails)",DIAGNOSTIC
wide_transit,13|15,0.2379,"MHz, profiled transit at this cell (<0.02 = pinned at the 0 bound, where the ellipse equivalence fails)",DIAGNOSTIC
wide_transit,13|16,0.0000,"MHz, profiled transit at this cell (<0.02 = pinned at the 0 bound, where the ellipse equivalence fails)",DIAGNOSTIC
wide_transit,13|17,0.0000,"MHz, profiled transit at this cell (<0.02 = pinned at the 0 bound, where the ellipse equivalence fails)",DIAGNOSTIC
wide_transit,13|18,0.0000,"MHz, profiled transit at this cell (<0.02 = pinned at the 0 bound, where the ellipse equivalence fails)",DIAGNOSTIC
wide_transit,13|19,0.0000,"MHz, profiled transit at this cell (<0.02 = pinned at the 0 bound, where the ellipse equivalence fails)",DIAGNOSTIC
wide_transit,13|20,0.0002,"MHz, profiled transit at this cell (<0.02 = pinned at the 0 bound, where the ellipse equivalence fails)",DIAGNOSTIC
wide_transit,14|0,1.2379,"MHz, profiled transit at this cell (<0.02 = pinned at the 0 bound, where the ellipse equivalence fails)",DIAGNOSTIC
wide_transit,14|1,1.1849,"MHz, profiled transit at this cell (<0.02 = pinned at the 0 bound, where the ellipse equivalence fails)",DIAGNOSTIC
wide_transit,14|2,1.1312,"MHz, profiled transit at this cell (<0.02 = pinned at the 0 bound, where the ellipse equivalence fails)",DIAGNOSTIC
wide_transit,14|3,1.0763,"MHz, profiled transit at this cell (<0.02 = pinned at the 0 bound, where the ellipse equivalence fails)",DIAGNOSTIC
wide_transit,14|4,1.0203,"MHz, profiled transit at this cell (<0.02 = pinned at the 0 bound, where the ellipse equivalence fails)",DIAGNOSTIC
wide_transit,14|5,0.9623,"MHz, profiled transit at this cell (<0.02 = pinned at the 0 bound, where the ellipse equivalence fails)",DIAGNOSTIC
wide_transit,14|6,0.9032,"MHz, profiled transit at this cell (<0.02 = pinned at the 0 bound, where the ellipse equivalence fails)",DIAGNOSTIC
wide_transit,14|7,0.8410,"MHz, profiled transit at this cell (<0.02 = pinned at the 0 bound, where the ellipse equivalence fails)",DIAGNOSTIC
wide_transit,14|8,0.7771,"MHz, profiled transit at this cell (<0.02 = pinned at the 0 bound, where the ellipse equivalence fails)",DIAGNOSTIC
wide_transit,14|9,0.7087,"MHz, profiled transit at this cell (<0.02 = pinned at the 0 bound, where the ellipse equivalence fails)",DIAGNOSTIC
wide_transit,14|10,0.6357,"MHz, profiled transit at this cell (<0.02 = pinned at the 0 bound, where the ellipse equivalence fails)",DIAGNOSTIC
wide_transit,14|11,0.5565,"MHz, profiled transit at this cell (<0.02 = pinned at the 0 bound, where the ellipse equivalence fails)",DIAGNOSTIC
wide_transit,14|12,0.4677,"MHz, profiled transit at this cell (<0.02 = pinned at the 0 bound, where the ellipse equivalence fails)",DIAGNOSTIC
wide_transit,14|13,0.3626,"MHz, profiled transit at this cell (<0.02 = pinned at the 0 bound, where the ellipse equivalence fails)",DIAGNOSTIC
wide_transit,14|14,0.2193,"MHz, profiled transit at this cell (<0.02 = pinned at the 0 bound, where the ellipse equivalence fails)",DIAGNOSTIC
wide_transit,14|15,0.0001,"MHz, profiled transit at this cell (<0.02 = pinned at the 0 bound, where the ellipse equivalence fails)",DIAGNOSTIC
wide_transit,14|16,0.0001,"MHz, profiled transit at this cell (<0.02 = pinned at the 0 bound, where the ellipse equivalence fails)",DIAGNOSTIC
wide_transit,14|17,0.0000,"MHz, profiled transit at this cell (<0.02 = pinned at the 0 bound, where the ellipse equivalence fails)",DIAGNOSTIC
wide_transit,14|18,0.0001,"MHz, profiled transit at this cell (<0.02 = pinned at the 0 bound, where the ellipse equivalence fails)",DIAGNOSTIC
wide_transit,14|19,0.0000,"MHz, profiled transit at this cell (<0.02 = pinned at the 0 bound, where the ellipse equivalence fails)",DIAGNOSTIC
wide_transit,14|20,0.0001,"MHz, profiled transit at this cell (<0.02 = pinned at the 0 bound, where the ellipse equivalence fails)",DIAGNOSTIC
wide_transit,15|0,1.1854,"MHz, profiled transit at this cell (<0.02 = pinned at the 0 bound, where the ellipse equivalence fails)",DIAGNOSTIC
wide_transit,15|1,1.1311,"MHz, profiled transit at this cell (<0.02 = pinned at the 0 bound, where the ellipse equivalence fails)",DIAGNOSTIC
wide_transit,15|2,1.0760,"MHz, profiled transit at this cell (<0.02 = pinned at the 0 bound, where the ellipse equivalence fails)",DIAGNOSTIC
wide_transit,15|3,1.0196,"MHz, profiled transit at this cell (<0.02 = pinned at the 0 bound, where the ellipse equivalence fails)",DIAGNOSTIC
wide_transit,15|4,0.9613,"MHz, profiled transit at this cell (<0.02 = pinned at the 0 bound, where the ellipse equivalence fails)",DIAGNOSTIC
wide_transit,15|5,0.9005,"MHz, profiled transit at this cell (<0.02 = pinned at the 0 bound, where the ellipse equivalence fails)",DIAGNOSTIC
wide_transit,15|6,0.8377,"MHz, profiled transit at this cell (<0.02 = pinned at the 0 bound, where the ellipse equivalence fails)",DIAGNOSTIC
wide_transit,15|7,0.7724,"MHz, profiled transit at this cell (<0.02 = pinned at the 0 bound, where the ellipse equivalence fails)",DIAGNOSTIC
wide_transit,15|8,0.7025,"MHz, profiled transit at this cell (<0.02 = pinned at the 0 bound, where the ellipse equivalence fails)",DIAGNOSTIC
wide_transit,15|9,0.6278,"MHz, profiled transit at this cell (<0.02 = pinned at the 0 bound, where the ellipse equivalence fails)",DIAGNOSTIC
wide_transit,15|10,0.5471,"MHz, profiled transit at this cell (<0.02 = pinned at the 0 bound, where the ellipse equivalence fails)",DIAGNOSTIC
wide_transit,15|11,0.4545,"MHz, profiled transit at this cell (<0.02 = pinned at the 0 bound, where the ellipse equivalence fails)",DIAGNOSTIC
wide_transit,15|12,0.3441,"MHz, profiled transit at this cell (<0.02 = pinned at the 0 bound, where the ellipse equivalence fails)",DIAGNOSTIC
wide_transit,15|13,0.1849,"MHz, profiled transit at this cell (<0.02 = pinned at the 0 bound, where the ellipse equivalence fails)",DIAGNOSTIC
wide_transit,15|14,0.0000,"MHz, profiled transit at this cell (<0.02 = pinned at the 0 bound, where the ellipse equivalence fails)",DIAGNOSTIC
wide_transit,15|15,0.0000,"MHz, profiled transit at this cell (<0.02 = pinned at the 0 bound, where the ellipse equivalence fails)",DIAGNOSTIC
wide_transit,15|16,0.0000,"MHz, profiled transit at this cell (<0.02 = pinned at the 0 bound, where the ellipse equivalence fails)",DIAGNOSTIC
wide_transit,15|17,0.0000,"MHz, profiled transit at this cell (<0.02 = pinned at the 0 bound, where the ellipse equivalence fails)",DIAGNOSTIC
wide_transit,15|18,0.0001,"MHz, profiled transit at this cell (<0.02 = pinned at the 0 bound, where the ellipse equivalence fails)",DIAGNOSTIC
wide_transit,15|19,0.0001,"MHz, profiled transit at this cell (<0.02 = pinned at the 0 bound, where the ellipse equivalence fails)",DIAGNOSTIC
wide_transit,15|20,0.0001,"MHz, profiled transit at this cell (<0.02 = pinned at the 0 bound, where the ellipse equivalence fails)",DIAGNOSTIC
wide_transit,16|0,1.1279,"MHz, profiled transit at this cell (<0.02 = pinned at the 0 bound, where the ellipse equivalence fails)",DIAGNOSTIC
wide_transit,16|1,1.0724,"MHz, profiled transit at this cell (<0.02 = pinned at the 0 bound, where the ellipse equivalence fails)",DIAGNOSTIC
wide_transit,16|2,1.0149,"MHz, profiled transit at this cell (<0.02 = pinned at the 0 bound, where the ellipse equivalence fails)",DIAGNOSTIC
wide_transit,16|3,0.9551,"MHz, profiled transit at this cell (<0.02 = pinned at the 0 bound, where the ellipse equivalence fails)",DIAGNOSTIC
wide_transit,16|4,0.8944,"MHz, profiled transit at this cell (<0.02 = pinned at the 0 bound, where the ellipse equivalence fails)",DIAGNOSTIC
wide_transit,16|5,0.8312,"MHz, profiled transit at this cell (<0.02 = pinned at the 0 bound, where the ellipse equivalence fails)",DIAGNOSTIC
wide_transit,16|6,0.7640,"MHz, profiled transit at this cell (<0.02 = pinned at the 0 bound, where the ellipse equivalence fails)",DIAGNOSTIC
wide_transit,16|7,0.6926,"MHz, profiled transit at this cell (<0.02 = pinned at the 0 bound, where the ellipse equivalence fails)",DIAGNOSTIC
wide_transit,16|8,0.6163,"MHz, profiled transit at this cell (<0.02 = pinned at the 0 bound, where the ellipse equivalence fails)",DIAGNOSTIC
wide_transit,16|9,0.5332,"MHz, profiled transit at this cell (<0.02 = pinned at the 0 bound, where the ellipse equivalence fails)",DIAGNOSTIC
wide_transit,16|10,0.4359,"MHz, profiled transit at this cell (<0.02 = pinned at the 0 bound, where the ellipse equivalence fails)",DIAGNOSTIC
wide_transit,16|11,0.3183,"MHz, profiled transit at this cell (<0.02 = pinned at the 0 bound, where the ellipse equivalence fails)",DIAGNOSTIC
wide_transit,16|12,0.1205,"MHz, profiled transit at this cell (<0.02 = pinned at the 0 bound, where the ellipse equivalence fails)",DIAGNOSTIC
wide_transit,16|13,0.0000,"MHz, profiled transit at this cell (<0.02 = pinned at the 0 bound, where the ellipse equivalence fails)",DIAGNOSTIC
wide_transit,16|14,0.0000,"MHz, profiled transit at this cell (<0.02 = pinned at the 0 bound, where the ellipse equivalence fails)",DIAGNOSTIC
wide_transit,16|15,0.0000,"MHz, profiled transit at this cell (<0.02 = pinned at the 0 bound, where the ellipse equivalence fails)",DIAGNOSTIC
wide_transit,16|16,0.0000,"MHz, profiled transit at this cell (<0.02 = pinned at the 0 bound, where the ellipse equivalence fails)",DIAGNOSTIC
wide_transit,16|17,0.0000,"MHz, profiled transit at this cell (<0.02 = pinned at the 0 bound, where the ellipse equivalence fails)",DIAGNOSTIC
wide_transit,16|18,0.0001,"MHz, profiled transit at this cell (<0.02 = pinned at the 0 bound, where the ellipse equivalence fails)",DIAGNOSTIC
wide_transit,16|19,0.0000,"MHz, profiled transit at this cell (<0.02 = pinned at the 0 bound, where the ellipse equivalence fails)",DIAGNOSTIC
wide_transit,16|20,0.0001,"MHz, profiled transit at this cell (<0.02 = pinned at the 0 bound, where the ellipse equivalence fails)",DIAGNOSTIC
wide_transit,17|0,1.0662,"MHz, profiled transit at this cell (<0.02 = pinned at the 0 bound, where the ellipse equivalence fails)",DIAGNOSTIC
wide_transit,17|1,1.0082,"MHz, profiled transit at this cell (<0.02 = pinned at the 0 bound, where the ellipse equivalence fails)",DIAGNOSTIC
wide_transit,17|2,0.9477,"MHz, profiled transit at this cell (<0.02 = pinned at the 0 bound, where the ellipse equivalence fails)",DIAGNOSTIC
wide_transit,17|3,0.8845,"MHz, profiled transit at this cell (<0.02 = pinned at the 0 bound, where the ellipse equivalence fails)",DIAGNOSTIC
wide_transit,17|4,0.8186,"MHz, profiled transit at this cell (<0.02 = pinned at the 0 bound, where the ellipse equivalence fails)",DIAGNOSTIC
wide_transit,17|5,0.7521,"MHz, profiled transit at this cell (<0.02 = pinned at the 0 bound, where the ellipse equivalence fails)",DIAGNOSTIC
wide_transit,17|6,0.6780,"MHz, profiled transit at this cell (<0.02 = pinned at the 0 bound, where the ellipse equivalence fails)",DIAGNOSTIC
wide_transit,17|7,0.5982,"MHz, profiled transit at this cell (<0.02 = pinned at the 0 bound, where the ellipse equivalence fails)",DIAGNOSTIC
wide_transit,17|8,0.5099,"MHz, profiled transit at this cell (<0.02 = pinned at the 0 bound, where the ellipse equivalence fails)",DIAGNOSTIC
wide_transit,17|9,0.4086,"MHz, profiled transit at this cell (<0.02 = pinned at the 0 bound, where the ellipse equivalence fails)",DIAGNOSTIC
wide_transit,17|10,0.2780,"MHz, profiled transit at this cell (<0.02 = pinned at the 0 bound, where the ellipse equivalence fails)",DIAGNOSTIC
wide_transit,17|11,0.0000,"MHz, profiled transit at this cell (<0.02 = pinned at the 0 bound, where the ellipse equivalence fails)",DIAGNOSTIC
wide_transit,17|12,0.0000,"MHz, profiled transit at this cell (<0.02 = pinned at the 0 bound, where the ellipse equivalence fails)",DIAGNOSTIC
wide_transit,17|13,0.0001,"MHz, profiled transit at this cell (<0.02 = pinned at the 0 bound, where the ellipse equivalence fails)",DIAGNOSTIC
wide_transit,17|14,0.0001,"MHz, profiled transit at this cell (<0.02 = pinned at the 0 bound, where the ellipse equivalence fails)",DIAGNOSTIC
wide_transit,17|15,0.0000,"MHz, profiled transit at this cell (<0.02 = pinned at the 0 bound, where the ellipse equivalence fails)",DIAGNOSTIC
wide_transit,17|16,0.0000,"MHz, profiled transit at this cell (<0.02 = pinned at the 0 bound, where the ellipse equivalence fails)",DIAGNOSTIC
wide_transit,17|17,0.0001,"MHz, profiled transit at this cell (<0.02 = pinned at the 0 bound, where the ellipse equivalence fails)",DIAGNOSTIC
wide_transit,17|18,0.0000,"MHz, profiled transit at this cell (<0.02 = pinned at the 0 bound, where the ellipse equivalence fails)",DIAGNOSTIC
wide_transit,17|19,0.0001,"MHz, profiled transit at this cell (<0.02 = pinned at the 0 bound, where the ellipse equivalence fails)",DIAGNOSTIC
wide_transit,17|20,0.0000,"MHz, profiled transit at this cell (<0.02 = pinned at the 0 bound, where the ellipse equivalence fails)",DIAGNOSTIC
wide_transit,18|0,0.9968,"MHz, profiled transit at this cell (<0.02 = pinned at the 0 bound, where the ellipse equivalence fails)",DIAGNOSTIC
wide_transit,18|1,0.9355,"MHz, profiled transit at this cell (<0.02 = pinned at the 0 bound, where the ellipse equivalence fails)",DIAGNOSTIC
wide_transit,18|2,0.8709,"MHz, profiled transit at this cell (<0.02 = pinned at the 0 bound, where the ellipse equivalence fails)",DIAGNOSTIC
wide_transit,18|3,0.8051,"MHz, profiled transit at this cell (<0.02 = pinned at the 0 bound, where the ellipse equivalence fails)",DIAGNOSTIC
wide_transit,18|4,0.7344,"MHz, profiled transit at this cell (<0.02 = pinned at the 0 bound, where the ellipse equivalence fails)",DIAGNOSTIC
wide_transit,18|5,0.6587,"MHz, profiled transit at this cell (<0.02 = pinned at the 0 bound, where the ellipse equivalence fails)",DIAGNOSTIC
wide_transit,18|6,0.5768,"MHz, profiled transit at this cell (<0.02 = pinned at the 0 bound, where the ellipse equivalence fails)",DIAGNOSTIC
wide_transit,18|7,0.4833,"MHz, profiled transit at this cell (<0.02 = pinned at the 0 bound, where the ellipse equivalence fails)",DIAGNOSTIC
wide_transit,18|8,0.3725,"MHz, profiled transit at this cell (<0.02 = pinned at the 0 bound, where the ellipse equivalence fails)",DIAGNOSTIC
wide_transit,18|9,0.2180,"MHz, profiled transit at this cell (<0.02 = pinned at the 0 bound, where the ellipse equivalence fails)",DIAGNOSTIC
wide_transit,18|10,0.0000,"MHz, profiled transit at this cell (<0.02 = pinned at the 0 bound, where the ellipse equivalence fails)",DIAGNOSTIC
wide_transit,18|11,0.0001,"MHz, profiled transit at this cell (<0.02 = pinned at the 0 bound, where the ellipse equivalence fails)",DIAGNOSTIC
wide_transit,18|12,0.0000,"MHz, profiled transit at this cell (<0.02 = pinned at the 0 bound, where the ellipse equivalence fails)",DIAGNOSTIC
wide_transit,18|13,0.0001,"MHz, profiled transit at this cell (<0.02 = pinned at the 0 bound, where the ellipse equivalence fails)",DIAGNOSTIC
wide_transit,18|14,0.0000,"MHz, profiled transit at this cell (<0.02 = pinned at the 0 bound, where the ellipse equivalence fails)",DIAGNOSTIC
wide_transit,18|15,0.0001,"MHz, profiled transit at this cell (<0.02 = pinned at the 0 bound, where the ellipse equivalence fails)",DIAGNOSTIC
wide_transit,18|16,0.0000,"MHz, profiled transit at this cell (<0.02 = pinned at the 0 bound, where the ellipse equivalence fails)",DIAGNOSTIC
wide_transit,18|17,0.0001,"MHz, profiled transit at this cell (<0.02 = pinned at the 0 bound, where the ellipse equivalence fails)",DIAGNOSTIC
wide_transit,18|18,0.0001,"MHz, profiled transit at this cell (<0.02 = pinned at the 0 bound, where the ellipse equivalence fails)",DIAGNOSTIC
wide_transit,18|19,0.0001,"MHz, profiled transit at this cell (<0.02 = pinned at the 0 bound, where the ellipse equivalence fails)",DIAGNOSTIC
wide_transit,18|20,0.0001,"MHz, profiled transit at this cell (<0.02 = pinned at the 0 bound, where the ellipse equivalence fails)",DIAGNOSTIC
wide_transit,19|0,0.9197,"MHz, profiled transit at this cell (<0.02 = pinned at the 0 bound, where the ellipse equivalence fails)",DIAGNOSTIC
wide_transit,19|1,0.8535,"MHz, profiled transit at this cell (<0.02 = pinned at the 0 bound, where the ellipse equivalence fails)",DIAGNOSTIC
wide_transit,19|2,0.7844,"MHz, profiled transit at this cell (<0.02 = pinned at the 0 bound, where the ellipse equivalence fails)",DIAGNOSTIC
wide_transit,19|3,0.7131,"MHz, profiled transit at this cell (<0.02 = pinned at the 0 bound, where the ellipse equivalence fails)",DIAGNOSTIC
wide_transit,19|4,0.6335,"MHz, profiled transit at this cell (<0.02 = pinned at the 0 bound, where the ellipse equivalence fails)",DIAGNOSTIC
wide_transit,19|5,0.5465,"MHz, profiled transit at this cell (<0.02 = pinned at the 0 bound, where the ellipse equivalence fails)",DIAGNOSTIC
wide_transit,19|6,0.4468,"MHz, profiled transit at this cell (<0.02 = pinned at the 0 bound, where the ellipse equivalence fails)",DIAGNOSTIC
wide_transit,19|7,0.3221,"MHz, profiled transit at this cell (<0.02 = pinned at the 0 bound, where the ellipse equivalence fails)",DIAGNOSTIC
wide_transit,19|8,0.1099,"MHz, profiled transit at this cell (<0.02 = pinned at the 0 bound, where the ellipse equivalence fails)",DIAGNOSTIC
wide_transit,19|9,0.0001,"MHz, profiled transit at this cell (<0.02 = pinned at the 0 bound, where the ellipse equivalence fails)",DIAGNOSTIC
wide_transit,19|10,0.0002,"MHz, profiled transit at this cell (<0.02 = pinned at the 0 bound, where the ellipse equivalence fails)",DIAGNOSTIC
wide_transit,19|11,0.0000,"MHz, profiled transit at this cell (<0.02 = pinned at the 0 bound, where the ellipse equivalence fails)",DIAGNOSTIC
wide_transit,19|12,0.0000,"MHz, profiled transit at this cell (<0.02 = pinned at the 0 bound, where the ellipse equivalence fails)",DIAGNOSTIC
wide_transit,19|13,0.0001,"MHz, profiled transit at this cell (<0.02 = pinned at the 0 bound, where the ellipse equivalence fails)",DIAGNOSTIC
wide_transit,19|14,0.0000,"MHz, profiled transit at this cell (<0.02 = pinned at the 0 bound, where the ellipse equivalence fails)",DIAGNOSTIC
wide_transit,19|15,0.0001,"MHz, profiled transit at this cell (<0.02 = pinned at the 0 bound, where the ellipse equivalence fails)",DIAGNOSTIC
wide_transit,19|16,0.0000,"MHz, profiled transit at this cell (<0.02 = pinned at the 0 bound, where the ellipse equivalence fails)",DIAGNOSTIC
wide_transit,19|17,0.0000,"MHz, profiled transit at this cell (<0.02 = pinned at the 0 bound, where the ellipse equivalence fails)",DIAGNOSTIC
wide_transit,19|18,0.0001,"MHz, profiled transit at this cell (<0.02 = pinned at the 0 bound, where the ellipse equivalence fails)",DIAGNOSTIC
wide_transit,19|19,0.0000,"MHz, profiled transit at this cell (<0.02 = pinned at the 0 bound, where the ellipse equivalence fails)",DIAGNOSTIC
wide_transit,19|20,0.0001,"MHz, profiled transit at this cell (<0.02 = pinned at the 0 bound, where the ellipse equivalence fails)",DIAGNOSTIC
wide_transit,20|0,0.8330,"MHz, profiled transit at this cell (<0.02 = pinned at the 0 bound, where the ellipse equivalence fails)",DIAGNOSTIC
wide_transit,20|1,0.7620,"MHz, profiled transit at this cell (<0.02 = pinned at the 0 bound, where the ellipse equivalence fails)",DIAGNOSTIC
wide_transit,20|2,0.6851,"MHz, profiled transit at this cell (<0.02 = pinned at the 0 bound, where the ellipse equivalence fails)",DIAGNOSTIC
wide_transit,20|3,0.6020,"MHz, profiled transit at this cell (<0.02 = pinned at the 0 bound, where the ellipse equivalence fails)",DIAGNOSTIC
wide_transit,20|4,0.5094,"MHz, profiled transit at this cell (<0.02 = pinned at the 0 bound, where the ellipse equivalence fails)",DIAGNOSTIC
wide_transit,20|5,0.3998,"MHz, profiled transit at this cell (<0.02 = pinned at the 0 bound, where the ellipse equivalence fails)",DIAGNOSTIC
wide_transit,20|6,0.2542,"MHz, profiled transit at this cell (<0.02 = pinned at the 0 bound, where the ellipse equivalence fails)",DIAGNOSTIC
wide_transit,20|7,0.0000,"MHz, profiled transit at this cell (<0.02 = pinned at the 0 bound, where the ellipse equivalence fails)",DIAGNOSTIC
wide_transit,20|8,0.0000,"MHz, profiled transit at this cell (<0.02 = pinned at the 0 bound, where the ellipse equivalence fails)",DIAGNOSTIC
wide_transit,20|9,0.0001,"MHz, profiled transit at this cell (<0.02 = pinned at the 0 bound, where the ellipse equivalence fails)",DIAGNOSTIC
wide_transit,20|10,0.0000,"MHz, profiled transit at this cell (<0.02 = pinned at the 0 bound, where the ellipse equivalence fails)",DIAGNOSTIC
wide_transit,20|11,0.0002,"MHz, profiled transit at this cell (<0.02 = pinned at the 0 bound, where the ellipse equivalence fails)",DIAGNOSTIC
wide_transit,20|12,0.0000,"MHz, profiled transit at this cell (<0.02 = pinned at the 0 bound, where the ellipse equivalence fails)",DIAGNOSTIC
wide_transit,20|13,0.0000,"MHz, profiled transit at this cell (<0.02 = pinned at the 0 bound, where the ellipse equivalence fails)",DIAGNOSTIC
wide_transit,20|14,0.0000,"MHz, profiled transit at this cell (<0.02 = pinned at the 0 bound, where the ellipse equivalence fails)",DIAGNOSTIC
wide_transit,20|15,0.0000,"MHz, profiled transit at this cell (<0.02 = pinned at the 0 bound, where the ellipse equivalence fails)",DIAGNOSTIC
wide_transit,20|16,0.0000,"MHz, profiled transit at this cell (<0.02 = pinned at the 0 bound, where the ellipse equivalence fails)",DIAGNOSTIC
wide_transit,20|17,0.0002,"MHz, profiled transit at this cell (<0.02 = pinned at the 0 bound, where the ellipse equivalence fails)",DIAGNOSTIC
wide_transit,20|18,0.0000,"MHz, profiled transit at this cell (<0.02 = pinned at the 0 bound, where the ellipse equivalence fails)",DIAGNOSTIC
wide_transit,20|19,0.0000,"MHz, profiled transit at this cell (<0.02 = pinned at the 0 bound, where the ellipse equivalence fails)",DIAGNOSTIC
wide_transit,20|20,0.0000,"MHz, profiled transit at this cell (<0.02 = pinned at the 0 bound, where the ellipse equivalence fails)",DIAGNOSTIC
zoom_gc,0,0.01287,MHz gamma_coll axis,DIAGNOSTIC
zoom_gc,1,0.03243,MHz gamma_coll axis,DIAGNOSTIC
zoom_gc,2,0.05200,MHz gamma_coll axis,DIAGNOSTIC
zoom_gc,3,0.07157,MHz gamma_coll axis,DIAGNOSTIC
zoom_gc,4,0.09113,MHz gamma_coll axis,DIAGNOSTIC
zoom_gc,5,0.11070,MHz gamma_coll axis,DIAGNOSTIC
zoom_gc,6,0.13027,MHz gamma_coll axis,DIAGNOSTIC
zoom_gc,7,0.14983,MHz gamma_coll axis,DIAGNOSTIC
zoom_gc,8,0.16940,MHz gamma_coll axis,DIAGNOSTIC
zoom_gc,9,0.18897,MHz gamma_coll axis,DIAGNOSTIC
zoom_gc,10,0.20853,MHz gamma_coll axis,DIAGNOSTIC
zoom_gc,11,0.22810,MHz gamma_coll axis,DIAGNOSTIC
zoom_gc,12,0.24767,MHz gamma_coll axis,DIAGNOSTIC
zoom_gc,13,0.26723,MHz gamma_coll axis,DIAGNOSTIC
zoom_gc,14,0.28680,MHz gamma_coll axis,DIAGNOSTIC
zoom_gc,15,0.30637,MHz gamma_coll axis,DIAGNOSTIC
zoom_gc,16,0.32593,MHz gamma_coll axis,DIAGNOSTIC
zoom_gc,17,0.34550,MHz gamma_coll axis,DIAGNOSTIC
zoom_gc,18,0.36507,MHz gamma_coll axis,DIAGNOSTIC
zoom_gc,19,0.38463,MHz gamma_coll axis,DIAGNOSTIC
zoom_gc,20,0.40420,MHz gamma_coll axis,DIAGNOSTIC
zoom_sl,0,-0.05647,MHz sigma_laser axis,DIAGNOSTIC
zoom_sl,1,-0.01653,MHz sigma_laser axis,DIAGNOSTIC
zoom_sl,2,0.02341,MHz sigma_laser axis,DIAGNOSTIC
zoom_sl,3,0.06335,MHz sigma_laser axis,DIAGNOSTIC
zoom_sl,4,0.10328,MHz sigma_laser axis,DIAGNOSTIC
zoom_sl,5,0.14322,MHz sigma_laser axis,DIAGNOSTIC
zoom_sl,6,0.18316,MHz sigma_laser axis,DIAGNOSTIC
zoom_sl,7,0.22309,MHz sigma_laser axis,DIAGNOSTIC
zoom_sl,8,0.26303,MHz sigma_laser axis,DIAGNOSTIC
zoom_sl,9,0.30297,MHz sigma_laser axis,DIAGNOSTIC
zoom_sl,10,0.34290,MHz sigma_laser axis,DIAGNOSTIC
zoom_sl,11,0.38284,MHz sigma_laser axis,DIAGNOSTIC
zoom_sl,12,0.42278,MHz sigma_laser axis,DIAGNOSTIC
zoom_sl,13,0.46272,MHz sigma_laser axis,DIAGNOSTIC
zoom_sl,14,0.50265,MHz sigma_laser axis,DIAGNOSTIC
zoom_sl,15,0.54259,MHz sigma_laser axis,DIAGNOSTIC
zoom_sl,16,0.58253,MHz sigma_laser axis,DIAGNOSTIC
zoom_sl,17,0.62246,MHz sigma_laser axis,DIAGNOSTIC
zoom_sl,18,0.66240,MHz sigma_laser axis,DIAGNOSTIC
zoom_sl,19,0.70234,MHz sigma_laser axis,DIAGNOSTIC
zoom_sl,20,0.74227,MHz sigma_laser axis,DIAGNOSTIC
zoom_dchi2,0|0,31.836,delta chi2 (raw) [sl_index|gc_index],DIAGNOSTIC
zoom_dchi2,0|1,26.151,delta chi2 (raw) [sl_index|gc_index],DIAGNOSTIC
zoom_dchi2,0|2,21.007,delta chi2 (raw) [sl_index|gc_index],DIAGNOSTIC
zoom_dchi2,0|3,16.427,delta chi2 (raw) [sl_index|gc_index],DIAGNOSTIC
zoom_dchi2,0|4,12.432,delta chi2 (raw) [sl_index|gc_index],DIAGNOSTIC
zoom_dchi2,0|5,9.046,delta chi2 (raw) [sl_index|gc_index],DIAGNOSTIC
zoom_dchi2,0|6,6.293,delta chi2 (raw) [sl_index|gc_index],DIAGNOSTIC
zoom_dchi2,0|7,4.198,delta chi2 (raw) [sl_index|gc_index],DIAGNOSTIC
zoom_dchi2,0|8,2.787,delta chi2 (raw) [sl_index|gc_index],DIAGNOSTIC
zoom_dchi2,0|9,2.085,delta chi2 (raw) [sl_index|gc_index],DIAGNOSTIC
zoom_dchi2,0|10,2.121,delta chi2 (raw) [sl_index|gc_index],DIAGNOSTIC
zoom_dchi2,0|11,2.922,delta chi2 (raw) [sl_index|gc_index],DIAGNOSTIC
zoom_dchi2,0|12,4.518,delta chi2 (raw) [sl_index|gc_index],DIAGNOSTIC
zoom_dchi2,0|13,6.937,delta chi2 (raw) [sl_index|gc_index],DIAGNOSTIC
zoom_dchi2,0|14,10.210,delta chi2 (raw) [sl_index|gc_index],DIAGNOSTIC
zoom_dchi2,0|15,14.370,delta chi2 (raw) [sl_index|gc_index],DIAGNOSTIC
zoom_dchi2,0|16,19.448,delta chi2 (raw) [sl_index|gc_index],DIAGNOSTIC
zoom_dchi2,0|17,25.477,delta chi2 (raw) [sl_index|gc_index],DIAGNOSTIC
zoom_dchi2,0|18,32.492,delta chi2 (raw) [sl_index|gc_index],DIAGNOSTIC
zoom_dchi2,0|19,40.527,delta chi2 (raw) [sl_index|gc_index],DIAGNOSTIC
zoom_dchi2,0|20,49.618,delta chi2 (raw) [sl_index|gc_index],DIAGNOSTIC
zoom_dchi2,1|0,31.836,delta chi2 (raw) [sl_index|gc_index],DIAGNOSTIC
zoom_dchi2,1|1,26.151,delta chi2 (raw) [sl_index|gc_index],DIAGNOSTIC
zoom_dchi2,1|2,21.007,delta chi2 (raw) [sl_index|gc_index],DIAGNOSTIC
zoom_dchi2,1|3,16.427,delta chi2 (raw) [sl_index|gc_index],DIAGNOSTIC
zoom_dchi2,1|4,12.432,delta chi2 (raw) [sl_index|gc_index],DIAGNOSTIC
zoom_dchi2,1|5,9.046,delta chi2 (raw) [sl_index|gc_index],DIAGNOSTIC
zoom_dchi2,1|6,6.293,delta chi2 (raw) [sl_index|gc_index],DIAGNOSTIC
zoom_dchi2,1|7,4.198,delta chi2 (raw) [sl_index|gc_index],DIAGNOSTIC
zoom_dchi2,1|8,2.787,delta chi2 (raw) [sl_index|gc_index],DIAGNOSTIC
zoom_dchi2,1|9,2.085,delta chi2 (raw) [sl_index|gc_index],DIAGNOSTIC
zoom_dchi2,1|10,2.121,delta chi2 (raw) [sl_index|gc_index],DIAGNOSTIC
zoom_dchi2,1|11,2.922,delta chi2 (raw) [sl_index|gc_index],DIAGNOSTIC
zoom_dchi2,1|12,4.518,delta chi2 (raw) [sl_index|gc_index],DIAGNOSTIC
zoom_dchi2,1|13,6.937,delta chi2 (raw) [sl_index|gc_index],DIAGNOSTIC
zoom_dchi2,1|14,10.210,delta chi2 (raw) [sl_index|gc_index],DIAGNOSTIC
zoom_dchi2,1|15,14.370,delta chi2 (raw) [sl_index|gc_index],DIAGNOSTIC
zoom_dchi2,1|16,19.448,delta chi2 (raw) [sl_index|gc_index],DIAGNOSTIC
zoom_dchi2,1|17,25.477,delta chi2 (raw) [sl_index|gc_index],DIAGNOSTIC
zoom_dchi2,1|18,32.492,delta chi2 (raw) [sl_index|gc_index],DIAGNOSTIC
zoom_dchi2,1|19,40.527,delta chi2 (raw) [sl_index|gc_index],DIAGNOSTIC
zoom_dchi2,1|20,49.618,delta chi2 (raw) [sl_index|gc_index],DIAGNOSTIC
zoom_dchi2,2|0,31.837,delta chi2 (raw) [sl_index|gc_index],DIAGNOSTIC
zoom_dchi2,2|1,26.150,delta chi2 (raw) [sl_index|gc_index],DIAGNOSTIC
zoom_dchi2,2|2,21.005,delta chi2 (raw) [sl_index|gc_index],DIAGNOSTIC
zoom_dchi2,2|3,16.423,delta chi2 (raw) [sl_index|gc_index],DIAGNOSTIC
zoom_dchi2,2|4,12.427,delta chi2 (raw) [sl_index|gc_index],DIAGNOSTIC
zoom_dchi2,2|5,9.040,delta chi2 (raw) [sl_index|gc_index],DIAGNOSTIC
zoom_dchi2,2|6,6.285,delta chi2 (raw) [sl_index|gc_index],DIAGNOSTIC
zoom_dchi2,2|7,4.189,delta chi2 (raw) [sl_index|gc_index],DIAGNOSTIC
zoom_dchi2,2|8,2.776,delta chi2 (raw) [sl_index|gc_index],DIAGNOSTIC
zoom_dchi2,2|9,2.073,delta chi2 (raw) [sl_index|gc_index],DIAGNOSTIC
zoom_dchi2,2|10,2.107,delta chi2 (raw) [sl_index|gc_index],DIAGNOSTIC
zoom_dchi2,2|11,2.906,delta chi2 (raw) [sl_index|gc_index],DIAGNOSTIC
zoom_dchi2,2|12,4.500,delta chi2 (raw) [sl_index|gc_index],DIAGNOSTIC
zoom_dchi2,2|13,6.917,delta chi2 (raw) [sl_index|gc_index],DIAGNOSTIC
zoom_dchi2,2|14,10.189,delta chi2 (raw) [sl_index|gc_index],DIAGNOSTIC
zoom_dchi2,2|15,14.346,delta chi2 (raw) [sl_index|gc_index],DIAGNOSTIC
zoom_dchi2,2|16,19.422,delta chi2 (raw) [sl_index|gc_index],DIAGNOSTIC
zoom_dchi2,2|17,25.449,delta chi2 (raw) [sl_index|gc_index],DIAGNOSTIC
zoom_dchi2,2|18,32.462,delta chi2 (raw) [sl_index|gc_index],DIAGNOSTIC
zoom_dchi2,2|19,40.495,delta chi2 (raw) [sl_index|gc_index],DIAGNOSTIC
zoom_dchi2,2|20,49.585,delta chi2 (raw) [sl_index|gc_index],DIAGNOSTIC
zoom_dchi2,3|0,31.842,delta chi2 (raw) [sl_index|gc_index],DIAGNOSTIC
zoom_dchi2,3|1,26.148,delta chi2 (raw) [sl_index|gc_index],DIAGNOSTIC
zoom_dchi2,3|2,20.994,delta chi2 (raw) [sl_index|gc_index],DIAGNOSTIC
zoom_dchi2,3|3,16.404,delta chi2 (raw) [sl_index|gc_index],DIAGNOSTIC
zoom_dchi2,3|4,12.398,delta chi2 (raw) [sl_index|gc_index],DIAGNOSTIC
zoom_dchi2,3|5,9.001,delta chi2 (raw) [sl_index|gc_index],DIAGNOSTIC
zoom_dchi2,3|6,6.237,delta chi2 (raw) [sl_index|gc_index],DIAGNOSTIC
zoom_dchi2,3|7,4.131,delta chi2 (raw) [sl_index|gc_index],DIAGNOSTIC
zoom_dchi2,3|8,2.707,delta chi2 (raw) [sl_index|gc_index],DIAGNOSTIC
zoom_dchi2,3|9,1.993,delta chi2 (raw) [sl_index|gc_index],DIAGNOSTIC
zoom_dchi2,3|10,2.017,delta chi2 (raw) [sl_index|gc_index],DIAGNOSTIC
zoom_dchi2,3|11,2.805,delta chi2 (raw) [sl_index|gc_index],DIAGNOSTIC
zoom_dchi2,3|12,4.387,delta chi2 (raw) [sl_index|gc_index],DIAGNOSTIC
zoom_dchi2,3|13,6.792,delta chi2 (raw) [sl_index|gc_index],DIAGNOSTIC
zoom_dchi2,3|14,10.052,delta chi2 (raw) [sl_index|gc_index],DIAGNOSTIC
zoom_dchi2,3|15,14.198,delta chi2 (raw) [sl_index|gc_index],DIAGNOSTIC
zoom_dchi2,3|16,19.261,delta chi2 (raw) [sl_index|gc_index],DIAGNOSTIC
zoom_dchi2,3|17,25.276,delta chi2 (raw) [sl_index|gc_index],DIAGNOSTIC
zoom_dchi2,3|18,32.276,delta chi2 (raw) [sl_index|gc_index],DIAGNOSTIC
zoom_dchi2,3|19,40.296,delta chi2 (raw) [sl_index|gc_index],DIAGNOSTIC
zoom_dchi2,3|20,49.373,delta chi2 (raw) [sl_index|gc_index],DIAGNOSTIC
zoom_dchi2,4|0,31.858,delta chi2 (raw) [sl_index|gc_index],DIAGNOSTIC
zoom_dchi2,4|1,26.149,delta chi2 (raw) [sl_index|gc_index],DIAGNOSTIC
zoom_dchi2,4|2,20.979,delta chi2 (raw) [sl_index|gc_index],DIAGNOSTIC
zoom_dchi2,4|3,16.372,delta chi2 (raw) [sl_index|gc_index],DIAGNOSTIC
zoom_dchi2,4|4,12.349,delta chi2 (raw) [sl_index|gc_index],DIAGNOSTIC
zoom_dchi2,4|5,8.934,delta chi2 (raw) [sl_index|gc_index],DIAGNOSTIC
zoom_dchi2,4|6,6.151,delta chi2 (raw) [sl_index|gc_index],DIAGNOSTIC
zoom_dchi2,4|7,4.025,delta chi2 (raw) [sl_index|gc_index],DIAGNOSTIC
zoom_dchi2,4|8,2.581,delta chi2 (raw) [sl_index|gc_index],DIAGNOSTIC
zoom_dchi2,4|9,1.847,delta chi2 (raw) [sl_index|gc_index],DIAGNOSTIC
zoom_dchi2,4|10,1.849,delta chi2 (raw) [sl_index|gc_index],DIAGNOSTIC
zoom_dchi2,4|11,2.615,delta chi2 (raw) [sl_index|gc_index],DIAGNOSTIC
zoom_dchi2,4|12,4.175,delta chi2 (raw) [sl_index|gc_index],DIAGNOSTIC
zoom_dchi2,4|13,6.558,delta chi2 (raw) [sl_index|gc_index],DIAGNOSTIC
zoom_dchi2,4|14,9.795,delta chi2 (raw) [sl_index|gc_index],DIAGNOSTIC
zoom_dchi2,4|15,13.917,delta chi2 (raw) [sl_index|gc_index],DIAGNOSTIC
zoom_dchi2,4|16,18.957,delta chi2 (raw) [sl_index|gc_index],DIAGNOSTIC
zoom_dchi2,4|17,24.948,delta chi2 (raw) [sl_index|gc_index],DIAGNOSTIC
zoom_dchi2,4|18,31.924,delta chi2 (raw) [sl_index|gc_index],DIAGNOSTIC
zoom_dchi2,4|19,39.920,delta chi2 (raw) [sl_index|gc_index],DIAGNOSTIC
zoom_dchi2,4|20,48.972,delta chi2 (raw) [sl_index|gc_index],DIAGNOSTIC
zoom_dchi2,5|0,31.898,delta chi2 (raw) [sl_index|gc_index],DIAGNOSTIC
zoom_dchi2,5|1,26.165,delta chi2 (raw) [sl_index|gc_index],DIAGNOSTIC
zoom_dchi2,5|2,20.972,delta chi2 (raw) [sl_index|gc_index],DIAGNOSTIC
zoom_dchi2,5|3,16.339,delta chi2 (raw) [sl_index|gc_index],DIAGNOSTIC
zoom_dchi2,5|4,12.290,delta chi2 (raw) [sl_index|gc_index],DIAGNOSTIC
zoom_dchi2,5|5,8.848,delta chi2 (raw) [sl_index|gc_index],DIAGNOSTIC
zoom_dchi2,5|6,6.037,delta chi2 (raw) [sl_index|gc_index],DIAGNOSTIC
zoom_dchi2,5|7,3.882,delta chi2 (raw) [sl_index|gc_index],DIAGNOSTIC
zoom_dchi2,5|8,2.408,delta chi2 (raw) [sl_index|gc_index],DIAGNOSTIC
zoom_dchi2,5|9,1.643,delta chi2 (raw) [sl_index|gc_index],DIAGNOSTIC
zoom_dchi2,5|10,1.613,delta chi2 (raw) [sl_index|gc_index],DIAGNOSTIC
zoom_dchi2,5|11,2.348,delta chi2 (raw) [sl_index|gc_index],DIAGNOSTIC
zoom_dchi2,5|12,3.875,delta chi2 (raw) [sl_index|gc_index],DIAGNOSTIC
zoom_dchi2,5|13,6.224,delta chi2 (raw) [sl_index|gc_index],DIAGNOSTIC
zoom_dchi2,5|14,9.427,delta chi2 (raw) [sl_index|gc_index],DIAGNOSTIC
zoom_dchi2,5|15,13.514,delta chi2 (raw) [sl_index|gc_index],DIAGNOSTIC
zoom_dchi2,5|16,18.519,delta chi2 (raw) [sl_index|gc_index],DIAGNOSTIC
zoom_dchi2,5|17,24.474,delta chi2 (raw) [sl_index|gc_index],DIAGNOSTIC
zoom_dchi2,5|18,31.414,delta chi2 (raw) [sl_index|gc_index],DIAGNOSTIC
zoom_dchi2,5|19,39.373,delta chi2 (raw) [sl_index|gc_index],DIAGNOSTIC
zoom_dchi2,5|20,48.389,delta chi2 (raw) [sl_index|gc_index],DIAGNOSTIC
zoom_dchi2,6|0,31.983,delta chi2 (raw) [sl_index|gc_index],DIAGNOSTIC
zoom_dchi2,6|1,26.220,delta chi2 (raw) [sl_index|gc_index],DIAGNOSTIC
zoom_dchi2,6|2,20.994,delta chi2 (raw) [sl_index|gc_index],DIAGNOSTIC
zoom_dchi2,6|3,16.328,delta chi2 (raw) [sl_index|gc_index],DIAGNOSTIC
zoom_dchi2,6|4,12.244,delta chi2 (raw) [sl_index|gc_index],DIAGNOSTIC
zoom_dchi2,6|5,8.766,delta chi2 (raw) [sl_index|gc_index],DIAGNOSTIC
zoom_dchi2,6|6,5.917,delta chi2 (raw) [sl_index|gc_index],DIAGNOSTIC
zoom_dchi2,6|7,3.723,delta chi2 (raw) [sl_index|gc_index],DIAGNOSTIC
zoom_dchi2,6|8,2.209,delta chi2 (raw) [sl_index|gc_index],DIAGNOSTIC
zoom_dchi2,6|9,1.403,delta chi2 (raw) [sl_index|gc_index],DIAGNOSTIC
zoom_dchi2,6|10,1.332,delta chi2 (raw) [sl_index|gc_index],DIAGNOSTIC
zoom_dchi2,6|11,2.023,delta chi2 (raw) [sl_index|gc_index],DIAGNOSTIC
zoom_dchi2,6|12,3.506,delta chi2 (raw) [sl_index|gc_index],DIAGNOSTIC
zoom_dchi2,6|13,5.810,delta chi2 (raw) [sl_index|gc_index],DIAGNOSTIC
zoom_dchi2,6|14,8.967,delta chi2 (raw) [sl_index|gc_index],DIAGNOSTIC
zoom_dchi2,6|15,13.009,delta chi2 (raw) [sl_index|gc_index],DIAGNOSTIC
zoom_dchi2,6|16,17.966,delta chi2 (raw) [sl_index|gc_index],DIAGNOSTIC
zoom_dchi2,6|17,23.874,delta chi2 (raw) [sl_index|gc_index],DIAGNOSTIC
zoom_dchi2,6|18,30.765,delta chi2 (raw) [sl_index|gc_index],DIAGNOSTIC
zoom_dchi2,6|19,38.676,delta chi2 (raw) [sl_index|gc_index],DIAGNOSTIC
zoom_dchi2,6|20,47.643,delta chi2 (raw) [sl_index|gc_index],DIAGNOSTIC
zoom_dchi2,7|0,32.121,delta chi2 (raw) [sl_index|gc_index],DIAGNOSTIC
zoom_dchi2,7|1,26.318,delta chi2 (raw) [sl_index|gc_index],DIAGNOSTIC
zoom_dchi2,7|2,21.052,delta chi2 (raw) [sl_index|gc_index],DIAGNOSTIC
zoom_dchi2,7|3,16.343,delta chi2 (raw) [sl_index|gc_index],DIAGNOSTIC
zoom_dchi2,7|4,12.214,delta chi2 (raw) [sl_index|gc_index],DIAGNOSTIC
zoom_dchi2,7|5,8.690,delta chi2 (raw) [sl_index|gc_index],DIAGNOSTIC
zoom_dchi2,7|6,5.794,delta chi2 (raw) [sl_index|gc_index],DIAGNOSTIC
zoom_dchi2,7|7,3.551,delta chi2 (raw) [sl_index|gc_index],DIAGNOSTIC
zoom_dchi2,7|8,1.987,delta chi2 (raw) [sl_index|gc_index],DIAGNOSTIC
zoom_dchi2,7|9,1.129,delta chi2 (raw) [sl_index|gc_index],DIAGNOSTIC
zoom_dchi2,7|10,1.004,delta chi2 (raw) [sl_index|gc_index],DIAGNOSTIC
zoom_dchi2,7|11,1.641,delta chi2 (raw) [sl_index|gc_index],DIAGNOSTIC
zoom_dchi2,7|12,3.069,delta chi2 (raw) [sl_index|gc_index],DIAGNOSTIC
zoom_dchi2,7|13,5.317,delta chi2 (raw) [sl_index|gc_index],DIAGNOSTIC
zoom_dchi2,7|14,8.417,delta chi2 (raw) [sl_index|gc_index],DIAGNOSTIC
zoom_dchi2,7|15,12.400,delta chi2 (raw) [sl_index|gc_index],DIAGNOSTIC
zoom_dchi2,7|16,17.298,delta chi2 (raw) [sl_index|gc_index],DIAGNOSTIC
zoom_dchi2,7|17,23.146,delta chi2 (raw) [sl_index|gc_index],DIAGNOSTIC
zoom_dchi2,7|18,29.977,delta chi2 (raw) [sl_index|gc_index],DIAGNOSTIC
zoom_dchi2,7|19,37.827,delta chi2 (raw) [sl_index|gc_index],DIAGNOSTIC
zoom_dchi2,7|20,46.732,delta chi2 (raw) [sl_index|gc_index],DIAGNOSTIC
zoom_dchi2,8|0,32.364,delta chi2 (raw) [sl_index|gc_index],DIAGNOSTIC
zoom_dchi2,8|1,26.514,delta chi2 (raw) [sl_index|gc_index],DIAGNOSTIC
zoom_dchi2,8|2,21.198,delta chi2 (raw) [sl_index|gc_index],DIAGNOSTIC
zoom_dchi2,8|3,16.437,delta chi2 (raw) [sl_index|gc_index],DIAGNOSTIC
zoom_dchi2,8|4,12.254,delta chi2 (raw) [sl_index|gc_index],DIAGNOSTIC
zoom_dchi2,8|5,8.674,delta chi2 (raw) [sl_index|gc_index],DIAGNOSTIC
zoom_dchi2,8|6,5.720,delta chi2 (raw) [sl_index|gc_index],DIAGNOSTIC
zoom_dchi2,8|7,3.417,delta chi2 (raw) [sl_index|gc_index],DIAGNOSTIC
zoom_dchi2,8|8,1.792,delta chi2 (raw) [sl_index|gc_index],DIAGNOSTIC
zoom_dchi2,8|9,0.871,delta chi2 (raw) [sl_index|gc_index],DIAGNOSTIC
zoom_dchi2,8|10,0.682,delta chi2 (raw) [sl_index|gc_index],DIAGNOSTIC
zoom_dchi2,8|11,1.254,delta chi2 (raw) [sl_index|gc_index],DIAGNOSTIC
zoom_dchi2,8|12,2.614,delta chi2 (raw) [sl_index|gc_index],DIAGNOSTIC
zoom_dchi2,8|13,4.794,delta chi2 (raw) [sl_index|gc_index],DIAGNOSTIC
zoom_dchi2,8|14,7.825,delta chi2 (raw) [sl_index|gc_index],DIAGNOSTIC
zoom_dchi2,8|15,11.737,delta chi2 (raw) [sl_index|gc_index],DIAGNOSTIC
zoom_dchi2,8|16,16.564,delta chi2 (raw) [sl_index|gc_index],DIAGNOSTIC
zoom_dchi2,8|17,22.340,delta chi2 (raw) [sl_index|gc_index],DIAGNOSTIC
zoom_dchi2,8|18,29.098,delta chi2 (raw) [sl_index|gc_index],DIAGNOSTIC
zoom_dchi2,8|19,36.874,delta chi2 (raw) [sl_index|gc_index],DIAGNOSTIC
zoom_dchi2,8|20,45.705,delta chi2 (raw) [sl_index|gc_index],DIAGNOSTIC
zoom_dchi2,9|0,32.721,delta chi2 (raw) [sl_index|gc_index],DIAGNOSTIC
zoom_dchi2,9|1,26.814,delta chi2 (raw) [sl_index|gc_index],DIAGNOSTIC
zoom_dchi2,9|2,21.438,delta chi2 (raw) [sl_index|gc_index],DIAGNOSTIC
zoom_dchi2,9|3,16.615,delta chi2 (raw) [sl_index|gc_index],DIAGNOSTIC
zoom_dchi2,9|4,12.369,delta chi2 (raw) [sl_index|gc_index],DIAGNOSTIC
zoom_dchi2,9|5,8.722,delta chi2 (raw) [sl_index|gc_index],DIAGNOSTIC
zoom_dchi2,9|6,5.699,delta chi2 (raw) [sl_index|gc_index],DIAGNOSTIC
zoom_dchi2,9|7,3.326,delta chi2 (raw) [sl_index|gc_index],DIAGNOSTIC
zoom_dchi2,9|8,1.629,delta chi2 (raw) [sl_index|gc_index],DIAGNOSTIC
zoom_dchi2,9|9,0.633,delta chi2 (raw) [sl_index|gc_index],DIAGNOSTIC
zoom_dchi2,9|10,0.368,delta chi2 (raw) [sl_index|gc_index],DIAGNOSTIC
zoom_dchi2,9|11,0.862,delta chi2 (raw) [sl_index|gc_index],DIAGNOSTIC
zoom_dchi2,9|12,2.143,delta chi2 (raw) [sl_index|gc_index],DIAGNOSTIC
zoom_dchi2,9|13,4.242,delta chi2 (raw) [sl_index|gc_index],DIAGNOSTIC
zoom_dchi2,9|14,7.191,delta chi2 (raw) [sl_index|gc_index],DIAGNOSTIC
zoom_dchi2,9|15,11.020,delta chi2 (raw) [sl_index|gc_index],DIAGNOSTIC
zoom_dchi2,9|16,15.763,delta chi2 (raw) [sl_index|gc_index],DIAGNOSTIC
zoom_dchi2,9|17,21.453,delta chi2 (raw) [sl_index|gc_index],DIAGNOSTIC
zoom_dchi2,9|18,28.125,delta chi2 (raw) [sl_index|gc_index],DIAGNOSTIC
zoom_dchi2,9|19,35.814,delta chi2 (raw) [sl_index|gc_index],DIAGNOSTIC
zoom_dchi2,9|20,44.557,delta chi2 (raw) [sl_index|gc_index],DIAGNOSTIC
zoom_dchi2,10|0,33.254,delta chi2 (raw) [sl_index|gc_index],DIAGNOSTIC
zoom_dchi2,10|1,27.281,delta chi2 (raw) [sl_index|gc_index],DIAGNOSTIC
zoom_dchi2,10|2,21.835,delta chi2 (raw) [sl_index|gc_index],DIAGNOSTIC
zoom_dchi2,10|3,16.940,delta chi2 (raw) [sl_index|gc_index],DIAGNOSTIC
zoom_dchi2,10|4,12.618,delta chi2 (raw) [sl_index|gc_index],DIAGNOSTIC
zoom_dchi2,10|5,8.894,delta chi2 (raw) [sl_index|gc_index],DIAGNOSTIC
zoom_dchi2,10|6,5.791,delta chi2 (raw) [sl_index|gc_index],DIAGNOSTIC
zoom_dchi2,10|7,3.336,delta chi2 (raw) [sl_index|gc_index],DIAGNOSTIC
zoom_dchi2,10|8,1.554,delta chi2 (raw) [sl_index|gc_index],DIAGNOSTIC
zoom_dchi2,10|9,0.472,delta chi2 (raw) [sl_index|gc_index],DIAGNOSTIC
zoom_dchi2,10|10,0.119,delta chi2 (raw) [sl_index|gc_index],DIAGNOSTIC
zoom_dchi2,10|11,0.522,delta chi2 (raw) [sl_index|gc_index],DIAGNOSTIC
zoom_dchi2,10|12,1.711,delta chi2 (raw) [sl_index|gc_index],DIAGNOSTIC
zoom_dchi2,10|13,3.716,delta chi2 (raw) [sl_index|gc_index],DIAGNOSTIC
zoom_dchi2,10|14,6.570,delta chi2 (raw) [sl_index|gc_index],DIAGNOSTIC
zoom_dchi2,10|15,10.303,delta chi2 (raw) [sl_index|gc_index],DIAGNOSTIC
zoom_dchi2,10|16,14.948,delta chi2 (raw) [sl_index|gc_index],DIAGNOSTIC
zoom_dchi2,10|17,20.539,delta chi2 (raw) [sl_index|gc_index],DIAGNOSTIC
zoom_dchi2,10|18,27.112,delta chi2 (raw) [sl_index|gc_index],DIAGNOSTIC
zoom_dchi2,10|19,34.701,delta chi2 (raw) [sl_index|gc_index],DIAGNOSTIC
zoom_dchi2,10|20,43.342,delta chi2 (raw) [sl_index|gc_index],DIAGNOSTIC
zoom_dchi2,11|0,34.036,delta chi2 (raw) [sl_index|gc_index],DIAGNOSTIC
zoom_dchi2,11|1,27.986,delta chi2 (raw) [sl_index|gc_index],DIAGNOSTIC
zoom_dchi2,11|2,22.460,delta chi2 (raw) [sl_index|gc_index],DIAGNOSTIC
zoom_dchi2,11|3,17.481,delta chi2 (raw) [sl_index|gc_index],DIAGNOSTIC
zoom_dchi2,11|4,13.073,delta chi2 (raw) [sl_index|gc_index],DIAGNOSTIC
zoom_dchi2,11|5,9.259,delta chi2 (raw) [sl_index|gc_index],DIAGNOSTIC
zoom_dchi2,11|6,6.065,delta chi2 (raw) [sl_index|gc_index],DIAGNOSTIC
zoom_dchi2,11|7,3.515,delta chi2 (raw) [sl_index|gc_index],DIAGNOSTIC
zoom_dchi2,11|8,1.636,delta chi2 (raw) [sl_index|gc_index],DIAGNOSTIC
zoom_dchi2,11|9,0.455,delta chi2 (raw) [sl_index|gc_index],DIAGNOSTIC
zoom_dchi2,11|10,0.000,delta chi2 (raw) [sl_index|gc_index],DIAGNOSTIC
zoom_dchi2,11|11,0.300,delta chi2 (raw) [sl_index|gc_index],DIAGNOSTIC
zoom_dchi2,11|12,1.384,delta chi2 (raw) [sl_index|gc_index],DIAGNOSTIC
zoom_dchi2,11|13,3.282,delta chi2 (raw) [sl_index|gc_index],DIAGNOSTIC
zoom_dchi2,11|14,6.027,delta chi2 (raw) [sl_index|gc_index],DIAGNOSTIC
zoom_dchi2,11|15,9.650,delta chi2 (raw) [sl_index|gc_index],DIAGNOSTIC
zoom_dchi2,11|16,14.183,delta chi2 (raw) [sl_index|gc_index],DIAGNOSTIC
zoom_dchi2,11|17,19.662,delta chi2 (raw) [sl_index|gc_index],DIAGNOSTIC
zoom_dchi2,11|18,26.121,delta chi2 (raw) [sl_index|gc_index],DIAGNOSTIC
zoom_dchi2,11|19,33.595,delta chi2 (raw) [sl_index|gc_index],DIAGNOSTIC
zoom_dchi2,11|20,42.122,delta chi2 (raw) [sl_index|gc_index],DIAGNOSTIC
zoom_dchi2,12|0,35.089,delta chi2 (raw) [sl_index|gc_index],DIAGNOSTIC
zoom_dchi2,12|1,28.950,delta chi2 (raw) [sl_index|gc_index],DIAGNOSTIC
zoom_dchi2,12|2,23.331,delta chi2 (raw) [sl_index|gc_index],DIAGNOSTIC
zoom_dchi2,12|3,18.257,delta chi2 (raw) [sl_index|gc_index],DIAGNOSTIC
zoom_dchi2,12|4,13.751,delta chi2 (raw) [sl_index|gc_index],DIAGNOSTIC
zoom_dchi2,12|5,9.835,delta chi2 (raw) [sl_index|gc_index],DIAGNOSTIC
zoom_dchi2,12|6,6.536,delta chi2 (raw) [sl_index|gc_index],DIAGNOSTIC
zoom_dchi2,12|7,3.878,delta chi2 (raw) [sl_index|gc_index],DIAGNOSTIC
zoom_dchi2,12|8,1.889,delta chi2 (raw) [sl_index|gc_index],DIAGNOSTIC
zoom_dchi2,12|9,0.596,delta chi2 (raw) [sl_index|gc_index],DIAGNOSTIC
zoom_dchi2,12|10,0.026,delta chi2 (raw) [sl_index|gc_index],DIAGNOSTIC
zoom_dchi2,12|11,0.208,delta chi2 (raw) [sl_index|gc_index],DIAGNOSTIC
zoom_dchi2,12|12,1.173,delta chi2 (raw) [sl_index|gc_index],DIAGNOSTIC
zoom_dchi2,12|13,2.950,delta chi2 (raw) [sl_index|gc_index],DIAGNOSTIC
zoom_dchi2,12|14,5.572,delta chi2 (raw) [sl_index|gc_index],DIAGNOSTIC
zoom_dchi2,12|15,9.070,delta chi2 (raw) [sl_index|gc_index],DIAGNOSTIC
zoom_dchi2,12|16,13.478,delta chi2 (raw) [sl_index|gc_index],DIAGNOSTIC
zoom_dchi2,12|17,18.830,delta chi2 (raw) [sl_index|gc_index],DIAGNOSTIC
zoom_dchi2,12|18,25.160,delta chi2 (raw) [sl_index|gc_index],DIAGNOSTIC
zoom_dchi2,12|19,32.505,delta chi2 (raw) [sl_index|gc_index],DIAGNOSTIC
zoom_dchi2,12|20,40.901,delta chi2 (raw) [sl_index|gc_index],DIAGNOSTIC
zoom_dchi2,13|0,36.381,delta chi2 (raw) [sl_index|gc_index],DIAGNOSTIC
zoom_dchi2,13|1,30.141,delta chi2 (raw) [sl_index|gc_index],DIAGNOSTIC
zoom_dchi2,13|2,24.418,delta chi2 (raw) [sl_index|gc_index],DIAGNOSTIC
zoom_dchi2,13|3,19.236,delta chi2 (raw) [sl_index|gc_index],DIAGNOSTIC
zoom_dchi2,13|4,14.617,delta chi2 (raw) [sl_index|gc_index],DIAGNOSTIC
zoom_dchi2,13|5,10.587,delta chi2 (raw) [sl_index|gc_index],DIAGNOSTIC
zoom_dchi2,13|6,7.169,delta chi2 (raw) [sl_index|gc_index],DIAGNOSTIC
zoom_dchi2,13|7,4.391,delta chi2 (raw) [sl_index|gc_index],DIAGNOSTIC
zoom_dchi2,13|8,2.278,delta chi2 (raw) [sl_index|gc_index],DIAGNOSTIC
zoom_dchi2,13|9,0.857,delta chi2 (raw) [sl_index|gc_index],DIAGNOSTIC
zoom_dchi2,13|10,0.158,delta chi2 (raw) [sl_index|gc_index],DIAGNOSTIC
zoom_dchi2,13|11,0.209,delta chi2 (raw) [sl_index|gc_index],DIAGNOSTIC
zoom_dchi2,13|12,1.039,delta chi2 (raw) [sl_index|gc_index],DIAGNOSTIC
zoom_dchi2,13|13,2.681,delta chi2 (raw) [sl_index|gc_index],DIAGNOSTIC
zoom_dchi2,13|14,5.164,delta chi2 (raw) [sl_index|gc_index],DIAGNOSTIC
zoom_dchi2,13|15,8.523,delta chi2 (raw) [sl_index|gc_index],DIAGNOSTIC
zoom_dchi2,13|16,12.790,delta chi2 (raw) [sl_index|gc_index],DIAGNOSTIC
zoom_dchi2,13|17,17.999,delta chi2 (raw) [sl_index|gc_index],DIAGNOSTIC
zoom_dchi2,13|18,24.185,delta chi2 (raw) [sl_index|gc_index],DIAGNOSTIC
zoom_dchi2,13|19,31.386,delta chi2 (raw) [sl_index|gc_index],DIAGNOSTIC
zoom_dchi2,13|20,39.637,delta chi2 (raw) [sl_index|gc_index],DIAGNOSTIC
zoom_dchi2,14|0,38.013,delta chi2 (raw) [sl_index|gc_index],DIAGNOSTIC
zoom_dchi2,14|1,31.659,delta chi2 (raw) [sl_index|gc_index],DIAGNOSTIC
zoom_dchi2,14|2,25.818,delta chi2 (raw) [sl_index|gc_index],DIAGNOSTIC
zoom_dchi2,14|3,20.514,delta chi2 (raw) [sl_index|gc_index],DIAGNOSTIC
zoom_dchi2,14|4,15.770,delta chi2 (raw) [sl_index|gc_index],DIAGNOSTIC
zoom_dchi2,14|5,11.610,delta chi2 (raw) [sl_index|gc_index],DIAGNOSTIC
zoom_dchi2,14|6,8.060,delta chi2 (raw) [sl_index|gc_index],DIAGNOSTIC
zoom_dchi2,14|7,5.145,delta chi2 (raw) [sl_index|gc_index],DIAGNOSTIC
zoom_dchi2,14|8,2.893,delta chi2 (raw) [sl_index|gc_index],DIAGNOSTIC
zoom_dchi2,14|9,1.331,delta chi2 (raw) [sl_index|gc_index],DIAGNOSTIC
zoom_dchi2,14|10,0.487,delta chi2 (raw) [sl_index|gc_index],DIAGNOSTIC
zoom_dchi2,14|11,0.391,delta chi2 (raw) [sl_index|gc_index],DIAGNOSTIC
zoom_dchi2,14|12,1.072,delta chi2 (raw) [sl_index|gc_index],DIAGNOSTIC
zoom_dchi2,14|13,2.562,delta chi2 (raw) [sl_index|gc_index],DIAGNOSTIC
zoom_dchi2,14|14,4.892,delta chi2 (raw) [sl_index|gc_index],DIAGNOSTIC
zoom_dchi2,14|15,8.095,delta chi2 (raw) [sl_index|gc_index],DIAGNOSTIC
zoom_dchi2,14|16,12.204,delta chi2 (raw) [sl_index|gc_index],DIAGNOSTIC
zoom_dchi2,14|17,17.255,delta chi2 (raw) [sl_index|gc_index],DIAGNOSTIC
zoom_dchi2,14|18,23.282,delta chi2 (raw) [sl_index|gc_index],DIAGNOSTIC
zoom_dchi2,14|19,30.321,delta chi2 (raw) [sl_index|gc_index],DIAGNOSTIC
zoom_dchi2,14|20,38.410,delta chi2 (raw) [sl_index|gc_index],DIAGNOSTIC
zoom_dchi2,15|0,40.261,delta chi2 (raw) [sl_index|gc_index],DIAGNOSTIC
zoom_dchi2,15|1,33.779,delta chi2 (raw) [sl_index|gc_index],DIAGNOSTIC
zoom_dchi2,15|2,27.806,delta chi2 (raw) [sl_index|gc_index],DIAGNOSTIC
zoom_dchi2,15|3,22.365,delta chi2 (raw) [sl_index|gc_index],DIAGNOSTIC
zoom_dchi2,15|4,17.481,delta chi2 (raw) [sl_index|gc_index],DIAGNOSTIC
zoom_dchi2,15|5,13.177,delta chi2 (raw) [sl_index|gc_index],DIAGNOSTIC
zoom_dchi2,15|6,9.479,delta chi2 (raw) [sl_index|gc_index],DIAGNOSTIC
zoom_dchi2,15|7,6.414,delta chi2 (raw) [sl_index|gc_index],DIAGNOSTIC
zoom_dchi2,15|8,4.007,delta chi2 (raw) [sl_index|gc_index],DIAGNOSTIC
zoom_dchi2,15|9,2.287,delta chi2 (raw) [sl_index|gc_index],DIAGNOSTIC
zoom_dchi2,15|10,1.283,delta chi2 (raw) [sl_index|gc_index],DIAGNOSTIC
zoom_dchi2,15|11,1.024,delta chi2 (raw) [sl_index|gc_index],DIAGNOSTIC
zoom_dchi2,15|12,1.539,delta chi2 (raw) [sl_index|gc_index],DIAGNOSTIC
zoom_dchi2,15|13,2.861,delta chi2 (raw) [sl_index|gc_index],DIAGNOSTIC
zoom_dchi2,15|14,5.021,delta chi2 (raw) [sl_index|gc_index],DIAGNOSTIC
zoom_dchi2,15|15,8.052,delta chi2 (raw) [sl_index|gc_index],DIAGNOSTIC
zoom_dchi2,15|16,11.988,delta chi2 (raw) [sl_index|gc_index],DIAGNOSTIC
zoom_dchi2,15|17,16.864,delta chi2 (raw) [sl_index|gc_index],DIAGNOSTIC
zoom_dchi2,15|18,22.714,delta chi2 (raw) [sl_index|gc_index],DIAGNOSTIC
zoom_dchi2,15|19,29.576,delta chi2 (raw) [sl_index|gc_index],DIAGNOSTIC
zoom_dchi2,15|20,37.488,delta chi2 (raw) [sl_index|gc_index],DIAGNOSTIC
zoom_dchi2,16|0,42.844,delta chi2 (raw) [sl_index|gc_index],DIAGNOSTIC
zoom_dchi2,16|1,36.219,delta chi2 (raw) [sl_index|gc_index],DIAGNOSTIC
zoom_dchi2,16|2,30.099,delta chi2 (raw) [sl_index|gc_index],DIAGNOSTIC
zoom_dchi2,16|3,24.506,delta chi2 (raw) [sl_index|gc_index],DIAGNOSTIC
zoom_dchi2,16|4,19.465,delta chi2 (raw) [sl_index|gc_index],DIAGNOSTIC
zoom_dchi2,16|5,15.001,delta chi2 (raw) [sl_index|gc_index],DIAGNOSTIC
zoom_dchi2,16|6,11.139,delta chi2 (raw) [sl_index|gc_index],DIAGNOSTIC
zoom_dchi2,16|7,7.906,delta chi2 (raw) [sl_index|gc_index],DIAGNOSTIC
zoom_dchi2,16|8,5.328,delta chi2 (raw) [sl_index|gc_index],DIAGNOSTIC
zoom_dchi2,16|9,3.433,delta chi2 (raw) [sl_index|gc_index],DIAGNOSTIC
zoom_dchi2,16|10,2.252,delta chi2 (raw) [sl_index|gc_index],DIAGNOSTIC
zoom_dchi2,16|11,1.812,delta chi2 (raw) [sl_index|gc_index],DIAGNOSTIC
zoom_dchi2,16|12,2.145,delta chi2 (raw) [sl_index|gc_index],DIAGNOSTIC
zoom_dchi2,16|13,3.281,delta chi2 (raw) [sl_index|gc_index],DIAGNOSTIC
zoom_dchi2,16|14,5.254,delta chi2 (raw) [sl_index|gc_index],DIAGNOSTIC
zoom_dchi2,16|15,8.096,delta chi2 (raw) [sl_index|gc_index],DIAGNOSTIC
zoom_dchi2,16|16,11.840,delta chi2 (raw) [sl_index|gc_index],DIAGNOSTIC
zoom_dchi2,16|17,16.523,delta chi2 (raw) [sl_index|gc_index],DIAGNOSTIC
zoom_dchi2,16|18,22.179,delta chi2 (raw) [sl_index|gc_index],DIAGNOSTIC
zoom_dchi2,16|19,28.846,delta chi2 (raw) [sl_index|gc_index],DIAGNOSTIC
zoom_dchi2,16|20,36.562,delta chi2 (raw) [sl_index|gc_index],DIAGNOSTIC
zoom_dchi2,17|0,46.170,delta chi2 (raw) [sl_index|gc_index],DIAGNOSTIC
zoom_dchi2,17|1,39.385,delta chi2 (raw) [sl_index|gc_index],DIAGNOSTIC
zoom_dchi2,17|2,33.101,delta chi2 (raw) [sl_index|gc_index],DIAGNOSTIC
zoom_dchi2,17|3,27.339,delta chi2 (raw) [sl_index|gc_index],DIAGNOSTIC
zoom_dchi2,17|4,22.126,delta chi2 (raw) [sl_index|gc_index],DIAGNOSTIC
zoom_dchi2,17|5,17.484,delta chi2 (raw) [sl_index|gc_index],DIAGNOSTIC
zoom_dchi2,17|6,13.441,delta chi2 (raw) [sl_index|gc_index],DIAGNOSTIC
zoom_dchi2,17|7,10.022,delta chi2 (raw) [sl_index|gc_index],DIAGNOSTIC
zoom_dchi2,17|8,7.255,delta chi2 (raw) [sl_index|gc_index],DIAGNOSTIC
zoom_dchi2,17|9,5.169,delta chi2 (raw) [sl_index|gc_index],DIAGNOSTIC
zoom_dchi2,17|10,3.792,delta chi2 (raw) [sl_index|gc_index],DIAGNOSTIC
zoom_dchi2,17|11,3.154,delta chi2 (raw) [sl_index|gc_index],DIAGNOSTIC
zoom_dchi2,17|12,3.286,delta chi2 (raw) [sl_index|gc_index],DIAGNOSTIC
zoom_dchi2,17|13,4.219,delta chi2 (raw) [sl_index|gc_index],DIAGNOSTIC
zoom_dchi2,17|14,5.986,delta chi2 (raw) [sl_index|gc_index],DIAGNOSTIC
zoom_dchi2,17|15,8.620,delta chi2 (raw) [sl_index|gc_index],DIAGNOSTIC
zoom_dchi2,17|16,12.155,delta chi2 (raw) [sl_index|gc_index],DIAGNOSTIC
zoom_dchi2,17|17,16.626,delta chi2 (raw) [sl_index|gc_index],DIAGNOSTIC
zoom_dchi2,17|18,22.071,delta chi2 (raw) [sl_index|gc_index],DIAGNOSTIC
zoom_dchi2,17|19,28.524,delta chi2 (raw) [sl_index|gc_index],DIAGNOSTIC
zoom_dchi2,17|20,36.025,delta chi2 (raw) [sl_index|gc_index],DIAGNOSTIC
zoom_dchi2,18|0,49.849,delta chi2 (raw) [sl_index|gc_index],DIAGNOSTIC
zoom_dchi2,18|1,42.888,delta chi2 (raw) [sl_index|gc_index],DIAGNOSTIC
zoom_dchi2,18|2,36.422,delta chi2 (raw) [sl_index|gc_index],DIAGNOSTIC
zoom_dchi2,18|3,30.474,delta chi2 (raw) [sl_index|gc_index],DIAGNOSTIC
zoom_dchi2,18|4,25.069,delta chi2 (raw) [sl_index|gc_index],DIAGNOSTIC
zoom_dchi2,18|5,20.232,delta chi2 (raw) [sl_index|gc_index],DIAGNOSTIC
zoom_dchi2,18|6,15.989,delta chi2 (raw) [sl_index|gc_index],DIAGNOSTIC
zoom_dchi2,18|7,12.367,delta chi2 (raw) [sl_index|gc_index],DIAGNOSTIC
zoom_dchi2,18|8,9.393,delta chi2 (raw) [sl_index|gc_index],DIAGNOSTIC
zoom_dchi2,18|9,7.096,delta chi2 (raw) [sl_index|gc_index],DIAGNOSTIC
zoom_dchi2,18|10,5.505,delta chi2 (raw) [sl_index|gc_index],DIAGNOSTIC
zoom_dchi2,18|11,4.649,delta chi2 (raw) [sl_index|gc_index],DIAGNOSTIC
zoom_dchi2,18|12,4.561,delta chi2 (raw) [sl_index|gc_index],DIAGNOSTIC
zoom_dchi2,18|13,5.272,delta chi2 (raw) [sl_index|gc_index],DIAGNOSTIC
zoom_dchi2,18|14,6.814,delta chi2 (raw) [sl_index|gc_index],DIAGNOSTIC
zoom_dchi2,18|15,9.221,delta chi2 (raw) [sl_index|gc_index],DIAGNOSTIC
zoom_dchi2,18|16,12.527,delta chi2 (raw) [sl_index|gc_index],DIAGNOSTIC
zoom_dchi2,18|17,16.768,delta chi2 (raw) [sl_index|gc_index],DIAGNOSTIC
zoom_dchi2,18|18,21.981,delta chi2 (raw) [sl_index|gc_index],DIAGNOSTIC
zoom_dchi2,18|19,28.202,delta chi2 (raw) [sl_index|gc_index],DIAGNOSTIC
zoom_dchi2,18|20,35.469,delta chi2 (raw) [sl_index|gc_index],DIAGNOSTIC
zoom_dchi2,19|0,54.592,delta chi2 (raw) [sl_index|gc_index],DIAGNOSTIC
zoom_dchi2,19|1,47.435,delta chi2 (raw) [sl_index|gc_index],DIAGNOSTIC
zoom_dchi2,19|2,40.769,delta chi2 (raw) [sl_index|gc_index],DIAGNOSTIC
zoom_dchi2,19|3,34.615,delta chi2 (raw) [sl_index|gc_index],DIAGNOSTIC
zoom_dchi2,19|4,29.000,delta chi2 (raw) [sl_index|gc_index],DIAGNOSTIC
zoom_dchi2,19|5,23.948,delta chi2 (raw) [sl_index|gc_index],DIAGNOSTIC
zoom_dchi2,19|6,19.486,delta chi2 (raw) [sl_index|gc_index],DIAGNOSTIC
zoom_dchi2,19|7,15.640,delta chi2 (raw) [sl_index|gc_index],DIAGNOSTIC
zoom_dchi2,19|8,12.439,delta chi2 (raw) [sl_index|gc_index],DIAGNOSTIC
zoom_dchi2,19|9,9.911,delta chi2 (raw) [sl_index|gc_index],DIAGNOSTIC
zoom_dchi2,19|10,8.085,delta chi2 (raw) [sl_index|gc_index],DIAGNOSTIC
zoom_dchi2,19|11,6.993,delta chi2 (raw) [sl_index|gc_index],DIAGNOSTIC
zoom_dchi2,19|12,6.664,delta chi2 (raw) [sl_index|gc_index],DIAGNOSTIC
zoom_dchi2,19|13,7.132,delta chi2 (raw) [sl_index|gc_index],DIAGNOSTIC
zoom_dchi2,19|14,8.429,delta chi2 (raw) [sl_index|gc_index],DIAGNOSTIC
zoom_dchi2,19|15,10.589,delta chi2 (raw) [sl_index|gc_index],DIAGNOSTIC
zoom_dchi2,19|16,13.646,delta chi2 (raw) [sl_index|gc_index],DIAGNOSTIC
zoom_dchi2,19|17,17.637,delta chi2 (raw) [sl_index|gc_index],DIAGNOSTIC
zoom_dchi2,19|18,22.598,delta chi2 (raw) [sl_index|gc_index],DIAGNOSTIC
zoom_dchi2,19|19,28.566,delta chi2 (raw) [sl_index|gc_index],DIAGNOSTIC
zoom_dchi2,19|20,35.580,delta chi2 (raw) [sl_index|gc_index],DIAGNOSTIC
zoom_dchi2,20|0,59.999,delta chi2 (raw) [sl_index|gc_index],DIAGNOSTIC
zoom_dchi2,20|1,52.627,delta chi2 (raw) [sl_index|gc_index],DIAGNOSTIC
zoom_dchi2,20|2,45.740,delta chi2 (raw) [sl_index|gc_index],DIAGNOSTIC
zoom_dchi2,20|3,39.361,delta chi2 (raw) [sl_index|gc_index],DIAGNOSTIC
zoom_dchi2,20|4,33.515,delta chi2 (raw) [sl_index|gc_index],DIAGNOSTIC
zoom_dchi2,20|5,28.227,delta chi2 (raw) [sl_index|gc_index],DIAGNOSTIC
zoom_dchi2,20|6,23.525,delta chi2 (raw) [sl_index|gc_index],DIAGNOSTIC
zoom_dchi2,20|7,19.436,delta chi2 (raw) [sl_index|gc_index],DIAGNOSTIC
zoom_dchi2,20|8,15.986,delta chi2 (raw) [sl_index|gc_index],DIAGNOSTIC
zoom_dchi2,20|9,13.206,delta chi2 (raw) [sl_index|gc_index],DIAGNOSTIC
zoom_dchi2,20|10,11.126,delta chi2 (raw) [sl_index|gc_index],DIAGNOSTIC
zoom_dchi2,20|11,9.775,delta chi2 (raw) [sl_index|gc_index],DIAGNOSTIC
zoom_dchi2,20|12,9.185,delta chi2 (raw) [sl_index|gc_index],DIAGNOSTIC
zoom_dchi2,20|13,9.389,delta chi2 (raw) [sl_index|gc_index],DIAGNOSTIC
zoom_dchi2,20|14,10.419,delta chi2 (raw) [sl_index|gc_index],DIAGNOSTIC
zoom_dchi2,20|15,12.311,delta chi2 (raw) [sl_index|gc_index],DIAGNOSTIC
zoom_dchi2,20|16,15.098,delta chi2 (raw) [sl_index|gc_index],DIAGNOSTIC
zoom_dchi2,20|17,18.817,delta chi2 (raw) [sl_index|gc_index],DIAGNOSTIC
zoom_dchi2,20|18,23.504,delta chi2 (raw) [sl_index|gc_index],DIAGNOSTIC
zoom_dchi2,20|19,29.199,delta chi2 (raw) [sl_index|gc_index],DIAGNOSTIC
zoom_dchi2,20|20,35.938,delta chi2 (raw) [sl_index|gc_index],DIAGNOSTIC
zoom_transit,0|0,1.5905,"MHz, profiled transit at this cell (<0.02 = pinned at the 0 bound, where the ellipse equivalence fails)",DIAGNOSTIC
zoom_transit,0|1,1.5778,"MHz, profiled transit at this cell (<0.02 = pinned at the 0 bound, where the ellipse equivalence fails)",DIAGNOSTIC
zoom_transit,0|2,1.5651,"MHz, profiled transit at this cell (<0.02 = pinned at the 0 bound, where the ellipse equivalence fails)",DIAGNOSTIC
zoom_transit,0|3,1.5524,"MHz, profiled transit at this cell (<0.02 = pinned at the 0 bound, where the ellipse equivalence fails)",DIAGNOSTIC
zoom_transit,0|4,1.5396,"MHz, profiled transit at this cell (<0.02 = pinned at the 0 bound, where the ellipse equivalence fails)",DIAGNOSTIC
zoom_transit,0|5,1.5268,"MHz, profiled transit at this cell (<0.02 = pinned at the 0 bound, where the ellipse equivalence fails)",DIAGNOSTIC
zoom_transit,0|6,1.5140,"MHz, profiled transit at this cell (<0.02 = pinned at the 0 bound, where the ellipse equivalence fails)",DIAGNOSTIC
zoom_transit,0|7,1.5012,"MHz, profiled transit at this cell (<0.02 = pinned at the 0 bound, where the ellipse equivalence fails)",DIAGNOSTIC
zoom_transit,0|8,1.4883,"MHz, profiled transit at this cell (<0.02 = pinned at the 0 bound, where the ellipse equivalence fails)",DIAGNOSTIC
zoom_transit,0|9,1.4754,"MHz, profiled transit at this cell (<0.02 = pinned at the 0 bound, where the ellipse equivalence fails)",DIAGNOSTIC
zoom_transit,0|10,1.4625,"MHz, profiled transit at this cell (<0.02 = pinned at the 0 bound, where the ellipse equivalence fails)",DIAGNOSTIC
zoom_transit,0|11,1.4495,"MHz, profiled transit at this cell (<0.02 = pinned at the 0 bound, where the ellipse equivalence fails)",DIAGNOSTIC
zoom_transit,0|12,1.4365,"MHz, profiled transit at this cell (<0.02 = pinned at the 0 bound, where the ellipse equivalence fails)",DIAGNOSTIC
zoom_transit,0|13,1.4235,"MHz, profiled transit at this cell (<0.02 = pinned at the 0 bound, where the ellipse equivalence fails)",DIAGNOSTIC
zoom_transit,0|14,1.4104,"MHz, profiled transit at this cell (<0.02 = pinned at the 0 bound, where the ellipse equivalence fails)",DIAGNOSTIC
zoom_transit,0|15,1.3973,"MHz, profiled transit at this cell (<0.02 = pinned at the 0 bound, where the ellipse equivalence fails)",DIAGNOSTIC
zoom_transit,0|16,1.3842,"MHz, profiled transit at this cell (<0.02 = pinned at the 0 bound, where the ellipse equivalence fails)",DIAGNOSTIC
zoom_transit,0|17,1.3710,"MHz, profiled transit at this cell (<0.02 = pinned at the 0 bound, where the ellipse equivalence fails)",DIAGNOSTIC
zoom_transit,0|18,1.3578,"MHz, profiled transit at this cell (<0.02 = pinned at the 0 bound, where the ellipse equivalence fails)",DIAGNOSTIC
zoom_transit,0|19,1.3446,"MHz, profiled transit at this cell (<0.02 = pinned at the 0 bound, where the ellipse equivalence fails)",DIAGNOSTIC
zoom_transit,0|20,1.3313,"MHz, profiled transit at this cell (<0.02 = pinned at the 0 bound, where the ellipse equivalence fails)",DIAGNOSTIC
zoom_transit,1|0,1.5905,"MHz, profiled transit at this cell (<0.02 = pinned at the 0 bound, where the ellipse equivalence fails)",DIAGNOSTIC
zoom_transit,1|1,1.5778,"MHz, profiled transit at this cell (<0.02 = pinned at the 0 bound, where the ellipse equivalence fails)",DIAGNOSTIC
zoom_transit,1|2,1.5651,"MHz, profiled transit at this cell (<0.02 = pinned at the 0 bound, where the ellipse equivalence fails)",DIAGNOSTIC
zoom_transit,1|3,1.5524,"MHz, profiled transit at this cell (<0.02 = pinned at the 0 bound, where the ellipse equivalence fails)",DIAGNOSTIC
zoom_transit,1|4,1.5396,"MHz, profiled transit at this cell (<0.02 = pinned at the 0 bound, where the ellipse equivalence fails)",DIAGNOSTIC
zoom_transit,1|5,1.5268,"MHz, profiled transit at this cell (<0.02 = pinned at the 0 bound, where the ellipse equivalence fails)",DIAGNOSTIC
zoom_transit,1|6,1.5140,"MHz, profiled transit at this cell (<0.02 = pinned at the 0 bound, where the ellipse equivalence fails)",DIAGNOSTIC
zoom_transit,1|7,1.5012,"MHz, profiled transit at this cell (<0.02 = pinned at the 0 bound, where the ellipse equivalence fails)",DIAGNOSTIC
zoom_transit,1|8,1.4883,"MHz, profiled transit at this cell (<0.02 = pinned at the 0 bound, where the ellipse equivalence fails)",DIAGNOSTIC
zoom_transit,1|9,1.4754,"MHz, profiled transit at this cell (<0.02 = pinned at the 0 bound, where the ellipse equivalence fails)",DIAGNOSTIC
zoom_transit,1|10,1.4625,"MHz, profiled transit at this cell (<0.02 = pinned at the 0 bound, where the ellipse equivalence fails)",DIAGNOSTIC
zoom_transit,1|11,1.4495,"MHz, profiled transit at this cell (<0.02 = pinned at the 0 bound, where the ellipse equivalence fails)",DIAGNOSTIC
zoom_transit,1|12,1.4365,"MHz, profiled transit at this cell (<0.02 = pinned at the 0 bound, where the ellipse equivalence fails)",DIAGNOSTIC
zoom_transit,1|13,1.4235,"MHz, profiled transit at this cell (<0.02 = pinned at the 0 bound, where the ellipse equivalence fails)",DIAGNOSTIC
zoom_transit,1|14,1.4104,"MHz, profiled transit at this cell (<0.02 = pinned at the 0 bound, where the ellipse equivalence fails)",DIAGNOSTIC
zoom_transit,1|15,1.3973,"MHz, profiled transit at this cell (<0.02 = pinned at the 0 bound, where the ellipse equivalence fails)",DIAGNOSTIC
zoom_transit,1|16,1.3842,"MHz, profiled transit at this cell (<0.02 = pinned at the 0 bound, where the ellipse equivalence fails)",DIAGNOSTIC
zoom_transit,1|17,1.3710,"MHz, profiled transit at this cell (<0.02 = pinned at the 0 bound, where the ellipse equivalence fails)",DIAGNOSTIC
zoom_transit,1|18,1.3578,"MHz, profiled transit at this cell (<0.02 = pinned at the 0 bound, where the ellipse equivalence fails)",DIAGNOSTIC
zoom_transit,1|19,1.3446,"MHz, profiled transit at this cell (<0.02 = pinned at the 0 bound, where the ellipse equivalence fails)",DIAGNOSTIC
zoom_transit,1|20,1.3313,"MHz, profiled transit at this cell (<0.02 = pinned at the 0 bound, where the ellipse equivalence fails)",DIAGNOSTIC
zoom_transit,2|0,1.5904,"MHz, profiled transit at this cell (<0.02 = pinned at the 0 bound, where the ellipse equivalence fails)",DIAGNOSTIC
zoom_transit,2|1,1.5778,"MHz, profiled transit at this cell (<0.02 = pinned at the 0 bound, where the ellipse equivalence fails)",DIAGNOSTIC
zoom_transit,2|2,1.5651,"MHz, profiled transit at this cell (<0.02 = pinned at the 0 bound, where the ellipse equivalence fails)",DIAGNOSTIC
zoom_transit,2|3,1.5523,"MHz, profiled transit at this cell (<0.02 = pinned at the 0 bound, where the ellipse equivalence fails)",DIAGNOSTIC
zoom_transit,2|4,1.5396,"MHz, profiled transit at this cell (<0.02 = pinned at the 0 bound, where the ellipse equivalence fails)",DIAGNOSTIC
zoom_transit,2|5,1.5268,"MHz, profiled transit at this cell (<0.02 = pinned at the 0 bound, where the ellipse equivalence fails)",DIAGNOSTIC
zoom_transit,2|6,1.5140,"MHz, profiled transit at this cell (<0.02 = pinned at the 0 bound, where the ellipse equivalence fails)",DIAGNOSTIC
zoom_transit,2|7,1.5011,"MHz, profiled transit at this cell (<0.02 = pinned at the 0 bound, where the ellipse equivalence fails)",DIAGNOSTIC
zoom_transit,2|8,1.4883,"MHz, profiled transit at this cell (<0.02 = pinned at the 0 bound, where the ellipse equivalence fails)",DIAGNOSTIC
zoom_transit,2|9,1.4754,"MHz, profiled transit at this cell (<0.02 = pinned at the 0 bound, where the ellipse equivalence fails)",DIAGNOSTIC
zoom_transit,2|10,1.4624,"MHz, profiled transit at this cell (<0.02 = pinned at the 0 bound, where the ellipse equivalence fails)",DIAGNOSTIC
zoom_transit,2|11,1.4495,"MHz, profiled transit at this cell (<0.02 = pinned at the 0 bound, where the ellipse equivalence fails)",DIAGNOSTIC
zoom_transit,2|12,1.4365,"MHz, profiled transit at this cell (<0.02 = pinned at the 0 bound, where the ellipse equivalence fails)",DIAGNOSTIC
zoom_transit,2|13,1.4234,"MHz, profiled transit at this cell (<0.02 = pinned at the 0 bound, where the ellipse equivalence fails)",DIAGNOSTIC
zoom_transit,2|14,1.4104,"MHz, profiled transit at this cell (<0.02 = pinned at the 0 bound, where the ellipse equivalence fails)",DIAGNOSTIC
zoom_transit,2|15,1.3973,"MHz, profiled transit at this cell (<0.02 = pinned at the 0 bound, where the ellipse equivalence fails)",DIAGNOSTIC
zoom_transit,2|16,1.3842,"MHz, profiled transit at this cell (<0.02 = pinned at the 0 bound, where the ellipse equivalence fails)",DIAGNOSTIC
zoom_transit,2|17,1.3710,"MHz, profiled transit at this cell (<0.02 = pinned at the 0 bound, where the ellipse equivalence fails)",DIAGNOSTIC
zoom_transit,2|18,1.3578,"MHz, profiled transit at this cell (<0.02 = pinned at the 0 bound, where the ellipse equivalence fails)",DIAGNOSTIC
zoom_transit,2|19,1.3445,"MHz, profiled transit at this cell (<0.02 = pinned at the 0 bound, where the ellipse equivalence fails)",DIAGNOSTIC
zoom_transit,2|20,1.3313,"MHz, profiled transit at this cell (<0.02 = pinned at the 0 bound, where the ellipse equivalence fails)",DIAGNOSTIC
zoom_transit,3|0,1.5902,"MHz, profiled transit at this cell (<0.02 = pinned at the 0 bound, where the ellipse equivalence fails)",DIAGNOSTIC
zoom_transit,3|1,1.5775,"MHz, profiled transit at this cell (<0.02 = pinned at the 0 bound, where the ellipse equivalence fails)",DIAGNOSTIC
zoom_transit,3|2,1.5648,"MHz, profiled transit at this cell (<0.02 = pinned at the 0 bound, where the ellipse equivalence fails)",DIAGNOSTIC
zoom_transit,3|3,1.5520,"MHz, profiled transit at this cell (<0.02 = pinned at the 0 bound, where the ellipse equivalence fails)",DIAGNOSTIC
zoom_transit,3|4,1.5393,"MHz, profiled transit at this cell (<0.02 = pinned at the 0 bound, where the ellipse equivalence fails)",DIAGNOSTIC
zoom_transit,3|5,1.5265,"MHz, profiled transit at this cell (<0.02 = pinned at the 0 bound, where the ellipse equivalence fails)",DIAGNOSTIC
zoom_transit,3|6,1.5137,"MHz, profiled transit at this cell (<0.02 = pinned at the 0 bound, where the ellipse equivalence fails)",DIAGNOSTIC
zoom_transit,3|7,1.5008,"MHz, profiled transit at this cell (<0.02 = pinned at the 0 bound, where the ellipse equivalence fails)",DIAGNOSTIC
zoom_transit,3|8,1.4880,"MHz, profiled transit at this cell (<0.02 = pinned at the 0 bound, where the ellipse equivalence fails)",DIAGNOSTIC
zoom_transit,3|9,1.4751,"MHz, profiled transit at this cell (<0.02 = pinned at the 0 bound, where the ellipse equivalence fails)",DIAGNOSTIC
zoom_transit,3|10,1.4621,"MHz, profiled transit at this cell (<0.02 = pinned at the 0 bound, where the ellipse equivalence fails)",DIAGNOSTIC
zoom_transit,3|11,1.4492,"MHz, profiled transit at this cell (<0.02 = pinned at the 0 bound, where the ellipse equivalence fails)",DIAGNOSTIC
zoom_transit,3|12,1.4362,"MHz, profiled transit at this cell (<0.02 = pinned at the 0 bound, where the ellipse equivalence fails)",DIAGNOSTIC
zoom_transit,3|13,1.4231,"MHz, profiled transit at this cell (<0.02 = pinned at the 0 bound, where the ellipse equivalence fails)",DIAGNOSTIC
zoom_transit,3|14,1.4101,"MHz, profiled transit at this cell (<0.02 = pinned at the 0 bound, where the ellipse equivalence fails)",DIAGNOSTIC
zoom_transit,3|15,1.3970,"MHz, profiled transit at this cell (<0.02 = pinned at the 0 bound, where the ellipse equivalence fails)",DIAGNOSTIC
zoom_transit,3|16,1.3838,"MHz, profiled transit at this cell (<0.02 = pinned at the 0 bound, where the ellipse equivalence fails)",DIAGNOSTIC
zoom_transit,3|17,1.3707,"MHz, profiled transit at this cell (<0.02 = pinned at the 0 bound, where the ellipse equivalence fails)",DIAGNOSTIC
zoom_transit,3|18,1.3575,"MHz, profiled transit at this cell (<0.02 = pinned at the 0 bound, where the ellipse equivalence fails)",DIAGNOSTIC
zoom_transit,3|19,1.3442,"MHz, profiled transit at this cell (<0.02 = pinned at the 0 bound, where the ellipse equivalence fails)",DIAGNOSTIC
zoom_transit,3|20,1.3309,"MHz, profiled transit at this cell (<0.02 = pinned at the 0 bound, where the ellipse equivalence fails)",DIAGNOSTIC
zoom_transit,4|0,1.5896,"MHz, profiled transit at this cell (<0.02 = pinned at the 0 bound, where the ellipse equivalence fails)",DIAGNOSTIC
zoom_transit,4|1,1.5769,"MHz, profiled transit at this cell (<0.02 = pinned at the 0 bound, where the ellipse equivalence fails)",DIAGNOSTIC
zoom_transit,4|2,1.5642,"MHz, profiled transit at this cell (<0.02 = pinned at the 0 bound, where the ellipse equivalence fails)",DIAGNOSTIC
zoom_transit,4|3,1.5515,"MHz, profiled transit at this cell (<0.02 = pinned at the 0 bound, where the ellipse equivalence fails)",DIAGNOSTIC
zoom_transit,4|4,1.5387,"MHz, profiled transit at this cell (<0.02 = pinned at the 0 bound, where the ellipse equivalence fails)",DIAGNOSTIC
zoom_transit,4|5,1.5259,"MHz, profiled transit at this cell (<0.02 = pinned at the 0 bound, where the ellipse equivalence fails)",DIAGNOSTIC
zoom_transit,4|6,1.5131,"MHz, profiled transit at this cell (<0.02 = pinned at the 0 bound, where the ellipse equivalence fails)",DIAGNOSTIC
zoom_transit,4|7,1.5003,"MHz, profiled transit at this cell (<0.02 = pinned at the 0 bound, where the ellipse equivalence fails)",DIAGNOSTIC
zoom_transit,4|8,1.4874,"MHz, profiled transit at this cell (<0.02 = pinned at the 0 bound, where the ellipse equivalence fails)",DIAGNOSTIC
zoom_transit,4|9,1.4745,"MHz, profiled transit at this cell (<0.02 = pinned at the 0 bound, where the ellipse equivalence fails)",DIAGNOSTIC
zoom_transit,4|10,1.4615,"MHz, profiled transit at this cell (<0.02 = pinned at the 0 bound, where the ellipse equivalence fails)",DIAGNOSTIC
zoom_transit,4|11,1.4486,"MHz, profiled transit at this cell (<0.02 = pinned at the 0 bound, where the ellipse equivalence fails)",DIAGNOSTIC
zoom_transit,4|12,1.4356,"MHz, profiled transit at this cell (<0.02 = pinned at the 0 bound, where the ellipse equivalence fails)",DIAGNOSTIC
zoom_transit,4|13,1.4225,"MHz, profiled transit at this cell (<0.02 = pinned at the 0 bound, where the ellipse equivalence fails)",DIAGNOSTIC
zoom_transit,4|14,1.4095,"MHz, profiled transit at this cell (<0.02 = pinned at the 0 bound, where the ellipse equivalence fails)",DIAGNOSTIC
zoom_transit,4|15,1.3964,"MHz, profiled transit at this cell (<0.02 = pinned at the 0 bound, where the ellipse equivalence fails)",DIAGNOSTIC
zoom_transit,4|16,1.3832,"MHz, profiled transit at this cell (<0.02 = pinned at the 0 bound, where the ellipse equivalence fails)",DIAGNOSTIC
zoom_transit,4|17,1.3701,"MHz, profiled transit at this cell (<0.02 = pinned at the 0 bound, where the ellipse equivalence fails)",DIAGNOSTIC
zoom_transit,4|18,1.3569,"MHz, profiled transit at this cell (<0.02 = pinned at the 0 bound, where the ellipse equivalence fails)",DIAGNOSTIC
zoom_transit,4|19,1.3436,"MHz, profiled transit at this cell (<0.02 = pinned at the 0 bound, where the ellipse equivalence fails)",DIAGNOSTIC
zoom_transit,4|20,1.3303,"MHz, profiled transit at this cell (<0.02 = pinned at the 0 bound, where the ellipse equivalence fails)",DIAGNOSTIC
zoom_transit,5|0,1.5888,"MHz, profiled transit at this cell (<0.02 = pinned at the 0 bound, where the ellipse equivalence fails)",DIAGNOSTIC
zoom_transit,5|1,1.5761,"MHz, profiled transit at this cell (<0.02 = pinned at the 0 bound, where the ellipse equivalence fails)",DIAGNOSTIC
zoom_transit,5|2,1.5634,"MHz, profiled transit at this cell (<0.02 = pinned at the 0 bound, where the ellipse equivalence fails)",DIAGNOSTIC
zoom_transit,5|3,1.5506,"MHz, profiled transit at this cell (<0.02 = pinned at the 0 bound, where the ellipse equivalence fails)",DIAGNOSTIC
zoom_transit,5|4,1.5379,"MHz, profiled transit at this cell (<0.02 = pinned at the 0 bound, where the ellipse equivalence fails)",DIAGNOSTIC
zoom_transit,5|5,1.5251,"MHz, profiled transit at this cell (<0.02 = pinned at the 0 bound, where the ellipse equivalence fails)",DIAGNOSTIC
zoom_transit,5|6,1.5122,"MHz, profiled transit at this cell (<0.02 = pinned at the 0 bound, where the ellipse equivalence fails)",DIAGNOSTIC
zoom_transit,5|7,1.4994,"MHz, profiled transit at this cell (<0.02 = pinned at the 0 bound, where the ellipse equivalence fails)",DIAGNOSTIC
zoom_transit,5|8,1.4865,"MHz, profiled transit at this cell (<0.02 = pinned at the 0 bound, where the ellipse equivalence fails)",DIAGNOSTIC
zoom_transit,5|9,1.4736,"MHz, profiled transit at this cell (<0.02 = pinned at the 0 bound, where the ellipse equivalence fails)",DIAGNOSTIC
zoom_transit,5|10,1.4607,"MHz, profiled transit at this cell (<0.02 = pinned at the 0 bound, where the ellipse equivalence fails)",DIAGNOSTIC
zoom_transit,5|11,1.4477,"MHz, profiled transit at this cell (<0.02 = pinned at the 0 bound, where the ellipse equivalence fails)",DIAGNOSTIC
zoom_transit,5|12,1.4347,"MHz, profiled transit at this cell (<0.02 = pinned at the 0 bound, where the ellipse equivalence fails)",DIAGNOSTIC
zoom_transit,5|13,1.4217,"MHz, profiled transit at this cell (<0.02 = pinned at the 0 bound, where the ellipse equivalence fails)",DIAGNOSTIC
zoom_transit,5|14,1.4086,"MHz, profiled transit at this cell (<0.02 = pinned at the 0 bound, where the ellipse equivalence fails)",DIAGNOSTIC
zoom_transit,5|15,1.3955,"MHz, profiled transit at this cell (<0.02 = pinned at the 0 bound, where the ellipse equivalence fails)",DIAGNOSTIC
zoom_transit,5|16,1.3824,"MHz, profiled transit at this cell (<0.02 = pinned at the 0 bound, where the ellipse equivalence fails)",DIAGNOSTIC
zoom_transit,5|17,1.3692,"MHz, profiled transit at this cell (<0.02 = pinned at the 0 bound, where the ellipse equivalence fails)",DIAGNOSTIC
zoom_transit,5|18,1.3560,"MHz, profiled transit at this cell (<0.02 = pinned at the 0 bound, where the ellipse equivalence fails)",DIAGNOSTIC
zoom_transit,5|19,1.3427,"MHz, profiled transit at this cell (<0.02 = pinned at the 0 bound, where the ellipse equivalence fails)",DIAGNOSTIC
zoom_transit,5|20,1.3294,"MHz, profiled transit at this cell (<0.02 = pinned at the 0 bound, where the ellipse equivalence fails)",DIAGNOSTIC
zoom_transit,6|0,1.5876,"MHz, profiled transit at this cell (<0.02 = pinned at the 0 bound, where the ellipse equivalence fails)",DIAGNOSTIC
zoom_transit,6|1,1.5750,"MHz, profiled transit at this cell (<0.02 = pinned at the 0 bound, where the ellipse equivalence fails)",DIAGNOSTIC
zoom_transit,6|2,1.5622,"MHz, profiled transit at this cell (<0.02 = pinned at the 0 bound, where the ellipse equivalence fails)",DIAGNOSTIC
zoom_transit,6|3,1.5495,"MHz, profiled transit at this cell (<0.02 = pinned at the 0 bound, where the ellipse equivalence fails)",DIAGNOSTIC
zoom_transit,6|4,1.5367,"MHz, profiled transit at this cell (<0.02 = pinned at the 0 bound, where the ellipse equivalence fails)",DIAGNOSTIC
zoom_transit,6|5,1.5239,"MHz, profiled transit at this cell (<0.02 = pinned at the 0 bound, where the ellipse equivalence fails)",DIAGNOSTIC
zoom_transit,6|6,1.5111,"MHz, profiled transit at this cell (<0.02 = pinned at the 0 bound, where the ellipse equivalence fails)",DIAGNOSTIC
zoom_transit,6|7,1.4983,"MHz, profiled transit at this cell (<0.02 = pinned at the 0 bound, where the ellipse equivalence fails)",DIAGNOSTIC
zoom_transit,6|8,1.4854,"MHz, profiled transit at this cell (<0.02 = pinned at the 0 bound, where the ellipse equivalence fails)",DIAGNOSTIC
zoom_transit,6|9,1.4725,"MHz, profiled transit at this cell (<0.02 = pinned at the 0 bound, where the ellipse equivalence fails)",DIAGNOSTIC
zoom_transit,6|10,1.4595,"MHz, profiled transit at this cell (<0.02 = pinned at the 0 bound, where the ellipse equivalence fails)",DIAGNOSTIC
zoom_transit,6|11,1.4466,"MHz, profiled transit at this cell (<0.02 = pinned at the 0 bound, where the ellipse equivalence fails)",DIAGNOSTIC
zoom_transit,6|12,1.4335,"MHz, profiled transit at this cell (<0.02 = pinned at the 0 bound, where the ellipse equivalence fails)",DIAGNOSTIC
zoom_transit,6|13,1.4205,"MHz, profiled transit at this cell (<0.02 = pinned at the 0 bound, where the ellipse equivalence fails)",DIAGNOSTIC
zoom_transit,6|14,1.4074,"MHz, profiled transit at this cell (<0.02 = pinned at the 0 bound, where the ellipse equivalence fails)",DIAGNOSTIC
zoom_transit,6|15,1.3943,"MHz, profiled transit at this cell (<0.02 = pinned at the 0 bound, where the ellipse equivalence fails)",DIAGNOSTIC
zoom_transit,6|16,1.3812,"MHz, profiled transit at this cell (<0.02 = pinned at the 0 bound, where the ellipse equivalence fails)",DIAGNOSTIC
zoom_transit,6|17,1.3680,"MHz, profiled transit at this cell (<0.02 = pinned at the 0 bound, where the ellipse equivalence fails)",DIAGNOSTIC
zoom_transit,6|18,1.3548,"MHz, profiled transit at this cell (<0.02 = pinned at the 0 bound, where the ellipse equivalence fails)",DIAGNOSTIC
zoom_transit,6|19,1.3415,"MHz, profiled transit at this cell (<0.02 = pinned at the 0 bound, where the ellipse equivalence fails)",DIAGNOSTIC
zoom_transit,6|20,1.3282,"MHz, profiled transit at this cell (<0.02 = pinned at the 0 bound, where the ellipse equivalence fails)",DIAGNOSTIC
zoom_transit,7|0,1.5863,"MHz, profiled transit at this cell (<0.02 = pinned at the 0 bound, where the ellipse equivalence fails)",DIAGNOSTIC
zoom_transit,7|1,1.5736,"MHz, profiled transit at this cell (<0.02 = pinned at the 0 bound, where the ellipse equivalence fails)",DIAGNOSTIC
zoom_transit,7|2,1.5609,"MHz, profiled transit at this cell (<0.02 = pinned at the 0 bound, where the ellipse equivalence fails)",DIAGNOSTIC
zoom_transit,7|3,1.5481,"MHz, profiled transit at this cell (<0.02 = pinned at the 0 bound, where the ellipse equivalence fails)",DIAGNOSTIC
zoom_transit,7|4,1.5353,"MHz, profiled transit at this cell (<0.02 = pinned at the 0 bound, where the ellipse equivalence fails)",DIAGNOSTIC
zoom_transit,7|5,1.5225,"MHz, profiled transit at this cell (<0.02 = pinned at the 0 bound, where the ellipse equivalence fails)",DIAGNOSTIC
zoom_transit,7|6,1.5097,"MHz, profiled transit at this cell (<0.02 = pinned at the 0 bound, where the ellipse equivalence fails)",DIAGNOSTIC
zoom_transit,7|7,1.4969,"MHz, profiled transit at this cell (<0.02 = pinned at the 0 bound, where the ellipse equivalence fails)",DIAGNOSTIC
zoom_transit,7|8,1.4840,"MHz, profiled transit at this cell (<0.02 = pinned at the 0 bound, where the ellipse equivalence fails)",DIAGNOSTIC
zoom_transit,7|9,1.4710,"MHz, profiled transit at this cell (<0.02 = pinned at the 0 bound, where the ellipse equivalence fails)",DIAGNOSTIC
zoom_transit,7|10,1.4581,"MHz, profiled transit at this cell (<0.02 = pinned at the 0 bound, where the ellipse equivalence fails)",DIAGNOSTIC
zoom_transit,7|11,1.4451,"MHz, profiled transit at this cell (<0.02 = pinned at the 0 bound, where the ellipse equivalence fails)",DIAGNOSTIC
zoom_transit,7|12,1.4321,"MHz, profiled transit at this cell (<0.02 = pinned at the 0 bound, where the ellipse equivalence fails)",DIAGNOSTIC
zoom_transit,7|13,1.4191,"MHz, profiled transit at this cell (<0.02 = pinned at the 0 bound, where the ellipse equivalence fails)",DIAGNOSTIC
zoom_transit,7|14,1.4060,"MHz, profiled transit at this cell (<0.02 = pinned at the 0 bound, where the ellipse equivalence fails)",DIAGNOSTIC
zoom_transit,7|15,1.3929,"MHz, profiled transit at this cell (<0.02 = pinned at the 0 bound, where the ellipse equivalence fails)",DIAGNOSTIC
zoom_transit,7|16,1.3797,"MHz, profiled transit at this cell (<0.02 = pinned at the 0 bound, where the ellipse equivalence fails)",DIAGNOSTIC
zoom_transit,7|17,1.3665,"MHz, profiled transit at this cell (<0.02 = pinned at the 0 bound, where the ellipse equivalence fails)",DIAGNOSTIC
zoom_transit,7|18,1.3533,"MHz, profiled transit at this cell (<0.02 = pinned at the 0 bound, where the ellipse equivalence fails)",DIAGNOSTIC
zoom_transit,7|19,1.3400,"MHz, profiled transit at this cell (<0.02 = pinned at the 0 bound, where the ellipse equivalence fails)",DIAGNOSTIC
zoom_transit,7|20,1.3267,"MHz, profiled transit at this cell (<0.02 = pinned at the 0 bound, where the ellipse equivalence fails)",DIAGNOSTIC
zoom_transit,8|0,1.5846,"MHz, profiled transit at this cell (<0.02 = pinned at the 0 bound, where the ellipse equivalence fails)",DIAGNOSTIC
zoom_transit,8|1,1.5719,"MHz, profiled transit at this cell (<0.02 = pinned at the 0 bound, where the ellipse equivalence fails)",DIAGNOSTIC
zoom_transit,8|2,1.5592,"MHz, profiled transit at this cell (<0.02 = pinned at the 0 bound, where the ellipse equivalence fails)",DIAGNOSTIC
zoom_transit,8|3,1.5464,"MHz, profiled transit at this cell (<0.02 = pinned at the 0 bound, where the ellipse equivalence fails)",DIAGNOSTIC
zoom_transit,8|4,1.5337,"MHz, profiled transit at this cell (<0.02 = pinned at the 0 bound, where the ellipse equivalence fails)",DIAGNOSTIC
zoom_transit,8|5,1.5209,"MHz, profiled transit at this cell (<0.02 = pinned at the 0 bound, where the ellipse equivalence fails)",DIAGNOSTIC
zoom_transit,8|6,1.5080,"MHz, profiled transit at this cell (<0.02 = pinned at the 0 bound, where the ellipse equivalence fails)",DIAGNOSTIC
zoom_transit,8|7,1.4952,"MHz, profiled transit at this cell (<0.02 = pinned at the 0 bound, where the ellipse equivalence fails)",DIAGNOSTIC
zoom_transit,8|8,1.4823,"MHz, profiled transit at this cell (<0.02 = pinned at the 0 bound, where the ellipse equivalence fails)",DIAGNOSTIC
zoom_transit,8|9,1.4693,"MHz, profiled transit at this cell (<0.02 = pinned at the 0 bound, where the ellipse equivalence fails)",DIAGNOSTIC
zoom_transit,8|10,1.4564,"MHz, profiled transit at this cell (<0.02 = pinned at the 0 bound, where the ellipse equivalence fails)",DIAGNOSTIC
zoom_transit,8|11,1.4434,"MHz, profiled transit at this cell (<0.02 = pinned at the 0 bound, where the ellipse equivalence fails)",DIAGNOSTIC
zoom_transit,8|12,1.4304,"MHz, profiled transit at this cell (<0.02 = pinned at the 0 bound, where the ellipse equivalence fails)",DIAGNOSTIC
zoom_transit,8|13,1.4173,"MHz, profiled transit at this cell (<0.02 = pinned at the 0 bound, where the ellipse equivalence fails)",DIAGNOSTIC
zoom_transit,8|14,1.4042,"MHz, profiled transit at this cell (<0.02 = pinned at the 0 bound, where the ellipse equivalence fails)",DIAGNOSTIC
zoom_transit,8|15,1.3911,"MHz, profiled transit at this cell (<0.02 = pinned at the 0 bound, where the ellipse equivalence fails)",DIAGNOSTIC
zoom_transit,8|16,1.3780,"MHz, profiled transit at this cell (<0.02 = pinned at the 0 bound, where the ellipse equivalence fails)",DIAGNOSTIC
zoom_transit,8|17,1.3648,"MHz, profiled transit at this cell (<0.02 = pinned at the 0 bound, where the ellipse equivalence fails)",DIAGNOSTIC
zoom_transit,8|18,1.3515,"MHz, profiled transit at this cell (<0.02 = pinned at the 0 bound, where the ellipse equivalence fails)",DIAGNOSTIC
zoom_transit,8|19,1.3382,"MHz, profiled transit at this cell (<0.02 = pinned at the 0 bound, where the ellipse equivalence fails)",DIAGNOSTIC
zoom_transit,8|20,1.3249,"MHz, profiled transit at this cell (<0.02 = pinned at the 0 bound, where the ellipse equivalence fails)",DIAGNOSTIC
zoom_transit,9|0,1.5827,"MHz, profiled transit at this cell (<0.02 = pinned at the 0 bound, where the ellipse equivalence fails)",DIAGNOSTIC
zoom_transit,9|1,1.5700,"MHz, profiled transit at this cell (<0.02 = pinned at the 0 bound, where the ellipse equivalence fails)",DIAGNOSTIC
zoom_transit,9|2,1.5573,"MHz, profiled transit at this cell (<0.02 = pinned at the 0 bound, where the ellipse equivalence fails)",DIAGNOSTIC
zoom_transit,9|3,1.5445,"MHz, profiled transit at this cell (<0.02 = pinned at the 0 bound, where the ellipse equivalence fails)",DIAGNOSTIC
zoom_transit,9|4,1.5317,"MHz, profiled transit at this cell (<0.02 = pinned at the 0 bound, where the ellipse equivalence fails)",DIAGNOSTIC
zoom_transit,9|5,1.5189,"MHz, profiled transit at this cell (<0.02 = pinned at the 0 bound, where the ellipse equivalence fails)",DIAGNOSTIC
zoom_transit,9|6,1.5061,"MHz, profiled transit at this cell (<0.02 = pinned at the 0 bound, where the ellipse equivalence fails)",DIAGNOSTIC
zoom_transit,9|7,1.4932,"MHz, profiled transit at this cell (<0.02 = pinned at the 0 bound, where the ellipse equivalence fails)",DIAGNOSTIC
zoom_transit,9|8,1.4803,"MHz, profiled transit at this cell (<0.02 = pinned at the 0 bound, where the ellipse equivalence fails)",DIAGNOSTIC
zoom_transit,9|9,1.4674,"MHz, profiled transit at this cell (<0.02 = pinned at the 0 bound, where the ellipse equivalence fails)",DIAGNOSTIC
zoom_transit,9|10,1.4544,"MHz, profiled transit at this cell (<0.02 = pinned at the 0 bound, where the ellipse equivalence fails)",DIAGNOSTIC
zoom_transit,9|11,1.4414,"MHz, profiled transit at this cell (<0.02 = pinned at the 0 bound, where the ellipse equivalence fails)",DIAGNOSTIC
zoom_transit,9|12,1.4284,"MHz, profiled transit at this cell (<0.02 = pinned at the 0 bound, where the ellipse equivalence fails)",DIAGNOSTIC
zoom_transit,9|13,1.4153,"MHz, profiled transit at this cell (<0.02 = pinned at the 0 bound, where the ellipse equivalence fails)",DIAGNOSTIC
zoom_transit,9|14,1.4022,"MHz, profiled transit at this cell (<0.02 = pinned at the 0 bound, where the ellipse equivalence fails)",DIAGNOSTIC
zoom_transit,9|15,1.3891,"MHz, profiled transit at this cell (<0.02 = pinned at the 0 bound, where the ellipse equivalence fails)",DIAGNOSTIC
zoom_transit,9|16,1.3759,"MHz, profiled transit at this cell (<0.02 = pinned at the 0 bound, where the ellipse equivalence fails)",DIAGNOSTIC
zoom_transit,9|17,1.3627,"MHz, profiled transit at this cell (<0.02 = pinned at the 0 bound, where the ellipse equivalence fails)",DIAGNOSTIC
zoom_transit,9|18,1.3494,"MHz, profiled transit at this cell (<0.02 = pinned at the 0 bound, where the ellipse equivalence fails)",DIAGNOSTIC
zoom_transit,9|19,1.3362,"MHz, profiled transit at this cell (<0.02 = pinned at the 0 bound, where the ellipse equivalence fails)",DIAGNOSTIC
zoom_transit,9|20,1.3228,"MHz, profiled transit at this cell (<0.02 = pinned at the 0 bound, where the ellipse equivalence fails)",DIAGNOSTIC
zoom_transit,10|0,1.5805,"MHz, profiled transit at this cell (<0.02 = pinned at the 0 bound, where the ellipse equivalence fails)",DIAGNOSTIC
zoom_transit,10|1,1.5678,"MHz, profiled transit at this cell (<0.02 = pinned at the 0 bound, where the ellipse equivalence fails)",DIAGNOSTIC
zoom_transit,10|2,1.5551,"MHz, profiled transit at this cell (<0.02 = pinned at the 0 bound, where the ellipse equivalence fails)",DIAGNOSTIC
zoom_transit,10|3,1.5423,"MHz, profiled transit at this cell (<0.02 = pinned at the 0 bound, where the ellipse equivalence fails)",DIAGNOSTIC
zoom_transit,10|4,1.5295,"MHz, profiled transit at this cell (<0.02 = pinned at the 0 bound, where the ellipse equivalence fails)",DIAGNOSTIC
zoom_transit,10|5,1.5167,"MHz, profiled transit at this cell (<0.02 = pinned at the 0 bound, where the ellipse equivalence fails)",DIAGNOSTIC
zoom_transit,10|6,1.5038,"MHz, profiled transit at this cell (<0.02 = pinned at the 0 bound, where the ellipse equivalence fails)",DIAGNOSTIC
zoom_transit,10|7,1.4910,"MHz, profiled transit at this cell (<0.02 = pinned at the 0 bound, where the ellipse equivalence fails)",DIAGNOSTIC
zoom_transit,10|8,1.4780,"MHz, profiled transit at this cell (<0.02 = pinned at the 0 bound, where the ellipse equivalence fails)",DIAGNOSTIC
zoom_transit,10|9,1.4651,"MHz, profiled transit at this cell (<0.02 = pinned at the 0 bound, where the ellipse equivalence fails)",DIAGNOSTIC
zoom_transit,10|10,1.4521,"MHz, profiled transit at this cell (<0.02 = pinned at the 0 bound, where the ellipse equivalence fails)",DIAGNOSTIC
zoom_transit,10|11,1.4391,"MHz, profiled transit at this cell (<0.02 = pinned at the 0 bound, where the ellipse equivalence fails)",DIAGNOSTIC
zoom_transit,10|12,1.4261,"MHz, profiled transit at this cell (<0.02 = pinned at the 0 bound, where the ellipse equivalence fails)",DIAGNOSTIC
zoom_transit,10|13,1.4130,"MHz, profiled transit at this cell (<0.02 = pinned at the 0 bound, where the ellipse equivalence fails)",DIAGNOSTIC
zoom_transit,10|14,1.3999,"MHz, profiled transit at this cell (<0.02 = pinned at the 0 bound, where the ellipse equivalence fails)",DIAGNOSTIC
zoom_transit,10|15,1.3867,"MHz, profiled transit at this cell (<0.02 = pinned at the 0 bound, where the ellipse equivalence fails)",DIAGNOSTIC
zoom_transit,10|16,1.3736,"MHz, profiled transit at this cell (<0.02 = pinned at the 0 bound, where the ellipse equivalence fails)",DIAGNOSTIC
zoom_transit,10|17,1.3603,"MHz, profiled transit at this cell (<0.02 = pinned at the 0 bound, where the ellipse equivalence fails)",DIAGNOSTIC
zoom_transit,10|18,1.3471,"MHz, profiled transit at this cell (<0.02 = pinned at the 0 bound, where the ellipse equivalence fails)",DIAGNOSTIC
zoom_transit,10|19,1.3338,"MHz, profiled transit at this cell (<0.02 = pinned at the 0 bound, where the ellipse equivalence fails)",DIAGNOSTIC
zoom_transit,10|20,1.3204,"MHz, profiled transit at this cell (<0.02 = pinned at the 0 bound, where the ellipse equivalence fails)",DIAGNOSTIC
zoom_transit,11|0,1.5781,"MHz, profiled transit at this cell (<0.02 = pinned at the 0 bound, where the ellipse equivalence fails)",DIAGNOSTIC
zoom_transit,11|1,1.5653,"MHz, profiled transit at this cell (<0.02 = pinned at the 0 bound, where the ellipse equivalence fails)",DIAGNOSTIC
zoom_transit,11|2,1.5526,"MHz, profiled transit at this cell (<0.02 = pinned at the 0 bound, where the ellipse equivalence fails)",DIAGNOSTIC
zoom_transit,11|3,1.5398,"MHz, profiled transit at this cell (<0.02 = pinned at the 0 bound, where the ellipse equivalence fails)",DIAGNOSTIC
zoom_transit,11|4,1.5270,"MHz, profiled transit at this cell (<0.02 = pinned at the 0 bound, where the ellipse equivalence fails)",DIAGNOSTIC
zoom_transit,11|5,1.5142,"MHz, profiled transit at this cell (<0.02 = pinned at the 0 bound, where the ellipse equivalence fails)",DIAGNOSTIC
zoom_transit,11|6,1.5013,"MHz, profiled transit at this cell (<0.02 = pinned at the 0 bound, where the ellipse equivalence fails)",DIAGNOSTIC
zoom_transit,11|7,1.4884,"MHz, profiled transit at this cell (<0.02 = pinned at the 0 bound, where the ellipse equivalence fails)",DIAGNOSTIC
zoom_transit,11|8,1.4755,"MHz, profiled transit at this cell (<0.02 = pinned at the 0 bound, where the ellipse equivalence fails)",DIAGNOSTIC
zoom_transit,11|9,1.4626,"MHz, profiled transit at this cell (<0.02 = pinned at the 0 bound, where the ellipse equivalence fails)",DIAGNOSTIC
zoom_transit,11|10,1.4496,"MHz, profiled transit at this cell (<0.02 = pinned at the 0 bound, where the ellipse equivalence fails)",DIAGNOSTIC
zoom_transit,11|11,1.4366,"MHz, profiled transit at this cell (<0.02 = pinned at the 0 bound, where the ellipse equivalence fails)",DIAGNOSTIC
zoom_transit,11|12,1.4235,"MHz, profiled transit at this cell (<0.02 = pinned at the 0 bound, where the ellipse equivalence fails)",DIAGNOSTIC
zoom_transit,11|13,1.4104,"MHz, profiled transit at this cell (<0.02 = pinned at the 0 bound, where the ellipse equivalence fails)",DIAGNOSTIC
zoom_transit,11|14,1.3973,"MHz, profiled transit at this cell (<0.02 = pinned at the 0 bound, where the ellipse equivalence fails)",DIAGNOSTIC
zoom_transit,11|15,1.3841,"MHz, profiled transit at this cell (<0.02 = pinned at the 0 bound, where the ellipse equivalence fails)",DIAGNOSTIC
zoom_transit,11|16,1.3709,"MHz, profiled transit at this cell (<0.02 = pinned at the 0 bound, where the ellipse equivalence fails)",DIAGNOSTIC
zoom_transit,11|17,1.3577,"MHz, profiled transit at this cell (<0.02 = pinned at the 0 bound, where the ellipse equivalence fails)",DIAGNOSTIC
zoom_transit,11|18,1.3444,"MHz, profiled transit at this cell (<0.02 = pinned at the 0 bound, where the ellipse equivalence fails)",DIAGNOSTIC
zoom_transit,11|19,1.3311,"MHz, profiled transit at this cell (<0.02 = pinned at the 0 bound, where the ellipse equivalence fails)",DIAGNOSTIC
zoom_transit,11|20,1.3178,"MHz, profiled transit at this cell (<0.02 = pinned at the 0 bound, where the ellipse equivalence fails)",DIAGNOSTIC
zoom_transit,12|0,1.5753,"MHz, profiled transit at this cell (<0.02 = pinned at the 0 bound, where the ellipse equivalence fails)",DIAGNOSTIC
zoom_transit,12|1,1.5626,"MHz, profiled transit at this cell (<0.02 = pinned at the 0 bound, where the ellipse equivalence fails)",DIAGNOSTIC
zoom_transit,12|2,1.5498,"MHz, profiled transit at this cell (<0.02 = pinned at the 0 bound, where the ellipse equivalence fails)",DIAGNOSTIC
zoom_transit,12|3,1.5371,"MHz, profiled transit at this cell (<0.02 = pinned at the 0 bound, where the ellipse equivalence fails)",DIAGNOSTIC
zoom_transit,12|4,1.5242,"MHz, profiled transit at this cell (<0.02 = pinned at the 0 bound, where the ellipse equivalence fails)",DIAGNOSTIC
zoom_transit,12|5,1.5114,"MHz, profiled transit at this cell (<0.02 = pinned at the 0 bound, where the ellipse equivalence fails)",DIAGNOSTIC
zoom_transit,12|6,1.4985,"MHz, profiled transit at this cell (<0.02 = pinned at the 0 bound, where the ellipse equivalence fails)",DIAGNOSTIC
zoom_transit,12|7,1.4856,"MHz, profiled transit at this cell (<0.02 = pinned at the 0 bound, where the ellipse equivalence fails)",DIAGNOSTIC
zoom_transit,12|8,1.4727,"MHz, profiled transit at this cell (<0.02 = pinned at the 0 bound, where the ellipse equivalence fails)",DIAGNOSTIC
zoom_transit,12|9,1.4597,"MHz, profiled transit at this cell (<0.02 = pinned at the 0 bound, where the ellipse equivalence fails)",DIAGNOSTIC
zoom_transit,12|10,1.4467,"MHz, profiled transit at this cell (<0.02 = pinned at the 0 bound, where the ellipse equivalence fails)",DIAGNOSTIC
zoom_transit,12|11,1.4337,"MHz, profiled transit at this cell (<0.02 = pinned at the 0 bound, where the ellipse equivalence fails)",DIAGNOSTIC
zoom_transit,12|12,1.4206,"MHz, profiled transit at this cell (<0.02 = pinned at the 0 bound, where the ellipse equivalence fails)",DIAGNOSTIC
zoom_transit,12|13,1.4075,"MHz, profiled transit at this cell (<0.02 = pinned at the 0 bound, where the ellipse equivalence fails)",DIAGNOSTIC
zoom_transit,12|14,1.3944,"MHz, profiled transit at this cell (<0.02 = pinned at the 0 bound, where the ellipse equivalence fails)",DIAGNOSTIC
zoom_transit,12|15,1.3812,"MHz, profiled transit at this cell (<0.02 = pinned at the 0 bound, where the ellipse equivalence fails)",DIAGNOSTIC
zoom_transit,12|16,1.3680,"MHz, profiled transit at this cell (<0.02 = pinned at the 0 bound, where the ellipse equivalence fails)",DIAGNOSTIC
zoom_transit,12|17,1.3548,"MHz, profiled transit at this cell (<0.02 = pinned at the 0 bound, where the ellipse equivalence fails)",DIAGNOSTIC
zoom_transit,12|18,1.3415,"MHz, profiled transit at this cell (<0.02 = pinned at the 0 bound, where the ellipse equivalence fails)",DIAGNOSTIC
zoom_transit,12|19,1.3282,"MHz, profiled transit at this cell (<0.02 = pinned at the 0 bound, where the ellipse equivalence fails)",DIAGNOSTIC
zoom_transit,12|20,1.3148,"MHz, profiled transit at this cell (<0.02 = pinned at the 0 bound, where the ellipse equivalence fails)",DIAGNOSTIC
zoom_transit,13|0,1.5723,"MHz, profiled transit at this cell (<0.02 = pinned at the 0 bound, where the ellipse equivalence fails)",DIAGNOSTIC
zoom_transit,13|1,1.5596,"MHz, profiled transit at this cell (<0.02 = pinned at the 0 bound, where the ellipse equivalence fails)",DIAGNOSTIC
zoom_transit,13|2,1.5468,"MHz, profiled transit at this cell (<0.02 = pinned at the 0 bound, where the ellipse equivalence fails)",DIAGNOSTIC
zoom_transit,13|3,1.5340,"MHz, profiled transit at this cell (<0.02 = pinned at the 0 bound, where the ellipse equivalence fails)",DIAGNOSTIC
zoom_transit,13|4,1.5212,"MHz, profiled transit at this cell (<0.02 = pinned at the 0 bound, where the ellipse equivalence fails)",DIAGNOSTIC
zoom_transit,13|5,1.5083,"MHz, profiled transit at this cell (<0.02 = pinned at the 0 bound, where the ellipse equivalence fails)",DIAGNOSTIC
zoom_transit,13|6,1.4955,"MHz, profiled transit at this cell (<0.02 = pinned at the 0 bound, where the ellipse equivalence fails)",DIAGNOSTIC
zoom_transit,13|7,1.4825,"MHz, profiled transit at this cell (<0.02 = pinned at the 0 bound, where the ellipse equivalence fails)",DIAGNOSTIC
zoom_transit,13|8,1.4696,"MHz, profiled transit at this cell (<0.02 = pinned at the 0 bound, where the ellipse equivalence fails)",DIAGNOSTIC
zoom_transit,13|9,1.4566,"MHz, profiled transit at this cell (<0.02 = pinned at the 0 bound, where the ellipse equivalence fails)",DIAGNOSTIC
zoom_transit,13|10,1.4436,"MHz, profiled transit at this cell (<0.02 = pinned at the 0 bound, where the ellipse equivalence fails)",DIAGNOSTIC
zoom_transit,13|11,1.4306,"MHz, profiled transit at this cell (<0.02 = pinned at the 0 bound, where the ellipse equivalence fails)",DIAGNOSTIC
zoom_transit,13|12,1.4175,"MHz, profiled transit at this cell (<0.02 = pinned at the 0 bound, where the ellipse equivalence fails)",DIAGNOSTIC
zoom_transit,13|13,1.4044,"MHz, profiled transit at this cell (<0.02 = pinned at the 0 bound, where the ellipse equivalence fails)",DIAGNOSTIC
zoom_transit,13|14,1.3912,"MHz, profiled transit at this cell (<0.02 = pinned at the 0 bound, where the ellipse equivalence fails)",DIAGNOSTIC
zoom_transit,13|15,1.3780,"MHz, profiled transit at this cell (<0.02 = pinned at the 0 bound, where the ellipse equivalence fails)",DIAGNOSTIC
zoom_transit,13|16,1.3648,"MHz, profiled transit at this cell (<0.02 = pinned at the 0 bound, where the ellipse equivalence fails)",DIAGNOSTIC
zoom_transit,13|17,1.3515,"MHz, profiled transit at this cell (<0.02 = pinned at the 0 bound, where the ellipse equivalence fails)",DIAGNOSTIC
zoom_transit,13|18,1.3382,"MHz, profiled transit at this cell (<0.02 = pinned at the 0 bound, where the ellipse equivalence fails)",DIAGNOSTIC
zoom_transit,13|19,1.3249,"MHz, profiled transit at this cell (<0.02 = pinned at the 0 bound, where the ellipse equivalence fails)",DIAGNOSTIC
zoom_transit,13|20,1.3115,"MHz, profiled transit at this cell (<0.02 = pinned at the 0 bound, where the ellipse equivalence fails)",DIAGNOSTIC
zoom_transit,14|0,1.5691,"MHz, profiled transit at this cell (<0.02 = pinned at the 0 bound, where the ellipse equivalence fails)",DIAGNOSTIC
zoom_transit,14|1,1.5563,"MHz, profiled transit at this cell (<0.02 = pinned at the 0 bound, where the ellipse equivalence fails)",DIAGNOSTIC
zoom_transit,14|2,1.5435,"MHz, profiled transit at this cell (<0.02 = pinned at the 0 bound, where the ellipse equivalence fails)",DIAGNOSTIC
zoom_transit,14|3,1.5307,"MHz, profiled transit at this cell (<0.02 = pinned at the 0 bound, where the ellipse equivalence fails)",DIAGNOSTIC
zoom_transit,14|4,1.5179,"MHz, profiled transit at this cell (<0.02 = pinned at the 0 bound, where the ellipse equivalence fails)",DIAGNOSTIC
zoom_transit,14|5,1.5050,"MHz, profiled transit at this cell (<0.02 = pinned at the 0 bound, where the ellipse equivalence fails)",DIAGNOSTIC
zoom_transit,14|6,1.4921,"MHz, profiled transit at this cell (<0.02 = pinned at the 0 bound, where the ellipse equivalence fails)",DIAGNOSTIC
zoom_transit,14|7,1.4792,"MHz, profiled transit at this cell (<0.02 = pinned at the 0 bound, where the ellipse equivalence fails)",DIAGNOSTIC
zoom_transit,14|8,1.4662,"MHz, profiled transit at this cell (<0.02 = pinned at the 0 bound, where the ellipse equivalence fails)",DIAGNOSTIC
zoom_transit,14|9,1.4532,"MHz, profiled transit at this cell (<0.02 = pinned at the 0 bound, where the ellipse equivalence fails)",DIAGNOSTIC
zoom_transit,14|10,1.4402,"MHz, profiled transit at this cell (<0.02 = pinned at the 0 bound, where the ellipse equivalence fails)",DIAGNOSTIC
zoom_transit,14|11,1.4271,"MHz, profiled transit at this cell (<0.02 = pinned at the 0 bound, where the ellipse equivalence fails)",DIAGNOSTIC
zoom_transit,14|12,1.4140,"MHz, profiled transit at this cell (<0.02 = pinned at the 0 bound, where the ellipse equivalence fails)",DIAGNOSTIC
zoom_transit,14|13,1.4009,"MHz, profiled transit at this cell (<0.02 = pinned at the 0 bound, where the ellipse equivalence fails)",DIAGNOSTIC
zoom_transit,14|14,1.3877,"MHz, profiled transit at this cell (<0.02 = pinned at the 0 bound, where the ellipse equivalence fails)",DIAGNOSTIC
zoom_transit,14|15,1.3745,"MHz, profiled transit at this cell (<0.02 = pinned at the 0 bound, where the ellipse equivalence fails)",DIAGNOSTIC
zoom_transit,14|16,1.3613,"MHz, profiled transit at this cell (<0.02 = pinned at the 0 bound, where the ellipse equivalence fails)",DIAGNOSTIC
zoom_transit,14|17,1.3480,"MHz, profiled transit at this cell (<0.02 = pinned at the 0 bound, where the ellipse equivalence fails)",DIAGNOSTIC
zoom_transit,14|18,1.3347,"MHz, profiled transit at this cell (<0.02 = pinned at the 0 bound, where the ellipse equivalence fails)",DIAGNOSTIC
zoom_transit,14|19,1.3213,"MHz, profiled transit at this cell (<0.02 = pinned at the 0 bound, where the ellipse equivalence fails)",DIAGNOSTIC
zoom_transit,14|20,1.3079,"MHz, profiled transit at this cell (<0.02 = pinned at the 0 bound, where the ellipse equivalence fails)",DIAGNOSTIC
zoom_transit,15|0,1.5655,"MHz, profiled transit at this cell (<0.02 = pinned at the 0 bound, where the ellipse equivalence fails)",DIAGNOSTIC
zoom_transit,15|1,1.5528,"MHz, profiled transit at this cell (<0.02 = pinned at the 0 bound, where the ellipse equivalence fails)",DIAGNOSTIC
zoom_transit,15|2,1.5400,"MHz, profiled transit at this cell (<0.02 = pinned at the 0 bound, where the ellipse equivalence fails)",DIAGNOSTIC
zoom_transit,15|3,1.5271,"MHz, profiled transit at this cell (<0.02 = pinned at the 0 bound, where the ellipse equivalence fails)",DIAGNOSTIC
zoom_transit,15|4,1.5143,"MHz, profiled transit at this cell (<0.02 = pinned at the 0 bound, where the ellipse equivalence fails)",DIAGNOSTIC
zoom_transit,15|5,1.5014,"MHz, profiled transit at this cell (<0.02 = pinned at the 0 bound, where the ellipse equivalence fails)",DIAGNOSTIC
zoom_transit,15|6,1.4885,"MHz, profiled transit at this cell (<0.02 = pinned at the 0 bound, where the ellipse equivalence fails)",DIAGNOSTIC
zoom_transit,15|7,1.4755,"MHz, profiled transit at this cell (<0.02 = pinned at the 0 bound, where the ellipse equivalence fails)",DIAGNOSTIC
zoom_transit,15|8,1.4626,"MHz, profiled transit at this cell (<0.02 = pinned at the 0 bound, where the ellipse equivalence fails)",DIAGNOSTIC
zoom_transit,15|9,1.4495,"MHz, profiled transit at this cell (<0.02 = pinned at the 0 bound, where the ellipse equivalence fails)",DIAGNOSTIC
zoom_transit,15|10,1.4365,"MHz, profiled transit at this cell (<0.02 = pinned at the 0 bound, where the ellipse equivalence fails)",DIAGNOSTIC
zoom_transit,15|11,1.4234,"MHz, profiled transit at this cell (<0.02 = pinned at the 0 bound, where the ellipse equivalence fails)",DIAGNOSTIC
zoom_transit,15|12,1.4103,"MHz, profiled transit at this cell (<0.02 = pinned at the 0 bound, where the ellipse equivalence fails)",DIAGNOSTIC
zoom_transit,15|13,1.3972,"MHz, profiled transit at this cell (<0.02 = pinned at the 0 bound, where the ellipse equivalence fails)",DIAGNOSTIC
zoom_transit,15|14,1.3840,"MHz, profiled transit at this cell (<0.02 = pinned at the 0 bound, where the ellipse equivalence fails)",DIAGNOSTIC
zoom_transit,15|15,1.3708,"MHz, profiled transit at this cell (<0.02 = pinned at the 0 bound, where the ellipse equivalence fails)",DIAGNOSTIC
zoom_transit,15|16,1.3575,"MHz, profiled transit at this cell (<0.02 = pinned at the 0 bound, where the ellipse equivalence fails)",DIAGNOSTIC
zoom_transit,15|17,1.3442,"MHz, profiled transit at this cell (<0.02 = pinned at the 0 bound, where the ellipse equivalence fails)",DIAGNOSTIC
zoom_transit,15|18,1.3309,"MHz, profiled transit at this cell (<0.02 = pinned at the 0 bound, where the ellipse equivalence fails)",DIAGNOSTIC
zoom_transit,15|19,1.3175,"MHz, profiled transit at this cell (<0.02 = pinned at the 0 bound, where the ellipse equivalence fails)",DIAGNOSTIC
zoom_transit,15|20,1.3040,"MHz, profiled transit at this cell (<0.02 = pinned at the 0 bound, where the ellipse equivalence fails)",DIAGNOSTIC
zoom_transit,16|0,1.5617,"MHz, profiled transit at this cell (<0.02 = pinned at the 0 bound, where the ellipse equivalence fails)",DIAGNOSTIC
zoom_transit,16|1,1.5489,"MHz, profiled transit at this cell (<0.02 = pinned at the 0 bound, where the ellipse equivalence fails)",DIAGNOSTIC
zoom_transit,16|2,1.5361,"MHz, profiled transit at this cell (<0.02 = pinned at the 0 bound, where the ellipse equivalence fails)",DIAGNOSTIC
zoom_transit,16|3,1.5233,"MHz, profiled transit at this cell (<0.02 = pinned at the 0 bound, where the ellipse equivalence fails)",DIAGNOSTIC
zoom_transit,16|4,1.5104,"MHz, profiled transit at this cell (<0.02 = pinned at the 0 bound, where the ellipse equivalence fails)",DIAGNOSTIC
zoom_transit,16|5,1.4975,"MHz, profiled transit at this cell (<0.02 = pinned at the 0 bound, where the ellipse equivalence fails)",DIAGNOSTIC
zoom_transit,16|6,1.4846,"MHz, profiled transit at this cell (<0.02 = pinned at the 0 bound, where the ellipse equivalence fails)",DIAGNOSTIC
zoom_transit,16|7,1.4716,"MHz, profiled transit at this cell (<0.02 = pinned at the 0 bound, where the ellipse equivalence fails)",DIAGNOSTIC
zoom_transit,16|8,1.4586,"MHz, profiled transit at this cell (<0.02 = pinned at the 0 bound, where the ellipse equivalence fails)",DIAGNOSTIC
zoom_transit,16|9,1.4456,"MHz, profiled transit at this cell (<0.02 = pinned at the 0 bound, where the ellipse equivalence fails)",DIAGNOSTIC
zoom_transit,16|10,1.4325,"MHz, profiled transit at this cell (<0.02 = pinned at the 0 bound, where the ellipse equivalence fails)",DIAGNOSTIC
zoom_transit,16|11,1.4194,"MHz, profiled transit at this cell (<0.02 = pinned at the 0 bound, where the ellipse equivalence fails)",DIAGNOSTIC
zoom_transit,16|12,1.4063,"MHz, profiled transit at this cell (<0.02 = pinned at the 0 bound, where the ellipse equivalence fails)",DIAGNOSTIC
zoom_transit,16|13,1.3931,"MHz, profiled transit at this cell (<0.02 = pinned at the 0 bound, where the ellipse equivalence fails)",DIAGNOSTIC
zoom_transit,16|14,1.3799,"MHz, profiled transit at this cell (<0.02 = pinned at the 0 bound, where the ellipse equivalence fails)",DIAGNOSTIC
zoom_transit,16|15,1.3667,"MHz, profiled transit at this cell (<0.02 = pinned at the 0 bound, where the ellipse equivalence fails)",DIAGNOSTIC
zoom_transit,16|16,1.3534,"MHz, profiled transit at this cell (<0.02 = pinned at the 0 bound, where the ellipse equivalence fails)",DIAGNOSTIC
zoom_transit,16|17,1.3401,"MHz, profiled transit at this cell (<0.02 = pinned at the 0 bound, where the ellipse equivalence fails)",DIAGNOSTIC
zoom_transit,16|18,1.3267,"MHz, profiled transit at this cell (<0.02 = pinned at the 0 bound, where the ellipse equivalence fails)",DIAGNOSTIC
zoom_transit,16|19,1.3133,"MHz, profiled transit at this cell (<0.02 = pinned at the 0 bound, where the ellipse equivalence fails)",DIAGNOSTIC
zoom_transit,16|20,1.2999,"MHz, profiled transit at this cell (<0.02 = pinned at the 0 bound, where the ellipse equivalence fails)",DIAGNOSTIC
zoom_transit,17|0,1.5576,"MHz, profiled transit at this cell (<0.02 = pinned at the 0 bound, where the ellipse equivalence fails)",DIAGNOSTIC
zoom_transit,17|1,1.5448,"MHz, profiled transit at this cell (<0.02 = pinned at the 0 bound, where the ellipse equivalence fails)",DIAGNOSTIC
zoom_transit,17|2,1.5320,"MHz, profiled transit at this cell (<0.02 = pinned at the 0 bound, where the ellipse equivalence fails)",DIAGNOSTIC
zoom_transit,17|3,1.5191,"MHz, profiled transit at this cell (<0.02 = pinned at the 0 bound, where the ellipse equivalence fails)",DIAGNOSTIC
zoom_transit,17|4,1.5062,"MHz, profiled transit at this cell (<0.02 = pinned at the 0 bound, where the ellipse equivalence fails)",DIAGNOSTIC
zoom_transit,17|5,1.4933,"MHz, profiled transit at this cell (<0.02 = pinned at the 0 bound, where the ellipse equivalence fails)",DIAGNOSTIC
zoom_transit,17|6,1.4804,"MHz, profiled transit at this cell (<0.02 = pinned at the 0 bound, where the ellipse equivalence fails)",DIAGNOSTIC
zoom_transit,17|7,1.4674,"MHz, profiled transit at this cell (<0.02 = pinned at the 0 bound, where the ellipse equivalence fails)",DIAGNOSTIC
zoom_transit,17|8,1.4544,"MHz, profiled transit at this cell (<0.02 = pinned at the 0 bound, where the ellipse equivalence fails)",DIAGNOSTIC
zoom_transit,17|9,1.4413,"MHz, profiled transit at this cell (<0.02 = pinned at the 0 bound, where the ellipse equivalence fails)",DIAGNOSTIC
zoom_transit,17|10,1.4283,"MHz, profiled transit at this cell (<0.02 = pinned at the 0 bound, where the ellipse equivalence fails)",DIAGNOSTIC
zoom_transit,17|11,1.4151,"MHz, profiled transit at this cell (<0.02 = pinned at the 0 bound, where the ellipse equivalence fails)",DIAGNOSTIC
zoom_transit,17|12,1.4020,"MHz, profiled transit at this cell (<0.02 = pinned at the 0 bound, where the ellipse equivalence fails)",DIAGNOSTIC
zoom_transit,17|13,1.3888,"MHz, profiled transit at this cell (<0.02 = pinned at the 0 bound, where the ellipse equivalence fails)",DIAGNOSTIC
zoom_transit,17|14,1.3756,"MHz, profiled transit at this cell (<0.02 = pinned at the 0 bound, where the ellipse equivalence fails)",DIAGNOSTIC
zoom_transit,17|15,1.3623,"MHz, profiled transit at this cell (<0.02 = pinned at the 0 bound, where the ellipse equivalence fails)",DIAGNOSTIC
zoom_transit,17|16,1.3490,"MHz, profiled transit at this cell (<0.02 = pinned at the 0 bound, where the ellipse equivalence fails)",DIAGNOSTIC
zoom_transit,17|17,1.3357,"MHz, profiled transit at this cell (<0.02 = pinned at the 0 bound, where the ellipse equivalence fails)",DIAGNOSTIC
zoom_transit,17|18,1.3223,"MHz, profiled transit at this cell (<0.02 = pinned at the 0 bound, where the ellipse equivalence fails)",DIAGNOSTIC
zoom_transit,17|19,1.3088,"MHz, profiled transit at this cell (<0.02 = pinned at the 0 bound, where the ellipse equivalence fails)",DIAGNOSTIC
zoom_transit,17|20,1.2954,"MHz, profiled transit at this cell (<0.02 = pinned at the 0 bound, where the ellipse equivalence fails)",DIAGNOSTIC
zoom_transit,18|0,1.5532,"MHz, profiled transit at this cell (<0.02 = pinned at the 0 bound, where the ellipse equivalence fails)",DIAGNOSTIC
zoom_transit,18|1,1.5404,"MHz, profiled transit at this cell (<0.02 = pinned at the 0 bound, where the ellipse equivalence fails)",DIAGNOSTIC
zoom_transit,18|2,1.5276,"MHz, profiled transit at this cell (<0.02 = pinned at the 0 bound, where the ellipse equivalence fails)",DIAGNOSTIC
zoom_transit,18|3,1.5147,"MHz, profiled transit at this cell (<0.02 = pinned at the 0 bound, where the ellipse equivalence fails)",DIAGNOSTIC
zoom_transit,18|4,1.5018,"MHz, profiled transit at this cell (<0.02 = pinned at the 0 bound, where the ellipse equivalence fails)",DIAGNOSTIC
zoom_transit,18|5,1.4889,"MHz, profiled transit at this cell (<0.02 = pinned at the 0 bound, where the ellipse equivalence fails)",DIAGNOSTIC
zoom_transit,18|6,1.4759,"MHz, profiled transit at this cell (<0.02 = pinned at the 0 bound, where the ellipse equivalence fails)",DIAGNOSTIC
zoom_transit,18|7,1.4629,"MHz, profiled transit at this cell (<0.02 = pinned at the 0 bound, where the ellipse equivalence fails)",DIAGNOSTIC
zoom_transit,18|8,1.4499,"MHz, profiled transit at this cell (<0.02 = pinned at the 0 bound, where the ellipse equivalence fails)",DIAGNOSTIC
zoom_transit,18|9,1.4368,"MHz, profiled transit at this cell (<0.02 = pinned at the 0 bound, where the ellipse equivalence fails)",DIAGNOSTIC
zoom_transit,18|10,1.4237,"MHz, profiled transit at this cell (<0.02 = pinned at the 0 bound, where the ellipse equivalence fails)",DIAGNOSTIC
zoom_transit,18|11,1.4106,"MHz, profiled transit at this cell (<0.02 = pinned at the 0 bound, where the ellipse equivalence fails)",DIAGNOSTIC
zoom_transit,18|12,1.3974,"MHz, profiled transit at this cell (<0.02 = pinned at the 0 bound, where the ellipse equivalence fails)",DIAGNOSTIC
zoom_transit,18|13,1.3842,"MHz, profiled transit at this cell (<0.02 = pinned at the 0 bound, where the ellipse equivalence fails)",DIAGNOSTIC
zoom_transit,18|14,1.3709,"MHz, profiled transit at this cell (<0.02 = pinned at the 0 bound, where the ellipse equivalence fails)",DIAGNOSTIC
zoom_transit,18|15,1.3577,"MHz, profiled transit at this cell (<0.02 = pinned at the 0 bound, where the ellipse equivalence fails)",DIAGNOSTIC
zoom_transit,18|16,1.3443,"MHz, profiled transit at this cell (<0.02 = pinned at the 0 bound, where the ellipse equivalence fails)",DIAGNOSTIC
zoom_transit,18|17,1.3310,"MHz, profiled transit at this cell (<0.02 = pinned at the 0 bound, where the ellipse equivalence fails)",DIAGNOSTIC
zoom_transit,18|18,1.3175,"MHz, profiled transit at this cell (<0.02 = pinned at the 0 bound, where the ellipse equivalence fails)",DIAGNOSTIC
zoom_transit,18|19,1.3041,"MHz, profiled transit at this cell (<0.02 = pinned at the 0 bound, where the ellipse equivalence fails)",DIAGNOSTIC
zoom_transit,18|20,1.2906,"MHz, profiled transit at this cell (<0.02 = pinned at the 0 bound, where the ellipse equivalence fails)",DIAGNOSTIC
zoom_transit,19|0,1.5486,"MHz, profiled transit at this cell (<0.02 = pinned at the 0 bound, where the ellipse equivalence fails)",DIAGNOSTIC
zoom_transit,19|1,1.5358,"MHz, profiled transit at this cell (<0.02 = pinned at the 0 bound, where the ellipse equivalence fails)",DIAGNOSTIC
zoom_transit,19|2,1.5229,"MHz, profiled transit at this cell (<0.02 = pinned at the 0 bound, where the ellipse equivalence fails)",DIAGNOSTIC
zoom_transit,19|3,1.5100,"MHz, profiled transit at this cell (<0.02 = pinned at the 0 bound, where the ellipse equivalence fails)",DIAGNOSTIC
zoom_transit,19|4,1.4971,"MHz, profiled transit at this cell (<0.02 = pinned at the 0 bound, where the ellipse equivalence fails)",DIAGNOSTIC
zoom_transit,19|5,1.4841,"MHz, profiled transit at this cell (<0.02 = pinned at the 0 bound, where the ellipse equivalence fails)",DIAGNOSTIC
zoom_transit,19|6,1.4712,"MHz, profiled transit at this cell (<0.02 = pinned at the 0 bound, where the ellipse equivalence fails)",DIAGNOSTIC
zoom_transit,19|7,1.4581,"MHz, profiled transit at this cell (<0.02 = pinned at the 0 bound, where the ellipse equivalence fails)",DIAGNOSTIC
zoom_transit,19|8,1.4451,"MHz, profiled transit at this cell (<0.02 = pinned at the 0 bound, where the ellipse equivalence fails)",DIAGNOSTIC
zoom_transit,19|9,1.4320,"MHz, profiled transit at this cell (<0.02 = pinned at the 0 bound, where the ellipse equivalence fails)",DIAGNOSTIC
zoom_transit,19|10,1.4189,"MHz, profiled transit at this cell (<0.02 = pinned at the 0 bound, where the ellipse equivalence fails)",DIAGNOSTIC
zoom_transit,19|11,1.4057,"MHz, profiled transit at this cell (<0.02 = pinned at the 0 bound, where the ellipse equivalence fails)",DIAGNOSTIC
zoom_transit,19|12,1.3925,"MHz, profiled transit at this cell (<0.02 = pinned at the 0 bound, where the ellipse equivalence fails)",DIAGNOSTIC
zoom_transit,19|13,1.3793,"MHz, profiled transit at this cell (<0.02 = pinned at the 0 bound, where the ellipse equivalence fails)",DIAGNOSTIC
zoom_transit,19|14,1.3660,"MHz, profiled transit at this cell (<0.02 = pinned at the 0 bound, where the ellipse equivalence fails)",DIAGNOSTIC
zoom_transit,19|15,1.3527,"MHz, profiled transit at this cell (<0.02 = pinned at the 0 bound, where the ellipse equivalence fails)",DIAGNOSTIC
zoom_transit,19|16,1.3393,"MHz, profiled transit at this cell (<0.02 = pinned at the 0 bound, where the ellipse equivalence fails)",DIAGNOSTIC
zoom_transit,19|17,1.3259,"MHz, profiled transit at this cell (<0.02 = pinned at the 0 bound, where the ellipse equivalence fails)",DIAGNOSTIC
zoom_transit,19|18,1.3125,"MHz, profiled transit at this cell (<0.02 = pinned at the 0 bound, where the ellipse equivalence fails)",DIAGNOSTIC
zoom_transit,19|19,1.2990,"MHz, profiled transit at this cell (<0.02 = pinned at the 0 bound, where the ellipse equivalence fails)",DIAGNOSTIC
zoom_transit,19|20,1.2855,"MHz, profiled transit at this cell (<0.02 = pinned at the 0 bound, where the ellipse equivalence fails)",DIAGNOSTIC
zoom_transit,20|0,1.5437,"MHz, profiled transit at this cell (<0.02 = pinned at the 0 bound, where the ellipse equivalence fails)",DIAGNOSTIC
zoom_transit,20|1,1.5308,"MHz, profiled transit at this cell (<0.02 = pinned at the 0 bound, where the ellipse equivalence fails)",DIAGNOSTIC
zoom_transit,20|2,1.5180,"MHz, profiled transit at this cell (<0.02 = pinned at the 0 bound, where the ellipse equivalence fails)",DIAGNOSTIC
zoom_transit,20|3,1.5050,"MHz, profiled transit at this cell (<0.02 = pinned at the 0 bound, where the ellipse equivalence fails)",DIAGNOSTIC
zoom_transit,20|4,1.4921,"MHz, profiled transit at this cell (<0.02 = pinned at the 0 bound, where the ellipse equivalence fails)",DIAGNOSTIC
zoom_transit,20|5,1.4791,"MHz, profiled transit at this cell (<0.02 = pinned at the 0 bound, where the ellipse equivalence fails)",DIAGNOSTIC
zoom_transit,20|6,1.4661,"MHz, profiled transit at this cell (<0.02 = pinned at the 0 bound, where the ellipse equivalence fails)",DIAGNOSTIC
zoom_transit,20|7,1.4531,"MHz, profiled transit at this cell (<0.02 = pinned at the 0 bound, where the ellipse equivalence fails)",DIAGNOSTIC
zoom_transit,20|8,1.4400,"MHz, profiled transit at this cell (<0.02 = pinned at the 0 bound, where the ellipse equivalence fails)",DIAGNOSTIC
zoom_transit,20|9,1.4269,"MHz, profiled transit at this cell (<0.02 = pinned at the 0 bound, where the ellipse equivalence fails)",DIAGNOSTIC
zoom_transit,20|10,1.4137,"MHz, profiled transit at this cell (<0.02 = pinned at the 0 bound, where the ellipse equivalence fails)",DIAGNOSTIC
zoom_transit,20|11,1.4006,"MHz, profiled transit at this cell (<0.02 = pinned at the 0 bound, where the ellipse equivalence fails)",DIAGNOSTIC
zoom_transit,20|12,1.3873,"MHz, profiled transit at this cell (<0.02 = pinned at the 0 bound, where the ellipse equivalence fails)",DIAGNOSTIC
zoom_transit,20|13,1.3741,"MHz, profiled transit at this cell (<0.02 = pinned at the 0 bound, where the ellipse equivalence fails)",DIAGNOSTIC
zoom_transit,20|14,1.3608,"MHz, profiled transit at this cell (<0.02 = pinned at the 0 bound, where the ellipse equivalence fails)",DIAGNOSTIC
zoom_transit,20|15,1.3474,"MHz, profiled transit at this cell (<0.02 = pinned at the 0 bound, where the ellipse equivalence fails)",DIAGNOSTIC
zoom_transit,20|16,1.3341,"MHz, profiled transit at this cell (<0.02 = pinned at the 0 bound, where the ellipse equivalence fails)",DIAGNOSTIC
zoom_transit,20|17,1.3206,"MHz, profiled transit at this cell (<0.02 = pinned at the 0 bound, where the ellipse equivalence fails)",DIAGNOSTIC
zoom_transit,20|18,1.3072,"MHz, profiled transit at this cell (<0.02 = pinned at the 0 bound, where the ellipse equivalence fails)",DIAGNOSTIC
zoom_transit,20|19,1.2936,"MHz, profiled transit at this cell (<0.02 = pinned at the 0 bound, where the ellipse equivalence fails)",DIAGNOSTIC
zoom_transit,20|20,1.2801,"MHz, profiled transit at this cell (<0.02 = pinned at the 0 bound, where the ellipse equivalence fails)",DIAGNOSTIC
cov,gc_gc,1.063474e-03,"MHz^2, local (gamma_coll, sigma_laser) covariance for the ellipse overlay",DIAGNOSTIC
cov,sl_sl,4.430448e-03,"MHz^2, local (gamma_coll, sigma_laser) covariance for the ellipse overlay",DIAGNOSTIC
cov,gc_sl,3.192587e-04,"MHz^2, local (gamma_coll, sigma_laser) covariance for the ellipse overlay",DIAGNOSTIC
fit,gamma_coll,0.20853,MHz free-fit gamma_coll,DIAGNOSTIC
fit,sigma_laser,0.34290,MHz free-fit sigma_laser,DIAGNOSTIC
chi2,free_fit,4548.23,raw chi2 of the free 3-width fit,DIAGNOSTIC
chi2,wide_min,4548.20,raw chi2 at the wide-map minimum,DIAGNOSTIC
chi2,zoom_min,4548.11,raw chi2 at the zoom-map minimum,DIAGNOSTIC
floor_n,wide,4,valley-floor rows inside dchi2<5.99,DIAGNOSTIC
