node,quantity,mc,model,unit,verdict,note,model_sha,n_atoms,seed,written,status
w41.0_m1.00_r0.940_T110_P225,transit_fwhm_rel,1.44997,1.44701,,PASS,the Monte Carlo against the form the fit uses at this node,6a468472af4bbda8,400000,0,2026-09-26T09:20:42,DIAGNOSTIC
w41.0_m1.00_r0.940_T110_P225,transit_shape_rel,1.00032,1,,PASS,the Monte Carlo against the form the fit uses at this node,6a468472af4bbda8,400000,0,2026-09-26T09:20:42,DIAGNOSTIC
w41.0_m1.00_r0.940_T110_P225,ramp_mu2_rel,0.0514989,0.0514761,,PASS,the Monte Carlo against the form the fit uses at this node,6a468472af4bbda8,400000,0,2026-09-26T09:20:42,DIAGNOSTIC
w41.0_m1.00_r0.940_T110_P225,ramp_mu3_rel,-0.00651617,-0.00649638,,PASS,the Monte Carlo against the form the fit uses at this node,6a468472af4bbda8,400000,0,2026-09-26T09:20:42,DIAGNOSTIC
w41.0_m1.00_r0.940_T110_P225,amplitude_power_law_abs,1.73507,1.73003,,PASS,the Monte Carlo against the form the fit uses at this node,6a468472af4bbda8,400000,0,2026-09-26T09:20:42,DIAGNOSTIC
w41.0_m1.00_r0.940_T110_P225,shares_abs,0.000938615,0,,PASS,the Monte Carlo against the form the fit uses at this node,6a468472af4bbda8,400000,0,2026-09-26T09:20:42,DIAGNOSTIC
w41.0_m1.00_r0.940_T110_P225,joint_shape_abs,0.00955784,0,,PASS,the Monte Carlo against the form the fit uses at this node,6a468472af4bbda8,400000,0,2026-09-26T09:20:42,DIAGNOSTIC
w41.0_m1.00_r0.940_T110_P225,joint_moment_sigma_abs,2.2409,0,,PASS,the Monte Carlo against the form the fit uses at this node,6a468472af4bbda8,400000,0,2026-09-26T09:20:42,DIAGNOSTIC
w41.0_m1.00_r0.940_T110_P225,depleted_line_abs,0.000966402,0,,PASS,the Monte Carlo against the form the fit uses at this node,6a468472af4bbda8,400000,0,2026-09-26T09:20:42,DIAGNOSTIC
w41.0_m1.00_r0.940_T110_P225,depletion_widening_rel_4207,0.0114165,,,PASS,"what a transit fit reads from the surviving kernel after the natural Lorentzian, over the bare one: the factor the fit carries",6a468472af4bbda8,400000,0,2026-09-26T09:20:42,DIAGNOSTIC
w41.0_m1.00_r0.940_T110_P225,depletion_widening_rel_4192,0.0125757,,,PASS,"what a transit fit reads from the surviving kernel after the natural Lorentzian, over the bare one: the factor the fit carries",6a468472af4bbda8,400000,0,2026-09-26T09:20:42,DIAGNOSTIC
w41.0_m1.00_r0.940_T110_P225,depletion_widening_rel_4154,0.0170553,,,PASS,"what a transit fit reads from the surviving kernel after the natural Lorentzian, over the bare one: the factor the fit carries",6a468472af4bbda8,400000,0,2026-09-26T09:20:42,DIAGNOSTIC
w41.0_m1.00_r0.940_T110_P225,depletion_widening_rel_4121,0.0181393,,,PASS,"what a transit fit reads from the surviving kernel after the natural Lorentzian, over the bare one: the factor the fit carries",6a468472af4bbda8,400000,0,2026-09-26T09:20:42,DIAGNOSTIC
w41.0_m1.00_r0.940_T110_P225,depletion_fwhm_rel_4207,0.0882936,,,PASS,"the surviving transit kernel's FWHM over the bare collected kernel's, the core-flattening diagnostic",6a468472af4bbda8,400000,0,2026-09-26T09:20:42,DIAGNOSTIC
w41.0_m1.00_r0.940_T110_P225,depletion_fwhm_rel_4192,0.0948922,,,PASS,"the surviving transit kernel's FWHM over the bare collected kernel's, the core-flattening diagnostic",6a468472af4bbda8,400000,0,2026-09-26T09:20:42,DIAGNOSTIC
w41.0_m1.00_r0.940_T110_P225,depletion_fwhm_rel_4154,0.118904,,,PASS,"the surviving transit kernel's FWHM over the bare collected kernel's, the core-flattening diagnostic",6a468472af4bbda8,400000,0,2026-09-26T09:20:42,DIAGNOSTIC
w41.0_m1.00_r0.940_T110_P225,depletion_fwhm_rel_4121,0.124414,,,PASS,"the surviving transit kernel's FWHM over the bare collected kernel's, the core-flattening diagnostic",6a468472af4bbda8,400000,0,2026-09-26T09:20:42,DIAGNOSTIC
w41.0_m1.00_r0.940_T110_P225,shares_shift_abs,0.0025975,,,PASS,the largest move of a line's share from the thermal law to the depleted one: the physical shift,6a468472af4bbda8,400000,0,2026-09-26T09:20:42,DIAGNOSTIC
w41.0_m1.00_r0.940_T110_P225,cycles_on_axis,0.278424,,,PASS,excitation cycles on the central chord at the mean transverse speed,6a468472af4bbda8,400000,0,2026-09-26T09:20:42,DIAGNOSTIC
w41.0_m1.00_r0.940_T110_P225,cycles_mean_over_chords,0.0430703,,,PASS,the flux-weighted mean over every chord,6a468472af4bbda8,400000,0,2026-09-26T09:20:42,DIAGNOSTIC
w41.0_m1.00_r0.940_T110_P500,transit_fwhm_rel,1.45022,1.45116,,FAIL,the Monte Carlo against the form the fit uses at this node,6a468472af4bbda8,400000,0,2026-09-26T09:20:42,DIAGNOSTIC
w41.0_m1.00_r0.940_T110_P500,transit_shape_rel,1.00031,1,,FAIL,the Monte Carlo against the form the fit uses at this node,6a468472af4bbda8,400000,0,2026-09-26T09:20:42,DIAGNOSTIC
w41.0_m1.00_r0.940_T110_P500,ramp_mu2_rel,0.0547379,0.0546981,,FAIL,the Monte Carlo against the form the fit uses at this node,6a468472af4bbda8,400000,0,2026-09-26T09:20:42,DIAGNOSTIC
w41.0_m1.00_r0.940_T110_P500,ramp_mu3_rel,-0.00496258,-0.00495082,,FAIL,the Monte Carlo against the form the fit uses at this node,6a468472af4bbda8,400000,0,2026-09-26T09:20:42,DIAGNOSTIC
w41.0_m1.00_r0.940_T110_P500,amplitude_power_law_abs,1.24778,1.2422,,FAIL,the Monte Carlo against the form the fit uses at this node,6a468472af4bbda8,400000,0,2026-09-26T09:20:42,DIAGNOSTIC
w41.0_m1.00_r0.940_T110_P500,shares_abs,0.00343529,0,,FAIL,the Monte Carlo against the form the fit uses at this node,6a468472af4bbda8,400000,0,2026-09-26T09:20:42,DIAGNOSTIC
w41.0_m1.00_r0.940_T110_P500,joint_shape_abs,0.0134831,0,,FAIL,the Monte Carlo against the form the fit uses at this node,6a468472af4bbda8,400000,0,2026-09-26T09:20:42,DIAGNOSTIC
w41.0_m1.00_r0.940_T110_P500,joint_moment_sigma_abs,2.08344,0,,FAIL,the Monte Carlo against the form the fit uses at this node,6a468472af4bbda8,400000,0,2026-09-26T09:20:42,DIAGNOSTIC
w41.0_m1.00_r0.940_T110_P500,depleted_line_abs,0.0023599,0,,FAIL,the Monte Carlo against the form the fit uses at this node,6a468472af4bbda8,400000,0,2026-09-26T09:20:42,DIAGNOSTIC
w41.0_m1.00_r0.940_T110_P500,depletion_widening_rel_4207,0.0329717,,,FAIL,"what a transit fit reads from the surviving kernel after the natural Lorentzian, over the bare one: the factor the fit carries",6a468472af4bbda8,400000,0,2026-09-26T09:20:42,DIAGNOSTIC
w41.0_m1.00_r0.940_T110_P500,depletion_widening_rel_4192,0.0359979,,,FAIL,"what a transit fit reads from the surviving kernel after the natural Lorentzian, over the bare one: the factor the fit carries",6a468472af4bbda8,400000,0,2026-09-26T09:20:42,DIAGNOSTIC
w41.0_m1.00_r0.940_T110_P500,depletion_widening_rel_4154,0.0472951,,,FAIL,"what a transit fit reads from the surviving kernel after the natural Lorentzian, over the bare one: the factor the fit carries",6a468472af4bbda8,400000,0,2026-09-26T09:20:42,DIAGNOSTIC
w41.0_m1.00_r0.940_T110_P500,depletion_widening_rel_4121,0.0499416,,,FAIL,"what a transit fit reads from the surviving kernel after the natural Lorentzian, over the bare one: the factor the fit carries",6a468472af4bbda8,400000,0,2026-09-26T09:20:42,DIAGNOSTIC
w41.0_m1.00_r0.940_T110_P500,depletion_fwhm_rel_4207,0.192328,,,FAIL,"the surviving transit kernel's FWHM over the bare collected kernel's, the core-flattening diagnostic",6a468472af4bbda8,400000,0,2026-09-26T09:20:42,DIAGNOSTIC
w41.0_m1.00_r0.940_T110_P500,depletion_fwhm_rel_4192,0.20476,,,FAIL,"the surviving transit kernel's FWHM over the bare collected kernel's, the core-flattening diagnostic",6a468472af4bbda8,400000,0,2026-09-26T09:20:42,DIAGNOSTIC
w41.0_m1.00_r0.940_T110_P500,depletion_fwhm_rel_4154,0.248355,,,FAIL,"the surviving transit kernel's FWHM over the bare collected kernel's, the core-flattening diagnostic",6a468472af4bbda8,400000,0,2026-09-26T09:20:42,DIAGNOSTIC
w41.0_m1.00_r0.940_T110_P500,depletion_fwhm_rel_4121,0.25803,,,FAIL,"the surviving transit kernel's FWHM over the bare collected kernel's, the core-flattening diagnostic",6a468472af4bbda8,400000,0,2026-09-26T09:20:42,DIAGNOSTIC
w41.0_m1.00_r0.940_T110_P500,shares_shift_abs,0.00747566,,,FAIL,the largest move of a line's share from the thermal law to the depleted one: the physical shift,6a468472af4bbda8,400000,0,2026-09-26T09:20:42,DIAGNOSTIC
w41.0_m1.00_r0.940_T110_P500,cycles_on_axis,0.892962,,,FAIL,excitation cycles on the central chord at the mean transverse speed,6a468472af4bbda8,400000,0,2026-09-26T09:20:42,DIAGNOSTIC
w41.0_m1.00_r0.940_T110_P500,cycles_mean_over_chords,0.154558,,,FAIL,the flux-weighted mean over every chord,6a468472af4bbda8,400000,0,2026-09-26T09:20:42,DIAGNOSTIC
w41.0_m1.00_r0.940_T130_P125,transit_fwhm_rel,1.48729,1.48297,,PASS,the Monte Carlo against the form the fit uses at this node,6a468472af4bbda8,400000,0,2026-09-26T09:20:41,DIAGNOSTIC
w41.0_m1.00_r0.940_T130_P125,transit_shape_rel,1.00032,1,,PASS,the Monte Carlo against the form the fit uses at this node,6a468472af4bbda8,400000,0,2026-09-26T09:20:41,DIAGNOSTIC
w41.0_m1.00_r0.940_T130_P125,ramp_mu2_rel,0.0506806,0.0506634,,PASS,the Monte Carlo against the form the fit uses at this node,6a468472af4bbda8,400000,0,2026-09-26T09:20:41,DIAGNOSTIC
w41.0_m1.00_r0.940_T130_P125,ramp_mu3_rel,-0.00686577,-0.00684469,,PASS,the Monte Carlo against the form the fit uses at this node,6a468472af4bbda8,400000,0,2026-09-26T09:20:41,DIAGNOSTIC
w41.0_m1.00_r0.940_T130_P125,amplitude_power_law_abs,1.90561,1.90391,,PASS,the Monte Carlo against the form the fit uses at this node,6a468472af4bbda8,400000,0,2026-09-26T09:20:41,DIAGNOSTIC
w41.0_m1.00_r0.940_T130_P125,shares_abs,0.000279802,0,,PASS,the Monte Carlo against the form the fit uses at this node,6a468472af4bbda8,400000,0,2026-09-26T09:20:41,DIAGNOSTIC
w41.0_m1.00_r0.940_T130_P125,joint_shape_abs,0.00799739,0,,PASS,the Monte Carlo against the form the fit uses at this node,6a468472af4bbda8,400000,0,2026-09-26T09:20:41,DIAGNOSTIC
w41.0_m1.00_r0.940_T130_P125,joint_moment_sigma_abs,1.94225,0,,PASS,the Monte Carlo against the form the fit uses at this node,6a468472af4bbda8,400000,0,2026-09-26T09:20:41,DIAGNOSTIC
w41.0_m1.00_r0.940_T130_P125,depleted_line_abs,0.000538376,0,,PASS,the Monte Carlo against the form the fit uses at this node,6a468472af4bbda8,400000,0,2026-09-26T09:20:41,DIAGNOSTIC
w41.0_m1.00_r0.940_T130_P125,depletion_widening_rel_4207,0.00405569,,,PASS,"what a transit fit reads from the surviving kernel after the natural Lorentzian, over the bare one: the factor the fit carries",6a468472af4bbda8,400000,0,2026-09-26T09:20:41,DIAGNOSTIC
w41.0_m1.00_r0.940_T130_P125,depletion_widening_rel_4192,0.00448706,,,PASS,"what a transit fit reads from the surviving kernel after the natural Lorentzian, over the bare one: the factor the fit carries",6a468472af4bbda8,400000,0,2026-09-26T09:20:41,DIAGNOSTIC
w41.0_m1.00_r0.940_T130_P125,depletion_widening_rel_4154,0.00618336,,,PASS,"what a transit fit reads from the surviving kernel after the natural Lorentzian, over the bare one: the factor the fit carries",6a468472af4bbda8,400000,0,2026-09-26T09:20:41,DIAGNOSTIC
w41.0_m1.00_r0.940_T130_P125,depletion_widening_rel_4121,0.00660064,,,PASS,"what a transit fit reads from the surviving kernel after the natural Lorentzian, over the bare one: the factor the fit carries",6a468472af4bbda8,400000,0,2026-09-26T09:20:41,DIAGNOSTIC
w41.0_m1.00_r0.940_T130_P125,depletion_fwhm_rel_4207,0.0398638,,,PASS,"the surviving transit kernel's FWHM over the bare collected kernel's, the core-flattening diagnostic",6a468472af4bbda8,400000,0,2026-09-26T09:20:41,DIAGNOSTIC
w41.0_m1.00_r0.940_T130_P125,depletion_fwhm_rel_4192,0.0431207,,,PASS,"the surviving transit kernel's FWHM over the bare collected kernel's, the core-flattening diagnostic",6a468472af4bbda8,400000,0,2026-09-26T09:20:41,DIAGNOSTIC
w41.0_m1.00_r0.940_T130_P125,depletion_fwhm_rel_4154,0.0552395,,,PASS,"the surviving transit kernel's FWHM over the bare collected kernel's, the core-flattening diagnostic",6a468472af4bbda8,400000,0,2026-09-26T09:20:41,DIAGNOSTIC
w41.0_m1.00_r0.940_T130_P125,depletion_fwhm_rel_4121,0.0580701,,,PASS,"the surviving transit kernel's FWHM over the bare collected kernel's, the core-flattening diagnostic",6a468472af4bbda8,400000,0,2026-09-26T09:20:41,DIAGNOSTIC
w41.0_m1.00_r0.940_T130_P125,shares_shift_abs,0.000919322,,,PASS,the largest move of a line's share from the thermal law to the depleted one: the physical shift,6a468472af4bbda8,400000,0,2026-09-26T09:20:41,DIAGNOSTIC
w41.0_m1.00_r0.940_T130_P125,cycles_on_axis,0.093351,,,PASS,excitation cycles on the central chord at the mean transverse speed,6a468472af4bbda8,400000,0,2026-09-26T09:20:41,DIAGNOSTIC
w41.0_m1.00_r0.940_T130_P125,cycles_mean_over_chords,0.0140051,,,PASS,the flux-weighted mean over every chord,6a468472af4bbda8,400000,0,2026-09-26T09:20:41,DIAGNOSTIC
w41.0_m1.00_r0.940_T130_P175,transit_fwhm_rel,1.48731,1.48358,,PASS,the Monte Carlo against the form the fit uses at this node,6a468472af4bbda8,400000,0,2026-09-26T09:25:19,DIAGNOSTIC
w41.0_m1.00_r0.940_T130_P175,transit_shape_rel,1.00032,1,,PASS,the Monte Carlo against the form the fit uses at this node,6a468472af4bbda8,400000,0,2026-09-26T09:25:19,DIAGNOSTIC
w41.0_m1.00_r0.940_T130_P175,ramp_mu2_rel,0.0510454,0.0510257,,PASS,the Monte Carlo against the form the fit uses at this node,6a468472af4bbda8,400000,0,2026-09-26T09:25:19,DIAGNOSTIC
w41.0_m1.00_r0.940_T130_P175,ramp_mu3_rel,-0.00671201,-0.00669146,,PASS,the Monte Carlo against the form the fit uses at this node,6a468472af4bbda8,400000,0,2026-09-26T09:25:19,DIAGNOSTIC
w41.0_m1.00_r0.940_T130_P175,amplitude_power_law_abs,1.82702,1.82376,,PASS,the Monte Carlo against the form the fit uses at this node,6a468472af4bbda8,400000,0,2026-09-26T09:25:19,DIAGNOSTIC
w41.0_m1.00_r0.940_T130_P175,shares_abs,0.000556143,0,,PASS,the Monte Carlo against the form the fit uses at this node,6a468472af4bbda8,400000,0,2026-09-26T09:25:19,DIAGNOSTIC
w41.0_m1.00_r0.940_T130_P175,joint_shape_abs,0.0088508,0,,PASS,the Monte Carlo against the form the fit uses at this node,6a468472af4bbda8,400000,0,2026-09-26T09:25:19,DIAGNOSTIC
w41.0_m1.00_r0.940_T130_P175,joint_moment_sigma_abs,2.39052,0,,PASS,the Monte Carlo against the form the fit uses at this node,6a468472af4bbda8,400000,0,2026-09-26T09:25:19,DIAGNOSTIC
w41.0_m1.00_r0.940_T130_P175,depleted_line_abs,0.000754678,0,,PASS,the Monte Carlo against the form the fit uses at this node,6a468472af4bbda8,400000,0,2026-09-26T09:25:19,DIAGNOSTIC
w41.0_m1.00_r0.940_T130_P175,depletion_widening_rel_4207,0.00738198,,,PASS,"what a transit fit reads from the surviving kernel after the natural Lorentzian, over the bare one: the factor the fit carries",6a468472af4bbda8,400000,0,2026-09-26T09:25:19,DIAGNOSTIC
w41.0_m1.00_r0.940_T130_P175,depletion_widening_rel_4192,0.00814968,,,PASS,"what a transit fit reads from the surviving kernel after the natural Lorentzian, over the bare one: the factor the fit carries",6a468472af4bbda8,400000,0,2026-09-26T09:25:19,DIAGNOSTIC
w41.0_m1.00_r0.940_T130_P175,depletion_widening_rel_4154,0.0111425,,,PASS,"what a transit fit reads from the surviving kernel after the natural Lorentzian, over the bare one: the factor the fit carries",6a468472af4bbda8,400000,0,2026-09-26T09:25:19,DIAGNOSTIC
w41.0_m1.00_r0.940_T130_P175,depletion_widening_rel_4121,0.0118728,,,PASS,"what a transit fit reads from the surviving kernel after the natural Lorentzian, over the bare one: the factor the fit carries",6a468472af4bbda8,400000,0,2026-09-26T09:25:19,DIAGNOSTIC
w41.0_m1.00_r0.940_T130_P175,depletion_fwhm_rel_4207,0.0632471,,,PASS,"the surviving transit kernel's FWHM over the bare collected kernel's, the core-flattening diagnostic",6a468472af4bbda8,400000,0,2026-09-26T09:25:19,DIAGNOSTIC
w41.0_m1.00_r0.940_T130_P175,depletion_fwhm_rel_4192,0.0682008,,,PASS,"the surviving transit kernel's FWHM over the bare collected kernel's, the core-flattening diagnostic",6a468472af4bbda8,400000,0,2026-09-26T09:25:19,DIAGNOSTIC
w41.0_m1.00_r0.940_T130_P175,depletion_fwhm_rel_4154,0.0863339,,,PASS,"the surviving transit kernel's FWHM over the bare collected kernel's, the core-flattening diagnostic",6a468472af4bbda8,400000,0,2026-09-26T09:25:19,DIAGNOSTIC
w41.0_m1.00_r0.940_T130_P175,depletion_fwhm_rel_4121,0.0905325,,,PASS,"the surviving transit kernel's FWHM over the bare collected kernel's, the core-flattening diagnostic",6a468472af4bbda8,400000,0,2026-09-26T09:25:19,DIAGNOSTIC
w41.0_m1.00_r0.940_T130_P175,shares_shift_abs,0.00167237,,,PASS,the largest move of a line's share from the thermal law to the depleted one: the physical shift,6a468472af4bbda8,400000,0,2026-09-26T09:25:19,DIAGNOSTIC
w41.0_m1.00_r0.940_T130_P175,cycles_on_axis,0.174348,,,PASS,excitation cycles on the central chord at the mean transverse speed,6a468472af4bbda8,400000,0,2026-09-26T09:25:19,DIAGNOSTIC
w41.0_m1.00_r0.940_T130_P175,cycles_mean_over_chords,0.0265198,,,PASS,the flux-weighted mean over every chord,6a468472af4bbda8,400000,0,2026-09-26T09:25:19,DIAGNOSTIC
w41.0_m1.00_r0.940_T130_P180,transit_fwhm_rel,1.48731,1.48364,,PASS,the Monte Carlo against the form the fit uses at this node,6a468472af4bbda8,400000,0,2026-09-26T09:25:19,DIAGNOSTIC
w41.0_m1.00_r0.940_T130_P180,transit_shape_rel,1.00032,1,,PASS,the Monte Carlo against the form the fit uses at this node,6a468472af4bbda8,400000,0,2026-09-26T09:25:19,DIAGNOSTIC
w41.0_m1.00_r0.940_T130_P180,ramp_mu2_rel,0.0510871,0.0510671,,PASS,the Monte Carlo against the form the fit uses at this node,6a468472af4bbda8,400000,0,2026-09-26T09:25:19,DIAGNOSTIC
w41.0_m1.00_r0.940_T130_P180,ramp_mu3_rel,-0.00669422,-0.00667374,,PASS,the Monte Carlo against the form the fit uses at this node,6a468472af4bbda8,400000,0,2026-09-26T09:25:19,DIAGNOSTIC
w41.0_m1.00_r0.940_T130_P180,amplitude_power_law_abs,1.81837,1.81494,,PASS,the Monte Carlo against the form the fit uses at this node,6a468472af4bbda8,400000,0,2026-09-26T09:25:19,DIAGNOSTIC
w41.0_m1.00_r0.940_T130_P180,shares_abs,0.000588445,0,,PASS,the Monte Carlo against the form the fit uses at this node,6a468472af4bbda8,400000,0,2026-09-26T09:25:19,DIAGNOSTIC
w41.0_m1.00_r0.940_T130_P180,joint_shape_abs,0.00894414,0,,PASS,the Monte Carlo against the form the fit uses at this node,6a468472af4bbda8,400000,0,2026-09-26T09:25:19,DIAGNOSTIC
w41.0_m1.00_r0.940_T130_P180,joint_moment_sigma_abs,2.3588,0,,PASS,the Monte Carlo against the form the fit uses at this node,6a468472af4bbda8,400000,0,2026-09-26T09:25:19,DIAGNOSTIC
w41.0_m1.00_r0.940_T130_P180,depleted_line_abs,0.000777712,0,,PASS,the Monte Carlo against the form the fit uses at this node,6a468472af4bbda8,400000,0,2026-09-26T09:25:19,DIAGNOSTIC
w41.0_m1.00_r0.940_T130_P180,depletion_widening_rel_4207,0.00774715,,,PASS,"what a transit fit reads from the surviving kernel after the natural Lorentzian, over the bare one: the factor the fit carries",6a468472af4bbda8,400000,0,2026-09-26T09:25:19,DIAGNOSTIC
w41.0_m1.00_r0.940_T130_P180,depletion_widening_rel_4192,0.00855098,,,PASS,"what a transit fit reads from the surviving kernel after the natural Lorentzian, over the bare one: the factor the fit carries",6a468472af4bbda8,400000,0,2026-09-26T09:25:19,DIAGNOSTIC
w41.0_m1.00_r0.940_T130_P180,depletion_widening_rel_4154,0.011682,,,PASS,"what a transit fit reads from the surviving kernel after the natural Lorentzian, over the bare one: the factor the fit carries",6a468472af4bbda8,400000,0,2026-09-26T09:25:19,DIAGNOSTIC
w41.0_m1.00_r0.940_T130_P180,depletion_widening_rel_4121,0.0124454,,,PASS,"what a transit fit reads from the surviving kernel after the natural Lorentzian, over the bare one: the factor the fit carries",6a468472af4bbda8,400000,0,2026-09-26T09:25:19,DIAGNOSTIC
w41.0_m1.00_r0.940_T130_P180,depletion_fwhm_rel_4207,0.0656201,,,PASS,"the surviving transit kernel's FWHM over the bare collected kernel's, the core-flattening diagnostic",6a468472af4bbda8,400000,0,2026-09-26T09:25:19,DIAGNOSTIC
w41.0_m1.00_r0.940_T130_P180,depletion_fwhm_rel_4192,0.0707376,,,PASS,"the surviving transit kernel's FWHM over the bare collected kernel's, the core-flattening diagnostic",6a468472af4bbda8,400000,0,2026-09-26T09:25:19,DIAGNOSTIC
w41.0_m1.00_r0.940_T130_P180,depletion_fwhm_rel_4154,0.0894475,,,PASS,"the surviving transit kernel's FWHM over the bare collected kernel's, the core-flattening diagnostic",6a468472af4bbda8,400000,0,2026-09-26T09:25:19,DIAGNOSTIC
w41.0_m1.00_r0.940_T130_P180,depletion_fwhm_rel_4121,0.0937672,,,PASS,"the surviving transit kernel's FWHM over the bare collected kernel's, the core-flattening diagnostic",6a468472af4bbda8,400000,0,2026-09-26T09:25:19,DIAGNOSTIC
w41.0_m1.00_r0.940_T130_P180,shares_shift_abs,0.00175495,,,PASS,the largest move of a line's share from the thermal law to the depleted one: the physical shift,6a468472af4bbda8,400000,0,2026-09-26T09:25:19,DIAGNOSTIC
w41.0_m1.00_r0.940_T130_P180,cycles_on_axis,0.183439,,,PASS,excitation cycles on the central chord at the mean transverse speed,6a468472af4bbda8,400000,0,2026-09-26T09:25:19,DIAGNOSTIC
w41.0_m1.00_r0.940_T130_P180,cycles_mean_over_chords,0.0279462,,,PASS,the flux-weighted mean over every chord,6a468472af4bbda8,400000,0,2026-09-26T09:25:19,DIAGNOSTIC
w41.0_m1.00_r0.940_T130_P225,transit_fwhm_rel,1.48733,1.4843,,PASS,the Monte Carlo against the form the fit uses at this node,6a468472af4bbda8,400000,0,2026-09-26T09:25:17,DIAGNOSTIC
w41.0_m1.00_r0.940_T130_P225,transit_shape_rel,1.00032,1,,PASS,the Monte Carlo against the form the fit uses at this node,6a468472af4bbda8,400000,0,2026-09-26T09:25:17,DIAGNOSTIC
w41.0_m1.00_r0.940_T130_P225,ramp_mu2_rel,0.0514989,0.0514761,,PASS,the Monte Carlo against the form the fit uses at this node,6a468472af4bbda8,400000,0,2026-09-26T09:25:17,DIAGNOSTIC
w41.0_m1.00_r0.940_T130_P225,ramp_mu3_rel,-0.00651617,-0.00649638,,PASS,the Monte Carlo against the form the fit uses at this node,6a468472af4bbda8,400000,0,2026-09-26T09:25:17,DIAGNOSTIC
w41.0_m1.00_r0.940_T130_P225,amplitude_power_law_abs,1.73638,1.7315,,PASS,the Monte Carlo against the form the fit uses at this node,6a468472af4bbda8,400000,0,2026-09-26T09:25:17,DIAGNOSTIC
w41.0_m1.00_r0.940_T130_P225,shares_abs,0.000911285,0,,PASS,the Monte Carlo against the form the fit uses at this node,6a468472af4bbda8,400000,0,2026-09-26T09:25:17,DIAGNOSTIC
w41.0_m1.00_r0.940_T130_P225,joint_shape_abs,0.00966073,0,,PASS,the Monte Carlo against the form the fit uses at this node,6a468472af4bbda8,400000,0,2026-09-26T09:25:17,DIAGNOSTIC
w41.0_m1.00_r0.940_T130_P225,joint_moment_sigma_abs,2.31988,0,,PASS,the Monte Carlo against the form the fit uses at this node,6a468472af4bbda8,400000,0,2026-09-26T09:25:17,DIAGNOSTIC
w41.0_m1.00_r0.940_T130_P225,depleted_line_abs,0.0009901,0,,PASS,the Monte Carlo against the form the fit uses at this node,6a468472af4bbda8,400000,0,2026-09-26T09:25:17,DIAGNOSTIC
w41.0_m1.00_r0.940_T130_P225,depletion_widening_rel_4207,0.0112101,,,PASS,"what a transit fit reads from the surviving kernel after the natural Lorentzian, over the bare one: the factor the fit carries",6a468472af4bbda8,400000,0,2026-09-26T09:25:17,DIAGNOSTIC
w41.0_m1.00_r0.940_T130_P225,depletion_widening_rel_4192,0.0123498,,,PASS,"what a transit fit reads from the surviving kernel after the natural Lorentzian, over the bare one: the factor the fit carries",6a468472af4bbda8,400000,0,2026-09-26T09:25:17,DIAGNOSTIC
w41.0_m1.00_r0.940_T130_P225,depletion_widening_rel_4154,0.0167561,,,PASS,"what a transit fit reads from the surviving kernel after the natural Lorentzian, over the bare one: the factor the fit carries",6a468472af4bbda8,400000,0,2026-09-26T09:25:17,DIAGNOSTIC
w41.0_m1.00_r0.940_T130_P225,depletion_widening_rel_4121,0.0178229,,,PASS,"what a transit fit reads from the surviving kernel after the natural Lorentzian, over the bare one: the factor the fit carries",6a468472af4bbda8,400000,0,2026-09-26T09:25:17,DIAGNOSTIC
w41.0_m1.00_r0.940_T130_P225,depletion_fwhm_rel_4207,0.086757,,,PASS,"the surviving transit kernel's FWHM over the bare collected kernel's, the core-flattening diagnostic",6a468472af4bbda8,400000,0,2026-09-26T09:25:17,DIAGNOSTIC
w41.0_m1.00_r0.940_T130_P225,depletion_fwhm_rel_4192,0.0932638,,,PASS,"the surviving transit kernel's FWHM over the bare collected kernel's, the core-flattening diagnostic",6a468472af4bbda8,400000,0,2026-09-26T09:25:17,DIAGNOSTIC
w41.0_m1.00_r0.940_T130_P225,depletion_fwhm_rel_4154,0.11692,,,PASS,"the surviving transit kernel's FWHM over the bare collected kernel's, the core-flattening diagnostic",6a468472af4bbda8,400000,0,2026-09-26T09:25:17,DIAGNOSTIC
w41.0_m1.00_r0.940_T130_P225,depletion_fwhm_rel_4121,0.12236,,,PASS,"the surviving transit kernel's FWHM over the bare collected kernel's, the core-flattening diagnostic",6a468472af4bbda8,400000,0,2026-09-26T09:25:17,DIAGNOSTIC
w41.0_m1.00_r0.940_T130_P225,shares_shift_abs,0.00253749,,,PASS,the largest move of a line's share from the thermal law to the depleted one: the physical shift,6a468472af4bbda8,400000,0,2026-09-26T09:25:17,DIAGNOSTIC
w41.0_m1.00_r0.940_T130_P225,cycles_on_axis,0.27143,,,PASS,excitation cycles on the central chord at the mean transverse speed,6a468472af4bbda8,400000,0,2026-09-26T09:25:17,DIAGNOSTIC
w41.0_m1.00_r0.940_T130_P225,cycles_mean_over_chords,0.0419884,,,PASS,the flux-weighted mean over every chord,6a468472af4bbda8,400000,0,2026-09-26T09:25:17,DIAGNOSTIC
w41.0_m1.00_r0.940_T130_P25,transit_fwhm_rel,1.48728,1.4823,,PASS,the Monte Carlo against the form the fit uses at this node,6a468472af4bbda8,400000,0,2026-09-26T09:26:44,DIAGNOSTIC
w41.0_m1.00_r0.940_T130_P25,transit_shape_rel,1.00032,1,,PASS,the Monte Carlo against the form the fit uses at this node,6a468472af4bbda8,400000,0,2026-09-26T09:26:44,DIAGNOSTIC
w41.0_m1.00_r0.940_T130_P25,ramp_mu2_rel,0.0502915,0.0502772,,PASS,the Monte Carlo against the form the fit uses at this node,6a468472af4bbda8,400000,0,2026-09-26T09:26:44,DIAGNOSTIC
w41.0_m1.00_r0.940_T130_P25,ramp_mu3_rel,-0.00702604,-0.00700447,,PASS,the Monte Carlo against the form the fit uses at this node,6a468472af4bbda8,400000,0,2026-09-26T09:26:44,DIAGNOSTIC
w41.0_m1.00_r0.940_T130_P25,amplitude_power_law_abs,1.99593,1.99587,,PASS,the Monte Carlo against the form the fit uses at this node,6a468472af4bbda8,400000,0,2026-09-26T09:26:44,DIAGNOSTIC
w41.0_m1.00_r0.940_T130_P25,shares_abs,1.03373e-05,0,,PASS,the Monte Carlo against the form the fit uses at this node,6a468472af4bbda8,400000,0,2026-09-26T09:26:44,DIAGNOSTIC
w41.0_m1.00_r0.940_T130_P25,joint_shape_abs,0.00614975,0,,PASS,the Monte Carlo against the form the fit uses at this node,6a468472af4bbda8,400000,0,2026-09-26T09:26:44,DIAGNOSTIC
w41.0_m1.00_r0.940_T130_P25,joint_moment_sigma_abs,1.43091,0,,PASS,the Monte Carlo against the form the fit uses at this node,6a468472af4bbda8,400000,0,2026-09-26T09:26:44,DIAGNOSTIC
w41.0_m1.00_r0.940_T130_P25,depleted_line_abs,0.000267122,0,,PASS,the Monte Carlo against the form the fit uses at this node,6a468472af4bbda8,400000,0,2026-09-26T09:26:44,DIAGNOSTIC
w41.0_m1.00_r0.940_T130_P25,depletion_widening_rel_4207,0.000180383,,,PASS,"what a transit fit reads from the surviving kernel after the natural Lorentzian, over the bare one: the factor the fit carries",6a468472af4bbda8,400000,0,2026-09-26T09:26:44,DIAGNOSTIC
w41.0_m1.00_r0.940_T130_P25,depletion_widening_rel_4192,0.000200208,,,PASS,"what a transit fit reads from the surviving kernel after the natural Lorentzian, over the bare one: the factor the fit carries",6a468472af4bbda8,400000,0,2026-09-26T09:26:44,DIAGNOSTIC
w41.0_m1.00_r0.940_T130_P25,depletion_widening_rel_4154,0.000279282,,,PASS,"what a transit fit reads from the surviving kernel after the natural Lorentzian, over the bare one: the factor the fit carries",6a468472af4bbda8,400000,0,2026-09-26T09:26:44,DIAGNOSTIC
w41.0_m1.00_r0.940_T130_P25,depletion_widening_rel_4121,0.000299001,,,PASS,"what a transit fit reads from the surviving kernel after the natural Lorentzian, over the bare one: the factor the fit carries",6a468472af4bbda8,400000,0,2026-09-26T09:26:44,DIAGNOSTIC
w41.0_m1.00_r0.940_T130_P25,depletion_fwhm_rel_4207,0.0030921,,,PASS,"the surviving transit kernel's FWHM over the bare collected kernel's, the core-flattening diagnostic",6a468472af4bbda8,400000,0,2026-09-26T09:26:44,DIAGNOSTIC
w41.0_m1.00_r0.940_T130_P25,depletion_fwhm_rel_4192,0.00338032,,,PASS,"the surviving transit kernel's FWHM over the bare collected kernel's, the core-flattening diagnostic",6a468472af4bbda8,400000,0,2026-09-26T09:26:44,DIAGNOSTIC
w41.0_m1.00_r0.940_T130_P25,depletion_fwhm_rel_4154,0.00448647,,,PASS,"the surviving transit kernel's FWHM over the bare collected kernel's, the core-flattening diagnostic",6a468472af4bbda8,400000,0,2026-09-26T09:26:44,DIAGNOSTIC
w41.0_m1.00_r0.940_T130_P25,depletion_fwhm_rel_4121,0.00475319,,,PASS,"the surviving transit kernel's FWHM over the bare collected kernel's, the core-flattening diagnostic",6a468472af4bbda8,400000,0,2026-09-26T09:26:44,DIAGNOSTIC
w41.0_m1.00_r0.940_T130_P25,shares_shift_abs,4.04374e-05,,,PASS,the largest move of a line's share from the thermal law to the depleted one: the physical shift,6a468472af4bbda8,400000,0,2026-09-26T09:26:44,DIAGNOSTIC
w41.0_m1.00_r0.940_T130_P25,cycles_on_axis,0.00393138,,,PASS,excitation cycles on the central chord at the mean transverse speed,6a468472af4bbda8,400000,0,2026-09-26T09:26:44,DIAGNOSTIC
w41.0_m1.00_r0.940_T130_P25,cycles_mean_over_chords,0.000581057,,,PASS,the flux-weighted mean over every chord,6a468472af4bbda8,400000,0,2026-09-26T09:26:44,DIAGNOSTIC
w41.0_m1.00_r0.940_T130_P270,transit_fwhm_rel,1.48735,1.48501,,PASS,the Monte Carlo against the form the fit uses at this node,6a468472af4bbda8,400000,0,2026-09-26T09:26:47,DIAGNOSTIC
w41.0_m1.00_r0.940_T130_P270,transit_shape_rel,1.00032,1,,PASS,the Monte Carlo against the form the fit uses at this node,6a468472af4bbda8,400000,0,2026-09-26T09:26:47,DIAGNOSTIC
w41.0_m1.00_r0.940_T130_P270,ramp_mu2_rel,0.0519657,0.0519399,,PASS,the Monte Carlo against the form the fit uses at this node,6a468472af4bbda8,400000,0,2026-09-26T09:26:47,DIAGNOSTIC
w41.0_m1.00_r0.940_T130_P270,ramp_mu3_rel,-0.00630915,-0.00629023,,PASS,the Monte Carlo against the form the fit uses at this node,6a468472af4bbda8,400000,0,2026-09-26T09:26:47,DIAGNOSTIC
w41.0_m1.00_r0.940_T130_P270,amplitude_power_law_abs,1.65028,1.64419,,PASS,the Monte Carlo against the form the fit uses at this node,6a468472af4bbda8,400000,0,2026-09-26T09:26:47,DIAGNOSTIC
w41.0_m1.00_r0.940_T130_P270,shares_abs,0.00127983,0,,PASS,the Monte Carlo against the form the fit uses at this node,6a468472af4bbda8,400000,0,2026-09-26T09:26:47,DIAGNOSTIC
w41.0_m1.00_r0.940_T130_P270,joint_shape_abs,0.0103521,0,,PASS,the Monte Carlo against the form the fit uses at this node,6a468472af4bbda8,400000,0,2026-09-26T09:26:47,DIAGNOSTIC
w41.0_m1.00_r0.940_T130_P270,joint_moment_sigma_abs,2.7168,0,,PASS,the Monte Carlo against the form the fit uses at this node,6a468472af4bbda8,400000,0,2026-09-26T09:26:47,DIAGNOSTIC
w41.0_m1.00_r0.940_T130_P270,depleted_line_abs,0.00120337,0,,PASS,the Monte Carlo against the form the fit uses at this node,6a468472af4bbda8,400000,0,2026-09-26T09:26:47,DIAGNOSTIC
w41.0_m1.00_r0.940_T130_P270,depletion_widening_rel_4207,0.0148606,,,PASS,"what a transit fit reads from the surviving kernel after the natural Lorentzian, over the bare one: the factor the fit carries",6a468472af4bbda8,400000,0,2026-09-26T09:26:47,DIAGNOSTIC
w41.0_m1.00_r0.940_T130_P270,depletion_widening_rel_4192,0.0163422,,,PASS,"what a transit fit reads from the surviving kernel after the natural Lorentzian, over the bare one: the factor the fit carries",6a468472af4bbda8,400000,0,2026-09-26T09:26:47,DIAGNOSTIC
w41.0_m1.00_r0.940_T130_P270,depletion_widening_rel_4154,0.0220305,,,PASS,"what a transit fit reads from the surviving kernel after the natural Lorentzian, over the bare one: the factor the fit carries",6a468472af4bbda8,400000,0,2026-09-26T09:26:47,DIAGNOSTIC
w41.0_m1.00_r0.940_T130_P270,depletion_widening_rel_4121,0.0233988,,,PASS,"what a transit fit reads from the surviving kernel after the natural Lorentzian, over the bare one: the factor the fit carries",6a468472af4bbda8,400000,0,2026-09-26T09:26:47,DIAGNOSTIC
w41.0_m1.00_r0.940_T130_P270,depletion_fwhm_rel_4207,0.107056,,,PASS,"the surviving transit kernel's FWHM over the bare collected kernel's, the core-flattening diagnostic",6a468472af4bbda8,400000,0,2026-09-26T09:26:47,DIAGNOSTIC
w41.0_m1.00_r0.940_T130_P270,depletion_fwhm_rel_4192,0.114819,,,PASS,"the surviving transit kernel's FWHM over the bare collected kernel's, the core-flattening diagnostic",6a468472af4bbda8,400000,0,2026-09-26T09:26:47,DIAGNOSTIC
w41.0_m1.00_r0.940_T130_P270,depletion_fwhm_rel_4154,0.142927,,,PASS,"the surviving transit kernel's FWHM over the bare collected kernel's, the core-flattening diagnostic",6a468472af4bbda8,400000,0,2026-09-26T09:26:47,DIAGNOSTIC
w41.0_m1.00_r0.940_T130_P270,depletion_fwhm_rel_4121,0.149314,,,PASS,"the surviving transit kernel's FWHM over the bare collected kernel's, the core-flattening diagnostic",6a468472af4bbda8,400000,0,2026-09-26T09:26:47,DIAGNOSTIC
w41.0_m1.00_r0.940_T130_P270,shares_shift_abs,0.00336136,,,PASS,the largest move of a line's share from the thermal law to the depleted one: the physical shift,6a468472af4bbda8,400000,0,2026-09-26T09:26:47,DIAGNOSTIC
w41.0_m1.00_r0.940_T130_P270,cycles_on_axis,0.367453,,,PASS,excitation cycles on the central chord at the mean transverse speed,6a468472af4bbda8,400000,0,2026-09-26T09:26:47,DIAGNOSTIC
w41.0_m1.00_r0.940_T130_P270,cycles_mean_over_chords,0.057818,,,PASS,the flux-weighted mean over every chord,6a468472af4bbda8,400000,0,2026-09-26T09:26:47,DIAGNOSTIC
w41.0_m1.00_r0.940_T130_P350,transit_fwhm_rel,1.48741,1.48631,,PASS,the Monte Carlo against the form the fit uses at this node,6a468472af4bbda8,400000,0,2026-09-26T09:26:48,DIAGNOSTIC
w41.0_m1.00_r0.940_T130_P350,transit_shape_rel,1.00031,1,,PASS,the Monte Carlo against the form the fit uses at this node,6a468472af4bbda8,400000,0,2026-09-26T09:26:48,DIAGNOSTIC
w41.0_m1.00_r0.940_T130_P350,ramp_mu2_rel,0.0528868,0.0528556,,PASS,the Monte Carlo against the form the fit uses at this node,6a468472af4bbda8,400000,0,2026-09-26T09:26:48,DIAGNOSTIC
w41.0_m1.00_r0.940_T130_P350,ramp_mu3_rel,-0.00588411,-0.00586721,,PASS,the Monte Carlo against the form the fit uses at this node,6a468472af4bbda8,400000,0,2026-09-26T09:26:48,DIAGNOSTIC
w41.0_m1.00_r0.940_T130_P350,amplitude_power_law_abs,1.49848,1.49137,,PASS,the Monte Carlo against the form the fit uses at this node,6a468472af4bbda8,400000,0,2026-09-26T09:26:48,DIAGNOSTIC
w41.0_m1.00_r0.940_T130_P350,shares_abs,0.00199545,0,,PASS,the Monte Carlo against the form the fit uses at this node,6a468472af4bbda8,400000,0,2026-09-26T09:26:48,DIAGNOSTIC
w41.0_m1.00_r0.940_T130_P350,joint_shape_abs,0.0115073,0,,PASS,the Monte Carlo against the form the fit uses at this node,6a468472af4bbda8,400000,0,2026-09-26T09:26:48,DIAGNOSTIC
w41.0_m1.00_r0.940_T130_P350,joint_moment_sigma_abs,2.3841,0,,PASS,the Monte Carlo against the form the fit uses at this node,6a468472af4bbda8,400000,0,2026-09-26T09:26:48,DIAGNOSTIC
w41.0_m1.00_r0.940_T130_P350,depleted_line_abs,0.00165339,0,,PASS,the Monte Carlo against the form the fit uses at this node,6a468472af4bbda8,400000,0,2026-09-26T09:26:48,DIAGNOSTIC
w41.0_m1.00_r0.940_T130_P350,depletion_widening_rel_4207,0.0213779,,,PASS,"what a transit fit reads from the surviving kernel after the natural Lorentzian, over the bare one: the factor the fit carries",6a468472af4bbda8,400000,0,2026-09-26T09:26:48,DIAGNOSTIC
w41.0_m1.00_r0.940_T130_P350,depletion_widening_rel_4192,0.0234425,,,PASS,"what a transit fit reads from the surviving kernel after the natural Lorentzian, over the bare one: the factor the fit carries",6a468472af4bbda8,400000,0,2026-09-26T09:26:48,DIAGNOSTIC
w41.0_m1.00_r0.940_T130_P350,depletion_widening_rel_4154,0.0312827,,,PASS,"what a transit fit reads from the surviving kernel after the natural Lorentzian, over the bare one: the factor the fit carries",6a468472af4bbda8,400000,0,2026-09-26T09:26:48,DIAGNOSTIC
w41.0_m1.00_r0.940_T130_P350,depletion_widening_rel_4121,0.0331491,,,PASS,"what a transit fit reads from the surviving kernel after the natural Lorentzian, over the bare one: the factor the fit carries",6a468472af4bbda8,400000,0,2026-09-26T09:26:48,DIAGNOSTIC
w41.0_m1.00_r0.940_T130_P350,depletion_fwhm_rel_4207,0.139943,,,PASS,"the surviving transit kernel's FWHM over the bare collected kernel's, the core-flattening diagnostic",6a468472af4bbda8,400000,0,2026-09-26T09:26:48,DIAGNOSTIC
w41.0_m1.00_r0.940_T130_P350,depletion_fwhm_rel_4192,0.149634,,,PASS,"the surviving transit kernel's FWHM over the bare collected kernel's, the core-flattening diagnostic",6a468472af4bbda8,400000,0,2026-09-26T09:26:48,DIAGNOSTIC
w41.0_m1.00_r0.940_T130_P350,depletion_fwhm_rel_4154,0.184277,,,PASS,"the surviving transit kernel's FWHM over the bare collected kernel's, the core-flattening diagnostic",6a468472af4bbda8,400000,0,2026-09-26T09:26:48,DIAGNOSTIC
w41.0_m1.00_r0.940_T130_P350,depletion_fwhm_rel_4121,0.192097,,,PASS,"the surviving transit kernel's FWHM over the bare collected kernel's, the core-flattening diagnostic",6a468472af4bbda8,400000,0,2026-09-26T09:26:48,DIAGNOSTIC
w41.0_m1.00_r0.940_T130_P350,shares_shift_abs,0.00483017,,,PASS,the largest move of a line's share from the thermal law to the depleted one: the physical shift,6a468472af4bbda8,400000,0,2026-09-26T09:26:48,DIAGNOSTIC
w41.0_m1.00_r0.940_T130_P350,cycles_on_axis,0.546471,,,PASS,excitation cycles on the central chord at the mean transverse speed,6a468472af4bbda8,400000,0,2026-09-26T09:26:48,DIAGNOSTIC
w41.0_m1.00_r0.940_T130_P350,cycles_mean_over_chords,0.0888443,,,PASS,the flux-weighted mean over every chord,6a468472af4bbda8,400000,0,2026-09-26T09:26:48,DIAGNOSTIC
w41.0_m1.00_r0.940_T130_P500,transit_fwhm_rel,1.48759,1.48855,,FAIL,the Monte Carlo against the form the fit uses at this node,6a468472af4bbda8,400000,0,2026-09-26T09:28:11,DIAGNOSTIC
w41.0_m1.00_r0.940_T130_P500,transit_shape_rel,1.00031,1,,FAIL,the Monte Carlo against the form the fit uses at this node,6a468472af4bbda8,400000,0,2026-09-26T09:28:11,DIAGNOSTIC
w41.0_m1.00_r0.940_T130_P500,ramp_mu2_rel,0.0547379,0.0546981,,FAIL,the Monte Carlo against the form the fit uses at this node,6a468472af4bbda8,400000,0,2026-09-26T09:28:11,DIAGNOSTIC
w41.0_m1.00_r0.940_T130_P500,ramp_mu3_rel,-0.00496258,-0.00495082,,FAIL,the Monte Carlo against the form the fit uses at this node,6a468472af4bbda8,400000,0,2026-09-26T09:28:11,DIAGNOSTIC
w41.0_m1.00_r0.940_T130_P500,amplitude_power_law_abs,1.2503,1.24525,,FAIL,the Monte Carlo against the form the fit uses at this node,6a468472af4bbda8,400000,0,2026-09-26T09:28:11,DIAGNOSTIC
w41.0_m1.00_r0.940_T130_P500,shares_abs,0.00333382,0,,FAIL,the Monte Carlo against the form the fit uses at this node,6a468472af4bbda8,400000,0,2026-09-26T09:28:11,DIAGNOSTIC
w41.0_m1.00_r0.940_T130_P500,joint_shape_abs,0.0134938,0,,FAIL,the Monte Carlo against the form the fit uses at this node,6a468472af4bbda8,400000,0,2026-09-26T09:28:11,DIAGNOSTIC
w41.0_m1.00_r0.940_T130_P500,joint_moment_sigma_abs,2.13151,0,,FAIL,the Monte Carlo against the form the fit uses at this node,6a468472af4bbda8,400000,0,2026-09-26T09:28:11,DIAGNOSTIC
w41.0_m1.00_r0.940_T130_P500,depleted_line_abs,0.00240772,0,,FAIL,the Monte Carlo against the form the fit uses at this node,6a468472af4bbda8,400000,0,2026-09-26T09:28:11,DIAGNOSTIC
w41.0_m1.00_r0.940_T130_P500,depletion_widening_rel_4207,0.0324343,,,FAIL,"what a transit fit reads from the surviving kernel after the natural Lorentzian, over the bare one: the factor the fit carries",6a468472af4bbda8,400000,0,2026-09-26T09:28:11,DIAGNOSTIC
w41.0_m1.00_r0.940_T130_P500,depletion_widening_rel_4192,0.035419,,,FAIL,"what a transit fit reads from the surviving kernel after the natural Lorentzian, over the bare one: the factor the fit carries",6a468472af4bbda8,400000,0,2026-09-26T09:28:11,DIAGNOSTIC
w41.0_m1.00_r0.940_T130_P500,depletion_widening_rel_4154,0.0465709,,,FAIL,"what a transit fit reads from the surviving kernel after the natural Lorentzian, over the bare one: the factor the fit carries",6a468472af4bbda8,400000,0,2026-09-26T09:28:11,DIAGNOSTIC
w41.0_m1.00_r0.940_T130_P500,depletion_widening_rel_4121,0.0491855,,,FAIL,"what a transit fit reads from the surviving kernel after the natural Lorentzian, over the bare one: the factor the fit carries",6a468472af4bbda8,400000,0,2026-09-26T09:28:11,DIAGNOSTIC
w41.0_m1.00_r0.940_T130_P500,depletion_fwhm_rel_4207,0.189409,,,FAIL,"the surviving transit kernel's FWHM over the bare collected kernel's, the core-flattening diagnostic",6a468472af4bbda8,400000,0,2026-09-26T09:28:11,DIAGNOSTIC
w41.0_m1.00_r0.940_T130_P500,depletion_fwhm_rel_4192,0.201693,,,FAIL,"the surviving transit kernel's FWHM over the bare collected kernel's, the core-flattening diagnostic",6a468472af4bbda8,400000,0,2026-09-26T09:28:11,DIAGNOSTIC
w41.0_m1.00_r0.940_T130_P500,depletion_fwhm_rel_4154,0.244862,,,FAIL,"the surviving transit kernel's FWHM over the bare collected kernel's, the core-flattening diagnostic",6a468472af4bbda8,400000,0,2026-09-26T09:28:11,DIAGNOSTIC
w41.0_m1.00_r0.940_T130_P500,depletion_fwhm_rel_4121,0.254432,,,FAIL,"the surviving transit kernel's FWHM over the bare collected kernel's, the core-flattening diagnostic",6a468472af4bbda8,400000,0,2026-09-26T09:28:11,DIAGNOSTIC
w41.0_m1.00_r0.940_T130_P500,shares_shift_abs,0.00731834,,,FAIL,the largest move of a line's share from the thermal law to the depleted one: the physical shift,6a468472af4bbda8,400000,0,2026-09-26T09:28:11,DIAGNOSTIC
w41.0_m1.00_r0.940_T130_P500,cycles_on_axis,0.870531,,,FAIL,excitation cycles on the central chord at the mean transverse speed,6a468472af4bbda8,400000,0,2026-09-26T09:28:11,DIAGNOSTIC
w41.0_m1.00_r0.940_T130_P500,cycles_mean_over_chords,0.150676,,,FAIL,the flux-weighted mean over every chord,6a468472af4bbda8,400000,0,2026-09-26T09:28:11,DIAGNOSTIC
w41.0_m1.00_r0.940_T130_P75,transit_fwhm_rel,1.48728,1.48253,,PASS,the Monte Carlo against the form the fit uses at this node,6a468472af4bbda8,400000,0,2026-09-26T09:28:15,DIAGNOSTIC
w41.0_m1.00_r0.940_T130_P75,transit_shape_rel,1.00032,1,,PASS,the Monte Carlo against the form the fit uses at this node,6a468472af4bbda8,400000,0,2026-09-26T09:28:15,DIAGNOSTIC
w41.0_m1.00_r0.940_T130_P75,ramp_mu2_rel,0.0504241,0.0504088,,PASS,the Monte Carlo against the form the fit uses at this node,6a468472af4bbda8,400000,0,2026-09-26T09:28:15,DIAGNOSTIC
w41.0_m1.00_r0.940_T130_P75,ramp_mu3_rel,-0.00697186,-0.00695044,,PASS,the Monte Carlo against the form the fit uses at this node,6a468472af4bbda8,400000,0,2026-09-26T09:28:15,DIAGNOSTIC
w41.0_m1.00_r0.940_T130_P75,amplitude_power_law_abs,1.96432,1.96374,,PASS,the Monte Carlo against the form the fit uses at this node,6a468472af4bbda8,400000,0,2026-09-26T09:28:15,DIAGNOSTIC
w41.0_m1.00_r0.940_T130_P75,shares_abs,9.72155e-05,0,,PASS,the Monte Carlo against the form the fit uses at this node,6a468472af4bbda8,400000,0,2026-09-26T09:28:15,DIAGNOSTIC
w41.0_m1.00_r0.940_T130_P75,joint_shape_abs,0.00709817,0,,PASS,the Monte Carlo against the form the fit uses at this node,6a468472af4bbda8,400000,0,2026-09-26T09:28:15,DIAGNOSTIC
w41.0_m1.00_r0.940_T130_P75,joint_moment_sigma_abs,1.71505,0,,PASS,the Monte Carlo against the form the fit uses at this node,6a468472af4bbda8,400000,0,2026-09-26T09:28:15,DIAGNOSTIC
w41.0_m1.00_r0.940_T130_P75,depleted_line_abs,0.000366102,0,,PASS,the Monte Carlo against the form the fit uses at this node,6a468472af4bbda8,400000,0,2026-09-26T09:28:15,DIAGNOSTIC
w41.0_m1.00_r0.940_T130_P75,depletion_widening_rel_4207,0.00154972,,,PASS,"what a transit fit reads from the surviving kernel after the natural Lorentzian, over the bare one: the factor the fit carries",6a468472af4bbda8,400000,0,2026-09-26T09:28:15,DIAGNOSTIC
w41.0_m1.00_r0.940_T130_P75,depletion_widening_rel_4192,0.00171789,,,PASS,"what a transit fit reads from the surviving kernel after the natural Lorentzian, over the bare one: the factor the fit carries",6a468472af4bbda8,400000,0,2026-09-26T09:28:15,DIAGNOSTIC
w41.0_m1.00_r0.940_T130_P75,depletion_widening_rel_4154,0.00238471,,,PASS,"what a transit fit reads from the surviving kernel after the natural Lorentzian, over the bare one: the factor the fit carries",6a468472af4bbda8,400000,0,2026-09-26T09:28:15,DIAGNOSTIC
w41.0_m1.00_r0.940_T130_P75,depletion_widening_rel_4121,0.00255003,,,PASS,"what a transit fit reads from the surviving kernel after the natural Lorentzian, over the bare one: the factor the fit carries",6a468472af4bbda8,400000,0,2026-09-26T09:28:15,DIAGNOSTIC
w41.0_m1.00_r0.940_T130_P75,depletion_fwhm_rel_4207,0.0185605,,,PASS,"the surviving transit kernel's FWHM over the bare collected kernel's, the core-flattening diagnostic",6a468472af4bbda8,400000,0,2026-09-26T09:28:15,DIAGNOSTIC
w41.0_m1.00_r0.940_T130_P75,depletion_fwhm_rel_4192,0.0201716,,,PASS,"the surviving transit kernel's FWHM over the bare collected kernel's, the core-flattening diagnostic",6a468472af4bbda8,400000,0,2026-09-26T09:28:15,DIAGNOSTIC
w41.0_m1.00_r0.940_T130_P75,depletion_fwhm_rel_4154,0.0262221,,,PASS,"the surviving transit kernel's FWHM over the bare collected kernel's, the core-flattening diagnostic",6a468472af4bbda8,400000,0,2026-09-26T09:28:15,DIAGNOSTIC
w41.0_m1.00_r0.940_T130_P75,depletion_fwhm_rel_4121,0.0276524,,,PASS,"the surviving transit kernel's FWHM over the bare collected kernel's, the core-flattening diagnostic",6a468472af4bbda8,400000,0,2026-09-26T09:28:15,DIAGNOSTIC
w41.0_m1.00_r0.940_T130_P75,shares_shift_abs,0.000350967,,,PASS,the largest move of a line's share from the thermal law to the depleted one: the physical shift,6a468472af4bbda8,400000,0,2026-09-26T09:28:15,DIAGNOSTIC
w41.0_m1.00_r0.940_T130_P75,cycles_on_axis,0.0347667,,,PASS,excitation cycles on the central chord at the mean transverse speed,6a468472af4bbda8,400000,0,2026-09-26T09:28:15,DIAGNOSTIC
w41.0_m1.00_r0.940_T130_P75,cycles_mean_over_chords,0.0051649,,,PASS,the flux-weighted mean over every chord,6a468472af4bbda8,400000,0,2026-09-26T09:28:15,DIAGNOSTIC
w41.0_m1.00_r0.940_T130_P90,transit_fwhm_rel,1.48729,1.48264,,PASS,the Monte Carlo against the form the fit uses at this node,6a468472af4bbda8,400000,0,2026-09-26T09:28:15,DIAGNOSTIC
w41.0_m1.00_r0.940_T130_P90,transit_shape_rel,1.00032,1,,PASS,the Monte Carlo against the form the fit uses at this node,6a468472af4bbda8,400000,0,2026-09-26T09:28:15,DIAGNOSTIC
w41.0_m1.00_r0.940_T130_P90,ramp_mu2_rel,0.0504886,0.0504728,,PASS,the Monte Carlo against the form the fit uses at this node,6a468472af4bbda8,400000,0,2026-09-26T09:28:15,DIAGNOSTIC
w41.0_m1.00_r0.940_T130_P90,ramp_mu3_rel,-0.00694532,-0.00692399,,PASS,the Monte Carlo against the form the fit uses at this node,6a468472af4bbda8,400000,0,2026-09-26T09:28:15,DIAGNOSTIC
w41.0_m1.00_r0.940_T130_P90,amplitude_power_law_abs,1.94926,1.9484,,PASS,the Monte Carlo against the form the fit uses at this node,6a468472af4bbda8,400000,0,2026-09-26T09:28:15,DIAGNOSTIC
w41.0_m1.00_r0.940_T130_P90,shares_abs,0.00014175,0,,PASS,the Monte Carlo against the form the fit uses at this node,6a468472af4bbda8,400000,0,2026-09-26T09:28:15,DIAGNOSTIC
w41.0_m1.00_r0.940_T130_P90,joint_shape_abs,0.00737527,0,,PASS,the Monte Carlo against the form the fit uses at this node,6a468472af4bbda8,400000,0,2026-09-26T09:28:15,DIAGNOSTIC
w41.0_m1.00_r0.940_T130_P90,joint_moment_sigma_abs,1.89887,0,,PASS,the Monte Carlo against the form the fit uses at this node,6a468472af4bbda8,400000,0,2026-09-26T09:28:15,DIAGNOSTIC
w41.0_m1.00_r0.940_T130_P90,depleted_line_abs,0.000411446,0,,PASS,the Monte Carlo against the form the fit uses at this node,6a468472af4bbda8,400000,0,2026-09-26T09:28:15,DIAGNOSTIC
w41.0_m1.00_r0.940_T130_P90,depletion_widening_rel_4207,0.00219572,,,PASS,"what a transit fit reads from the surviving kernel after the natural Lorentzian, over the bare one: the factor the fit carries",6a468472af4bbda8,400000,0,2026-09-26T09:28:15,DIAGNOSTIC
w41.0_m1.00_r0.940_T130_P90,depletion_widening_rel_4192,0.00243268,,,PASS,"what a transit fit reads from the surviving kernel after the natural Lorentzian, over the bare one: the factor the fit carries",6a468472af4bbda8,400000,0,2026-09-26T09:28:15,DIAGNOSTIC
w41.0_m1.00_r0.940_T130_P90,depletion_widening_rel_4154,0.00337001,,,PASS,"what a transit fit reads from the surviving kernel after the natural Lorentzian, over the bare one: the factor the fit carries",6a468472af4bbda8,400000,0,2026-09-26T09:28:15,DIAGNOSTIC
w41.0_m1.00_r0.940_T130_P90,depletion_widening_rel_4121,0.00360189,,,PASS,"what a transit fit reads from the surviving kernel after the natural Lorentzian, over the bare one: the factor the fit carries",6a468472af4bbda8,400000,0,2026-09-26T09:28:15,DIAGNOSTIC
w41.0_m1.00_r0.940_T130_P90,depletion_fwhm_rel_4207,0.024557,,,PASS,"the surviving transit kernel's FWHM over the bare collected kernel's, the core-flattening diagnostic",6a468472af4bbda8,400000,0,2026-09-26T09:28:15,DIAGNOSTIC
w41.0_m1.00_r0.940_T130_P90,depletion_fwhm_rel_4192,0.0266411,,,PASS,"the surviving transit kernel's FWHM over the bare collected kernel's, the core-flattening diagnostic",6a468472af4bbda8,400000,0,2026-09-26T09:28:15,DIAGNOSTIC
w41.0_m1.00_r0.940_T130_P90,depletion_fwhm_rel_4154,0.0344746,,,PASS,"the surviving transit kernel's FWHM over the bare collected kernel's, the core-flattening diagnostic",6a468472af4bbda8,400000,0,2026-09-26T09:28:15,DIAGNOSTIC
w41.0_m1.00_r0.940_T130_P90,depletion_fwhm_rel_4121,0.0363262,,,PASS,"the surviving transit kernel's FWHM over the bare collected kernel's, the core-flattening diagnostic",6a468472af4bbda8,400000,0,2026-09-26T09:28:15,DIAGNOSTIC
w41.0_m1.00_r0.940_T130_P90,shares_shift_abs,0.000497566,,,PASS,the largest move of a line's share from the thermal law to the depleted one: the physical shift,6a468472af4bbda8,400000,0,2026-09-26T09:28:15,DIAGNOSTIC
w41.0_m1.00_r0.940_T130_P90,cycles_on_axis,0.0496382,,,PASS,excitation cycles on the central chord at the mean transverse speed,6a468472af4bbda8,400000,0,2026-09-26T09:28:15,DIAGNOSTIC
w41.0_m1.00_r0.940_T130_P90,cycles_mean_over_chords,0.00739253,,,PASS,the flux-weighted mean over every chord,6a468472af4bbda8,400000,0,2026-09-26T09:28:15,DIAGNOSTIC
w41.0_m1.00_r0.940_T70_P225,transit_fwhm_rel,1.37219,1.3694,,PASS,the Monte Carlo against the form the fit uses at this node,6a468472af4bbda8,400000,0,2026-09-26T09:29:38,DIAGNOSTIC
w41.0_m1.00_r0.940_T70_P225,transit_shape_rel,1.00032,1,,PASS,the Monte Carlo against the form the fit uses at this node,6a468472af4bbda8,400000,0,2026-09-26T09:29:38,DIAGNOSTIC
w41.0_m1.00_r0.940_T70_P225,ramp_mu2_rel,0.0514989,0.0514761,,PASS,the Monte Carlo against the form the fit uses at this node,6a468472af4bbda8,400000,0,2026-09-26T09:29:38,DIAGNOSTIC
w41.0_m1.00_r0.940_T70_P225,ramp_mu3_rel,-0.00651617,-0.00649638,,PASS,the Monte Carlo against the form the fit uses at this node,6a468472af4bbda8,400000,0,2026-09-26T09:29:38,DIAGNOSTIC
w41.0_m1.00_r0.940_T70_P225,amplitude_power_law_abs,1.73212,1.7267,,PASS,the Monte Carlo against the form the fit uses at this node,6a468472af4bbda8,400000,0,2026-09-26T09:29:38,DIAGNOSTIC
w41.0_m1.00_r0.940_T70_P225,shares_abs,0.00100076,0,,PASS,the Monte Carlo against the form the fit uses at this node,6a468472af4bbda8,400000,0,2026-09-26T09:29:38,DIAGNOSTIC
w41.0_m1.00_r0.940_T70_P225,joint_shape_abs,0.0093419,0,,PASS,the Monte Carlo against the form the fit uses at this node,6a468472af4bbda8,400000,0,2026-09-26T09:29:38,DIAGNOSTIC
w41.0_m1.00_r0.940_T70_P225,joint_moment_sigma_abs,2.07857,0,,PASS,the Monte Carlo against the form the fit uses at this node,6a468472af4bbda8,400000,0,2026-09-26T09:29:38,DIAGNOSTIC
w41.0_m1.00_r0.940_T70_P225,depleted_line_abs,0.000915169,0,,PASS,the Monte Carlo against the form the fit uses at this node,6a468472af4bbda8,400000,0,2026-09-26T09:29:38,DIAGNOSTIC
w41.0_m1.00_r0.940_T70_P225,depletion_widening_rel_4207,0.011877,,,PASS,"what a transit fit reads from the surviving kernel after the natural Lorentzian, over the bare one: the factor the fit carries",6a468472af4bbda8,400000,0,2026-09-26T09:29:38,DIAGNOSTIC
w41.0_m1.00_r0.940_T70_P225,depletion_widening_rel_4192,0.0130794,,,PASS,"what a transit fit reads from the surviving kernel after the natural Lorentzian, over the bare one: the factor the fit carries",6a468472af4bbda8,400000,0,2026-09-26T09:29:38,DIAGNOSTIC
w41.0_m1.00_r0.940_T70_P225,depletion_widening_rel_4154,0.0177213,,,PASS,"what a transit fit reads from the surviving kernel after the natural Lorentzian, over the bare one: the factor the fit carries",6a468472af4bbda8,400000,0,2026-09-26T09:29:38,DIAGNOSTIC
w41.0_m1.00_r0.940_T70_P225,depletion_widening_rel_4121,0.0188436,,,PASS,"what a transit fit reads from the surviving kernel after the natural Lorentzian, over the bare one: the factor the fit carries",6a468472af4bbda8,400000,0,2026-09-26T09:29:38,DIAGNOSTIC
w41.0_m1.00_r0.940_T70_P225,depletion_fwhm_rel_4207,0.0916987,,,PASS,"the surviving transit kernel's FWHM over the bare collected kernel's, the core-flattening diagnostic",6a468472af4bbda8,400000,0,2026-09-26T09:29:38,DIAGNOSTIC
w41.0_m1.00_r0.940_T70_P225,depletion_fwhm_rel_4192,0.0985071,,,PASS,"the surviving transit kernel's FWHM over the bare collected kernel's, the core-flattening diagnostic",6a468472af4bbda8,400000,0,2026-09-26T09:29:38,DIAGNOSTIC
w41.0_m1.00_r0.940_T70_P225,depletion_fwhm_rel_4154,0.123292,,,PASS,"the surviving transit kernel's FWHM over the bare collected kernel's, the core-flattening diagnostic",6a468472af4bbda8,400000,0,2026-09-26T09:29:38,DIAGNOSTIC
w41.0_m1.00_r0.940_T70_P225,depletion_fwhm_rel_4121,0.128952,,,PASS,"the surviving transit kernel's FWHM over the bare collected kernel's, the core-flattening diagnostic",6a468472af4bbda8,400000,0,2026-09-26T09:29:38,DIAGNOSTIC
w41.0_m1.00_r0.940_T70_P225,shares_shift_abs,0.00273214,,,PASS,the largest move of a line's share from the thermal law to the depleted one: the physical shift,6a468472af4bbda8,400000,0,2026-09-26T09:29:38,DIAGNOSTIC
w41.0_m1.00_r0.940_T70_P225,cycles_on_axis,0.294205,,,PASS,excitation cycles on the central chord at the mean transverse speed,6a468472af4bbda8,400000,0,2026-09-26T09:29:38,DIAGNOSTIC
w41.0_m1.00_r0.940_T70_P225,cycles_mean_over_chords,0.0455114,,,PASS,the flux-weighted mean over every chord,6a468472af4bbda8,400000,0,2026-09-26T09:29:38,DIAGNOSTIC
w41.0_m1.00_r0.940_T70_P500,transit_fwhm_rel,1.37244,1.37332,,FAIL,the Monte Carlo against the form the fit uses at this node,6a468472af4bbda8,400000,0,2026-09-26T09:29:42,DIAGNOSTIC
w41.0_m1.00_r0.940_T70_P500,transit_shape_rel,1.00031,1,,FAIL,the Monte Carlo against the form the fit uses at this node,6a468472af4bbda8,400000,0,2026-09-26T09:29:42,DIAGNOSTIC
w41.0_m1.00_r0.940_T70_P500,ramp_mu2_rel,0.0547379,0.0546981,,FAIL,the Monte Carlo against the form the fit uses at this node,6a468472af4bbda8,400000,0,2026-09-26T09:29:42,DIAGNOSTIC
w41.0_m1.00_r0.940_T70_P500,ramp_mu3_rel,-0.00496258,-0.00495082,,FAIL,the Monte Carlo against the form the fit uses at this node,6a468472af4bbda8,400000,0,2026-09-26T09:29:42,DIAGNOSTIC
w41.0_m1.00_r0.940_T70_P500,amplitude_power_law_abs,1.24215,1.23533,,FAIL,the Monte Carlo against the form the fit uses at this node,6a468472af4bbda8,400000,0,2026-09-26T09:29:42,DIAGNOSTIC
w41.0_m1.00_r0.940_T70_P500,shares_abs,0.00366532,0,,FAIL,the Monte Carlo against the form the fit uses at this node,6a468472af4bbda8,400000,0,2026-09-26T09:29:42,DIAGNOSTIC
w41.0_m1.00_r0.940_T70_P500,joint_shape_abs,0.0134749,0,,FAIL,the Monte Carlo against the form the fit uses at this node,6a468472af4bbda8,400000,0,2026-09-26T09:29:42,DIAGNOSTIC
w41.0_m1.00_r0.940_T70_P500,joint_moment_sigma_abs,1.97847,0,,FAIL,the Monte Carlo against the form the fit uses at this node,6a468472af4bbda8,400000,0,2026-09-26T09:29:42,DIAGNOSTIC
w41.0_m1.00_r0.940_T70_P500,depleted_line_abs,0.00225512,0,,FAIL,the Monte Carlo against the form the fit uses at this node,6a468472af4bbda8,400000,0,2026-09-26T09:29:42,DIAGNOSTIC
w41.0_m1.00_r0.940_T70_P500,depletion_widening_rel_4207,0.0341639,,,FAIL,"what a transit fit reads from the surviving kernel after the natural Lorentzian, over the bare one: the factor the fit carries",6a468472af4bbda8,400000,0,2026-09-26T09:29:42,DIAGNOSTIC
w41.0_m1.00_r0.940_T70_P500,depletion_widening_rel_4192,0.0372813,,,FAIL,"what a transit fit reads from the surviving kernel after the natural Lorentzian, over the bare one: the factor the fit carries",6a468472af4bbda8,400000,0,2026-09-26T09:29:42,DIAGNOSTIC
w41.0_m1.00_r0.940_T70_P500,depletion_widening_rel_4154,0.0488967,,,FAIL,"what a transit fit reads from the surviving kernel after the natural Lorentzian, over the bare one: the factor the fit carries",6a468472af4bbda8,400000,0,2026-09-26T09:29:42,DIAGNOSTIC
w41.0_m1.00_r0.940_T70_P500,depletion_widening_rel_4121,0.0516128,,,FAIL,"what a transit fit reads from the surviving kernel after the natural Lorentzian, over the bare one: the factor the fit carries",6a468472af4bbda8,400000,0,2026-09-26T09:29:42,DIAGNOSTIC
w41.0_m1.00_r0.940_T70_P500,depletion_fwhm_rel_4207,0.198752,,,FAIL,"the surviving transit kernel's FWHM over the bare collected kernel's, the core-flattening diagnostic",6a468472af4bbda8,400000,0,2026-09-26T09:29:42,DIAGNOSTIC
w41.0_m1.00_r0.940_T70_P500,depletion_fwhm_rel_4192,0.211503,,,FAIL,"the surviving transit kernel's FWHM over the bare collected kernel's, the core-flattening diagnostic",6a468472af4bbda8,400000,0,2026-09-26T09:29:42,DIAGNOSTIC
w41.0_m1.00_r0.940_T70_P500,depletion_fwhm_rel_4154,0.256066,,,FAIL,"the surviving transit kernel's FWHM over the bare collected kernel's, the core-flattening diagnostic",6a468472af4bbda8,400000,0,2026-09-26T09:29:42,DIAGNOSTIC
w41.0_m1.00_r0.940_T70_P500,depletion_fwhm_rel_4121,0.265913,,,FAIL,"the surviving transit kernel's FWHM over the bare collected kernel's, the core-flattening diagnostic",6a468472af4bbda8,400000,0,2026-09-26T09:29:42,DIAGNOSTIC
w41.0_m1.00_r0.940_T70_P500,shares_shift_abs,0.00782665,,,FAIL,the largest move of a line's share from the thermal law to the depleted one: the physical shift,6a468472af4bbda8,400000,0,2026-09-26T09:29:42,DIAGNOSTIC
w41.0_m1.00_r0.940_T70_P500,cycles_on_axis,0.943573,,,FAIL,excitation cycles on the central chord at the mean transverse speed,6a468472af4bbda8,400000,0,2026-09-26T09:29:42,DIAGNOSTIC
w41.0_m1.00_r0.940_T70_P500,cycles_mean_over_chords,0.163318,,,FAIL,the flux-weighted mean over every chord,6a468472af4bbda8,400000,0,2026-09-26T09:29:42,DIAGNOSTIC
w41.0_m1.00_r0.940_T90_P225,transit_fwhm_rel,1.41162,1.40874,,PASS,the Monte Carlo against the form the fit uses at this node,6a468472af4bbda8,400000,0,2026-09-26T09:29:42,DIAGNOSTIC
w41.0_m1.00_r0.940_T90_P225,transit_shape_rel,1.00032,1,,PASS,the Monte Carlo against the form the fit uses at this node,6a468472af4bbda8,400000,0,2026-09-26T09:29:42,DIAGNOSTIC
w41.0_m1.00_r0.940_T90_P225,ramp_mu2_rel,0.0514989,0.0514761,,PASS,the Monte Carlo against the form the fit uses at this node,6a468472af4bbda8,400000,0,2026-09-26T09:29:42,DIAGNOSTIC
w41.0_m1.00_r0.940_T90_P225,ramp_mu3_rel,-0.00651617,-0.00649638,,PASS,the Monte Carlo against the form the fit uses at this node,6a468472af4bbda8,400000,0,2026-09-26T09:29:42,DIAGNOSTIC
w41.0_m1.00_r0.940_T90_P225,amplitude_power_law_abs,1.73365,1.72843,,PASS,the Monte Carlo against the form the fit uses at this node,6a468472af4bbda8,400000,0,2026-09-26T09:29:42,DIAGNOSTIC
w41.0_m1.00_r0.940_T90_P225,shares_abs,0.000968321,0,,PASS,the Monte Carlo against the form the fit uses at this node,6a468472af4bbda8,400000,0,2026-09-26T09:29:42,DIAGNOSTIC
w41.0_m1.00_r0.940_T90_P225,joint_shape_abs,0.00945188,0,,PASS,the Monte Carlo against the form the fit uses at this node,6a468472af4bbda8,400000,0,2026-09-26T09:29:42,DIAGNOSTIC
w41.0_m1.00_r0.940_T90_P225,joint_moment_sigma_abs,2.15989,0,,PASS,the Monte Carlo against the form the fit uses at this node,6a468472af4bbda8,400000,0,2026-09-26T09:29:42,DIAGNOSTIC
w41.0_m1.00_r0.940_T90_P225,depleted_line_abs,0.000941466,0,,PASS,the Monte Carlo against the form the fit uses at this node,6a468472af4bbda8,400000,0,2026-09-26T09:29:42,DIAGNOSTIC
w41.0_m1.00_r0.940_T90_P225,depletion_widening_rel_4207,0.0116381,,,PASS,"what a transit fit reads from the surviving kernel after the natural Lorentzian, over the bare one: the factor the fit carries",6a468472af4bbda8,400000,0,2026-09-26T09:29:42,DIAGNOSTIC
w41.0_m1.00_r0.940_T90_P225,depletion_widening_rel_4192,0.0128182,,,PASS,"what a transit fit reads from the surviving kernel after the natural Lorentzian, over the bare one: the factor the fit carries",6a468472af4bbda8,400000,0,2026-09-26T09:29:42,DIAGNOSTIC
w41.0_m1.00_r0.940_T90_P225,depletion_widening_rel_4154,0.0173761,,,PASS,"what a transit fit reads from the surviving kernel after the natural Lorentzian, over the bare one: the factor the fit carries",6a468472af4bbda8,400000,0,2026-09-26T09:29:42,DIAGNOSTIC
w41.0_m1.00_r0.940_T90_P225,depletion_widening_rel_4121,0.0184785,,,PASS,"what a transit fit reads from the surviving kernel after the natural Lorentzian, over the bare one: the factor the fit carries",6a468472af4bbda8,400000,0,2026-09-26T09:29:42,DIAGNOSTIC
w41.0_m1.00_r0.940_T90_P225,depletion_fwhm_rel_4207,0.0899363,,,PASS,"the surviving transit kernel's FWHM over the bare collected kernel's, the core-flattening diagnostic",6a468472af4bbda8,400000,0,2026-09-26T09:29:42,DIAGNOSTIC
w41.0_m1.00_r0.940_T90_P225,depletion_fwhm_rel_4192,0.0966325,,,PASS,"the surviving transit kernel's FWHM over the bare collected kernel's, the core-flattening diagnostic",6a468472af4bbda8,400000,0,2026-09-26T09:29:42,DIAGNOSTIC
w41.0_m1.00_r0.940_T90_P225,depletion_fwhm_rel_4154,0.121022,,,PASS,"the surviving transit kernel's FWHM over the bare collected kernel's, the core-flattening diagnostic",6a468472af4bbda8,400000,0,2026-09-26T09:29:42,DIAGNOSTIC
w41.0_m1.00_r0.940_T90_P225,depletion_fwhm_rel_4121,0.126605,,,PASS,"the surviving transit kernel's FWHM over the bare collected kernel's, the core-flattening diagnostic",6a468472af4bbda8,400000,0,2026-09-26T09:29:42,DIAGNOSTIC
w41.0_m1.00_r0.940_T90_P225,shares_shift_abs,0.00266217,,,PASS,the largest move of a line's share from the thermal law to the depleted one: the physical shift,6a468472af4bbda8,400000,0,2026-09-26T09:29:42,DIAGNOSTIC
w41.0_m1.00_r0.940_T90_P225,cycles_on_axis,0.285989,,,PASS,excitation cycles on the central chord at the mean transverse speed,6a468472af4bbda8,400000,0,2026-09-26T09:29:42,DIAGNOSTIC
w41.0_m1.00_r0.940_T90_P225,cycles_mean_over_chords,0.0442404,,,PASS,the flux-weighted mean over every chord,6a468472af4bbda8,400000,0,2026-09-26T09:29:42,DIAGNOSTIC
w41.0_m1.00_r0.940_T90_P500,transit_fwhm_rel,1.41187,1.41277,,FAIL,the Monte Carlo against the form the fit uses at this node,6a468472af4bbda8,400000,0,2026-09-26T09:31:02,DIAGNOSTIC
w41.0_m1.00_r0.940_T90_P500,transit_shape_rel,1.00031,1,,FAIL,the Monte Carlo against the form the fit uses at this node,6a468472af4bbda8,400000,0,2026-09-26T09:31:02,DIAGNOSTIC
w41.0_m1.00_r0.940_T90_P500,ramp_mu2_rel,0.0547379,0.0546981,,FAIL,the Monte Carlo against the form the fit uses at this node,6a468472af4bbda8,400000,0,2026-09-26T09:31:02,DIAGNOSTIC
w41.0_m1.00_r0.940_T90_P500,ramp_mu3_rel,-0.00496258,-0.00495082,,FAIL,the Monte Carlo against the form the fit uses at this node,6a468472af4bbda8,400000,0,2026-09-26T09:31:02,DIAGNOSTIC
w41.0_m1.00_r0.940_T90_P500,amplitude_power_law_abs,1.24507,1.2389,,FAIL,the Monte Carlo against the form the fit uses at this node,6a468472af4bbda8,400000,0,2026-09-26T09:31:02,DIAGNOSTIC
w41.0_m1.00_r0.940_T90_P500,shares_abs,0.00354537,0,,FAIL,the Monte Carlo against the form the fit uses at this node,6a468472af4bbda8,400000,0,2026-09-26T09:31:02,DIAGNOSTIC
w41.0_m1.00_r0.940_T90_P500,joint_shape_abs,0.0134778,0,,FAIL,the Monte Carlo against the form the fit uses at this node,6a468472af4bbda8,400000,0,2026-09-26T09:31:02,DIAGNOSTIC
w41.0_m1.00_r0.940_T90_P500,joint_moment_sigma_abs,2.03243,0,,FAIL,the Monte Carlo against the form the fit uses at this node,6a468472af4bbda8,400000,0,2026-09-26T09:31:02,DIAGNOSTIC
w41.0_m1.00_r0.940_T90_P500,depleted_line_abs,0.00230914,0,,FAIL,the Monte Carlo against the form the fit uses at this node,6a468472af4bbda8,400000,0,2026-09-26T09:31:02,DIAGNOSTIC
w41.0_m1.00_r0.940_T90_P500,depletion_widening_rel_4207,0.0335466,,,FAIL,"what a transit fit reads from the surviving kernel after the natural Lorentzian, over the bare one: the factor the fit carries",6a468472af4bbda8,400000,0,2026-09-26T09:31:02,DIAGNOSTIC
w41.0_m1.00_r0.940_T90_P500,depletion_widening_rel_4192,0.0366169,,,FAIL,"what a transit fit reads from the surviving kernel after the natural Lorentzian, over the bare one: the factor the fit carries",6a468472af4bbda8,400000,0,2026-09-26T09:31:02,DIAGNOSTIC
w41.0_m1.00_r0.940_T90_P500,depletion_widening_rel_4154,0.0480683,,,FAIL,"what a transit fit reads from the surviving kernel after the natural Lorentzian, over the bare one: the factor the fit carries",6a468472af4bbda8,400000,0,2026-09-26T09:31:02,DIAGNOSTIC
w41.0_m1.00_r0.940_T90_P500,depletion_widening_rel_4121,0.0507485,,,FAIL,"what a transit fit reads from the surviving kernel after the natural Lorentzian, over the bare one: the factor the fit carries",6a468472af4bbda8,400000,0,2026-09-26T09:31:02,DIAGNOSTIC
w41.0_m1.00_r0.940_T90_P500,depletion_fwhm_rel_4207,0.195435,,,FAIL,"the surviving transit kernel's FWHM over the bare collected kernel's, the core-flattening diagnostic",6a468472af4bbda8,400000,0,2026-09-26T09:31:02,DIAGNOSTIC
w41.0_m1.00_r0.940_T90_P500,depletion_fwhm_rel_4192,0.208022,,,FAIL,"the surviving transit kernel's FWHM over the bare collected kernel's, the core-flattening diagnostic",6a468472af4bbda8,400000,0,2026-09-26T09:31:02,DIAGNOSTIC
w41.0_m1.00_r0.940_T90_P500,depletion_fwhm_rel_4154,0.252077,,,FAIL,"the surviving transit kernel's FWHM over the bare collected kernel's, the core-flattening diagnostic",6a468472af4bbda8,400000,0,2026-09-26T09:31:02,DIAGNOSTIC
w41.0_m1.00_r0.940_T90_P500,depletion_fwhm_rel_4121,0.261848,,,FAIL,"the surviving transit kernel's FWHM over the bare collected kernel's, the core-flattening diagnostic",6a468472af4bbda8,400000,0,2026-09-26T09:31:02,DIAGNOSTIC
w41.0_m1.00_r0.940_T90_P500,shares_shift_abs,0.00764458,,,FAIL,the largest move of a line's share from the thermal law to the depleted one: the physical shift,6a468472af4bbda8,400000,0,2026-09-26T09:31:02,DIAGNOSTIC
w41.0_m1.00_r0.940_T90_P500,cycles_on_axis,0.917222,,,FAIL,excitation cycles on the central chord at the mean transverse speed,6a468472af4bbda8,400000,0,2026-09-26T09:31:02,DIAGNOSTIC
w41.0_m1.00_r0.940_T90_P500,cycles_mean_over_chords,0.158757,,,FAIL,the flux-weighted mean over every chord,6a468472af4bbda8,400000,0,2026-09-26T09:31:02,DIAGNOSTIC
w41.2_m1.00_r0.940_T110_P225,transit_fwhm_rel,1.44291,1.4401,,PASS,the Monte Carlo against the form the fit uses at this node,6a468472af4bbda8,400000,0,2026-09-26T09:31:09,DIAGNOSTIC
w41.2_m1.00_r0.940_T110_P225,transit_shape_rel,1.00032,1,,PASS,the Monte Carlo against the form the fit uses at this node,6a468472af4bbda8,400000,0,2026-09-26T09:31:09,DIAGNOSTIC
w41.2_m1.00_r0.940_T110_P225,ramp_mu2_rel,0.0514202,0.0513934,,PASS,the Monte Carlo against the form the fit uses at this node,6a468472af4bbda8,400000,0,2026-09-26T09:31:09,DIAGNOSTIC
w41.2_m1.00_r0.940_T110_P225,ramp_mu3_rel,-0.00648613,-0.00646437,,PASS,the Monte Carlo against the form the fit uses at this node,6a468472af4bbda8,400000,0,2026-09-26T09:31:09,DIAGNOSTIC
w41.2_m1.00_r0.940_T110_P225,amplitude_power_law_abs,1.73898,1.73393,,PASS,the Monte Carlo against the form the fit uses at this node,6a468472af4bbda8,400000,0,2026-09-26T09:31:09,DIAGNOSTIC
w41.2_m1.00_r0.940_T110_P225,shares_abs,0.000927611,0,,PASS,the Monte Carlo against the form the fit uses at this node,6a468472af4bbda8,400000,0,2026-09-26T09:31:09,DIAGNOSTIC
w41.2_m1.00_r0.940_T110_P225,joint_shape_abs,0.00934389,0,,PASS,the Monte Carlo against the form the fit uses at this node,6a468472af4bbda8,400000,0,2026-09-26T09:31:09,DIAGNOSTIC
w41.2_m1.00_r0.940_T110_P225,joint_moment_sigma_abs,2.28873,0,,PASS,the Monte Carlo against the form the fit uses at this node,6a468472af4bbda8,400000,0,2026-09-26T09:31:09,DIAGNOSTIC
w41.2_m1.00_r0.940_T110_P225,depleted_line_abs,0.000951785,0,,PASS,the Monte Carlo against the form the fit uses at this node,6a468472af4bbda8,400000,0,2026-09-26T09:31:09,DIAGNOSTIC
w41.2_m1.00_r0.940_T110_P225,depletion_widening_rel_4207,0.0112743,,,PASS,"what a transit fit reads from the surviving kernel after the natural Lorentzian, over the bare one: the factor the fit carries",6a468472af4bbda8,400000,0,2026-09-26T09:31:09,DIAGNOSTIC
w41.2_m1.00_r0.940_T110_P225,depletion_widening_rel_4192,0.01242,,,PASS,"what a transit fit reads from the surviving kernel after the natural Lorentzian, over the bare one: the factor the fit carries",6a468472af4bbda8,400000,0,2026-09-26T09:31:09,DIAGNOSTIC
w41.2_m1.00_r0.940_T110_P225,depletion_widening_rel_4154,0.0168484,,,PASS,"what a transit fit reads from the surviving kernel after the natural Lorentzian, over the bare one: the factor the fit carries",6a468472af4bbda8,400000,0,2026-09-26T09:31:09,DIAGNOSTIC
w41.2_m1.00_r0.940_T110_P225,depletion_widening_rel_4121,0.0179204,,,PASS,"what a transit fit reads from the surviving kernel after the natural Lorentzian, over the bare one: the factor the fit carries",6a468472af4bbda8,400000,0,2026-09-26T09:31:09,DIAGNOSTIC
w41.2_m1.00_r0.940_T110_P225,depletion_fwhm_rel_4207,0.0875368,,,PASS,"the surviving transit kernel's FWHM over the bare collected kernel's, the core-flattening diagnostic",6a468472af4bbda8,400000,0,2026-09-26T09:31:09,DIAGNOSTIC
w41.2_m1.00_r0.940_T110_P225,depletion_fwhm_rel_4192,0.0940907,,,PASS,"the surviving transit kernel's FWHM over the bare collected kernel's, the core-flattening diagnostic",6a468472af4bbda8,400000,0,2026-09-26T09:31:09,DIAGNOSTIC
w41.2_m1.00_r0.940_T110_P225,depletion_fwhm_rel_4154,0.117927,,,PASS,"the surviving transit kernel's FWHM over the bare collected kernel's, the core-flattening diagnostic",6a468472af4bbda8,400000,0,2026-09-26T09:31:09,DIAGNOSTIC
w41.2_m1.00_r0.940_T110_P225,depletion_fwhm_rel_4121,0.123404,,,PASS,"the surviving transit kernel's FWHM over the bare collected kernel's, the core-flattening diagnostic",6a468472af4bbda8,400000,0,2026-09-26T09:31:09,DIAGNOSTIC
w41.2_m1.00_r0.940_T110_P225,shares_shift_abs,0.00256781,,,PASS,the largest move of a line's share from the thermal law to the depleted one: the physical shift,6a468472af4bbda8,400000,0,2026-09-26T09:31:09,DIAGNOSTIC
w41.2_m1.00_r0.940_T110_P225,cycles_on_axis,0.275164,,,PASS,excitation cycles on the central chord at the mean transverse speed,6a468472af4bbda8,400000,0,2026-09-26T09:31:09,DIAGNOSTIC
w41.2_m1.00_r0.940_T110_P225,cycles_mean_over_chords,0.0425326,,,PASS,the flux-weighted mean over every chord,6a468472af4bbda8,400000,0,2026-09-26T09:31:09,DIAGNOSTIC
w41.2_m1.00_r0.940_T130_P125,transit_fwhm_rel,1.48006,1.47594,,PASS,the Monte Carlo against the form the fit uses at this node,6a468472af4bbda8,400000,0,2026-09-26T09:31:09,DIAGNOSTIC
w41.2_m1.00_r0.940_T130_P125,transit_shape_rel,1.00032,1,,PASS,the Monte Carlo against the form the fit uses at this node,6a468472af4bbda8,400000,0,2026-09-26T09:31:09,DIAGNOSTIC
w41.2_m1.00_r0.940_T130_P125,ramp_mu2_rel,0.0506198,0.0505987,,PASS,the Monte Carlo against the form the fit uses at this node,6a468472af4bbda8,400000,0,2026-09-26T09:31:09,DIAGNOSTIC
w41.2_m1.00_r0.940_T130_P125,ramp_mu3_rel,-0.00683063,-0.00680763,,PASS,the Monte Carlo against the form the fit uses at this node,6a468472af4bbda8,400000,0,2026-09-26T09:31:09,DIAGNOSTIC
w41.2_m1.00_r0.940_T130_P125,amplitude_power_law_abs,1.90722,1.90552,,PASS,the Monte Carlo against the form the fit uses at this node,6a468472af4bbda8,400000,0,2026-09-26T09:31:09,DIAGNOSTIC
w41.2_m1.00_r0.940_T130_P125,shares_abs,0.000276162,0,,PASS,the Monte Carlo against the form the fit uses at this node,6a468472af4bbda8,400000,0,2026-09-26T09:31:09,DIAGNOSTIC
w41.2_m1.00_r0.940_T130_P125,joint_shape_abs,0.00776719,0,,PASS,the Monte Carlo against the form the fit uses at this node,6a468472af4bbda8,400000,0,2026-09-26T09:31:09,DIAGNOSTIC
w41.2_m1.00_r0.940_T130_P125,joint_moment_sigma_abs,1.92978,0,,PASS,the Monte Carlo against the form the fit uses at this node,6a468472af4bbda8,400000,0,2026-09-26T09:31:09,DIAGNOSTIC
w41.2_m1.00_r0.940_T130_P125,depleted_line_abs,0.000531415,0,,PASS,the Monte Carlo against the form the fit uses at this node,6a468472af4bbda8,400000,0,2026-09-26T09:31:09,DIAGNOSTIC
w41.2_m1.00_r0.940_T130_P125,depletion_widening_rel_4207,0.00399654,,,PASS,"what a transit fit reads from the surviving kernel after the natural Lorentzian, over the bare one: the factor the fit carries",6a468472af4bbda8,400000,0,2026-09-26T09:31:09,DIAGNOSTIC
w41.2_m1.00_r0.940_T130_P125,depletion_widening_rel_4192,0.00442181,,,PASS,"what a transit fit reads from the surviving kernel after the natural Lorentzian, over the bare one: the factor the fit carries",6a468472af4bbda8,400000,0,2026-09-26T09:31:09,DIAGNOSTIC
w41.2_m1.00_r0.940_T130_P125,depletion_widening_rel_4154,0.00609437,,,PASS,"what a transit fit reads from the surviving kernel after the natural Lorentzian, over the bare one: the factor the fit carries",6a468472af4bbda8,400000,0,2026-09-26T09:31:09,DIAGNOSTIC
w41.2_m1.00_r0.940_T130_P125,depletion_widening_rel_4121,0.00650588,,,PASS,"what a transit fit reads from the surviving kernel after the natural Lorentzian, over the bare one: the factor the fit carries",6a468472af4bbda8,400000,0,2026-09-26T09:31:09,DIAGNOSTIC
w41.2_m1.00_r0.940_T130_P125,depletion_fwhm_rel_4207,0.0394431,,,PASS,"the surviving transit kernel's FWHM over the bare collected kernel's, the core-flattening diagnostic",6a468472af4bbda8,400000,0,2026-09-26T09:31:09,DIAGNOSTIC
w41.2_m1.00_r0.940_T130_P125,depletion_fwhm_rel_4192,0.0426699,,,PASS,"the surviving transit kernel's FWHM over the bare collected kernel's, the core-flattening diagnostic",6a468472af4bbda8,400000,0,2026-09-26T09:31:09,DIAGNOSTIC
w41.2_m1.00_r0.940_T130_P125,depletion_fwhm_rel_4154,0.0546733,,,PASS,"the surviving transit kernel's FWHM over the bare collected kernel's, the core-flattening diagnostic",6a468472af4bbda8,400000,0,2026-09-26T09:31:09,DIAGNOSTIC
w41.2_m1.00_r0.940_T130_P125,depletion_fwhm_rel_4121,0.0574792,,,PASS,"the surviving transit kernel's FWHM over the bare collected kernel's, the core-flattening diagnostic",6a468472af4bbda8,400000,0,2026-09-26T09:31:09,DIAGNOSTIC
w41.2_m1.00_r0.940_T130_P125,shares_shift_abs,0.000906859,,,PASS,the largest move of a line's share from the thermal law to the depleted one: the physical shift,6a468472af4bbda8,400000,0,2026-09-26T09:31:09,DIAGNOSTIC
w41.2_m1.00_r0.940_T130_P125,cycles_on_axis,0.0920903,,,PASS,excitation cycles on the central chord at the mean transverse speed,6a468472af4bbda8,400000,0,2026-09-26T09:31:09,DIAGNOSTIC
w41.2_m1.00_r0.940_T130_P125,cycles_mean_over_chords,0.0138119,,,PASS,the flux-weighted mean over every chord,6a468472af4bbda8,400000,0,2026-09-26T09:31:09,DIAGNOSTIC
w41.2_m1.00_r0.940_T130_P175,transit_fwhm_rel,1.48007,1.47652,,PASS,the Monte Carlo against the form the fit uses at this node,6a468472af4bbda8,400000,0,2026-09-26T09:32:28,DIAGNOSTIC
w41.2_m1.00_r0.940_T130_P175,transit_shape_rel,1.00032,1,,PASS,the Monte Carlo against the form the fit uses at this node,6a468472af4bbda8,400000,0,2026-09-26T09:32:28,DIAGNOSTIC
w41.2_m1.00_r0.940_T130_P175,ramp_mu2_rel,0.0509764,0.0509527,,PASS,the Monte Carlo against the form the fit uses at this node,6a468472af4bbda8,400000,0,2026-09-26T09:32:28,DIAGNOSTIC
w41.2_m1.00_r0.940_T130_P175,ramp_mu3_rel,-0.00667917,-0.00665668,,PASS,the Monte Carlo against the form the fit uses at this node,6a468472af4bbda8,400000,0,2026-09-26T09:32:28,DIAGNOSTIC
w41.2_m1.00_r0.940_T130_P175,amplitude_power_law_abs,1.82978,1.82653,,PASS,the Monte Carlo against the form the fit uses at this node,6a468472af4bbda8,400000,0,2026-09-26T09:32:28,DIAGNOSTIC
w41.2_m1.00_r0.940_T130_P175,shares_abs,0.000549173,0,,PASS,the Monte Carlo against the form the fit uses at this node,6a468472af4bbda8,400000,0,2026-09-26T09:32:28,DIAGNOSTIC
w41.2_m1.00_r0.940_T130_P175,joint_shape_abs,0.00862867,0,,PASS,the Monte Carlo against the form the fit uses at this node,6a468472af4bbda8,400000,0,2026-09-26T09:32:28,DIAGNOSTIC
w41.2_m1.00_r0.940_T130_P175,joint_moment_sigma_abs,2.32856,0,,PASS,the Monte Carlo against the form the fit uses at this node,6a468472af4bbda8,400000,0,2026-09-26T09:32:28,DIAGNOSTIC
w41.2_m1.00_r0.940_T130_P175,depleted_line_abs,0.000743642,0,,PASS,the Monte Carlo against the form the fit uses at this node,6a468472af4bbda8,400000,0,2026-09-26T09:32:28,DIAGNOSTIC
w41.2_m1.00_r0.940_T130_P175,depletion_widening_rel_4207,0.00728179,,,PASS,"what a transit fit reads from the surviving kernel after the natural Lorentzian, over the bare one: the factor the fit carries",6a468472af4bbda8,400000,0,2026-09-26T09:32:28,DIAGNOSTIC
w41.2_m1.00_r0.940_T130_P175,depletion_widening_rel_4192,0.00803953,,,PASS,"what a transit fit reads from the surviving kernel after the natural Lorentzian, over the bare one: the factor the fit carries",6a468472af4bbda8,400000,0,2026-09-26T09:32:28,DIAGNOSTIC
w41.2_m1.00_r0.940_T130_P175,depletion_widening_rel_4154,0.0109943,,,PASS,"what a transit fit reads from the surviving kernel after the natural Lorentzian, over the bare one: the factor the fit carries",6a468472af4bbda8,400000,0,2026-09-26T09:32:28,DIAGNOSTIC
w41.2_m1.00_r0.940_T130_P175,depletion_widening_rel_4121,0.0117154,,,PASS,"what a transit fit reads from the surviving kernel after the natural Lorentzian, over the bare one: the factor the fit carries",6a468472af4bbda8,400000,0,2026-09-26T09:32:28,DIAGNOSTIC
w41.2_m1.00_r0.940_T130_P175,depletion_fwhm_rel_4207,0.062646,,,PASS,"the surviving transit kernel's FWHM over the bare collected kernel's, the core-flattening diagnostic",6a468472af4bbda8,400000,0,2026-09-26T09:32:28,DIAGNOSTIC
w41.2_m1.00_r0.940_T130_P175,depletion_fwhm_rel_4192,0.0675522,,,PASS,"the surviving transit kernel's FWHM over the bare collected kernel's, the core-flattening diagnostic",6a468472af4bbda8,400000,0,2026-09-26T09:32:28,DIAGNOSTIC
w41.2_m1.00_r0.940_T130_P175,depletion_fwhm_rel_4154,0.0855375,,,PASS,"the surviving transit kernel's FWHM over the bare collected kernel's, the core-flattening diagnostic",6a468472af4bbda8,400000,0,2026-09-26T09:32:28,DIAGNOSTIC
w41.2_m1.00_r0.940_T130_P175,depletion_fwhm_rel_4121,0.0897052,,,PASS,"the surviving transit kernel's FWHM over the bare collected kernel's, the core-flattening diagnostic",6a468472af4bbda8,400000,0,2026-09-26T09:32:28,DIAGNOSTIC
w41.2_m1.00_r0.940_T130_P175,shares_shift_abs,0.00165139,,,PASS,the largest move of a line's share from the thermal law to the depleted one: the physical shift,6a468472af4bbda8,400000,0,2026-09-26T09:32:28,DIAGNOSTIC
w41.2_m1.00_r0.940_T130_P175,cycles_on_axis,0.172138,,,PASS,excitation cycles on the central chord at the mean transverse speed,6a468472af4bbda8,400000,0,2026-09-26T09:32:28,DIAGNOSTIC
w41.2_m1.00_r0.940_T130_P175,cycles_mean_over_chords,0.02617,,,PASS,the flux-weighted mean over every chord,6a468472af4bbda8,400000,0,2026-09-26T09:32:28,DIAGNOSTIC
w41.2_m1.00_r0.940_T130_P180,transit_fwhm_rel,1.48008,1.47658,,PASS,the Monte Carlo against the form the fit uses at this node,6a468472af4bbda8,400000,0,2026-09-26T09:32:36,DIAGNOSTIC
w41.2_m1.00_r0.940_T130_P180,transit_shape_rel,1.00032,1,,PASS,the Monte Carlo against the form the fit uses at this node,6a468472af4bbda8,400000,0,2026-09-26T09:32:36,DIAGNOSTIC
w41.2_m1.00_r0.940_T130_P180,ramp_mu2_rel,0.0510172,0.0509932,,PASS,the Monte Carlo against the form the fit uses at this node,6a468472af4bbda8,400000,0,2026-09-26T09:32:36,DIAGNOSTIC
w41.2_m1.00_r0.940_T130_P180,ramp_mu3_rel,-0.00666164,-0.00663921,,PASS,the Monte Carlo against the form the fit uses at this node,6a468472af4bbda8,400000,0,2026-09-26T09:32:36,DIAGNOSTIC
w41.2_m1.00_r0.940_T130_P180,amplitude_power_law_abs,1.82125,1.81783,,PASS,the Monte Carlo against the form the fit uses at this node,6a468472af4bbda8,400000,0,2026-09-26T09:32:36,DIAGNOSTIC
w41.2_m1.00_r0.940_T130_P180,shares_abs,0.000581111,0,,PASS,the Monte Carlo against the form the fit uses at this node,6a468472af4bbda8,400000,0,2026-09-26T09:32:36,DIAGNOSTIC
w41.2_m1.00_r0.940_T130_P180,joint_shape_abs,0.00872389,0,,PASS,the Monte Carlo against the form the fit uses at this node,6a468472af4bbda8,400000,0,2026-09-26T09:32:36,DIAGNOSTIC
w41.2_m1.00_r0.940_T130_P180,joint_moment_sigma_abs,2.3572,0,,PASS,the Monte Carlo against the form the fit uses at this node,6a468472af4bbda8,400000,0,2026-09-26T09:32:36,DIAGNOSTIC
w41.2_m1.00_r0.940_T130_P180,depleted_line_abs,0.000766272,0,,PASS,the Monte Carlo against the form the fit uses at this node,6a468472af4bbda8,400000,0,2026-09-26T09:32:36,DIAGNOSTIC
w41.2_m1.00_r0.940_T130_P180,depletion_widening_rel_4207,0.00764282,,,PASS,"what a transit fit reads from the surviving kernel after the natural Lorentzian, over the bare one: the factor the fit carries",6a468472af4bbda8,400000,0,2026-09-26T09:32:36,DIAGNOSTIC
w41.2_m1.00_r0.940_T130_P180,depletion_widening_rel_4192,0.00843634,,,PASS,"what a transit fit reads from the surviving kernel after the natural Lorentzian, over the bare one: the factor the fit carries",6a468472af4bbda8,400000,0,2026-09-26T09:32:36,DIAGNOSTIC
w41.2_m1.00_r0.940_T130_P180,depletion_widening_rel_4154,0.0115279,,,PASS,"what a transit fit reads from the surviving kernel after the natural Lorentzian, over the bare one: the factor the fit carries",6a468472af4bbda8,400000,0,2026-09-26T09:32:36,DIAGNOSTIC
w41.2_m1.00_r0.940_T130_P180,depletion_widening_rel_4121,0.0122818,,,PASS,"what a transit fit reads from the surviving kernel after the natural Lorentzian, over the bare one: the factor the fit carries",6a468472af4bbda8,400000,0,2026-09-26T09:32:36,DIAGNOSTIC
w41.2_m1.00_r0.940_T130_P180,depletion_fwhm_rel_4207,0.064996,,,PASS,"the surviving transit kernel's FWHM over the bare collected kernel's, the core-flattening diagnostic",6a468472af4bbda8,400000,0,2026-09-26T09:32:36,DIAGNOSTIC
w41.2_m1.00_r0.940_T130_P180,depletion_fwhm_rel_4192,0.0700734,,,PASS,"the surviving transit kernel's FWHM over the bare collected kernel's, the core-flattening diagnostic",6a468472af4bbda8,400000,0,2026-09-26T09:32:36,DIAGNOSTIC
w41.2_m1.00_r0.940_T130_P180,depletion_fwhm_rel_4154,0.0886334,,,PASS,"the surviving transit kernel's FWHM over the bare collected kernel's, the core-flattening diagnostic",6a468472af4bbda8,400000,0,2026-09-26T09:32:36,DIAGNOSTIC
w41.2_m1.00_r0.940_T130_P180,depletion_fwhm_rel_4121,0.0929219,,,PASS,"the surviving transit kernel's FWHM over the bare collected kernel's, the core-flattening diagnostic",6a468472af4bbda8,400000,0,2026-09-26T09:32:36,DIAGNOSTIC
w41.2_m1.00_r0.940_T130_P180,shares_shift_abs,0.00173313,,,PASS,the largest move of a line's share from the thermal law to the depleted one: the physical shift,6a468472af4bbda8,400000,0,2026-09-26T09:32:36,DIAGNOSTIC
w41.2_m1.00_r0.940_T130_P180,cycles_on_axis,0.18113,,,PASS,excitation cycles on the central chord at the mean transverse speed,6a468472af4bbda8,400000,0,2026-09-26T09:32:36,DIAGNOSTIC
w41.2_m1.00_r0.940_T130_P180,cycles_mean_over_chords,0.0275795,,,PASS,the flux-weighted mean over every chord,6a468472af4bbda8,400000,0,2026-09-26T09:32:36,DIAGNOSTIC
w41.2_m1.00_r0.940_T130_P225,transit_fwhm_rel,1.48009,1.4772,,PASS,the Monte Carlo against the form the fit uses at this node,6a468472af4bbda8,400000,0,2026-09-26T09:32:36,DIAGNOSTIC
w41.2_m1.00_r0.940_T130_P225,transit_shape_rel,1.00032,1,,PASS,the Monte Carlo against the form the fit uses at this node,6a468472af4bbda8,400000,0,2026-09-26T09:32:36,DIAGNOSTIC
w41.2_m1.00_r0.940_T130_P225,ramp_mu2_rel,0.0514202,0.0513934,,PASS,the Monte Carlo against the form the fit uses at this node,6a468472af4bbda8,400000,0,2026-09-26T09:32:36,DIAGNOSTIC
w41.2_m1.00_r0.940_T130_P225,ramp_mu3_rel,-0.00648613,-0.00646437,,PASS,the Monte Carlo against the form the fit uses at this node,6a468472af4bbda8,400000,0,2026-09-26T09:32:36,DIAGNOSTIC
w41.2_m1.00_r0.940_T130_P225,amplitude_power_law_abs,1.74028,1.73539,,PASS,the Monte Carlo against the form the fit uses at this node,6a468472af4bbda8,400000,0,2026-09-26T09:32:36,DIAGNOSTIC
w41.2_m1.00_r0.940_T130_P225,shares_abs,0.000900623,0,,PASS,the Monte Carlo against the form the fit uses at this node,6a468472af4bbda8,400000,0,2026-09-26T09:32:36,DIAGNOSTIC
w41.2_m1.00_r0.940_T130_P225,joint_shape_abs,0.00944101,0,,PASS,the Monte Carlo against the form the fit uses at this node,6a468472af4bbda8,400000,0,2026-09-26T09:32:36,DIAGNOSTIC
w41.2_m1.00_r0.940_T130_P225,joint_moment_sigma_abs,2.36467,0,,PASS,the Monte Carlo against the form the fit uses at this node,6a468472af4bbda8,400000,0,2026-09-26T09:32:36,DIAGNOSTIC
w41.2_m1.00_r0.940_T130_P225,depleted_line_abs,0.000975199,0,,PASS,the Monte Carlo against the form the fit uses at this node,6a468472af4bbda8,400000,0,2026-09-26T09:32:36,DIAGNOSTIC
w41.2_m1.00_r0.940_T130_P225,depletion_widening_rel_4207,0.0110702,,,PASS,"what a transit fit reads from the surviving kernel after the natural Lorentzian, over the bare one: the factor the fit carries",6a468472af4bbda8,400000,0,2026-09-26T09:32:36,DIAGNOSTIC
w41.2_m1.00_r0.940_T130_P225,depletion_widening_rel_4192,0.0121966,,,PASS,"what a transit fit reads from the surviving kernel after the natural Lorentzian, over the bare one: the factor the fit carries",6a468472af4bbda8,400000,0,2026-09-26T09:32:36,DIAGNOSTIC
w41.2_m1.00_r0.940_T130_P225,depletion_widening_rel_4154,0.0165525,,,PASS,"what a transit fit reads from the surviving kernel after the natural Lorentzian, over the bare one: the factor the fit carries",6a468472af4bbda8,400000,0,2026-09-26T09:32:36,DIAGNOSTIC
w41.2_m1.00_r0.940_T130_P225,depletion_widening_rel_4121,0.0176074,,,PASS,"what a transit fit reads from the surviving kernel after the natural Lorentzian, over the bare one: the factor the fit carries",6a468472af4bbda8,400000,0,2026-09-26T09:32:36,DIAGNOSTIC
w41.2_m1.00_r0.940_T130_P225,depletion_fwhm_rel_4207,0.0860108,,,PASS,"the surviving transit kernel's FWHM over the bare collected kernel's, the core-flattening diagnostic",6a468472af4bbda8,400000,0,2026-09-26T09:32:36,DIAGNOSTIC
w41.2_m1.00_r0.940_T130_P225,depletion_fwhm_rel_4192,0.0924732,,,PASS,"the surviving transit kernel's FWHM over the bare collected kernel's, the core-flattening diagnostic",6a468472af4bbda8,400000,0,2026-09-26T09:32:36,DIAGNOSTIC
w41.2_m1.00_r0.940_T130_P225,depletion_fwhm_rel_4154,0.115955,,,PASS,"the surviving transit kernel's FWHM over the bare collected kernel's, the core-flattening diagnostic",6a468472af4bbda8,400000,0,2026-09-26T09:32:36,DIAGNOSTIC
w41.2_m1.00_r0.940_T130_P225,depletion_fwhm_rel_4121,0.121362,,,PASS,"the surviving transit kernel's FWHM over the bare collected kernel's, the core-flattening diagnostic",6a468472af4bbda8,400000,0,2026-09-26T09:32:36,DIAGNOSTIC
w41.2_m1.00_r0.940_T130_P225,shares_shift_abs,0.00250844,,,PASS,the largest move of a line's share from the thermal law to the depleted one: the physical shift,6a468472af4bbda8,400000,0,2026-09-26T09:32:36,DIAGNOSTIC
w41.2_m1.00_r0.940_T130_P225,cycles_on_axis,0.268252,,,PASS,excitation cycles on the central chord at the mean transverse speed,6a468472af4bbda8,400000,0,2026-09-26T09:32:36,DIAGNOSTIC
w41.2_m1.00_r0.940_T130_P225,cycles_mean_over_chords,0.0414642,,,PASS,the flux-weighted mean over every chord,6a468472af4bbda8,400000,0,2026-09-26T09:32:36,DIAGNOSTIC
w41.2_m1.00_r0.940_T130_P25,transit_fwhm_rel,1.48005,1.4753,,PASS,the Monte Carlo against the form the fit uses at this node,6a468472af4bbda8,400000,0,2026-09-26T09:33:55,DIAGNOSTIC
w41.2_m1.00_r0.940_T130_P25,transit_shape_rel,1.00032,1,,PASS,the Monte Carlo against the form the fit uses at this node,6a468472af4bbda8,400000,0,2026-09-26T09:33:55,DIAGNOSTIC
w41.2_m1.00_r0.940_T130_P25,ramp_mu2_rel,0.0502398,0.0502216,,PASS,the Monte Carlo against the form the fit uses at this node,6a468472af4bbda8,400000,0,2026-09-26T09:33:55,DIAGNOSTIC
w41.2_m1.00_r0.940_T130_P25,ramp_mu3_rel,-0.0069884,-0.00696493,,PASS,the Monte Carlo against the form the fit uses at this node,6a468472af4bbda8,400000,0,2026-09-26T09:33:55,DIAGNOSTIC
w41.2_m1.00_r0.940_T130_P25,amplitude_power_law_abs,1.996,1.99595,,PASS,the Monte Carlo against the form the fit uses at this node,6a468472af4bbda8,400000,0,2026-09-26T09:33:55,DIAGNOSTIC
w41.2_m1.00_r0.940_T130_P25,shares_abs,1.02073e-05,0,,PASS,the Monte Carlo against the form the fit uses at this node,6a468472af4bbda8,400000,0,2026-09-26T09:33:55,DIAGNOSTIC
w41.2_m1.00_r0.940_T130_P25,joint_shape_abs,0.0059237,0,,PASS,the Monte Carlo against the form the fit uses at this node,6a468472af4bbda8,400000,0,2026-09-26T09:33:55,DIAGNOSTIC
w41.2_m1.00_r0.940_T130_P25,joint_moment_sigma_abs,1.41031,0,,PASS,the Monte Carlo against the form the fit uses at this node,6a468472af4bbda8,400000,0,2026-09-26T09:33:55,DIAGNOSTIC
w41.2_m1.00_r0.940_T130_P25,depleted_line_abs,0.000266054,0,,PASS,the Monte Carlo against the form the fit uses at this node,6a468472af4bbda8,400000,0,2026-09-26T09:33:55,DIAGNOSTIC
w41.2_m1.00_r0.940_T130_P25,depletion_widening_rel_4207,0.00017752,,,PASS,"what a transit fit reads from the surviving kernel after the natural Lorentzian, over the bare one: the factor the fit carries",6a468472af4bbda8,400000,0,2026-09-26T09:33:55,DIAGNOSTIC
w41.2_m1.00_r0.940_T130_P25,depletion_widening_rel_4192,0.000197031,,,PASS,"what a transit fit reads from the surviving kernel after the natural Lorentzian, over the bare one: the factor the fit carries",6a468472af4bbda8,400000,0,2026-09-26T09:33:55,DIAGNOSTIC
w41.2_m1.00_r0.940_T130_P25,depletion_widening_rel_4154,0.000274854,,,PASS,"what a transit fit reads from the surviving kernel after the natural Lorentzian, over the bare one: the factor the fit carries",6a468472af4bbda8,400000,0,2026-09-26T09:33:55,DIAGNOSTIC
w41.2_m1.00_r0.940_T130_P25,depletion_widening_rel_4121,0.000294261,,,PASS,"what a transit fit reads from the surviving kernel after the natural Lorentzian, over the bare one: the factor the fit carries",6a468472af4bbda8,400000,0,2026-09-26T09:33:55,DIAGNOSTIC
w41.2_m1.00_r0.940_T130_P25,depletion_fwhm_rel_4207,0.00305319,,,PASS,"the surviving transit kernel's FWHM over the bare collected kernel's, the core-flattening diagnostic",6a468472af4bbda8,400000,0,2026-09-26T09:33:55,DIAGNOSTIC
w41.2_m1.00_r0.940_T130_P25,depletion_fwhm_rel_4192,0.00333789,,,PASS,"the surviving transit kernel's FWHM over the bare collected kernel's, the core-flattening diagnostic",6a468472af4bbda8,400000,0,2026-09-26T09:33:55,DIAGNOSTIC
w41.2_m1.00_r0.940_T130_P25,depletion_fwhm_rel_4154,0.00443063,,,PASS,"the surviving transit kernel's FWHM over the bare collected kernel's, the core-flattening diagnostic",6a468472af4bbda8,400000,0,2026-09-26T09:33:55,DIAGNOSTIC
w41.2_m1.00_r0.940_T130_P25,depletion_fwhm_rel_4121,0.00469414,,,PASS,"the surviving transit kernel's FWHM over the bare collected kernel's, the core-flattening diagnostic",6a468472af4bbda8,400000,0,2026-09-26T09:33:55,DIAGNOSTIC
w41.2_m1.00_r0.940_T130_P25,shares_shift_abs,3.98339e-05,,,PASS,the largest move of a line's share from the thermal law to the depleted one: the physical shift,6a468472af4bbda8,400000,0,2026-09-26T09:33:55,DIAGNOSTIC
w41.2_m1.00_r0.940_T130_P25,cycles_on_axis,0.00387457,,,PASS,excitation cycles on the central chord at the mean transverse speed,6a468472af4bbda8,400000,0,2026-09-26T09:33:55,DIAGNOSTIC
w41.2_m1.00_r0.940_T130_P25,cycles_mean_over_chords,0.000572654,,,PASS,the flux-weighted mean over every chord,6a468472af4bbda8,400000,0,2026-09-26T09:33:55,DIAGNOSTIC
w41.2_m1.00_r0.940_T130_P270,transit_fwhm_rel,1.48012,1.47788,,PASS,the Monte Carlo against the form the fit uses at this node,6a468472af4bbda8,400000,0,2026-09-26T09:34:05,DIAGNOSTIC
w41.2_m1.00_r0.940_T130_P270,transit_shape_rel,1.00032,1,,PASS,the Monte Carlo against the form the fit uses at this node,6a468472af4bbda8,400000,0,2026-09-26T09:34:05,DIAGNOSTIC
w41.2_m1.00_r0.940_T130_P270,ramp_mu2_rel,0.0518774,0.0518475,,PASS,the Monte Carlo against the form the fit uses at this node,6a468472af4bbda8,400000,0,2026-09-26T09:34:05,DIAGNOSTIC
w41.2_m1.00_r0.940_T130_P270,ramp_mu3_rel,-0.00628192,-0.00626101,,PASS,the Monte Carlo against the form the fit uses at this node,6a468472af4bbda8,400000,0,2026-09-26T09:34:05,DIAGNOSTIC
w41.2_m1.00_r0.940_T130_P270,amplitude_power_law_abs,1.65506,1.64894,,PASS,the Monte Carlo against the form the fit uses at this node,6a468472af4bbda8,400000,0,2026-09-26T09:34:05,DIAGNOSTIC
w41.2_m1.00_r0.940_T130_P270,shares_abs,0.00126604,0,,PASS,the Monte Carlo against the form the fit uses at this node,6a468472af4bbda8,400000,0,2026-09-26T09:34:05,DIAGNOSTIC
w41.2_m1.00_r0.940_T130_P270,joint_shape_abs,0.0101502,0,,PASS,the Monte Carlo against the form the fit uses at this node,6a468472af4bbda8,400000,0,2026-09-26T09:34:05,DIAGNOSTIC
w41.2_m1.00_r0.940_T130_P270,joint_moment_sigma_abs,2.62187,0,,PASS,the Monte Carlo against the form the fit uses at this node,6a468472af4bbda8,400000,0,2026-09-26T09:34:05,DIAGNOSTIC
w41.2_m1.00_r0.940_T130_P270,depleted_line_abs,0.00118546,0,,PASS,the Monte Carlo against the form the fit uses at this node,6a468472af4bbda8,400000,0,2026-09-26T09:34:05,DIAGNOSTIC
w41.2_m1.00_r0.940_T130_P270,depletion_widening_rel_4207,0.0146901,,,PASS,"what a transit fit reads from the surviving kernel after the natural Lorentzian, over the bare one: the factor the fit carries",6a468472af4bbda8,400000,0,2026-09-26T09:34:05,DIAGNOSTIC
w41.2_m1.00_r0.940_T130_P270,depletion_widening_rel_4192,0.016156,,,PASS,"what a transit fit reads from the surviving kernel after the natural Lorentzian, over the bare one: the factor the fit carries",6a468472af4bbda8,400000,0,2026-09-26T09:34:05,DIAGNOSTIC
w41.2_m1.00_r0.940_T130_P270,depletion_widening_rel_4154,0.0217856,,,PASS,"what a transit fit reads from the surviving kernel after the natural Lorentzian, over the bare one: the factor the fit carries",6a468472af4bbda8,400000,0,2026-09-26T09:34:05,DIAGNOSTIC
w41.2_m1.00_r0.940_T130_P270,depletion_widening_rel_4121,0.0231401,,,PASS,"what a transit fit reads from the surviving kernel after the natural Lorentzian, over the bare one: the factor the fit carries",6a468472af4bbda8,400000,0,2026-09-26T09:34:05,DIAGNOSTIC
w41.2_m1.00_r0.940_T130_P270,depletion_fwhm_rel_4207,0.106226,,,PASS,"the surviving transit kernel's FWHM over the bare collected kernel's, the core-flattening diagnostic",6a468472af4bbda8,400000,0,2026-09-26T09:34:05,DIAGNOSTIC
w41.2_m1.00_r0.940_T130_P270,depletion_fwhm_rel_4192,0.113944,,,PASS,"the surviving transit kernel's FWHM over the bare collected kernel's, the core-flattening diagnostic",6a468472af4bbda8,400000,0,2026-09-26T09:34:05,DIAGNOSTIC
w41.2_m1.00_r0.940_T130_P270,depletion_fwhm_rel_4154,0.141875,,,PASS,"the surviving transit kernel's FWHM over the bare collected kernel's, the core-flattening diagnostic",6a468472af4bbda8,400000,0,2026-09-26T09:34:05,DIAGNOSTIC
w41.2_m1.00_r0.940_T130_P270,depletion_fwhm_rel_4121,0.148217,,,PASS,"the surviving transit kernel's FWHM over the bare collected kernel's, the core-flattening diagnostic",6a468472af4bbda8,400000,0,2026-09-26T09:34:05,DIAGNOSTIC
w41.2_m1.00_r0.940_T130_P270,shares_shift_abs,0.00332622,,,PASS,the largest move of a line's share from the thermal law to the depleted one: the physical shift,6a468472af4bbda8,400000,0,2026-09-26T09:34:05,DIAGNOSTIC
w41.2_m1.00_r0.940_T130_P270,cycles_on_axis,0.36349,,,PASS,excitation cycles on the central chord at the mean transverse speed,6a468472af4bbda8,400000,0,2026-09-26T09:34:05,DIAGNOSTIC
w41.2_m1.00_r0.940_T130_P270,cycles_mean_over_chords,0.0571358,,,PASS,the flux-weighted mean over every chord,6a468472af4bbda8,400000,0,2026-09-26T09:34:05,DIAGNOSTIC
w41.2_m1.00_r0.940_T130_P75,transit_fwhm_rel,1.48005,1.47552,,PASS,the Monte Carlo against the form the fit uses at this node,6a468472af4bbda8,400000,0,2026-09-26T09:34:05,DIAGNOSTIC
w41.2_m1.00_r0.940_T130_P75,transit_shape_rel,1.00032,1,,PASS,the Monte Carlo against the form the fit uses at this node,6a468472af4bbda8,400000,0,2026-09-26T09:34:05,DIAGNOSTIC
w41.2_m1.00_r0.940_T130_P75,ramp_mu2_rel,0.0503692,0.05035,,PASS,the Monte Carlo against the form the fit uses at this node,6a468472af4bbda8,400000,0,2026-09-26T09:34:05,DIAGNOSTIC
w41.2_m1.00_r0.940_T130_P75,ramp_mu3_rel,-0.00693507,-0.00691175,,PASS,the Monte Carlo against the form the fit uses at this node,6a468472af4bbda8,400000,0,2026-09-26T09:34:05,DIAGNOSTIC
w41.2_m1.00_r0.940_T130_P75,amplitude_power_law_abs,1.96496,1.96438,,PASS,the Monte Carlo against the form the fit uses at this node,6a468472af4bbda8,400000,0,2026-09-26T09:34:05,DIAGNOSTIC
w41.2_m1.00_r0.940_T130_P75,shares_abs,9.59512e-05,0,,PASS,the Monte Carlo against the form the fit uses at this node,6a468472af4bbda8,400000,0,2026-09-26T09:34:05,DIAGNOSTIC
w41.2_m1.00_r0.940_T130_P75,joint_shape_abs,0.00686609,0,,PASS,the Monte Carlo against the form the fit uses at this node,6a468472af4bbda8,400000,0,2026-09-26T09:34:05,DIAGNOSTIC
w41.2_m1.00_r0.940_T130_P75,joint_moment_sigma_abs,1.69077,0,,PASS,the Monte Carlo against the form the fit uses at this node,6a468472af4bbda8,400000,0,2026-09-26T09:34:05,DIAGNOSTIC
w41.2_m1.00_r0.940_T130_P75,depleted_line_abs,0.000362772,0,,PASS,the Monte Carlo against the form the fit uses at this node,6a468472af4bbda8,400000,0,2026-09-26T09:34:05,DIAGNOSTIC
w41.2_m1.00_r0.940_T130_P75,depletion_widening_rel_4207,0.00152586,,,PASS,"what a transit fit reads from the surviving kernel after the natural Lorentzian, over the bare one: the factor the fit carries",6a468472af4bbda8,400000,0,2026-09-26T09:34:05,DIAGNOSTIC
w41.2_m1.00_r0.940_T130_P75,depletion_widening_rel_4192,0.00169148,,,PASS,"what a transit fit reads from the surviving kernel after the natural Lorentzian, over the bare one: the factor the fit carries",6a468472af4bbda8,400000,0,2026-09-26T09:34:05,DIAGNOSTIC
w41.2_m1.00_r0.940_T130_P75,depletion_widening_rel_4154,0.00234822,,,PASS,"what a transit fit reads from the surviving kernel after the natural Lorentzian, over the bare one: the factor the fit carries",6a468472af4bbda8,400000,0,2026-09-26T09:34:05,DIAGNOSTIC
w41.2_m1.00_r0.940_T130_P75,depletion_widening_rel_4121,0.00251107,,,PASS,"what a transit fit reads from the surviving kernel after the natural Lorentzian, over the bare one: the factor the fit carries",6a468472af4bbda8,400000,0,2026-09-26T09:34:05,DIAGNOSTIC
w41.2_m1.00_r0.940_T130_P75,depletion_fwhm_rel_4207,0.0183448,,,PASS,"the surviving transit kernel's FWHM over the bare collected kernel's, the core-flattening diagnostic",6a468472af4bbda8,400000,0,2026-09-26T09:34:05,DIAGNOSTIC
w41.2_m1.00_r0.940_T130_P75,depletion_fwhm_rel_4192,0.0199387,,,PASS,"the surviving transit kernel's FWHM over the bare collected kernel's, the core-flattening diagnostic",6a468472af4bbda8,400000,0,2026-09-26T09:34:05,DIAGNOSTIC
w41.2_m1.00_r0.940_T130_P75,depletion_fwhm_rel_4154,0.0259261,,,PASS,"the surviving transit kernel's FWHM over the bare collected kernel's, the core-flattening diagnostic",6a468472af4bbda8,400000,0,2026-09-26T09:34:05,DIAGNOSTIC
w41.2_m1.00_r0.940_T130_P75,depletion_fwhm_rel_4121,0.0273417,,,PASS,"the surviving transit kernel's FWHM over the bare collected kernel's, the core-flattening diagnostic",6a468472af4bbda8,400000,0,2026-09-26T09:34:05,DIAGNOSTIC
w41.2_m1.00_r0.940_T130_P75,shares_shift_abs,0.000345916,,,PASS,the largest move of a line's share from the thermal law to the depleted one: the physical shift,6a468472af4bbda8,400000,0,2026-09-26T09:34:05,DIAGNOSTIC
w41.2_m1.00_r0.940_T130_P75,cycles_on_axis,0.0342758,,,PASS,excitation cycles on the central chord at the mean transverse speed,6a468472af4bbda8,400000,0,2026-09-26T09:34:05,DIAGNOSTIC
w41.2_m1.00_r0.940_T130_P75,cycles_mean_over_chords,0.00509141,,,PASS,the flux-weighted mean over every chord,6a468472af4bbda8,400000,0,2026-09-26T09:34:05,DIAGNOSTIC
w41.2_m1.00_r0.940_T130_P90,transit_fwhm_rel,1.48005,1.47563,,PASS,the Monte Carlo against the form the fit uses at this node,6a468472af4bbda8,400000,0,2026-09-26T09:35:32,DIAGNOSTIC
w41.2_m1.00_r0.940_T130_P90,transit_shape_rel,1.00032,1,,PASS,the Monte Carlo against the form the fit uses at this node,6a468472af4bbda8,400000,0,2026-09-26T09:35:32,DIAGNOSTIC
w41.2_m1.00_r0.940_T130_P90,ramp_mu2_rel,0.0504323,0.0504126,,PASS,the Monte Carlo against the form the fit uses at this node,6a468472af4bbda8,400000,0,2026-09-26T09:35:32,DIAGNOSTIC
w41.2_m1.00_r0.940_T130_P90,ramp_mu3_rel,-0.00690895,-0.00688571,,PASS,the Monte Carlo against the form the fit uses at this node,6a468472af4bbda8,400000,0,2026-09-26T09:35:32,DIAGNOSTIC
w41.2_m1.00_r0.940_T130_P90,amplitude_power_law_abs,1.95015,1.9493,,PASS,the Monte Carlo against the form the fit uses at this node,6a468472af4bbda8,400000,0,2026-09-26T09:35:32,DIAGNOSTIC
w41.2_m1.00_r0.940_T130_P90,shares_abs,0.000139899,0,,PASS,the Monte Carlo against the form the fit uses at this node,6a468472af4bbda8,400000,0,2026-09-26T09:35:32,DIAGNOSTIC
w41.2_m1.00_r0.940_T130_P90,joint_shape_abs,0.00714296,0,,PASS,the Monte Carlo against the form the fit uses at this node,6a468472af4bbda8,400000,0,2026-09-26T09:35:32,DIAGNOSTIC
w41.2_m1.00_r0.940_T130_P90,joint_moment_sigma_abs,1.85948,0,,PASS,the Monte Carlo against the form the fit uses at this node,6a468472af4bbda8,400000,0,2026-09-26T09:35:32,DIAGNOSTIC
w41.2_m1.00_r0.940_T130_P90,depleted_line_abs,0.000407125,0,,PASS,the Monte Carlo against the form the fit uses at this node,6a468472af4bbda8,400000,0,2026-09-26T09:35:32,DIAGNOSTIC
w41.2_m1.00_r0.940_T130_P90,depletion_widening_rel_4207,0.00216239,,,PASS,"what a transit fit reads from the surviving kernel after the natural Lorentzian, over the bare one: the factor the fit carries",6a468472af4bbda8,400000,0,2026-09-26T09:35:32,DIAGNOSTIC
w41.2_m1.00_r0.940_T130_P90,depletion_widening_rel_4192,0.00239581,,,PASS,"what a transit fit reads from the surviving kernel after the natural Lorentzian, over the bare one: the factor the fit carries",6a468472af4bbda8,400000,0,2026-09-26T09:35:32,DIAGNOSTIC
w41.2_m1.00_r0.940_T130_P90,depletion_widening_rel_4154,0.00331928,,,PASS,"what a transit fit reads from the surviving kernel after the natural Lorentzian, over the bare one: the factor the fit carries",6a468472af4bbda8,400000,0,2026-09-26T09:35:32,DIAGNOSTIC
w41.2_m1.00_r0.940_T130_P90,depletion_widening_rel_4121,0.00354775,,,PASS,"what a transit fit reads from the surviving kernel after the natural Lorentzian, over the bare one: the factor the fit carries",6a468472af4bbda8,400000,0,2026-09-26T09:35:32,DIAGNOSTIC
w41.2_m1.00_r0.940_T130_P90,depletion_fwhm_rel_4207,0.0242809,,,PASS,"the surviving transit kernel's FWHM over the bare collected kernel's, the core-flattening diagnostic",6a468472af4bbda8,400000,0,2026-09-26T09:35:32,DIAGNOSTIC
w41.2_m1.00_r0.940_T130_P90,depletion_fwhm_rel_4192,0.0263437,,,PASS,"the surviving transit kernel's FWHM over the bare collected kernel's, the core-flattening diagnostic",6a468472af4bbda8,400000,0,2026-09-26T09:35:32,DIAGNOSTIC
w41.2_m1.00_r0.940_T130_P90,depletion_fwhm_rel_4154,0.0340936,,,PASS,"the surviving transit kernel's FWHM over the bare collected kernel's, the core-flattening diagnostic",6a468472af4bbda8,400000,0,2026-09-26T09:35:32,DIAGNOSTIC
w41.2_m1.00_r0.940_T130_P90,depletion_fwhm_rel_4121,0.0359272,,,PASS,"the surviving transit kernel's FWHM over the bare collected kernel's, the core-flattening diagnostic",6a468472af4bbda8,400000,0,2026-09-26T09:35:32,DIAGNOSTIC
w41.2_m1.00_r0.940_T130_P90,shares_shift_abs,0.000490517,,,PASS,the largest move of a line's share from the thermal law to the depleted one: the physical shift,6a468472af4bbda8,400000,0,2026-09-26T09:35:32,DIAGNOSTIC
w41.2_m1.00_r0.940_T130_P90,cycles_on_axis,0.0489451,,,PASS,excitation cycles on the central chord at the mean transverse speed,6a468472af4bbda8,400000,0,2026-09-26T09:35:32,DIAGNOSTIC
w41.2_m1.00_r0.940_T130_P90,cycles_mean_over_chords,0.00728816,,,PASS,the flux-weighted mean over every chord,6a468472af4bbda8,400000,0,2026-09-26T09:35:32,DIAGNOSTIC
w41.2_m1.00_r0.940_T70_P225,transit_fwhm_rel,1.36552,1.36285,,PASS,the Monte Carlo against the form the fit uses at this node,6a468472af4bbda8,400000,0,2026-09-26T09:35:44,DIAGNOSTIC
w41.2_m1.00_r0.940_T70_P225,transit_shape_rel,1.00032,1,,PASS,the Monte Carlo against the form the fit uses at this node,6a468472af4bbda8,400000,0,2026-09-26T09:35:44,DIAGNOSTIC
w41.2_m1.00_r0.940_T70_P225,ramp_mu2_rel,0.0514202,0.0513934,,PASS,the Monte Carlo against the form the fit uses at this node,6a468472af4bbda8,400000,0,2026-09-26T09:35:44,DIAGNOSTIC
w41.2_m1.00_r0.940_T70_P225,ramp_mu3_rel,-0.00648613,-0.00646437,,PASS,the Monte Carlo against the form the fit uses at this node,6a468472af4bbda8,400000,0,2026-09-26T09:35:44,DIAGNOSTIC
w41.2_m1.00_r0.940_T70_P225,amplitude_power_law_abs,1.73605,1.73064,,PASS,the Monte Carlo against the form the fit uses at this node,6a468472af4bbda8,400000,0,2026-09-26T09:35:44,DIAGNOSTIC
w41.2_m1.00_r0.940_T70_P225,shares_abs,0.000988972,0,,PASS,the Monte Carlo against the form the fit uses at this node,6a468472af4bbda8,400000,0,2026-09-26T09:35:44,DIAGNOSTIC
w41.2_m1.00_r0.940_T70_P225,joint_shape_abs,0.00914282,0,,PASS,the Monte Carlo against the form the fit uses at this node,6a468472af4bbda8,400000,0,2026-09-26T09:35:44,DIAGNOSTIC
w41.2_m1.00_r0.940_T70_P225,joint_moment_sigma_abs,2.1289,0,,PASS,the Monte Carlo against the form the fit uses at this node,6a468472af4bbda8,400000,0,2026-09-26T09:35:44,DIAGNOSTIC
w41.2_m1.00_r0.940_T70_P225,depleted_line_abs,0.000901169,0,,PASS,the Monte Carlo against the form the fit uses at this node,6a468472af4bbda8,400000,0,2026-09-26T09:35:44,DIAGNOSTIC
w41.2_m1.00_r0.940_T70_P225,depletion_widening_rel_4207,0.0117295,,,PASS,"what a transit fit reads from the surviving kernel after the natural Lorentzian, over the bare one: the factor the fit carries",6a468472af4bbda8,400000,0,2026-09-26T09:35:44,DIAGNOSTIC
w41.2_m1.00_r0.940_T70_P225,depletion_widening_rel_4192,0.012918,,,PASS,"what a transit fit reads from the surviving kernel after the natural Lorentzian, over the bare one: the factor the fit carries",6a468472af4bbda8,400000,0,2026-09-26T09:35:44,DIAGNOSTIC
w41.2_m1.00_r0.940_T70_P225,depletion_widening_rel_4154,0.0175073,,,PASS,"what a transit fit reads from the surviving kernel after the natural Lorentzian, over the bare one: the factor the fit carries",6a468472af4bbda8,400000,0,2026-09-26T09:35:44,DIAGNOSTIC
w41.2_m1.00_r0.940_T70_P225,depletion_widening_rel_4121,0.0186171,,,PASS,"what a transit fit reads from the surviving kernel after the natural Lorentzian, over the bare one: the factor the fit carries",6a468472af4bbda8,400000,0,2026-09-26T09:35:44,DIAGNOSTIC
w41.2_m1.00_r0.940_T70_P225,depletion_fwhm_rel_4207,0.0909186,,,PASS,"the surviving transit kernel's FWHM over the bare collected kernel's, the core-flattening diagnostic",6a468472af4bbda8,400000,0,2026-09-26T09:35:44,DIAGNOSTIC
w41.2_m1.00_r0.940_T70_P225,depletion_fwhm_rel_4192,0.0976735,,,PASS,"the surviving transit kernel's FWHM over the bare collected kernel's, the core-flattening diagnostic",6a468472af4bbda8,400000,0,2026-09-26T09:35:44,DIAGNOSTIC
w41.2_m1.00_r0.940_T70_P225,depletion_fwhm_rel_4154,0.122288,,,PASS,"the surviving transit kernel's FWHM over the bare collected kernel's, the core-flattening diagnostic",6a468472af4bbda8,400000,0,2026-09-26T09:35:44,DIAGNOSTIC
w41.2_m1.00_r0.940_T70_P225,depletion_fwhm_rel_4121,0.127915,,,PASS,"the surviving transit kernel's FWHM over the bare collected kernel's, the core-flattening diagnostic",6a468472af4bbda8,400000,0,2026-09-26T09:35:44,DIAGNOSTIC
w41.2_m1.00_r0.940_T70_P225,shares_shift_abs,0.002701,,,PASS,the largest move of a line's share from the thermal law to the depleted one: the physical shift,6a468472af4bbda8,400000,0,2026-09-26T09:35:44,DIAGNOSTIC
w41.2_m1.00_r0.940_T70_P225,cycles_on_axis,0.29076,,,PASS,excitation cycles on the central chord at the mean transverse speed,6a468472af4bbda8,400000,0,2026-09-26T09:35:44,DIAGNOSTIC
w41.2_m1.00_r0.940_T70_P225,cycles_mean_over_chords,0.0449432,,,PASS,the flux-weighted mean over every chord,6a468472af4bbda8,400000,0,2026-09-26T09:35:44,DIAGNOSTIC
w41.2_m1.00_r0.940_T90_P225,transit_fwhm_rel,1.40475,1.40201,,PASS,the Monte Carlo against the form the fit uses at this node,6a468472af4bbda8,400000,0,2026-09-26T09:35:45,DIAGNOSTIC
w41.2_m1.00_r0.940_T90_P225,transit_shape_rel,1.00032,1,,PASS,the Monte Carlo against the form the fit uses at this node,6a468472af4bbda8,400000,0,2026-09-26T09:35:45,DIAGNOSTIC
w41.2_m1.00_r0.940_T90_P225,ramp_mu2_rel,0.0514202,0.0513934,,PASS,the Monte Carlo against the form the fit uses at this node,6a468472af4bbda8,400000,0,2026-09-26T09:35:45,DIAGNOSTIC
w41.2_m1.00_r0.940_T90_P225,ramp_mu3_rel,-0.00648613,-0.00646437,,PASS,the Monte Carlo against the form the fit uses at this node,6a468472af4bbda8,400000,0,2026-09-26T09:35:45,DIAGNOSTIC
w41.2_m1.00_r0.940_T90_P225,amplitude_power_law_abs,1.73757,1.73235,,PASS,the Monte Carlo against the form the fit uses at this node,6a468472af4bbda8,400000,0,2026-09-26T09:35:45,DIAGNOSTIC
w41.2_m1.00_r0.940_T90_P225,shares_abs,0.000956943,0,,PASS,the Monte Carlo against the form the fit uses at this node,6a468472af4bbda8,400000,0,2026-09-26T09:35:45,DIAGNOSTIC
w41.2_m1.00_r0.940_T90_P225,joint_shape_abs,0.00924437,0,,PASS,the Monte Carlo against the form the fit uses at this node,6a468472af4bbda8,400000,0,2026-09-26T09:35:45,DIAGNOSTIC
w41.2_m1.00_r0.940_T90_P225,joint_moment_sigma_abs,2.21013,0,,PASS,the Monte Carlo against the form the fit uses at this node,6a468472af4bbda8,400000,0,2026-09-26T09:35:45,DIAGNOSTIC
w41.2_m1.00_r0.940_T90_P225,depleted_line_abs,0.000927149,0,,PASS,the Monte Carlo against the form the fit uses at this node,6a468472af4bbda8,400000,0,2026-09-26T09:35:45,DIAGNOSTIC
w41.2_m1.00_r0.940_T90_P225,depletion_widening_rel_4207,0.0114934,,,PASS,"what a transit fit reads from the surviving kernel after the natural Lorentzian, over the bare one: the factor the fit carries",6a468472af4bbda8,400000,0,2026-09-26T09:35:45,DIAGNOSTIC
w41.2_m1.00_r0.940_T90_P225,depletion_widening_rel_4192,0.0126597,,,PASS,"what a transit fit reads from the surviving kernel after the natural Lorentzian, over the bare one: the factor the fit carries",6a468472af4bbda8,400000,0,2026-09-26T09:35:45,DIAGNOSTIC
w41.2_m1.00_r0.940_T90_P225,depletion_widening_rel_4154,0.0171657,,,PASS,"what a transit fit reads from the surviving kernel after the natural Lorentzian, over the bare one: the factor the fit carries",6a468472af4bbda8,400000,0,2026-09-26T09:35:45,DIAGNOSTIC
w41.2_m1.00_r0.940_T90_P225,depletion_widening_rel_4121,0.0182559,,,PASS,"what a transit fit reads from the surviving kernel after the natural Lorentzian, over the bare one: the factor the fit carries",6a468472af4bbda8,400000,0,2026-09-26T09:35:45,DIAGNOSTIC
w41.2_m1.00_r0.940_T90_P225,depletion_fwhm_rel_4207,0.0891682,,,PASS,"the surviving transit kernel's FWHM over the bare collected kernel's, the core-flattening diagnostic",6a468472af4bbda8,400000,0,2026-09-26T09:35:45,DIAGNOSTIC
w41.2_m1.00_r0.940_T90_P225,depletion_fwhm_rel_4192,0.0958194,,,PASS,"the surviving transit kernel's FWHM over the bare collected kernel's, the core-flattening diagnostic",6a468472af4bbda8,400000,0,2026-09-26T09:35:45,DIAGNOSTIC
w41.2_m1.00_r0.940_T90_P225,depletion_fwhm_rel_4154,0.120033,,,PASS,"the surviving transit kernel's FWHM over the bare collected kernel's, the core-flattening diagnostic",6a468472af4bbda8,400000,0,2026-09-26T09:35:45,DIAGNOSTIC
w41.2_m1.00_r0.940_T90_P225,depletion_fwhm_rel_4121,0.125582,,,PASS,"the surviving transit kernel's FWHM over the bare collected kernel's, the core-flattening diagnostic",6a468472af4bbda8,400000,0,2026-09-26T09:35:45,DIAGNOSTIC
w41.2_m1.00_r0.940_T90_P225,shares_shift_abs,0.00263178,,,PASS,the largest move of a line's share from the thermal law to the depleted one: the physical shift,6a468472af4bbda8,400000,0,2026-09-26T09:35:45,DIAGNOSTIC
w41.2_m1.00_r0.940_T90_P225,cycles_on_axis,0.28264,,,PASS,excitation cycles on the central chord at the mean transverse speed,6a468472af4bbda8,400000,0,2026-09-26T09:35:45,DIAGNOSTIC
w41.2_m1.00_r0.940_T90_P225,cycles_mean_over_chords,0.0436881,,,PASS,the flux-weighted mean over every chord,6a468472af4bbda8,400000,0,2026-09-26T09:35:45,DIAGNOSTIC
w41.4_m1.00_r0.940_T110_P225,transit_fwhm_rel,1.43587,1.43318,,PASS,the Monte Carlo against the form the fit uses at this node,6a468472af4bbda8,400000,0,2026-09-26T09:37:12,DIAGNOSTIC
w41.4_m1.00_r0.940_T110_P225,transit_shape_rel,1.00032,1,,PASS,the Monte Carlo against the form the fit uses at this node,6a468472af4bbda8,400000,0,2026-09-26T09:37:12,DIAGNOSTIC
w41.4_m1.00_r0.940_T110_P225,ramp_mu2_rel,0.0513499,0.0513194,,PASS,the Monte Carlo against the form the fit uses at this node,6a468472af4bbda8,400000,0,2026-09-26T09:37:12,DIAGNOSTIC
w41.4_m1.00_r0.940_T110_P225,ramp_mu3_rel,-0.00645885,-0.00643529,,PASS,the Monte Carlo against the form the fit uses at this node,6a468472af4bbda8,400000,0,2026-09-26T09:37:12,DIAGNOSTIC
w41.4_m1.00_r0.940_T110_P225,amplitude_power_law_abs,1.74282,1.73778,,PASS,the Monte Carlo against the form the fit uses at this node,6a468472af4bbda8,400000,0,2026-09-26T09:37:12,DIAGNOSTIC
w41.4_m1.00_r0.940_T110_P225,shares_abs,0.000916616,0,,PASS,the Monte Carlo against the form the fit uses at this node,6a468472af4bbda8,400000,0,2026-09-26T09:37:12,DIAGNOSTIC
w41.4_m1.00_r0.940_T110_P225,joint_shape_abs,0.00915517,0,,PASS,the Monte Carlo against the form the fit uses at this node,6a468472af4bbda8,400000,0,2026-09-26T09:37:12,DIAGNOSTIC
w41.4_m1.00_r0.940_T110_P225,joint_moment_sigma_abs,2.28105,0,,PASS,the Monte Carlo against the form the fit uses at this node,6a468472af4bbda8,400000,0,2026-09-26T09:37:12,DIAGNOSTIC
w41.4_m1.00_r0.940_T110_P225,depleted_line_abs,0.000937379,0,,PASS,the Monte Carlo against the form the fit uses at this node,6a468472af4bbda8,400000,0,2026-09-26T09:37:12,DIAGNOSTIC
w41.4_m1.00_r0.940_T110_P225,depletion_widening_rel_4207,0.0111345,,,PASS,"what a transit fit reads from the surviving kernel after the natural Lorentzian, over the bare one: the factor the fit carries",6a468472af4bbda8,400000,0,2026-09-26T09:37:12,DIAGNOSTIC
w41.4_m1.00_r0.940_T110_P225,depletion_widening_rel_4192,0.0122668,,,PASS,"what a transit fit reads from the surviving kernel after the natural Lorentzian, over the bare one: the factor the fit carries",6a468472af4bbda8,400000,0,2026-09-26T09:37:12,DIAGNOSTIC
w41.4_m1.00_r0.940_T110_P225,depletion_widening_rel_4154,0.0166449,,,PASS,"what a transit fit reads from the surviving kernel after the natural Lorentzian, over the bare one: the factor the fit carries",6a468472af4bbda8,400000,0,2026-09-26T09:37:12,DIAGNOSTIC
w41.4_m1.00_r0.940_T110_P225,depletion_widening_rel_4121,0.0177049,,,PASS,"what a transit fit reads from the surviving kernel after the natural Lorentzian, over the bare one: the factor the fit carries",6a468472af4bbda8,400000,0,2026-09-26T09:37:12,DIAGNOSTIC
w41.4_m1.00_r0.940_T110_P225,depletion_fwhm_rel_4207,0.0867891,,,PASS,"the surviving transit kernel's FWHM over the bare collected kernel's, the core-flattening diagnostic",6a468472af4bbda8,400000,0,2026-09-26T09:37:12,DIAGNOSTIC
w41.4_m1.00_r0.940_T110_P225,depletion_fwhm_rel_4192,0.0932987,,,PASS,"the surviving transit kernel's FWHM over the bare collected kernel's, the core-flattening diagnostic",6a468472af4bbda8,400000,0,2026-09-26T09:37:12,DIAGNOSTIC
w41.4_m1.00_r0.940_T110_P225,depletion_fwhm_rel_4154,0.116962,,,PASS,"the surviving transit kernel's FWHM over the bare collected kernel's, the core-flattening diagnostic",6a468472af4bbda8,400000,0,2026-09-26T09:37:12,DIAGNOSTIC
w41.4_m1.00_r0.940_T110_P225,depletion_fwhm_rel_4121,0.122405,,,PASS,"the surviving transit kernel's FWHM over the bare collected kernel's, the core-flattening diagnostic",6a468472af4bbda8,400000,0,2026-09-26T09:37:12,DIAGNOSTIC
w41.4_m1.00_r0.940_T110_P225,shares_shift_abs,0.00253861,,,PASS,the largest move of a line's share from the thermal law to the depleted one: the physical shift,6a468472af4bbda8,400000,0,2026-09-26T09:37:12,DIAGNOSTIC
w41.4_m1.00_r0.940_T110_P225,cycles_on_axis,0.271946,,,PASS,excitation cycles on the central chord at the mean transverse speed,6a468472af4bbda8,400000,0,2026-09-26T09:37:12,DIAGNOSTIC
w41.4_m1.00_r0.940_T110_P225,cycles_mean_over_chords,0.0420028,,,PASS,the flux-weighted mean over every chord,6a468472af4bbda8,400000,0,2026-09-26T09:37:12,DIAGNOSTIC
w41.4_m1.00_r0.940_T130_P125,transit_fwhm_rel,1.47283,1.46891,,PASS,the Monte Carlo against the form the fit uses at this node,6a468472af4bbda8,400000,0,2026-09-26T09:37:25,DIAGNOSTIC
w41.4_m1.00_r0.940_T130_P125,transit_shape_rel,1.00032,1,,PASS,the Monte Carlo against the form the fit uses at this node,6a468472af4bbda8,400000,0,2026-09-26T09:37:25,DIAGNOSTIC
w41.4_m1.00_r0.940_T130_P125,ramp_mu2_rel,0.0505667,0.050542,,PASS,the Monte Carlo against the form the fit uses at this node,6a468472af4bbda8,400000,0,2026-09-26T09:37:25,DIAGNOSTIC
w41.4_m1.00_r0.940_T130_P125,ramp_mu3_rel,-0.00679835,-0.0067736,,PASS,the Monte Carlo against the form the fit uses at this node,6a468472af4bbda8,400000,0,2026-09-26T09:37:25,DIAGNOSTIC
w41.4_m1.00_r0.940_T130_P125,amplitude_power_law_abs,1.90879,1.9071,,PASS,the Monte Carlo against the form the fit uses at this node,6a468472af4bbda8,400000,0,2026-09-26T09:37:25,DIAGNOSTIC
w41.4_m1.00_r0.940_T130_P125,shares_abs,0.000272532,0,,PASS,the Monte Carlo against the form the fit uses at this node,6a468472af4bbda8,400000,0,2026-09-26T09:37:25,DIAGNOSTIC
w41.4_m1.00_r0.940_T130_P125,joint_shape_abs,0.00755054,0,,PASS,the Monte Carlo against the form the fit uses at this node,6a468472af4bbda8,400000,0,2026-09-26T09:37:25,DIAGNOSTIC
w41.4_m1.00_r0.940_T130_P125,joint_moment_sigma_abs,1.91921,0,,PASS,the Monte Carlo against the form the fit uses at this node,6a468472af4bbda8,400000,0,2026-09-26T09:37:25,DIAGNOSTIC
w41.4_m1.00_r0.940_T130_P125,depleted_line_abs,0.000524557,0,,PASS,the Monte Carlo against the form the fit uses at this node,6a468472af4bbda8,400000,0,2026-09-26T09:37:25,DIAGNOSTIC
w41.4_m1.00_r0.940_T130_P125,depletion_widening_rel_4207,0.00393864,,,PASS,"what a transit fit reads from the surviving kernel after the natural Lorentzian, over the bare one: the factor the fit carries",6a468472af4bbda8,400000,0,2026-09-26T09:37:25,DIAGNOSTIC
w41.4_m1.00_r0.940_T130_P125,depletion_widening_rel_4192,0.00435792,,,PASS,"what a transit fit reads from the surviving kernel after the natural Lorentzian, over the bare one: the factor the fit carries",6a468472af4bbda8,400000,0,2026-09-26T09:37:25,DIAGNOSTIC
w41.4_m1.00_r0.940_T130_P125,depletion_widening_rel_4154,0.00600722,,,PASS,"what a transit fit reads from the surviving kernel after the natural Lorentzian, over the bare one: the factor the fit carries",6a468472af4bbda8,400000,0,2026-09-26T09:37:25,DIAGNOSTIC
w41.4_m1.00_r0.940_T130_P125,depletion_widening_rel_4121,0.00641306,,,PASS,"what a transit fit reads from the surviving kernel after the natural Lorentzian, over the bare one: the factor the fit carries",6a468472af4bbda8,400000,0,2026-09-26T09:37:25,DIAGNOSTIC
w41.4_m1.00_r0.940_T130_P125,depletion_fwhm_rel_4207,0.0390293,,,PASS,"the surviving transit kernel's FWHM over the bare collected kernel's, the core-flattening diagnostic",6a468472af4bbda8,400000,0,2026-09-26T09:37:25,DIAGNOSTIC
w41.4_m1.00_r0.940_T130_P125,depletion_fwhm_rel_4192,0.0422264,,,PASS,"the surviving transit kernel's FWHM over the bare collected kernel's, the core-flattening diagnostic",6a468472af4bbda8,400000,0,2026-09-26T09:37:25,DIAGNOSTIC
w41.4_m1.00_r0.940_T130_P125,depletion_fwhm_rel_4154,0.054116,,,PASS,"the surviving transit kernel's FWHM over the bare collected kernel's, the core-flattening diagnostic",6a468472af4bbda8,400000,0,2026-09-26T09:37:25,DIAGNOSTIC
w41.4_m1.00_r0.940_T130_P125,depletion_fwhm_rel_4121,0.0568976,,,PASS,"the surviving transit kernel's FWHM over the bare collected kernel's, the core-flattening diagnostic",6a468472af4bbda8,400000,0,2026-09-26T09:37:25,DIAGNOSTIC
w41.4_m1.00_r0.940_T130_P125,shares_shift_abs,0.000894655,,,PASS,the largest move of a line's share from the thermal law to the depleted one: the physical shift,6a468472af4bbda8,400000,0,2026-09-26T09:37:25,DIAGNOSTIC
w41.4_m1.00_r0.940_T130_P125,cycles_on_axis,0.0908509,,,PASS,excitation cycles on the central chord at the mean transverse speed,6a468472af4bbda8,400000,0,2026-09-26T09:37:25,DIAGNOSTIC
w41.4_m1.00_r0.940_T130_P125,cycles_mean_over_chords,0.0136222,,,PASS,the flux-weighted mean over every chord,6a468472af4bbda8,400000,0,2026-09-26T09:37:25,DIAGNOSTIC
w41.4_m1.00_r0.940_T130_P175,transit_fwhm_rel,1.47285,1.46946,,PASS,the Monte Carlo against the form the fit uses at this node,6a468472af4bbda8,400000,0,2026-09-26T09:37:26,DIAGNOSTIC
w41.4_m1.00_r0.940_T130_P175,transit_shape_rel,1.00032,1,,PASS,the Monte Carlo against the form the fit uses at this node,6a468472af4bbda8,400000,0,2026-09-26T09:37:26,DIAGNOSTIC
w41.4_m1.00_r0.940_T130_P175,ramp_mu2_rel,0.0509154,0.0508882,,PASS,the Monte Carlo against the form the fit uses at this node,6a468472af4bbda8,400000,0,2026-09-26T09:37:26,DIAGNOSTIC
w41.4_m1.00_r0.940_T130_P175,ramp_mu3_rel,-0.00664915,-0.00662489,,PASS,the Monte Carlo against the form the fit uses at this node,6a468472af4bbda8,400000,0,2026-09-26T09:37:26,DIAGNOSTIC
w41.4_m1.00_r0.940_T130_P175,amplitude_power_law_abs,1.8325,1.82925,,PASS,the Monte Carlo against the form the fit uses at this node,6a468472af4bbda8,400000,0,2026-09-26T09:37:26,DIAGNOSTIC
w41.4_m1.00_r0.940_T130_P175,shares_abs,0.00054222,0,,PASS,the Monte Carlo against the form the fit uses at this node,6a468472af4bbda8,400000,0,2026-09-26T09:37:26,DIAGNOSTIC
w41.4_m1.00_r0.940_T130_P175,joint_shape_abs,0.00841878,0,,PASS,the Monte Carlo against the form the fit uses at this node,6a468472af4bbda8,400000,0,2026-09-26T09:37:26,DIAGNOSTIC
w41.4_m1.00_r0.940_T130_P175,joint_moment_sigma_abs,2.30769,0,,PASS,the Monte Carlo against the form the fit uses at this node,6a468472af4bbda8,400000,0,2026-09-26T09:37:26,DIAGNOSTIC
w41.4_m1.00_r0.940_T130_P175,depleted_line_abs,0.000732778,0,,PASS,the Monte Carlo against the form the fit uses at this node,6a468472af4bbda8,400000,0,2026-09-26T09:37:26,DIAGNOSTIC
w41.4_m1.00_r0.940_T130_P175,depletion_widening_rel_4207,0.0071835,,,PASS,"what a transit fit reads from the surviving kernel after the natural Lorentzian, over the bare one: the factor the fit carries",6a468472af4bbda8,400000,0,2026-09-26T09:37:26,DIAGNOSTIC
w41.4_m1.00_r0.940_T130_P175,depletion_widening_rel_4192,0.00793147,,,PASS,"what a transit fit reads from the surviving kernel after the natural Lorentzian, over the bare one: the factor the fit carries",6a468472af4bbda8,400000,0,2026-09-26T09:37:26,DIAGNOSTIC
w41.4_m1.00_r0.940_T130_P175,depletion_widening_rel_4154,0.0108487,,,PASS,"what a transit fit reads from the surviving kernel after the natural Lorentzian, over the bare one: the factor the fit carries",6a468472af4bbda8,400000,0,2026-09-26T09:37:26,DIAGNOSTIC
w41.4_m1.00_r0.940_T130_P175,depletion_widening_rel_4121,0.0115609,,,PASS,"what a transit fit reads from the surviving kernel after the natural Lorentzian, over the bare one: the factor the fit carries",6a468472af4bbda8,400000,0,2026-09-26T09:37:26,DIAGNOSTIC
w41.4_m1.00_r0.940_T130_P175,depletion_fwhm_rel_4207,0.0620535,,,PASS,"the surviving transit kernel's FWHM over the bare collected kernel's, the core-flattening diagnostic",6a468472af4bbda8,400000,0,2026-09-26T09:37:26,DIAGNOSTIC
w41.4_m1.00_r0.940_T130_P175,depletion_fwhm_rel_4192,0.0669128,,,PASS,"the surviving transit kernel's FWHM over the bare collected kernel's, the core-flattening diagnostic",6a468472af4bbda8,400000,0,2026-09-26T09:37:26,DIAGNOSTIC
w41.4_m1.00_r0.940_T130_P175,depletion_fwhm_rel_4154,0.0847518,,,PASS,"the surviving transit kernel's FWHM over the bare collected kernel's, the core-flattening diagnostic",6a468472af4bbda8,400000,0,2026-09-26T09:37:26,DIAGNOSTIC
w41.4_m1.00_r0.940_T130_P175,depletion_fwhm_rel_4121,0.0888891,,,PASS,"the surviving transit kernel's FWHM over the bare collected kernel's, the core-flattening diagnostic",6a468472af4bbda8,400000,0,2026-09-26T09:37:26,DIAGNOSTIC
w41.4_m1.00_r0.940_T130_P175,shares_shift_abs,0.00163081,,,PASS,the largest move of a line's share from the thermal law to the depleted one: the physical shift,6a468472af4bbda8,400000,0,2026-09-26T09:37:26,DIAGNOSTIC
w41.4_m1.00_r0.940_T130_P175,cycles_on_axis,0.169962,,,PASS,excitation cycles on the central chord at the mean transverse speed,6a468472af4bbda8,400000,0,2026-09-26T09:37:26,DIAGNOSTIC
w41.4_m1.00_r0.940_T130_P175,cycles_mean_over_chords,0.0258259,,,PASS,the flux-weighted mean over every chord,6a468472af4bbda8,400000,0,2026-09-26T09:37:26,DIAGNOSTIC
w41.4_m1.00_r0.940_T130_P180,transit_fwhm_rel,1.47285,1.46952,,PASS,the Monte Carlo against the form the fit uses at this node,6a468472af4bbda8,400000,0,2026-09-26T09:38:38,DIAGNOSTIC
w41.4_m1.00_r0.940_T130_P180,transit_shape_rel,1.00032,1,,PASS,the Monte Carlo against the form the fit uses at this node,6a468472af4bbda8,400000,0,2026-09-26T09:38:38,DIAGNOSTIC
w41.4_m1.00_r0.940_T130_P180,ramp_mu2_rel,0.0509554,0.0509278,,PASS,the Monte Carlo against the form the fit uses at this node,6a468472af4bbda8,400000,0,2026-09-26T09:38:38,DIAGNOSTIC
w41.4_m1.00_r0.940_T130_P180,ramp_mu3_rel,-0.00663187,-0.00660767,,PASS,the Monte Carlo against the form the fit uses at this node,6a468472af4bbda8,400000,0,2026-09-26T09:38:38,DIAGNOSTIC
w41.4_m1.00_r0.940_T130_P180,amplitude_power_law_abs,1.82408,1.82067,,PASS,the Monte Carlo against the form the fit uses at this node,6a468472af4bbda8,400000,0,2026-09-26T09:38:38,DIAGNOSTIC
w41.4_m1.00_r0.940_T130_P180,shares_abs,0.000573795,0,,PASS,the Monte Carlo against the form the fit uses at this node,6a468472af4bbda8,400000,0,2026-09-26T09:38:38,DIAGNOSTIC
w41.4_m1.00_r0.940_T130_P180,joint_shape_abs,0.00850239,0,,PASS,the Monte Carlo against the form the fit uses at this node,6a468472af4bbda8,400000,0,2026-09-26T09:38:38,DIAGNOSTIC
w41.4_m1.00_r0.940_T130_P180,joint_moment_sigma_abs,2.34945,0,,PASS,the Monte Carlo against the form the fit uses at this node,6a468472af4bbda8,400000,0,2026-09-26T09:38:38,DIAGNOSTIC
w41.4_m1.00_r0.940_T130_P180,depleted_line_abs,0.00075501,0,,PASS,the Monte Carlo against the form the fit uses at this node,6a468472af4bbda8,400000,0,2026-09-26T09:38:38,DIAGNOSTIC
w41.4_m1.00_r0.940_T130_P180,depletion_widening_rel_4207,0.00754046,,,PASS,"what a transit fit reads from the surviving kernel after the natural Lorentzian, over the bare one: the factor the fit carries",6a468472af4bbda8,400000,0,2026-09-26T09:38:38,DIAGNOSTIC
w41.4_m1.00_r0.940_T130_P180,depletion_widening_rel_4192,0.00832384,,,PASS,"what a transit fit reads from the surviving kernel after the natural Lorentzian, over the bare one: the factor the fit carries",6a468472af4bbda8,400000,0,2026-09-26T09:38:38,DIAGNOSTIC
w41.4_m1.00_r0.940_T130_P180,depletion_widening_rel_4154,0.0113766,,,PASS,"what a transit fit reads from the surviving kernel after the natural Lorentzian, over the bare one: the factor the fit carries",6a468472af4bbda8,400000,0,2026-09-26T09:38:38,DIAGNOSTIC
w41.4_m1.00_r0.940_T130_P180,depletion_widening_rel_4121,0.0121213,,,PASS,"what a transit fit reads from the surviving kernel after the natural Lorentzian, over the bare one: the factor the fit carries",6a468472af4bbda8,400000,0,2026-09-26T09:38:38,DIAGNOSTIC
w41.4_m1.00_r0.940_T130_P180,depletion_fwhm_rel_4207,0.0643806,,,PASS,"the surviving transit kernel's FWHM over the bare collected kernel's, the core-flattening diagnostic",6a468472af4bbda8,400000,0,2026-09-26T09:38:38,DIAGNOSTIC
w41.4_m1.00_r0.940_T130_P180,depletion_fwhm_rel_4192,0.0694183,,,PASS,"the surviving transit kernel's FWHM over the bare collected kernel's, the core-flattening diagnostic",6a468472af4bbda8,400000,0,2026-09-26T09:38:38,DIAGNOSTIC
w41.4_m1.00_r0.940_T130_P180,depletion_fwhm_rel_4154,0.0878301,,,PASS,"the surviving transit kernel's FWHM over the bare collected kernel's, the core-flattening diagnostic",6a468472af4bbda8,400000,0,2026-09-26T09:38:38,DIAGNOSTIC
w41.4_m1.00_r0.940_T130_P180,depletion_fwhm_rel_4121,0.0920879,,,PASS,"the surviving transit kernel's FWHM over the bare collected kernel's, the core-flattening diagnostic",6a468472af4bbda8,400000,0,2026-09-26T09:38:38,DIAGNOSTIC
w41.4_m1.00_r0.940_T130_P180,shares_shift_abs,0.00171171,,,PASS,the largest move of a line's share from the thermal law to the depleted one: the physical shift,6a468472af4bbda8,400000,0,2026-09-26T09:38:38,DIAGNOSTIC
w41.4_m1.00_r0.940_T130_P180,cycles_on_axis,0.178857,,,PASS,excitation cycles on the central chord at the mean transverse speed,6a468472af4bbda8,400000,0,2026-09-26T09:38:38,DIAGNOSTIC
w41.4_m1.00_r0.940_T130_P180,cycles_mean_over_chords,0.0272186,,,PASS,the flux-weighted mean over every chord,6a468472af4bbda8,400000,0,2026-09-26T09:38:38,DIAGNOSTIC
w41.4_m1.00_r0.940_T130_P225,transit_fwhm_rel,1.47287,1.47011,,PASS,the Monte Carlo against the form the fit uses at this node,6a468472af4bbda8,400000,0,2026-09-26T09:38:50,DIAGNOSTIC
w41.4_m1.00_r0.940_T130_P225,transit_shape_rel,1.00032,1,,PASS,the Monte Carlo against the form the fit uses at this node,6a468472af4bbda8,400000,0,2026-09-26T09:38:50,DIAGNOSTIC
w41.4_m1.00_r0.940_T130_P225,ramp_mu2_rel,0.0513499,0.0513194,,PASS,the Monte Carlo against the form the fit uses at this node,6a468472af4bbda8,400000,0,2026-09-26T09:38:50,DIAGNOSTIC
w41.4_m1.00_r0.940_T130_P225,ramp_mu3_rel,-0.00645885,-0.00643529,,PASS,the Monte Carlo against the form the fit uses at this node,6a468472af4bbda8,400000,0,2026-09-26T09:38:50,DIAGNOSTIC
w41.4_m1.00_r0.940_T130_P225,amplitude_power_law_abs,1.74412,1.73922,,PASS,the Monte Carlo against the form the fit uses at this node,6a468472af4bbda8,400000,0,2026-09-26T09:38:50,DIAGNOSTIC
w41.4_m1.00_r0.940_T130_P225,shares_abs,0.00088997,0,,PASS,the Monte Carlo against the form the fit uses at this node,6a468472af4bbda8,400000,0,2026-09-26T09:38:50,DIAGNOSTIC
w41.4_m1.00_r0.940_T130_P225,joint_shape_abs,0.00924391,0,,PASS,the Monte Carlo against the form the fit uses at this node,6a468472af4bbda8,400000,0,2026-09-26T09:38:50,DIAGNOSTIC
w41.4_m1.00_r0.940_T130_P225,joint_moment_sigma_abs,2.35183,0,,PASS,the Monte Carlo against the form the fit uses at this node,6a468472af4bbda8,400000,0,2026-09-26T09:38:50,DIAGNOSTIC
w41.4_m1.00_r0.940_T130_P225,depleted_line_abs,0.000960514,0,,PASS,the Monte Carlo against the form the fit uses at this node,6a468472af4bbda8,400000,0,2026-09-26T09:38:50,DIAGNOSTIC
w41.4_m1.00_r0.940_T130_P225,depletion_widening_rel_4207,0.0109327,,,PASS,"what a transit fit reads from the surviving kernel after the natural Lorentzian, over the bare one: the factor the fit carries",6a468472af4bbda8,400000,0,2026-09-26T09:38:50,DIAGNOSTIC
w41.4_m1.00_r0.940_T130_P225,depletion_widening_rel_4192,0.012046,,,PASS,"what a transit fit reads from the surviving kernel after the natural Lorentzian, over the bare one: the factor the fit carries",6a468472af4bbda8,400000,0,2026-09-26T09:38:50,DIAGNOSTIC
w41.4_m1.00_r0.940_T130_P225,depletion_widening_rel_4154,0.0163522,,,PASS,"what a transit fit reads from the surviving kernel after the natural Lorentzian, over the bare one: the factor the fit carries",6a468472af4bbda8,400000,0,2026-09-26T09:38:50,DIAGNOSTIC
w41.4_m1.00_r0.940_T130_P225,depletion_widening_rel_4121,0.0173953,,,PASS,"what a transit fit reads from the surviving kernel after the natural Lorentzian, over the bare one: the factor the fit carries",6a468472af4bbda8,400000,0,2026-09-26T09:38:50,DIAGNOSTIC
w41.4_m1.00_r0.940_T130_P225,depletion_fwhm_rel_4207,0.0852736,,,PASS,"the surviving transit kernel's FWHM over the bare collected kernel's, the core-flattening diagnostic",6a468472af4bbda8,400000,0,2026-09-26T09:38:50,DIAGNOSTIC
w41.4_m1.00_r0.940_T130_P225,depletion_fwhm_rel_4192,0.0916921,,,PASS,"the surviving transit kernel's FWHM over the bare collected kernel's, the core-flattening diagnostic",6a468472af4bbda8,400000,0,2026-09-26T09:38:50,DIAGNOSTIC
w41.4_m1.00_r0.940_T130_P225,depletion_fwhm_rel_4154,0.115002,,,PASS,"the surviving transit kernel's FWHM over the bare collected kernel's, the core-flattening diagnostic",6a468472af4bbda8,400000,0,2026-09-26T09:38:50,DIAGNOSTIC
w41.4_m1.00_r0.940_T130_P225,depletion_fwhm_rel_4121,0.120376,,,PASS,"the surviving transit kernel's FWHM over the bare collected kernel's, the core-flattening diagnostic",6a468472af4bbda8,400000,0,2026-09-26T09:38:50,DIAGNOSTIC
w41.4_m1.00_r0.940_T130_P225,shares_shift_abs,0.00247987,,,PASS,the largest move of a line's share from the thermal law to the depleted one: the physical shift,6a468472af4bbda8,400000,0,2026-09-26T09:38:50,DIAGNOSTIC
w41.4_m1.00_r0.940_T130_P225,cycles_on_axis,0.265115,,,PASS,excitation cycles on the central chord at the mean transverse speed,6a468472af4bbda8,400000,0,2026-09-26T09:38:50,DIAGNOSTIC
w41.4_m1.00_r0.940_T130_P225,cycles_mean_over_chords,0.0409477,,,PASS,the flux-weighted mean over every chord,6a468472af4bbda8,400000,0,2026-09-26T09:38:50,DIAGNOSTIC
w41.4_m1.00_r0.940_T130_P25,transit_fwhm_rel,1.47282,1.46831,,PASS,the Monte Carlo against the form the fit uses at this node,6a468472af4bbda8,400000,0,2026-09-26T09:38:51,DIAGNOSTIC
w41.4_m1.00_r0.940_T130_P25,transit_shape_rel,1.00032,1,,PASS,the Monte Carlo against the form the fit uses at this node,6a468472af4bbda8,400000,0,2026-09-26T09:38:51,DIAGNOSTIC
w41.4_m1.00_r0.940_T130_P25,ramp_mu2_rel,0.0501955,0.0501737,,PASS,the Monte Carlo against the form the fit uses at this node,6a468472af4bbda8,400000,0,2026-09-26T09:38:51,DIAGNOSTIC
w41.4_m1.00_r0.940_T130_P25,ramp_mu3_rel,-0.00695368,-0.00692848,,PASS,the Monte Carlo against the form the fit uses at this node,6a468472af4bbda8,400000,0,2026-09-26T09:38:51,DIAGNOSTIC
w41.4_m1.00_r0.940_T130_P25,amplitude_power_law_abs,1.99608,1.99602,,PASS,the Monte Carlo against the form the fit uses at this node,6a468472af4bbda8,400000,0,2026-09-26T09:38:51,DIAGNOSTIC
w41.4_m1.00_r0.940_T130_P25,shares_abs,1.00771e-05,0,,PASS,the Monte Carlo against the form the fit uses at this node,6a468472af4bbda8,400000,0,2026-09-26T09:38:51,DIAGNOSTIC
w41.4_m1.00_r0.940_T130_P25,joint_shape_abs,0.00571395,0,,PASS,the Monte Carlo against the form the fit uses at this node,6a468472af4bbda8,400000,0,2026-09-26T09:38:51,DIAGNOSTIC
w41.4_m1.00_r0.940_T130_P25,joint_moment_sigma_abs,1.39291,0,,PASS,the Monte Carlo against the form the fit uses at this node,6a468472af4bbda8,400000,0,2026-09-26T09:38:51,DIAGNOSTIC
w41.4_m1.00_r0.940_T130_P25,depleted_line_abs,0.000264955,0,,PASS,the Monte Carlo against the form the fit uses at this node,6a468472af4bbda8,400000,0,2026-09-26T09:38:51,DIAGNOSTIC
w41.4_m1.00_r0.940_T130_P25,depletion_widening_rel_4207,0.000174725,,,PASS,"what a transit fit reads from the surviving kernel after the natural Lorentzian, over the bare one: the factor the fit carries",6a468472af4bbda8,400000,0,2026-09-26T09:38:51,DIAGNOSTIC
w41.4_m1.00_r0.940_T130_P25,depletion_widening_rel_4192,0.000193929,,,PASS,"what a transit fit reads from the surviving kernel after the natural Lorentzian, over the bare one: the factor the fit carries",6a468472af4bbda8,400000,0,2026-09-26T09:38:51,DIAGNOSTIC
w41.4_m1.00_r0.940_T130_P25,depletion_widening_rel_4154,0.00027053,,,PASS,"what a transit fit reads from the surviving kernel after the natural Lorentzian, over the bare one: the factor the fit carries",6a468472af4bbda8,400000,0,2026-09-26T09:38:51,DIAGNOSTIC
w41.4_m1.00_r0.940_T130_P25,depletion_widening_rel_4121,0.000289633,,,PASS,"what a transit fit reads from the surviving kernel after the natural Lorentzian, over the bare one: the factor the fit carries",6a468472af4bbda8,400000,0,2026-09-26T09:38:51,DIAGNOSTIC
w41.4_m1.00_r0.940_T130_P25,depletion_fwhm_rel_4207,0.00301508,,,PASS,"the surviving transit kernel's FWHM over the bare collected kernel's, the core-flattening diagnostic",6a468472af4bbda8,400000,0,2026-09-26T09:38:51,DIAGNOSTIC
w41.4_m1.00_r0.940_T130_P25,depletion_fwhm_rel_4192,0.00329632,,,PASS,"the surviving transit kernel's FWHM over the bare collected kernel's, the core-flattening diagnostic",6a468472af4bbda8,400000,0,2026-09-26T09:38:51,DIAGNOSTIC
w41.4_m1.00_r0.940_T130_P25,depletion_fwhm_rel_4154,0.00437592,,,PASS,"the surviving transit kernel's FWHM over the bare collected kernel's, the core-flattening diagnostic",6a468472af4bbda8,400000,0,2026-09-26T09:38:51,DIAGNOSTIC
w41.4_m1.00_r0.940_T130_P25,depletion_fwhm_rel_4121,0.00463628,,,PASS,"the surviving transit kernel's FWHM over the bare collected kernel's, the core-flattening diagnostic",6a468472af4bbda8,400000,0,2026-09-26T09:38:51,DIAGNOSTIC
w41.4_m1.00_r0.940_T130_P25,shares_shift_abs,3.92446e-05,,,PASS,the largest move of a line's share from the thermal law to the depleted one: the physical shift,6a468472af4bbda8,400000,0,2026-09-26T09:38:51,DIAGNOSTIC
w41.4_m1.00_r0.940_T130_P25,cycles_on_axis,0.00381885,,,PASS,excitation cycles on the central chord at the mean transverse speed,6a468472af4bbda8,400000,0,2026-09-26T09:38:51,DIAGNOSTIC
w41.4_m1.00_r0.940_T130_P25,cycles_mean_over_chords,0.000564411,,,PASS,the flux-weighted mean over every chord,6a468472af4bbda8,400000,0,2026-09-26T09:38:51,DIAGNOSTIC
w41.4_m1.00_r0.940_T130_P270,transit_fwhm_rel,1.47289,1.47076,,PASS,the Monte Carlo against the form the fit uses at this node,6a468472af4bbda8,400000,0,2026-09-26T09:40:23,DIAGNOSTIC
w41.4_m1.00_r0.940_T130_P270,transit_shape_rel,1.00032,1,,PASS,the Monte Carlo against the form the fit uses at this node,6a468472af4bbda8,400000,0,2026-09-26T09:40:23,DIAGNOSTIC
w41.4_m1.00_r0.940_T130_P270,ramp_mu2_rel,0.0517979,0.0517643,,PASS,the Monte Carlo against the form the fit uses at this node,6a468472af4bbda8,400000,0,2026-09-26T09:40:23,DIAGNOSTIC
w41.4_m1.00_r0.940_T130_P270,ramp_mu3_rel,-0.00625739,-0.00623466,,PASS,the Monte Carlo against the form the fit uses at this node,6a468472af4bbda8,400000,0,2026-09-26T09:40:23,DIAGNOSTIC
w41.4_m1.00_r0.940_T130_P270,amplitude_power_law_abs,1.65978,1.65363,,PASS,the Monte Carlo against the form the fit uses at this node,6a468472af4bbda8,400000,0,2026-09-26T09:40:23,DIAGNOSTIC
w41.4_m1.00_r0.940_T130_P270,shares_abs,0.00125224,0,,PASS,the Monte Carlo against the form the fit uses at this node,6a468472af4bbda8,400000,0,2026-09-26T09:40:23,DIAGNOSTIC
w41.4_m1.00_r0.940_T130_P270,joint_shape_abs,0.00994923,0,,PASS,the Monte Carlo against the form the fit uses at this node,6a468472af4bbda8,400000,0,2026-09-26T09:40:23,DIAGNOSTIC
w41.4_m1.00_r0.940_T130_P270,joint_moment_sigma_abs,2.55069,0,,PASS,the Monte Carlo against the form the fit uses at this node,6a468472af4bbda8,400000,0,2026-09-26T09:40:23,DIAGNOSTIC
w41.4_m1.00_r0.940_T130_P270,depleted_line_abs,0.00116778,0,,PASS,the Monte Carlo against the form the fit uses at this node,6a468472af4bbda8,400000,0,2026-09-26T09:40:23,DIAGNOSTIC
w41.4_m1.00_r0.940_T130_P270,depletion_widening_rel_4207,0.0145222,,,PASS,"what a transit fit reads from the surviving kernel after the natural Lorentzian, over the bare one: the factor the fit carries",6a468472af4bbda8,400000,0,2026-09-26T09:40:23,DIAGNOSTIC
w41.4_m1.00_r0.940_T130_P270,depletion_widening_rel_4192,0.0159725,,,PASS,"what a transit fit reads from the surviving kernel after the natural Lorentzian, over the bare one: the factor the fit carries",6a468472af4bbda8,400000,0,2026-09-26T09:40:23,DIAGNOSTIC
w41.4_m1.00_r0.940_T130_P270,depletion_widening_rel_4154,0.0215441,,,PASS,"what a transit fit reads from the surviving kernel after the natural Lorentzian, over the bare one: the factor the fit carries",6a468472af4bbda8,400000,0,2026-09-26T09:40:23,DIAGNOSTIC
w41.4_m1.00_r0.940_T130_P270,depletion_widening_rel_4121,0.0228851,,,PASS,"what a transit fit reads from the surviving kernel after the natural Lorentzian, over the bare one: the factor the fit carries",6a468472af4bbda8,400000,0,2026-09-26T09:40:23,DIAGNOSTIC
w41.4_m1.00_r0.940_T130_P270,depletion_fwhm_rel_4207,0.105405,,,PASS,"the surviving transit kernel's FWHM over the bare collected kernel's, the core-flattening diagnostic",6a468472af4bbda8,400000,0,2026-09-26T09:40:23,DIAGNOSTIC
w41.4_m1.00_r0.940_T130_P270,depletion_fwhm_rel_4192,0.113077,,,PASS,"the surviving transit kernel's FWHM over the bare collected kernel's, the core-flattening diagnostic",6a468472af4bbda8,400000,0,2026-09-26T09:40:23,DIAGNOSTIC
w41.4_m1.00_r0.940_T130_P270,depletion_fwhm_rel_4154,0.140833,,,PASS,"the surviving transit kernel's FWHM over the bare collected kernel's, the core-flattening diagnostic",6a468472af4bbda8,400000,0,2026-09-26T09:40:23,DIAGNOSTIC
w41.4_m1.00_r0.940_T130_P270,depletion_fwhm_rel_4121,0.147142,,,PASS,"the surviving transit kernel's FWHM over the bare collected kernel's, the core-flattening diagnostic",6a468472af4bbda8,400000,0,2026-09-26T09:40:23,DIAGNOSTIC
w41.4_m1.00_r0.940_T130_P270,shares_shift_abs,0.00329159,,,PASS,the largest move of a line's share from the thermal law to the depleted one: the physical shift,6a468472af4bbda8,400000,0,2026-09-26T09:40:23,DIAGNOSTIC
w41.4_m1.00_r0.940_T130_P270,cycles_on_axis,0.359569,,,PASS,excitation cycles on the central chord at the mean transverse speed,6a468472af4bbda8,400000,0,2026-09-26T09:40:23,DIAGNOSTIC
w41.4_m1.00_r0.940_T130_P270,cycles_mean_over_chords,0.0564626,,,PASS,the flux-weighted mean over every chord,6a468472af4bbda8,400000,0,2026-09-26T09:40:23,DIAGNOSTIC
w41.4_m1.00_r0.940_T130_P75,transit_fwhm_rel,1.47283,1.46852,,PASS,the Monte Carlo against the form the fit uses at this node,6a468472af4bbda8,400000,0,2026-09-26T09:40:21,DIAGNOSTIC
w41.4_m1.00_r0.940_T130_P75,transit_shape_rel,1.00032,1,,PASS,the Monte Carlo against the form the fit uses at this node,6a468472af4bbda8,400000,0,2026-09-26T09:40:21,DIAGNOSTIC
w41.4_m1.00_r0.940_T130_P75,ramp_mu2_rel,0.0503219,0.0502991,,PASS,the Monte Carlo against the form the fit uses at this node,6a468472af4bbda8,400000,0,2026-09-26T09:40:21,DIAGNOSTIC
w41.4_m1.00_r0.940_T130_P75,ramp_mu3_rel,-0.00690119,-0.00687613,,PASS,the Monte Carlo against the form the fit uses at this node,6a468472af4bbda8,400000,0,2026-09-26T09:40:21,DIAGNOSTIC
w41.4_m1.00_r0.940_T130_P75,amplitude_power_law_abs,1.96558,1.965,,PASS,the Monte Carlo against the form the fit uses at this node,6a468472af4bbda8,400000,0,2026-09-26T09:40:21,DIAGNOSTIC
w41.4_m1.00_r0.940_T130_P75,shares_abs,9.46893e-05,0,,PASS,the Monte Carlo against the form the fit uses at this node,6a468472af4bbda8,400000,0,2026-09-26T09:40:21,DIAGNOSTIC
w41.4_m1.00_r0.940_T130_P75,joint_shape_abs,0.00664921,0,,PASS,the Monte Carlo against the form the fit uses at this node,6a468472af4bbda8,400000,0,2026-09-26T09:40:21,DIAGNOSTIC
w41.4_m1.00_r0.940_T130_P75,joint_moment_sigma_abs,1.67207,0,,PASS,the Monte Carlo against the form the fit uses at this node,6a468472af4bbda8,400000,0,2026-09-26T09:40:21,DIAGNOSTIC
w41.4_m1.00_r0.940_T130_P75,depleted_line_abs,0.000359468,0,,PASS,the Monte Carlo against the form the fit uses at this node,6a468472af4bbda8,400000,0,2026-09-26T09:40:21,DIAGNOSTIC
w41.4_m1.00_r0.940_T130_P75,depletion_widening_rel_4207,0.00150254,,,PASS,"what a transit fit reads from the surviving kernel after the natural Lorentzian, over the bare one: the factor the fit carries",6a468472af4bbda8,400000,0,2026-09-26T09:40:21,DIAGNOSTIC
w41.4_m1.00_r0.940_T130_P75,depletion_widening_rel_4192,0.00166566,,,PASS,"what a transit fit reads from the surviving kernel after the natural Lorentzian, over the bare one: the factor the fit carries",6a468472af4bbda8,400000,0,2026-09-26T09:40:21,DIAGNOSTIC
w41.4_m1.00_r0.940_T130_P75,depletion_widening_rel_4154,0.00231256,,,PASS,"what a transit fit reads from the surviving kernel after the natural Lorentzian, over the bare one: the factor the fit carries",6a468472af4bbda8,400000,0,2026-09-26T09:40:21,DIAGNOSTIC
w41.4_m1.00_r0.940_T130_P75,depletion_widening_rel_4121,0.00247297,,,PASS,"what a transit fit reads from the surviving kernel after the natural Lorentzian, over the bare one: the factor the fit carries",6a468472af4bbda8,400000,0,2026-09-26T09:40:21,DIAGNOSTIC
w41.4_m1.00_r0.940_T130_P75,depletion_fwhm_rel_4207,0.0181331,,,PASS,"the surviving transit kernel's FWHM over the bare collected kernel's, the core-flattening diagnostic",6a468472af4bbda8,400000,0,2026-09-26T09:40:21,DIAGNOSTIC
w41.4_m1.00_r0.940_T130_P75,depletion_fwhm_rel_4192,0.0197101,,,PASS,"the surviving transit kernel's FWHM over the bare collected kernel's, the core-flattening diagnostic",6a468472af4bbda8,400000,0,2026-09-26T09:40:21,DIAGNOSTIC
w41.4_m1.00_r0.940_T130_P75,depletion_fwhm_rel_4154,0.0256354,,,PASS,"the surviving transit kernel's FWHM over the bare collected kernel's, the core-flattening diagnostic",6a468472af4bbda8,400000,0,2026-09-26T09:40:21,DIAGNOSTIC
w41.4_m1.00_r0.940_T130_P75,depletion_fwhm_rel_4121,0.0270366,,,PASS,"the surviving transit kernel's FWHM over the bare collected kernel's, the core-flattening diagnostic",6a468472af4bbda8,400000,0,2026-09-26T09:40:21,DIAGNOSTIC
w41.4_m1.00_r0.940_T130_P75,shares_shift_abs,0.000340977,,,PASS,the largest move of a line's share from the thermal law to the depleted one: the physical shift,6a468472af4bbda8,400000,0,2026-09-26T09:40:21,DIAGNOSTIC
w41.4_m1.00_r0.940_T130_P75,cycles_on_axis,0.0337939,,,PASS,excitation cycles on the central chord at the mean transverse speed,6a468472af4bbda8,400000,0,2026-09-26T09:40:21,DIAGNOSTIC
w41.4_m1.00_r0.940_T130_P75,cycles_mean_over_chords,0.00501929,,,PASS,the flux-weighted mean over every chord,6a468472af4bbda8,400000,0,2026-09-26T09:40:21,DIAGNOSTIC
w41.4_m1.00_r0.940_T130_P90,transit_fwhm_rel,1.47283,1.46862,,PASS,the Monte Carlo against the form the fit uses at this node,6a468472af4bbda8,400000,0,2026-09-26T09:40:24,DIAGNOSTIC
w41.4_m1.00_r0.940_T130_P90,transit_shape_rel,1.00032,1,,PASS,the Monte Carlo against the form the fit uses at this node,6a468472af4bbda8,400000,0,2026-09-26T09:40:24,DIAGNOSTIC
w41.4_m1.00_r0.940_T130_P90,ramp_mu2_rel,0.0503834,0.0503602,,PASS,the Monte Carlo against the form the fit uses at this node,6a468472af4bbda8,400000,0,2026-09-26T09:40:24,DIAGNOSTIC
w41.4_m1.00_r0.940_T130_P90,ramp_mu3_rel,-0.00687548,-0.00685049,,PASS,the Monte Carlo against the form the fit uses at this node,6a468472af4bbda8,400000,0,2026-09-26T09:40:24,DIAGNOSTIC
w41.4_m1.00_r0.940_T130_P90,amplitude_power_law_abs,1.95103,1.95018,,PASS,the Monte Carlo against the form the fit uses at this node,6a468472af4bbda8,400000,0,2026-09-26T09:40:24,DIAGNOSTIC
w41.4_m1.00_r0.940_T130_P90,shares_abs,0.000138052,0,,PASS,the Monte Carlo against the form the fit uses at this node,6a468472af4bbda8,400000,0,2026-09-26T09:40:24,DIAGNOSTIC
w41.4_m1.00_r0.940_T130_P90,joint_shape_abs,0.00692551,0,,PASS,the Monte Carlo against the form the fit uses at this node,6a468472af4bbda8,400000,0,2026-09-26T09:40:24,DIAGNOSTIC
w41.4_m1.00_r0.940_T130_P90,joint_moment_sigma_abs,1.82571,0,,PASS,the Monte Carlo against the form the fit uses at this node,6a468472af4bbda8,400000,0,2026-09-26T09:40:24,DIAGNOSTIC
w41.4_m1.00_r0.940_T130_P90,depleted_line_abs,0.000402853,0,,PASS,the Monte Carlo against the form the fit uses at this node,6a468472af4bbda8,400000,0,2026-09-26T09:40:24,DIAGNOSTIC
w41.4_m1.00_r0.940_T130_P90,depletion_widening_rel_4207,0.00212979,,,PASS,"what a transit fit reads from the surviving kernel after the natural Lorentzian, over the bare one: the factor the fit carries",6a468472af4bbda8,400000,0,2026-09-26T09:40:24,DIAGNOSTIC
w41.4_m1.00_r0.940_T130_P90,depletion_widening_rel_4192,0.00235976,,,PASS,"what a transit fit reads from the surviving kernel after the natural Lorentzian, over the bare one: the factor the fit carries",6a468472af4bbda8,400000,0,2026-09-26T09:40:24,DIAGNOSTIC
w41.4_m1.00_r0.940_T130_P90,depletion_widening_rel_4154,0.00326966,,,PASS,"what a transit fit reads from the surviving kernel after the natural Lorentzian, over the bare one: the factor the fit carries",6a468472af4bbda8,400000,0,2026-09-26T09:40:24,DIAGNOSTIC
w41.4_m1.00_r0.940_T130_P90,depletion_widening_rel_4121,0.00349479,,,PASS,"what a transit fit reads from the surviving kernel after the natural Lorentzian, over the bare one: the factor the fit carries",6a468472af4bbda8,400000,0,2026-09-26T09:40:24,DIAGNOSTIC
w41.4_m1.00_r0.940_T130_P90,depletion_fwhm_rel_4207,0.0240097,,,PASS,"the surviving transit kernel's FWHM over the bare collected kernel's, the core-flattening diagnostic",6a468472af4bbda8,400000,0,2026-09-26T09:40:24,DIAGNOSTIC
w41.4_m1.00_r0.940_T130_P90,depletion_fwhm_rel_4192,0.0260515,,,PASS,"the surviving transit kernel's FWHM over the bare collected kernel's, the core-flattening diagnostic",6a468472af4bbda8,400000,0,2026-09-26T09:40:24,DIAGNOSTIC
w41.4_m1.00_r0.940_T130_P90,depletion_fwhm_rel_4154,0.0337193,,,PASS,"the surviving transit kernel's FWHM over the bare collected kernel's, the core-flattening diagnostic",6a468472af4bbda8,400000,0,2026-09-26T09:40:24,DIAGNOSTIC
w41.4_m1.00_r0.940_T130_P90,depletion_fwhm_rel_4121,0.0355351,,,PASS,"the surviving transit kernel's FWHM over the bare collected kernel's, the core-flattening diagnostic",6a468472af4bbda8,400000,0,2026-09-26T09:40:24,DIAGNOSTIC
w41.4_m1.00_r0.940_T130_P90,shares_shift_abs,0.000483622,,,PASS,the largest move of a line's share from the thermal law to the depleted one: the physical shift,6a468472af4bbda8,400000,0,2026-09-26T09:40:24,DIAGNOSTIC
w41.4_m1.00_r0.940_T130_P90,cycles_on_axis,0.0482644,,,PASS,excitation cycles on the central chord at the mean transverse speed,6a468472af4bbda8,400000,0,2026-09-26T09:40:24,DIAGNOSTIC
w41.4_m1.00_r0.940_T130_P90,cycles_mean_over_chords,0.00718572,,,PASS,the flux-weighted mean over every chord,6a468472af4bbda8,400000,0,2026-09-26T09:40:24,DIAGNOSTIC
w41.4_m1.00_r0.940_T70_P225,transit_fwhm_rel,1.35885,1.35631,,PASS,the Monte Carlo against the form the fit uses at this node,6a468472af4bbda8,400000,0,2026-09-26T09:41:48,DIAGNOSTIC
w41.4_m1.00_r0.940_T70_P225,transit_shape_rel,1.00032,1,,PASS,the Monte Carlo against the form the fit uses at this node,6a468472af4bbda8,400000,0,2026-09-26T09:41:48,DIAGNOSTIC
w41.4_m1.00_r0.940_T70_P225,ramp_mu2_rel,0.0513499,0.0513194,,PASS,the Monte Carlo against the form the fit uses at this node,6a468472af4bbda8,400000,0,2026-09-26T09:41:48,DIAGNOSTIC
w41.4_m1.00_r0.940_T70_P225,ramp_mu3_rel,-0.00645885,-0.00643529,,PASS,the Monte Carlo against the form the fit uses at this node,6a468472af4bbda8,400000,0,2026-09-26T09:41:48,DIAGNOSTIC
w41.4_m1.00_r0.940_T70_P225,amplitude_power_law_abs,1.73992,1.73451,,PASS,the Monte Carlo against the form the fit uses at this node,6a468472af4bbda8,400000,0,2026-09-26T09:41:48,DIAGNOSTIC
w41.4_m1.00_r0.940_T70_P225,shares_abs,0.000977201,0,,PASS,the Monte Carlo against the form the fit uses at this node,6a468472af4bbda8,400000,0,2026-09-26T09:41:48,DIAGNOSTIC
w41.4_m1.00_r0.940_T70_P225,joint_shape_abs,0.00896772,0,,PASS,the Monte Carlo against the form the fit uses at this node,6a468472af4bbda8,400000,0,2026-09-26T09:41:48,DIAGNOSTIC
w41.4_m1.00_r0.940_T70_P225,joint_moment_sigma_abs,2.13125,0,,PASS,the Monte Carlo against the form the fit uses at this node,6a468472af4bbda8,400000,0,2026-09-26T09:41:48,DIAGNOSTIC
w41.4_m1.00_r0.940_T70_P225,depleted_line_abs,0.000887381,0,,PASS,the Monte Carlo against the form the fit uses at this node,6a468472af4bbda8,400000,0,2026-09-26T09:41:48,DIAGNOSTIC
w41.4_m1.00_r0.940_T70_P225,depletion_widening_rel_4207,0.0115845,,,PASS,"what a transit fit reads from the surviving kernel after the natural Lorentzian, over the bare one: the factor the fit carries",6a468472af4bbda8,400000,0,2026-09-26T09:41:48,DIAGNOSTIC
w41.4_m1.00_r0.940_T70_P225,depletion_widening_rel_4192,0.0127592,,,PASS,"what a transit fit reads from the surviving kernel after the natural Lorentzian, over the bare one: the factor the fit carries",6a468472af4bbda8,400000,0,2026-09-26T09:41:48,DIAGNOSTIC
w41.4_m1.00_r0.940_T70_P225,depletion_widening_rel_4154,0.0172966,,,PASS,"what a transit fit reads from the surviving kernel after the natural Lorentzian, over the bare one: the factor the fit carries",6a468472af4bbda8,400000,0,2026-09-26T09:41:48,DIAGNOSTIC
w41.4_m1.00_r0.940_T70_P225,depletion_widening_rel_4121,0.0183942,,,PASS,"what a transit fit reads from the surviving kernel after the natural Lorentzian, over the bare one: the factor the fit carries",6a468472af4bbda8,400000,0,2026-09-26T09:41:48,DIAGNOSTIC
w41.4_m1.00_r0.940_T70_P225,depletion_fwhm_rel_4207,0.090148,,,PASS,"the surviving transit kernel's FWHM over the bare collected kernel's, the core-flattening diagnostic",6a468472af4bbda8,400000,0,2026-09-26T09:41:48,DIAGNOSTIC
w41.4_m1.00_r0.940_T70_P225,depletion_fwhm_rel_4192,0.0968577,,,PASS,"the surviving transit kernel's FWHM over the bare collected kernel's, the core-flattening diagnostic",6a468472af4bbda8,400000,0,2026-09-26T09:41:48,DIAGNOSTIC
w41.4_m1.00_r0.940_T70_P225,depletion_fwhm_rel_4154,0.121296,,,PASS,"the surviving transit kernel's FWHM over the bare collected kernel's, the core-flattening diagnostic",6a468472af4bbda8,400000,0,2026-09-26T09:41:48,DIAGNOSTIC
w41.4_m1.00_r0.940_T70_P225,depletion_fwhm_rel_4121,0.126889,,,PASS,"the surviving transit kernel's FWHM over the bare collected kernel's, the core-flattening diagnostic",6a468472af4bbda8,400000,0,2026-09-26T09:41:48,DIAGNOSTIC
w41.4_m1.00_r0.940_T70_P225,shares_shift_abs,0.00267038,,,PASS,the largest move of a line's share from the thermal law to the depleted one: the physical shift,6a468472af4bbda8,400000,0,2026-09-26T09:41:48,DIAGNOSTIC
w41.4_m1.00_r0.940_T70_P225,cycles_on_axis,0.287359,,,PASS,excitation cycles on the central chord at the mean transverse speed,6a468472af4bbda8,400000,0,2026-09-26T09:41:48,DIAGNOSTIC
w41.4_m1.00_r0.940_T70_P225,cycles_mean_over_chords,0.0443834,,,PASS,the flux-weighted mean over every chord,6a468472af4bbda8,400000,0,2026-09-26T09:41:48,DIAGNOSTIC
w41.4_m1.00_r0.940_T90_P225,transit_fwhm_rel,1.39789,1.39528,,PASS,the Monte Carlo against the form the fit uses at this node,6a468472af4bbda8,400000,0,2026-09-26T09:41:52,DIAGNOSTIC
w41.4_m1.00_r0.940_T90_P225,transit_shape_rel,1.00032,1,,PASS,the Monte Carlo against the form the fit uses at this node,6a468472af4bbda8,400000,0,2026-09-26T09:41:52,DIAGNOSTIC
w41.4_m1.00_r0.940_T90_P225,ramp_mu2_rel,0.0513499,0.0513194,,PASS,the Monte Carlo against the form the fit uses at this node,6a468472af4bbda8,400000,0,2026-09-26T09:41:52,DIAGNOSTIC
w41.4_m1.00_r0.940_T90_P225,ramp_mu3_rel,-0.00645885,-0.00643529,,PASS,the Monte Carlo against the form the fit uses at this node,6a468472af4bbda8,400000,0,2026-09-26T09:41:52,DIAGNOSTIC
w41.4_m1.00_r0.940_T90_P225,amplitude_power_law_abs,1.74143,1.73621,,PASS,the Monte Carlo against the form the fit uses at this node,6a468472af4bbda8,400000,0,2026-09-26T09:41:52,DIAGNOSTIC
w41.4_m1.00_r0.940_T90_P225,shares_abs,0.000945578,0,,PASS,the Monte Carlo against the form the fit uses at this node,6a468472af4bbda8,400000,0,2026-09-26T09:41:52,DIAGNOSTIC
w41.4_m1.00_r0.940_T90_P225,joint_shape_abs,0.00906334,0,,PASS,the Monte Carlo against the form the fit uses at this node,6a468472af4bbda8,400000,0,2026-09-26T09:41:52,DIAGNOSTIC
w41.4_m1.00_r0.940_T90_P225,joint_moment_sigma_abs,2.20746,0,,PASS,the Monte Carlo against the form the fit uses at this node,6a468472af4bbda8,400000,0,2026-09-26T09:41:52,DIAGNOSTIC
w41.4_m1.00_r0.940_T90_P225,depleted_line_abs,0.000913039,0,,PASS,the Monte Carlo against the form the fit uses at this node,6a468472af4bbda8,400000,0,2026-09-26T09:41:52,DIAGNOSTIC
w41.4_m1.00_r0.940_T90_P225,depletion_widening_rel_4207,0.0113511,,,PASS,"what a transit fit reads from the surviving kernel after the natural Lorentzian, over the bare one: the factor the fit carries",6a468472af4bbda8,400000,0,2026-09-26T09:41:52,DIAGNOSTIC
w41.4_m1.00_r0.940_T90_P225,depletion_widening_rel_4192,0.0125039,,,PASS,"what a transit fit reads from the surviving kernel after the natural Lorentzian, over the bare one: the factor the fit carries",6a468472af4bbda8,400000,0,2026-09-26T09:41:52,DIAGNOSTIC
w41.4_m1.00_r0.940_T90_P225,depletion_widening_rel_4154,0.0169588,,,PASS,"what a transit fit reads from the surviving kernel after the natural Lorentzian, over the bare one: the factor the fit carries",6a468472af4bbda8,400000,0,2026-09-26T09:41:52,DIAGNOSTIC
w41.4_m1.00_r0.940_T90_P225,depletion_widening_rel_4121,0.0180369,,,PASS,"what a transit fit reads from the surviving kernel after the natural Lorentzian, over the bare one: the factor the fit carries",6a468472af4bbda8,400000,0,2026-09-26T09:41:52,DIAGNOSTIC
w41.4_m1.00_r0.940_T90_P225,depletion_fwhm_rel_4207,0.0884094,,,PASS,"the surviving transit kernel's FWHM over the bare collected kernel's, the core-flattening diagnostic",6a468472af4bbda8,400000,0,2026-09-26T09:41:52,DIAGNOSTIC
w41.4_m1.00_r0.940_T90_P225,depletion_fwhm_rel_4192,0.0950159,,,PASS,"the surviving transit kernel's FWHM over the bare collected kernel's, the core-flattening diagnostic",6a468472af4bbda8,400000,0,2026-09-26T09:41:52,DIAGNOSTIC
w41.4_m1.00_r0.940_T90_P225,depletion_fwhm_rel_4154,0.119054,,,PASS,"the surviving transit kernel's FWHM over the bare collected kernel's, the core-flattening diagnostic",6a468472af4bbda8,400000,0,2026-09-26T09:41:52,DIAGNOSTIC
w41.4_m1.00_r0.940_T90_P225,depletion_fwhm_rel_4121,0.12457,,,PASS,"the surviving transit kernel's FWHM over the bare collected kernel's, the core-flattening diagnostic",6a468472af4bbda8,400000,0,2026-09-26T09:41:52,DIAGNOSTIC
w41.4_m1.00_r0.940_T90_P225,shares_shift_abs,0.0026019,,,PASS,the largest move of a line's share from the thermal law to the depleted one: the physical shift,6a468472af4bbda8,400000,0,2026-09-26T09:41:52,DIAGNOSTIC
w41.4_m1.00_r0.940_T90_P225,cycles_on_axis,0.279334,,,PASS,excitation cycles on the central chord at the mean transverse speed,6a468472af4bbda8,400000,0,2026-09-26T09:41:52,DIAGNOSTIC
w41.4_m1.00_r0.940_T90_P225,cycles_mean_over_chords,0.0431439,,,PASS,the flux-weighted mean over every chord,6a468472af4bbda8,400000,0,2026-09-26T09:41:52,DIAGNOSTIC
w41.9_m1.00_r0.940_T110_P225,transit_fwhm_rel,1.41831,1.41593,,PASS,the Monte Carlo against the form the fit uses at this node,6a468472af4bbda8,400000,0,2026-09-26T09:41:53,DIAGNOSTIC
w41.9_m1.00_r0.940_T110_P225,transit_shape_rel,1.00032,1,,PASS,the Monte Carlo against the form the fit uses at this node,6a468472af4bbda8,400000,0,2026-09-26T09:41:53,DIAGNOSTIC
w41.9_m1.00_r0.940_T110_P225,ramp_mu2_rel,0.0512086,0.0511705,,PASS,the Monte Carlo against the form the fit uses at this node,6a468472af4bbda8,400000,0,2026-09-26T09:41:53,DIAGNOSTIC
w41.9_m1.00_r0.940_T110_P225,ramp_mu3_rel,-0.00640214,-0.00637476,,PASS,the Monte Carlo against the form the fit uses at this node,6a468472af4bbda8,400000,0,2026-09-26T09:41:53,DIAGNOSTIC
w41.9_m1.00_r0.940_T110_P225,amplitude_power_law_abs,1.75216,1.74712,,PASS,the Monte Carlo against the form the fit uses at this node,6a468472af4bbda8,400000,0,2026-09-26T09:41:53,DIAGNOSTIC
w41.9_m1.00_r0.940_T110_P225,shares_abs,0.000889204,0,,PASS,the Monte Carlo against the form the fit uses at this node,6a468472af4bbda8,400000,0,2026-09-26T09:41:53,DIAGNOSTIC
w41.9_m1.00_r0.940_T110_P225,joint_shape_abs,0.00869583,0,,PASS,the Monte Carlo against the form the fit uses at this node,6a468472af4bbda8,400000,0,2026-09-26T09:41:53,DIAGNOSTIC
w41.9_m1.00_r0.940_T110_P225,joint_moment_sigma_abs,2.26371,0,,PASS,the Monte Carlo against the form the fit uses at this node,6a468472af4bbda8,400000,0,2026-09-26T09:41:53,DIAGNOSTIC
w41.9_m1.00_r0.940_T110_P225,depleted_line_abs,0.000902341,0,,PASS,the Monte Carlo against the form the fit uses at this node,6a468472af4bbda8,400000,0,2026-09-26T09:41:53,DIAGNOSTIC
w41.9_m1.00_r0.940_T110_P225,depletion_widening_rel_4207,0.0107952,,,PASS,"what a transit fit reads from the surviving kernel after the natural Lorentzian, over the bare one: the factor the fit carries",6a468472af4bbda8,400000,0,2026-09-26T09:41:53,DIAGNOSTIC
w41.9_m1.00_r0.940_T110_P225,depletion_widening_rel_4192,0.011895,,,PASS,"what a transit fit reads from the surviving kernel after the natural Lorentzian, over the bare one: the factor the fit carries",6a468472af4bbda8,400000,0,2026-09-26T09:41:53,DIAGNOSTIC
w41.9_m1.00_r0.940_T110_P225,depletion_widening_rel_4154,0.0161505,,,PASS,"what a transit fit reads from the surviving kernel after the natural Lorentzian, over the bare one: the factor the fit carries",6a468472af4bbda8,400000,0,2026-09-26T09:41:53,DIAGNOSTIC
w41.9_m1.00_r0.940_T110_P225,depletion_widening_rel_4121,0.0171815,,,PASS,"what a transit fit reads from the surviving kernel after the natural Lorentzian, over the bare one: the factor the fit carries",6a468472af4bbda8,400000,0,2026-09-26T09:41:53,DIAGNOSTIC
w41.9_m1.00_r0.940_T110_P225,depletion_fwhm_rel_4207,0.0849593,,,PASS,"the surviving transit kernel's FWHM over the bare collected kernel's, the core-flattening diagnostic",6a468472af4bbda8,400000,0,2026-09-26T09:41:53,DIAGNOSTIC
w41.9_m1.00_r0.940_T110_P225,depletion_fwhm_rel_4192,0.0913599,,,PASS,"the surviving transit kernel's FWHM over the bare collected kernel's, the core-flattening diagnostic",6a468472af4bbda8,400000,0,2026-09-26T09:41:53,DIAGNOSTIC
w41.9_m1.00_r0.940_T110_P225,depletion_fwhm_rel_4154,0.114597,,,PASS,"the surviving transit kernel's FWHM over the bare collected kernel's, the core-flattening diagnostic",6a468472af4bbda8,400000,0,2026-09-26T09:41:53,DIAGNOSTIC
w41.9_m1.00_r0.940_T110_P225,depletion_fwhm_rel_4121,0.119955,,,PASS,"the surviving transit kernel's FWHM over the bare collected kernel's, the core-flattening diagnostic",6a468472af4bbda8,400000,0,2026-09-26T09:41:53,DIAGNOSTIC
w41.9_m1.00_r0.940_T110_P225,shares_shift_abs,0.00246771,,,PASS,the largest move of a line's share from the thermal law to the depleted one: the physical shift,6a468472af4bbda8,400000,0,2026-09-26T09:41:53,DIAGNOSTIC
w41.9_m1.00_r0.940_T110_P225,cycles_on_axis,0.26408,,,PASS,excitation cycles on the central chord at the mean transverse speed,6a468472af4bbda8,400000,0,2026-09-26T09:41:53,DIAGNOSTIC
w41.9_m1.00_r0.940_T110_P225,cycles_mean_over_chords,0.0407121,,,PASS,the flux-weighted mean over every chord,6a468472af4bbda8,400000,0,2026-09-26T09:41:53,DIAGNOSTIC
w41.9_m1.00_r0.940_T130_P125,transit_fwhm_rel,1.45482,1.45137,,PASS,the Monte Carlo against the form the fit uses at this node,6a468472af4bbda8,400000,0,2026-09-26T09:43:16,DIAGNOSTIC
w41.9_m1.00_r0.940_T130_P125,transit_shape_rel,1.00032,1,,PASS,the Monte Carlo against the form the fit uses at this node,6a468472af4bbda8,400000,0,2026-09-26T09:43:16,DIAGNOSTIC
w41.9_m1.00_r0.940_T130_P125,ramp_mu2_rel,0.0504657,0.0504335,,PASS,the Monte Carlo against the form the fit uses at this node,6a468472af4bbda8,400000,0,2026-09-26T09:43:16,DIAGNOSTIC
w41.9_m1.00_r0.940_T130_P125,ramp_mu3_rel,-0.00672962,-0.00670115,,PASS,the Monte Carlo against the form the fit uses at this node,6a468472af4bbda8,400000,0,2026-09-26T09:43:16,DIAGNOSTIC
w41.9_m1.00_r0.940_T130_P125,amplitude_power_law_abs,1.91258,1.91092,,PASS,the Monte Carlo against the form the fit uses at this node,6a468472af4bbda8,400000,0,2026-09-26T09:43:16,DIAGNOSTIC
w41.9_m1.00_r0.940_T130_P125,shares_abs,0.000263517,0,,PASS,the Monte Carlo against the form the fit uses at this node,6a468472af4bbda8,400000,0,2026-09-26T09:43:16,DIAGNOSTIC
w41.9_m1.00_r0.940_T130_P125,joint_shape_abs,0.00706507,0,,PASS,the Monte Carlo against the form the fit uses at this node,6a468472af4bbda8,400000,0,2026-09-26T09:43:16,DIAGNOSTIC
w41.9_m1.00_r0.940_T130_P125,joint_moment_sigma_abs,1.92552,0,,PASS,the Monte Carlo against the form the fit uses at this node,6a468472af4bbda8,400000,0,2026-09-26T09:43:16,DIAGNOSTIC
w41.9_m1.00_r0.940_T130_P125,depleted_line_abs,0.000507902,0,,PASS,the Monte Carlo against the form the fit uses at this node,6a468472af4bbda8,400000,0,2026-09-26T09:43:16,DIAGNOSTIC
w41.9_m1.00_r0.940_T130_P125,depletion_widening_rel_4207,0.00379912,,,PASS,"what a transit fit reads from the surviving kernel after the natural Lorentzian, over the bare one: the factor the fit carries",6a468472af4bbda8,400000,0,2026-09-26T09:43:16,DIAGNOSTIC
w41.9_m1.00_r0.940_T130_P125,depletion_widening_rel_4192,0.00420396,,,PASS,"what a transit fit reads from the surviving kernel after the natural Lorentzian, over the bare one: the factor the fit carries",6a468472af4bbda8,400000,0,2026-09-26T09:43:16,DIAGNOSTIC
w41.9_m1.00_r0.940_T130_P125,depletion_widening_rel_4154,0.00579709,,,PASS,"what a transit fit reads from the surviving kernel after the natural Lorentzian, over the bare one: the factor the fit carries",6a468472af4bbda8,400000,0,2026-09-26T09:43:16,DIAGNOSTIC
w41.9_m1.00_r0.940_T130_P125,depletion_widening_rel_4121,0.00618926,,,PASS,"what a transit fit reads from the surviving kernel after the natural Lorentzian, over the bare one: the factor the fit carries",6a468472af4bbda8,400000,0,2026-09-26T09:43:16,DIAGNOSTIC
w41.9_m1.00_r0.940_T130_P125,depletion_fwhm_rel_4207,0.0380242,,,PASS,"the surviving transit kernel's FWHM over the bare collected kernel's, the core-flattening diagnostic",6a468472af4bbda8,400000,0,2026-09-26T09:43:16,DIAGNOSTIC
w41.9_m1.00_r0.940_T130_P125,depletion_fwhm_rel_4192,0.0411491,,,PASS,"the surviving transit kernel's FWHM over the bare collected kernel's, the core-flattening diagnostic",6a468472af4bbda8,400000,0,2026-09-26T09:43:16,DIAGNOSTIC
w41.9_m1.00_r0.940_T130_P125,depletion_fwhm_rel_4154,0.052761,,,PASS,"the surviving transit kernel's FWHM over the bare collected kernel's, the core-flattening diagnostic",6a468472af4bbda8,400000,0,2026-09-26T09:43:16,DIAGNOSTIC
w41.9_m1.00_r0.940_T130_P125,depletion_fwhm_rel_4121,0.0554834,,,PASS,"the surviving transit kernel's FWHM over the bare collected kernel's, the core-flattening diagnostic",6a468472af4bbda8,400000,0,2026-09-26T09:43:16,DIAGNOSTIC
w41.9_m1.00_r0.940_T130_P125,shares_shift_abs,0.000865236,,,PASS,the largest move of a line's share from the thermal law to the depleted one: the physical shift,6a468472af4bbda8,400000,0,2026-09-26T09:43:16,DIAGNOSTIC
w41.9_m1.00_r0.940_T130_P125,cycles_on_axis,0.0878433,,,PASS,excitation cycles on the central chord at the mean transverse speed,6a468472af4bbda8,400000,0,2026-09-26T09:43:16,DIAGNOSTIC
w41.9_m1.00_r0.940_T130_P125,cycles_mean_over_chords,0.0131623,,,PASS,the flux-weighted mean over every chord,6a468472af4bbda8,400000,0,2026-09-26T09:43:16,DIAGNOSTIC
w41.9_m1.00_r0.940_T130_P175,transit_fwhm_rel,1.45484,1.45184,,PASS,the Monte Carlo against the form the fit uses at this node,6a468472af4bbda8,400000,0,2026-09-26T09:43:21,DIAGNOSTIC
w41.9_m1.00_r0.940_T130_P175,transit_shape_rel,1.00032,1,,PASS,the Monte Carlo against the form the fit uses at this node,6a468472af4bbda8,400000,0,2026-09-26T09:43:21,DIAGNOSTIC
w41.9_m1.00_r0.940_T130_P175,ramp_mu2_rel,0.0507961,0.0507612,,PASS,the Monte Carlo against the form the fit uses at this node,6a468472af4bbda8,400000,0,2026-09-26T09:43:21,DIAGNOSTIC
w41.9_m1.00_r0.940_T130_P175,ramp_mu3_rel,-0.00658583,-0.00655781,,PASS,the Monte Carlo against the form the fit uses at this node,6a468472af4bbda8,400000,0,2026-09-26T09:43:21,DIAGNOSTIC
w41.9_m1.00_r0.940_T130_P175,amplitude_power_law_abs,1.83905,1.83584,,PASS,the Monte Carlo against the form the fit uses at this node,6a468472af4bbda8,400000,0,2026-09-26T09:43:21,DIAGNOSTIC
w41.9_m1.00_r0.940_T130_P175,shares_abs,0.000524934,0,,PASS,the Monte Carlo against the form the fit uses at this node,6a468472af4bbda8,400000,0,2026-09-26T09:43:21,DIAGNOSTIC
w41.9_m1.00_r0.940_T130_P175,joint_shape_abs,0.00792972,0,,PASS,the Monte Carlo against the form the fit uses at this node,6a468472af4bbda8,400000,0,2026-09-26T09:43:21,DIAGNOSTIC
w41.9_m1.00_r0.940_T130_P175,joint_moment_sigma_abs,2.27297,0,,PASS,the Monte Carlo against the form the fit uses at this node,6a468472af4bbda8,400000,0,2026-09-26T09:43:21,DIAGNOSTIC
w41.9_m1.00_r0.940_T130_P175,depleted_line_abs,0.000706407,0,,PASS,the Monte Carlo against the form the fit uses at this node,6a468472af4bbda8,400000,0,2026-09-26T09:43:21,DIAGNOSTIC
w41.9_m1.00_r0.940_T130_P175,depletion_widening_rel_4207,0.00694584,,,PASS,"what a transit fit reads from the surviving kernel after the natural Lorentzian, over the bare one: the factor the fit carries",6a468472af4bbda8,400000,0,2026-09-26T09:43:21,DIAGNOSTIC
w41.9_m1.00_r0.940_T130_P175,depletion_widening_rel_4192,0.00767014,,,PASS,"what a transit fit reads from the surviving kernel after the natural Lorentzian, over the bare one: the factor the fit carries",6a468472af4bbda8,400000,0,2026-09-26T09:43:21,DIAGNOSTIC
w41.9_m1.00_r0.940_T130_P175,depletion_widening_rel_4154,0.0104966,,,PASS,"what a transit fit reads from the surviving kernel after the natural Lorentzian, over the bare one: the factor the fit carries",6a468472af4bbda8,400000,0,2026-09-26T09:43:21,DIAGNOSTIC
w41.9_m1.00_r0.940_T130_P175,depletion_widening_rel_4121,0.011187,,,PASS,"what a transit fit reads from the surviving kernel after the natural Lorentzian, over the bare one: the factor the fit carries",6a468472af4bbda8,400000,0,2026-09-26T09:43:21,DIAGNOSTIC
w41.9_m1.00_r0.940_T130_P175,depletion_fwhm_rel_4207,0.060609,,,PASS,"the surviving transit kernel's FWHM over the bare collected kernel's, the core-flattening diagnostic",6a468472af4bbda8,400000,0,2026-09-26T09:43:21,DIAGNOSTIC
w41.9_m1.00_r0.940_T130_P175,depletion_fwhm_rel_4192,0.0653535,,,PASS,"the surviving transit kernel's FWHM over the bare collected kernel's, the core-flattening diagnostic",6a468472af4bbda8,400000,0,2026-09-26T09:43:21,DIAGNOSTIC
w41.9_m1.00_r0.940_T130_P175,depletion_fwhm_rel_4154,0.082834,,,PASS,"the surviving transit kernel's FWHM over the bare collected kernel's, the core-flattening diagnostic",6a468472af4bbda8,400000,0,2026-09-26T09:43:21,DIAGNOSTIC
w41.9_m1.00_r0.940_T130_P175,depletion_fwhm_rel_4121,0.0868966,,,PASS,"the surviving transit kernel's FWHM over the bare collected kernel's, the core-flattening diagnostic",6a468472af4bbda8,400000,0,2026-09-26T09:43:21,DIAGNOSTIC
w41.9_m1.00_r0.940_T130_P175,shares_shift_abs,0.00158102,,,PASS,the largest move of a line's share from the thermal law to the depleted one: the physical shift,6a468472af4bbda8,400000,0,2026-09-26T09:43:21,DIAGNOSTIC
w41.9_m1.00_r0.940_T130_P175,cycles_on_axis,0.164663,,,PASS,excitation cycles on the central chord at the mean transverse speed,6a468472af4bbda8,400000,0,2026-09-26T09:43:21,DIAGNOSTIC
w41.9_m1.00_r0.940_T130_P175,cycles_mean_over_chords,0.0249899,,,PASS,the flux-weighted mean over every chord,6a468472af4bbda8,400000,0,2026-09-26T09:43:21,DIAGNOSTIC
w41.9_m1.00_r0.940_T130_P180,transit_fwhm_rel,1.45484,1.4519,,PASS,the Monte Carlo against the form the fit uses at this node,6a468472af4bbda8,400000,0,2026-09-26T09:43:22,DIAGNOSTIC
w41.9_m1.00_r0.940_T130_P180,transit_shape_rel,1.00032,1,,PASS,the Monte Carlo against the form the fit uses at this node,6a468472af4bbda8,400000,0,2026-09-26T09:43:22,DIAGNOSTIC
w41.9_m1.00_r0.940_T130_P180,ramp_mu2_rel,0.0508339,0.0507988,,PASS,the Monte Carlo against the form the fit uses at this node,6a468472af4bbda8,400000,0,2026-09-26T09:43:22,DIAGNOSTIC
w41.9_m1.00_r0.940_T130_P180,ramp_mu3_rel,-0.00656917,-0.0065412,,PASS,the Monte Carlo against the form the fit uses at this node,6a468472af4bbda8,400000,0,2026-09-26T09:43:22,DIAGNOSTIC
w41.9_m1.00_r0.940_T130_P180,amplitude_power_law_abs,1.83092,1.82754,,PASS,the Monte Carlo against the form the fit uses at this node,6a468472af4bbda8,400000,0,2026-09-26T09:43:22,DIAGNOSTIC
w41.9_m1.00_r0.940_T130_P180,shares_abs,0.0005556,0,,PASS,the Monte Carlo against the form the fit uses at this node,6a468472af4bbda8,400000,0,2026-09-26T09:43:22,DIAGNOSTIC
w41.9_m1.00_r0.940_T130_P180,joint_shape_abs,0.00801601,0,,PASS,the Monte Carlo against the form the fit uses at this node,6a468472af4bbda8,400000,0,2026-09-26T09:43:22,DIAGNOSTIC
w41.9_m1.00_r0.940_T130_P180,joint_moment_sigma_abs,2.30646,0,,PASS,the Monte Carlo against the form the fit uses at this node,6a468472af4bbda8,400000,0,2026-09-26T09:43:22,DIAGNOSTIC
w41.9_m1.00_r0.940_T130_P180,depleted_line_abs,0.000727668,0,,PASS,the Monte Carlo against the form the fit uses at this node,6a468472af4bbda8,400000,0,2026-09-26T09:43:22,DIAGNOSTIC
w41.9_m1.00_r0.940_T130_P180,depletion_widening_rel_4207,0.00729289,,,PASS,"what a transit fit reads from the surviving kernel after the natural Lorentzian, over the bare one: the factor the fit carries",6a468472af4bbda8,400000,0,2026-09-26T09:43:22,DIAGNOSTIC
w41.9_m1.00_r0.940_T130_P180,depletion_widening_rel_4192,0.00805169,,,PASS,"what a transit fit reads from the surviving kernel after the natural Lorentzian, over the bare one: the factor the fit carries",6a468472af4bbda8,400000,0,2026-09-26T09:43:22,DIAGNOSTIC
w41.9_m1.00_r0.940_T130_P180,depletion_widening_rel_4154,0.0110104,,,PASS,"what a transit fit reads from the surviving kernel after the natural Lorentzian, over the bare one: the factor the fit carries",6a468472af4bbda8,400000,0,2026-09-26T09:43:22,DIAGNOSTIC
w41.9_m1.00_r0.940_T130_P180,depletion_widening_rel_4121,0.0117325,,,PASS,"what a transit fit reads from the surviving kernel after the natural Lorentzian, over the bare one: the factor the fit carries",6a468472af4bbda8,400000,0,2026-09-26T09:43:22,DIAGNOSTIC
w41.9_m1.00_r0.940_T130_P180,depletion_fwhm_rel_4207,0.0628979,,,PASS,"the surviving transit kernel's FWHM over the bare collected kernel's, the core-flattening diagnostic",6a468472af4bbda8,400000,0,2026-09-26T09:43:22,DIAGNOSTIC
w41.9_m1.00_r0.940_T130_P180,depletion_fwhm_rel_4192,0.0678204,,,PASS,"the surviving transit kernel's FWHM over the bare collected kernel's, the core-flattening diagnostic",6a468472af4bbda8,400000,0,2026-09-26T09:43:22,DIAGNOSTIC
w41.9_m1.00_r0.940_T130_P180,depletion_fwhm_rel_4154,0.0858685,,,PASS,"the surviving transit kernel's FWHM over the bare collected kernel's, the core-flattening diagnostic",6a468472af4bbda8,400000,0,2026-09-26T09:43:22,DIAGNOSTIC
w41.9_m1.00_r0.940_T130_P180,depletion_fwhm_rel_4121,0.0900506,,,PASS,"the surviving transit kernel's FWHM over the bare collected kernel's, the core-flattening diagnostic",6a468472af4bbda8,400000,0,2026-09-26T09:43:22,DIAGNOSTIC
w41.9_m1.00_r0.940_T130_P180,shares_shift_abs,0.00165988,,,PASS,the largest move of a line's share from the thermal law to the depleted one: the physical shift,6a468472af4bbda8,400000,0,2026-09-26T09:43:22,DIAGNOSTIC
w41.9_m1.00_r0.940_T130_P180,cycles_on_axis,0.173318,,,PASS,excitation cycles on the central chord at the mean transverse speed,6a468472af4bbda8,400000,0,2026-09-26T09:43:22,DIAGNOSTIC
w41.9_m1.00_r0.940_T130_P180,cycles_mean_over_chords,0.0263417,,,PASS,the flux-weighted mean over every chord,6a468472af4bbda8,400000,0,2026-09-26T09:43:22,DIAGNOSTIC
w41.9_m1.00_r0.940_T130_P225,transit_fwhm_rel,1.45485,1.45242,,PASS,the Monte Carlo against the form the fit uses at this node,6a468472af4bbda8,400000,0,2026-09-26T09:44:45,DIAGNOSTIC
w41.9_m1.00_r0.940_T130_P225,transit_shape_rel,1.00032,1,,PASS,the Monte Carlo against the form the fit uses at this node,6a468472af4bbda8,400000,0,2026-09-26T09:44:45,DIAGNOSTIC
w41.9_m1.00_r0.940_T130_P225,ramp_mu2_rel,0.0512086,0.0511705,,PASS,the Monte Carlo against the form the fit uses at this node,6a468472af4bbda8,400000,0,2026-09-26T09:44:45,DIAGNOSTIC
w41.9_m1.00_r0.940_T130_P225,ramp_mu3_rel,-0.00640214,-0.00637476,,PASS,the Monte Carlo against the form the fit uses at this node,6a468472af4bbda8,400000,0,2026-09-26T09:44:45,DIAGNOSTIC
w41.9_m1.00_r0.940_T130_P225,amplitude_power_law_abs,1.75343,1.74854,,PASS,the Monte Carlo against the form the fit uses at this node,6a468472af4bbda8,400000,0,2026-09-26T09:44:45,DIAGNOSTIC
w41.9_m1.00_r0.940_T130_P225,shares_abs,0.000863401,0,,PASS,the Monte Carlo against the form the fit uses at this node,6a468472af4bbda8,400000,0,2026-09-26T09:44:45,DIAGNOSTIC
w41.9_m1.00_r0.940_T130_P225,joint_shape_abs,0.00876603,0,,PASS,the Monte Carlo against the form the fit uses at this node,6a468472af4bbda8,400000,0,2026-09-26T09:44:45,DIAGNOSTIC
w41.9_m1.00_r0.940_T130_P225,joint_moment_sigma_abs,2.33453,0,,PASS,the Monte Carlo against the form the fit uses at this node,6a468472af4bbda8,400000,0,2026-09-26T09:44:45,DIAGNOSTIC
w41.9_m1.00_r0.940_T130_P225,depleted_line_abs,0.000924794,0,,PASS,the Monte Carlo against the form the fit uses at this node,6a468472af4bbda8,400000,0,2026-09-26T09:44:45,DIAGNOSTIC
w41.9_m1.00_r0.940_T130_P225,depletion_widening_rel_4207,0.0105991,,,PASS,"what a transit fit reads from the surviving kernel after the natural Lorentzian, over the bare one: the factor the fit carries",6a468472af4bbda8,400000,0,2026-09-26T09:44:45,DIAGNOSTIC
w41.9_m1.00_r0.940_T130_P225,depletion_widening_rel_4192,0.0116803,,,PASS,"what a transit fit reads from the surviving kernel after the natural Lorentzian, over the bare one: the factor the fit carries",6a468472af4bbda8,400000,0,2026-09-26T09:44:45,DIAGNOSTIC
w41.9_m1.00_r0.940_T130_P225,depletion_widening_rel_4154,0.0158656,,,PASS,"what a transit fit reads from the surviving kernel after the natural Lorentzian, over the bare one: the factor the fit carries",6a468472af4bbda8,400000,0,2026-09-26T09:44:45,DIAGNOSTIC
w41.9_m1.00_r0.940_T130_P225,depletion_widening_rel_4121,0.01688,,,PASS,"what a transit fit reads from the surviving kernel after the natural Lorentzian, over the bare one: the factor the fit carries",6a468472af4bbda8,400000,0,2026-09-26T09:44:45,DIAGNOSTIC
w41.9_m1.00_r0.940_T130_P225,depletion_fwhm_rel_4207,0.0834695,,,PASS,"the surviving transit kernel's FWHM over the bare collected kernel's, the core-flattening diagnostic",6a468472af4bbda8,400000,0,2026-09-26T09:44:45,DIAGNOSTIC
w41.9_m1.00_r0.940_T130_P225,depletion_fwhm_rel_4192,0.0897799,,,PASS,"the surviving transit kernel's FWHM over the bare collected kernel's, the core-flattening diagnostic",6a468472af4bbda8,400000,0,2026-09-26T09:44:45,DIAGNOSTIC
w41.9_m1.00_r0.940_T130_P225,depletion_fwhm_rel_4154,0.112688,,,PASS,"the surviving transit kernel's FWHM over the bare collected kernel's, the core-flattening diagnostic",6a468472af4bbda8,400000,0,2026-09-26T09:44:45,DIAGNOSTIC
w41.9_m1.00_r0.940_T130_P225,depletion_fwhm_rel_4121,0.117957,,,PASS,"the surviving transit kernel's FWHM over the bare collected kernel's, the core-flattening diagnostic",6a468472af4bbda8,400000,0,2026-09-26T09:44:45,DIAGNOSTIC
w41.9_m1.00_r0.940_T130_P225,shares_shift_abs,0.00241052,,,PASS,the largest move of a line's share from the thermal law to the depleted one: the physical shift,6a468472af4bbda8,400000,0,2026-09-26T09:44:45,DIAGNOSTIC
w41.9_m1.00_r0.940_T130_P225,cycles_on_axis,0.257447,,,PASS,excitation cycles on the central chord at the mean transverse speed,6a468472af4bbda8,400000,0,2026-09-26T09:44:45,DIAGNOSTIC
w41.9_m1.00_r0.940_T130_P225,cycles_mean_over_chords,0.0396894,,,PASS,the flux-weighted mean over every chord,6a468472af4bbda8,400000,0,2026-09-26T09:44:45,DIAGNOSTIC
w41.9_m1.00_r0.940_T130_P25,transit_fwhm_rel,1.45481,1.45084,,PASS,the Monte Carlo against the form the fit uses at this node,6a468472af4bbda8,400000,0,2026-09-26T09:44:51,DIAGNOSTIC
w41.9_m1.00_r0.940_T130_P25,transit_shape_rel,1.00032,1,,PASS,the Monte Carlo against the form the fit uses at this node,6a468472af4bbda8,400000,0,2026-09-26T09:44:51,DIAGNOSTIC
w41.9_m1.00_r0.940_T130_P25,ramp_mu2_rel,0.0501149,0.0500856,,PASS,the Monte Carlo against the form the fit uses at this node,6a468472af4bbda8,400000,0,2026-09-26T09:44:51,DIAGNOSTIC
w41.9_m1.00_r0.940_T130_P25,ramp_mu3_rel,-0.00687907,-0.00685018,,PASS,the Monte Carlo against the form the fit uses at this node,6a468472af4bbda8,400000,0,2026-09-26T09:44:51,DIAGNOSTIC
w41.9_m1.00_r0.940_T130_P25,amplitude_power_law_abs,1.99625,1.99619,,PASS,the Monte Carlo against the form the fit uses at this node,6a468472af4bbda8,400000,0,2026-09-26T09:44:51,DIAGNOSTIC
w41.9_m1.00_r0.940_T130_P25,shares_abs,9.75167e-06,0,,PASS,the Monte Carlo against the form the fit uses at this node,6a468472af4bbda8,400000,0,2026-09-26T09:44:51,DIAGNOSTIC
w41.9_m1.00_r0.940_T130_P25,joint_shape_abs,0.00526207,0,,PASS,the Monte Carlo against the form the fit uses at this node,6a468472af4bbda8,400000,0,2026-09-26T09:44:51,DIAGNOSTIC
w41.9_m1.00_r0.940_T130_P25,joint_moment_sigma_abs,1.36317,0,,PASS,the Monte Carlo against the form the fit uses at this node,6a468472af4bbda8,400000,0,2026-09-26T09:44:51,DIAGNOSTIC
w41.9_m1.00_r0.940_T130_P25,depleted_line_abs,0.000262129,0,,PASS,the Monte Carlo against the form the fit uses at this node,6a468472af4bbda8,400000,0,2026-09-26T09:44:51,DIAGNOSTIC
w41.9_m1.00_r0.940_T130_P25,depletion_widening_rel_4207,0.000168019,,,PASS,"what a transit fit reads from the surviving kernel after the natural Lorentzian, over the bare one: the factor the fit carries",6a468472af4bbda8,400000,0,2026-09-26T09:44:51,DIAGNOSTIC
w41.9_m1.00_r0.940_T130_P25,depletion_widening_rel_4192,0.000186488,,,PASS,"what a transit fit reads from the surviving kernel after the natural Lorentzian, over the bare one: the factor the fit carries",6a468472af4bbda8,400000,0,2026-09-26T09:44:51,DIAGNOSTIC
w41.9_m1.00_r0.940_T130_P25,depletion_widening_rel_4154,0.000260156,,,PASS,"what a transit fit reads from the surviving kernel after the natural Lorentzian, over the bare one: the factor the fit carries",6a468472af4bbda8,400000,0,2026-09-26T09:44:51,DIAGNOSTIC
w41.9_m1.00_r0.940_T130_P25,depletion_widening_rel_4121,0.000278528,,,PASS,"what a transit fit reads from the surviving kernel after the natural Lorentzian, over the bare one: the factor the fit carries",6a468472af4bbda8,400000,0,2026-09-26T09:44:51,DIAGNOSTIC
w41.9_m1.00_r0.940_T130_P25,depletion_fwhm_rel_4207,0.00292315,,,PASS,"the surviving transit kernel's FWHM over the bare collected kernel's, the core-flattening diagnostic",6a468472af4bbda8,400000,0,2026-09-26T09:44:51,DIAGNOSTIC
w41.9_m1.00_r0.940_T130_P25,depletion_fwhm_rel_4192,0.00319606,,,PASS,"the surviving transit kernel's FWHM over the bare collected kernel's, the core-flattening diagnostic",6a468472af4bbda8,400000,0,2026-09-26T09:44:51,DIAGNOSTIC
w41.9_m1.00_r0.940_T130_P25,depletion_fwhm_rel_4154,0.0042439,,,PASS,"the surviving transit kernel's FWHM over the bare collected kernel's, the core-flattening diagnostic",6a468472af4bbda8,400000,0,2026-09-26T09:44:51,DIAGNOSTIC
w41.9_m1.00_r0.940_T130_P25,depletion_fwhm_rel_4121,0.00449666,,,PASS,"the surviving transit kernel's FWHM over the bare collected kernel's, the core-flattening diagnostic",6a468472af4bbda8,400000,0,2026-09-26T09:44:51,DIAGNOSTIC
w41.9_m1.00_r0.940_T130_P25,shares_shift_abs,3.78305e-05,,,PASS,the largest move of a line's share from the thermal law to the depleted one: the physical shift,6a468472af4bbda8,400000,0,2026-09-26T09:44:51,DIAGNOSTIC
w41.9_m1.00_r0.940_T130_P25,cycles_on_axis,0.00368413,,,PASS,excitation cycles on the central chord at the mean transverse speed,6a468472af4bbda8,400000,0,2026-09-26T09:44:51,DIAGNOSTIC
w41.9_m1.00_r0.940_T130_P25,cycles_mean_over_chords,0.000544484,,,PASS,the flux-weighted mean over every chord,6a468472af4bbda8,400000,0,2026-09-26T09:44:51,DIAGNOSTIC
w41.9_m1.00_r0.940_T130_P270,transit_fwhm_rel,1.45487,1.45299,,PASS,the Monte Carlo against the form the fit uses at this node,6a468472af4bbda8,400000,0,2026-09-26T09:44:51,DIAGNOSTIC
w41.9_m1.00_r0.940_T130_P270,transit_shape_rel,1.00031,1,,PASS,the Monte Carlo against the form the fit uses at this node,6a468472af4bbda8,400000,0,2026-09-26T09:44:51,DIAGNOSTIC
w41.9_m1.00_r0.940_T130_P270,ramp_mu2_rel,0.0516352,0.0515939,,PASS,the Monte Carlo against the form the fit uses at this node,6a468472af4bbda8,400000,0,2026-09-26T09:44:51,DIAGNOSTIC
w41.9_m1.00_r0.940_T130_P270,ramp_mu3_rel,-0.00620732,-0.00618071,,PASS,the Monte Carlo against the form the fit uses at this node,6a468472af4bbda8,400000,0,2026-09-26T09:44:51,DIAGNOSTIC
w41.9_m1.00_r0.940_T130_P270,amplitude_power_law_abs,1.67128,1.66506,,PASS,the Monte Carlo against the form the fit uses at this node,6a468472af4bbda8,400000,0,2026-09-26T09:44:51,DIAGNOSTIC
w41.9_m1.00_r0.940_T130_P270,shares_abs,0.00121767,0,,PASS,the Monte Carlo against the form the fit uses at this node,6a468472af4bbda8,400000,0,2026-09-26T09:44:51,DIAGNOSTIC
w41.9_m1.00_r0.940_T130_P270,joint_shape_abs,0.00950563,0,,PASS,the Monte Carlo against the form the fit uses at this node,6a468472af4bbda8,400000,0,2026-09-26T09:44:51,DIAGNOSTIC
w41.9_m1.00_r0.940_T130_P270,joint_moment_sigma_abs,2.42562,0,,PASS,the Monte Carlo against the form the fit uses at this node,6a468472af4bbda8,400000,0,2026-09-26T09:44:51,DIAGNOSTIC
w41.9_m1.00_r0.940_T130_P270,depleted_line_abs,0.00112467,0,,PASS,the Monte Carlo against the form the fit uses at this node,6a468472af4bbda8,400000,0,2026-09-26T09:44:51,DIAGNOSTIC
w41.9_m1.00_r0.940_T130_P270,depletion_widening_rel_4207,0.0141132,,,PASS,"what a transit fit reads from the surviving kernel after the natural Lorentzian, over the bare one: the factor the fit carries",6a468472af4bbda8,400000,0,2026-09-26T09:44:51,DIAGNOSTIC
w41.9_m1.00_r0.940_T130_P270,depletion_widening_rel_4192,0.0155256,,,PASS,"what a transit fit reads from the surviving kernel after the natural Lorentzian, over the bare one: the factor the fit carries",6a468472af4bbda8,400000,0,2026-09-26T09:44:51,DIAGNOSTIC
w41.9_m1.00_r0.940_T130_P270,depletion_widening_rel_4154,0.0209555,,,PASS,"what a transit fit reads from the surviving kernel after the natural Lorentzian, over the bare one: the factor the fit carries",6a468472af4bbda8,400000,0,2026-09-26T09:44:51,DIAGNOSTIC
w41.9_m1.00_r0.940_T130_P270,depletion_widening_rel_4121,0.0222632,,,PASS,"what a transit fit reads from the surviving kernel after the natural Lorentzian, over the bare one: the factor the fit carries",6a468472af4bbda8,400000,0,2026-09-26T09:44:51,DIAGNOSTIC
w41.9_m1.00_r0.940_T130_P270,depletion_fwhm_rel_4207,0.103389,,,PASS,"the surviving transit kernel's FWHM over the bare collected kernel's, the core-flattening diagnostic",6a468472af4bbda8,400000,0,2026-09-26T09:44:51,DIAGNOSTIC
w41.9_m1.00_r0.940_T130_P270,depletion_fwhm_rel_4192,0.110948,,,PASS,"the surviving transit kernel's FWHM over the bare collected kernel's, the core-flattening diagnostic",6a468472af4bbda8,400000,0,2026-09-26T09:44:51,DIAGNOSTIC
w41.9_m1.00_r0.940_T130_P270,depletion_fwhm_rel_4154,0.138269,,,PASS,"the surviving transit kernel's FWHM over the bare collected kernel's, the core-flattening diagnostic",6a468472af4bbda8,400000,0,2026-09-26T09:44:51,DIAGNOSTIC
w41.9_m1.00_r0.940_T130_P270,depletion_fwhm_rel_4121,0.144497,,,PASS,"the surviving transit kernel's FWHM over the bare collected kernel's, the core-flattening diagnostic",6a468472af4bbda8,400000,0,2026-09-26T09:44:51,DIAGNOSTIC
w41.9_m1.00_r0.940_T130_P270,shares_shift_abs,0.00320724,,,PASS,the largest move of a line's share from the thermal law to the depleted one: the physical shift,6a468472af4bbda8,400000,0,2026-09-26T09:44:51,DIAGNOSTIC
w41.9_m1.00_r0.940_T130_P270,cycles_on_axis,0.349949,,,PASS,excitation cycles on the central chord at the mean transverse speed,6a468472af4bbda8,400000,0,2026-09-26T09:44:51,DIAGNOSTIC
w41.9_m1.00_r0.940_T130_P270,cycles_mean_over_chords,0.0548182,,,PASS,the flux-weighted mean over every chord,6a468472af4bbda8,400000,0,2026-09-26T09:44:51,DIAGNOSTIC
w41.9_m1.00_r0.940_T130_P75,transit_fwhm_rel,1.45482,1.45102,,PASS,the Monte Carlo against the form the fit uses at this node,6a468472af4bbda8,400000,0,2026-09-26T09:46:15,DIAGNOSTIC
w41.9_m1.00_r0.940_T130_P75,transit_shape_rel,1.00032,1,,PASS,the Monte Carlo against the form the fit uses at this node,6a468472af4bbda8,400000,0,2026-09-26T09:46:15,DIAGNOSTIC
w41.9_m1.00_r0.940_T130_P75,ramp_mu2_rel,0.0502342,0.050204,,PASS,the Monte Carlo against the form the fit uses at this node,6a468472af4bbda8,400000,0,2026-09-26T09:46:15,DIAGNOSTIC
w41.9_m1.00_r0.940_T130_P75,ramp_mu3_rel,-0.00682859,-0.00679984,,PASS,the Monte Carlo against the form the fit uses at this node,6a468472af4bbda8,400000,0,2026-09-26T09:46:15,DIAGNOSTIC
w41.9_m1.00_r0.940_T130_P75,amplitude_power_law_abs,1.96707,1.96651,,PASS,the Monte Carlo against the form the fit uses at this node,6a468472af4bbda8,400000,0,2026-09-26T09:46:15,DIAGNOSTIC
w41.9_m1.00_r0.940_T130_P75,shares_abs,9.15488e-05,0,,PASS,the Monte Carlo against the form the fit uses at this node,6a468472af4bbda8,400000,0,2026-09-26T09:46:15,DIAGNOSTIC
w41.9_m1.00_r0.940_T130_P75,joint_shape_abs,0.00617244,0,,PASS,the Monte Carlo against the form the fit uses at this node,6a468472af4bbda8,400000,0,2026-09-26T09:46:15,DIAGNOSTIC
w41.9_m1.00_r0.940_T130_P75,joint_moment_sigma_abs,1.64663,0,,PASS,the Monte Carlo against the form the fit uses at this node,6a468472af4bbda8,400000,0,2026-09-26T09:46:15,DIAGNOSTIC
w41.9_m1.00_r0.940_T130_P75,depleted_line_abs,0.000351366,0,,PASS,the Monte Carlo against the form the fit uses at this node,6a468472af4bbda8,400000,0,2026-09-26T09:46:15,DIAGNOSTIC
w41.9_m1.00_r0.940_T130_P75,depletion_widening_rel_4207,0.0014465,,,PASS,"what a transit fit reads from the surviving kernel after the natural Lorentzian, over the bare one: the factor the fit carries",6a468472af4bbda8,400000,0,2026-09-26T09:46:15,DIAGNOSTIC
w41.9_m1.00_r0.940_T130_P75,depletion_widening_rel_4192,0.00160362,,,PASS,"what a transit fit reads from the surviving kernel after the natural Lorentzian, over the bare one: the factor the fit carries",6a468472af4bbda8,400000,0,2026-09-26T09:46:15,DIAGNOSTIC
w41.9_m1.00_r0.940_T130_P75,depletion_widening_rel_4154,0.00222683,,,PASS,"what a transit fit reads from the surviving kernel after the natural Lorentzian, over the bare one: the factor the fit carries",6a468472af4bbda8,400000,0,2026-09-26T09:46:15,DIAGNOSTIC
w41.9_m1.00_r0.940_T130_P75,depletion_widening_rel_4121,0.0023814,,,PASS,"what a transit fit reads from the surviving kernel after the natural Lorentzian, over the bare one: the factor the fit carries",6a468472af4bbda8,400000,0,2026-09-26T09:46:15,DIAGNOSTIC
w41.9_m1.00_r0.940_T130_P75,depletion_fwhm_rel_4207,0.0176207,,,PASS,"the surviving transit kernel's FWHM over the bare collected kernel's, the core-flattening diagnostic",6a468472af4bbda8,400000,0,2026-09-26T09:46:15,DIAGNOSTIC
w41.9_m1.00_r0.940_T130_P75,depletion_fwhm_rel_4192,0.0191568,,,PASS,"the surviving transit kernel's FWHM over the bare collected kernel's, the core-flattening diagnostic",6a468472af4bbda8,400000,0,2026-09-26T09:46:15,DIAGNOSTIC
w41.9_m1.00_r0.940_T130_P75,depletion_fwhm_rel_4154,0.0249312,,,PASS,"the surviving transit kernel's FWHM over the bare collected kernel's, the core-flattening diagnostic",6a468472af4bbda8,400000,0,2026-09-26T09:46:15,DIAGNOSTIC
w41.9_m1.00_r0.940_T130_P75,depletion_fwhm_rel_4121,0.0262974,,,PASS,"the surviving transit kernel's FWHM over the bare collected kernel's, the core-flattening diagnostic",6a468472af4bbda8,400000,0,2026-09-26T09:46:15,DIAGNOSTIC
w41.9_m1.00_r0.940_T130_P75,shares_shift_abs,0.000329107,,,PASS,the largest move of a line's share from the thermal law to the depleted one: the physical shift,6a468472af4bbda8,400000,0,2026-09-26T09:46:15,DIAGNOSTIC
w41.9_m1.00_r0.940_T130_P75,cycles_on_axis,0.0326272,,,PASS,excitation cycles on the central chord at the mean transverse speed,6a468472af4bbda8,400000,0,2026-09-26T09:46:15,DIAGNOSTIC
w41.9_m1.00_r0.940_T130_P75,cycles_mean_over_chords,0.00484476,,,PASS,the flux-weighted mean over every chord,6a468472af4bbda8,400000,0,2026-09-26T09:46:15,DIAGNOSTIC
w41.9_m1.00_r0.940_T130_P90,transit_fwhm_rel,1.45482,1.45111,,PASS,the Monte Carlo against the form the fit uses at this node,6a468472af4bbda8,400000,0,2026-09-26T09:46:23,DIAGNOSTIC
w41.9_m1.00_r0.940_T130_P90,transit_shape_rel,1.00032,1,,PASS,the Monte Carlo against the form the fit uses at this node,6a468472af4bbda8,400000,0,2026-09-26T09:46:23,DIAGNOSTIC
w41.9_m1.00_r0.940_T130_P90,ramp_mu2_rel,0.0502924,0.0502617,,PASS,the Monte Carlo against the form the fit uses at this node,6a468472af4bbda8,400000,0,2026-09-26T09:46:23,DIAGNOSTIC
w41.9_m1.00_r0.940_T130_P90,ramp_mu3_rel,-0.00680386,-0.00677517,,PASS,the Monte Carlo against the form the fit uses at this node,6a468472af4bbda8,400000,0,2026-09-26T09:46:23,DIAGNOSTIC
w41.9_m1.00_r0.940_T130_P90,amplitude_power_law_abs,1.95313,1.95229,,PASS,the Monte Carlo against the form the fit uses at this node,6a468472af4bbda8,400000,0,2026-09-26T09:46:23,DIAGNOSTIC
w41.9_m1.00_r0.940_T130_P90,shares_abs,0.00013346,0,,PASS,the Monte Carlo against the form the fit uses at this node,6a468472af4bbda8,400000,0,2026-09-26T09:46:23,DIAGNOSTIC
w41.9_m1.00_r0.940_T130_P90,joint_shape_abs,0.00643927,0,,PASS,the Monte Carlo against the form the fit uses at this node,6a468472af4bbda8,400000,0,2026-09-26T09:46:23,DIAGNOSTIC
w41.9_m1.00_r0.940_T130_P90,joint_moment_sigma_abs,1.76414,0,,PASS,the Monte Carlo against the form the fit uses at this node,6a468472af4bbda8,400000,0,2026-09-26T09:46:23,DIAGNOSTIC
w41.9_m1.00_r0.940_T130_P90,depleted_line_abs,0.000392425,0,,PASS,the Monte Carlo against the form the fit uses at this node,6a468472af4bbda8,400000,0,2026-09-26T09:46:23,DIAGNOSTIC
w41.9_m1.00_r0.940_T130_P90,depletion_widening_rel_4207,0.00205142,,,PASS,"what a transit fit reads from the surviving kernel after the natural Lorentzian, over the bare one: the factor the fit carries",6a468472af4bbda8,400000,0,2026-09-26T09:46:23,DIAGNOSTIC
w41.9_m1.00_r0.940_T130_P90,depletion_widening_rel_4192,0.00227307,,,PASS,"what a transit fit reads from the surviving kernel after the natural Lorentzian, over the bare one: the factor the fit carries",6a468472af4bbda8,400000,0,2026-09-26T09:46:23,DIAGNOSTIC
w41.9_m1.00_r0.940_T130_P90,depletion_widening_rel_4154,0.00315029,,,PASS,"what a transit fit reads from the surviving kernel after the natural Lorentzian, over the bare one: the factor the fit carries",6a468472af4bbda8,400000,0,2026-09-26T09:46:23,DIAGNOSTIC
w41.9_m1.00_r0.940_T130_P90,depletion_widening_rel_4121,0.00336739,,,PASS,"what a transit fit reads from the surviving kernel after the natural Lorentzian, over the bare one: the factor the fit carries",6a468472af4bbda8,400000,0,2026-09-26T09:46:23,DIAGNOSTIC
w41.9_m1.00_r0.940_T130_P90,depletion_fwhm_rel_4207,0.0233526,,,PASS,"the surviving transit kernel's FWHM over the bare collected kernel's, the core-flattening diagnostic",6a468472af4bbda8,400000,0,2026-09-26T09:46:23,DIAGNOSTIC
w41.9_m1.00_r0.940_T130_P90,depletion_fwhm_rel_4192,0.0253435,,,PASS,"the surviving transit kernel's FWHM over the bare collected kernel's, the core-flattening diagnostic",6a468472af4bbda8,400000,0,2026-09-26T09:46:23,DIAGNOSTIC
w41.9_m1.00_r0.940_T130_P90,depletion_fwhm_rel_4154,0.0328117,,,PASS,"the surviving transit kernel's FWHM over the bare collected kernel's, the core-flattening diagnostic",6a468472af4bbda8,400000,0,2026-09-26T09:46:23,DIAGNOSTIC
w41.9_m1.00_r0.940_T130_P90,depletion_fwhm_rel_4121,0.0345842,,,PASS,"the surviving transit kernel's FWHM over the bare collected kernel's, the core-flattening diagnostic",6a468472af4bbda8,400000,0,2026-09-26T09:46:23,DIAGNOSTIC
w41.9_m1.00_r0.940_T130_P90,shares_shift_abs,0.000467037,,,PASS,the largest move of a line's share from the thermal law to the depleted one: the physical shift,6a468472af4bbda8,400000,0,2026-09-26T09:46:23,DIAGNOSTIC
w41.9_m1.00_r0.940_T130_P90,cycles_on_axis,0.0466157,,,PASS,excitation cycles on the central chord at the mean transverse speed,6a468472af4bbda8,400000,0,2026-09-26T09:46:23,DIAGNOSTIC
w41.9_m1.00_r0.940_T130_P90,cycles_mean_over_chords,0.00693771,,,PASS,the flux-weighted mean over every chord,6a468472af4bbda8,400000,0,2026-09-26T09:46:23,DIAGNOSTIC
w41.9_m1.00_r0.940_T70_P225,transit_fwhm_rel,1.34223,1.33999,,PASS,the Monte Carlo against the form the fit uses at this node,6a468472af4bbda8,400000,0,2026-09-26T09:46:22,DIAGNOSTIC
w41.9_m1.00_r0.940_T70_P225,transit_shape_rel,1.00032,1,,PASS,the Monte Carlo against the form the fit uses at this node,6a468472af4bbda8,400000,0,2026-09-26T09:46:22,DIAGNOSTIC
w41.9_m1.00_r0.940_T70_P225,ramp_mu2_rel,0.0512086,0.0511705,,PASS,the Monte Carlo against the form the fit uses at this node,6a468472af4bbda8,400000,0,2026-09-26T09:46:22,DIAGNOSTIC
w41.9_m1.00_r0.940_T70_P225,ramp_mu3_rel,-0.00640214,-0.00637476,,PASS,the Monte Carlo against the form the fit uses at this node,6a468472af4bbda8,400000,0,2026-09-26T09:46:22,DIAGNOSTIC
w41.9_m1.00_r0.940_T70_P225,amplitude_power_law_abs,1.74932,1.74393,,PASS,the Monte Carlo against the form the fit uses at this node,6a468472af4bbda8,400000,0,2026-09-26T09:46:22,DIAGNOSTIC
w41.9_m1.00_r0.940_T70_P225,shares_abs,0.000947869,0,,PASS,the Monte Carlo against the form the fit uses at this node,6a468472af4bbda8,400000,0,2026-09-26T09:46:22,DIAGNOSTIC
w41.9_m1.00_r0.940_T70_P225,joint_shape_abs,0.0085468,0,,PASS,the Monte Carlo against the form the fit uses at this node,6a468472af4bbda8,400000,0,2026-09-26T09:46:22,DIAGNOSTIC
w41.9_m1.00_r0.940_T70_P225,joint_moment_sigma_abs,2.11435,0,,PASS,the Monte Carlo against the form the fit uses at this node,6a468472af4bbda8,400000,0,2026-09-26T09:46:22,DIAGNOSTIC
w41.9_m1.00_r0.940_T70_P225,depleted_line_abs,0.000853879,0,,PASS,the Monte Carlo against the form the fit uses at this node,6a468472af4bbda8,400000,0,2026-09-26T09:46:22,DIAGNOSTIC
w41.9_m1.00_r0.940_T70_P225,depletion_widening_rel_4207,0.0112324,,,PASS,"what a transit fit reads from the surviving kernel after the natural Lorentzian, over the bare one: the factor the fit carries",6a468472af4bbda8,400000,0,2026-09-26T09:46:22,DIAGNOSTIC
w41.9_m1.00_r0.940_T70_P225,depletion_widening_rel_4192,0.0123736,,,PASS,"what a transit fit reads from the surviving kernel after the natural Lorentzian, over the bare one: the factor the fit carries",6a468472af4bbda8,400000,0,2026-09-26T09:46:22,DIAGNOSTIC
w41.9_m1.00_r0.940_T70_P225,depletion_widening_rel_4154,0.0167847,,,PASS,"what a transit fit reads from the surviving kernel after the natural Lorentzian, over the bare one: the factor the fit carries",6a468472af4bbda8,400000,0,2026-09-26T09:46:22,DIAGNOSTIC
w41.9_m1.00_r0.940_T70_P225,depletion_widening_rel_4121,0.0178524,,,PASS,"what a transit fit reads from the surviving kernel after the natural Lorentzian, over the bare one: the factor the fit carries",6a468472af4bbda8,400000,0,2026-09-26T09:46:22,DIAGNOSTIC
w41.9_m1.00_r0.940_T70_P225,depletion_fwhm_rel_4207,0.0882616,,,PASS,"the surviving transit kernel's FWHM over the bare collected kernel's, the core-flattening diagnostic",6a468472af4bbda8,400000,0,2026-09-26T09:46:22,DIAGNOSTIC
w41.9_m1.00_r0.940_T70_P225,depletion_fwhm_rel_4192,0.0948602,,,PASS,"the surviving transit kernel's FWHM over the bare collected kernel's, the core-flattening diagnostic",6a468472af4bbda8,400000,0,2026-09-26T09:46:22,DIAGNOSTIC
w41.9_m1.00_r0.940_T70_P225,depletion_fwhm_rel_4154,0.118863,,,PASS,"the surviving transit kernel's FWHM over the bare collected kernel's, the core-flattening diagnostic",6a468472af4bbda8,400000,0,2026-09-26T09:46:22,DIAGNOSTIC
w41.9_m1.00_r0.940_T70_P225,depletion_fwhm_rel_4121,0.124373,,,PASS,"the surviving transit kernel's FWHM over the bare collected kernel's, the core-flattening diagnostic",6a468472af4bbda8,400000,0,2026-09-26T09:46:22,DIAGNOSTIC
w41.9_m1.00_r0.940_T70_P225,shares_shift_abs,0.00259603,,,PASS,the largest move of a line's share from the thermal law to the depleted one: the physical shift,6a468472af4bbda8,400000,0,2026-09-26T09:46:22,DIAGNOSTIC
w41.9_m1.00_r0.940_T70_P225,cycles_on_axis,0.279048,,,PASS,excitation cycles on the central chord at the mean transverse speed,6a468472af4bbda8,400000,0,2026-09-26T09:46:22,DIAGNOSTIC
w41.9_m1.00_r0.940_T70_P225,cycles_mean_over_chords,0.0430196,,,PASS,the flux-weighted mean over every chord,6a468472af4bbda8,400000,0,2026-09-26T09:46:22,DIAGNOSTIC
w41.9_m1.00_r0.940_T90_P225,transit_fwhm_rel,1.38079,1.37848,,PASS,the Monte Carlo against the form the fit uses at this node,6a468472af4bbda8,400000,0,2026-09-26T09:47:41,DIAGNOSTIC
w41.9_m1.00_r0.940_T90_P225,transit_shape_rel,1.00032,1,,PASS,the Monte Carlo against the form the fit uses at this node,6a468472af4bbda8,400000,0,2026-09-26T09:47:41,DIAGNOSTIC
w41.9_m1.00_r0.940_T90_P225,ramp_mu2_rel,0.0512086,0.0511705,,PASS,the Monte Carlo against the form the fit uses at this node,6a468472af4bbda8,400000,0,2026-09-26T09:47:41,DIAGNOSTIC
w41.9_m1.00_r0.940_T90_P225,ramp_mu3_rel,-0.00640214,-0.00637476,,PASS,the Monte Carlo against the form the fit uses at this node,6a468472af4bbda8,400000,0,2026-09-26T09:47:41,DIAGNOSTIC
w41.9_m1.00_r0.940_T90_P225,amplitude_power_law_abs,1.7508,1.74559,,PASS,the Monte Carlo against the form the fit uses at this node,6a468472af4bbda8,400000,0,2026-09-26T09:47:41,DIAGNOSTIC
w41.9_m1.00_r0.940_T90_P225,shares_abs,0.000917249,0,,PASS,the Monte Carlo against the form the fit uses at this node,6a468472af4bbda8,400000,0,2026-09-26T09:47:41,DIAGNOSTIC
w41.9_m1.00_r0.940_T90_P225,joint_shape_abs,0.00862261,0,,PASS,the Monte Carlo against the form the fit uses at this node,6a468472af4bbda8,400000,0,2026-09-26T09:47:41,DIAGNOSTIC
w41.9_m1.00_r0.940_T90_P225,joint_moment_sigma_abs,2.19036,0,,PASS,the Monte Carlo against the form the fit uses at this node,6a468472af4bbda8,400000,0,2026-09-26T09:47:41,DIAGNOSTIC
w41.9_m1.00_r0.940_T90_P225,depleted_line_abs,0.000878721,0,,PASS,the Monte Carlo against the form the fit uses at this node,6a468472af4bbda8,400000,0,2026-09-26T09:47:41,DIAGNOSTIC
w41.9_m1.00_r0.940_T90_P225,depletion_widening_rel_4207,0.0110057,,,PASS,"what a transit fit reads from the surviving kernel after the natural Lorentzian, over the bare one: the factor the fit carries",6a468472af4bbda8,400000,0,2026-09-26T09:47:41,DIAGNOSTIC
w41.9_m1.00_r0.940_T90_P225,depletion_widening_rel_4192,0.0121255,,,PASS,"what a transit fit reads from the surviving kernel after the natural Lorentzian, over the bare one: the factor the fit carries",6a468472af4bbda8,400000,0,2026-09-26T09:47:41,DIAGNOSTIC
w41.9_m1.00_r0.940_T90_P225,depletion_widening_rel_4154,0.016456,,,PASS,"what a transit fit reads from the surviving kernel after the natural Lorentzian, over the bare one: the factor the fit carries",6a468472af4bbda8,400000,0,2026-09-26T09:47:41,DIAGNOSTIC
w41.9_m1.00_r0.940_T90_P225,depletion_widening_rel_4121,0.0175047,,,PASS,"what a transit fit reads from the surviving kernel after the natural Lorentzian, over the bare one: the factor the fit carries",6a468472af4bbda8,400000,0,2026-09-26T09:47:41,DIAGNOSTIC
w41.9_m1.00_r0.940_T90_P225,depletion_fwhm_rel_4207,0.0865522,,,PASS,"the surviving transit kernel's FWHM over the bare collected kernel's, the core-flattening diagnostic",6a468472af4bbda8,400000,0,2026-09-26T09:47:41,DIAGNOSTIC
w41.9_m1.00_r0.940_T90_P225,depletion_fwhm_rel_4192,0.0930486,,,PASS,"the surviving transit kernel's FWHM over the bare collected kernel's, the core-flattening diagnostic",6a468472af4bbda8,400000,0,2026-09-26T09:47:41,DIAGNOSTIC
w41.9_m1.00_r0.940_T90_P225,depletion_fwhm_rel_4154,0.116655,,,PASS,"the surviving transit kernel's FWHM over the bare collected kernel's, the core-flattening diagnostic",6a468472af4bbda8,400000,0,2026-09-26T09:47:41,DIAGNOSTIC
w41.9_m1.00_r0.940_T90_P225,depletion_fwhm_rel_4121,0.122088,,,PASS,"the surviving transit kernel's FWHM over the bare collected kernel's, the core-flattening diagnostic",6a468472af4bbda8,400000,0,2026-09-26T09:47:41,DIAGNOSTIC
w41.9_m1.00_r0.940_T90_P225,shares_shift_abs,0.00252934,,,PASS,the largest move of a line's share from the thermal law to the depleted one: the physical shift,6a468472af4bbda8,400000,0,2026-09-26T09:47:41,DIAGNOSTIC
w41.9_m1.00_r0.940_T90_P225,cycles_on_axis,0.271255,,,PASS,excitation cycles on the central chord at the mean transverse speed,6a468472af4bbda8,400000,0,2026-09-26T09:47:41,DIAGNOSTIC
w41.9_m1.00_r0.940_T90_P225,cycles_mean_over_chords,0.0418182,,,PASS,the flux-weighted mean over every chord,6a468472af4bbda8,400000,0,2026-09-26T09:47:41,DIAGNOSTIC
w42.0_m1.00_r0.940_T110_P225,transit_fwhm_rel,1.41481,1.41249,,PASS,the Monte Carlo against the form the fit uses at this node,6a468472af4bbda8,400000,0,2026-09-26T09:47:50,DIAGNOSTIC
w42.0_m1.00_r0.940_T110_P225,transit_shape_rel,1.00032,1,,PASS,the Monte Carlo against the form the fit uses at this node,6a468472af4bbda8,400000,0,2026-09-26T09:47:50,DIAGNOSTIC
w42.0_m1.00_r0.940_T110_P225,ramp_mu2_rel,0.051186,0.0511466,,PASS,the Monte Carlo against the form the fit uses at this node,6a468472af4bbda8,400000,0,2026-09-26T09:47:50,DIAGNOSTIC
w42.0_m1.00_r0.940_T110_P225,ramp_mu3_rel,-0.00639267,-0.00636464,,PASS,the Monte Carlo against the form the fit uses at this node,6a468472af4bbda8,400000,0,2026-09-26T09:47:50,DIAGNOSTIC
w42.0_m1.00_r0.940_T110_P225,amplitude_power_law_abs,1.75399,1.74894,,PASS,the Monte Carlo against the form the fit uses at this node,6a468472af4bbda8,400000,0,2026-09-26T09:47:50,DIAGNOSTIC
w42.0_m1.00_r0.940_T110_P225,shares_abs,0.000883739,0,,PASS,the Monte Carlo against the form the fit uses at this node,6a468472af4bbda8,400000,0,2026-09-26T09:47:50,DIAGNOSTIC
w42.0_m1.00_r0.940_T110_P225,joint_shape_abs,0.00860993,0,,PASS,the Monte Carlo against the form the fit uses at this node,6a468472af4bbda8,400000,0,2026-09-26T09:47:50,DIAGNOSTIC
w42.0_m1.00_r0.940_T110_P225,joint_moment_sigma_abs,2.30445,0,,PASS,the Monte Carlo against the form the fit uses at this node,6a468472af4bbda8,400000,0,2026-09-26T09:47:50,DIAGNOSTIC
w42.0_m1.00_r0.940_T110_P225,depleted_line_abs,0.000895522,0,,PASS,the Monte Carlo against the form the fit uses at this node,6a468472af4bbda8,400000,0,2026-09-26T09:47:50,DIAGNOSTIC
w42.0_m1.00_r0.940_T110_P225,depletion_widening_rel_4207,0.0107291,,,PASS,"what a transit fit reads from the surviving kernel after the natural Lorentzian, over the bare one: the factor the fit carries",6a468472af4bbda8,400000,0,2026-09-26T09:47:50,DIAGNOSTIC
w42.0_m1.00_r0.940_T110_P225,depletion_widening_rel_4192,0.0118226,,,PASS,"what a transit fit reads from the surviving kernel after the natural Lorentzian, over the bare one: the factor the fit carries",6a468472af4bbda8,400000,0,2026-09-26T09:47:50,DIAGNOSTIC
w42.0_m1.00_r0.940_T110_P225,depletion_widening_rel_4154,0.016054,,,PASS,"what a transit fit reads from the surviving kernel after the natural Lorentzian, over the bare one: the factor the fit carries",6a468472af4bbda8,400000,0,2026-09-26T09:47:50,DIAGNOSTIC
w42.0_m1.00_r0.940_T110_P225,depletion_widening_rel_4121,0.0170793,,,PASS,"what a transit fit reads from the surviving kernel after the natural Lorentzian, over the bare one: the factor the fit carries",6a468472af4bbda8,400000,0,2026-09-26T09:47:50,DIAGNOSTIC
w42.0_m1.00_r0.940_T110_P225,depletion_fwhm_rel_4207,0.0846,,,PASS,"the surviving transit kernel's FWHM over the bare collected kernel's, the core-flattening diagnostic",6a468472af4bbda8,400000,0,2026-09-26T09:47:50,DIAGNOSTIC
w42.0_m1.00_r0.940_T110_P225,depletion_fwhm_rel_4192,0.090979,,,PASS,"the surviving transit kernel's FWHM over the bare collected kernel's, the core-flattening diagnostic",6a468472af4bbda8,400000,0,2026-09-26T09:47:50,DIAGNOSTIC
w42.0_m1.00_r0.940_T110_P225,depletion_fwhm_rel_4154,0.114137,,,PASS,"the surviving transit kernel's FWHM over the bare collected kernel's, the core-flattening diagnostic",6a468472af4bbda8,400000,0,2026-09-26T09:47:50,DIAGNOSTIC
w42.0_m1.00_r0.940_T110_P225,depletion_fwhm_rel_4121,0.119474,,,PASS,"the surviving transit kernel's FWHM over the bare collected kernel's, the core-flattening diagnostic",6a468472af4bbda8,400000,0,2026-09-26T09:47:50,DIAGNOSTIC
w42.0_m1.00_r0.940_T110_P225,shares_shift_abs,0.00245388,,,PASS,the largest move of a line's share from the thermal law to the depleted one: the physical shift,6a468472af4bbda8,400000,0,2026-09-26T09:47:50,DIAGNOSTIC
w42.0_m1.00_r0.940_T110_P225,cycles_on_axis,0.262538,,,PASS,excitation cycles on the central chord at the mean transverse speed,6a468472af4bbda8,400000,0,2026-09-26T09:47:50,DIAGNOSTIC
w42.0_m1.00_r0.940_T110_P225,cycles_mean_over_chords,0.0404597,,,PASS,the flux-weighted mean over every chord,6a468472af4bbda8,400000,0,2026-09-26T09:47:50,DIAGNOSTIC
w42.0_m1.00_r0.940_T130_P125,transit_fwhm_rel,1.45124,1.44787,,PASS,the Monte Carlo against the form the fit uses at this node,6a468472af4bbda8,400000,0,2026-09-26T09:47:50,DIAGNOSTIC
w42.0_m1.00_r0.940_T130_P125,transit_shape_rel,1.00032,1,,PASS,the Monte Carlo against the form the fit uses at this node,6a468472af4bbda8,400000,0,2026-09-26T09:47:50,DIAGNOSTIC
w42.0_m1.00_r0.940_T130_P125,ramp_mu2_rel,0.0504506,0.0504172,,PASS,the Monte Carlo against the form the fit uses at this node,6a468472af4bbda8,400000,0,2026-09-26T09:47:50,DIAGNOSTIC
w42.0_m1.00_r0.940_T130_P125,ramp_mu3_rel,-0.00671782,-0.00668871,,PASS,the Monte Carlo against the form the fit uses at this node,6a468472af4bbda8,400000,0,2026-09-26T09:47:50,DIAGNOSTIC
w42.0_m1.00_r0.940_T130_P125,amplitude_power_law_abs,1.91332,1.91166,,PASS,the Monte Carlo against the form the fit uses at this node,6a468472af4bbda8,400000,0,2026-09-26T09:47:50,DIAGNOSTIC
w42.0_m1.00_r0.940_T130_P125,shares_abs,0.000261726,0,,PASS,the Monte Carlo against the form the fit uses at this node,6a468472af4bbda8,400000,0,2026-09-26T09:47:50,DIAGNOSTIC
w42.0_m1.00_r0.940_T130_P125,joint_shape_abs,0.00697472,0,,PASS,the Monte Carlo against the form the fit uses at this node,6a468472af4bbda8,400000,0,2026-09-26T09:47:50,DIAGNOSTIC
w42.0_m1.00_r0.940_T130_P125,joint_moment_sigma_abs,1.93122,0,,PASS,the Monte Carlo against the form the fit uses at this node,6a468472af4bbda8,400000,0,2026-09-26T09:47:50,DIAGNOSTIC
w42.0_m1.00_r0.940_T130_P125,depleted_line_abs,0.000504676,0,,PASS,the Monte Carlo against the form the fit uses at this node,6a468472af4bbda8,400000,0,2026-09-26T09:47:50,DIAGNOSTIC
w42.0_m1.00_r0.940_T130_P125,depletion_widening_rel_4207,0.00377209,,,PASS,"what a transit fit reads from the surviving kernel after the natural Lorentzian, over the bare one: the factor the fit carries",6a468472af4bbda8,400000,0,2026-09-26T09:47:50,DIAGNOSTIC
w42.0_m1.00_r0.940_T130_P125,depletion_widening_rel_4192,0.00417412,,,PASS,"what a transit fit reads from the surviving kernel after the natural Lorentzian, over the bare one: the factor the fit carries",6a468472af4bbda8,400000,0,2026-09-26T09:47:50,DIAGNOSTIC
w42.0_m1.00_r0.940_T130_P125,depletion_widening_rel_4154,0.00575635,,,PASS,"what a transit fit reads from the surviving kernel after the natural Lorentzian, over the bare one: the factor the fit carries",6a468472af4bbda8,400000,0,2026-09-26T09:47:50,DIAGNOSTIC
w42.0_m1.00_r0.940_T130_P125,depletion_widening_rel_4121,0.00614586,,,PASS,"what a transit fit reads from the surviving kernel after the natural Lorentzian, over the bare one: the factor the fit carries",6a468472af4bbda8,400000,0,2026-09-26T09:47:50,DIAGNOSTIC
w42.0_m1.00_r0.940_T130_P125,depletion_fwhm_rel_4207,0.0378281,,,PASS,"the surviving transit kernel's FWHM over the bare collected kernel's, the core-flattening diagnostic",6a468472af4bbda8,400000,0,2026-09-26T09:47:50,DIAGNOSTIC
w42.0_m1.00_r0.940_T130_P125,depletion_fwhm_rel_4192,0.0409388,,,PASS,"the surviving transit kernel's FWHM over the bare collected kernel's, the core-flattening diagnostic",6a468472af4bbda8,400000,0,2026-09-26T09:47:50,DIAGNOSTIC
w42.0_m1.00_r0.940_T130_P125,depletion_fwhm_rel_4154,0.0524964,,,PASS,"the surviving transit kernel's FWHM over the bare collected kernel's, the core-flattening diagnostic",6a468472af4bbda8,400000,0,2026-09-26T09:47:50,DIAGNOSTIC
w42.0_m1.00_r0.940_T130_P125,depletion_fwhm_rel_4121,0.0552071,,,PASS,"the surviving transit kernel's FWHM over the bare collected kernel's, the core-flattening diagnostic",6a468472af4bbda8,400000,0,2026-09-26T09:47:50,DIAGNOSTIC
w42.0_m1.00_r0.940_T130_P125,shares_shift_abs,0.000859534,,,PASS,the largest move of a line's share from the thermal law to the depleted one: the physical shift,6a468472af4bbda8,400000,0,2026-09-26T09:47:50,DIAGNOSTIC
w42.0_m1.00_r0.940_T130_P125,cycles_on_axis,0.0872569,,,PASS,excitation cycles on the central chord at the mean transverse speed,6a468472af4bbda8,400000,0,2026-09-26T09:47:50,DIAGNOSTIC
w42.0_m1.00_r0.940_T130_P125,cycles_mean_over_chords,0.0130728,,,PASS,the flux-weighted mean over every chord,6a468472af4bbda8,400000,0,2026-09-26T09:47:50,DIAGNOSTIC
w42.0_m1.00_r0.940_T130_P175,transit_fwhm_rel,1.45125,1.44833,,PASS,the Monte Carlo against the form the fit uses at this node,6a468472af4bbda8,400000,0,2026-09-26T09:49:05,DIAGNOSTIC
w42.0_m1.00_r0.940_T130_P175,transit_shape_rel,1.00032,1,,PASS,the Monte Carlo against the form the fit uses at this node,6a468472af4bbda8,400000,0,2026-09-26T09:49:05,DIAGNOSTIC
w42.0_m1.00_r0.940_T130_P175,ramp_mu2_rel,0.0507775,0.0507414,,PASS,the Monte Carlo against the form the fit uses at this node,6a468472af4bbda8,400000,0,2026-09-26T09:49:05,DIAGNOSTIC
w42.0_m1.00_r0.940_T130_P175,ramp_mu3_rel,-0.00657508,-0.00654641,,PASS,the Monte Carlo against the form the fit uses at this node,6a468472af4bbda8,400000,0,2026-09-26T09:49:05,DIAGNOSTIC
w42.0_m1.00_r0.940_T130_P175,amplitude_power_law_abs,1.84033,1.83712,,PASS,the Monte Carlo against the form the fit uses at this node,6a468472af4bbda8,400000,0,2026-09-26T09:49:05,DIAGNOSTIC
w42.0_m1.00_r0.940_T130_P175,shares_abs,0.000521496,0,,PASS,the Monte Carlo against the form the fit uses at this node,6a468472af4bbda8,400000,0,2026-09-26T09:49:05,DIAGNOSTIC
w42.0_m1.00_r0.940_T130_P175,joint_shape_abs,0.00783858,0,,PASS,the Monte Carlo against the form the fit uses at this node,6a468472af4bbda8,400000,0,2026-09-26T09:49:05,DIAGNOSTIC
w42.0_m1.00_r0.940_T130_P175,joint_moment_sigma_abs,2.27354,0,,PASS,the Monte Carlo against the form the fit uses at this node,6a468472af4bbda8,400000,0,2026-09-26T09:49:05,DIAGNOSTIC
w42.0_m1.00_r0.940_T130_P175,depleted_line_abs,0.00070129,0,,PASS,the Monte Carlo against the form the fit uses at this node,6a468472af4bbda8,400000,0,2026-09-26T09:49:05,DIAGNOSTIC
w42.0_m1.00_r0.940_T130_P175,depletion_widening_rel_4207,0.00689966,,,PASS,"what a transit fit reads from the surviving kernel after the natural Lorentzian, over the bare one: the factor the fit carries",6a468472af4bbda8,400000,0,2026-09-26T09:49:05,DIAGNOSTIC
w42.0_m1.00_r0.940_T130_P175,depletion_widening_rel_4192,0.00761935,,,PASS,"what a transit fit reads from the surviving kernel after the natural Lorentzian, over the bare one: the factor the fit carries",6a468472af4bbda8,400000,0,2026-09-26T09:49:05,DIAGNOSTIC
w42.0_m1.00_r0.940_T130_P175,depletion_widening_rel_4154,0.0104282,,,PASS,"what a transit fit reads from the surviving kernel after the natural Lorentzian, over the bare one: the factor the fit carries",6a468472af4bbda8,400000,0,2026-09-26T09:49:05,DIAGNOSTIC
w42.0_m1.00_r0.940_T130_P175,depletion_widening_rel_4121,0.0111142,,,PASS,"what a transit fit reads from the surviving kernel after the natural Lorentzian, over the bare one: the factor the fit carries",6a468472af4bbda8,400000,0,2026-09-26T09:49:05,DIAGNOSTIC
w42.0_m1.00_r0.940_T130_P175,depletion_fwhm_rel_4207,0.0603262,,,PASS,"the surviving transit kernel's FWHM over the bare collected kernel's, the core-flattening diagnostic",6a468472af4bbda8,400000,0,2026-09-26T09:49:05,DIAGNOSTIC
w42.0_m1.00_r0.940_T130_P175,depletion_fwhm_rel_4192,0.0650482,,,PASS,"the surviving transit kernel's FWHM over the bare collected kernel's, the core-flattening diagnostic",6a468472af4bbda8,400000,0,2026-09-26T09:49:05,DIAGNOSTIC
w42.0_m1.00_r0.940_T130_P175,depletion_fwhm_rel_4154,0.0824583,,,PASS,"the surviving transit kernel's FWHM over the bare collected kernel's, the core-flattening diagnostic",6a468472af4bbda8,400000,0,2026-09-26T09:49:05,DIAGNOSTIC
w42.0_m1.00_r0.940_T130_P175,depletion_fwhm_rel_4121,0.0865062,,,PASS,"the surviving transit kernel's FWHM over the bare collected kernel's, the core-flattening diagnostic",6a468472af4bbda8,400000,0,2026-09-26T09:49:05,DIAGNOSTIC
w42.0_m1.00_r0.940_T130_P175,shares_shift_abs,0.00157134,,,PASS,the largest move of a line's share from the thermal law to the depleted one: the physical shift,6a468472af4bbda8,400000,0,2026-09-26T09:49:05,DIAGNOSTIC
w42.0_m1.00_r0.940_T130_P175,cycles_on_axis,0.163627,,,PASS,excitation cycles on the central chord at the mean transverse speed,6a468472af4bbda8,400000,0,2026-09-26T09:49:05,DIAGNOSTIC
w42.0_m1.00_r0.940_T130_P175,cycles_mean_over_chords,0.0248267,,,PASS,the flux-weighted mean over every chord,6a468472af4bbda8,400000,0,2026-09-26T09:49:05,DIAGNOSTIC
w42.0_m1.00_r0.940_T130_P180,transit_fwhm_rel,1.45125,1.44838,,PASS,the Monte Carlo against the form the fit uses at this node,6a468472af4bbda8,400000,0,2026-09-26T09:49:16,DIAGNOSTIC
w42.0_m1.00_r0.940_T130_P180,transit_shape_rel,1.00032,1,,PASS,the Monte Carlo against the form the fit uses at this node,6a468472af4bbda8,400000,0,2026-09-26T09:49:16,DIAGNOSTIC
w42.0_m1.00_r0.940_T130_P180,ramp_mu2_rel,0.050815,0.0507786,,PASS,the Monte Carlo against the form the fit uses at this node,6a468472af4bbda8,400000,0,2026-09-26T09:49:16,DIAGNOSTIC
w42.0_m1.00_r0.940_T130_P180,ramp_mu3_rel,-0.00655854,-0.00652992,,PASS,the Monte Carlo against the form the fit uses at this node,6a468472af4bbda8,400000,0,2026-09-26T09:49:16,DIAGNOSTIC
w42.0_m1.00_r0.940_T130_P180,amplitude_power_law_abs,1.83225,1.82887,,PASS,the Monte Carlo against the form the fit uses at this node,6a468472af4bbda8,400000,0,2026-09-26T09:49:16,DIAGNOSTIC
w42.0_m1.00_r0.940_T130_P180,shares_abs,0.000551981,0,,PASS,the Monte Carlo against the form the fit uses at this node,6a468472af4bbda8,400000,0,2026-09-26T09:49:16,DIAGNOSTIC
w42.0_m1.00_r0.940_T130_P180,joint_shape_abs,0.00793149,0,,PASS,the Monte Carlo against the form the fit uses at this node,6a468472af4bbda8,400000,0,2026-09-26T09:49:16,DIAGNOSTIC
w42.0_m1.00_r0.940_T130_P180,joint_moment_sigma_abs,2.30323,0,,PASS,the Monte Carlo against the form the fit uses at this node,6a468472af4bbda8,400000,0,2026-09-26T09:49:16,DIAGNOSTIC
w42.0_m1.00_r0.940_T130_P180,depleted_line_abs,0.000722362,0,,PASS,the Monte Carlo against the form the fit uses at this node,6a468472af4bbda8,400000,0,2026-09-26T09:49:16,DIAGNOSTIC
w42.0_m1.00_r0.940_T130_P180,depletion_widening_rel_4207,0.00724476,,,PASS,"what a transit fit reads from the surviving kernel after the natural Lorentzian, over the bare one: the factor the fit carries",6a468472af4bbda8,400000,0,2026-09-26T09:49:16,DIAGNOSTIC
w42.0_m1.00_r0.940_T130_P180,depletion_widening_rel_4192,0.00799878,,,PASS,"what a transit fit reads from the surviving kernel after the natural Lorentzian, over the bare one: the factor the fit carries",6a468472af4bbda8,400000,0,2026-09-26T09:49:16,DIAGNOSTIC
w42.0_m1.00_r0.940_T130_P180,depletion_widening_rel_4154,0.0109392,,,PASS,"what a transit fit reads from the surviving kernel after the natural Lorentzian, over the bare one: the factor the fit carries",6a468472af4bbda8,400000,0,2026-09-26T09:49:16,DIAGNOSTIC
w42.0_m1.00_r0.940_T130_P180,depletion_widening_rel_4121,0.0116568,,,PASS,"what a transit fit reads from the surviving kernel after the natural Lorentzian, over the bare one: the factor the fit carries",6a468472af4bbda8,400000,0,2026-09-26T09:49:16,DIAGNOSTIC
w42.0_m1.00_r0.940_T130_P180,depletion_fwhm_rel_4207,0.0626078,,,PASS,"the surviving transit kernel's FWHM over the bare collected kernel's, the core-flattening diagnostic",6a468472af4bbda8,400000,0,2026-09-26T09:49:16,DIAGNOSTIC
w42.0_m1.00_r0.940_T130_P180,depletion_fwhm_rel_4192,0.0675074,,,PASS,"the surviving transit kernel's FWHM over the bare collected kernel's, the core-flattening diagnostic",6a468472af4bbda8,400000,0,2026-09-26T09:49:16,DIAGNOSTIC
w42.0_m1.00_r0.940_T130_P180,depletion_fwhm_rel_4154,0.085484,,,PASS,"the surviving transit kernel's FWHM over the bare collected kernel's, the core-flattening diagnostic",6a468472af4bbda8,400000,0,2026-09-26T09:49:16,DIAGNOSTIC
w42.0_m1.00_r0.940_T130_P180,depletion_fwhm_rel_4121,0.0896512,,,PASS,"the surviving transit kernel's FWHM over the bare collected kernel's, the core-flattening diagnostic",6a468472af4bbda8,400000,0,2026-09-26T09:49:16,DIAGNOSTIC
w42.0_m1.00_r0.940_T130_P180,shares_shift_abs,0.00164981,,,PASS,the largest move of a line's share from the thermal law to the depleted one: the physical shift,6a468472af4bbda8,400000,0,2026-09-26T09:49:16,DIAGNOSTIC
w42.0_m1.00_r0.940_T130_P180,cycles_on_axis,0.172235,,,PASS,excitation cycles on the central chord at the mean transverse speed,6a468472af4bbda8,400000,0,2026-09-26T09:49:16,DIAGNOSTIC
w42.0_m1.00_r0.940_T130_P180,cycles_mean_over_chords,0.0261705,,,PASS,the flux-weighted mean over every chord,6a468472af4bbda8,400000,0,2026-09-26T09:49:16,DIAGNOSTIC
w42.0_m1.00_r0.940_T130_P225,transit_fwhm_rel,1.45126,1.44889,,PASS,the Monte Carlo against the form the fit uses at this node,6a468472af4bbda8,400000,0,2026-09-26T09:49:15,DIAGNOSTIC
w42.0_m1.00_r0.940_T130_P225,transit_shape_rel,1.00032,1,,PASS,the Monte Carlo against the form the fit uses at this node,6a468472af4bbda8,400000,0,2026-09-26T09:49:15,DIAGNOSTIC
w42.0_m1.00_r0.940_T130_P225,ramp_mu2_rel,0.051186,0.0511466,,PASS,the Monte Carlo against the form the fit uses at this node,6a468472af4bbda8,400000,0,2026-09-26T09:49:15,DIAGNOSTIC
w42.0_m1.00_r0.940_T130_P225,ramp_mu3_rel,-0.00639267,-0.00636464,,PASS,the Monte Carlo against the form the fit uses at this node,6a468472af4bbda8,400000,0,2026-09-26T09:49:15,DIAGNOSTIC
w42.0_m1.00_r0.940_T130_P225,amplitude_power_law_abs,1.75525,1.75035,,PASS,the Monte Carlo against the form the fit uses at this node,6a468472af4bbda8,400000,0,2026-09-26T09:49:15,DIAGNOSTIC
w42.0_m1.00_r0.940_T130_P225,shares_abs,0.000858103,0,,PASS,the Monte Carlo against the form the fit uses at this node,6a468472af4bbda8,400000,0,2026-09-26T09:49:15,DIAGNOSTIC
w42.0_m1.00_r0.940_T130_P225,joint_shape_abs,0.00867704,0,,PASS,the Monte Carlo against the form the fit uses at this node,6a468472af4bbda8,400000,0,2026-09-26T09:49:15,DIAGNOSTIC
w42.0_m1.00_r0.940_T130_P225,joint_moment_sigma_abs,2.37702,0,,PASS,the Monte Carlo against the form the fit uses at this node,6a468472af4bbda8,400000,0,2026-09-26T09:49:15,DIAGNOSTIC
w42.0_m1.00_r0.940_T130_P225,depleted_line_abs,0.000917843,0,,PASS,the Monte Carlo against the form the fit uses at this node,6a468472af4bbda8,400000,0,2026-09-26T09:49:15,DIAGNOSTIC
w42.0_m1.00_r0.940_T130_P225,depletion_widening_rel_4207,0.0105341,,,PASS,"what a transit fit reads from the surviving kernel after the natural Lorentzian, over the bare one: the factor the fit carries",6a468472af4bbda8,400000,0,2026-09-26T09:49:15,DIAGNOSTIC
w42.0_m1.00_r0.940_T130_P225,depletion_widening_rel_4192,0.011609,,,PASS,"what a transit fit reads from the surviving kernel after the natural Lorentzian, over the bare one: the factor the fit carries",6a468472af4bbda8,400000,0,2026-09-26T09:49:15,DIAGNOSTIC
w42.0_m1.00_r0.940_T130_P225,depletion_widening_rel_4154,0.0157707,,,PASS,"what a transit fit reads from the surviving kernel after the natural Lorentzian, over the bare one: the factor the fit carries",6a468472af4bbda8,400000,0,2026-09-26T09:49:15,DIAGNOSTIC
w42.0_m1.00_r0.940_T130_P225,depletion_widening_rel_4121,0.0167795,,,PASS,"what a transit fit reads from the surviving kernel after the natural Lorentzian, over the bare one: the factor the fit carries",6a468472af4bbda8,400000,0,2026-09-26T09:49:15,DIAGNOSTIC
w42.0_m1.00_r0.940_T130_P225,depletion_fwhm_rel_4207,0.0831153,,,PASS,"the surviving transit kernel's FWHM over the bare collected kernel's, the core-flattening diagnostic",6a468472af4bbda8,400000,0,2026-09-26T09:49:15,DIAGNOSTIC
w42.0_m1.00_r0.940_T130_P225,depletion_fwhm_rel_4192,0.0894044,,,PASS,"the surviving transit kernel's FWHM over the bare collected kernel's, the core-flattening diagnostic",6a468472af4bbda8,400000,0,2026-09-26T09:49:15,DIAGNOSTIC
w42.0_m1.00_r0.940_T130_P225,depletion_fwhm_rel_4154,0.112233,,,PASS,"the surviving transit kernel's FWHM over the bare collected kernel's, the core-flattening diagnostic",6a468472af4bbda8,400000,0,2026-09-26T09:49:15,DIAGNOSTIC
w42.0_m1.00_r0.940_T130_P225,depletion_fwhm_rel_4121,0.117482,,,PASS,"the surviving transit kernel's FWHM over the bare collected kernel's, the core-flattening diagnostic",6a468472af4bbda8,400000,0,2026-09-26T09:49:15,DIAGNOSTIC
w42.0_m1.00_r0.940_T130_P225,shares_shift_abs,0.00239699,,,PASS,the largest move of a line's share from the thermal law to the depleted one: the physical shift,6a468472af4bbda8,400000,0,2026-09-26T09:49:15,DIAGNOSTIC
w42.0_m1.00_r0.940_T130_P225,cycles_on_axis,0.255943,,,PASS,excitation cycles on the central chord at the mean transverse speed,6a468472af4bbda8,400000,0,2026-09-26T09:49:15,DIAGNOSTIC
w42.0_m1.00_r0.940_T130_P225,cycles_mean_over_chords,0.0394433,,,PASS,the flux-weighted mean over every chord,6a468472af4bbda8,400000,0,2026-09-26T09:49:15,DIAGNOSTIC
w42.0_m1.00_r0.940_T130_P25,transit_fwhm_rel,1.45123,1.44735,,PASS,the Monte Carlo against the form the fit uses at this node,6a468472af4bbda8,400000,0,2026-09-26T09:50:33,DIAGNOSTIC
w42.0_m1.00_r0.940_T130_P25,transit_shape_rel,1.00032,1,,PASS,the Monte Carlo against the form the fit uses at this node,6a468472af4bbda8,400000,0,2026-09-26T09:50:33,DIAGNOSTIC
w42.0_m1.00_r0.940_T130_P25,ramp_mu2_rel,0.0501037,0.0500732,,PASS,the Monte Carlo against the form the fit uses at this node,6a468472af4bbda8,400000,0,2026-09-26T09:50:33,DIAGNOSTIC
w42.0_m1.00_r0.940_T130_P25,ramp_mu3_rel,-0.00686614,-0.00683661,,PASS,the Monte Carlo against the form the fit uses at this node,6a468472af4bbda8,400000,0,2026-09-26T09:50:33,DIAGNOSTIC
w42.0_m1.00_r0.940_T130_P25,amplitude_power_law_abs,1.99628,1.99623,,PASS,the Monte Carlo against the form the fit uses at this node,6a468472af4bbda8,400000,0,2026-09-26T09:50:33,DIAGNOSTIC
w42.0_m1.00_r0.940_T130_P25,shares_abs,9.68668e-06,0,,PASS,the Monte Carlo against the form the fit uses at this node,6a468472af4bbda8,400000,0,2026-09-26T09:50:33,DIAGNOSTIC
w42.0_m1.00_r0.940_T130_P25,joint_shape_abs,0.00518432,0,,PASS,the Monte Carlo against the form the fit uses at this node,6a468472af4bbda8,400000,0,2026-09-26T09:50:33,DIAGNOSTIC
w42.0_m1.00_r0.940_T130_P25,joint_moment_sigma_abs,1.35971,0,,PASS,the Monte Carlo against the form the fit uses at this node,6a468472af4bbda8,400000,0,2026-09-26T09:50:33,DIAGNOSTIC
w42.0_m1.00_r0.940_T130_P25,depleted_line_abs,0.000261574,0,,PASS,the Monte Carlo against the form the fit uses at this node,6a468472af4bbda8,400000,0,2026-09-26T09:50:33,DIAGNOSTIC
w42.0_m1.00_r0.940_T130_P25,depletion_widening_rel_4207,0.000166725,,,PASS,"what a transit fit reads from the surviving kernel after the natural Lorentzian, over the bare one: the factor the fit carries",6a468472af4bbda8,400000,0,2026-09-26T09:50:33,DIAGNOSTIC
w42.0_m1.00_r0.940_T130_P25,depletion_widening_rel_4192,0.000185051,,,PASS,"what a transit fit reads from the surviving kernel after the natural Lorentzian, over the bare one: the factor the fit carries",6a468472af4bbda8,400000,0,2026-09-26T09:50:33,DIAGNOSTIC
w42.0_m1.00_r0.940_T130_P25,depletion_widening_rel_4154,0.000258153,,,PASS,"what a transit fit reads from the surviving kernel after the natural Lorentzian, over the bare one: the factor the fit carries",6a468472af4bbda8,400000,0,2026-09-26T09:50:33,DIAGNOSTIC
w42.0_m1.00_r0.940_T130_P25,depletion_widening_rel_4121,0.000276384,,,PASS,"what a transit fit reads from the surviving kernel after the natural Lorentzian, over the bare one: the factor the fit carries",6a468472af4bbda8,400000,0,2026-09-26T09:50:33,DIAGNOSTIC
w42.0_m1.00_r0.940_T130_P25,depletion_fwhm_rel_4207,0.00290532,,,PASS,"the surviving transit kernel's FWHM over the bare collected kernel's, the core-flattening diagnostic",6a468472af4bbda8,400000,0,2026-09-26T09:50:33,DIAGNOSTIC
w42.0_m1.00_r0.940_T130_P25,depletion_fwhm_rel_4192,0.0031766,,,PASS,"the surviving transit kernel's FWHM over the bare collected kernel's, the core-flattening diagnostic",6a468472af4bbda8,400000,0,2026-09-26T09:50:33,DIAGNOSTIC
w42.0_m1.00_r0.940_T130_P25,depletion_fwhm_rel_4154,0.00421828,,,PASS,"the surviving transit kernel's FWHM over the bare collected kernel's, the core-flattening diagnostic",6a468472af4bbda8,400000,0,2026-09-26T09:50:33,DIAGNOSTIC
w42.0_m1.00_r0.940_T130_P25,depletion_fwhm_rel_4121,0.00446956,,,PASS,"the surviving transit kernel's FWHM over the bare collected kernel's, the core-flattening diagnostic",6a468472af4bbda8,400000,0,2026-09-26T09:50:33,DIAGNOSTIC
w42.0_m1.00_r0.940_T130_P25,shares_shift_abs,3.75574e-05,,,PASS,the largest move of a line's share from the thermal law to the depleted one: the physical shift,6a468472af4bbda8,400000,0,2026-09-26T09:50:33,DIAGNOSTIC
w42.0_m1.00_r0.940_T130_P25,cycles_on_axis,0.00365795,,,PASS,excitation cycles on the central chord at the mean transverse speed,6a468472af4bbda8,400000,0,2026-09-26T09:50:33,DIAGNOSTIC
w42.0_m1.00_r0.940_T130_P25,cycles_mean_over_chords,0.000540612,,,PASS,the flux-weighted mean over every chord,6a468472af4bbda8,400000,0,2026-09-26T09:50:33,DIAGNOSTIC
w42.0_m1.00_r0.940_T130_P270,transit_fwhm_rel,1.45129,1.44944,,PASS,the Monte Carlo against the form the fit uses at this node,6a468472af4bbda8,400000,0,2026-09-26T09:50:44,DIAGNOSTIC
w42.0_m1.00_r0.940_T130_P270,transit_shape_rel,1.00031,1,,PASS,the Monte Carlo against the form the fit uses at this node,6a468472af4bbda8,400000,0,2026-09-26T09:50:44,DIAGNOSTIC
w42.0_m1.00_r0.940_T130_P270,ramp_mu2_rel,0.0516085,0.0515659,,PASS,the Monte Carlo against the form the fit uses at this node,6a468472af4bbda8,400000,0,2026-09-26T09:50:44,DIAGNOSTIC
w42.0_m1.00_r0.940_T130_P270,ramp_mu3_rel,-0.00619915,-0.00617187,,PASS,the Monte Carlo against the form the fit uses at this node,6a468472af4bbda8,400000,0,2026-09-26T09:50:44,DIAGNOSTIC
w42.0_m1.00_r0.940_T130_P270,amplitude_power_law_abs,1.67354,1.6673,,PASS,the Monte Carlo against the form the fit uses at this node,6a468472af4bbda8,400000,0,2026-09-26T09:50:44,DIAGNOSTIC
w42.0_m1.00_r0.940_T130_P270,shares_abs,0.00121075,0,,PASS,the Monte Carlo against the form the fit uses at this node,6a468472af4bbda8,400000,0,2026-09-26T09:50:44,DIAGNOSTIC
w42.0_m1.00_r0.940_T130_P270,joint_shape_abs,0.00942059,0,,PASS,the Monte Carlo against the form the fit uses at this node,6a468472af4bbda8,400000,0,2026-09-26T09:50:44,DIAGNOSTIC
w42.0_m1.00_r0.940_T130_P270,joint_moment_sigma_abs,2.39702,0,,PASS,the Monte Carlo against the form the fit uses at this node,6a468472af4bbda8,400000,0,2026-09-26T09:50:44,DIAGNOSTIC
w42.0_m1.00_r0.940_T130_P270,depleted_line_abs,0.00111626,0,,PASS,the Monte Carlo against the form the fit uses at this node,6a468472af4bbda8,400000,0,2026-09-26T09:50:44,DIAGNOSTIC
w42.0_m1.00_r0.940_T130_P270,depletion_widening_rel_4207,0.0140332,,,PASS,"what a transit fit reads from the surviving kernel after the natural Lorentzian, over the bare one: the factor the fit carries",6a468472af4bbda8,400000,0,2026-09-26T09:50:44,DIAGNOSTIC
w42.0_m1.00_r0.940_T130_P270,depletion_widening_rel_4192,0.0154382,,,PASS,"what a transit fit reads from the surviving kernel after the natural Lorentzian, over the bare one: the factor the fit carries",6a468472af4bbda8,400000,0,2026-09-26T09:50:44,DIAGNOSTIC
w42.0_m1.00_r0.940_T130_P270,depletion_widening_rel_4154,0.0208403,,,PASS,"what a transit fit reads from the surviving kernel after the natural Lorentzian, over the bare one: the factor the fit carries",6a468472af4bbda8,400000,0,2026-09-26T09:50:44,DIAGNOSTIC
w42.0_m1.00_r0.940_T130_P270,depletion_widening_rel_4121,0.0221414,,,PASS,"what a transit fit reads from the surviving kernel after the natural Lorentzian, over the bare one: the factor the fit carries",6a468472af4bbda8,400000,0,2026-09-26T09:50:44,DIAGNOSTIC
w42.0_m1.00_r0.940_T130_P270,depletion_fwhm_rel_4207,0.102992,,,PASS,"the surviving transit kernel's FWHM over the bare collected kernel's, the core-flattening diagnostic",6a468472af4bbda8,400000,0,2026-09-26T09:50:44,DIAGNOSTIC
w42.0_m1.00_r0.940_T130_P270,depletion_fwhm_rel_4192,0.110529,,,PASS,"the surviving transit kernel's FWHM over the bare collected kernel's, the core-flattening diagnostic",6a468472af4bbda8,400000,0,2026-09-26T09:50:44,DIAGNOSTIC
w42.0_m1.00_r0.940_T130_P270,depletion_fwhm_rel_4154,0.137764,,,PASS,"the surviving transit kernel's FWHM over the bare collected kernel's, the core-flattening diagnostic",6a468472af4bbda8,400000,0,2026-09-26T09:50:44,DIAGNOSTIC
w42.0_m1.00_r0.940_T130_P270,depletion_fwhm_rel_4121,0.143975,,,PASS,"the surviving transit kernel's FWHM over the bare collected kernel's, the core-flattening diagnostic",6a468472af4bbda8,400000,0,2026-09-26T09:50:44,DIAGNOSTIC
w42.0_m1.00_r0.940_T130_P270,shares_shift_abs,0.00319074,,,PASS,the largest move of a line's share from the thermal law to the depleted one: the physical shift,6a468472af4bbda8,400000,0,2026-09-26T09:50:44,DIAGNOSTIC
w42.0_m1.00_r0.940_T130_P270,cycles_on_axis,0.348056,,,PASS,excitation cycles on the central chord at the mean transverse speed,6a468472af4bbda8,400000,0,2026-09-26T09:50:44,DIAGNOSTIC
w42.0_m1.00_r0.940_T130_P270,cycles_mean_over_chords,0.0544959,,,PASS,the flux-weighted mean over every chord,6a468472af4bbda8,400000,0,2026-09-26T09:50:44,DIAGNOSTIC
w42.0_m1.00_r0.940_T130_P75,transit_fwhm_rel,1.45123,1.44753,,PASS,the Monte Carlo against the form the fit uses at this node,6a468472af4bbda8,400000,0,2026-09-26T09:50:45,DIAGNOSTIC
w42.0_m1.00_r0.940_T130_P75,transit_shape_rel,1.00032,1,,PASS,the Monte Carlo against the form the fit uses at this node,6a468472af4bbda8,400000,0,2026-09-26T09:50:45,DIAGNOSTIC
w42.0_m1.00_r0.940_T130_P75,ramp_mu2_rel,0.0502217,0.0501902,,PASS,the Monte Carlo against the form the fit uses at this node,6a468472af4bbda8,400000,0,2026-09-26T09:50:45,DIAGNOSTIC
w42.0_m1.00_r0.940_T130_P75,ramp_mu3_rel,-0.00681605,-0.00678666,,PASS,the Monte Carlo against the form the fit uses at this node,6a468472af4bbda8,400000,0,2026-09-26T09:50:45,DIAGNOSTIC
w42.0_m1.00_r0.940_T130_P75,amplitude_power_law_abs,1.96736,1.9668,,PASS,the Monte Carlo against the form the fit uses at this node,6a468472af4bbda8,400000,0,2026-09-26T09:50:45,DIAGNOSTIC
w42.0_m1.00_r0.940_T130_P75,shares_abs,9.09238e-05,0,,PASS,the Monte Carlo against the form the fit uses at this node,6a468472af4bbda8,400000,0,2026-09-26T09:50:45,DIAGNOSTIC
w42.0_m1.00_r0.940_T130_P75,joint_shape_abs,0.00608886,0,,PASS,the Monte Carlo against the form the fit uses at this node,6a468472af4bbda8,400000,0,2026-09-26T09:50:45,DIAGNOSTIC
w42.0_m1.00_r0.940_T130_P75,joint_moment_sigma_abs,1.64485,0,,PASS,the Monte Carlo against the form the fit uses at this node,6a468472af4bbda8,400000,0,2026-09-26T09:50:45,DIAGNOSTIC
w42.0_m1.00_r0.940_T130_P75,depleted_line_abs,0.000349795,0,,PASS,the Monte Carlo against the form the fit uses at this node,6a468472af4bbda8,400000,0,2026-09-26T09:50:45,DIAGNOSTIC
w42.0_m1.00_r0.940_T130_P75,depletion_widening_rel_4207,0.00143567,,,PASS,"what a transit fit reads from the surviving kernel after the natural Lorentzian, over the bare one: the factor the fit carries",6a468472af4bbda8,400000,0,2026-09-26T09:50:45,DIAGNOSTIC
w42.0_m1.00_r0.940_T130_P75,depletion_widening_rel_4192,0.00159162,,,PASS,"what a transit fit reads from the surviving kernel after the natural Lorentzian, over the bare one: the factor the fit carries",6a468472af4bbda8,400000,0,2026-09-26T09:50:45,DIAGNOSTIC
w42.0_m1.00_r0.940_T130_P75,depletion_widening_rel_4154,0.00221025,,,PASS,"what a transit fit reads from the surviving kernel after the natural Lorentzian, over the bare one: the factor the fit carries",6a468472af4bbda8,400000,0,2026-09-26T09:50:45,DIAGNOSTIC
w42.0_m1.00_r0.940_T130_P75,depletion_widening_rel_4121,0.00236369,,,PASS,"what a transit fit reads from the surviving kernel after the natural Lorentzian, over the bare one: the factor the fit carries",6a468472af4bbda8,400000,0,2026-09-26T09:50:45,DIAGNOSTIC
w42.0_m1.00_r0.940_T130_P75,depletion_fwhm_rel_4207,0.0175211,,,PASS,"the surviving transit kernel's FWHM over the bare collected kernel's, the core-flattening diagnostic",6a468472af4bbda8,400000,0,2026-09-26T09:50:45,DIAGNOSTIC
w42.0_m1.00_r0.940_T130_P75,depletion_fwhm_rel_4192,0.0190492,,,PASS,"the surviving transit kernel's FWHM over the bare collected kernel's, the core-flattening diagnostic",6a468472af4bbda8,400000,0,2026-09-26T09:50:45,DIAGNOSTIC
w42.0_m1.00_r0.940_T130_P75,depletion_fwhm_rel_4154,0.0247942,,,PASS,"the surviving transit kernel's FWHM over the bare collected kernel's, the core-flattening diagnostic",6a468472af4bbda8,400000,0,2026-09-26T09:50:45,DIAGNOSTIC
w42.0_m1.00_r0.940_T130_P75,depletion_fwhm_rel_4121,0.0261535,,,PASS,"the surviving transit kernel's FWHM over the bare collected kernel's, the core-flattening diagnostic",6a468472af4bbda8,400000,0,2026-09-26T09:50:45,DIAGNOSTIC
w42.0_m1.00_r0.940_T130_P75,shares_shift_abs,0.000326812,,,PASS,the largest move of a line's share from the thermal law to the depleted one: the physical shift,6a468472af4bbda8,400000,0,2026-09-26T09:50:45,DIAGNOSTIC
w42.0_m1.00_r0.940_T130_P75,cycles_on_axis,0.0324002,,,PASS,excitation cycles on the central chord at the mean transverse speed,6a468472af4bbda8,400000,0,2026-09-26T09:50:45,DIAGNOSTIC
w42.0_m1.00_r0.940_T130_P75,cycles_mean_over_chords,0.00481082,,,PASS,the flux-weighted mean over every chord,6a468472af4bbda8,400000,0,2026-09-26T09:50:45,DIAGNOSTIC
w42.0_m1.00_r0.940_T130_P90,transit_fwhm_rel,1.45123,1.44762,,PASS,the Monte Carlo against the form the fit uses at this node,6a468472af4bbda8,400000,0,2026-09-26T09:51:56,DIAGNOSTIC
w42.0_m1.00_r0.940_T130_P90,transit_shape_rel,1.00032,1,,PASS,the Monte Carlo against the form the fit uses at this node,6a468472af4bbda8,400000,0,2026-09-26T09:51:56,DIAGNOSTIC
w42.0_m1.00_r0.940_T130_P90,ramp_mu2_rel,0.0502792,0.0502472,,PASS,the Monte Carlo against the form the fit uses at this node,6a468472af4bbda8,400000,0,2026-09-26T09:51:56,DIAGNOSTIC
w42.0_m1.00_r0.940_T130_P90,ramp_mu3_rel,-0.0067915,-0.00676217,,PASS,the Monte Carlo against the form the fit uses at this node,6a468472af4bbda8,400000,0,2026-09-26T09:51:56,DIAGNOSTIC
w42.0_m1.00_r0.940_T130_P90,amplitude_power_law_abs,1.95353,1.9527,,PASS,the Monte Carlo against the form the fit uses at this node,6a468472af4bbda8,400000,0,2026-09-26T09:51:56,DIAGNOSTIC
w42.0_m1.00_r0.940_T130_P90,shares_abs,0.000132546,0,,PASS,the Monte Carlo against the form the fit uses at this node,6a468472af4bbda8,400000,0,2026-09-26T09:51:56,DIAGNOSTIC
w42.0_m1.00_r0.940_T130_P90,joint_shape_abs,0.00635132,0,,PASS,the Monte Carlo against the form the fit uses at this node,6a468472af4bbda8,400000,0,2026-09-26T09:51:56,DIAGNOSTIC
w42.0_m1.00_r0.940_T130_P90,joint_moment_sigma_abs,1.75538,0,,PASS,the Monte Carlo against the form the fit uses at this node,6a468472af4bbda8,400000,0,2026-09-26T09:51:56,DIAGNOSTIC
w42.0_m1.00_r0.940_T130_P90,depleted_line_abs,0.000390405,0,,PASS,the Monte Carlo against the form the fit uses at this node,6a468472af4bbda8,400000,0,2026-09-26T09:51:56,DIAGNOSTIC
w42.0_m1.00_r0.940_T130_P90,depletion_widening_rel_4207,0.00203626,,,PASS,"what a transit fit reads from the surviving kernel after the natural Lorentzian, over the bare one: the factor the fit carries",6a468472af4bbda8,400000,0,2026-09-26T09:51:56,DIAGNOSTIC
w42.0_m1.00_r0.940_T130_P90,depletion_widening_rel_4192,0.0022563,,,PASS,"what a transit fit reads from the surviving kernel after the natural Lorentzian, over the bare one: the factor the fit carries",6a468472af4bbda8,400000,0,2026-09-26T09:51:56,DIAGNOSTIC
w42.0_m1.00_r0.940_T130_P90,depletion_widening_rel_4154,0.00312719,,,PASS,"what a transit fit reads from the surviving kernel after the natural Lorentzian, over the bare one: the factor the fit carries",6a468472af4bbda8,400000,0,2026-09-26T09:51:56,DIAGNOSTIC
w42.0_m1.00_r0.940_T130_P90,depletion_widening_rel_4121,0.00334274,,,PASS,"what a transit fit reads from the surviving kernel after the natural Lorentzian, over the bare one: the factor the fit carries",6a468472af4bbda8,400000,0,2026-09-26T09:51:56,DIAGNOSTIC
w42.0_m1.00_r0.940_T130_P90,depletion_fwhm_rel_4207,0.0232246,,,PASS,"the surviving transit kernel's FWHM over the bare collected kernel's, the core-flattening diagnostic",6a468472af4bbda8,400000,0,2026-09-26T09:51:56,DIAGNOSTIC
w42.0_m1.00_r0.940_T130_P90,depletion_fwhm_rel_4192,0.0252057,,,PASS,"the surviving transit kernel's FWHM over the bare collected kernel's, the core-flattening diagnostic",6a468472af4bbda8,400000,0,2026-09-26T09:51:56,DIAGNOSTIC
w42.0_m1.00_r0.940_T130_P90,depletion_fwhm_rel_4154,0.0326348,,,PASS,"the surviving transit kernel's FWHM over the bare collected kernel's, the core-flattening diagnostic",6a468472af4bbda8,400000,0,2026-09-26T09:51:56,DIAGNOSTIC
w42.0_m1.00_r0.940_T130_P90,depletion_fwhm_rel_4121,0.0343989,,,PASS,"the surviving transit kernel's FWHM over the bare collected kernel's, the core-flattening diagnostic",6a468472af4bbda8,400000,0,2026-09-26T09:51:56,DIAGNOSTIC
w42.0_m1.00_r0.940_T130_P90,shares_shift_abs,0.000463828,,,PASS,the largest move of a line's share from the thermal law to the depleted one: the physical shift,6a468472af4bbda8,400000,0,2026-09-26T09:51:56,DIAGNOSTIC
w42.0_m1.00_r0.940_T130_P90,cycles_on_axis,0.0462947,,,PASS,excitation cycles on the central chord at the mean transverse speed,6a468472af4bbda8,400000,0,2026-09-26T09:51:56,DIAGNOSTIC
w42.0_m1.00_r0.940_T130_P90,cycles_mean_over_chords,0.00688946,,,PASS,the flux-weighted mean over every chord,6a468472af4bbda8,400000,0,2026-09-26T09:51:56,DIAGNOSTIC
w42.0_m1.00_r0.940_T70_P225,transit_fwhm_rel,1.33892,1.33673,,PASS,the Monte Carlo against the form the fit uses at this node,6a468472af4bbda8,400000,0,2026-09-26T09:52:08,DIAGNOSTIC
w42.0_m1.00_r0.940_T70_P225,transit_shape_rel,1.00032,1,,PASS,the Monte Carlo against the form the fit uses at this node,6a468472af4bbda8,400000,0,2026-09-26T09:52:08,DIAGNOSTIC
w42.0_m1.00_r0.940_T70_P225,ramp_mu2_rel,0.051186,0.0511466,,PASS,the Monte Carlo against the form the fit uses at this node,6a468472af4bbda8,400000,0,2026-09-26T09:52:08,DIAGNOSTIC
w42.0_m1.00_r0.940_T70_P225,ramp_mu3_rel,-0.00639267,-0.00636464,,PASS,the Monte Carlo against the form the fit uses at this node,6a468472af4bbda8,400000,0,2026-09-26T09:52:08,DIAGNOSTIC
w42.0_m1.00_r0.940_T70_P225,amplitude_power_law_abs,1.75116,1.74577,,PASS,the Monte Carlo against the form the fit uses at this node,6a468472af4bbda8,400000,0,2026-09-26T09:52:08,DIAGNOSTIC
w42.0_m1.00_r0.940_T70_P225,shares_abs,0.000942024,0,,PASS,the Monte Carlo against the form the fit uses at this node,6a468472af4bbda8,400000,0,2026-09-26T09:52:08,DIAGNOSTIC
w42.0_m1.00_r0.940_T70_P225,joint_shape_abs,0.00846711,0,,PASS,the Monte Carlo against the form the fit uses at this node,6a468472af4bbda8,400000,0,2026-09-26T09:52:08,DIAGNOSTIC
w42.0_m1.00_r0.940_T70_P225,joint_moment_sigma_abs,2.15097,0,,PASS,the Monte Carlo against the form the fit uses at this node,6a468472af4bbda8,400000,0,2026-09-26T09:52:08,DIAGNOSTIC
w42.0_m1.00_r0.940_T70_P225,depleted_line_abs,0.00084736,0,,PASS,the Monte Carlo against the form the fit uses at this node,6a468472af4bbda8,400000,0,2026-09-26T09:52:08,DIAGNOSTIC
w42.0_m1.00_r0.940_T70_P225,depletion_widening_rel_4207,0.0111638,,,PASS,"what a transit fit reads from the surviving kernel after the natural Lorentzian, over the bare one: the factor the fit carries",6a468472af4bbda8,400000,0,2026-09-26T09:52:08,DIAGNOSTIC
w42.0_m1.00_r0.940_T70_P225,depletion_widening_rel_4192,0.0122984,,,PASS,"what a transit fit reads from the surviving kernel after the natural Lorentzian, over the bare one: the factor the fit carries",6a468472af4bbda8,400000,0,2026-09-26T09:52:08,DIAGNOSTIC
w42.0_m1.00_r0.940_T70_P225,depletion_widening_rel_4154,0.0166848,,,PASS,"what a transit fit reads from the surviving kernel after the natural Lorentzian, over the bare one: the factor the fit carries",6a468472af4bbda8,400000,0,2026-09-26T09:52:08,DIAGNOSTIC
w42.0_m1.00_r0.940_T70_P225,depletion_widening_rel_4121,0.0177466,,,PASS,"what a transit fit reads from the surviving kernel after the natural Lorentzian, over the bare one: the factor the fit carries",6a468472af4bbda8,400000,0,2026-09-26T09:52:08,DIAGNOSTIC
w42.0_m1.00_r0.940_T70_P225,depletion_fwhm_rel_4207,0.0878911,,,PASS,"the surviving transit kernel's FWHM over the bare collected kernel's, the core-flattening diagnostic",6a468472af4bbda8,400000,0,2026-09-26T09:52:08,DIAGNOSTIC
w42.0_m1.00_r0.940_T70_P225,depletion_fwhm_rel_4192,0.0944678,,,PASS,"the surviving transit kernel's FWHM over the bare collected kernel's, the core-flattening diagnostic",6a468472af4bbda8,400000,0,2026-09-26T09:52:08,DIAGNOSTIC
w42.0_m1.00_r0.940_T70_P225,depletion_fwhm_rel_4154,0.118385,,,PASS,"the surviving transit kernel's FWHM over the bare collected kernel's, the core-flattening diagnostic",6a468472af4bbda8,400000,0,2026-09-26T09:52:08,DIAGNOSTIC
w42.0_m1.00_r0.940_T70_P225,depletion_fwhm_rel_4121,0.123878,,,PASS,"the surviving transit kernel's FWHM over the bare collected kernel's, the core-flattening diagnostic",6a468472af4bbda8,400000,0,2026-09-26T09:52:08,DIAGNOSTIC
w42.0_m1.00_r0.940_T70_P225,shares_shift_abs,0.00258153,,,PASS,the largest move of a line's share from the thermal law to the depleted one: the physical shift,6a468472af4bbda8,400000,0,2026-09-26T09:52:08,DIAGNOSTIC
w42.0_m1.00_r0.940_T70_P225,cycles_on_axis,0.277418,,,PASS,excitation cycles on the central chord at the mean transverse speed,6a468472af4bbda8,400000,0,2026-09-26T09:52:08,DIAGNOSTIC
w42.0_m1.00_r0.940_T70_P225,cycles_mean_over_chords,0.0427528,,,PASS,the flux-weighted mean over every chord,6a468472af4bbda8,400000,0,2026-09-26T09:52:08,DIAGNOSTIC
w42.0_m1.00_r0.940_T90_P225,transit_fwhm_rel,1.37739,1.37514,,PASS,the Monte Carlo against the form the fit uses at this node,6a468472af4bbda8,400000,0,2026-09-26T09:52:09,DIAGNOSTIC
w42.0_m1.00_r0.940_T90_P225,transit_shape_rel,1.00032,1,,PASS,the Monte Carlo against the form the fit uses at this node,6a468472af4bbda8,400000,0,2026-09-26T09:52:09,DIAGNOSTIC
w42.0_m1.00_r0.940_T90_P225,ramp_mu2_rel,0.051186,0.0511466,,PASS,the Monte Carlo against the form the fit uses at this node,6a468472af4bbda8,400000,0,2026-09-26T09:52:09,DIAGNOSTIC
w42.0_m1.00_r0.940_T90_P225,ramp_mu3_rel,-0.00639267,-0.00636464,,PASS,the Monte Carlo against the form the fit uses at this node,6a468472af4bbda8,400000,0,2026-09-26T09:52:09,DIAGNOSTIC
w42.0_m1.00_r0.940_T90_P225,amplitude_power_law_abs,1.75263,1.74742,,PASS,the Monte Carlo against the form the fit uses at this node,6a468472af4bbda8,400000,0,2026-09-26T09:52:09,DIAGNOSTIC
w42.0_m1.00_r0.940_T90_P225,shares_abs,0.000911602,0,,PASS,the Monte Carlo against the form the fit uses at this node,6a468472af4bbda8,400000,0,2026-09-26T09:52:09,DIAGNOSTIC
w42.0_m1.00_r0.940_T90_P225,joint_shape_abs,0.00853996,0,,PASS,the Monte Carlo against the form the fit uses at this node,6a468472af4bbda8,400000,0,2026-09-26T09:52:09,DIAGNOSTIC
w42.0_m1.00_r0.940_T90_P225,joint_moment_sigma_abs,2.22906,0,,PASS,the Monte Carlo against the form the fit uses at this node,6a468472af4bbda8,400000,0,2026-09-26T09:52:09,DIAGNOSTIC
w42.0_m1.00_r0.940_T90_P225,depleted_line_abs,0.000872043,0,,PASS,the Monte Carlo against the form the fit uses at this node,6a468472af4bbda8,400000,0,2026-09-26T09:52:09,DIAGNOSTIC
w42.0_m1.00_r0.940_T90_P225,depletion_widening_rel_4207,0.0109384,,,PASS,"what a transit fit reads from the surviving kernel after the natural Lorentzian, over the bare one: the factor the fit carries",6a468472af4bbda8,400000,0,2026-09-26T09:52:09,DIAGNOSTIC
w42.0_m1.00_r0.940_T90_P225,depletion_widening_rel_4192,0.0120517,,,PASS,"what a transit fit reads from the surviving kernel after the natural Lorentzian, over the bare one: the factor the fit carries",6a468472af4bbda8,400000,0,2026-09-26T09:52:09,DIAGNOSTIC
w42.0_m1.00_r0.940_T90_P225,depletion_widening_rel_4154,0.0163579,,,PASS,"what a transit fit reads from the surviving kernel after the natural Lorentzian, over the bare one: the factor the fit carries",6a468472af4bbda8,400000,0,2026-09-26T09:52:09,DIAGNOSTIC
w42.0_m1.00_r0.940_T90_P225,depletion_widening_rel_4121,0.0174008,,,PASS,"what a transit fit reads from the surviving kernel after the natural Lorentzian, over the bare one: the factor the fit carries",6a468472af4bbda8,400000,0,2026-09-26T09:52:09,DIAGNOSTIC
w42.0_m1.00_r0.940_T90_P225,depletion_fwhm_rel_4207,0.0861876,,,PASS,"the surviving transit kernel's FWHM over the bare collected kernel's, the core-flattening diagnostic",6a468472af4bbda8,400000,0,2026-09-26T09:52:09,DIAGNOSTIC
w42.0_m1.00_r0.940_T90_P225,depletion_fwhm_rel_4192,0.0926622,,,PASS,"the surviving transit kernel's FWHM over the bare collected kernel's, the core-flattening diagnostic",6a468472af4bbda8,400000,0,2026-09-26T09:52:09,DIAGNOSTIC
w42.0_m1.00_r0.940_T90_P225,depletion_fwhm_rel_4154,0.116184,,,PASS,"the surviving transit kernel's FWHM over the bare collected kernel's, the core-flattening diagnostic",6a468472af4bbda8,400000,0,2026-09-26T09:52:09,DIAGNOSTIC
w42.0_m1.00_r0.940_T90_P225,depletion_fwhm_rel_4121,0.121601,,,PASS,"the surviving transit kernel's FWHM over the bare collected kernel's, the core-flattening diagnostic",6a468472af4bbda8,400000,0,2026-09-26T09:52:09,DIAGNOSTIC
w42.0_m1.00_r0.940_T90_P225,shares_shift_abs,0.00251518,,,PASS,the largest move of a line's share from the thermal law to the depleted one: the physical shift,6a468472af4bbda8,400000,0,2026-09-26T09:52:09,DIAGNOSTIC
w42.0_m1.00_r0.940_T90_P225,cycles_on_axis,0.26967,,,PASS,excitation cycles on the central chord at the mean transverse speed,6a468472af4bbda8,400000,0,2026-09-26T09:52:09,DIAGNOSTIC
w42.0_m1.00_r0.940_T90_P225,cycles_mean_over_chords,0.0415589,,,PASS,the flux-weighted mean over every chord,6a468472af4bbda8,400000,0,2026-09-26T09:52:09,DIAGNOSTIC
w42.4_m1.00_r0.940_T110_P225,transit_fwhm_rel,1.40087,1.39879,,PASS,the Monte Carlo against the form the fit uses at this node,6a468472af4bbda8,400000,0,2026-09-26T09:54:54,DIAGNOSTIC
w42.4_m1.00_r0.940_T110_P225,transit_shape_rel,1.00032,1,,PASS,the Monte Carlo against the form the fit uses at this node,6a468472af4bbda8,400000,0,2026-09-26T09:54:54,DIAGNOSTIC
w42.4_m1.00_r0.940_T110_P225,ramp_mu2_rel,0.0511132,0.0510694,,PASS,the Monte Carlo against the form the fit uses at this node,6a468472af4bbda8,400000,0,2026-09-26T09:54:54,DIAGNOSTIC
w42.4_m1.00_r0.940_T110_P225,ramp_mu3_rel,-0.0063615,-0.00633118,,PASS,the Monte Carlo against the form the fit uses at this node,6a468472af4bbda8,400000,0,2026-09-26T09:54:54,DIAGNOSTIC
w42.4_m1.00_r0.940_T110_P225,amplitude_power_law_abs,1.76113,1.7561,,PASS,the Monte Carlo against the form the fit uses at this node,6a468472af4bbda8,400000,0,2026-09-26T09:54:54,DIAGNOSTIC
w42.4_m1.00_r0.940_T110_P225,shares_abs,0.000862336,0,,PASS,the Monte Carlo against the form the fit uses at this node,6a468472af4bbda8,400000,0,2026-09-26T09:54:54,DIAGNOSTIC
w42.4_m1.00_r0.940_T110_P225,joint_shape_abs,0.0082868,0,,PASS,the Monte Carlo against the form the fit uses at this node,6a468472af4bbda8,400000,0,2026-09-26T09:54:54,DIAGNOSTIC
w42.4_m1.00_r0.940_T110_P225,joint_moment_sigma_abs,2.56491,0,,PASS,the Monte Carlo against the form the fit uses at this node,6a468472af4bbda8,400000,0,2026-09-26T09:54:54,DIAGNOSTIC
w42.4_m1.00_r0.940_T110_P225,depleted_line_abs,0.000869854,0,,PASS,the Monte Carlo against the form the fit uses at this node,6a468472af4bbda8,400000,0,2026-09-26T09:54:54,DIAGNOSTIC
w42.4_m1.00_r0.940_T110_P225,depletion_widening_rel_4207,0.0104684,,,PASS,"what a transit fit reads from the surviving kernel after the natural Lorentzian, over the bare one: the factor the fit carries",6a468472af4bbda8,400000,0,2026-09-26T09:54:54,DIAGNOSTIC
w42.4_m1.00_r0.940_T110_P225,depletion_widening_rel_4192,0.0115369,,,PASS,"what a transit fit reads from the surviving kernel after the natural Lorentzian, over the bare one: the factor the fit carries",6a468472af4bbda8,400000,0,2026-09-26T09:54:54,DIAGNOSTIC
w42.4_m1.00_r0.940_T110_P225,depletion_widening_rel_4154,0.0156736,,,PASS,"what a transit fit reads from the surviving kernel after the natural Lorentzian, over the bare one: the factor the fit carries",6a468472af4bbda8,400000,0,2026-09-26T09:54:54,DIAGNOSTIC
w42.4_m1.00_r0.940_T110_P225,depletion_widening_rel_4121,0.0166765,,,PASS,"what a transit fit reads from the surviving kernel after the natural Lorentzian, over the bare one: the factor the fit carries",6a468472af4bbda8,400000,0,2026-09-26T09:54:54,DIAGNOSTIC
w42.4_m1.00_r0.940_T110_P225,depletion_fwhm_rel_4207,0.0831753,,,PASS,"the surviving transit kernel's FWHM over the bare collected kernel's, the core-flattening diagnostic",6a468472af4bbda8,400000,0,2026-09-26T09:54:54,DIAGNOSTIC
w42.4_m1.00_r0.940_T110_P225,depletion_fwhm_rel_4192,0.0894687,,,PASS,"the surviving transit kernel's FWHM over the bare collected kernel's, the core-flattening diagnostic",6a468472af4bbda8,400000,0,2026-09-26T09:54:54,DIAGNOSTIC
w42.4_m1.00_r0.940_T110_P225,depletion_fwhm_rel_4154,0.112312,,,PASS,"the surviving transit kernel's FWHM over the bare collected kernel's, the core-flattening diagnostic",6a468472af4bbda8,400000,0,2026-09-26T09:54:54,DIAGNOSTIC
w42.4_m1.00_r0.940_T110_P225,depletion_fwhm_rel_4121,0.117562,,,PASS,"the surviving transit kernel's FWHM over the bare collected kernel's, the core-flattening diagnostic",6a468472af4bbda8,400000,0,2026-09-26T09:54:54,DIAGNOSTIC
w42.4_m1.00_r0.940_T110_P225,shares_shift_abs,0.00239932,,,PASS,the largest move of a line's share from the thermal law to the depleted one: the physical shift,6a468472af4bbda8,400000,0,2026-09-26T09:54:54,DIAGNOSTIC
w42.4_m1.00_r0.940_T110_P225,cycles_on_axis,0.256466,,,PASS,excitation cycles on the central chord at the mean transverse speed,6a468472af4bbda8,400000,0,2026-09-26T09:54:54,DIAGNOSTIC
w42.4_m1.00_r0.940_T110_P225,cycles_mean_over_chords,0.0394684,,,PASS,the flux-weighted mean over every chord,6a468472af4bbda8,400000,0,2026-09-26T09:54:54,DIAGNOSTIC
w42.4_m1.00_r0.940_T110_P500,transit_fwhm_rel,1.40107,1.40178,,FAIL,the Monte Carlo against the form the fit uses at this node,6a468472af4bbda8,400000,0,2026-09-26T09:54:56,DIAGNOSTIC
w42.4_m1.00_r0.940_T110_P500,transit_shape_rel,1.00031,1,,FAIL,the Monte Carlo against the form the fit uses at this node,6a468472af4bbda8,400000,0,2026-09-26T09:54:56,DIAGNOSTIC
w42.4_m1.00_r0.940_T110_P500,ramp_mu2_rel,0.053989,0.0539248,,FAIL,the Monte Carlo against the form the fit uses at this node,6a468472af4bbda8,400000,0,2026-09-26T09:54:56,DIAGNOSTIC
w42.4_m1.00_r0.940_T110_P500,ramp_mu3_rel,-0.00492751,-0.00490402,,FAIL,the Monte Carlo against the form the fit uses at this node,6a468472af4bbda8,400000,0,2026-09-26T09:54:56,DIAGNOSTIC
w42.4_m1.00_r0.940_T110_P500,amplitude_power_law_abs,1.29351,1.28606,,FAIL,the Monte Carlo against the form the fit uses at this node,6a468472af4bbda8,400000,0,2026-09-26T09:54:56,DIAGNOSTIC
w42.4_m1.00_r0.940_T110_P500,shares_abs,0.00328474,0,,FAIL,the Monte Carlo against the form the fit uses at this node,6a468472af4bbda8,400000,0,2026-09-26T09:54:56,DIAGNOSTIC
w42.4_m1.00_r0.940_T110_P500,joint_shape_abs,0.0127486,0,,FAIL,the Monte Carlo against the form the fit uses at this node,6a468472af4bbda8,400000,0,2026-09-26T09:54:56,DIAGNOSTIC
w42.4_m1.00_r0.940_T110_P500,joint_moment_sigma_abs,2.001,0,,FAIL,the Monte Carlo against the form the fit uses at this node,6a468472af4bbda8,400000,0,2026-09-26T09:54:56,DIAGNOSTIC
w42.4_m1.00_r0.940_T110_P500,depleted_line_abs,0.00215196,0,,FAIL,the Monte Carlo against the form the fit uses at this node,6a468472af4bbda8,400000,0,2026-09-26T09:54:56,DIAGNOSTIC
w42.4_m1.00_r0.940_T110_P500,depletion_widening_rel_4207,0.0313545,,,FAIL,"what a transit fit reads from the surviving kernel after the natural Lorentzian, over the bare one: the factor the fit carries",6a468472af4bbda8,400000,0,2026-09-26T09:54:56,DIAGNOSTIC
w42.4_m1.00_r0.940_T110_P500,depletion_widening_rel_4192,0.0342509,,,FAIL,"what a transit fit reads from the surviving kernel after the natural Lorentzian, over the bare one: the factor the fit carries",6a468472af4bbda8,400000,0,2026-09-26T09:54:56,DIAGNOSTIC
w42.4_m1.00_r0.940_T110_P500,depletion_widening_rel_4154,0.0450869,,,FAIL,"what a transit fit reads from the surviving kernel after the natural Lorentzian, over the bare one: the factor the fit carries",6a468472af4bbda8,400000,0,2026-09-26T09:54:56,DIAGNOSTIC
w42.4_m1.00_r0.940_T110_P500,depletion_widening_rel_4121,0.0476306,,,FAIL,"what a transit fit reads from the surviving kernel after the natural Lorentzian, over the bare one: the factor the fit carries",6a468472af4bbda8,400000,0,2026-09-26T09:54:56,DIAGNOSTIC
w42.4_m1.00_r0.940_T110_P500,depletion_fwhm_rel_4207,0.186422,,,FAIL,"the surviving transit kernel's FWHM over the bare collected kernel's, the core-flattening diagnostic",6a468472af4bbda8,400000,0,2026-09-26T09:54:56,DIAGNOSTIC
w42.4_m1.00_r0.940_T110_P500,depletion_fwhm_rel_4192,0.198575,,,FAIL,"the surviving transit kernel's FWHM over the bare collected kernel's, the core-flattening diagnostic",6a468472af4bbda8,400000,0,2026-09-26T09:54:56,DIAGNOSTIC
w42.4_m1.00_r0.940_T110_P500,depletion_fwhm_rel_4154,0.241287,,,FAIL,"the surviving transit kernel's FWHM over the bare collected kernel's, the core-flattening diagnostic",6a468472af4bbda8,400000,0,2026-09-26T09:54:56,DIAGNOSTIC
w42.4_m1.00_r0.940_T110_P500,depletion_fwhm_rel_4121,0.250752,,,FAIL,"the surviving transit kernel's FWHM over the bare collected kernel's, the core-flattening diagnostic",6a468472af4bbda8,400000,0,2026-09-26T09:54:56,DIAGNOSTIC
w42.4_m1.00_r0.940_T110_P500,shares_shift_abs,0.00715808,,,FAIL,the largest move of a line's share from the thermal law to the depleted one: the physical shift,6a468472af4bbda8,400000,0,2026-09-26T09:54:56,DIAGNOSTIC
w42.4_m1.00_r0.940_T110_P500,cycles_on_axis,0.852435,,,FAIL,excitation cycles on the central chord at the mean transverse speed,6a468472af4bbda8,400000,0,2026-09-26T09:54:56,DIAGNOSTIC
w42.4_m1.00_r0.940_T110_P500,cycles_mean_over_chords,0.145592,,,FAIL,the flux-weighted mean over every chord,6a468472af4bbda8,400000,0,2026-09-26T09:54:56,DIAGNOSTIC
w42.4_m1.00_r0.940_T130_P125,transit_fwhm_rel,1.43694,1.43391,,PASS,the Monte Carlo against the form the fit uses at this node,6a468472af4bbda8,400000,0,2026-09-26T09:54:56,DIAGNOSTIC
w42.4_m1.00_r0.940_T130_P125,transit_shape_rel,1.00032,1,,PASS,the Monte Carlo against the form the fit uses at this node,6a468472af4bbda8,400000,0,2026-09-26T09:54:56,DIAGNOSTIC
w42.4_m1.00_r0.940_T130_P125,ramp_mu2_rel,0.0504068,0.0503689,,PASS,the Monte Carlo against the form the fit uses at this node,6a468472af4bbda8,400000,0,2026-09-26T09:54:56,DIAGNOSTIC
w42.4_m1.00_r0.940_T130_P125,ramp_mu3_rel,-0.00667752,-0.00664618,,PASS,the Monte Carlo against the form the fit uses at this node,6a468472af4bbda8,400000,0,2026-09-26T09:54:56,DIAGNOSTIC
w42.4_m1.00_r0.940_T130_P125,amplitude_power_law_abs,1.91618,1.91455,,PASS,the Monte Carlo against the form the fit uses at this node,6a468472af4bbda8,400000,0,2026-09-26T09:54:56,DIAGNOSTIC
w42.4_m1.00_r0.940_T130_P125,shares_abs,0.000254743,0,,PASS,the Monte Carlo against the form the fit uses at this node,6a468472af4bbda8,400000,0,2026-09-26T09:54:56,DIAGNOSTIC
w42.4_m1.00_r0.940_T130_P125,joint_shape_abs,0.00662058,0,,PASS,the Monte Carlo against the form the fit uses at this node,6a468472af4bbda8,400000,0,2026-09-26T09:54:56,DIAGNOSTIC
w42.4_m1.00_r0.940_T130_P125,joint_moment_sigma_abs,1.93736,0,,PASS,the Monte Carlo against the form the fit uses at this node,6a468472af4bbda8,400000,0,2026-09-26T09:54:56,DIAGNOSTIC
w42.4_m1.00_r0.940_T130_P125,depleted_line_abs,0.000493142,0,,PASS,the Monte Carlo against the form the fit uses at this node,6a468472af4bbda8,400000,0,2026-09-26T09:54:56,DIAGNOSTIC
w42.4_m1.00_r0.940_T130_P125,depletion_widening_rel_4207,0.00366614,,,PASS,"what a transit fit reads from the surviving kernel after the natural Lorentzian, over the bare one: the factor the fit carries",6a468472af4bbda8,400000,0,2026-09-26T09:54:56,DIAGNOSTIC
w42.4_m1.00_r0.940_T130_P125,depletion_widening_rel_4192,0.00405719,,,PASS,"what a transit fit reads from the surviving kernel after the natural Lorentzian, over the bare one: the factor the fit carries",6a468472af4bbda8,400000,0,2026-09-26T09:54:56,DIAGNOSTIC
w42.4_m1.00_r0.940_T130_P125,depletion_widening_rel_4154,0.00559664,,,PASS,"what a transit fit reads from the surviving kernel after the natural Lorentzian, over the bare one: the factor the fit carries",6a468472af4bbda8,400000,0,2026-09-26T09:54:56,DIAGNOSTIC
w42.4_m1.00_r0.940_T130_P125,depletion_widening_rel_4121,0.00597574,,,PASS,"what a transit fit reads from the surviving kernel after the natural Lorentzian, over the bare one: the factor the fit carries",6a468472af4bbda8,400000,0,2026-09-26T09:54:56,DIAGNOSTIC
w42.4_m1.00_r0.940_T130_P125,depletion_fwhm_rel_4207,0.037055,,,PASS,"the surviving transit kernel's FWHM over the bare collected kernel's, the core-flattening diagnostic",6a468472af4bbda8,400000,0,2026-09-26T09:54:56,DIAGNOSTIC
w42.4_m1.00_r0.940_T130_P125,depletion_fwhm_rel_4192,0.0401099,,,PASS,"the surviving transit kernel's FWHM over the bare collected kernel's, the core-flattening diagnostic",6a468472af4bbda8,400000,0,2026-09-26T09:54:56,DIAGNOSTIC
w42.4_m1.00_r0.940_T130_P125,depletion_fwhm_rel_4154,0.0514525,,,PASS,"the surviving transit kernel's FWHM over the bare collected kernel's, the core-flattening diagnostic",6a468472af4bbda8,400000,0,2026-09-26T09:54:56,DIAGNOSTIC
w42.4_m1.00_r0.940_T130_P125,depletion_fwhm_rel_4121,0.0541173,,,PASS,"the surviving transit kernel's FWHM over the bare collected kernel's, the core-flattening diagnostic",6a468472af4bbda8,400000,0,2026-09-26T09:54:56,DIAGNOSTIC
w42.4_m1.00_r0.940_T130_P125,shares_shift_abs,0.00083716,,,PASS,the largest move of a line's share from the thermal law to the depleted one: the physical shift,6a468472af4bbda8,400000,0,2026-09-26T09:54:56,DIAGNOSTIC
w42.4_m1.00_r0.940_T130_P125,cycles_on_axis,0.0849605,,,PASS,excitation cycles on the central chord at the mean transverse speed,6a468472af4bbda8,400000,0,2026-09-26T09:54:56,DIAGNOSTIC
w42.4_m1.00_r0.940_T130_P125,cycles_mean_over_chords,0.0127222,,,PASS,the flux-weighted mean over every chord,6a468472af4bbda8,400000,0,2026-09-26T09:54:56,DIAGNOSTIC
w42.4_m1.00_r0.940_T130_P175,transit_fwhm_rel,1.43695,1.43433,,PASS,the Monte Carlo against the form the fit uses at this node,6a468472af4bbda8,400000,0,2026-09-26T09:56:16,DIAGNOSTIC
w42.4_m1.00_r0.940_T130_P175,transit_shape_rel,1.00032,1,,PASS,the Monte Carlo against the form the fit uses at this node,6a468472af4bbda8,400000,0,2026-09-26T09:56:16,DIAGNOSTIC
w42.4_m1.00_r0.940_T130_P175,ramp_mu2_rel,0.0507205,0.05068,,PASS,the Monte Carlo against the form the fit uses at this node,6a468472af4bbda8,400000,0,2026-09-26T09:56:16,DIAGNOSTIC
w42.4_m1.00_r0.940_T130_P175,ramp_mu3_rel,-0.00653889,-0.00650797,,PASS,the Monte Carlo against the form the fit uses at this node,6a468472af4bbda8,400000,0,2026-09-26T09:56:16,DIAGNOSTIC
w42.4_m1.00_r0.940_T130_P175,amplitude_power_law_abs,1.84531,1.84213,,PASS,the Monte Carlo against the form the fit uses at this node,6a468472af4bbda8,400000,0,2026-09-26T09:56:16,DIAGNOSTIC
w42.4_m1.00_r0.940_T130_P175,shares_abs,0.000508067,0,,PASS,the Monte Carlo against the form the fit uses at this node,6a468472af4bbda8,400000,0,2026-09-26T09:56:16,DIAGNOSTIC
w42.4_m1.00_r0.940_T130_P175,joint_shape_abs,0.00749256,0,,PASS,the Monte Carlo against the form the fit uses at this node,6a468472af4bbda8,400000,0,2026-09-26T09:56:16,DIAGNOSTIC
w42.4_m1.00_r0.940_T130_P175,joint_moment_sigma_abs,2.26168,0,,PASS,the Monte Carlo against the form the fit uses at this node,6a468472af4bbda8,400000,0,2026-09-26T09:56:16,DIAGNOSTIC
w42.4_m1.00_r0.940_T130_P175,depleted_line_abs,0.000682344,0,,PASS,the Monte Carlo against the form the fit uses at this node,6a468472af4bbda8,400000,0,2026-09-26T09:56:16,DIAGNOSTIC
w42.4_m1.00_r0.940_T130_P175,depletion_widening_rel_4207,0.00671821,,,PASS,"what a transit fit reads from the surviving kernel after the natural Lorentzian, over the bare one: the factor the fit carries",6a468472af4bbda8,400000,0,2026-09-26T09:56:16,DIAGNOSTIC
w42.4_m1.00_r0.940_T130_P175,depletion_widening_rel_4192,0.00741977,,,PASS,"what a transit fit reads from the surviving kernel after the natural Lorentzian, over the bare one: the factor the fit carries",6a468472af4bbda8,400000,0,2026-09-26T09:56:16,DIAGNOSTIC
w42.4_m1.00_r0.940_T130_P175,depletion_widening_rel_4154,0.010159,,,PASS,"what a transit fit reads from the surviving kernel after the natural Lorentzian, over the bare one: the factor the fit carries",6a468472af4bbda8,400000,0,2026-09-26T09:56:16,DIAGNOSTIC
w42.4_m1.00_r0.940_T130_P175,depletion_widening_rel_4121,0.0108283,,,PASS,"what a transit fit reads from the surviving kernel after the natural Lorentzian, over the bare one: the factor the fit carries",6a468472af4bbda8,400000,0,2026-09-26T09:56:16,DIAGNOSTIC
w42.4_m1.00_r0.940_T130_P175,depletion_fwhm_rel_4207,0.0592085,,,PASS,"the surviving transit kernel's FWHM over the bare collected kernel's, the core-flattening diagnostic",6a468472af4bbda8,400000,0,2026-09-26T09:56:16,DIAGNOSTIC
w42.4_m1.00_r0.940_T130_P175,depletion_fwhm_rel_4192,0.063851,,,PASS,"the surviving transit kernel's FWHM over the bare collected kernel's, the core-flattening diagnostic",6a468472af4bbda8,400000,0,2026-09-26T09:56:16,DIAGNOSTIC
w42.4_m1.00_r0.940_T130_P175,depletion_fwhm_rel_4154,0.0809758,,,PASS,"the surviving transit kernel's FWHM over the bare collected kernel's, the core-flattening diagnostic",6a468472af4bbda8,400000,0,2026-09-26T09:56:16,DIAGNOSTIC
w42.4_m1.00_r0.940_T130_P175,depletion_fwhm_rel_4121,0.0849609,,,PASS,"the surviving transit kernel's FWHM over the bare collected kernel's, the core-flattening diagnostic",6a468472af4bbda8,400000,0,2026-09-26T09:56:16,DIAGNOSTIC
w42.4_m1.00_r0.940_T130_P175,shares_shift_abs,0.00153327,,,PASS,the largest move of a line's share from the thermal law to the depleted one: the physical shift,6a468472af4bbda8,400000,0,2026-09-26T09:56:16,DIAGNOSTIC
w42.4_m1.00_r0.940_T130_P175,cycles_on_axis,0.15956,,,PASS,excitation cycles on the central chord at the mean transverse speed,6a468472af4bbda8,400000,0,2026-09-26T09:56:16,DIAGNOSTIC
w42.4_m1.00_r0.940_T130_P175,cycles_mean_over_chords,0.0241872,,,PASS,the flux-weighted mean over every chord,6a468472af4bbda8,400000,0,2026-09-26T09:56:16,DIAGNOSTIC
w42.4_m1.00_r0.940_T130_P180,transit_fwhm_rel,1.43695,1.43438,,PASS,the Monte Carlo against the form the fit uses at this node,6a468472af4bbda8,400000,0,2026-09-26T09:56:19,DIAGNOSTIC
w42.4_m1.00_r0.940_T130_P180,transit_shape_rel,1.00032,1,,PASS,the Monte Carlo against the form the fit uses at this node,6a468472af4bbda8,400000,0,2026-09-26T09:56:19,DIAGNOSTIC
w42.4_m1.00_r0.940_T130_P180,ramp_mu2_rel,0.0507565,0.0507157,,PASS,the Monte Carlo against the form the fit uses at this node,6a468472af4bbda8,400000,0,2026-09-26T09:56:19,DIAGNOSTIC
w42.4_m1.00_r0.940_T130_P180,ramp_mu3_rel,-0.00652281,-0.00649194,,PASS,the Monte Carlo against the form the fit uses at this node,6a468472af4bbda8,400000,0,2026-09-26T09:56:19,DIAGNOSTIC
w42.4_m1.00_r0.940_T130_P180,amplitude_power_law_abs,1.83745,1.8341,,PASS,the Monte Carlo against the form the fit uses at this node,6a468472af4bbda8,400000,0,2026-09-26T09:56:19,DIAGNOSTIC
w42.4_m1.00_r0.940_T130_P180,shares_abs,0.00053784,0,,PASS,the Monte Carlo against the form the fit uses at this node,6a468472af4bbda8,400000,0,2026-09-26T09:56:19,DIAGNOSTIC
w42.4_m1.00_r0.940_T130_P180,joint_shape_abs,0.00758018,0,,PASS,the Monte Carlo against the form the fit uses at this node,6a468472af4bbda8,400000,0,2026-09-26T09:56:19,DIAGNOSTIC
w42.4_m1.00_r0.940_T130_P180,joint_moment_sigma_abs,2.27325,0,,PASS,the Monte Carlo against the form the fit uses at this node,6a468472af4bbda8,400000,0,2026-09-26T09:56:19,DIAGNOSTIC
w42.4_m1.00_r0.940_T130_P180,depleted_line_abs,0.00070267,0,,PASS,the Monte Carlo against the form the fit uses at this node,6a468472af4bbda8,400000,0,2026-09-26T09:56:19,DIAGNOSTIC
w42.4_m1.00_r0.940_T130_P180,depletion_widening_rel_4207,0.00705562,,,PASS,"what a transit fit reads from the surviving kernel after the natural Lorentzian, over the bare one: the factor the fit carries",6a468472af4bbda8,400000,0,2026-09-26T09:56:19,DIAGNOSTIC
w42.4_m1.00_r0.940_T130_P180,depletion_widening_rel_4192,0.00779081,,,PASS,"what a transit fit reads from the surviving kernel after the natural Lorentzian, over the bare one: the factor the fit carries",6a468472af4bbda8,400000,0,2026-09-26T09:56:19,DIAGNOSTIC
w42.4_m1.00_r0.940_T130_P180,depletion_widening_rel_4154,0.010659,,,PASS,"what a transit fit reads from the surviving kernel after the natural Lorentzian, over the bare one: the factor the fit carries",6a468472af4bbda8,400000,0,2026-09-26T09:56:19,DIAGNOSTIC
w42.4_m1.00_r0.940_T130_P180,depletion_widening_rel_4121,0.0113594,,,PASS,"what a transit fit reads from the surviving kernel after the natural Lorentzian, over the bare one: the factor the fit carries",6a468472af4bbda8,400000,0,2026-09-26T09:56:19,DIAGNOSTIC
w42.4_m1.00_r0.940_T130_P180,depletion_fwhm_rel_4207,0.061461,,,PASS,"the surviving transit kernel's FWHM over the bare collected kernel's, the core-flattening diagnostic",6a468472af4bbda8,400000,0,2026-09-26T09:56:19,DIAGNOSTIC
w42.4_m1.00_r0.940_T130_P180,depletion_fwhm_rel_4192,0.0662697,,,PASS,"the surviving transit kernel's FWHM over the bare collected kernel's, the core-flattening diagnostic",6a468472af4bbda8,400000,0,2026-09-26T09:56:19,DIAGNOSTIC
w42.4_m1.00_r0.940_T130_P180,depletion_fwhm_rel_4154,0.0839623,,,PASS,"the surviving transit kernel's FWHM over the bare collected kernel's, the core-flattening diagnostic",6a468472af4bbda8,400000,0,2026-09-26T09:56:19,DIAGNOSTIC
w42.4_m1.00_r0.940_T130_P180,depletion_fwhm_rel_4121,0.0880703,,,PASS,"the surviving transit kernel's FWHM over the bare collected kernel's, the core-flattening diagnostic",6a468472af4bbda8,400000,0,2026-09-26T09:56:19,DIAGNOSTIC
w42.4_m1.00_r0.940_T130_P180,shares_shift_abs,0.00161015,,,PASS,the largest move of a line's share from the thermal law to the depleted one: the physical shift,6a468472af4bbda8,400000,0,2026-09-26T09:56:19,DIAGNOSTIC
w42.4_m1.00_r0.940_T130_P180,cycles_on_axis,0.167983,,,PASS,excitation cycles on the central chord at the mean transverse speed,6a468472af4bbda8,400000,0,2026-09-26T09:56:19,DIAGNOSTIC
w42.4_m1.00_r0.940_T130_P180,cycles_mean_over_chords,0.0254995,,,PASS,the flux-weighted mean over every chord,6a468472af4bbda8,400000,0,2026-09-26T09:56:19,DIAGNOSTIC
w42.4_m1.00_r0.940_T130_P225,transit_fwhm_rel,1.43696,1.43483,,PASS,the Monte Carlo against the form the fit uses at this node,6a468472af4bbda8,400000,0,2026-09-26T09:56:20,DIAGNOSTIC
w42.4_m1.00_r0.940_T130_P225,transit_shape_rel,1.00032,1,,PASS,the Monte Carlo against the form the fit uses at this node,6a468472af4bbda8,400000,0,2026-09-26T09:56:20,DIAGNOSTIC
w42.4_m1.00_r0.940_T130_P225,ramp_mu2_rel,0.0511132,0.0510694,,PASS,the Monte Carlo against the form the fit uses at this node,6a468472af4bbda8,400000,0,2026-09-26T09:56:20,DIAGNOSTIC
w42.4_m1.00_r0.940_T130_P225,ramp_mu3_rel,-0.0063615,-0.00633118,,PASS,the Monte Carlo against the form the fit uses at this node,6a468472af4bbda8,400000,0,2026-09-26T09:56:20,DIAGNOSTIC
w42.4_m1.00_r0.940_T130_P225,amplitude_power_law_abs,1.76237,1.75748,,PASS,the Monte Carlo against the form the fit uses at this node,6a468472af4bbda8,400000,0,2026-09-26T09:56:20,DIAGNOSTIC
w42.4_m1.00_r0.940_T130_P225,shares_abs,0.000837354,0,,PASS,the Monte Carlo against the form the fit uses at this node,6a468472af4bbda8,400000,0,2026-09-26T09:56:20,DIAGNOSTIC
w42.4_m1.00_r0.940_T130_P225,joint_shape_abs,0.00834293,0,,PASS,the Monte Carlo against the form the fit uses at this node,6a468472af4bbda8,400000,0,2026-09-26T09:56:20,DIAGNOSTIC
w42.4_m1.00_r0.940_T130_P225,joint_moment_sigma_abs,2.64356,0,,PASS,the Monte Carlo against the form the fit uses at this node,6a468472af4bbda8,400000,0,2026-09-26T09:56:20,DIAGNOSTIC
w42.4_m1.00_r0.940_T130_P225,depleted_line_abs,0.000891672,0,,PASS,the Monte Carlo against the form the fit uses at this node,6a468472af4bbda8,400000,0,2026-09-26T09:56:20,DIAGNOSTIC
w42.4_m1.00_r0.940_T130_P225,depletion_widening_rel_4207,0.0102778,,,PASS,"what a transit fit reads from the surviving kernel after the natural Lorentzian, over the bare one: the factor the fit carries",6a468472af4bbda8,400000,0,2026-09-26T09:56:20,DIAGNOSTIC
w42.4_m1.00_r0.940_T130_P225,depletion_widening_rel_4192,0.0113281,,,PASS,"what a transit fit reads from the surviving kernel after the natural Lorentzian, over the bare one: the factor the fit carries",6a468472af4bbda8,400000,0,2026-09-26T09:56:20,DIAGNOSTIC
w42.4_m1.00_r0.940_T130_P225,depletion_widening_rel_4154,0.0153963,,,PASS,"what a transit fit reads from the surviving kernel after the natural Lorentzian, over the bare one: the factor the fit carries",6a468472af4bbda8,400000,0,2026-09-26T09:56:20,DIAGNOSTIC
w42.4_m1.00_r0.940_T130_P225,depletion_widening_rel_4121,0.016383,,,PASS,"what a transit fit reads from the surviving kernel after the natural Lorentzian, over the bare one: the factor the fit carries",6a468472af4bbda8,400000,0,2026-09-26T09:56:20,DIAGNOSTIC
w42.4_m1.00_r0.940_T130_P225,depletion_fwhm_rel_4207,0.0817109,,,PASS,"the surviving transit kernel's FWHM over the bare collected kernel's, the core-flattening diagnostic",6a468472af4bbda8,400000,0,2026-09-26T09:56:20,DIAGNOSTIC
w42.4_m1.00_r0.940_T130_P225,depletion_fwhm_rel_4192,0.0879149,,,PASS,"the surviving transit kernel's FWHM over the bare collected kernel's, the core-flattening diagnostic",6a468472af4bbda8,400000,0,2026-09-26T09:56:20,DIAGNOSTIC
w42.4_m1.00_r0.940_T130_P225,depletion_fwhm_rel_4154,0.110432,,,PASS,"the surviving transit kernel's FWHM over the bare collected kernel's, the core-flattening diagnostic",6a468472af4bbda8,400000,0,2026-09-26T09:56:20,DIAGNOSTIC
w42.4_m1.00_r0.940_T130_P225,depletion_fwhm_rel_4121,0.115594,,,PASS,"the surviving transit kernel's FWHM over the bare collected kernel's, the core-flattening diagnostic",6a468472af4bbda8,400000,0,2026-09-26T09:56:20,DIAGNOSTIC
w42.4_m1.00_r0.940_T130_P225,shares_shift_abs,0.00234363,,,PASS,the largest move of a line's share from the thermal law to the depleted one: the physical shift,6a468472af4bbda8,400000,0,2026-09-26T09:56:20,DIAGNOSTIC
w42.4_m1.00_r0.940_T130_P225,cycles_on_axis,0.250024,,,PASS,excitation cycles on the central chord at the mean transverse speed,6a468472af4bbda8,400000,0,2026-09-26T09:56:20,DIAGNOSTIC
w42.4_m1.00_r0.940_T130_P225,cycles_mean_over_chords,0.0384769,,,PASS,the flux-weighted mean over every chord,6a468472af4bbda8,400000,0,2026-09-26T09:56:20,DIAGNOSTIC
w42.4_m1.00_r0.940_T130_P25,transit_fwhm_rel,1.43693,1.43345,,PASS,the Monte Carlo against the form the fit uses at this node,6a468472af4bbda8,400000,0,2026-09-26T09:57:42,DIAGNOSTIC
w42.4_m1.00_r0.940_T130_P25,transit_shape_rel,1.00032,1,,PASS,the Monte Carlo against the form the fit uses at this node,6a468472af4bbda8,400000,0,2026-09-26T09:57:42,DIAGNOSTIC
w42.4_m1.00_r0.940_T130_P25,ramp_mu2_rel,0.0500745,0.0500396,,PASS,the Monte Carlo against the form the fit uses at this node,6a468472af4bbda8,400000,0,2026-09-26T09:57:42,DIAGNOSTIC
w42.4_m1.00_r0.940_T130_P25,ramp_mu3_rel,-0.00682138,-0.00678966,,PASS,the Monte Carlo against the form the fit uses at this node,6a468472af4bbda8,400000,0,2026-09-26T09:57:42,DIAGNOSTIC
w42.4_m1.00_r0.940_T130_P25,amplitude_power_law_abs,1.99641,1.99636,,PASS,the Monte Carlo against the form the fit uses at this node,6a468472af4bbda8,400000,0,2026-09-26T09:57:42,DIAGNOSTIC
w42.4_m1.00_r0.940_T130_P25,shares_abs,9.43362e-06,0,,PASS,the Monte Carlo against the form the fit uses at this node,6a468472af4bbda8,400000,0,2026-09-26T09:57:42,DIAGNOSTIC
w42.4_m1.00_r0.940_T130_P25,joint_shape_abs,0.00488228,0,,PASS,the Monte Carlo against the form the fit uses at this node,6a468472af4bbda8,400000,0,2026-09-26T09:57:42,DIAGNOSTIC
w42.4_m1.00_r0.940_T130_P25,joint_moment_sigma_abs,1.33999,0,,PASS,the Monte Carlo against the form the fit uses at this node,6a468472af4bbda8,400000,0,2026-09-26T09:57:42,DIAGNOSTIC
w42.4_m1.00_r0.940_T130_P25,depleted_line_abs,0.000260438,0,,PASS,the Monte Carlo against the form the fit uses at this node,6a468472af4bbda8,400000,0,2026-09-26T09:57:42,DIAGNOSTIC
w42.4_m1.00_r0.940_T130_P25,depletion_widening_rel_4207,0.000161667,,,PASS,"what a transit fit reads from the surviving kernel after the natural Lorentzian, over the bare one: the factor the fit carries",6a468472af4bbda8,400000,0,2026-09-26T09:57:42,DIAGNOSTIC
w42.4_m1.00_r0.940_T130_P25,depletion_widening_rel_4192,0.000179439,,,PASS,"what a transit fit reads from the surviving kernel after the natural Lorentzian, over the bare one: the factor the fit carries",6a468472af4bbda8,400000,0,2026-09-26T09:57:42,DIAGNOSTIC
w42.4_m1.00_r0.940_T130_P25,depletion_widening_rel_4154,0.000250329,,,PASS,"what a transit fit reads from the surviving kernel after the natural Lorentzian, over the bare one: the factor the fit carries",6a468472af4bbda8,400000,0,2026-09-26T09:57:42,DIAGNOSTIC
w42.4_m1.00_r0.940_T130_P25,depletion_widening_rel_4121,0.000268009,,,PASS,"what a transit fit reads from the surviving kernel after the natural Lorentzian, over the bare one: the factor the fit carries",6a468472af4bbda8,400000,0,2026-09-26T09:57:42,DIAGNOSTIC
w42.4_m1.00_r0.940_T130_P25,depletion_fwhm_rel_4207,0.00283536,,,PASS,"the surviving transit kernel's FWHM over the bare collected kernel's, the core-flattening diagnostic",6a468472af4bbda8,400000,0,2026-09-26T09:57:42,DIAGNOSTIC
w42.4_m1.00_r0.940_T130_P25,depletion_fwhm_rel_4192,0.00310029,,,PASS,"the surviving transit kernel's FWHM over the bare collected kernel's, the core-flattening diagnostic",6a468472af4bbda8,400000,0,2026-09-26T09:57:42,DIAGNOSTIC
w42.4_m1.00_r0.940_T130_P25,depletion_fwhm_rel_4154,0.00411776,,,PASS,"the surviving transit kernel's FWHM over the bare collected kernel's, the core-flattening diagnostic",6a468472af4bbda8,400000,0,2026-09-26T09:57:42,DIAGNOSTIC
w42.4_m1.00_r0.940_T130_P25,depletion_fwhm_rel_4121,0.00436324,,,PASS,"the surviving transit kernel's FWHM over the bare collected kernel's, the core-flattening diagnostic",6a468472af4bbda8,400000,0,2026-09-26T09:57:42,DIAGNOSTIC
w42.4_m1.00_r0.940_T130_P25,shares_shift_abs,3.64896e-05,,,PASS,the largest move of a line's share from the thermal law to the depleted one: the physical shift,6a468472af4bbda8,400000,0,2026-09-26T09:57:42,DIAGNOSTIC
w42.4_m1.00_r0.940_T130_P25,cycles_on_axis,0.00355566,,,PASS,excitation cycles on the central chord at the mean transverse speed,6a468472af4bbda8,400000,0,2026-09-26T09:57:42,DIAGNOSTIC
w42.4_m1.00_r0.940_T130_P25,cycles_mean_over_chords,0.000525483,,,PASS,the flux-weighted mean over every chord,6a468472af4bbda8,400000,0,2026-09-26T09:57:42,DIAGNOSTIC
w42.4_m1.00_r0.940_T130_P270,transit_fwhm_rel,1.43698,1.43533,,PASS,the Monte Carlo against the form the fit uses at this node,6a468472af4bbda8,400000,0,2026-09-26T09:57:45,DIAGNOSTIC
w42.4_m1.00_r0.940_T130_P270,transit_shape_rel,1.00031,1,,PASS,the Monte Carlo against the form the fit uses at this node,6a468472af4bbda8,400000,0,2026-09-26T09:57:45,DIAGNOSTIC
w42.4_m1.00_r0.940_T130_P270,ramp_mu2_rel,0.0515203,0.0514732,,PASS,the Monte Carlo against the form the fit uses at this node,6a468472af4bbda8,400000,0,2026-09-26T09:57:45,DIAGNOSTIC
w42.4_m1.00_r0.940_T130_P270,ramp_mu3_rel,-0.00617304,-0.00614343,,PASS,the Monte Carlo against the form the fit uses at this node,6a468472af4bbda8,400000,0,2026-09-26T09:57:45,DIAGNOSTIC
w42.4_m1.00_r0.940_T130_P270,amplitude_power_law_abs,1.68239,1.67611,,PASS,the Monte Carlo against the form the fit uses at this node,6a468472af4bbda8,400000,0,2026-09-26T09:57:45,DIAGNOSTIC
w42.4_m1.00_r0.940_T130_P270,shares_abs,0.00118359,0,,PASS,the Monte Carlo against the form the fit uses at this node,6a468472af4bbda8,400000,0,2026-09-26T09:57:45,DIAGNOSTIC
w42.4_m1.00_r0.940_T130_P270,joint_shape_abs,0.00908767,0,,PASS,the Monte Carlo against the form the fit uses at this node,6a468472af4bbda8,400000,0,2026-09-26T09:57:45,DIAGNOSTIC
w42.4_m1.00_r0.940_T130_P270,joint_moment_sigma_abs,2.29492,0,,PASS,the Monte Carlo against the form the fit uses at this node,6a468472af4bbda8,400000,0,2026-09-26T09:57:45,DIAGNOSTIC
w42.4_m1.00_r0.940_T130_P270,depleted_line_abs,0.00108429,0,,PASS,the Monte Carlo against the form the fit uses at this node,6a468472af4bbda8,400000,0,2026-09-26T09:57:45,DIAGNOSTIC
w42.4_m1.00_r0.940_T130_P270,depletion_widening_rel_4207,0.0137173,,,PASS,"what a transit fit reads from the surviving kernel after the natural Lorentzian, over the bare one: the factor the fit carries",6a468472af4bbda8,400000,0,2026-09-26T09:57:45,DIAGNOSTIC
w42.4_m1.00_r0.940_T130_P270,depletion_widening_rel_4192,0.0150928,,,PASS,"what a transit fit reads from the surviving kernel after the natural Lorentzian, over the bare one: the factor the fit carries",6a468472af4bbda8,400000,0,2026-09-26T09:57:45,DIAGNOSTIC
w42.4_m1.00_r0.940_T130_P270,depletion_widening_rel_4154,0.0203848,,,PASS,"what a transit fit reads from the surviving kernel after the natural Lorentzian, over the bare one: the factor the fit carries",6a468472af4bbda8,400000,0,2026-09-26T09:57:45,DIAGNOSTIC
w42.4_m1.00_r0.940_T130_P270,depletion_widening_rel_4121,0.0216601,,,PASS,"what a transit fit reads from the surviving kernel after the natural Lorentzian, over the bare one: the factor the fit carries",6a468472af4bbda8,400000,0,2026-09-26T09:57:45,DIAGNOSTIC
w42.4_m1.00_r0.940_T130_P270,depletion_fwhm_rel_4207,0.101413,,,PASS,"the surviving transit kernel's FWHM over the bare collected kernel's, the core-flattening diagnostic",6a468472af4bbda8,400000,0,2026-09-26T09:57:45,DIAGNOSTIC
w42.4_m1.00_r0.940_T130_P270,depletion_fwhm_rel_4192,0.108862,,,PASS,"the surviving transit kernel's FWHM over the bare collected kernel's, the core-flattening diagnostic",6a468472af4bbda8,400000,0,2026-09-26T09:57:45,DIAGNOSTIC
w42.4_m1.00_r0.940_T130_P270,depletion_fwhm_rel_4154,0.135752,,,PASS,"the surviving transit kernel's FWHM over the bare collected kernel's, the core-flattening diagnostic",6a468472af4bbda8,400000,0,2026-09-26T09:57:45,DIAGNOSTIC
w42.4_m1.00_r0.940_T130_P270,depletion_fwhm_rel_4121,0.141898,,,PASS,"the surviving transit kernel's FWHM over the bare collected kernel's, the core-flattening diagnostic",6a468472af4bbda8,400000,0,2026-09-26T09:57:45,DIAGNOSTIC
w42.4_m1.00_r0.940_T130_P270,shares_shift_abs,0.00312545,,,PASS,the largest move of a line's share from the thermal law to the depleted one: the physical shift,6a468472af4bbda8,400000,0,2026-09-26T09:57:45,DIAGNOSTIC
w42.4_m1.00_r0.940_T130_P270,cycles_on_axis,0.340589,,,PASS,excitation cycles on the central chord at the mean transverse speed,6a468472af4bbda8,400000,0,2026-09-26T09:57:45,DIAGNOSTIC
w42.4_m1.00_r0.940_T130_P270,cycles_mean_over_chords,0.0532279,,,PASS,the flux-weighted mean over every chord,6a468472af4bbda8,400000,0,2026-09-26T09:57:45,DIAGNOSTIC
w42.4_m1.00_r0.940_T130_P350,transit_fwhm_rel,1.43703,1.43626,,PASS,the Monte Carlo against the form the fit uses at this node,6a468472af4bbda8,400000,0,2026-09-26T09:57:46,DIAGNOSTIC
w42.4_m1.00_r0.940_T130_P350,transit_shape_rel,1.00031,1,,PASS,the Monte Carlo against the form the fit uses at this node,6a468472af4bbda8,400000,0,2026-09-26T09:57:46,DIAGNOSTIC
w42.4_m1.00_r0.940_T130_P350,ramp_mu2_rel,0.0523316,0.0522784,,PASS,the Monte Carlo against the form the fit uses at this node,6a468472af4bbda8,400000,0,2026-09-26T09:57:46,DIAGNOSTIC
w42.4_m1.00_r0.940_T130_P350,ramp_mu3_rel,-0.00578334,-0.00575541,,PASS,the Monte Carlo against the form the fit uses at this node,6a468472af4bbda8,400000,0,2026-09-26T09:57:46,DIAGNOSTIC
w42.4_m1.00_r0.940_T130_P350,amplitude_power_law_abs,1.5386,1.53076,,PASS,the Monte Carlo against the form the fit uses at this node,6a468472af4bbda8,400000,0,2026-09-26T09:57:46,DIAGNOSTIC
w42.4_m1.00_r0.940_T130_P350,shares_abs,0.00186839,0,,PASS,the Monte Carlo against the form the fit uses at this node,6a468472af4bbda8,400000,0,2026-09-26T09:57:46,DIAGNOSTIC
w42.4_m1.00_r0.940_T130_P350,joint_shape_abs,0.0103851,0,,PASS,the Monte Carlo against the form the fit uses at this node,6a468472af4bbda8,400000,0,2026-09-26T09:57:46,DIAGNOSTIC
w42.4_m1.00_r0.940_T130_P350,joint_moment_sigma_abs,2.30444,0,,PASS,the Monte Carlo against the form the fit uses at this node,6a468472af4bbda8,400000,0,2026-09-26T09:57:46,DIAGNOSTIC
w42.4_m1.00_r0.940_T130_P350,depleted_line_abs,0.00148083,0,,PASS,the Monte Carlo against the form the fit uses at this node,6a468472af4bbda8,400000,0,2026-09-26T09:57:46,DIAGNOSTIC
w42.4_m1.00_r0.940_T130_P350,depletion_widening_rel_4207,0.0199619,,,PASS,"what a transit fit reads from the surviving kernel after the natural Lorentzian, over the bare one: the factor the fit carries",6a468472af4bbda8,400000,0,2026-09-26T09:57:46,DIAGNOSTIC
w42.4_m1.00_r0.940_T130_P350,depletion_widening_rel_4192,0.0219023,,,PASS,"what a transit fit reads from the surviving kernel after the natural Lorentzian, over the bare one: the factor the fit carries",6a468472af4bbda8,400000,0,2026-09-26T09:57:46,DIAGNOSTIC
w42.4_m1.00_r0.940_T130_P350,depletion_widening_rel_4154,0.0292864,,,PASS,"what a transit fit reads from the surviving kernel after the natural Lorentzian, over the bare one: the factor the fit carries",6a468472af4bbda8,400000,0,2026-09-26T09:57:46,DIAGNOSTIC
w42.4_m1.00_r0.940_T130_P350,depletion_widening_rel_4121,0.0310479,,,PASS,"what a transit fit reads from the surviving kernel after the natural Lorentzian, over the bare one: the factor the fit carries",6a468472af4bbda8,400000,0,2026-09-26T09:57:46,DIAGNOSTIC
w42.4_m1.00_r0.940_T130_P350,depletion_fwhm_rel_4207,0.133777,,,PASS,"the surviving transit kernel's FWHM over the bare collected kernel's, the core-flattening diagnostic",6a468472af4bbda8,400000,0,2026-09-26T09:57:46,DIAGNOSTIC
w42.4_m1.00_r0.940_T130_P350,depletion_fwhm_rel_4192,0.143158,,,PASS,"the surviving transit kernel's FWHM over the bare collected kernel's, the core-flattening diagnostic",6a468472af4bbda8,400000,0,2026-09-26T09:57:46,DIAGNOSTIC
w42.4_m1.00_r0.940_T130_P350,depletion_fwhm_rel_4154,0.176635,,,PASS,"the surviving transit kernel's FWHM over the bare collected kernel's, the core-flattening diagnostic",6a468472af4bbda8,400000,0,2026-09-26T09:57:46,DIAGNOSTIC
w42.4_m1.00_r0.940_T130_P350,depletion_fwhm_rel_4121,0.184184,,,PASS,"the surviving transit kernel's FWHM over the bare collected kernel's, the core-flattening diagnostic",6a468472af4bbda8,400000,0,2026-09-26T09:57:46,DIAGNOSTIC
w42.4_m1.00_r0.940_T130_P350,shares_shift_abs,0.00454264,,,PASS,the largest move of a line's share from the thermal law to the depleted one: the physical shift,6a468472af4bbda8,400000,0,2026-09-26T09:57:46,DIAGNOSTIC
w42.4_m1.00_r0.940_T130_P350,cycles_on_axis,0.512176,,,PASS,excitation cycles on the central chord at the mean transverse speed,6a468472af4bbda8,400000,0,2026-09-26T09:57:46,DIAGNOSTIC
w42.4_m1.00_r0.940_T130_P350,cycles_mean_over_chords,0.0824825,,,PASS,the flux-weighted mean over every chord,6a468472af4bbda8,400000,0,2026-09-26T09:57:46,DIAGNOSTIC
w42.4_m1.00_r0.940_T130_P500,transit_fwhm_rel,1.43717,1.4379,,FAIL,the Monte Carlo against the form the fit uses at this node,6a468472af4bbda8,400000,0,2026-09-26T09:59:07,DIAGNOSTIC
w42.4_m1.00_r0.940_T130_P500,transit_shape_rel,1.00031,1,,FAIL,the Monte Carlo against the form the fit uses at this node,6a468472af4bbda8,400000,0,2026-09-26T09:59:07,DIAGNOSTIC
w42.4_m1.00_r0.940_T130_P500,ramp_mu2_rel,0.053989,0.0539248,,FAIL,the Monte Carlo against the form the fit uses at this node,6a468472af4bbda8,400000,0,2026-09-26T09:59:07,DIAGNOSTIC
w42.4_m1.00_r0.940_T130_P500,ramp_mu3_rel,-0.00492751,-0.00490402,,FAIL,the Monte Carlo against the form the fit uses at this node,6a468472af4bbda8,400000,0,2026-09-26T09:59:07,DIAGNOSTIC
w42.4_m1.00_r0.940_T130_P500,amplitude_power_law_abs,1.29603,1.28913,,FAIL,the Monte Carlo against the form the fit uses at this node,6a468472af4bbda8,400000,0,2026-09-26T09:59:07,DIAGNOSTIC
w42.4_m1.00_r0.940_T130_P500,shares_abs,0.00318783,0,,FAIL,the Monte Carlo against the form the fit uses at this node,6a468472af4bbda8,400000,0,2026-09-26T09:59:07,DIAGNOSTIC
w42.4_m1.00_r0.940_T130_P500,joint_shape_abs,0.0127212,0,,FAIL,the Monte Carlo against the form the fit uses at this node,6a468472af4bbda8,400000,0,2026-09-26T09:59:07,DIAGNOSTIC
w42.4_m1.00_r0.940_T130_P500,joint_moment_sigma_abs,2.03793,0,,FAIL,the Monte Carlo against the form the fit uses at this node,6a468472af4bbda8,400000,0,2026-09-26T09:59:07,DIAGNOSTIC
w42.4_m1.00_r0.940_T130_P500,depleted_line_abs,0.00219667,0,,FAIL,the Monte Carlo against the form the fit uses at this node,6a468472af4bbda8,400000,0,2026-09-26T09:59:07,DIAGNOSTIC
w42.4_m1.00_r0.940_T130_P500,depletion_widening_rel_4207,0.0308392,,,FAIL,"what a transit fit reads from the surviving kernel after the natural Lorentzian, over the bare one: the factor the fit carries",6a468472af4bbda8,400000,0,2026-09-26T09:59:07,DIAGNOSTIC
w42.4_m1.00_r0.940_T130_P500,depletion_widening_rel_4192,0.0336952,,,FAIL,"what a transit fit reads from the surviving kernel after the natural Lorentzian, over the bare one: the factor the fit carries",6a468472af4bbda8,400000,0,2026-09-26T09:59:07,DIAGNOSTIC
w42.4_m1.00_r0.940_T130_P500,depletion_widening_rel_4154,0.0443894,,,FAIL,"what a transit fit reads from the surviving kernel after the natural Lorentzian, over the bare one: the factor the fit carries",6a468472af4bbda8,400000,0,2026-09-26T09:59:07,DIAGNOSTIC
w42.4_m1.00_r0.940_T130_P500,depletion_widening_rel_4121,0.0469017,,,FAIL,"what a transit fit reads from the surviving kernel after the natural Lorentzian, over the bare one: the factor the fit carries",6a468472af4bbda8,400000,0,2026-09-26T09:59:07,DIAGNOSTIC
w42.4_m1.00_r0.940_T130_P500,depletion_fwhm_rel_4207,0.183564,,,FAIL,"the surviving transit kernel's FWHM over the bare collected kernel's, the core-flattening diagnostic",6a468472af4bbda8,400000,0,2026-09-26T09:59:07,DIAGNOSTIC
w42.4_m1.00_r0.940_T130_P500,depletion_fwhm_rel_4192,0.195596,,,FAIL,"the surviving transit kernel's FWHM over the bare collected kernel's, the core-flattening diagnostic",6a468472af4bbda8,400000,0,2026-09-26T09:59:07,DIAGNOSTIC
w42.4_m1.00_r0.940_T130_P500,depletion_fwhm_rel_4154,0.237846,,,FAIL,"the surviving transit kernel's FWHM over the bare collected kernel's, the core-flattening diagnostic",6a468472af4bbda8,400000,0,2026-09-26T09:59:07,DIAGNOSTIC
w42.4_m1.00_r0.940_T130_P500,depletion_fwhm_rel_4121,0.247239,,,FAIL,"the surviving transit kernel's FWHM over the bare collected kernel's, the core-flattening diagnostic",6a468472af4bbda8,400000,0,2026-09-26T09:59:07,DIAGNOSTIC
w42.4_m1.00_r0.940_T130_P500,shares_shift_abs,0.0070066,,,FAIL,the largest move of a line's share from the thermal law to the depleted one: the physical shift,6a468472af4bbda8,400000,0,2026-09-26T09:59:07,DIAGNOSTIC
w42.4_m1.00_r0.940_T130_P500,cycles_on_axis,0.831022,,,FAIL,excitation cycles on the central chord at the mean transverse speed,6a468472af4bbda8,400000,0,2026-09-26T09:59:07,DIAGNOSTIC
w42.4_m1.00_r0.940_T130_P500,cycles_mean_over_chords,0.141935,,,FAIL,the flux-weighted mean over every chord,6a468472af4bbda8,400000,0,2026-09-26T09:59:07,DIAGNOSTIC
w42.4_m1.00_r0.940_T130_P75,transit_fwhm_rel,1.43693,1.43361,,PASS,the Monte Carlo against the form the fit uses at this node,6a468472af4bbda8,400000,0,2026-09-26T09:59:10,DIAGNOSTIC
w42.4_m1.00_r0.940_T130_P75,transit_shape_rel,1.00032,1,,PASS,the Monte Carlo against the form the fit uses at this node,6a468472af4bbda8,400000,0,2026-09-26T09:59:10,DIAGNOSTIC
w42.4_m1.00_r0.940_T130_P75,ramp_mu2_rel,0.0501875,0.0501515,,PASS,the Monte Carlo against the form the fit uses at this node,6a468472af4bbda8,400000,0,2026-09-26T09:59:10,DIAGNOSTIC
w42.4_m1.00_r0.940_T130_P75,ramp_mu3_rel,-0.00677282,-0.00674122,,PASS,the Monte Carlo against the form the fit uses at this node,6a468472af4bbda8,400000,0,2026-09-26T09:59:10,DIAGNOSTIC
w42.4_m1.00_r0.940_T130_P75,amplitude_power_law_abs,1.96848,1.96793,,PASS,the Monte Carlo against the form the fit uses at this node,6a468472af4bbda8,400000,0,2026-09-26T09:59:10,DIAGNOSTIC
w42.4_m1.00_r0.940_T130_P75,shares_abs,8.84904e-05,0,,PASS,the Monte Carlo against the form the fit uses at this node,6a468472af4bbda8,400000,0,2026-09-26T09:59:10,DIAGNOSTIC
w42.4_m1.00_r0.940_T130_P75,joint_shape_abs,0.00575747,0,,PASS,the Monte Carlo against the form the fit uses at this node,6a468472af4bbda8,400000,0,2026-09-26T09:59:10,DIAGNOSTIC
w42.4_m1.00_r0.940_T130_P75,joint_moment_sigma_abs,1.62963,0,,PASS,the Monte Carlo against the form the fit uses at this node,6a468472af4bbda8,400000,0,2026-09-26T09:59:10,DIAGNOSTIC
w42.4_m1.00_r0.940_T130_P75,depleted_line_abs,0.000344711,0,,PASS,the Monte Carlo against the form the fit uses at this node,6a468472af4bbda8,400000,0,2026-09-26T09:59:10,DIAGNOSTIC
w42.4_m1.00_r0.940_T130_P75,depletion_widening_rel_4207,0.00139331,,,PASS,"what a transit fit reads from the surviving kernel after the natural Lorentzian, over the bare one: the factor the fit carries",6a468472af4bbda8,400000,0,2026-09-26T09:59:10,DIAGNOSTIC
w42.4_m1.00_r0.940_T130_P75,depletion_widening_rel_4192,0.00154471,,,PASS,"what a transit fit reads from the surviving kernel after the natural Lorentzian, over the bare one: the factor the fit carries",6a468472af4bbda8,400000,0,2026-09-26T09:59:10,DIAGNOSTIC
w42.4_m1.00_r0.940_T130_P75,depletion_widening_rel_4154,0.0021454,,,PASS,"what a transit fit reads from the surviving kernel after the natural Lorentzian, over the bare one: the factor the fit carries",6a468472af4bbda8,400000,0,2026-09-26T09:59:10,DIAGNOSTIC
w42.4_m1.00_r0.940_T130_P75,depletion_widening_rel_4121,0.00229442,,,PASS,"what a transit fit reads from the surviving kernel after the natural Lorentzian, over the bare one: the factor the fit carries",6a468472af4bbda8,400000,0,2026-09-26T09:59:10,DIAGNOSTIC
w42.4_m1.00_r0.940_T130_P75,depletion_fwhm_rel_4207,0.0171292,,,PASS,"the surviving transit kernel's FWHM over the bare collected kernel's, the core-flattening diagnostic",6a468472af4bbda8,400000,0,2026-09-26T09:59:10,DIAGNOSTIC
w42.4_m1.00_r0.940_T130_P75,depletion_fwhm_rel_4192,0.0186259,,,PASS,"the surviving transit kernel's FWHM over the bare collected kernel's, the core-flattening diagnostic",6a468472af4bbda8,400000,0,2026-09-26T09:59:10,DIAGNOSTIC
w42.4_m1.00_r0.940_T130_P75,depletion_fwhm_rel_4154,0.024255,,,PASS,"the surviving transit kernel's FWHM over the bare collected kernel's, the core-flattening diagnostic",6a468472af4bbda8,400000,0,2026-09-26T09:59:10,DIAGNOSTIC
w42.4_m1.00_r0.940_T130_P75,depletion_fwhm_rel_4121,0.0255874,,,PASS,"the surviving transit kernel's FWHM over the bare collected kernel's, the core-flattening diagnostic",6a468472af4bbda8,400000,0,2026-09-26T09:59:10,DIAGNOSTIC
w42.4_m1.00_r0.940_T130_P75,shares_shift_abs,0.000317824,,,PASS,the largest move of a line's share from the thermal law to the depleted one: the physical shift,6a468472af4bbda8,400000,0,2026-09-26T09:59:10,DIAGNOSTIC
w42.4_m1.00_r0.940_T130_P75,cycles_on_axis,0.0315127,,,PASS,excitation cycles on the central chord at the mean transverse speed,6a468472af4bbda8,400000,0,2026-09-26T09:59:10,DIAGNOSTIC
w42.4_m1.00_r0.940_T130_P75,cycles_mean_over_chords,0.00467814,,,PASS,the flux-weighted mean over every chord,6a468472af4bbda8,400000,0,2026-09-26T09:59:10,DIAGNOSTIC
w42.4_m1.00_r0.940_T130_P90,transit_fwhm_rel,1.43693,1.43369,,PASS,the Monte Carlo against the form the fit uses at this node,6a468472af4bbda8,400000,0,2026-09-26T09:59:11,DIAGNOSTIC
w42.4_m1.00_r0.940_T130_P90,transit_shape_rel,1.00032,1,,PASS,the Monte Carlo against the form the fit uses at this node,6a468472af4bbda8,400000,0,2026-09-26T09:59:11,DIAGNOSTIC
w42.4_m1.00_r0.940_T130_P90,ramp_mu2_rel,0.0502426,0.0502061,,PASS,the Monte Carlo against the form the fit uses at this node,6a468472af4bbda8,400000,0,2026-09-26T09:59:11,DIAGNOSTIC
w42.4_m1.00_r0.940_T130_P90,ramp_mu3_rel,-0.00674901,-0.00671747,,PASS,the Monte Carlo against the form the fit uses at this node,6a468472af4bbda8,400000,0,2026-09-26T09:59:11,DIAGNOSTIC
w42.4_m1.00_r0.940_T130_P90,amplitude_power_law_abs,1.95512,1.9543,,PASS,the Monte Carlo against the form the fit uses at this node,6a468472af4bbda8,400000,0,2026-09-26T09:59:11,DIAGNOSTIC
w42.4_m1.00_r0.940_T130_P90,shares_abs,0.00012899,0,,PASS,the Monte Carlo against the form the fit uses at this node,6a468472af4bbda8,400000,0,2026-09-26T09:59:11,DIAGNOSTIC
w42.4_m1.00_r0.940_T130_P90,joint_shape_abs,0.00601262,0,,PASS,the Monte Carlo against the form the fit uses at this node,6a468472af4bbda8,400000,0,2026-09-26T09:59:11,DIAGNOSTIC
w42.4_m1.00_r0.940_T130_P90,joint_moment_sigma_abs,1.71417,0,,PASS,the Monte Carlo against the form the fit uses at this node,6a468472af4bbda8,400000,0,2026-09-26T09:59:11,DIAGNOSTIC
w42.4_m1.00_r0.940_T130_P90,depleted_line_abs,0.000383574,0,,PASS,the Monte Carlo against the form the fit uses at this node,6a468472af4bbda8,400000,0,2026-09-26T09:59:11,DIAGNOSTIC
w42.4_m1.00_r0.940_T130_P90,depletion_widening_rel_4207,0.00197693,,,PASS,"what a transit fit reads from the surviving kernel after the natural Lorentzian, over the bare one: the factor the fit carries",6a468472af4bbda8,400000,0,2026-09-26T09:59:11,DIAGNOSTIC
w42.4_m1.00_r0.940_T130_P90,depletion_widening_rel_4192,0.00219067,,,PASS,"what a transit fit reads from the surviving kernel after the natural Lorentzian, over the bare one: the factor the fit carries",6a468472af4bbda8,400000,0,2026-09-26T09:59:11,DIAGNOSTIC
w42.4_m1.00_r0.940_T130_P90,depletion_widening_rel_4154,0.00303678,,,PASS,"what a transit fit reads from the surviving kernel after the natural Lorentzian, over the bare one: the factor the fit carries",6a468472af4bbda8,400000,0,2026-09-26T09:59:11,DIAGNOSTIC
w42.4_m1.00_r0.940_T130_P90,depletion_widening_rel_4121,0.00324624,,,PASS,"what a transit fit reads from the surviving kernel after the natural Lorentzian, over the bare one: the factor the fit carries",6a468472af4bbda8,400000,0,2026-09-26T09:59:11,DIAGNOSTIC
w42.4_m1.00_r0.940_T130_P90,depletion_fwhm_rel_4207,0.0227213,,,PASS,"the surviving transit kernel's FWHM over the bare collected kernel's, the core-flattening diagnostic",6a468472af4bbda8,400000,0,2026-09-26T09:59:11,DIAGNOSTIC
w42.4_m1.00_r0.940_T130_P90,depletion_fwhm_rel_4192,0.0246631,,,PASS,"the surviving transit kernel's FWHM over the bare collected kernel's, the core-flattening diagnostic",6a468472af4bbda8,400000,0,2026-09-26T09:59:11,DIAGNOSTIC
w42.4_m1.00_r0.940_T130_P90,depletion_fwhm_rel_4154,0.0319386,,,PASS,"the surviving transit kernel's FWHM over the bare collected kernel's, the core-flattening diagnostic",6a468472af4bbda8,400000,0,2026-09-26T09:59:11,DIAGNOSTIC
w42.4_m1.00_r0.940_T130_P90,depletion_fwhm_rel_4121,0.0336693,,,PASS,"the surviving transit kernel's FWHM over the bare collected kernel's, the core-flattening diagnostic",6a468472af4bbda8,400000,0,2026-09-26T09:59:11,DIAGNOSTIC
w42.4_m1.00_r0.940_T130_P90,shares_shift_abs,0.000451256,,,PASS,the largest move of a line's share from the thermal law to the depleted one: the physical shift,6a468472af4bbda8,400000,0,2026-09-26T09:59:11,DIAGNOSTIC
w42.4_m1.00_r0.940_T130_P90,cycles_on_axis,0.0450393,,,PASS,excitation cycles on the central chord at the mean transverse speed,6a468472af4bbda8,400000,0,2026-09-26T09:59:11,DIAGNOSTIC
w42.4_m1.00_r0.940_T130_P90,cycles_mean_over_chords,0.00670079,,,PASS,the flux-weighted mean over every chord,6a468472af4bbda8,400000,0,2026-09-26T09:59:11,DIAGNOSTIC
w42.4_m1.00_r0.940_T70_P225,transit_fwhm_rel,1.32573,1.32376,,PASS,the Monte Carlo against the form the fit uses at this node,6a468472af4bbda8,400000,0,2026-09-26T10:00:30,DIAGNOSTIC
w42.4_m1.00_r0.940_T70_P225,transit_shape_rel,1.00032,1,,PASS,the Monte Carlo against the form the fit uses at this node,6a468472af4bbda8,400000,0,2026-09-26T10:00:30,DIAGNOSTIC
w42.4_m1.00_r0.940_T70_P225,ramp_mu2_rel,0.0511132,0.0510694,,PASS,the Monte Carlo against the form the fit uses at this node,6a468472af4bbda8,400000,0,2026-09-26T10:00:30,DIAGNOSTIC
w42.4_m1.00_r0.940_T70_P225,ramp_mu3_rel,-0.0063615,-0.00633118,,PASS,the Monte Carlo against the form the fit uses at this node,6a468472af4bbda8,400000,0,2026-09-26T10:00:30,DIAGNOSTIC
w42.4_m1.00_r0.940_T70_P225,amplitude_power_law_abs,1.75835,1.75298,,PASS,the Monte Carlo against the form the fit uses at this node,6a468472af4bbda8,400000,0,2026-09-26T10:00:30,DIAGNOSTIC
w42.4_m1.00_r0.940_T70_P225,shares_abs,0.000919131,0,,PASS,the Monte Carlo against the form the fit uses at this node,6a468472af4bbda8,400000,0,2026-09-26T10:00:30,DIAGNOSTIC
w42.4_m1.00_r0.940_T70_P225,joint_shape_abs,0.00816661,0,,PASS,the Monte Carlo against the form the fit uses at this node,6a468472af4bbda8,400000,0,2026-09-26T10:00:30,DIAGNOSTIC
w42.4_m1.00_r0.940_T70_P225,joint_moment_sigma_abs,2.39763,0,,PASS,the Monte Carlo against the form the fit uses at this node,6a468472af4bbda8,400000,0,2026-09-26T10:00:30,DIAGNOSTIC
w42.4_m1.00_r0.940_T70_P225,depleted_line_abs,0.000822829,0,,PASS,the Monte Carlo against the form the fit uses at this node,6a468472af4bbda8,400000,0,2026-09-26T10:00:30,DIAGNOSTIC
w42.4_m1.00_r0.940_T70_P225,depletion_widening_rel_4207,0.0108934,,,PASS,"what a transit fit reads from the surviving kernel after the natural Lorentzian, over the bare one: the factor the fit carries",6a468472af4bbda8,400000,0,2026-09-26T10:00:30,DIAGNOSTIC
w42.4_m1.00_r0.940_T70_P225,depletion_widening_rel_4192,0.0120022,,,PASS,"what a transit fit reads from the surviving kernel after the natural Lorentzian, over the bare one: the factor the fit carries",6a468472af4bbda8,400000,0,2026-09-26T10:00:30,DIAGNOSTIC
w42.4_m1.00_r0.940_T70_P225,depletion_widening_rel_4154,0.0162908,,,PASS,"what a transit fit reads from the surviving kernel after the natural Lorentzian, over the bare one: the factor the fit carries",6a468472af4bbda8,400000,0,2026-09-26T10:00:30,DIAGNOSTIC
w42.4_m1.00_r0.940_T70_P225,depletion_widening_rel_4121,0.0173296,,,PASS,"what a transit fit reads from the surviving kernel after the natural Lorentzian, over the bare one: the factor the fit carries",6a468472af4bbda8,400000,0,2026-09-26T10:00:30,DIAGNOSTIC
w42.4_m1.00_r0.940_T70_P225,depletion_fwhm_rel_4207,0.086422,,,PASS,"the surviving transit kernel's FWHM over the bare collected kernel's, the core-flattening diagnostic",6a468472af4bbda8,400000,0,2026-09-26T10:00:30,DIAGNOSTIC
w42.4_m1.00_r0.940_T70_P225,depletion_fwhm_rel_4192,0.0929113,,,PASS,"the surviving transit kernel's FWHM over the bare collected kernel's, the core-flattening diagnostic",6a468472af4bbda8,400000,0,2026-09-26T10:00:30,DIAGNOSTIC
w42.4_m1.00_r0.940_T70_P225,depletion_fwhm_rel_4154,0.116486,,,PASS,"the surviving transit kernel's FWHM over the bare collected kernel's, the core-flattening diagnostic",6a468472af4bbda8,400000,0,2026-09-26T10:00:30,DIAGNOSTIC
w42.4_m1.00_r0.940_T70_P225,depletion_fwhm_rel_4121,0.121914,,,PASS,"the surviving transit kernel's FWHM over the bare collected kernel's, the core-flattening diagnostic",6a468472af4bbda8,400000,0,2026-09-26T10:00:30,DIAGNOSTIC
w42.4_m1.00_r0.940_T70_P225,shares_shift_abs,0.0025243,,,PASS,the largest move of a line's share from the thermal law to the depleted one: the physical shift,6a468472af4bbda8,400000,0,2026-09-26T10:00:30,DIAGNOSTIC
w42.4_m1.00_r0.940_T70_P225,cycles_on_axis,0.271002,,,PASS,excitation cycles on the central chord at the mean transverse speed,6a468472af4bbda8,400000,0,2026-09-26T10:00:30,DIAGNOSTIC
w42.4_m1.00_r0.940_T70_P225,cycles_mean_over_chords,0.0417053,,,PASS,the flux-weighted mean over every chord,6a468472af4bbda8,400000,0,2026-09-26T10:00:30,DIAGNOSTIC
w42.4_m1.00_r0.940_T70_P500,transit_fwhm_rel,1.32592,1.32659,,FAIL,the Monte Carlo against the form the fit uses at this node,6a468472af4bbda8,400000,0,2026-09-26T10:00:31,DIAGNOSTIC
w42.4_m1.00_r0.940_T70_P500,transit_shape_rel,1.00031,1,,FAIL,the Monte Carlo against the form the fit uses at this node,6a468472af4bbda8,400000,0,2026-09-26T10:00:31,DIAGNOSTIC
w42.4_m1.00_r0.940_T70_P500,ramp_mu2_rel,0.053989,0.0539248,,FAIL,the Monte Carlo against the form the fit uses at this node,6a468472af4bbda8,400000,0,2026-09-26T10:00:31,DIAGNOSTIC
w42.4_m1.00_r0.940_T70_P500,ramp_mu3_rel,-0.00492751,-0.00490402,,FAIL,the Monte Carlo against the form the fit uses at this node,6a468472af4bbda8,400000,0,2026-09-26T10:00:31,DIAGNOSTIC
w42.4_m1.00_r0.940_T70_P500,amplitude_power_law_abs,1.28786,1.27918,,FAIL,the Monte Carlo against the form the fit uses at this node,6a468472af4bbda8,400000,0,2026-09-26T10:00:31,DIAGNOSTIC
w42.4_m1.00_r0.940_T70_P500,shares_abs,0.00350449,0,,FAIL,the Monte Carlo against the form the fit uses at this node,6a468472af4bbda8,400000,0,2026-09-26T10:00:31,DIAGNOSTIC
w42.4_m1.00_r0.940_T70_P500,joint_shape_abs,0.0128089,0,,FAIL,the Monte Carlo against the form the fit uses at this node,6a468472af4bbda8,400000,0,2026-09-26T10:00:31,DIAGNOSTIC
w42.4_m1.00_r0.940_T70_P500,joint_moment_sigma_abs,1.91857,0,,FAIL,the Monte Carlo against the form the fit uses at this node,6a468472af4bbda8,400000,0,2026-09-26T10:00:31,DIAGNOSTIC
w42.4_m1.00_r0.940_T70_P500,depleted_line_abs,0.0020542,0,,FAIL,the Monte Carlo against the form the fit uses at this node,6a468472af4bbda8,400000,0,2026-09-26T10:00:31,DIAGNOSTIC
w42.4_m1.00_r0.940_T70_P500,depletion_widening_rel_4207,0.0324977,,,FAIL,"what a transit fit reads from the surviving kernel after the natural Lorentzian, over the bare one: the factor the fit carries",6a468472af4bbda8,400000,0,2026-09-26T10:00:31,DIAGNOSTIC
w42.4_m1.00_r0.940_T70_P500,depletion_widening_rel_4192,0.0354829,,,FAIL,"what a transit fit reads from the surviving kernel after the natural Lorentzian, over the bare one: the factor the fit carries",6a468472af4bbda8,400000,0,2026-09-26T10:00:31,DIAGNOSTIC
w42.4_m1.00_r0.940_T70_P500,depletion_widening_rel_4154,0.0466302,,,FAIL,"what a transit fit reads from the surviving kernel after the natural Lorentzian, over the bare one: the factor the fit carries",6a468472af4bbda8,400000,0,2026-09-26T10:00:31,DIAGNOSTIC
w42.4_m1.00_r0.940_T70_P500,depletion_widening_rel_4121,0.0492423,,,FAIL,"what a transit fit reads from the surviving kernel after the natural Lorentzian, over the bare one: the factor the fit carries",6a468472af4bbda8,400000,0,2026-09-26T10:00:31,DIAGNOSTIC
w42.4_m1.00_r0.940_T70_P500,depletion_fwhm_rel_4207,0.19272,,,FAIL,"the surviving transit kernel's FWHM over the bare collected kernel's, the core-flattening diagnostic",6a468472af4bbda8,400000,0,2026-09-26T10:00:31,DIAGNOSTIC
w42.4_m1.00_r0.940_T70_P500,depletion_fwhm_rel_4192,0.205173,,,FAIL,"the surviving transit kernel's FWHM over the bare collected kernel's, the core-flattening diagnostic",6a468472af4bbda8,400000,0,2026-09-26T10:00:31,DIAGNOSTIC
w42.4_m1.00_r0.940_T70_P500,depletion_fwhm_rel_4154,0.248834,,,FAIL,"the surviving transit kernel's FWHM over the bare collected kernel's, the core-flattening diagnostic",6a468472af4bbda8,400000,0,2026-09-26T10:00:31,DIAGNOSTIC
w42.4_m1.00_r0.940_T70_P500,depletion_fwhm_rel_4121,0.258526,,,FAIL,"the surviving transit kernel's FWHM over the bare collected kernel's, the core-flattening diagnostic",6a468472af4bbda8,400000,0,2026-09-26T10:00:31,DIAGNOSTIC
w42.4_m1.00_r0.940_T70_P500,shares_shift_abs,0.00749612,,,FAIL,the largest move of a line's share from the thermal law to the depleted one: the physical shift,6a468472af4bbda8,400000,0,2026-09-26T10:00:31,DIAGNOSTIC
w42.4_m1.00_r0.940_T70_P500,cycles_on_axis,0.900749,,,FAIL,excitation cycles on the central chord at the mean transverse speed,6a468472af4bbda8,400000,0,2026-09-26T10:00:31,DIAGNOSTIC
w42.4_m1.00_r0.940_T70_P500,cycles_mean_over_chords,0.153844,,,FAIL,the flux-weighted mean over every chord,6a468472af4bbda8,400000,0,2026-09-26T10:00:31,DIAGNOSTIC
w42.4_m1.00_r0.940_T90_P225,transit_fwhm_rel,1.36381,1.36179,,PASS,the Monte Carlo against the form the fit uses at this node,6a468472af4bbda8,400000,0,2026-09-26T10:00:34,DIAGNOSTIC
w42.4_m1.00_r0.940_T90_P225,transit_shape_rel,1.00032,1,,PASS,the Monte Carlo against the form the fit uses at this node,6a468472af4bbda8,400000,0,2026-09-26T10:00:34,DIAGNOSTIC
w42.4_m1.00_r0.940_T90_P225,ramp_mu2_rel,0.0511132,0.0510694,,PASS,the Monte Carlo against the form the fit uses at this node,6a468472af4bbda8,400000,0,2026-09-26T10:00:34,DIAGNOSTIC
w42.4_m1.00_r0.940_T90_P225,ramp_mu3_rel,-0.0063615,-0.00633118,,PASS,the Monte Carlo against the form the fit uses at this node,6a468472af4bbda8,400000,0,2026-09-26T10:00:34,DIAGNOSTIC
w42.4_m1.00_r0.940_T90_P225,amplitude_power_law_abs,1.7598,1.7546,,PASS,the Monte Carlo against the form the fit uses at this node,6a468472af4bbda8,400000,0,2026-09-26T10:00:34,DIAGNOSTIC
w42.4_m1.00_r0.940_T90_P225,shares_abs,0.000889486,0,,PASS,the Monte Carlo against the form the fit uses at this node,6a468472af4bbda8,400000,0,2026-09-26T10:00:34,DIAGNOSTIC
w42.4_m1.00_r0.940_T90_P225,joint_shape_abs,0.00822806,0,,PASS,the Monte Carlo against the form the fit uses at this node,6a468472af4bbda8,400000,0,2026-09-26T10:00:34,DIAGNOSTIC
w42.4_m1.00_r0.940_T90_P225,joint_moment_sigma_abs,2.48312,0,,PASS,the Monte Carlo against the form the fit uses at this node,6a468472af4bbda8,400000,0,2026-09-26T10:00:34,DIAGNOSTIC
w42.4_m1.00_r0.940_T90_P225,depleted_line_abs,0.000846907,0,,PASS,the Monte Carlo against the form the fit uses at this node,6a468472af4bbda8,400000,0,2026-09-26T10:00:34,DIAGNOSTIC
w42.4_m1.00_r0.940_T90_P225,depletion_widening_rel_4207,0.0106731,,,PASS,"what a transit fit reads from the surviving kernel after the natural Lorentzian, over the bare one: the factor the fit carries",6a468472af4bbda8,400000,0,2026-09-26T10:00:34,DIAGNOSTIC
w42.4_m1.00_r0.940_T90_P225,depletion_widening_rel_4192,0.011761,,,PASS,"what a transit fit reads from the surviving kernel after the natural Lorentzian, over the bare one: the factor the fit carries",6a468472af4bbda8,400000,0,2026-09-26T10:00:34,DIAGNOSTIC
w42.4_m1.00_r0.940_T90_P225,depletion_widening_rel_4154,0.015971,,,PASS,"what a transit fit reads from the surviving kernel after the natural Lorentzian, over the bare one: the factor the fit carries",6a468472af4bbda8,400000,0,2026-09-26T10:00:34,DIAGNOSTIC
w42.4_m1.00_r0.940_T90_P225,depletion_widening_rel_4121,0.0169912,,,PASS,"what a transit fit reads from the surviving kernel after the natural Lorentzian, over the bare one: the factor the fit carries",6a468472af4bbda8,400000,0,2026-09-26T10:00:34,DIAGNOSTIC
w42.4_m1.00_r0.940_T90_P225,depletion_fwhm_rel_4207,0.0847413,,,PASS,"the surviving transit kernel's FWHM over the bare collected kernel's, the core-flattening diagnostic",6a468472af4bbda8,400000,0,2026-09-26T10:00:34,DIAGNOSTIC
w42.4_m1.00_r0.940_T90_P225,depletion_fwhm_rel_4192,0.0911295,,,PASS,"the surviving transit kernel's FWHM over the bare collected kernel's, the core-flattening diagnostic",6a468472af4bbda8,400000,0,2026-09-26T10:00:34,DIAGNOSTIC
w42.4_m1.00_r0.940_T90_P225,depletion_fwhm_rel_4154,0.114319,,,PASS,"the surviving transit kernel's FWHM over the bare collected kernel's, the core-flattening diagnostic",6a468472af4bbda8,400000,0,2026-09-26T10:00:34,DIAGNOSTIC
w42.4_m1.00_r0.940_T90_P225,depletion_fwhm_rel_4121,0.119663,,,PASS,"the surviving transit kernel's FWHM over the bare collected kernel's, the core-flattening diagnostic",6a468472af4bbda8,400000,0,2026-09-26T10:00:34,DIAGNOSTIC
w42.4_m1.00_r0.940_T90_P225,shares_shift_abs,0.00245934,,,PASS,the largest move of a line's share from the thermal law to the depleted one: the physical shift,6a468472af4bbda8,400000,0,2026-09-26T10:00:34,DIAGNOSTIC
w42.4_m1.00_r0.940_T90_P225,cycles_on_axis,0.263434,,,PASS,excitation cycles on the central chord at the mean transverse speed,6a468472af4bbda8,400000,0,2026-09-26T10:00:34,DIAGNOSTIC
w42.4_m1.00_r0.940_T90_P225,cycles_mean_over_chords,0.0405406,,,PASS,the flux-weighted mean over every chord,6a468472af4bbda8,400000,0,2026-09-26T10:00:34,DIAGNOSTIC
w42.4_m1.00_r0.940_T90_P500,transit_fwhm_rel,1.36401,1.3647,,FAIL,the Monte Carlo against the form the fit uses at this node,6a468472af4bbda8,400000,0,2026-09-26T10:01:51,DIAGNOSTIC
w42.4_m1.00_r0.940_T90_P500,transit_shape_rel,1.00031,1,,FAIL,the Monte Carlo against the form the fit uses at this node,6a468472af4bbda8,400000,0,2026-09-26T10:01:51,DIAGNOSTIC
w42.4_m1.00_r0.940_T90_P500,ramp_mu2_rel,0.053989,0.0539248,,FAIL,the Monte Carlo against the form the fit uses at this node,6a468472af4bbda8,400000,0,2026-09-26T10:01:51,DIAGNOSTIC
w42.4_m1.00_r0.940_T90_P500,ramp_mu3_rel,-0.00492751,-0.00490402,,FAIL,the Monte Carlo against the form the fit uses at this node,6a468472af4bbda8,400000,0,2026-09-26T10:01:51,DIAGNOSTIC
w42.4_m1.00_r0.940_T90_P500,amplitude_power_law_abs,1.29079,1.28276,,FAIL,the Monte Carlo against the form the fit uses at this node,6a468472af4bbda8,400000,0,2026-09-26T10:01:51,DIAGNOSTIC
w42.4_m1.00_r0.940_T90_P500,shares_abs,0.0033899,0,,FAIL,the Monte Carlo against the form the fit uses at this node,6a468472af4bbda8,400000,0,2026-09-26T10:01:51,DIAGNOSTIC
w42.4_m1.00_r0.940_T90_P500,joint_shape_abs,0.0127783,0,,FAIL,the Monte Carlo against the form the fit uses at this node,6a468472af4bbda8,400000,0,2026-09-26T10:01:51,DIAGNOSTIC
w42.4_m1.00_r0.940_T90_P500,joint_moment_sigma_abs,1.96115,0,,FAIL,the Monte Carlo against the form the fit uses at this node,6a468472af4bbda8,400000,0,2026-09-26T10:01:51,DIAGNOSTIC
w42.4_m1.00_r0.940_T90_P500,depleted_line_abs,0.00210457,0,,FAIL,the Monte Carlo against the form the fit uses at this node,6a468472af4bbda8,400000,0,2026-09-26T10:01:51,DIAGNOSTIC
w42.4_m1.00_r0.940_T90_P500,depletion_widening_rel_4207,0.0319059,,,FAIL,"what a transit fit reads from the surviving kernel after the natural Lorentzian, over the bare one: the factor the fit carries",6a468472af4bbda8,400000,0,2026-09-26T10:01:51,DIAGNOSTIC
w42.4_m1.00_r0.940_T90_P500,depletion_widening_rel_4192,0.0348452,,,FAIL,"what a transit fit reads from the surviving kernel after the natural Lorentzian, over the bare one: the factor the fit carries",6a468472af4bbda8,400000,0,2026-09-26T10:01:51,DIAGNOSTIC
w42.4_m1.00_r0.940_T90_P500,depletion_widening_rel_4154,0.045832,,,FAIL,"what a transit fit reads from the surviving kernel after the natural Lorentzian, over the bare one: the factor the fit carries",6a468472af4bbda8,400000,0,2026-09-26T10:01:51,DIAGNOSTIC
w42.4_m1.00_r0.940_T90_P500,depletion_widening_rel_4121,0.0484088,,,FAIL,"what a transit fit reads from the surviving kernel after the natural Lorentzian, over the bare one: the factor the fit carries",6a468472af4bbda8,400000,0,2026-09-26T10:01:51,DIAGNOSTIC
w42.4_m1.00_r0.940_T90_P500,depletion_fwhm_rel_4207,0.189468,,,FAIL,"the surviving transit kernel's FWHM over the bare collected kernel's, the core-flattening diagnostic",6a468472af4bbda8,400000,0,2026-09-26T10:01:51,DIAGNOSTIC
w42.4_m1.00_r0.940_T90_P500,depletion_fwhm_rel_4192,0.201756,,,FAIL,"the surviving transit kernel's FWHM over the bare collected kernel's, the core-flattening diagnostic",6a468472af4bbda8,400000,0,2026-09-26T10:01:51,DIAGNOSTIC
w42.4_m1.00_r0.940_T90_P500,depletion_fwhm_rel_4154,0.244941,,,FAIL,"the surviving transit kernel's FWHM over the bare collected kernel's, the core-flattening diagnostic",6a468472af4bbda8,400000,0,2026-09-26T10:01:51,DIAGNOSTIC
w42.4_m1.00_r0.940_T90_P500,depletion_fwhm_rel_4121,0.254517,,,FAIL,"the surviving transit kernel's FWHM over the bare collected kernel's, the core-flattening diagnostic",6a468472af4bbda8,400000,0,2026-09-26T10:01:51,DIAGNOSTIC
w42.4_m1.00_r0.940_T90_P500,shares_shift_abs,0.00732075,,,FAIL,the largest move of a line's share from the thermal law to the depleted one: the physical shift,6a468472af4bbda8,400000,0,2026-09-26T10:01:51,DIAGNOSTIC
w42.4_m1.00_r0.940_T90_P500,cycles_on_axis,0.875594,,,FAIL,excitation cycles on the central chord at the mean transverse speed,6a468472af4bbda8,400000,0,2026-09-26T10:01:51,DIAGNOSTIC
w42.4_m1.00_r0.940_T90_P500,cycles_mean_over_chords,0.149548,,,FAIL,the flux-weighted mean over every chord,6a468472af4bbda8,400000,0,2026-09-26T10:01:51,DIAGNOSTIC
w42.9_m1.00_r0.940_T110_P225,transit_fwhm_rel,1.3842,1.38239,,PASS,the Monte Carlo against the form the fit uses at this node,6a468472af4bbda8,400000,0,2026-09-26T10:01:52,DIAGNOSTIC
w42.9_m1.00_r0.940_T110_P225,transit_shape_rel,1.00031,1,,PASS,the Monte Carlo against the form the fit uses at this node,6a468472af4bbda8,400000,0,2026-09-26T10:01:52,DIAGNOSTIC
w42.9_m1.00_r0.940_T110_P225,ramp_mu2_rel,0.0510573,0.0510095,,PASS,the Monte Carlo against the form the fit uses at this node,6a468472af4bbda8,400000,0,2026-09-26T10:01:52,DIAGNOSTIC
w42.9_m1.00_r0.940_T110_P225,ramp_mu3_rel,-0.00633712,-0.00630457,,PASS,the Monte Carlo against the form the fit uses at this node,6a468472af4bbda8,400000,0,2026-09-26T10:01:52,DIAGNOSTIC
w42.9_m1.00_r0.940_T110_P225,amplitude_power_law_abs,1.76976,1.76472,,PASS,the Monte Carlo against the form the fit uses at this node,6a468472af4bbda8,400000,0,2026-09-26T10:01:52,DIAGNOSTIC
w42.9_m1.00_r0.940_T110_P225,shares_abs,0.00083738,0,,PASS,the Monte Carlo against the form the fit uses at this node,6a468472af4bbda8,400000,0,2026-09-26T10:01:52,DIAGNOSTIC
w42.9_m1.00_r0.940_T110_P225,joint_shape_abs,0.00785483,0,,PASS,the Monte Carlo against the form the fit uses at this node,6a468472af4bbda8,400000,0,2026-09-26T10:01:52,DIAGNOSTIC
w42.9_m1.00_r0.940_T110_P225,joint_moment_sigma_abs,2.59888,0,,PASS,the Monte Carlo against the form the fit uses at this node,6a468472af4bbda8,400000,0,2026-09-26T10:01:52,DIAGNOSTIC
w42.9_m1.00_r0.940_T110_P225,depleted_line_abs,0.00083833,0,,PASS,the Monte Carlo against the form the fit uses at this node,6a468472af4bbda8,400000,0,2026-09-26T10:01:52,DIAGNOSTIC
w42.9_m1.00_r0.940_T110_P225,depletion_widening_rel_4207,0.010149,,,PASS,"what a transit fit reads from the surviving kernel after the natural Lorentzian, over the bare one: the factor the fit carries",6a468472af4bbda8,400000,0,2026-09-26T10:01:52,DIAGNOSTIC
w42.9_m1.00_r0.940_T110_P225,depletion_widening_rel_4192,0.0111867,,,PASS,"what a transit fit reads from the surviving kernel after the natural Lorentzian, over the bare one: the factor the fit carries",6a468472af4bbda8,400000,0,2026-09-26T10:01:52,DIAGNOSTIC
w42.9_m1.00_r0.940_T110_P225,depletion_widening_rel_4154,0.0152069,,,PASS,"what a transit fit reads from the surviving kernel after the natural Lorentzian, over the bare one: the factor the fit carries",6a468472af4bbda8,400000,0,2026-09-26T10:01:52,DIAGNOSTIC
w42.9_m1.00_r0.940_T110_P225,depletion_widening_rel_4121,0.0161821,,,PASS,"what a transit fit reads from the surviving kernel after the natural Lorentzian, over the bare one: the factor the fit carries",6a468472af4bbda8,400000,0,2026-09-26T10:01:52,DIAGNOSTIC
w42.9_m1.00_r0.940_T110_P225,depletion_fwhm_rel_4207,0.0814077,,,PASS,"the surviving transit kernel's FWHM over the bare collected kernel's, the core-flattening diagnostic",6a468472af4bbda8,400000,0,2026-09-26T10:01:52,DIAGNOSTIC
w42.9_m1.00_r0.940_T110_P225,depletion_fwhm_rel_4192,0.087588,,,PASS,"the surviving transit kernel's FWHM over the bare collected kernel's, the core-flattening diagnostic",6a468472af4bbda8,400000,0,2026-09-26T10:01:52,DIAGNOSTIC
w42.9_m1.00_r0.940_T110_P225,depletion_fwhm_rel_4154,0.110036,,,PASS,"the surviving transit kernel's FWHM over the bare collected kernel's, the core-flattening diagnostic",6a468472af4bbda8,400000,0,2026-09-26T10:01:52,DIAGNOSTIC
w42.9_m1.00_r0.940_T110_P225,depletion_fwhm_rel_4121,0.115178,,,PASS,"the surviving transit kernel's FWHM over the bare collected kernel's, the core-flattening diagnostic",6a468472af4bbda8,400000,0,2026-09-26T10:01:52,DIAGNOSTIC
w42.9_m1.00_r0.940_T110_P225,shares_shift_abs,0.00233199,,,PASS,the largest move of a line's share from the thermal law to the depleted one: the physical shift,6a468472af4bbda8,400000,0,2026-09-26T10:01:52,DIAGNOSTIC
w42.9_m1.00_r0.940_T110_P225,cycles_on_axis,0.249097,,,PASS,excitation cycles on the central chord at the mean transverse speed,6a468472af4bbda8,400000,0,2026-09-26T10:01:52,DIAGNOSTIC
w42.9_m1.00_r0.940_T110_P225,cycles_mean_over_chords,0.0382698,,,PASS,the flux-weighted mean over every chord,6a468472af4bbda8,400000,0,2026-09-26T10:01:52,DIAGNOSTIC
w42.9_m1.00_r0.940_T130_P125,transit_fwhm_rel,1.41984,1.41721,,PASS,the Monte Carlo against the form the fit uses at this node,6a468472af4bbda8,400000,0,2026-09-26T10:01:56,DIAGNOSTIC
w42.9_m1.00_r0.940_T130_P125,transit_shape_rel,1.00032,1,,PASS,the Monte Carlo against the form the fit uses at this node,6a468472af4bbda8,400000,0,2026-09-26T10:01:56,DIAGNOSTIC
w42.9_m1.00_r0.940_T130_P125,ramp_mu2_rel,0.050384,0.050342,,PASS,the Monte Carlo against the form the fit uses at this node,6a468472af4bbda8,400000,0,2026-09-26T10:01:56,DIAGNOSTIC
w42.9_m1.00_r0.940_T130_P125,ramp_mu3_rel,-0.00664204,-0.00660854,,PASS,the Monte Carlo against the form the fit uses at this node,6a468472af4bbda8,400000,0,2026-09-26T10:01:56,DIAGNOSTIC
w42.9_m1.00_r0.940_T130_P125,amplitude_power_law_abs,1.91961,1.91799,,PASS,the Monte Carlo against the form the fit uses at this node,6a468472af4bbda8,400000,0,2026-09-26T10:01:56,DIAGNOSTIC
w42.9_m1.00_r0.940_T130_P125,shares_abs,0.0002467,0,,PASS,the Monte Carlo against the form the fit uses at this node,6a468472af4bbda8,400000,0,2026-09-26T10:01:56,DIAGNOSTIC
w42.9_m1.00_r0.940_T130_P125,joint_shape_abs,0.00621483,0,,PASS,the Monte Carlo against the form the fit uses at this node,6a468472af4bbda8,400000,0,2026-09-26T10:01:56,DIAGNOSTIC
w42.9_m1.00_r0.940_T130_P125,joint_moment_sigma_abs,1.94858,0,,PASS,the Monte Carlo against the form the fit uses at this node,6a468472af4bbda8,400000,0,2026-09-26T10:01:56,DIAGNOSTIC
w42.9_m1.00_r0.940_T130_P125,depleted_line_abs,0.000478526,0,,PASS,the Monte Carlo against the form the fit uses at this node,6a468472af4bbda8,400000,0,2026-09-26T10:01:56,DIAGNOSTIC
w42.9_m1.00_r0.940_T130_P125,depletion_widening_rel_4207,0.00353763,,,PASS,"what a transit fit reads from the surviving kernel after the natural Lorentzian, over the bare one: the factor the fit carries",6a468472af4bbda8,400000,0,2026-09-26T10:01:56,DIAGNOSTIC
w42.9_m1.00_r0.940_T130_P125,depletion_widening_rel_4192,0.00391532,,,PASS,"what a transit fit reads from the surviving kernel after the natural Lorentzian, over the bare one: the factor the fit carries",6a468472af4bbda8,400000,0,2026-09-26T10:01:56,DIAGNOSTIC
w42.9_m1.00_r0.940_T130_P125,depletion_widening_rel_4154,0.00540278,,,PASS,"what a transit fit reads from the surviving kernel after the natural Lorentzian, over the bare one: the factor the fit carries",6a468472af4bbda8,400000,0,2026-09-26T10:01:56,DIAGNOSTIC
w42.9_m1.00_r0.940_T130_P125,depletion_widening_rel_4121,0.0057692,,,PASS,"what a transit fit reads from the surviving kernel after the natural Lorentzian, over the bare one: the factor the fit carries",6a468472af4bbda8,400000,0,2026-09-26T10:01:56,DIAGNOSTIC
w42.9_m1.00_r0.940_T130_P125,depletion_fwhm_rel_4207,0.0361038,,,PASS,"the surviving transit kernel's FWHM over the bare collected kernel's, the core-flattening diagnostic",6a468472af4bbda8,400000,0,2026-09-26T10:01:56,DIAGNOSTIC
w42.9_m1.00_r0.940_T130_P125,depletion_fwhm_rel_4192,0.0390895,,,PASS,"the surviving transit kernel's FWHM over the bare collected kernel's, the core-flattening diagnostic",6a468472af4bbda8,400000,0,2026-09-26T10:01:56,DIAGNOSTIC
w42.9_m1.00_r0.940_T130_P125,depletion_fwhm_rel_4154,0.0501665,,,PASS,"the surviving transit kernel's FWHM over the bare collected kernel's, the core-flattening diagnostic",6a468472af4bbda8,400000,0,2026-09-26T10:01:56,DIAGNOSTIC
w42.9_m1.00_r0.940_T130_P125,depletion_fwhm_rel_4121,0.0527744,,,PASS,"the surviving transit kernel's FWHM over the bare collected kernel's, the core-flattening diagnostic",6a468472af4bbda8,400000,0,2026-09-26T10:01:56,DIAGNOSTIC
w42.9_m1.00_r0.940_T130_P125,shares_shift_abs,0.00080986,,,PASS,the largest move of a line's share from the thermal law to the depleted one: the physical shift,6a468472af4bbda8,400000,0,2026-09-26T10:01:56,DIAGNOSTIC
w42.9_m1.00_r0.940_T130_P125,cycles_on_axis,0.0821967,,,PASS,excitation cycles on the central chord at the mean transverse speed,6a468472af4bbda8,400000,0,2026-09-26T10:01:56,DIAGNOSTIC
w42.9_m1.00_r0.940_T130_P125,cycles_mean_over_chords,0.0123009,,,PASS,the flux-weighted mean over every chord,6a468472af4bbda8,400000,0,2026-09-26T10:01:56,DIAGNOSTIC
w42.9_m1.00_r0.940_T130_P175,transit_fwhm_rel,1.41985,1.41757,,PASS,the Monte Carlo against the form the fit uses at this node,6a468472af4bbda8,400000,0,2026-09-26T10:03:14,DIAGNOSTIC
w42.9_m1.00_r0.940_T130_P175,transit_shape_rel,1.00032,1,,PASS,the Monte Carlo against the form the fit uses at this node,6a468472af4bbda8,400000,0,2026-09-26T10:03:14,DIAGNOSTIC
w42.9_m1.00_r0.940_T130_P175,ramp_mu2_rel,0.0506826,0.050638,,PASS,the Monte Carlo against the form the fit uses at this node,6a468472af4bbda8,400000,0,2026-09-26T10:03:14,DIAGNOSTIC
w42.9_m1.00_r0.940_T130_P175,ramp_mu3_rel,-0.0065084,-0.00647529,,PASS,the Monte Carlo against the form the fit uses at this node,6a468472af4bbda8,400000,0,2026-09-26T10:03:14,DIAGNOSTIC
w42.9_m1.00_r0.940_T130_P175,amplitude_power_law_abs,1.8513,1.84814,,PASS,the Monte Carlo against the form the fit uses at this node,6a468472af4bbda8,400000,0,2026-09-26T10:03:14,DIAGNOSTIC
w42.9_m1.00_r0.940_T130_P175,shares_abs,0.000492505,0,,PASS,the Monte Carlo against the form the fit uses at this node,6a468472af4bbda8,400000,0,2026-09-26T10:03:14,DIAGNOSTIC
w42.9_m1.00_r0.940_T130_P175,joint_shape_abs,0.00706729,0,,PASS,the Monte Carlo against the form the fit uses at this node,6a468472af4bbda8,400000,0,2026-09-26T10:03:14,DIAGNOSTIC
w42.9_m1.00_r0.940_T130_P175,joint_moment_sigma_abs,2.22279,0,,PASS,the Monte Carlo against the form the fit uses at this node,6a468472af4bbda8,400000,0,2026-09-26T10:03:14,DIAGNOSTIC
w42.9_m1.00_r0.940_T130_P175,depleted_line_abs,0.000658889,0,,PASS,the Monte Carlo against the form the fit uses at this node,6a468472af4bbda8,400000,0,2026-09-26T10:03:14,DIAGNOSTIC
w42.9_m1.00_r0.940_T130_P175,depletion_widening_rel_4207,0.00649705,,,PASS,"what a transit fit reads from the surviving kernel after the natural Lorentzian, over the bare one: the factor the fit carries",6a468472af4bbda8,400000,0,2026-09-26T10:03:14,DIAGNOSTIC
w42.9_m1.00_r0.940_T130_P175,depletion_widening_rel_4192,0.00717646,,,PASS,"what a transit fit reads from the surviving kernel after the natural Lorentzian, over the bare one: the factor the fit carries",6a468472af4bbda8,400000,0,2026-09-26T10:03:14,DIAGNOSTIC
w42.9_m1.00_r0.940_T130_P175,depletion_widening_rel_4154,0.00983059,,,PASS,"what a transit fit reads from the surviving kernel after the natural Lorentzian, over the bare one: the factor the fit carries",6a468472af4bbda8,400000,0,2026-09-26T10:03:14,DIAGNOSTIC
w42.9_m1.00_r0.940_T130_P175,depletion_widening_rel_4121,0.0104795,,,PASS,"what a transit fit reads from the surviving kernel after the natural Lorentzian, over the bare one: the factor the fit carries",6a468472af4bbda8,400000,0,2026-09-26T10:03:14,DIAGNOSTIC
w42.9_m1.00_r0.940_T130_P175,depletion_fwhm_rel_4207,0.0578256,,,PASS,"the surviving transit kernel's FWHM over the bare collected kernel's, the core-flattening diagnostic",6a468472af4bbda8,400000,0,2026-09-26T10:03:14,DIAGNOSTIC
w42.9_m1.00_r0.940_T130_P175,depletion_fwhm_rel_4192,0.0623764,,,PASS,"the surviving transit kernel's FWHM over the bare collected kernel's, the core-flattening diagnostic",6a468472af4bbda8,400000,0,2026-09-26T10:03:14,DIAGNOSTIC
w42.9_m1.00_r0.940_T130_P175,depletion_fwhm_rel_4154,0.0791566,,,PASS,"the surviving transit kernel's FWHM over the bare collected kernel's, the core-flattening diagnostic",6a468472af4bbda8,400000,0,2026-09-26T10:03:14,DIAGNOSTIC
w42.9_m1.00_r0.940_T130_P175,depletion_fwhm_rel_4121,0.0830459,,,PASS,"the surviving transit kernel's FWHM over the bare collected kernel's, the core-flattening diagnostic",6a468472af4bbda8,400000,0,2026-09-26T10:03:14,DIAGNOSTIC
w42.9_m1.00_r0.940_T130_P175,shares_shift_abs,0.00148657,,,PASS,the largest move of a line's share from the thermal law to the depleted one: the physical shift,6a468472af4bbda8,400000,0,2026-09-26T10:03:14,DIAGNOSTIC
w42.9_m1.00_r0.940_T130_P175,cycles_on_axis,0.154647,,,PASS,excitation cycles on the central chord at the mean transverse speed,6a468472af4bbda8,400000,0,2026-09-26T10:03:14,DIAGNOSTIC
w42.9_m1.00_r0.940_T130_P175,cycles_mean_over_chords,0.0234165,,,PASS,the flux-weighted mean over every chord,6a468472af4bbda8,400000,0,2026-09-26T10:03:14,DIAGNOSTIC
w42.9_m1.00_r0.940_T130_P180,transit_fwhm_rel,1.41985,1.41761,,PASS,the Monte Carlo against the form the fit uses at this node,6a468472af4bbda8,400000,0,2026-09-26T10:03:16,DIAGNOSTIC
w42.9_m1.00_r0.940_T130_P180,transit_shape_rel,1.00032,1,,PASS,the Monte Carlo against the form the fit uses at this node,6a468472af4bbda8,400000,0,2026-09-26T10:03:16,DIAGNOSTIC
w42.9_m1.00_r0.940_T130_P180,ramp_mu2_rel,0.0507169,0.050672,,PASS,the Monte Carlo against the form the fit uses at this node,6a468472af4bbda8,400000,0,2026-09-26T10:03:16,DIAGNOSTIC
w42.9_m1.00_r0.940_T130_P180,ramp_mu3_rel,-0.00649289,-0.00645982,,PASS,the Monte Carlo against the form the fit uses at this node,6a468472af4bbda8,400000,0,2026-09-26T10:03:16,DIAGNOSTIC
w42.9_m1.00_r0.940_T130_P180,amplitude_power_law_abs,1.8437,1.84037,,PASS,the Monte Carlo against the form the fit uses at this node,6a468472af4bbda8,400000,0,2026-09-26T10:03:16,DIAGNOSTIC
w42.9_m1.00_r0.940_T130_P180,shares_abs,0.000521443,0,,PASS,the Monte Carlo against the form the fit uses at this node,6a468472af4bbda8,400000,0,2026-09-26T10:03:16,DIAGNOSTIC
w42.9_m1.00_r0.940_T130_P180,joint_shape_abs,0.00714711,0,,PASS,the Monte Carlo against the form the fit uses at this node,6a468472af4bbda8,400000,0,2026-09-26T10:03:16,DIAGNOSTIC
w42.9_m1.00_r0.940_T130_P180,joint_moment_sigma_abs,2.2341,0,,PASS,the Monte Carlo against the form the fit uses at this node,6a468472af4bbda8,400000,0,2026-09-26T10:03:16,DIAGNOSTIC
w42.9_m1.00_r0.940_T130_P180,depleted_line_abs,0.000678323,0,,PASS,the Monte Carlo against the form the fit uses at this node,6a468472af4bbda8,400000,0,2026-09-26T10:03:16,DIAGNOSTIC
w42.9_m1.00_r0.940_T130_P180,depletion_widening_rel_4207,0.00682497,,,PASS,"what a transit fit reads from the surviving kernel after the natural Lorentzian, over the bare one: the factor the fit carries",6a468472af4bbda8,400000,0,2026-09-26T10:03:16,DIAGNOSTIC
w42.9_m1.00_r0.940_T130_P180,depletion_widening_rel_4192,0.00753715,,,PASS,"what a transit fit reads from the surviving kernel after the natural Lorentzian, over the bare one: the factor the fit carries",6a468472af4bbda8,400000,0,2026-09-26T10:03:16,DIAGNOSTIC
w42.9_m1.00_r0.940_T130_P180,depletion_widening_rel_4154,0.0103171,,,PASS,"what a transit fit reads from the surviving kernel after the natural Lorentzian, over the bare one: the factor the fit carries",6a468472af4bbda8,400000,0,2026-09-26T10:03:16,DIAGNOSTIC
w42.9_m1.00_r0.940_T130_P180,depletion_widening_rel_4121,0.0109962,,,PASS,"what a transit fit reads from the surviving kernel after the natural Lorentzian, over the bare one: the factor the fit carries",6a468472af4bbda8,400000,0,2026-09-26T10:03:16,DIAGNOSTIC
w42.9_m1.00_r0.940_T130_P180,depletion_fwhm_rel_4207,0.0600412,,,PASS,"the surviving transit kernel's FWHM over the bare collected kernel's, the core-flattening diagnostic",6a468472af4bbda8,400000,0,2026-09-26T10:03:16,DIAGNOSTIC
w42.9_m1.00_r0.940_T130_P180,depletion_fwhm_rel_4192,0.0647397,,,PASS,"the surviving transit kernel's FWHM over the bare collected kernel's, the core-flattening diagnostic",6a468472af4bbda8,400000,0,2026-09-26T10:03:16,DIAGNOSTIC
w42.9_m1.00_r0.940_T130_P180,depletion_fwhm_rel_4154,0.0820757,,,PASS,"the surviving transit kernel's FWHM over the bare collected kernel's, the core-flattening diagnostic",6a468472af4bbda8,400000,0,2026-09-26T10:03:16,DIAGNOSTIC
w42.9_m1.00_r0.940_T130_P180,depletion_fwhm_rel_4121,0.0861098,,,PASS,"the surviving transit kernel's FWHM over the bare collected kernel's, the core-flattening diagnostic",6a468472af4bbda8,400000,0,2026-09-26T10:03:16,DIAGNOSTIC
w42.9_m1.00_r0.940_T130_P180,shares_shift_abs,0.00156148,,,PASS,the largest move of a line's share from the thermal law to the depleted one: the physical shift,6a468472af4bbda8,400000,0,2026-09-26T10:03:16,DIAGNOSTIC
w42.9_m1.00_r0.940_T130_P180,cycles_on_axis,0.162843,,,PASS,excitation cycles on the central chord at the mean transverse speed,6a468472af4bbda8,400000,0,2026-09-26T10:03:16,DIAGNOSTIC
w42.9_m1.00_r0.940_T130_P180,cycles_mean_over_chords,0.0246905,,,PASS,the flux-weighted mean over every chord,6a468472af4bbda8,400000,0,2026-09-26T10:03:16,DIAGNOSTIC
w42.9_m1.00_r0.940_T130_P225,transit_fwhm_rel,1.41987,1.41802,,PASS,the Monte Carlo against the form the fit uses at this node,6a468472af4bbda8,400000,0,2026-09-26T10:03:21,DIAGNOSTIC
w42.9_m1.00_r0.940_T130_P225,transit_shape_rel,1.00031,1,,PASS,the Monte Carlo against the form the fit uses at this node,6a468472af4bbda8,400000,0,2026-09-26T10:03:21,DIAGNOSTIC
w42.9_m1.00_r0.940_T130_P225,ramp_mu2_rel,0.0510573,0.0510095,,PASS,the Monte Carlo against the form the fit uses at this node,6a468472af4bbda8,400000,0,2026-09-26T10:03:21,DIAGNOSTIC
w42.9_m1.00_r0.940_T130_P225,ramp_mu3_rel,-0.00633712,-0.00630457,,PASS,the Monte Carlo against the form the fit uses at this node,6a468472af4bbda8,400000,0,2026-09-26T10:03:21,DIAGNOSTIC
w42.9_m1.00_r0.940_T130_P225,amplitude_power_law_abs,1.77097,1.76607,,PASS,the Monte Carlo against the form the fit uses at this node,6a468472af4bbda8,400000,0,2026-09-26T10:03:21,DIAGNOSTIC
w42.9_m1.00_r0.940_T130_P225,shares_abs,0.000813168,0,,PASS,the Monte Carlo against the form the fit uses at this node,6a468472af4bbda8,400000,0,2026-09-26T10:03:21,DIAGNOSTIC
w42.9_m1.00_r0.940_T130_P225,joint_shape_abs,0.00790052,0,,PASS,the Monte Carlo against the form the fit uses at this node,6a468472af4bbda8,400000,0,2026-09-26T10:03:21,DIAGNOSTIC
w42.9_m1.00_r0.940_T130_P225,joint_moment_sigma_abs,2.66882,0,,PASS,the Monte Carlo against the form the fit uses at this node,6a468472af4bbda8,400000,0,2026-09-26T10:03:21,DIAGNOSTIC
w42.9_m1.00_r0.940_T130_P225,depleted_line_abs,0.000859526,0,,PASS,the Monte Carlo against the form the fit uses at this node,6a468472af4bbda8,400000,0,2026-09-26T10:03:21,DIAGNOSTIC
w42.9_m1.00_r0.940_T130_P225,depletion_widening_rel_4207,0.00996373,,,PASS,"what a transit fit reads from the surviving kernel after the natural Lorentzian, over the bare one: the factor the fit carries",6a468472af4bbda8,400000,0,2026-09-26T10:03:21,DIAGNOSTIC
w42.9_m1.00_r0.940_T130_P225,depletion_widening_rel_4192,0.0109837,,,PASS,"what a transit fit reads from the surviving kernel after the natural Lorentzian, over the bare one: the factor the fit carries",6a468472af4bbda8,400000,0,2026-09-26T10:03:21,DIAGNOSTIC
w42.9_m1.00_r0.940_T130_P225,depletion_widening_rel_4154,0.0149371,,,PASS,"what a transit fit reads from the surviving kernel after the natural Lorentzian, over the bare one: the factor the fit carries",6a468472af4bbda8,400000,0,2026-09-26T10:03:21,DIAGNOSTIC
w42.9_m1.00_r0.940_T130_P225,depletion_widening_rel_4121,0.0158964,,,PASS,"what a transit fit reads from the surviving kernel after the natural Lorentzian, over the bare one: the factor the fit carries",6a468472af4bbda8,400000,0,2026-09-26T10:03:21,DIAGNOSTIC
w42.9_m1.00_r0.940_T130_P225,depletion_fwhm_rel_4207,0.0799843,,,PASS,"the surviving transit kernel's FWHM over the bare collected kernel's, the core-flattening diagnostic",6a468472af4bbda8,400000,0,2026-09-26T10:03:21,DIAGNOSTIC
w42.9_m1.00_r0.940_T130_P225,depletion_fwhm_rel_4192,0.0860606,,,PASS,"the surviving transit kernel's FWHM over the bare collected kernel's, the core-flattening diagnostic",6a468472af4bbda8,400000,0,2026-09-26T10:03:21,DIAGNOSTIC
w42.9_m1.00_r0.940_T130_P225,depletion_fwhm_rel_4154,0.108185,,,PASS,"the surviving transit kernel's FWHM over the bare collected kernel's, the core-flattening diagnostic",6a468472af4bbda8,400000,0,2026-09-26T10:03:21,DIAGNOSTIC
w42.9_m1.00_r0.940_T130_P225,depletion_fwhm_rel_4121,0.113261,,,PASS,"the surviving transit kernel's FWHM over the bare collected kernel's, the core-flattening diagnostic",6a468472af4bbda8,400000,0,2026-09-26T10:03:21,DIAGNOSTIC
w42.9_m1.00_r0.940_T130_P225,shares_shift_abs,0.00227778,,,PASS,the largest move of a line's share from the thermal law to the depleted one: the physical shift,6a468472af4bbda8,400000,0,2026-09-26T10:03:21,DIAGNOSTIC
w42.9_m1.00_r0.940_T130_P225,cycles_on_axis,0.24284,,,PASS,excitation cycles on the central chord at the mean transverse speed,6a468472af4bbda8,400000,0,2026-09-26T10:03:21,DIAGNOSTIC
w42.9_m1.00_r0.940_T130_P225,cycles_mean_over_chords,0.0373084,,,PASS,the flux-weighted mean over every chord,6a468472af4bbda8,400000,0,2026-09-26T10:03:21,DIAGNOSTIC
w42.9_m1.00_r0.940_T130_P25,transit_fwhm_rel,1.41984,1.41681,,PASS,the Monte Carlo against the form the fit uses at this node,6a468472af4bbda8,400000,0,2026-09-26T10:04:36,DIAGNOSTIC
w42.9_m1.00_r0.940_T130_P25,transit_shape_rel,1.00032,1,,PASS,the Monte Carlo against the form the fit uses at this node,6a468472af4bbda8,400000,0,2026-09-26T10:04:36,DIAGNOSTIC
w42.9_m1.00_r0.940_T130_P25,ramp_mu2_rel,0.0500684,0.0500293,,PASS,the Monte Carlo against the form the fit uses at this node,6a468472af4bbda8,400000,0,2026-09-26T10:04:36,DIAGNOSTIC
w42.9_m1.00_r0.940_T130_P25,ramp_mu3_rel,-0.00678052,-0.00674667,,PASS,the Monte Carlo against the form the fit uses at this node,6a468472af4bbda8,400000,0,2026-09-26T10:04:36,DIAGNOSTIC
w42.9_m1.00_r0.940_T130_P25,amplitude_power_law_abs,1.99657,1.99652,,PASS,the Monte Carlo against the form the fit uses at this node,6a468472af4bbda8,400000,0,2026-09-26T10:04:36,DIAGNOSTIC
w42.9_m1.00_r0.940_T130_P25,shares_abs,9.1452e-06,0,,PASS,the Monte Carlo against the form the fit uses at this node,6a468472af4bbda8,400000,0,2026-09-26T10:04:36,DIAGNOSTIC
w42.9_m1.00_r0.940_T130_P25,joint_shape_abs,0.00453536,0,,PASS,the Monte Carlo against the form the fit uses at this node,6a468472af4bbda8,400000,0,2026-09-26T10:04:36,DIAGNOSTIC
w42.9_m1.00_r0.940_T130_P25,joint_moment_sigma_abs,1.30577,0,,PASS,the Monte Carlo against the form the fit uses at this node,6a468472af4bbda8,400000,0,2026-09-26T10:04:36,DIAGNOSTIC
w42.9_m1.00_r0.940_T130_P25,depleted_line_abs,0.000258104,0,,PASS,the Monte Carlo against the form the fit uses at this node,6a468472af4bbda8,400000,0,2026-09-26T10:04:36,DIAGNOSTIC
w42.9_m1.00_r0.940_T130_P25,depletion_widening_rel_4207,0.000155568,,,PASS,"what a transit fit reads from the surviving kernel after the natural Lorentzian, over the bare one: the factor the fit carries",6a468472af4bbda8,400000,0,2026-09-26T10:04:36,DIAGNOSTIC
w42.9_m1.00_r0.940_T130_P25,depletion_widening_rel_4192,0.00017267,,,PASS,"what a transit fit reads from the surviving kernel after the natural Lorentzian, over the bare one: the factor the fit carries",6a468472af4bbda8,400000,0,2026-09-26T10:04:36,DIAGNOSTIC
w42.9_m1.00_r0.940_T130_P25,depletion_widening_rel_4154,0.000240893,,,PASS,"what a transit fit reads from the surviving kernel after the natural Lorentzian, over the bare one: the factor the fit carries",6a468472af4bbda8,400000,0,2026-09-26T10:04:36,DIAGNOSTIC
w42.9_m1.00_r0.940_T130_P25,depletion_widening_rel_4121,0.000257908,,,PASS,"what a transit fit reads from the surviving kernel after the natural Lorentzian, over the bare one: the factor the fit carries",6a468472af4bbda8,400000,0,2026-09-26T10:04:36,DIAGNOSTIC
w42.9_m1.00_r0.940_T130_P25,depletion_fwhm_rel_4207,0.00275003,,,PASS,"the surviving transit kernel's FWHM over the bare collected kernel's, the core-flattening diagnostic",6a468472af4bbda8,400000,0,2026-09-26T10:04:36,DIAGNOSTIC
w42.9_m1.00_r0.940_T130_P25,depletion_fwhm_rel_4192,0.0030072,,,PASS,"the surviving transit kernel's FWHM over the bare collected kernel's, the core-flattening diagnostic",6a468472af4bbda8,400000,0,2026-09-26T10:04:36,DIAGNOSTIC
w42.9_m1.00_r0.940_T130_P25,depletion_fwhm_rel_4154,0.00399511,,,PASS,"the surviving transit kernel's FWHM over the bare collected kernel's, the core-flattening diagnostic",6a468472af4bbda8,400000,0,2026-09-26T10:04:36,DIAGNOSTIC
w42.9_m1.00_r0.940_T130_P25,depletion_fwhm_rel_4121,0.0042335,,,PASS,"the surviving transit kernel's FWHM over the bare collected kernel's, the core-flattening diagnostic",6a468472af4bbda8,400000,0,2026-09-26T10:04:36,DIAGNOSTIC
w42.9_m1.00_r0.940_T130_P25,shares_shift_abs,3.51953e-05,,,PASS,the largest move of a line's share from the thermal law to the depleted one: the physical shift,6a468472af4bbda8,400000,0,2026-09-26T10:04:36,DIAGNOSTIC
w42.9_m1.00_r0.940_T130_P25,cycles_on_axis,0.00343309,,,PASS,excitation cycles on the central chord at the mean transverse speed,6a468472af4bbda8,400000,0,2026-09-26T10:04:36,DIAGNOSTIC
w42.9_m1.00_r0.940_T130_P25,cycles_mean_over_chords,0.000507355,,,PASS,the flux-weighted mean over every chord,6a468472af4bbda8,400000,0,2026-09-26T10:04:36,DIAGNOSTIC
w42.9_m1.00_r0.940_T130_P270,transit_fwhm_rel,1.41989,1.41846,,PASS,the Monte Carlo against the form the fit uses at this node,6a468472af4bbda8,400000,0,2026-09-26T10:04:39,DIAGNOSTIC
w42.9_m1.00_r0.940_T130_P270,transit_shape_rel,1.00031,1,,PASS,the Monte Carlo against the form the fit uses at this node,6a468472af4bbda8,400000,0,2026-09-26T10:04:39,DIAGNOSTIC
w42.9_m1.00_r0.940_T130_P270,ramp_mu2_rel,0.0514467,0.0513956,,PASS,the Monte Carlo against the form the fit uses at this node,6a468472af4bbda8,400000,0,2026-09-26T10:04:39,DIAGNOSTIC
w42.9_m1.00_r0.940_T130_P270,ramp_mu3_rel,-0.00615483,-0.00612294,,PASS,the Monte Carlo against the form the fit uses at this node,6a468472af4bbda8,400000,0,2026-09-26T10:04:39,DIAGNOSTIC
w42.9_m1.00_r0.940_T130_P270,amplitude_power_law_abs,1.69313,1.68677,,PASS,the Monte Carlo against the form the fit uses at this node,6a468472af4bbda8,400000,0,2026-09-26T10:04:39,DIAGNOSTIC
w42.9_m1.00_r0.940_T130_P270,shares_abs,0.00115179,0,,PASS,the Monte Carlo against the form the fit uses at this node,6a468472af4bbda8,400000,0,2026-09-26T10:04:39,DIAGNOSTIC
w42.9_m1.00_r0.940_T130_P270,joint_shape_abs,0.00865069,0,,PASS,the Monte Carlo against the form the fit uses at this node,6a468472af4bbda8,400000,0,2026-09-26T10:04:39,DIAGNOSTIC
w42.9_m1.00_r0.940_T130_P270,joint_moment_sigma_abs,2.15875,0,,PASS,the Monte Carlo against the form the fit uses at this node,6a468472af4bbda8,400000,0,2026-09-26T10:04:39,DIAGNOSTIC
w42.9_m1.00_r0.940_T130_P270,depleted_line_abs,0.00104512,0,,PASS,the Monte Carlo against the form the fit uses at this node,6a468472af4bbda8,400000,0,2026-09-26T10:04:39,DIAGNOSTIC
w42.9_m1.00_r0.940_T130_P270,depletion_widening_rel_4207,0.0133281,,,PASS,"what a transit fit reads from the surviving kernel after the natural Lorentzian, over the bare one: the factor the fit carries",6a468472af4bbda8,400000,0,2026-09-26T10:04:39,DIAGNOSTIC
w42.9_m1.00_r0.940_T130_P270,depletion_widening_rel_4192,0.0146673,,,PASS,"what a transit fit reads from the surviving kernel after the natural Lorentzian, over the bare one: the factor the fit carries",6a468472af4bbda8,400000,0,2026-09-26T10:04:39,DIAGNOSTIC
w42.9_m1.00_r0.940_T130_P270,depletion_widening_rel_4154,0.019823,,,PASS,"what a transit fit reads from the surviving kernel after the natural Lorentzian, over the bare one: the factor the fit carries",6a468472af4bbda8,400000,0,2026-09-26T10:04:39,DIAGNOSTIC
w42.9_m1.00_r0.940_T130_P270,depletion_widening_rel_4121,0.0210663,,,PASS,"what a transit fit reads from the surviving kernel after the natural Lorentzian, over the bare one: the factor the fit carries",6a468472af4bbda8,400000,0,2026-09-26T10:04:39,DIAGNOSTIC
w42.9_m1.00_r0.940_T130_P270,depletion_fwhm_rel_4207,0.0994378,,,PASS,"the surviving transit kernel's FWHM over the bare collected kernel's, the core-flattening diagnostic",6a468472af4bbda8,400000,0,2026-09-26T10:04:39,DIAGNOSTIC
w42.9_m1.00_r0.940_T130_P270,depletion_fwhm_rel_4192,0.106774,,,PASS,"the surviving transit kernel's FWHM over the bare collected kernel's, the core-flattening diagnostic",6a468472af4bbda8,400000,0,2026-09-26T10:04:39,DIAGNOSTIC
w42.9_m1.00_r0.940_T130_P270,depletion_fwhm_rel_4154,0.133229,,,PASS,"the surviving transit kernel's FWHM over the bare collected kernel's, the core-flattening diagnostic",6a468472af4bbda8,400000,0,2026-09-26T10:04:39,DIAGNOSTIC
w42.9_m1.00_r0.940_T130_P270,depletion_fwhm_rel_4121,0.139294,,,PASS,"the surviving transit kernel's FWHM over the bare collected kernel's, the core-flattening diagnostic",6a468472af4bbda8,400000,0,2026-09-26T10:04:39,DIAGNOSTIC
w42.9_m1.00_r0.940_T130_P270,shares_shift_abs,0.00304444,,,PASS,the largest move of a line's share from the thermal law to the depleted one: the physical shift,6a468472af4bbda8,400000,0,2026-09-26T10:04:39,DIAGNOSTIC
w42.9_m1.00_r0.940_T130_P270,cycles_on_axis,0.331484,,,PASS,excitation cycles on the central chord at the mean transverse speed,6a468472af4bbda8,400000,0,2026-09-26T10:04:39,DIAGNOSTIC
w42.9_m1.00_r0.940_T130_P270,cycles_mean_over_chords,0.05169,,,PASS,the flux-weighted mean over every chord,6a468472af4bbda8,400000,0,2026-09-26T10:04:39,DIAGNOSTIC
w42.9_m1.00_r0.940_T130_P75,transit_fwhm_rel,1.41984,1.41694,,PASS,the Monte Carlo against the form the fit uses at this node,6a468472af4bbda8,400000,0,2026-09-26T10:04:47,DIAGNOSTIC
w42.9_m1.00_r0.940_T130_P75,transit_shape_rel,1.00032,1,,PASS,the Monte Carlo against the form the fit uses at this node,6a468472af4bbda8,400000,0,2026-09-26T10:04:47,DIAGNOSTIC
w42.9_m1.00_r0.940_T130_P75,ramp_mu2_rel,0.0501756,0.0501355,,PASS,the Monte Carlo against the form the fit uses at this node,6a468472af4bbda8,400000,0,2026-09-26T10:04:47,DIAGNOSTIC
w42.9_m1.00_r0.940_T130_P75,ramp_mu3_rel,-0.0067338,-0.00670006,,PASS,the Monte Carlo against the form the fit uses at this node,6a468472af4bbda8,400000,0,2026-09-26T10:04:47,DIAGNOSTIC
w42.9_m1.00_r0.940_T130_P75,amplitude_power_law_abs,1.96982,1.96928,,PASS,the Monte Carlo against the form the fit uses at this node,6a468472af4bbda8,400000,0,2026-09-26T10:04:47,DIAGNOSTIC
w42.9_m1.00_r0.940_T130_P75,shares_abs,8.57039e-05,0,,PASS,the Monte Carlo against the form the fit uses at this node,6a468472af4bbda8,400000,0,2026-09-26T10:04:47,DIAGNOSTIC
w42.9_m1.00_r0.940_T130_P75,joint_shape_abs,0.00536157,0,,PASS,the Monte Carlo against the form the fit uses at this node,6a468472af4bbda8,400000,0,2026-09-26T10:04:47,DIAGNOSTIC
w42.9_m1.00_r0.940_T130_P75,joint_moment_sigma_abs,1.59234,0,,PASS,the Monte Carlo against the form the fit uses at this node,6a468472af4bbda8,400000,0,2026-09-26T10:04:47,DIAGNOSTIC
w42.9_m1.00_r0.940_T130_P75,depleted_line_abs,0.000337732,0,,PASS,the Monte Carlo against the form the fit uses at this node,6a468472af4bbda8,400000,0,2026-09-26T10:04:47,DIAGNOSTIC
w42.9_m1.00_r0.940_T130_P75,depletion_widening_rel_4207,0.0013421,,,PASS,"what a transit fit reads from the surviving kernel after the natural Lorentzian, over the bare one: the factor the fit carries",6a468472af4bbda8,400000,0,2026-09-26T10:04:47,DIAGNOSTIC
w42.9_m1.00_r0.940_T130_P75,depletion_widening_rel_4192,0.00148801,,,PASS,"what a transit fit reads from the surviving kernel after the natural Lorentzian, over the bare one: the factor the fit carries",6a468472af4bbda8,400000,0,2026-09-26T10:04:47,DIAGNOSTIC
w42.9_m1.00_r0.940_T130_P75,depletion_widening_rel_4154,0.00206701,,,PASS,"what a transit fit reads from the surviving kernel after the natural Lorentzian, over the bare one: the factor the fit carries",6a468472af4bbda8,400000,0,2026-09-26T10:04:47,DIAGNOSTIC
w42.9_m1.00_r0.940_T130_P75,depletion_widening_rel_4121,0.00221067,,,PASS,"what a transit fit reads from the surviving kernel after the natural Lorentzian, over the bare one: the factor the fit carries",6a468472af4bbda8,400000,0,2026-09-26T10:04:47,DIAGNOSTIC
w42.9_m1.00_r0.940_T130_P75,depletion_fwhm_rel_4207,0.0166494,,,PASS,"the surviving transit kernel's FWHM over the bare collected kernel's, the core-flattening diagnostic",6a468472af4bbda8,400000,0,2026-09-26T10:04:47,DIAGNOSTIC
w42.9_m1.00_r0.940_T130_P75,depletion_fwhm_rel_4192,0.0181075,,,PASS,"the surviving transit kernel's FWHM over the bare collected kernel's, the core-flattening diagnostic",6a468472af4bbda8,400000,0,2026-09-26T10:04:47,DIAGNOSTIC
w42.9_m1.00_r0.940_T130_P75,depletion_fwhm_rel_4154,0.0235942,,,PASS,"the surviving transit kernel's FWHM over the bare collected kernel's, the core-flattening diagnostic",6a468472af4bbda8,400000,0,2026-09-26T10:04:47,DIAGNOSTIC
w42.9_m1.00_r0.940_T130_P75,depletion_fwhm_rel_4121,0.0248935,,,PASS,"the surviving transit kernel's FWHM over the bare collected kernel's, the core-flattening diagnostic",6a468472af4bbda8,400000,0,2026-09-26T10:04:47,DIAGNOSTIC
w42.9_m1.00_r0.940_T130_P75,shares_shift_abs,0.000306902,,,PASS,the largest move of a line's share from the thermal law to the depleted one: the physical shift,6a468472af4bbda8,400000,0,2026-09-26T10:04:47,DIAGNOSTIC
w42.9_m1.00_r0.940_T130_P75,cycles_on_axis,0.0304475,,,PASS,excitation cycles on the central chord at the mean transverse speed,6a468472af4bbda8,400000,0,2026-09-26T10:04:47,DIAGNOSTIC
w42.9_m1.00_r0.940_T130_P75,cycles_mean_over_chords,0.00451898,,,PASS,the flux-weighted mean over every chord,6a468472af4bbda8,400000,0,2026-09-26T10:04:47,DIAGNOSTIC
w42.9_m1.00_r0.940_T130_P90,transit_fwhm_rel,1.41984,1.41701,,PASS,the Monte Carlo against the form the fit uses at this node,6a468472af4bbda8,400000,0,2026-09-26T10:06:04,DIAGNOSTIC
w42.9_m1.00_r0.940_T130_P90,transit_shape_rel,1.00032,1,,PASS,the Monte Carlo against the form the fit uses at this node,6a468472af4bbda8,400000,0,2026-09-26T10:06:04,DIAGNOSTIC
w42.9_m1.00_r0.940_T130_P90,ramp_mu2_rel,0.0502279,0.0501874,,PASS,the Monte Carlo against the form the fit uses at this node,6a468472af4bbda8,400000,0,2026-09-26T10:06:04,DIAGNOSTIC
w42.9_m1.00_r0.940_T130_P90,ramp_mu3_rel,-0.00671088,-0.0066772,,PASS,the Monte Carlo against the form the fit uses at this node,6a468472af4bbda8,400000,0,2026-09-26T10:06:04,DIAGNOSTIC
w42.9_m1.00_r0.940_T130_P90,amplitude_power_law_abs,1.95701,1.9562,,PASS,the Monte Carlo against the form the fit uses at this node,6a468472af4bbda8,400000,0,2026-09-26T10:06:04,DIAGNOSTIC
w42.9_m1.00_r0.940_T130_P90,shares_abs,0.000124911,0,,PASS,the Monte Carlo against the form the fit uses at this node,6a468472af4bbda8,400000,0,2026-09-26T10:06:04,DIAGNOSTIC
w42.9_m1.00_r0.940_T130_P90,joint_shape_abs,0.00561953,0,,PASS,the Monte Carlo against the form the fit uses at this node,6a468472af4bbda8,400000,0,2026-09-26T10:06:04,DIAGNOSTIC
w42.9_m1.00_r0.940_T130_P90,joint_moment_sigma_abs,1.65193,0,,PASS,the Monte Carlo against the form the fit uses at this node,6a468472af4bbda8,400000,0,2026-09-26T10:06:04,DIAGNOSTIC
w42.9_m1.00_r0.940_T130_P90,depleted_line_abs,0.000374532,0,,PASS,the Monte Carlo against the form the fit uses at this node,6a468472af4bbda8,400000,0,2026-09-26T10:06:04,DIAGNOSTIC
w42.9_m1.00_r0.940_T130_P90,depletion_widening_rel_4207,0.00190517,,,PASS,"what a transit fit reads from the surviving kernel after the natural Lorentzian, over the bare one: the factor the fit carries",6a468472af4bbda8,400000,0,2026-09-26T10:06:04,DIAGNOSTIC
w42.9_m1.00_r0.940_T130_P90,depletion_widening_rel_4192,0.00211127,,,PASS,"what a transit fit reads from the surviving kernel after the natural Lorentzian, over the bare one: the factor the fit carries",6a468472af4bbda8,400000,0,2026-09-26T10:06:04,DIAGNOSTIC
w42.9_m1.00_r0.940_T130_P90,depletion_widening_rel_4154,0.00292736,,,PASS,"what a transit fit reads from the surviving kernel after the natural Lorentzian, over the bare one: the factor the fit carries",6a468472af4bbda8,400000,0,2026-09-26T10:06:04,DIAGNOSTIC
w42.9_m1.00_r0.940_T130_P90,depletion_widening_rel_4121,0.00312944,,,PASS,"what a transit fit reads from the surviving kernel after the natural Lorentzian, over the bare one: the factor the fit carries",6a468472af4bbda8,400000,0,2026-09-26T10:06:04,DIAGNOSTIC
w42.9_m1.00_r0.940_T130_P90,depletion_fwhm_rel_4207,0.022104,,,PASS,"the surviving transit kernel's FWHM over the bare collected kernel's, the core-flattening diagnostic",6a468472af4bbda8,400000,0,2026-09-26T10:06:04,DIAGNOSTIC
w42.9_m1.00_r0.940_T130_P90,depletion_fwhm_rel_4192,0.0239977,,,PASS,"the surviving transit kernel's FWHM over the bare collected kernel's, the core-flattening diagnostic",6a468472af4bbda8,400000,0,2026-09-26T10:06:04,DIAGNOSTIC
w42.9_m1.00_r0.940_T130_P90,depletion_fwhm_rel_4154,0.0310862,,,PASS,"the surviving transit kernel's FWHM over the bare collected kernel's, the core-flattening diagnostic",6a468472af4bbda8,400000,0,2026-09-26T10:06:04,DIAGNOSTIC
w42.9_m1.00_r0.940_T130_P90,depletion_fwhm_rel_4121,0.0327737,,,PASS,"the surviving transit kernel's FWHM over the bare collected kernel's, the core-flattening diagnostic",6a468472af4bbda8,400000,0,2026-09-26T10:06:04,DIAGNOSTIC
w42.9_m1.00_r0.940_T130_P90,shares_shift_abs,0.000435961,,,PASS,the largest move of a line's share from the thermal law to the depleted one: the physical shift,6a468472af4bbda8,400000,0,2026-09-26T10:06:04,DIAGNOSTIC
w42.9_m1.00_r0.940_T130_P90,cycles_on_axis,0.0435315,,,PASS,excitation cycles on the central chord at the mean transverse speed,6a468472af4bbda8,400000,0,2026-09-26T10:06:04,DIAGNOSTIC
w42.9_m1.00_r0.940_T130_P90,cycles_mean_over_chords,0.00647436,,,PASS,the flux-weighted mean over every chord,6a468472af4bbda8,400000,0,2026-09-26T10:06:04,DIAGNOSTIC
w42.9_m1.00_r0.940_T70_P225,transit_fwhm_rel,1.30996,1.30825,,PASS,the Monte Carlo against the form the fit uses at this node,6a468472af4bbda8,400000,0,2026-09-26T10:06:06,DIAGNOSTIC
w42.9_m1.00_r0.940_T70_P225,transit_shape_rel,1.00031,1,,PASS,the Monte Carlo against the form the fit uses at this node,6a468472af4bbda8,400000,0,2026-09-26T10:06:06,DIAGNOSTIC
w42.9_m1.00_r0.940_T70_P225,ramp_mu2_rel,0.0510573,0.0510095,,PASS,the Monte Carlo against the form the fit uses at this node,6a468472af4bbda8,400000,0,2026-09-26T10:06:06,DIAGNOSTIC
w42.9_m1.00_r0.940_T70_P225,ramp_mu3_rel,-0.00633712,-0.00630457,,PASS,the Monte Carlo against the form the fit uses at this node,6a468472af4bbda8,400000,0,2026-09-26T10:06:06,DIAGNOSTIC
w42.9_m1.00_r0.940_T70_P225,amplitude_power_law_abs,1.76704,1.76167,,PASS,the Monte Carlo against the form the fit uses at this node,6a468472af4bbda8,400000,0,2026-09-26T10:06:06,DIAGNOSTIC
w42.9_m1.00_r0.940_T70_P225,shares_abs,0.000892421,0,,PASS,the Monte Carlo against the form the fit uses at this node,6a468472af4bbda8,400000,0,2026-09-26T10:06:06,DIAGNOSTIC
w42.9_m1.00_r0.940_T70_P225,joint_shape_abs,0.00776009,0,,PASS,the Monte Carlo against the form the fit uses at this node,6a468472af4bbda8,400000,0,2026-09-26T10:06:06,DIAGNOSTIC
w42.9_m1.00_r0.940_T70_P225,joint_moment_sigma_abs,2.44772,0,,PASS,the Monte Carlo against the form the fit uses at this node,6a468472af4bbda8,400000,0,2026-09-26T10:06:06,DIAGNOSTIC
w42.9_m1.00_r0.940_T70_P225,depleted_line_abs,0.000792656,0,,PASS,the Monte Carlo against the form the fit uses at this node,6a468472af4bbda8,400000,0,2026-09-26T10:06:06,DIAGNOSTIC
w42.9_m1.00_r0.940_T70_P225,depletion_widening_rel_4207,0.010562,,,PASS,"what a transit fit reads from the surviving kernel after the natural Lorentzian, over the bare one: the factor the fit carries",6a468472af4bbda8,400000,0,2026-09-26T10:06:06,DIAGNOSTIC
w42.9_m1.00_r0.940_T70_P225,depletion_widening_rel_4192,0.011639,,,PASS,"what a transit fit reads from the surviving kernel after the natural Lorentzian, over the bare one: the factor the fit carries",6a468472af4bbda8,400000,0,2026-09-26T10:06:06,DIAGNOSTIC
w42.9_m1.00_r0.940_T70_P225,depletion_widening_rel_4154,0.0158076,,,PASS,"what a transit fit reads from the surviving kernel after the natural Lorentzian, over the bare one: the factor the fit carries",6a468472af4bbda8,400000,0,2026-09-26T10:06:06,DIAGNOSTIC
w42.9_m1.00_r0.940_T70_P225,depletion_widening_rel_4121,0.0168179,,,PASS,"what a transit fit reads from the surviving kernel after the natural Lorentzian, over the bare one: the factor the fit carries",6a468472af4bbda8,400000,0,2026-09-26T10:06:06,DIAGNOSTIC
w42.9_m1.00_r0.940_T70_P225,depletion_fwhm_rel_4207,0.084593,,,PASS,"the surviving transit kernel's FWHM over the bare collected kernel's, the core-flattening diagnostic",6a468472af4bbda8,400000,0,2026-09-26T10:06:06,DIAGNOSTIC
w42.9_m1.00_r0.940_T70_P225,depletion_fwhm_rel_4192,0.0909729,,,PASS,"the surviving transit kernel's FWHM over the bare collected kernel's, the core-flattening diagnostic",6a468472af4bbda8,400000,0,2026-09-26T10:06:06,DIAGNOSTIC
w42.9_m1.00_r0.940_T70_P225,depletion_fwhm_rel_4154,0.11413,,,PASS,"the surviving transit kernel's FWHM over the bare collected kernel's, the core-flattening diagnostic",6a468472af4bbda8,400000,0,2026-09-26T10:06:06,DIAGNOSTIC
w42.9_m1.00_r0.940_T70_P225,depletion_fwhm_rel_4121,0.119464,,,PASS,"the surviving transit kernel's FWHM over the bare collected kernel's, the core-flattening diagnostic",6a468472af4bbda8,400000,0,2026-09-26T10:06:06,DIAGNOSTIC
w42.9_m1.00_r0.940_T70_P225,shares_shift_abs,0.00245367,,,PASS,the largest move of a line's share from the thermal law to the depleted one: the physical shift,6a468472af4bbda8,400000,0,2026-09-26T10:06:06,DIAGNOSTIC
w42.9_m1.00_r0.940_T70_P225,cycles_on_axis,0.263215,,,PASS,excitation cycles on the central chord at the mean transverse speed,6a468472af4bbda8,400000,0,2026-09-26T10:06:06,DIAGNOSTIC
w42.9_m1.00_r0.940_T70_P225,cycles_mean_over_chords,0.0404388,,,PASS,the flux-weighted mean over every chord,6a468472af4bbda8,400000,0,2026-09-26T10:06:06,DIAGNOSTIC
w42.9_m1.00_r0.940_T90_P225,transit_fwhm_rel,1.34759,1.34583,,PASS,the Monte Carlo against the form the fit uses at this node,6a468472af4bbda8,400000,0,2026-09-26T10:06:15,DIAGNOSTIC
w42.9_m1.00_r0.940_T90_P225,transit_shape_rel,1.00031,1,,PASS,the Monte Carlo against the form the fit uses at this node,6a468472af4bbda8,400000,0,2026-09-26T10:06:15,DIAGNOSTIC
w42.9_m1.00_r0.940_T90_P225,ramp_mu2_rel,0.0510573,0.0510095,,PASS,the Monte Carlo against the form the fit uses at this node,6a468472af4bbda8,400000,0,2026-09-26T10:06:15,DIAGNOSTIC
w42.9_m1.00_r0.940_T90_P225,ramp_mu3_rel,-0.00633712,-0.00630457,,PASS,the Monte Carlo against the form the fit uses at this node,6a468472af4bbda8,400000,0,2026-09-26T10:06:15,DIAGNOSTIC
w42.9_m1.00_r0.940_T90_P225,amplitude_power_law_abs,1.76845,1.76326,,PASS,the Monte Carlo against the form the fit uses at this node,6a468472af4bbda8,400000,0,2026-09-26T10:06:15,DIAGNOSTIC
w42.9_m1.00_r0.940_T90_P225,shares_abs,0.000863693,0,,PASS,the Monte Carlo against the form the fit uses at this node,6a468472af4bbda8,400000,0,2026-09-26T10:06:15,DIAGNOSTIC
w42.9_m1.00_r0.940_T90_P225,joint_shape_abs,0.00780848,0,,PASS,the Monte Carlo against the form the fit uses at this node,6a468472af4bbda8,400000,0,2026-09-26T10:06:15,DIAGNOSTIC
w42.9_m1.00_r0.940_T90_P225,joint_moment_sigma_abs,2.52522,0,,PASS,the Monte Carlo against the form the fit uses at this node,6a468472af4bbda8,400000,0,2026-09-26T10:06:15,DIAGNOSTIC
w42.9_m1.00_r0.940_T90_P225,depleted_line_abs,0.000816085,0,,PASS,the Monte Carlo against the form the fit uses at this node,6a468472af4bbda8,400000,0,2026-09-26T10:06:15,DIAGNOSTIC
w42.9_m1.00_r0.940_T90_P225,depletion_widening_rel_4207,0.0103477,,,PASS,"what a transit fit reads from the surviving kernel after the natural Lorentzian, over the bare one: the factor the fit carries",6a468472af4bbda8,400000,0,2026-09-26T10:06:15,DIAGNOSTIC
w42.9_m1.00_r0.940_T90_P225,depletion_widening_rel_4192,0.0114044,,,PASS,"what a transit fit reads from the surviving kernel after the natural Lorentzian, over the bare one: the factor the fit carries",6a468472af4bbda8,400000,0,2026-09-26T10:06:15,DIAGNOSTIC
w42.9_m1.00_r0.940_T90_P225,depletion_widening_rel_4154,0.0154961,,,PASS,"what a transit fit reads from the surviving kernel after the natural Lorentzian, over the bare one: the factor the fit carries",6a468472af4bbda8,400000,0,2026-09-26T10:06:15,DIAGNOSTIC
w42.9_m1.00_r0.940_T90_P225,depletion_widening_rel_4121,0.0164883,,,PASS,"what a transit fit reads from the surviving kernel after the natural Lorentzian, over the bare one: the factor the fit carries",6a468472af4bbda8,400000,0,2026-09-26T10:06:15,DIAGNOSTIC
w42.9_m1.00_r0.940_T90_P225,depletion_fwhm_rel_4207,0.0829411,,,PASS,"the surviving transit kernel's FWHM over the bare collected kernel's, the core-flattening diagnostic",6a468472af4bbda8,400000,0,2026-09-26T10:06:15,DIAGNOSTIC
w42.9_m1.00_r0.940_T90_P225,depletion_fwhm_rel_4192,0.0892209,,,PASS,"the surviving transit kernel's FWHM over the bare collected kernel's, the core-flattening diagnostic",6a468472af4bbda8,400000,0,2026-09-26T10:06:15,DIAGNOSTIC
w42.9_m1.00_r0.940_T90_P225,depletion_fwhm_rel_4154,0.112012,,,PASS,"the surviving transit kernel's FWHM over the bare collected kernel's, the core-flattening diagnostic",6a468472af4bbda8,400000,0,2026-09-26T10:06:15,DIAGNOSTIC
w42.9_m1.00_r0.940_T90_P225,depletion_fwhm_rel_4121,0.117247,,,PASS,"the surviving transit kernel's FWHM over the bare collected kernel's, the core-flattening diagnostic",6a468472af4bbda8,400000,0,2026-09-26T10:06:15,DIAGNOSTIC
w42.9_m1.00_r0.940_T90_P225,shares_shift_abs,0.00239043,,,PASS,the largest move of a line's share from the thermal law to the depleted one: the physical shift,6a468472af4bbda8,400000,0,2026-09-26T10:06:15,DIAGNOSTIC
w42.9_m1.00_r0.940_T90_P225,cycles_on_axis,0.255865,,,PASS,excitation cycles on the central chord at the mean transverse speed,6a468472af4bbda8,400000,0,2026-09-26T10:06:15,DIAGNOSTIC
w42.9_m1.00_r0.940_T90_P225,cycles_mean_over_chords,0.0393095,,,PASS,the flux-weighted mean over every chord,6a468472af4bbda8,400000,0,2026-09-26T10:06:15,DIAGNOSTIC
w43.4_m1.00_r0.940_T110_P225,transit_fwhm_rel,1.36761,1.36606,,PASS,the Monte Carlo against the form the fit uses at this node,6a468472af4bbda8,400000,0,2026-09-26T10:09:06,DIAGNOSTIC
w43.4_m1.00_r0.940_T110_P225,transit_shape_rel,1.00031,1,,PASS,the Monte Carlo against the form the fit uses at this node,6a468472af4bbda8,400000,0,2026-09-26T10:09:06,DIAGNOSTIC
w43.4_m1.00_r0.940_T110_P225,ramp_mu2_rel,0.0510324,0.0509815,,PASS,the Monte Carlo against the form the fit uses at this node,6a468472af4bbda8,400000,0,2026-09-26T10:09:06,DIAGNOSTIC
w43.4_m1.00_r0.940_T110_P225,ramp_mu3_rel,-0.00632257,-0.00628825,,PASS,the Monte Carlo against the form the fit uses at this node,6a468472af4bbda8,400000,0,2026-09-26T10:09:06,DIAGNOSTIC
w43.4_m1.00_r0.940_T110_P225,amplitude_power_law_abs,1.77802,1.773,,PASS,the Monte Carlo against the form the fit uses at this node,6a468472af4bbda8,400000,0,2026-09-26T10:09:06,DIAGNOSTIC
w43.4_m1.00_r0.940_T110_P225,shares_abs,0.000812505,0,,PASS,the Monte Carlo against the form the fit uses at this node,6a468472af4bbda8,400000,0,2026-09-26T10:09:06,DIAGNOSTIC
w43.4_m1.00_r0.940_T110_P225,joint_shape_abs,0.00750377,0,,PASS,the Monte Carlo against the form the fit uses at this node,6a468472af4bbda8,400000,0,2026-09-26T10:09:06,DIAGNOSTIC
w43.4_m1.00_r0.940_T110_P225,joint_moment_sigma_abs,2.51592,0,,PASS,the Monte Carlo against the form the fit uses at this node,6a468472af4bbda8,400000,0,2026-09-26T10:09:06,DIAGNOSTIC
w43.4_m1.00_r0.940_T110_P225,depleted_line_abs,0.000808647,0,,PASS,the Monte Carlo against the form the fit uses at this node,6a468472af4bbda8,400000,0,2026-09-26T10:09:06,DIAGNOSTIC
w43.4_m1.00_r0.940_T110_P225,depletion_widening_rel_4207,0.00984307,,,PASS,"what a transit fit reads from the surviving kernel after the natural Lorentzian, over the bare one: the factor the fit carries",6a468472af4bbda8,400000,0,2026-09-26T10:09:06,DIAGNOSTIC
w43.4_m1.00_r0.940_T110_P225,depletion_widening_rel_4192,0.0108512,,,PASS,"what a transit fit reads from the surviving kernel after the natural Lorentzian, over the bare one: the factor the fit carries",6a468472af4bbda8,400000,0,2026-09-26T10:09:06,DIAGNOSTIC
w43.4_m1.00_r0.940_T110_P225,depletion_widening_rel_4154,0.0147593,,,PASS,"what a transit fit reads from the surviving kernel after the natural Lorentzian, over the bare one: the factor the fit carries",6a468472af4bbda8,400000,0,2026-09-26T10:09:06,DIAGNOSTIC
w43.4_m1.00_r0.940_T110_P225,depletion_widening_rel_4121,0.0157079,,,PASS,"what a transit fit reads from the surviving kernel after the natural Lorentzian, over the bare one: the factor the fit carries",6a468472af4bbda8,400000,0,2026-09-26T10:09:06,DIAGNOSTIC
w43.4_m1.00_r0.940_T110_P225,depletion_fwhm_rel_4207,0.0797117,,,PASS,"the surviving transit kernel's FWHM over the bare collected kernel's, the core-flattening diagnostic",6a468472af4bbda8,400000,0,2026-09-26T10:09:06,DIAGNOSTIC
w43.4_m1.00_r0.940_T110_P225,depletion_fwhm_rel_4192,0.0857664,,,PASS,"the surviving transit kernel's FWHM over the bare collected kernel's, the core-flattening diagnostic",6a468472af4bbda8,400000,0,2026-09-26T10:09:06,DIAGNOSTIC
w43.4_m1.00_r0.940_T110_P225,depletion_fwhm_rel_4154,0.107828,,,PASS,"the surviving transit kernel's FWHM over the bare collected kernel's, the core-flattening diagnostic",6a468472af4bbda8,400000,0,2026-09-26T10:09:06,DIAGNOSTIC
w43.4_m1.00_r0.940_T110_P225,depletion_fwhm_rel_4121,0.112891,,,PASS,"the surviving transit kernel's FWHM over the bare collected kernel's, the core-flattening diagnostic",6a468472af4bbda8,400000,0,2026-09-26T10:09:06,DIAGNOSTIC
w43.4_m1.00_r0.940_T110_P225,shares_shift_abs,0.00226749,,,PASS,the largest move of a line's share from the thermal law to the depleted one: the physical shift,6a468472af4bbda8,400000,0,2026-09-26T10:09:06,DIAGNOSTIC
w43.4_m1.00_r0.940_T110_P225,cycles_on_axis,0.241967,,,PASS,excitation cycles on the central chord at the mean transverse speed,6a468472af4bbda8,400000,0,2026-09-26T10:09:06,DIAGNOSTIC
w43.4_m1.00_r0.940_T110_P225,cycles_mean_over_chords,0.0371146,,,PASS,the flux-weighted mean over every chord,6a468472af4bbda8,400000,0,2026-09-26T10:09:06,DIAGNOSTIC
w43.4_m1.00_r0.940_T130_P125,transit_fwhm_rel,1.40283,1.40055,,PASS,the Monte Carlo against the form the fit uses at this node,6a468472af4bbda8,400000,0,2026-09-26T10:09:06,DIAGNOSTIC
w43.4_m1.00_r0.940_T130_P125,transit_shape_rel,1.00032,1,,PASS,the Monte Carlo against the form the fit uses at this node,6a468472af4bbda8,400000,0,2026-09-26T10:09:06,DIAGNOSTIC
w43.4_m1.00_r0.940_T130_P125,ramp_mu2_rel,0.0503896,0.0503445,,PASS,the Monte Carlo against the form the fit uses at this node,6a468472af4bbda8,400000,0,2026-09-26T10:09:06,DIAGNOSTIC
w43.4_m1.00_r0.940_T130_P125,ramp_mu3_rel,-0.00661694,-0.00658174,,PASS,the Monte Carlo against the form the fit uses at this node,6a468472af4bbda8,400000,0,2026-09-26T10:09:06,DIAGNOSTIC
w43.4_m1.00_r0.940_T130_P125,amplitude_power_law_abs,1.92286,1.92127,,PASS,the Monte Carlo against the form the fit uses at this node,6a468472af4bbda8,400000,0,2026-09-26T10:09:06,DIAGNOSTIC
w43.4_m1.00_r0.940_T130_P125,shares_abs,0.000238718,0,,PASS,the Monte Carlo against the form the fit uses at this node,6a468472af4bbda8,400000,0,2026-09-26T10:09:06,DIAGNOSTIC
w43.4_m1.00_r0.940_T130_P125,joint_shape_abs,0.00587789,0,,PASS,the Monte Carlo against the form the fit uses at this node,6a468472af4bbda8,400000,0,2026-09-26T10:09:06,DIAGNOSTIC
w43.4_m1.00_r0.940_T130_P125,joint_moment_sigma_abs,2.01442,0,,PASS,the Monte Carlo against the form the fit uses at this node,6a468472af4bbda8,400000,0,2026-09-26T10:09:06,DIAGNOSTIC
w43.4_m1.00_r0.940_T130_P125,depleted_line_abs,0.000465085,0,,PASS,the Monte Carlo against the form the fit uses at this node,6a468472af4bbda8,400000,0,2026-09-26T10:09:06,DIAGNOSTIC
w43.4_m1.00_r0.940_T130_P125,depletion_widening_rel_4207,0.00341565,,,PASS,"what a transit fit reads from the surviving kernel after the natural Lorentzian, over the bare one: the factor the fit carries",6a468472af4bbda8,400000,0,2026-09-26T10:09:06,DIAGNOSTIC
w43.4_m1.00_r0.940_T130_P125,depletion_widening_rel_4192,0.00378066,,,PASS,"what a transit fit reads from the surviving kernel after the natural Lorentzian, over the bare one: the factor the fit carries",6a468472af4bbda8,400000,0,2026-09-26T10:09:06,DIAGNOSTIC
w43.4_m1.00_r0.940_T130_P125,depletion_widening_rel_4154,0.00521865,,,PASS,"what a transit fit reads from the surviving kernel after the natural Lorentzian, over the bare one: the factor the fit carries",6a468472af4bbda8,400000,0,2026-09-26T10:09:06,DIAGNOSTIC
w43.4_m1.00_r0.940_T130_P125,depletion_widening_rel_4121,0.00557301,,,PASS,"what a transit fit reads from the surviving kernel after the natural Lorentzian, over the bare one: the factor the fit carries",6a468472af4bbda8,400000,0,2026-09-26T10:09:06,DIAGNOSTIC
w43.4_m1.00_r0.940_T130_P125,depletion_fwhm_rel_4207,0.0351914,,,PASS,"the surviving transit kernel's FWHM over the bare collected kernel's, the core-flattening diagnostic",6a468472af4bbda8,400000,0,2026-09-26T10:09:06,DIAGNOSTIC
w43.4_m1.00_r0.940_T130_P125,depletion_fwhm_rel_4192,0.0381106,,,PASS,"the surviving transit kernel's FWHM over the bare collected kernel's, the core-flattening diagnostic",6a468472af4bbda8,400000,0,2026-09-26T10:09:06,DIAGNOSTIC
w43.4_m1.00_r0.940_T130_P125,depletion_fwhm_rel_4154,0.0489314,,,PASS,"the surviving transit kernel's FWHM over the bare collected kernel's, the core-flattening diagnostic",6a468472af4bbda8,400000,0,2026-09-26T10:09:06,DIAGNOSTIC
w43.4_m1.00_r0.940_T130_P125,depletion_fwhm_rel_4121,0.0514842,,,PASS,"the surviving transit kernel's FWHM over the bare collected kernel's, the core-flattening diagnostic",6a468472af4bbda8,400000,0,2026-09-26T10:09:06,DIAGNOSTIC
w43.4_m1.00_r0.940_T130_P125,shares_shift_abs,0.000783937,,,PASS,the largest move of a line's share from the thermal law to the depleted one: the physical shift,6a468472af4bbda8,400000,0,2026-09-26T10:09:06,DIAGNOSTIC
w43.4_m1.00_r0.940_T130_P125,cycles_on_axis,0.0795461,,,PASS,excitation cycles on the central chord at the mean transverse speed,6a468472af4bbda8,400000,0,2026-09-26T10:09:06,DIAGNOSTIC
w43.4_m1.00_r0.940_T130_P125,cycles_mean_over_chords,0.0118974,,,PASS,the flux-weighted mean over every chord,6a468472af4bbda8,400000,0,2026-09-26T10:09:06,DIAGNOSTIC
w43.4_m1.00_r0.940_T130_P175,transit_fwhm_rel,1.40284,1.40087,,PASS,the Monte Carlo against the form the fit uses at this node,6a468472af4bbda8,400000,0,2026-09-26T10:09:06,DIAGNOSTIC
w43.4_m1.00_r0.940_T130_P175,transit_shape_rel,1.00032,1,,PASS,the Monte Carlo against the form the fit uses at this node,6a468472af4bbda8,400000,0,2026-09-26T10:09:06,DIAGNOSTIC
w43.4_m1.00_r0.940_T130_P175,ramp_mu2_rel,0.0506744,0.0506266,,PASS,the Monte Carlo against the form the fit uses at this node,6a468472af4bbda8,400000,0,2026-09-26T10:09:06,DIAGNOSTIC
w43.4_m1.00_r0.940_T130_P175,ramp_mu3_rel,-0.00648804,-0.00645319,,PASS,the Monte Carlo against the form the fit uses at this node,6a468472af4bbda8,400000,0,2026-09-26T10:09:06,DIAGNOSTIC
w43.4_m1.00_r0.940_T130_P175,amplitude_power_law_abs,1.857,1.85388,,PASS,the Monte Carlo against the form the fit uses at this node,6a468472af4bbda8,400000,0,2026-09-26T10:09:06,DIAGNOSTIC
w43.4_m1.00_r0.940_T130_P175,shares_abs,0.000477046,0,,PASS,the Monte Carlo against the form the fit uses at this node,6a468472af4bbda8,400000,0,2026-09-26T10:09:06,DIAGNOSTIC
w43.4_m1.00_r0.940_T130_P175,joint_shape_abs,0.00670043,0,,PASS,the Monte Carlo against the form the fit uses at this node,6a468472af4bbda8,400000,0,2026-09-26T10:09:06,DIAGNOSTIC
w43.4_m1.00_r0.940_T130_P175,joint_moment_sigma_abs,2.14651,0,,PASS,the Monte Carlo against the form the fit uses at this node,6a468472af4bbda8,400000,0,2026-09-26T10:09:06,DIAGNOSTIC
w43.4_m1.00_r0.940_T130_P175,depleted_line_abs,0.000637008,0,,PASS,the Monte Carlo against the form the fit uses at this node,6a468472af4bbda8,400000,0,2026-09-26T10:09:06,DIAGNOSTIC
w43.4_m1.00_r0.940_T130_P175,depletion_widening_rel_4207,0.00628626,,,PASS,"what a transit fit reads from the surviving kernel after the natural Lorentzian, over the bare one: the factor the fit carries",6a468472af4bbda8,400000,0,2026-09-26T10:09:06,DIAGNOSTIC
w43.4_m1.00_r0.940_T130_P175,depletion_widening_rel_4192,0.0069445,,,PASS,"what a transit fit reads from the surviving kernel after the natural Lorentzian, over the bare one: the factor the fit carries",6a468472af4bbda8,400000,0,2026-09-26T10:09:06,DIAGNOSTIC
w43.4_m1.00_r0.940_T130_P175,depletion_widening_rel_4154,0.00951726,,,PASS,"what a transit fit reads from the surviving kernel after the natural Lorentzian, over the bare one: the factor the fit carries",6a468472af4bbda8,400000,0,2026-09-26T10:09:06,DIAGNOSTIC
w43.4_m1.00_r0.940_T130_P175,depletion_widening_rel_4121,0.0101465,,,PASS,"what a transit fit reads from the surviving kernel after the natural Lorentzian, over the bare one: the factor the fit carries",6a468472af4bbda8,400000,0,2026-09-26T10:09:06,DIAGNOSTIC
w43.4_m1.00_r0.940_T130_P175,depletion_fwhm_rel_4207,0.0564931,,,PASS,"the surviving transit kernel's FWHM over the bare collected kernel's, the core-flattening diagnostic",6a468472af4bbda8,400000,0,2026-09-26T10:09:06,DIAGNOSTIC
w43.4_m1.00_r0.940_T130_P175,depletion_fwhm_rel_4192,0.0609549,,,PASS,"the surviving transit kernel's FWHM over the bare collected kernel's, the core-flattening diagnostic",6a468472af4bbda8,400000,0,2026-09-26T10:09:06,DIAGNOSTIC
w43.4_m1.00_r0.940_T130_P175,depletion_fwhm_rel_4154,0.0774006,,,PASS,"the surviving transit kernel's FWHM over the bare collected kernel's, the core-flattening diagnostic",6a468472af4bbda8,400000,0,2026-09-26T10:09:06,DIAGNOSTIC
w43.4_m1.00_r0.940_T130_P175,depletion_fwhm_rel_4121,0.0812037,,,PASS,"the surviving transit kernel's FWHM over the bare collected kernel's, the core-flattening diagnostic",6a468472af4bbda8,400000,0,2026-09-26T10:09:06,DIAGNOSTIC
w43.4_m1.00_r0.940_T130_P175,shares_shift_abs,0.00144204,,,PASS,the largest move of a line's share from the thermal law to the depleted one: the physical shift,6a468472af4bbda8,400000,0,2026-09-26T10:09:06,DIAGNOSTIC
w43.4_m1.00_r0.940_T130_P175,cycles_on_axis,0.149916,,,PASS,excitation cycles on the central chord at the mean transverse speed,6a468472af4bbda8,400000,0,2026-09-26T10:09:06,DIAGNOSTIC
w43.4_m1.00_r0.940_T130_P175,cycles_mean_over_chords,0.0226762,,,PASS,the flux-weighted mean over every chord,6a468472af4bbda8,400000,0,2026-09-26T10:09:06,DIAGNOSTIC
w43.4_m1.00_r0.940_T130_P180,transit_fwhm_rel,1.40284,1.4009,,PASS,the Monte Carlo against the form the fit uses at this node,6a468472af4bbda8,400000,0,2026-09-26T10:10:33,DIAGNOSTIC
w43.4_m1.00_r0.940_T130_P180,transit_shape_rel,1.00032,1,,PASS,the Monte Carlo against the form the fit uses at this node,6a468472af4bbda8,400000,0,2026-09-26T10:10:33,DIAGNOSTIC
w43.4_m1.00_r0.940_T130_P180,ramp_mu2_rel,0.0507071,0.0506591,,PASS,the Monte Carlo against the form the fit uses at this node,6a468472af4bbda8,400000,0,2026-09-26T10:10:33,DIAGNOSTIC
w43.4_m1.00_r0.940_T130_P180,ramp_mu3_rel,-0.00647306,-0.00643826,,PASS,the Monte Carlo against the form the fit uses at this node,6a468472af4bbda8,400000,0,2026-09-26T10:10:33,DIAGNOSTIC
w43.4_m1.00_r0.940_T130_P180,amplitude_power_law_abs,1.84967,1.84637,,PASS,the Monte Carlo against the form the fit uses at this node,6a468472af4bbda8,400000,0,2026-09-26T10:10:33,DIAGNOSTIC
w43.4_m1.00_r0.940_T130_P180,shares_abs,0.000505151,0,,PASS,the Monte Carlo against the form the fit uses at this node,6a468472af4bbda8,400000,0,2026-09-26T10:10:33,DIAGNOSTIC
w43.4_m1.00_r0.940_T130_P180,joint_shape_abs,0.00679347,0,,PASS,the Monte Carlo against the form the fit uses at this node,6a468472af4bbda8,400000,0,2026-09-26T10:10:33,DIAGNOSTIC
w43.4_m1.00_r0.940_T130_P180,joint_moment_sigma_abs,2.22226,0,,PASS,the Monte Carlo against the form the fit uses at this node,6a468472af4bbda8,400000,0,2026-09-26T10:10:33,DIAGNOSTIC
w43.4_m1.00_r0.940_T130_P180,depleted_line_abs,0.000655584,0,,PASS,the Monte Carlo against the form the fit uses at this node,6a468472af4bbda8,400000,0,2026-09-26T10:10:33,DIAGNOSTIC
w43.4_m1.00_r0.940_T130_P180,depletion_widening_rel_4207,0.00660504,,,PASS,"what a transit fit reads from the surviving kernel after the natural Lorentzian, over the bare one: the factor the fit carries",6a468472af4bbda8,400000,0,2026-09-26T10:10:33,DIAGNOSTIC
w43.4_m1.00_r0.940_T130_P180,depletion_widening_rel_4192,0.00729521,,,PASS,"what a transit fit reads from the surviving kernel after the natural Lorentzian, over the bare one: the factor the fit carries",6a468472af4bbda8,400000,0,2026-09-26T10:10:33,DIAGNOSTIC
w43.4_m1.00_r0.940_T130_P180,depletion_widening_rel_4154,0.00999066,,,PASS,"what a transit fit reads from the surviving kernel after the natural Lorentzian, over the bare one: the factor the fit carries",6a468472af4bbda8,400000,0,2026-09-26T10:10:33,DIAGNOSTIC
w43.4_m1.00_r0.940_T130_P180,depletion_widening_rel_4121,0.0106495,,,PASS,"what a transit fit reads from the surviving kernel after the natural Lorentzian, over the bare one: the factor the fit carries",6a468472af4bbda8,400000,0,2026-09-26T10:10:33,DIAGNOSTIC
w43.4_m1.00_r0.940_T130_P180,depletion_fwhm_rel_4207,0.0586724,,,PASS,"the surviving transit kernel's FWHM over the bare collected kernel's, the core-flattening diagnostic",6a468472af4bbda8,400000,0,2026-09-26T10:10:33,DIAGNOSTIC
w43.4_m1.00_r0.940_T130_P180,depletion_fwhm_rel_4192,0.0632804,,,PASS,"the surviving transit kernel's FWHM over the bare collected kernel's, the core-flattening diagnostic",6a468472af4bbda8,400000,0,2026-09-26T10:10:33,DIAGNOSTIC
w43.4_m1.00_r0.940_T130_P180,depletion_fwhm_rel_4154,0.0802714,,,PASS,"the surviving transit kernel's FWHM over the bare collected kernel's, the core-flattening diagnostic",6a468472af4bbda8,400000,0,2026-09-26T10:10:33,DIAGNOSTIC
w43.4_m1.00_r0.940_T130_P180,depletion_fwhm_rel_4121,0.084216,,,PASS,"the surviving transit kernel's FWHM over the bare collected kernel's, the core-flattening diagnostic",6a468472af4bbda8,400000,0,2026-09-26T10:10:33,DIAGNOSTIC
w43.4_m1.00_r0.940_T130_P180,shares_shift_abs,0.00151505,,,PASS,the largest move of a line's share from the thermal law to the depleted one: the physical shift,6a468472af4bbda8,400000,0,2026-09-26T10:10:33,DIAGNOSTIC
w43.4_m1.00_r0.940_T130_P180,cycles_on_axis,0.157892,,,PASS,excitation cycles on the central chord at the mean transverse speed,6a468472af4bbda8,400000,0,2026-09-26T10:10:33,DIAGNOSTIC
w43.4_m1.00_r0.940_T130_P180,cycles_mean_over_chords,0.0239133,,,PASS,the flux-weighted mean over every chord,6a468472af4bbda8,400000,0,2026-09-26T10:10:33,DIAGNOSTIC
w43.4_m1.00_r0.940_T130_P225,transit_fwhm_rel,1.40285,1.40126,,PASS,the Monte Carlo against the form the fit uses at this node,6a468472af4bbda8,400000,0,2026-09-26T10:10:35,DIAGNOSTIC
w43.4_m1.00_r0.940_T130_P225,transit_shape_rel,1.00031,1,,PASS,the Monte Carlo against the form the fit uses at this node,6a468472af4bbda8,400000,0,2026-09-26T10:10:35,DIAGNOSTIC
w43.4_m1.00_r0.940_T130_P225,ramp_mu2_rel,0.0510324,0.0509815,,PASS,the Monte Carlo against the form the fit uses at this node,6a468472af4bbda8,400000,0,2026-09-26T10:10:35,DIAGNOSTIC
w43.4_m1.00_r0.940_T130_P225,ramp_mu3_rel,-0.00632257,-0.00628825,,PASS,the Monte Carlo against the form the fit uses at this node,6a468472af4bbda8,400000,0,2026-09-26T10:10:35,DIAGNOSTIC
w43.4_m1.00_r0.940_T130_P225,amplitude_power_law_abs,1.77921,1.77432,,PASS,the Monte Carlo against the form the fit uses at this node,6a468472af4bbda8,400000,0,2026-09-26T10:10:35,DIAGNOSTIC
w43.4_m1.00_r0.940_T130_P225,shares_abs,0.000789053,0,,PASS,the Monte Carlo against the form the fit uses at this node,6a468472af4bbda8,400000,0,2026-09-26T10:10:35,DIAGNOSTIC
w43.4_m1.00_r0.940_T130_P225,joint_shape_abs,0.00753756,0,,PASS,the Monte Carlo against the form the fit uses at this node,6a468472af4bbda8,400000,0,2026-09-26T10:10:35,DIAGNOSTIC
w43.4_m1.00_r0.940_T130_P225,joint_moment_sigma_abs,2.58191,0,,PASS,the Monte Carlo against the form the fit uses at this node,6a468472af4bbda8,400000,0,2026-09-26T10:10:35,DIAGNOSTIC
w43.4_m1.00_r0.940_T130_P225,depleted_line_abs,0.000829255,0,,PASS,the Monte Carlo against the form the fit uses at this node,6a468472af4bbda8,400000,0,2026-09-26T10:10:35,DIAGNOSTIC
w43.4_m1.00_r0.940_T130_P225,depletion_widening_rel_4207,0.009663,,,PASS,"what a transit fit reads from the surviving kernel after the natural Lorentzian, over the bare one: the factor the fit carries",6a468472af4bbda8,400000,0,2026-09-26T10:10:35,DIAGNOSTIC
w43.4_m1.00_r0.940_T130_P225,depletion_widening_rel_4192,0.0106539,,,PASS,"what a transit fit reads from the surviving kernel after the natural Lorentzian, over the bare one: the factor the fit carries",6a468472af4bbda8,400000,0,2026-09-26T10:10:35,DIAGNOSTIC
w43.4_m1.00_r0.940_T130_P225,depletion_widening_rel_4154,0.0144967,,,PASS,"what a transit fit reads from the surviving kernel after the natural Lorentzian, over the bare one: the factor the fit carries",6a468472af4bbda8,400000,0,2026-09-26T10:10:35,DIAGNOSTIC
w43.4_m1.00_r0.940_T130_P225,depletion_widening_rel_4121,0.0154298,,,PASS,"what a transit fit reads from the surviving kernel after the natural Lorentzian, over the bare one: the factor the fit carries",6a468472af4bbda8,400000,0,2026-09-26T10:10:35,DIAGNOSTIC
w43.4_m1.00_r0.940_T130_P225,depletion_fwhm_rel_4207,0.0783127,,,PASS,"the surviving transit kernel's FWHM over the bare collected kernel's, the core-flattening diagnostic",6a468472af4bbda8,400000,0,2026-09-26T10:10:35,DIAGNOSTIC
w43.4_m1.00_r0.940_T130_P225,depletion_fwhm_rel_4192,0.0842646,,,PASS,"the surviving transit kernel's FWHM over the bare collected kernel's, the core-flattening diagnostic",6a468472af4bbda8,400000,0,2026-09-26T10:10:35,DIAGNOSTIC
w43.4_m1.00_r0.940_T130_P225,depletion_fwhm_rel_4154,0.106006,,,PASS,"the surviving transit kernel's FWHM over the bare collected kernel's, the core-flattening diagnostic",6a468472af4bbda8,400000,0,2026-09-26T10:10:35,DIAGNOSTIC
w43.4_m1.00_r0.940_T130_P225,depletion_fwhm_rel_4121,0.111003,,,PASS,"the surviving transit kernel's FWHM over the bare collected kernel's, the core-flattening diagnostic",6a468472af4bbda8,400000,0,2026-09-26T10:10:35,DIAGNOSTIC
w43.4_m1.00_r0.940_T130_P225,shares_shift_abs,0.0022147,,,PASS,the largest move of a line's share from the thermal law to the depleted one: the physical shift,6a468472af4bbda8,400000,0,2026-09-26T10:10:35,DIAGNOSTIC
w43.4_m1.00_r0.940_T130_P225,cycles_on_axis,0.235888,,,PASS,excitation cycles on the central chord at the mean transverse speed,6a468472af4bbda8,400000,0,2026-09-26T10:10:35,DIAGNOSTIC
w43.4_m1.00_r0.940_T130_P225,cycles_mean_over_chords,0.0361823,,,PASS,the flux-weighted mean over every chord,6a468472af4bbda8,400000,0,2026-09-26T10:10:35,DIAGNOSTIC
w43.4_m1.00_r0.940_T130_P25,transit_fwhm_rel,1.40282,1.4002,,PASS,the Monte Carlo against the form the fit uses at this node,6a468472af4bbda8,400000,0,2026-09-26T10:10:35,DIAGNOSTIC
w43.4_m1.00_r0.940_T130_P25,transit_shape_rel,1.00032,1,,PASS,the Monte Carlo against the form the fit uses at this node,6a468472af4bbda8,400000,0,2026-09-26T10:10:35,DIAGNOSTIC
w43.4_m1.00_r0.940_T130_P25,ramp_mu2_rel,0.0500893,0.050047,,PASS,the Monte Carlo against the form the fit uses at this node,6a468472af4bbda8,400000,0,2026-09-26T10:10:35,DIAGNOSTIC
w43.4_m1.00_r0.940_T130_P25,ramp_mu3_rel,-0.00675032,-0.00671478,,PASS,the Monte Carlo against the form the fit uses at this node,6a468472af4bbda8,400000,0,2026-09-26T10:10:35,DIAGNOSTIC
w43.4_m1.00_r0.940_T130_P25,amplitude_power_law_abs,1.99672,1.99666,,PASS,the Monte Carlo against the form the fit uses at this node,6a468472af4bbda8,400000,0,2026-09-26T10:10:35,DIAGNOSTIC
w43.4_m1.00_r0.940_T130_P25,shares_abs,8.85639e-06,0,,PASS,the Monte Carlo against the form the fit uses at this node,6a468472af4bbda8,400000,0,2026-09-26T10:10:35,DIAGNOSTIC
w43.4_m1.00_r0.940_T130_P25,joint_shape_abs,0.00427059,0,,PASS,the Monte Carlo against the form the fit uses at this node,6a468472af4bbda8,400000,0,2026-09-26T10:10:35,DIAGNOSTIC
w43.4_m1.00_r0.940_T130_P25,joint_moment_sigma_abs,1.28765,0,,PASS,the Monte Carlo against the form the fit uses at this node,6a468472af4bbda8,400000,0,2026-09-26T10:10:35,DIAGNOSTIC
w43.4_m1.00_r0.940_T130_P25,depleted_line_abs,0.000256252,0,,PASS,the Monte Carlo against the form the fit uses at this node,6a468472af4bbda8,400000,0,2026-09-26T10:10:35,DIAGNOSTIC
w43.4_m1.00_r0.940_T130_P25,depletion_widening_rel_4207,0.000149811,,,PASS,"what a transit fit reads from the surviving kernel after the natural Lorentzian, over the bare one: the factor the fit carries",6a468472af4bbda8,400000,0,2026-09-26T10:10:35,DIAGNOSTIC
w43.4_m1.00_r0.940_T130_P25,depletion_widening_rel_4192,0.000166281,,,PASS,"what a transit fit reads from the surviving kernel after the natural Lorentzian, over the bare one: the factor the fit carries",6a468472af4bbda8,400000,0,2026-09-26T10:10:35,DIAGNOSTIC
w43.4_m1.00_r0.940_T130_P25,depletion_widening_rel_4154,0.000231984,,,PASS,"what a transit fit reads from the surviving kernel after the natural Lorentzian, over the bare one: the factor the fit carries",6a468472af4bbda8,400000,0,2026-09-26T10:10:35,DIAGNOSTIC
w43.4_m1.00_r0.940_T130_P25,depletion_widening_rel_4121,0.000248371,,,PASS,"what a transit fit reads from the surviving kernel after the natural Lorentzian, over the bare one: the factor the fit carries",6a468472af4bbda8,400000,0,2026-09-26T10:10:35,DIAGNOSTIC
w43.4_m1.00_r0.940_T130_P25,depletion_fwhm_rel_4207,0.00266891,,,PASS,"the surviving transit kernel's FWHM over the bare collected kernel's, the core-flattening diagnostic",6a468472af4bbda8,400000,0,2026-09-26T10:10:35,DIAGNOSTIC
w43.4_m1.00_r0.940_T130_P25,depletion_fwhm_rel_4192,0.00291869,,,PASS,"the surviving transit kernel's FWHM over the bare collected kernel's, the core-flattening diagnostic",6a468472af4bbda8,400000,0,2026-09-26T10:10:35,DIAGNOSTIC
w43.4_m1.00_r0.940_T130_P25,depletion_fwhm_rel_4154,0.00387843,,,PASS,"the surviving transit kernel's FWHM over the bare collected kernel's, the core-flattening diagnostic",6a468472af4bbda8,400000,0,2026-09-26T10:10:35,DIAGNOSTIC
w43.4_m1.00_r0.940_T130_P25,depletion_fwhm_rel_4121,0.00411008,,,PASS,"the surviving transit kernel's FWHM over the bare collected kernel's, the core-flattening diagnostic",6a468472af4bbda8,400000,0,2026-09-26T10:10:35,DIAGNOSTIC
w43.4_m1.00_r0.940_T130_P25,shares_shift_abs,3.39731e-05,,,PASS,the largest move of a line's share from the thermal law to the depleted one: the physical shift,6a468472af4bbda8,400000,0,2026-09-26T10:10:35,DIAGNOSTIC
w43.4_m1.00_r0.940_T130_P25,cycles_on_axis,0.00331607,,,PASS,excitation cycles on the central chord at the mean transverse speed,6a468472af4bbda8,400000,0,2026-09-26T10:10:35,DIAGNOSTIC
w43.4_m1.00_r0.940_T130_P25,cycles_mean_over_chords,0.00049005,,,PASS,the flux-weighted mean over every chord,6a468472af4bbda8,400000,0,2026-09-26T10:10:35,DIAGNOSTIC
w43.4_m1.00_r0.940_T130_P270,transit_fwhm_rel,1.40286,1.40164,,PASS,the Monte Carlo against the form the fit uses at this node,6a468472af4bbda8,400000,0,2026-09-26T10:11:56,DIAGNOSTIC
w43.4_m1.00_r0.940_T130_P270,transit_shape_rel,1.00031,1,,PASS,the Monte Carlo against the form the fit uses at this node,6a468472af4bbda8,400000,0,2026-09-26T10:11:56,DIAGNOSTIC
w43.4_m1.00_r0.940_T130_P270,ramp_mu2_rel,0.0514055,0.0513513,,PASS,the Monte Carlo against the form the fit uses at this node,6a468472af4bbda8,400000,0,2026-09-26T10:11:56,DIAGNOSTIC
w43.4_m1.00_r0.940_T130_P270,ramp_mu3_rel,-0.00614618,-0.00611248,,PASS,the Monte Carlo against the form the fit uses at this node,6a468472af4bbda8,400000,0,2026-09-26T10:11:56,DIAGNOSTIC
w43.4_m1.00_r0.940_T130_P270,amplitude_power_law_abs,1.70346,1.69706,,PASS,the Monte Carlo against the form the fit uses at this node,6a468472af4bbda8,400000,0,2026-09-26T10:11:56,DIAGNOSTIC
w43.4_m1.00_r0.940_T130_P270,shares_abs,0.00111992,0,,PASS,the Monte Carlo against the form the fit uses at this node,6a468472af4bbda8,400000,0,2026-09-26T10:11:56,DIAGNOSTIC
w43.4_m1.00_r0.940_T130_P270,joint_shape_abs,0.00828116,0,,PASS,the Monte Carlo against the form the fit uses at this node,6a468472af4bbda8,400000,0,2026-09-26T10:11:56,DIAGNOSTIC
w43.4_m1.00_r0.940_T130_P270,joint_moment_sigma_abs,2.07501,0,,PASS,the Monte Carlo against the form the fit uses at this node,6a468472af4bbda8,400000,0,2026-09-26T10:11:56,DIAGNOSTIC
w43.4_m1.00_r0.940_T130_P270,depleted_line_abs,0.00100799,0,,PASS,the Monte Carlo against the form the fit uses at this node,6a468472af4bbda8,400000,0,2026-09-26T10:11:56,DIAGNOSTIC
w43.4_m1.00_r0.940_T130_P270,depletion_widening_rel_4207,0.0129539,,,PASS,"what a transit fit reads from the surviving kernel after the natural Lorentzian, over the bare one: the factor the fit carries",6a468472af4bbda8,400000,0,2026-09-26T10:11:56,DIAGNOSTIC
w43.4_m1.00_r0.940_T130_P270,depletion_widening_rel_4192,0.014258,,,PASS,"what a transit fit reads from the surviving kernel after the natural Lorentzian, over the bare one: the factor the fit carries",6a468472af4bbda8,400000,0,2026-09-26T10:11:56,DIAGNOSTIC
w43.4_m1.00_r0.940_T130_P270,depletion_widening_rel_4154,0.0192819,,,PASS,"what a transit fit reads from the surviving kernel after the natural Lorentzian, over the bare one: the factor the fit carries",6a468472af4bbda8,400000,0,2026-09-26T10:11:56,DIAGNOSTIC
w43.4_m1.00_r0.940_T130_P270,depletion_widening_rel_4121,0.0204943,,,PASS,"what a transit fit reads from the surviving kernel after the natural Lorentzian, over the bare one: the factor the fit carries",6a468472af4bbda8,400000,0,2026-09-26T10:11:56,DIAGNOSTIC
w43.4_m1.00_r0.940_T130_P270,depletion_fwhm_rel_4207,0.097534,,,PASS,"the surviving transit kernel's FWHM over the bare collected kernel's, the core-flattening diagnostic",6a468472af4bbda8,400000,0,2026-09-26T10:11:56,DIAGNOSTIC
w43.4_m1.00_r0.940_T130_P270,depletion_fwhm_rel_4192,0.104744,,,PASS,"the surviving transit kernel's FWHM over the bare collected kernel's, the core-flattening diagnostic",6a468472af4bbda8,400000,0,2026-09-26T10:11:56,DIAGNOSTIC
w43.4_m1.00_r0.940_T130_P270,depletion_fwhm_rel_4154,0.130789,,,PASS,"the surviving transit kernel's FWHM over the bare collected kernel's, the core-flattening diagnostic",6a468472af4bbda8,400000,0,2026-09-26T10:11:56,DIAGNOSTIC
w43.4_m1.00_r0.940_T130_P270,depletion_fwhm_rel_4121,0.136756,,,PASS,"the surviving transit kernel's FWHM over the bare collected kernel's, the core-flattening diagnostic",6a468472af4bbda8,400000,0,2026-09-26T10:11:56,DIAGNOSTIC
w43.4_m1.00_r0.940_T130_P270,shares_shift_abs,0.00296649,,,PASS,the largest move of a line's share from the thermal law to the depleted one: the physical shift,6a468472af4bbda8,400000,0,2026-09-26T10:11:56,DIAGNOSTIC
w43.4_m1.00_r0.940_T130_P270,cycles_on_axis,0.322633,,,PASS,excitation cycles on the central chord at the mean transverse speed,6a468472af4bbda8,400000,0,2026-09-26T10:11:56,DIAGNOSTIC
w43.4_m1.00_r0.940_T130_P270,cycles_mean_over_chords,0.0502029,,,PASS,the flux-weighted mean over every chord,6a468472af4bbda8,400000,0,2026-09-26T10:11:56,DIAGNOSTIC
w43.4_m1.00_r0.940_T130_P75,transit_fwhm_rel,1.40282,1.40032,,PASS,the Monte Carlo against the form the fit uses at this node,6a468472af4bbda8,400000,0,2026-09-26T10:12:01,DIAGNOSTIC
w43.4_m1.00_r0.940_T130_P75,transit_shape_rel,1.00032,1,,PASS,the Monte Carlo against the form the fit uses at this node,6a468472af4bbda8,400000,0,2026-09-26T10:12:01,DIAGNOSTIC
w43.4_m1.00_r0.940_T130_P75,ramp_mu2_rel,0.0501912,0.050148,,PASS,the Monte Carlo against the form the fit uses at this node,6a468472af4bbda8,400000,0,2026-09-26T10:12:01,DIAGNOSTIC
w43.4_m1.00_r0.940_T130_P75,ramp_mu3_rel,-0.00670534,-0.00666991,,PASS,the Monte Carlo against the form the fit uses at this node,6a468472af4bbda8,400000,0,2026-09-26T10:12:01,DIAGNOSTIC
w43.4_m1.00_r0.940_T130_P75,amplitude_power_law_abs,1.97109,1.97055,,PASS,the Monte Carlo against the form the fit uses at this node,6a468472af4bbda8,400000,0,2026-09-26T10:12:01,DIAGNOSTIC
w43.4_m1.00_r0.940_T130_P75,shares_abs,8.29305e-05,0,,PASS,the Monte Carlo against the form the fit uses at this node,6a468472af4bbda8,400000,0,2026-09-26T10:12:01,DIAGNOSTIC
w43.4_m1.00_r0.940_T130_P75,joint_shape_abs,0.00505312,0,,PASS,the Monte Carlo against the form the fit uses at this node,6a468472af4bbda8,400000,0,2026-09-26T10:12:01,DIAGNOSTIC
w43.4_m1.00_r0.940_T130_P75,joint_moment_sigma_abs,1.56477,0,,PASS,the Monte Carlo against the form the fit uses at this node,6a468472af4bbda8,400000,0,2026-09-26T10:12:01,DIAGNOSTIC
w43.4_m1.00_r0.940_T130_P75,depleted_line_abs,0.000331516,0,,PASS,the Monte Carlo against the form the fit uses at this node,6a468472af4bbda8,400000,0,2026-09-26T10:12:01,DIAGNOSTIC
w43.4_m1.00_r0.940_T130_P75,depletion_widening_rel_4207,0.00129367,,,PASS,"what a transit fit reads from the surviving kernel after the natural Lorentzian, over the bare one: the factor the fit carries",6a468472af4bbda8,400000,0,2026-09-26T10:12:01,DIAGNOSTIC
w43.4_m1.00_r0.940_T130_P75,depletion_widening_rel_4192,0.00143437,,,PASS,"what a transit fit reads from the surviving kernel after the natural Lorentzian, over the bare one: the factor the fit carries",6a468472af4bbda8,400000,0,2026-09-26T10:12:01,DIAGNOSTIC
w43.4_m1.00_r0.940_T130_P75,depletion_widening_rel_4154,0.00199282,,,PASS,"what a transit fit reads from the surviving kernel after the natural Lorentzian, over the bare one: the factor the fit carries",6a468472af4bbda8,400000,0,2026-09-26T10:12:01,DIAGNOSTIC
w43.4_m1.00_r0.940_T130_P75,depletion_widening_rel_4121,0.00213141,,,PASS,"what a transit fit reads from the surviving kernel after the natural Lorentzian, over the bare one: the factor the fit carries",6a468472af4bbda8,400000,0,2026-09-26T10:12:01,DIAGNOSTIC
w43.4_m1.00_r0.940_T130_P75,depletion_fwhm_rel_4207,0.0161913,,,PASS,"the surviving transit kernel's FWHM over the bare collected kernel's, the core-flattening diagnostic",6a468472af4bbda8,400000,0,2026-09-26T10:12:01,DIAGNOSTIC
w43.4_m1.00_r0.940_T130_P75,depletion_fwhm_rel_4192,0.0176124,,,PASS,"the surviving transit kernel's FWHM over the bare collected kernel's, the core-flattening diagnostic",6a468472af4bbda8,400000,0,2026-09-26T10:12:01,DIAGNOSTIC
w43.4_m1.00_r0.940_T130_P75,depletion_fwhm_rel_4154,0.0229626,,,PASS,"the surviving transit kernel's FWHM over the bare collected kernel's, the core-flattening diagnostic",6a468472af4bbda8,400000,0,2026-09-26T10:12:01,DIAGNOSTIC
w43.4_m1.00_r0.940_T130_P75,depletion_fwhm_rel_4121,0.0242301,,,PASS,"the surviving transit kernel's FWHM over the bare collected kernel's, the core-flattening diagnostic",6a468472af4bbda8,400000,0,2026-09-26T10:12:01,DIAGNOSTIC
w43.4_m1.00_r0.940_T130_P75,shares_shift_abs,0.000296566,,,PASS,the largest move of a line's share from the thermal law to the depleted one: the physical shift,6a468472af4bbda8,400000,0,2026-09-26T10:12:01,DIAGNOSTIC
w43.4_m1.00_r0.940_T130_P75,cycles_on_axis,0.0294291,,,PASS,excitation cycles on the central chord at the mean transverse speed,6a468472af4bbda8,400000,0,2026-09-26T10:12:01,DIAGNOSTIC
w43.4_m1.00_r0.940_T130_P75,cycles_mean_over_chords,0.00436688,,,PASS,the flux-weighted mean over every chord,6a468472af4bbda8,400000,0,2026-09-26T10:12:01,DIAGNOSTIC
w43.4_m1.00_r0.940_T130_P90,transit_fwhm_rel,1.40282,1.40038,,PASS,the Monte Carlo against the form the fit uses at this node,6a468472af4bbda8,400000,0,2026-09-26T10:12:01,DIAGNOSTIC
w43.4_m1.00_r0.940_T130_P90,transit_shape_rel,1.00032,1,,PASS,the Monte Carlo against the form the fit uses at this node,6a468472af4bbda8,400000,0,2026-09-26T10:12:01,DIAGNOSTIC
w43.4_m1.00_r0.940_T130_P90,ramp_mu2_rel,0.050241,0.0501973,,PASS,the Monte Carlo against the form the fit uses at this node,6a468472af4bbda8,400000,0,2026-09-26T10:12:01,DIAGNOSTIC
w43.4_m1.00_r0.940_T130_P90,ramp_mu3_rel,-0.00668327,-0.0066479,,PASS,the Monte Carlo against the form the fit uses at this node,6a468472af4bbda8,400000,0,2026-09-26T10:12:01,DIAGNOSTIC
w43.4_m1.00_r0.940_T130_P90,amplitude_power_law_abs,1.9588,1.958,,PASS,the Monte Carlo against the form the fit uses at this node,6a468472af4bbda8,400000,0,2026-09-26T10:12:01,DIAGNOSTIC
w43.4_m1.00_r0.940_T130_P90,shares_abs,0.000120856,0,,PASS,the Monte Carlo against the form the fit uses at this node,6a468472af4bbda8,400000,0,2026-09-26T10:12:01,DIAGNOSTIC
w43.4_m1.00_r0.940_T130_P90,joint_shape_abs,0.00530134,0,,PASS,the Monte Carlo against the form the fit uses at this node,6a468472af4bbda8,400000,0,2026-09-26T10:12:01,DIAGNOSTIC
w43.4_m1.00_r0.940_T130_P90,joint_moment_sigma_abs,1.61074,0,,PASS,the Monte Carlo against the form the fit uses at this node,6a468472af4bbda8,400000,0,2026-09-26T10:12:01,DIAGNOSTIC
w43.4_m1.00_r0.940_T130_P90,depleted_line_abs,0.000366369,0,,PASS,the Monte Carlo against the form the fit uses at this node,6a468472af4bbda8,400000,0,2026-09-26T10:12:01,DIAGNOSTIC
w43.4_m1.00_r0.940_T130_P90,depletion_widening_rel_4207,0.00183722,,,PASS,"what a transit fit reads from the surviving kernel after the natural Lorentzian, over the bare one: the factor the fit carries",6a468472af4bbda8,400000,0,2026-09-26T10:12:01,DIAGNOSTIC
w43.4_m1.00_r0.940_T130_P90,depletion_widening_rel_4192,0.00203608,,,PASS,"what a transit fit reads from the surviving kernel after the natural Lorentzian, over the bare one: the factor the fit carries",6a468472af4bbda8,400000,0,2026-09-26T10:12:01,DIAGNOSTIC
w43.4_m1.00_r0.940_T130_P90,depletion_widening_rel_4154,0.00282371,,,PASS,"what a transit fit reads from the surviving kernel after the natural Lorentzian, over the bare one: the factor the fit carries",6a468472af4bbda8,400000,0,2026-09-26T10:12:01,DIAGNOSTIC
w43.4_m1.00_r0.940_T130_P90,depletion_widening_rel_4121,0.00301879,,,PASS,"what a transit fit reads from the surviving kernel after the natural Lorentzian, over the bare one: the factor the fit carries",6a468472af4bbda8,400000,0,2026-09-26T10:12:01,DIAGNOSTIC
w43.4_m1.00_r0.940_T130_P90,depletion_fwhm_rel_4207,0.0215138,,,PASS,"the surviving transit kernel's FWHM over the bare collected kernel's, the core-flattening diagnostic",6a468472af4bbda8,400000,0,2026-09-26T10:12:01,DIAGNOSTIC
w43.4_m1.00_r0.940_T130_P90,depletion_fwhm_rel_4192,0.0233613,,,PASS,"the surviving transit kernel's FWHM over the bare collected kernel's, the core-flattening diagnostic",6a468472af4bbda8,400000,0,2026-09-26T10:12:01,DIAGNOSTIC
w43.4_m1.00_r0.940_T130_P90,depletion_fwhm_rel_4154,0.0302805,,,PASS,"the surviving transit kernel's FWHM over the bare collected kernel's, the core-flattening diagnostic",6a468472af4bbda8,400000,0,2026-09-26T10:12:01,DIAGNOSTIC
w43.4_m1.00_r0.940_T130_P90,depletion_fwhm_rel_4121,0.0319163,,,PASS,"the surviving transit kernel's FWHM over the bare collected kernel's, the core-flattening diagnostic",6a468472af4bbda8,400000,0,2026-09-26T10:12:01,DIAGNOSTIC
w43.4_m1.00_r0.940_T130_P90,shares_shift_abs,0.000421474,,,PASS,the largest move of a line's share from the thermal law to the depleted one: the physical shift,6a468472af4bbda8,400000,0,2026-09-26T10:12:01,DIAGNOSTIC
w43.4_m1.00_r0.940_T130_P90,cycles_on_axis,0.0420887,,,PASS,excitation cycles on the central chord at the mean transverse speed,6a468472af4bbda8,400000,0,2026-09-26T10:12:01,DIAGNOSTIC
w43.4_m1.00_r0.940_T130_P90,cycles_mean_over_chords,0.00625785,,,PASS,the flux-weighted mean over every chord,6a468472af4bbda8,400000,0,2026-09-26T10:12:01,DIAGNOSTIC
w43.4_m1.00_r0.940_T70_P225,transit_fwhm_rel,1.29425,1.29278,,PASS,the Monte Carlo against the form the fit uses at this node,6a468472af4bbda8,400000,0,2026-09-26T10:13:22,DIAGNOSTIC
w43.4_m1.00_r0.940_T70_P225,transit_shape_rel,1.00031,1,,PASS,the Monte Carlo against the form the fit uses at this node,6a468472af4bbda8,400000,0,2026-09-26T10:13:22,DIAGNOSTIC
w43.4_m1.00_r0.940_T70_P225,ramp_mu2_rel,0.0510324,0.0509815,,PASS,the Monte Carlo against the form the fit uses at this node,6a468472af4bbda8,400000,0,2026-09-26T10:13:22,DIAGNOSTIC
w43.4_m1.00_r0.940_T70_P225,ramp_mu3_rel,-0.00632257,-0.00628825,,PASS,the Monte Carlo against the form the fit uses at this node,6a468472af4bbda8,400000,0,2026-09-26T10:13:22,DIAGNOSTIC
w43.4_m1.00_r0.940_T70_P225,amplitude_power_law_abs,1.77537,1.77002,,PASS,the Monte Carlo against the form the fit uses at this node,6a468472af4bbda8,400000,0,2026-09-26T10:13:22,DIAGNOSTIC
w43.4_m1.00_r0.940_T70_P225,shares_abs,0.000865818,0,,PASS,the Monte Carlo against the form the fit uses at this node,6a468472af4bbda8,400000,0,2026-09-26T10:13:22,DIAGNOSTIC
w43.4_m1.00_r0.940_T70_P225,joint_shape_abs,0.00742966,0,,PASS,the Monte Carlo against the form the fit uses at this node,6a468472af4bbda8,400000,0,2026-09-26T10:13:22,DIAGNOSTIC
w43.4_m1.00_r0.940_T70_P225,joint_moment_sigma_abs,2.37136,0,,PASS,the Monte Carlo against the form the fit uses at this node,6a468472af4bbda8,400000,0,2026-09-26T10:13:22,DIAGNOSTIC
w43.4_m1.00_r0.940_T70_P225,depleted_line_abs,0.000764246,0,,PASS,the Monte Carlo against the form the fit uses at this node,6a468472af4bbda8,400000,0,2026-09-26T10:13:22,DIAGNOSTIC
w43.4_m1.00_r0.940_T70_P225,depletion_widening_rel_4207,0.0102446,,,PASS,"what a transit fit reads from the surviving kernel after the natural Lorentzian, over the bare one: the factor the fit carries",6a468472af4bbda8,400000,0,2026-09-26T10:13:22,DIAGNOSTIC
w43.4_m1.00_r0.940_T70_P225,depletion_widening_rel_4192,0.0112911,,,PASS,"what a transit fit reads from the surviving kernel after the natural Lorentzian, over the bare one: the factor the fit carries",6a468472af4bbda8,400000,0,2026-09-26T10:13:22,DIAGNOSTIC
w43.4_m1.00_r0.940_T70_P225,depletion_widening_rel_4154,0.0153442,,,PASS,"what a transit fit reads from the surviving kernel after the natural Lorentzian, over the bare one: the factor the fit carries",6a468472af4bbda8,400000,0,2026-09-26T10:13:22,DIAGNOSTIC
w43.4_m1.00_r0.940_T70_P225,depletion_widening_rel_4121,0.016327,,,PASS,"what a transit fit reads from the surviving kernel after the natural Lorentzian, over the bare one: the factor the fit carries",6a468472af4bbda8,400000,0,2026-09-26T10:13:22,DIAGNOSTIC
w43.4_m1.00_r0.940_T70_P225,depletion_fwhm_rel_4207,0.0828218,,,PASS,"the surviving transit kernel's FWHM over the bare collected kernel's, the core-flattening diagnostic",6a468472af4bbda8,400000,0,2026-09-26T10:13:22,DIAGNOSTIC
w43.4_m1.00_r0.940_T70_P225,depletion_fwhm_rel_4192,0.089095,,,PASS,"the surviving transit kernel's FWHM over the bare collected kernel's, the core-flattening diagnostic",6a468472af4bbda8,400000,0,2026-09-26T10:13:22,DIAGNOSTIC
w43.4_m1.00_r0.940_T70_P225,depletion_fwhm_rel_4154,0.111859,,,PASS,"the surviving transit kernel's FWHM over the bare collected kernel's, the core-flattening diagnostic",6a468472af4bbda8,400000,0,2026-09-26T10:13:22,DIAGNOSTIC
w43.4_m1.00_r0.940_T70_P225,depletion_fwhm_rel_4121,0.117085,,,PASS,"the surviving transit kernel's FWHM over the bare collected kernel's, the core-flattening diagnostic",6a468472af4bbda8,400000,0,2026-09-26T10:13:22,DIAGNOSTIC
w43.4_m1.00_r0.940_T70_P225,shares_shift_abs,0.002386,,,PASS,the largest move of a line's share from the thermal law to the depleted one: the physical shift,6a468472af4bbda8,400000,0,2026-09-26T10:13:22,DIAGNOSTIC
w43.4_m1.00_r0.940_T70_P225,cycles_on_axis,0.255681,,,PASS,excitation cycles on the central chord at the mean transverse speed,6a468472af4bbda8,400000,0,2026-09-26T10:13:22,DIAGNOSTIC
w43.4_m1.00_r0.940_T70_P225,cycles_mean_over_chords,0.0392182,,,PASS,the flux-weighted mean over every chord,6a468472af4bbda8,400000,0,2026-09-26T10:13:22,DIAGNOSTIC
w43.4_m1.00_r0.940_T90_P225,transit_fwhm_rel,1.33144,1.32992,,PASS,the Monte Carlo against the form the fit uses at this node,6a468472af4bbda8,400000,0,2026-09-26T10:13:28,DIAGNOSTIC
w43.4_m1.00_r0.940_T90_P225,transit_shape_rel,1.00031,1,,PASS,the Monte Carlo against the form the fit uses at this node,6a468472af4bbda8,400000,0,2026-09-26T10:13:28,DIAGNOSTIC
w43.4_m1.00_r0.940_T90_P225,ramp_mu2_rel,0.0510324,0.0509815,,PASS,the Monte Carlo against the form the fit uses at this node,6a468472af4bbda8,400000,0,2026-09-26T10:13:28,DIAGNOSTIC
w43.4_m1.00_r0.940_T90_P225,ramp_mu3_rel,-0.00632257,-0.00628825,,PASS,the Monte Carlo against the form the fit uses at this node,6a468472af4bbda8,400000,0,2026-09-26T10:13:28,DIAGNOSTIC
w43.4_m1.00_r0.940_T90_P225,amplitude_power_law_abs,1.77675,1.77157,,PASS,the Monte Carlo against the form the fit uses at this node,6a468472af4bbda8,400000,0,2026-09-26T10:13:28,DIAGNOSTIC
w43.4_m1.00_r0.940_T90_P225,shares_abs,0.000837992,0,,PASS,the Monte Carlo against the form the fit uses at this node,6a468472af4bbda8,400000,0,2026-09-26T10:13:28,DIAGNOSTIC
w43.4_m1.00_r0.940_T90_P225,joint_shape_abs,0.00746792,0,,PASS,the Monte Carlo against the form the fit uses at this node,6a468472af4bbda8,400000,0,2026-09-26T10:13:28,DIAGNOSTIC
w43.4_m1.00_r0.940_T90_P225,joint_moment_sigma_abs,2.44569,0,,PASS,the Monte Carlo against the form the fit uses at this node,6a468472af4bbda8,400000,0,2026-09-26T10:13:28,DIAGNOSTIC
w43.4_m1.00_r0.940_T90_P225,depleted_line_abs,0.000787073,0,,PASS,the Monte Carlo against the form the fit uses at this node,6a468472af4bbda8,400000,0,2026-09-26T10:13:28,DIAGNOSTIC
w43.4_m1.00_r0.940_T90_P225,depletion_widening_rel_4207,0.0100361,,,PASS,"what a transit fit reads from the surviving kernel after the natural Lorentzian, over the bare one: the factor the fit carries",6a468472af4bbda8,400000,0,2026-09-26T10:13:28,DIAGNOSTIC
w43.4_m1.00_r0.940_T90_P225,depletion_widening_rel_4192,0.0110628,,,PASS,"what a transit fit reads from the surviving kernel after the natural Lorentzian, over the bare one: the factor the fit carries",6a468472af4bbda8,400000,0,2026-09-26T10:13:28,DIAGNOSTIC
w43.4_m1.00_r0.940_T90_P225,depletion_widening_rel_4154,0.0150407,,,PASS,"what a transit fit reads from the surviving kernel after the natural Lorentzian, over the bare one: the factor the fit carries",6a468472af4bbda8,400000,0,2026-09-26T10:13:28,DIAGNOSTIC
w43.4_m1.00_r0.940_T90_P225,depletion_widening_rel_4121,0.0160058,,,PASS,"what a transit fit reads from the surviving kernel after the natural Lorentzian, over the bare one: the factor the fit carries",6a468472af4bbda8,400000,0,2026-09-26T10:13:28,DIAGNOSTIC
w43.4_m1.00_r0.940_T90_P225,depletion_fwhm_rel_4207,0.0812079,,,PASS,"the surviving transit kernel's FWHM over the bare collected kernel's, the core-flattening diagnostic",6a468472af4bbda8,400000,0,2026-09-26T10:13:28,DIAGNOSTIC
w43.4_m1.00_r0.940_T90_P225,depletion_fwhm_rel_4192,0.0873721,,,PASS,"the surviving transit kernel's FWHM over the bare collected kernel's, the core-flattening diagnostic",6a468472af4bbda8,400000,0,2026-09-26T10:13:28,DIAGNOSTIC
w43.4_m1.00_r0.940_T90_P225,depletion_fwhm_rel_4154,0.109774,,,PASS,"the surviving transit kernel's FWHM over the bare collected kernel's, the core-flattening diagnostic",6a468472af4bbda8,400000,0,2026-09-26T10:13:28,DIAGNOSTIC
w43.4_m1.00_r0.940_T90_P225,depletion_fwhm_rel_4121,0.114907,,,PASS,"the surviving transit kernel's FWHM over the bare collected kernel's, the core-flattening diagnostic",6a468472af4bbda8,400000,0,2026-09-26T10:13:28,DIAGNOSTIC
w43.4_m1.00_r0.940_T90_P225,shares_shift_abs,0.0023244,,,PASS,the largest move of a line's share from the thermal law to the depleted one: the physical shift,6a468472af4bbda8,400000,0,2026-09-26T10:13:28,DIAGNOSTIC
w43.4_m1.00_r0.940_T90_P225,cycles_on_axis,0.24854,,,PASS,excitation cycles on the central chord at the mean transverse speed,6a468472af4bbda8,400000,0,2026-09-26T10:13:28,DIAGNOSTIC
w43.4_m1.00_r0.940_T90_P225,cycles_mean_over_chords,0.038123,,,PASS,the flux-weighted mean over every chord,6a468472af4bbda8,400000,0,2026-09-26T10:13:28,DIAGNOSTIC
w43.9_m1.00_r0.940_T110_P225,transit_fwhm_rel,1.35158,1.35027,,PASS,the Monte Carlo against the form the fit uses at this node,6a468472af4bbda8,400000,0,2026-09-26T10:13:29,DIAGNOSTIC
w43.9_m1.00_r0.940_T110_P225,transit_shape_rel,1.00031,1,,PASS,the Monte Carlo against the form the fit uses at this node,6a468472af4bbda8,400000,0,2026-09-26T10:13:29,DIAGNOSTIC
w43.9_m1.00_r0.940_T110_P225,ramp_mu2_rel,0.0510335,0.0509803,,PASS,the Monte Carlo against the form the fit uses at this node,6a468472af4bbda8,400000,0,2026-09-26T10:13:29,DIAGNOSTIC
w43.9_m1.00_r0.940_T110_P225,ramp_mu3_rel,-0.00631755,-0.00628186,,PASS,the Monte Carlo against the form the fit uses at this node,6a468472af4bbda8,400000,0,2026-09-26T10:13:29,DIAGNOSTIC
w43.9_m1.00_r0.940_T110_P225,amplitude_power_law_abs,1.78596,1.78095,,PASS,the Monte Carlo against the form the fit uses at this node,6a468472af4bbda8,400000,0,2026-09-26T10:13:29,DIAGNOSTIC
w43.9_m1.00_r0.940_T110_P225,shares_abs,0.000788626,0,,PASS,the Monte Carlo against the form the fit uses at this node,6a468472af4bbda8,400000,0,2026-09-26T10:13:29,DIAGNOSTIC
w43.9_m1.00_r0.940_T110_P225,joint_shape_abs,0.0071799,0,,PASS,the Monte Carlo against the form the fit uses at this node,6a468472af4bbda8,400000,0,2026-09-26T10:13:29,DIAGNOSTIC
w43.9_m1.00_r0.940_T110_P225,joint_moment_sigma_abs,2.49631,0,,PASS,the Monte Carlo against the form the fit uses at this node,6a468472af4bbda8,400000,0,2026-09-26T10:13:29,DIAGNOSTIC
w43.9_m1.00_r0.940_T110_P225,depleted_line_abs,0.000780907,0,,PASS,the Monte Carlo against the form the fit uses at this node,6a468472af4bbda8,400000,0,2026-09-26T10:13:29,DIAGNOSTIC
w43.9_m1.00_r0.940_T110_P225,depletion_widening_rel_4207,0.00954704,,,PASS,"what a transit fit reads from the surviving kernel after the natural Lorentzian, over the bare one: the factor the fit carries",6a468472af4bbda8,400000,0,2026-09-26T10:13:29,DIAGNOSTIC
w43.9_m1.00_r0.940_T110_P225,depletion_widening_rel_4192,0.0105265,,,PASS,"what a transit fit reads from the surviving kernel after the natural Lorentzian, over the bare one: the factor the fit carries",6a468472af4bbda8,400000,0,2026-09-26T10:13:29,DIAGNOSTIC
w43.9_m1.00_r0.940_T110_P225,depletion_widening_rel_4154,0.0143258,,,PASS,"what a transit fit reads from the surviving kernel after the natural Lorentzian, over the bare one: the factor the fit carries",6a468472af4bbda8,400000,0,2026-09-26T10:13:29,DIAGNOSTIC
w43.9_m1.00_r0.940_T110_P225,depletion_widening_rel_4121,0.0152484,,,PASS,"what a transit fit reads from the surviving kernel after the natural Lorentzian, over the bare one: the factor the fit carries",6a468472af4bbda8,400000,0,2026-09-26T10:13:29,DIAGNOSTIC
w43.9_m1.00_r0.940_T110_P225,depletion_fwhm_rel_4207,0.0780476,,,PASS,"the surviving transit kernel's FWHM over the bare collected kernel's, the core-flattening diagnostic",6a468472af4bbda8,400000,0,2026-09-26T10:13:29,DIAGNOSTIC
w43.9_m1.00_r0.940_T110_P225,depletion_fwhm_rel_4192,0.0839784,,,PASS,"the surviving transit kernel's FWHM over the bare collected kernel's, the core-flattening diagnostic",6a468472af4bbda8,400000,0,2026-09-26T10:13:29,DIAGNOSTIC
w43.9_m1.00_r0.940_T110_P225,depletion_fwhm_rel_4154,0.105658,,,PASS,"the surviving transit kernel's FWHM over the bare collected kernel's, the core-flattening diagnostic",6a468472af4bbda8,400000,0,2026-09-26T10:13:29,DIAGNOSTIC
w43.9_m1.00_r0.940_T110_P225,depletion_fwhm_rel_4121,0.110643,,,PASS,"the surviving transit kernel's FWHM over the bare collected kernel's, the core-flattening diagnostic",6a468472af4bbda8,400000,0,2026-09-26T10:13:29,DIAGNOSTIC
w43.9_m1.00_r0.940_T110_P225,shares_shift_abs,0.00220482,,,PASS,the largest move of a line's share from the thermal law to the depleted one: the physical shift,6a468472af4bbda8,400000,0,2026-09-26T10:13:29,DIAGNOSTIC
w43.9_m1.00_r0.940_T110_P225,cycles_on_axis,0.235068,,,PASS,excitation cycles on the central chord at the mean transverse speed,6a468472af4bbda8,400000,0,2026-09-26T10:13:29,DIAGNOSTIC
w43.9_m1.00_r0.940_T110_P225,cycles_mean_over_chords,0.0360013,,,PASS,the flux-weighted mean over every chord,6a468472af4bbda8,400000,0,2026-09-26T10:13:29,DIAGNOSTIC
w43.9_m1.00_r0.940_T130_P125,transit_fwhm_rel,1.38639,1.38444,,PASS,the Monte Carlo against the form the fit uses at this node,6a468472af4bbda8,400000,0,2026-09-26T10:14:47,DIAGNOSTIC
w43.9_m1.00_r0.940_T130_P125,transit_shape_rel,1.00032,1,,PASS,the Monte Carlo against the form the fit uses at this node,6a468472af4bbda8,400000,0,2026-09-26T10:14:47,DIAGNOSTIC
w43.9_m1.00_r0.940_T130_P125,ramp_mu2_rel,0.0504188,0.0503713,,PASS,the Monte Carlo against the form the fit uses at this node,6a468472af4bbda8,400000,0,2026-09-26T10:14:47,DIAGNOSTIC
w43.9_m1.00_r0.940_T130_P125,ramp_mu3_rel,-0.00660179,-0.00656527,,PASS,the Monte Carlo against the form the fit uses at this node,6a468472af4bbda8,400000,0,2026-09-26T10:14:47,DIAGNOSTIC
w43.9_m1.00_r0.940_T130_P125,amplitude_power_law_abs,1.92595,1.92439,,PASS,the Monte Carlo against the form the fit uses at this node,6a468472af4bbda8,400000,0,2026-09-26T10:14:47,DIAGNOSTIC
w43.9_m1.00_r0.940_T130_P125,shares_abs,0.000231121,0,,PASS,the Monte Carlo against the form the fit uses at this node,6a468472af4bbda8,400000,0,2026-09-26T10:14:47,DIAGNOSTIC
w43.9_m1.00_r0.940_T130_P125,joint_shape_abs,0.00557921,0,,PASS,the Monte Carlo against the form the fit uses at this node,6a468472af4bbda8,400000,0,2026-09-26T10:14:47,DIAGNOSTIC
w43.9_m1.00_r0.940_T130_P125,joint_moment_sigma_abs,2.09888,0,,PASS,the Monte Carlo against the form the fit uses at this node,6a468472af4bbda8,400000,0,2026-09-26T10:14:47,DIAGNOSTIC
w43.9_m1.00_r0.940_T130_P125,depleted_line_abs,0.000452784,0,,PASS,the Monte Carlo against the form the fit uses at this node,6a468472af4bbda8,400000,0,2026-09-26T10:14:47,DIAGNOSTIC
w43.9_m1.00_r0.940_T130_P125,depletion_widening_rel_4207,0.00329876,,,PASS,"what a transit fit reads from the surviving kernel after the natural Lorentzian, over the bare one: the factor the fit carries",6a468472af4bbda8,400000,0,2026-09-26T10:14:47,DIAGNOSTIC
w43.9_m1.00_r0.940_T130_P125,depletion_widening_rel_4192,0.00365158,,,PASS,"what a transit fit reads from the surviving kernel after the natural Lorentzian, over the bare one: the factor the fit carries",6a468472af4bbda8,400000,0,2026-09-26T10:14:47,DIAGNOSTIC
w43.9_m1.00_r0.940_T130_P125,depletion_widening_rel_4154,0.00504207,,,PASS,"what a transit fit reads from the surviving kernel after the natural Lorentzian, over the bare one: the factor the fit carries",6a468472af4bbda8,400000,0,2026-09-26T10:14:47,DIAGNOSTIC
w43.9_m1.00_r0.940_T130_P125,depletion_widening_rel_4121,0.00538483,,,PASS,"what a transit fit reads from the surviving kernel after the natural Lorentzian, over the bare one: the factor the fit carries",6a468472af4bbda8,400000,0,2026-09-26T10:14:47,DIAGNOSTIC
w43.9_m1.00_r0.940_T130_P125,depletion_fwhm_rel_4207,0.0343054,,,PASS,"the surviving transit kernel's FWHM over the bare collected kernel's, the core-flattening diagnostic",6a468472af4bbda8,400000,0,2026-09-26T10:14:47,DIAGNOSTIC
w43.9_m1.00_r0.940_T130_P125,depletion_fwhm_rel_4192,0.0371596,,,PASS,"the surviving transit kernel's FWHM over the bare collected kernel's, the core-flattening diagnostic",6a468472af4bbda8,400000,0,2026-09-26T10:14:47,DIAGNOSTIC
w43.9_m1.00_r0.940_T130_P125,depletion_fwhm_rel_4154,0.0477392,,,PASS,"the surviving transit kernel's FWHM over the bare collected kernel's, the core-flattening diagnostic",6a468472af4bbda8,400000,0,2026-09-26T10:14:47,DIAGNOSTIC
w43.9_m1.00_r0.940_T130_P125,depletion_fwhm_rel_4121,0.0502294,,,PASS,"the surviving transit kernel's FWHM over the bare collected kernel's, the core-flattening diagnostic",6a468472af4bbda8,400000,0,2026-09-26T10:14:47,DIAGNOSTIC
w43.9_m1.00_r0.940_T130_P125,shares_shift_abs,0.000758999,,,PASS,the largest move of a line's share from the thermal law to the depleted one: the physical shift,6a468472af4bbda8,400000,0,2026-09-26T10:14:47,DIAGNOSTIC
w43.9_m1.00_r0.940_T130_P125,cycles_on_axis,0.0770035,,,PASS,excitation cycles on the central chord at the mean transverse speed,6a468472af4bbda8,400000,0,2026-09-26T10:14:47,DIAGNOSTIC
w43.9_m1.00_r0.940_T130_P125,cycles_mean_over_chords,0.0115109,,,PASS,the flux-weighted mean over every chord,6a468472af4bbda8,400000,0,2026-09-26T10:14:47,DIAGNOSTIC
w43.9_m1.00_r0.940_T130_P175,transit_fwhm_rel,1.3864,1.38472,,PASS,the Monte Carlo against the form the fit uses at this node,6a468472af4bbda8,400000,0,2026-09-26T10:14:53,DIAGNOSTIC
w43.9_m1.00_r0.940_T130_P175,transit_shape_rel,1.00031,1,,PASS,the Monte Carlo against the form the fit uses at this node,6a468472af4bbda8,400000,0,2026-09-26T10:14:53,DIAGNOSTIC
w43.9_m1.00_r0.940_T130_P175,ramp_mu2_rel,0.0506908,0.0506407,,PASS,the Monte Carlo against the form the fit uses at this node,6a468472af4bbda8,400000,0,2026-09-26T10:14:53,DIAGNOSTIC
w43.9_m1.00_r0.940_T130_P175,ramp_mu3_rel,-0.00647742,-0.00644124,,PASS,the Monte Carlo against the form the fit uses at this node,6a468472af4bbda8,400000,0,2026-09-26T10:14:53,DIAGNOSTIC
w43.9_m1.00_r0.940_T130_P175,amplitude_power_law_abs,1.86245,1.85936,,PASS,the Monte Carlo against the form the fit uses at this node,6a468472af4bbda8,400000,0,2026-09-26T10:14:53,DIAGNOSTIC
w43.9_m1.00_r0.940_T130_P175,shares_abs,0.000462279,0,,PASS,the Monte Carlo against the form the fit uses at this node,6a468472af4bbda8,400000,0,2026-09-26T10:14:53,DIAGNOSTIC
w43.9_m1.00_r0.940_T130_P175,joint_shape_abs,0.00640057,0,,PASS,the Monte Carlo against the form the fit uses at this node,6a468472af4bbda8,400000,0,2026-09-26T10:14:53,DIAGNOSTIC
w43.9_m1.00_r0.940_T130_P175,joint_moment_sigma_abs,1.98702,0,,PASS,the Monte Carlo against the form the fit uses at this node,6a468472af4bbda8,400000,0,2026-09-26T10:14:53,DIAGNOSTIC
w43.9_m1.00_r0.940_T130_P175,depleted_line_abs,0.000616706,0,,PASS,the Monte Carlo against the form the fit uses at this node,6a468472af4bbda8,400000,0,2026-09-26T10:14:53,DIAGNOSTIC
w43.9_m1.00_r0.940_T130_P175,depletion_widening_rel_4207,0.00608337,,,PASS,"what a transit fit reads from the surviving kernel after the natural Lorentzian, over the bare one: the factor the fit carries",6a468472af4bbda8,400000,0,2026-09-26T10:14:53,DIAGNOSTIC
w43.9_m1.00_r0.940_T130_P175,depletion_widening_rel_4192,0.00672119,,,PASS,"what a transit fit reads from the surviving kernel after the natural Lorentzian, over the bare one: the factor the fit carries",6a468472af4bbda8,400000,0,2026-09-26T10:14:53,DIAGNOSTIC
w43.9_m1.00_r0.940_T130_P175,depletion_widening_rel_4154,0.00921538,,,PASS,"what a transit fit reads from the surviving kernel after the natural Lorentzian, over the bare one: the factor the fit carries",6a468472af4bbda8,400000,0,2026-09-26T10:14:53,DIAGNOSTIC
w43.9_m1.00_r0.940_T130_P175,depletion_widening_rel_4121,0.00982572,,,PASS,"what a transit fit reads from the surviving kernel after the natural Lorentzian, over the bare one: the factor the fit carries",6a468472af4bbda8,400000,0,2026-09-26T10:14:53,DIAGNOSTIC
w43.9_m1.00_r0.940_T130_P175,depletion_fwhm_rel_4207,0.0551924,,,PASS,"the surviving transit kernel's FWHM over the bare collected kernel's, the core-flattening diagnostic",6a468472af4bbda8,400000,0,2026-09-26T10:14:53,DIAGNOSTIC
w43.9_m1.00_r0.940_T130_P175,depletion_fwhm_rel_4192,0.059567,,,PASS,"the surviving transit kernel's FWHM over the bare collected kernel's, the core-flattening diagnostic",6a468472af4bbda8,400000,0,2026-09-26T10:14:53,DIAGNOSTIC
w43.9_m1.00_r0.940_T130_P175,depletion_fwhm_rel_4154,0.0756842,,,PASS,"the surviving transit kernel's FWHM over the bare collected kernel's, the core-flattening diagnostic",6a468472af4bbda8,400000,0,2026-09-26T10:14:53,DIAGNOSTIC
w43.9_m1.00_r0.940_T130_P175,depletion_fwhm_rel_4121,0.0794182,,,PASS,"the surviving transit kernel's FWHM over the bare collected kernel's, the core-flattening diagnostic",6a468472af4bbda8,400000,0,2026-09-26T10:14:53,DIAGNOSTIC
w43.9_m1.00_r0.940_T130_P175,shares_shift_abs,0.00139901,,,PASS,the largest move of a line's share from the thermal law to the depleted one: the physical shift,6a468472af4bbda8,400000,0,2026-09-26T10:14:53,DIAGNOSTIC
w43.9_m1.00_r0.940_T130_P175,cycles_on_axis,0.14536,,,PASS,excitation cycles on the central chord at the mean transverse speed,6a468472af4bbda8,400000,0,2026-09-26T10:14:53,DIAGNOSTIC
w43.9_m1.00_r0.940_T130_P175,cycles_mean_over_chords,0.0219651,,,PASS,the flux-weighted mean over every chord,6a468472af4bbda8,400000,0,2026-09-26T10:14:53,DIAGNOSTIC
w43.9_m1.00_r0.940_T130_P180,transit_fwhm_rel,1.3864,1.38475,,PASS,the Monte Carlo against the form the fit uses at this node,6a468472af4bbda8,400000,0,2026-09-26T10:14:54,DIAGNOSTIC
w43.9_m1.00_r0.940_T130_P180,transit_shape_rel,1.00031,1,,PASS,the Monte Carlo against the form the fit uses at this node,6a468472af4bbda8,400000,0,2026-09-26T10:14:54,DIAGNOSTIC
w43.9_m1.00_r0.940_T130_P180,ramp_mu2_rel,0.0507221,0.0506717,,PASS,the Monte Carlo against the form the fit uses at this node,6a468472af4bbda8,400000,0,2026-09-26T10:14:54,DIAGNOSTIC
w43.9_m1.00_r0.940_T130_P180,ramp_mu3_rel,-0.00646297,-0.00642683,,PASS,the Monte Carlo against the form the fit uses at this node,6a468472af4bbda8,400000,0,2026-09-26T10:14:54,DIAGNOSTIC
w43.9_m1.00_r0.940_T130_P180,amplitude_power_law_abs,1.85536,1.8521,,PASS,the Monte Carlo against the form the fit uses at this node,6a468472af4bbda8,400000,0,2026-09-26T10:14:54,DIAGNOSTIC
w43.9_m1.00_r0.940_T130_P180,shares_abs,0.00048958,0,,PASS,the Monte Carlo against the form the fit uses at this node,6a468472af4bbda8,400000,0,2026-09-26T10:14:54,DIAGNOSTIC
w43.9_m1.00_r0.940_T130_P180,joint_shape_abs,0.00646755,0,,PASS,the Monte Carlo against the form the fit uses at this node,6a468472af4bbda8,400000,0,2026-09-26T10:14:54,DIAGNOSTIC
w43.9_m1.00_r0.940_T130_P180,joint_moment_sigma_abs,2.17192,0,,PASS,the Monte Carlo against the form the fit uses at this node,6a468472af4bbda8,400000,0,2026-09-26T10:14:54,DIAGNOSTIC
w43.9_m1.00_r0.940_T130_P180,depleted_line_abs,0.000634464,0,,PASS,the Monte Carlo against the form the fit uses at this node,6a468472af4bbda8,400000,0,2026-09-26T10:14:54,DIAGNOSTIC
w43.9_m1.00_r0.940_T130_P180,depletion_widening_rel_4207,0.00639324,,,PASS,"what a transit fit reads from the surviving kernel after the natural Lorentzian, over the bare one: the factor the fit carries",6a468472af4bbda8,400000,0,2026-09-26T10:14:54,DIAGNOSTIC
w43.9_m1.00_r0.940_T130_P180,depletion_widening_rel_4192,0.00706218,,,PASS,"what a transit fit reads from the surviving kernel after the natural Lorentzian, over the bare one: the factor the fit carries",6a468472af4bbda8,400000,0,2026-09-26T10:14:54,DIAGNOSTIC
w43.9_m1.00_r0.940_T130_P180,depletion_widening_rel_4154,0.009676,,,PASS,"what a transit fit reads from the surviving kernel after the natural Lorentzian, over the bare one: the factor the fit carries",6a468472af4bbda8,400000,0,2026-09-26T10:14:54,DIAGNOSTIC
w43.9_m1.00_r0.940_T130_P180,depletion_widening_rel_4121,0.0103152,,,PASS,"what a transit fit reads from the surviving kernel after the natural Lorentzian, over the bare one: the factor the fit carries",6a468472af4bbda8,400000,0,2026-09-26T10:14:54,DIAGNOSTIC
w43.9_m1.00_r0.940_T130_P180,depletion_fwhm_rel_4207,0.0573357,,,PASS,"the surviving transit kernel's FWHM over the bare collected kernel's, the core-flattening diagnostic",6a468472af4bbda8,400000,0,2026-09-26T10:14:54,DIAGNOSTIC
w43.9_m1.00_r0.940_T130_P180,depletion_fwhm_rel_4192,0.0618548,,,PASS,"the surviving transit kernel's FWHM over the bare collected kernel's, the core-flattening diagnostic",6a468472af4bbda8,400000,0,2026-09-26T10:14:54,DIAGNOSTIC
w43.9_m1.00_r0.940_T130_P180,depletion_fwhm_rel_4154,0.0785116,,,PASS,"the surviving transit kernel's FWHM over the bare collected kernel's, the core-flattening diagnostic",6a468472af4bbda8,400000,0,2026-09-26T10:14:54,DIAGNOSTIC
w43.9_m1.00_r0.940_T130_P180,depletion_fwhm_rel_4121,0.0823634,,,PASS,"the surviving transit kernel's FWHM over the bare collected kernel's, the core-flattening diagnostic",6a468472af4bbda8,400000,0,2026-09-26T10:14:54,DIAGNOSTIC
w43.9_m1.00_r0.940_T130_P180,shares_shift_abs,0.00147015,,,PASS,the largest move of a line's share from the thermal law to the depleted one: the physical shift,6a468472af4bbda8,400000,0,2026-09-26T10:14:54,DIAGNOSTIC
w43.9_m1.00_r0.940_T130_P180,cycles_on_axis,0.153121,,,PASS,excitation cycles on the central chord at the mean transverse speed,6a468472af4bbda8,400000,0,2026-09-26T10:14:54,DIAGNOSTIC
w43.9_m1.00_r0.940_T130_P180,cycles_mean_over_chords,0.0231664,,,PASS,the flux-weighted mean over every chord,6a468472af4bbda8,400000,0,2026-09-26T10:14:54,DIAGNOSTIC
w43.9_m1.00_r0.940_T130_P225,transit_fwhm_rel,1.38641,1.38506,,PASS,the Monte Carlo against the form the fit uses at this node,6a468472af4bbda8,400000,0,2026-09-26T10:16:09,DIAGNOSTIC
w43.9_m1.00_r0.940_T130_P225,transit_shape_rel,1.00031,1,,PASS,the Monte Carlo against the form the fit uses at this node,6a468472af4bbda8,400000,0,2026-09-26T10:16:09,DIAGNOSTIC
w43.9_m1.00_r0.940_T130_P225,ramp_mu2_rel,0.0510335,0.0509803,,PASS,the Monte Carlo against the form the fit uses at this node,6a468472af4bbda8,400000,0,2026-09-26T10:16:09,DIAGNOSTIC
w43.9_m1.00_r0.940_T130_P225,ramp_mu3_rel,-0.00631755,-0.00628186,,PASS,the Monte Carlo against the form the fit uses at this node,6a468472af4bbda8,400000,0,2026-09-26T10:16:09,DIAGNOSTIC
w43.9_m1.00_r0.940_T130_P225,amplitude_power_law_abs,1.78712,1.78224,,PASS,the Monte Carlo against the form the fit uses at this node,6a468472af4bbda8,400000,0,2026-09-26T10:16:09,DIAGNOSTIC
w43.9_m1.00_r0.940_T130_P225,shares_abs,0.000765902,0,,PASS,the Monte Carlo against the form the fit uses at this node,6a468472af4bbda8,400000,0,2026-09-26T10:16:09,DIAGNOSTIC
w43.9_m1.00_r0.940_T130_P225,joint_shape_abs,0.00720734,0,,PASS,the Monte Carlo against the form the fit uses at this node,6a468472af4bbda8,400000,0,2026-09-26T10:16:09,DIAGNOSTIC
w43.9_m1.00_r0.940_T130_P225,joint_moment_sigma_abs,2.56172,0,,PASS,the Monte Carlo against the form the fit uses at this node,6a468472af4bbda8,400000,0,2026-09-26T10:16:09,DIAGNOSTIC
w43.9_m1.00_r0.940_T130_P225,depleted_line_abs,0.000800927,0,,PASS,the Monte Carlo against the form the fit uses at this node,6a468472af4bbda8,400000,0,2026-09-26T10:16:09,DIAGNOSTIC
w43.9_m1.00_r0.940_T130_P225,depletion_widening_rel_4207,0.00937211,,,PASS,"what a transit fit reads from the surviving kernel after the natural Lorentzian, over the bare one: the factor the fit carries",6a468472af4bbda8,400000,0,2026-09-26T10:16:09,DIAGNOSTIC
w43.9_m1.00_r0.940_T130_P225,depletion_widening_rel_4192,0.0103347,,,PASS,"what a transit fit reads from the surviving kernel after the natural Lorentzian, over the bare one: the factor the fit carries",6a468472af4bbda8,400000,0,2026-09-26T10:16:09,DIAGNOSTIC
w43.9_m1.00_r0.940_T130_P225,depletion_widening_rel_4154,0.0140703,,,PASS,"what a transit fit reads from the surviving kernel after the natural Lorentzian, over the bare one: the factor the fit carries",6a468472af4bbda8,400000,0,2026-09-26T10:16:09,DIAGNOSTIC
w43.9_m1.00_r0.940_T130_P225,depletion_widening_rel_4121,0.0149778,,,PASS,"what a transit fit reads from the surviving kernel after the natural Lorentzian, over the bare one: the factor the fit carries",6a468472af4bbda8,400000,0,2026-09-26T10:16:09,DIAGNOSTIC
w43.9_m1.00_r0.940_T130_P225,depletion_fwhm_rel_4207,0.0766728,,,PASS,"the surviving transit kernel's FWHM over the bare collected kernel's, the core-flattening diagnostic",6a468472af4bbda8,400000,0,2026-09-26T10:16:09,DIAGNOSTIC
w43.9_m1.00_r0.940_T130_P225,depletion_fwhm_rel_4192,0.0825019,,,PASS,"the surviving transit kernel's FWHM over the bare collected kernel's, the core-flattening diagnostic",6a468472af4bbda8,400000,0,2026-09-26T10:16:09,DIAGNOSTIC
w43.9_m1.00_r0.940_T130_P225,depletion_fwhm_rel_4154,0.103865,,,PASS,"the surviving transit kernel's FWHM over the bare collected kernel's, the core-flattening diagnostic",6a468472af4bbda8,400000,0,2026-09-26T10:16:09,DIAGNOSTIC
w43.9_m1.00_r0.940_T130_P225,depletion_fwhm_rel_4121,0.108784,,,PASS,"the surviving transit kernel's FWHM over the bare collected kernel's, the core-flattening diagnostic",6a468472af4bbda8,400000,0,2026-09-26T10:16:09,DIAGNOSTIC
w43.9_m1.00_r0.940_T130_P225,shares_shift_abs,0.00215341,,,PASS,the largest move of a line's share from the thermal law to the depleted one: the physical shift,6a468472af4bbda8,400000,0,2026-09-26T10:16:09,DIAGNOSTIC
w43.9_m1.00_r0.940_T130_P225,cycles_on_axis,0.229163,,,PASS,excitation cycles on the central chord at the mean transverse speed,6a468472af4bbda8,400000,0,2026-09-26T10:16:09,DIAGNOSTIC
w43.9_m1.00_r0.940_T130_P225,cycles_mean_over_chords,0.035097,,,PASS,the flux-weighted mean over every chord,6a468472af4bbda8,400000,0,2026-09-26T10:16:09,DIAGNOSTIC
w43.9_m1.00_r0.940_T130_P25,transit_fwhm_rel,1.38639,1.38414,,PASS,the Monte Carlo against the form the fit uses at this node,6a468472af4bbda8,400000,0,2026-09-26T10:16:16,DIAGNOSTIC
w43.9_m1.00_r0.940_T130_P25,transit_shape_rel,1.00032,1,,PASS,the Monte Carlo against the form the fit uses at this node,6a468472af4bbda8,400000,0,2026-09-26T10:16:16,DIAGNOSTIC
w43.9_m1.00_r0.940_T130_P25,ramp_mu2_rel,0.0501326,0.0500878,,PASS,the Monte Carlo against the form the fit uses at this node,6a468472af4bbda8,400000,0,2026-09-26T10:16:16,DIAGNOSTIC
w43.9_m1.00_r0.940_T130_P25,ramp_mu3_rel,-0.0067303,-0.00669346,,PASS,the Monte Carlo against the form the fit uses at this node,6a468472af4bbda8,400000,0,2026-09-26T10:16:16,DIAGNOSTIC
w43.9_m1.00_r0.940_T130_P25,amplitude_power_law_abs,1.99686,1.9968,,PASS,the Monte Carlo against the form the fit uses at this node,6a468472af4bbda8,400000,0,2026-09-26T10:16:16,DIAGNOSTIC
w43.9_m1.00_r0.940_T130_P25,shares_abs,8.58198e-06,0,,PASS,the Monte Carlo against the form the fit uses at this node,6a468472af4bbda8,400000,0,2026-09-26T10:16:16,DIAGNOSTIC
w43.9_m1.00_r0.940_T130_P25,joint_shape_abs,0.00406906,0,,PASS,the Monte Carlo against the form the fit uses at this node,6a468472af4bbda8,400000,0,2026-09-26T10:16:16,DIAGNOSTIC
w43.9_m1.00_r0.940_T130_P25,joint_moment_sigma_abs,1.27684,0,,PASS,the Monte Carlo against the form the fit uses at this node,6a468472af4bbda8,400000,0,2026-09-26T10:16:16,DIAGNOSTIC
w43.9_m1.00_r0.940_T130_P25,depleted_line_abs,0.000254826,0,,PASS,the Monte Carlo against the form the fit uses at this node,6a468472af4bbda8,400000,0,2026-09-26T10:16:16,DIAGNOSTIC
w43.9_m1.00_r0.940_T130_P25,depletion_widening_rel_4207,0.000144323,,,PASS,"what a transit fit reads from the surviving kernel after the natural Lorentzian, over the bare one: the factor the fit carries",6a468472af4bbda8,400000,0,2026-09-26T10:16:16,DIAGNOSTIC
w43.9_m1.00_r0.940_T130_P25,depletion_widening_rel_4192,0.000160191,,,PASS,"what a transit fit reads from the surviving kernel after the natural Lorentzian, over the bare one: the factor the fit carries",6a468472af4bbda8,400000,0,2026-09-26T10:16:16,DIAGNOSTIC
w43.9_m1.00_r0.940_T130_P25,depletion_widening_rel_4154,0.000223493,,,PASS,"what a transit fit reads from the surviving kernel after the natural Lorentzian, over the bare one: the factor the fit carries",6a468472af4bbda8,400000,0,2026-09-26T10:16:16,DIAGNOSTIC
w43.9_m1.00_r0.940_T130_P25,depletion_widening_rel_4121,0.000239282,,,PASS,"what a transit fit reads from the surviving kernel after the natural Lorentzian, over the bare one: the factor the fit carries",6a468472af4bbda8,400000,0,2026-09-26T10:16:16,DIAGNOSTIC
w43.9_m1.00_r0.940_T130_P25,depletion_fwhm_rel_4207,0.00259081,,,PASS,"the surviving transit kernel's FWHM over the bare collected kernel's, the core-flattening diagnostic",6a468472af4bbda8,400000,0,2026-09-26T10:16:16,DIAGNOSTIC
w43.9_m1.00_r0.940_T130_P25,depletion_fwhm_rel_4192,0.00283347,,,PASS,"the surviving transit kernel's FWHM over the bare collected kernel's, the core-flattening diagnostic",6a468472af4bbda8,400000,0,2026-09-26T10:16:16,DIAGNOSTIC
w43.9_m1.00_r0.940_T130_P25,depletion_fwhm_rel_4154,0.00376607,,,PASS,"the surviving transit kernel's FWHM over the bare collected kernel's, the core-flattening diagnostic",6a468472af4bbda8,400000,0,2026-09-26T10:16:16,DIAGNOSTIC
w43.9_m1.00_r0.940_T130_P25,depletion_fwhm_rel_4121,0.00399121,,,PASS,"the surviving transit kernel's FWHM over the bare collected kernel's, the core-flattening diagnostic",6a468472af4bbda8,400000,0,2026-09-26T10:16:16,DIAGNOSTIC
w43.9_m1.00_r0.940_T130_P25,shares_shift_abs,3.28042e-05,,,PASS,the largest move of a line's share from the thermal law to the depleted one: the physical shift,6a468472af4bbda8,400000,0,2026-09-26T10:16:16,DIAGNOSTIC
w43.9_m1.00_r0.940_T130_P25,cycles_on_axis,0.00320431,,,PASS,excitation cycles on the central chord at the mean transverse speed,6a468472af4bbda8,400000,0,2026-09-26T10:16:16,DIAGNOSTIC
w43.9_m1.00_r0.940_T130_P25,cycles_mean_over_chords,0.000473522,,,PASS,the flux-weighted mean over every chord,6a468472af4bbda8,400000,0,2026-09-26T10:16:16,DIAGNOSTIC
w43.9_m1.00_r0.940_T130_P270,transit_fwhm_rel,1.38642,1.3854,,PASS,the Monte Carlo against the form the fit uses at this node,6a468472af4bbda8,400000,0,2026-09-26T10:16:17,DIAGNOSTIC
w43.9_m1.00_r0.940_T130_P270,transit_shape_rel,1.00031,1,,PASS,the Monte Carlo against the form the fit uses at this node,6a468472af4bbda8,400000,0,2026-09-26T10:16:17,DIAGNOSTIC
w43.9_m1.00_r0.940_T130_P270,ramp_mu2_rel,0.0513914,0.051335,,PASS,the Monte Carlo against the form the fit uses at this node,6a468472af4bbda8,400000,0,2026-09-26T10:16:17,DIAGNOSTIC
w43.9_m1.00_r0.940_T130_P270,ramp_mu3_rel,-0.00614684,-0.00611174,,PASS,the Monte Carlo against the form the fit uses at this node,6a468472af4bbda8,400000,0,2026-09-26T10:16:17,DIAGNOSTIC
w43.9_m1.00_r0.940_T130_P270,amplitude_power_law_abs,1.71343,1.70699,,PASS,the Monte Carlo against the form the fit uses at this node,6a468472af4bbda8,400000,0,2026-09-26T10:16:17,DIAGNOSTIC
w43.9_m1.00_r0.940_T130_P270,shares_abs,0.00108916,0,,PASS,the Monte Carlo against the form the fit uses at this node,6a468472af4bbda8,400000,0,2026-09-26T10:16:17,DIAGNOSTIC
w43.9_m1.00_r0.940_T130_P270,joint_shape_abs,0.00795139,0,,PASS,the Monte Carlo against the form the fit uses at this node,6a468472af4bbda8,400000,0,2026-09-26T10:16:17,DIAGNOSTIC
w43.9_m1.00_r0.940_T130_P270,joint_moment_sigma_abs,1.99815,0,,PASS,the Monte Carlo against the form the fit uses at this node,6a468472af4bbda8,400000,0,2026-09-26T10:16:17,DIAGNOSTIC
w43.9_m1.00_r0.940_T130_P270,depleted_line_abs,0.000973031,0,,PASS,the Monte Carlo against the form the fit uses at this node,6a468472af4bbda8,400000,0,2026-09-26T10:16:17,DIAGNOSTIC
w43.9_m1.00_r0.940_T130_P270,depletion_widening_rel_4207,0.0125902,,,PASS,"what a transit fit reads from the surviving kernel after the natural Lorentzian, over the bare one: the factor the fit carries",6a468472af4bbda8,400000,0,2026-09-26T10:16:17,DIAGNOSTIC
w43.9_m1.00_r0.940_T130_P270,depletion_widening_rel_4192,0.01386,,,PASS,"what a transit fit reads from the surviving kernel after the natural Lorentzian, over the bare one: the factor the fit carries",6a468472af4bbda8,400000,0,2026-09-26T10:16:17,DIAGNOSTIC
w43.9_m1.00_r0.940_T130_P270,depletion_widening_rel_4154,0.0187554,,,PASS,"what a transit fit reads from the surviving kernel after the natural Lorentzian, over the bare one: the factor the fit carries",6a468472af4bbda8,400000,0,2026-09-26T10:16:17,DIAGNOSTIC
w43.9_m1.00_r0.940_T130_P270,depletion_widening_rel_4121,0.0199375,,,PASS,"what a transit fit reads from the surviving kernel after the natural Lorentzian, over the bare one: the factor the fit carries",6a468472af4bbda8,400000,0,2026-09-26T10:16:17,DIAGNOSTIC
w43.9_m1.00_r0.940_T130_P270,depletion_fwhm_rel_4207,0.0956632,,,PASS,"the surviving transit kernel's FWHM over the bare collected kernel's, the core-flattening diagnostic",6a468472af4bbda8,400000,0,2026-09-26T10:16:17,DIAGNOSTIC
w43.9_m1.00_r0.940_T130_P270,depletion_fwhm_rel_4192,0.102742,,,PASS,"the surviving transit kernel's FWHM over the bare collected kernel's, the core-flattening diagnostic",6a468472af4bbda8,400000,0,2026-09-26T10:16:17,DIAGNOSTIC
w43.9_m1.00_r0.940_T130_P270,depletion_fwhm_rel_4154,0.12839,,,PASS,"the surviving transit kernel's FWHM over the bare collected kernel's, the core-flattening diagnostic",6a468472af4bbda8,400000,0,2026-09-26T10:16:17,DIAGNOSTIC
w43.9_m1.00_r0.940_T130_P270,depletion_fwhm_rel_4121,0.134249,,,PASS,"the surviving transit kernel's FWHM over the bare collected kernel's, the core-flattening diagnostic",6a468472af4bbda8,400000,0,2026-09-26T10:16:17,DIAGNOSTIC
w43.9_m1.00_r0.940_T130_P270,shares_shift_abs,0.00289039,,,PASS,the largest move of a line's share from the thermal law to the depleted one: the physical shift,6a468472af4bbda8,400000,0,2026-09-26T10:16:17,DIAGNOSTIC
w43.9_m1.00_r0.940_T130_P270,cycles_on_axis,0.314029,,,PASS,excitation cycles on the central chord at the mean transverse speed,6a468472af4bbda8,400000,0,2026-09-26T10:16:17,DIAGNOSTIC
w43.9_m1.00_r0.940_T130_P270,cycles_mean_over_chords,0.0487651,,,PASS,the flux-weighted mean over every chord,6a468472af4bbda8,400000,0,2026-09-26T10:16:17,DIAGNOSTIC
w43.9_m1.00_r0.940_T130_P75,transit_fwhm_rel,1.38639,1.38424,,PASS,the Monte Carlo against the form the fit uses at this node,6a468472af4bbda8,400000,0,2026-09-26T10:17:32,DIAGNOSTIC
w43.9_m1.00_r0.940_T130_P75,transit_shape_rel,1.00032,1,,PASS,the Monte Carlo against the form the fit uses at this node,6a468472af4bbda8,400000,0,2026-09-26T10:17:32,DIAGNOSTIC
w43.9_m1.00_r0.940_T130_P75,ramp_mu2_rel,0.0502297,0.050184,,PASS,the Monte Carlo against the form the fit uses at this node,6a468472af4bbda8,400000,0,2026-09-26T10:17:32,DIAGNOSTIC
w43.9_m1.00_r0.940_T130_P75,ramp_mu3_rel,-0.00668698,-0.00665025,,PASS,the Monte Carlo against the form the fit uses at this node,6a468472af4bbda8,400000,0,2026-09-26T10:17:32,DIAGNOSTIC
w43.9_m1.00_r0.940_T130_P75,amplitude_power_law_abs,1.97229,1.97176,,PASS,the Monte Carlo against the form the fit uses at this node,6a468472af4bbda8,400000,0,2026-09-26T10:17:32,DIAGNOSTIC
w43.9_m1.00_r0.940_T130_P75,shares_abs,8.02958e-05,0,,PASS,the Monte Carlo against the form the fit uses at this node,6a468472af4bbda8,400000,0,2026-09-26T10:17:32,DIAGNOSTIC
w43.9_m1.00_r0.940_T130_P75,joint_shape_abs,0.00480492,0,,PASS,the Monte Carlo against the form the fit uses at this node,6a468472af4bbda8,400000,0,2026-09-26T10:17:32,DIAGNOSTIC
w43.9_m1.00_r0.940_T130_P75,joint_moment_sigma_abs,1.53727,0,,PASS,the Monte Carlo against the form the fit uses at this node,6a468472af4bbda8,400000,0,2026-09-26T10:17:32,DIAGNOSTIC
w43.9_m1.00_r0.940_T130_P75,depleted_line_abs,0.000326009,0,,PASS,the Monte Carlo against the form the fit uses at this node,6a468472af4bbda8,400000,0,2026-09-26T10:17:32,DIAGNOSTIC
w43.9_m1.00_r0.940_T130_P75,depletion_widening_rel_4207,0.00124742,,,PASS,"what a transit fit reads from the surviving kernel after the natural Lorentzian, over the bare one: the factor the fit carries",6a468472af4bbda8,400000,0,2026-09-26T10:17:32,DIAGNOSTIC
w43.9_m1.00_r0.940_T130_P75,depletion_widening_rel_4192,0.00138315,,,PASS,"what a transit fit reads from the surviving kernel after the natural Lorentzian, over the bare one: the factor the fit carries",6a468472af4bbda8,400000,0,2026-09-26T10:17:32,DIAGNOSTIC
w43.9_m1.00_r0.940_T130_P75,depletion_widening_rel_4154,0.00192195,,,PASS,"what a transit fit reads from the surviving kernel after the natural Lorentzian, over the bare one: the factor the fit carries",6a468472af4bbda8,400000,0,2026-09-26T10:17:32,DIAGNOSTIC
w43.9_m1.00_r0.940_T130_P75,depletion_widening_rel_4121,0.00205569,,,PASS,"what a transit fit reads from the surviving kernel after the natural Lorentzian, over the bare one: the factor the fit carries",6a468472af4bbda8,400000,0,2026-09-26T10:17:32,DIAGNOSTIC
w43.9_m1.00_r0.940_T130_P75,depletion_fwhm_rel_4207,0.0157485,,,PASS,"the surviving transit kernel's FWHM over the bare collected kernel's, the core-flattening diagnostic",6a468472af4bbda8,400000,0,2026-09-26T10:17:32,DIAGNOSTIC
w43.9_m1.00_r0.940_T130_P75,depletion_fwhm_rel_4192,0.0171338,,,PASS,"the surviving transit kernel's FWHM over the bare collected kernel's, the core-flattening diagnostic",6a468472af4bbda8,400000,0,2026-09-26T10:17:32,DIAGNOSTIC
w43.9_m1.00_r0.940_T130_P75,depletion_fwhm_rel_4154,0.0223514,,,PASS,"the surviving transit kernel's FWHM over the bare collected kernel's, the core-flattening diagnostic",6a468472af4bbda8,400000,0,2026-09-26T10:17:32,DIAGNOSTIC
w43.9_m1.00_r0.940_T130_P75,depletion_fwhm_rel_4121,0.023588,,,PASS,"the surviving transit kernel's FWHM over the bare collected kernel's, the core-flattening diagnostic",6a468472af4bbda8,400000,0,2026-09-26T10:17:32,DIAGNOSTIC
w43.9_m1.00_r0.940_T130_P75,shares_shift_abs,0.00028666,,,PASS,the largest move of a line's share from the thermal law to the depleted one: the physical shift,6a468472af4bbda8,400000,0,2026-09-26T10:17:32,DIAGNOSTIC
w43.9_m1.00_r0.940_T130_P75,cycles_on_axis,0.0284549,,,PASS,excitation cycles on the central chord at the mean transverse speed,6a468472af4bbda8,400000,0,2026-09-26T10:17:32,DIAGNOSTIC
w43.9_m1.00_r0.940_T130_P75,cycles_mean_over_chords,0.00422145,,,PASS,the flux-weighted mean over every chord,6a468472af4bbda8,400000,0,2026-09-26T10:17:32,DIAGNOSTIC
w43.9_m1.00_r0.940_T130_P90,transit_fwhm_rel,1.38639,1.38429,,PASS,the Monte Carlo against the form the fit uses at this node,6a468472af4bbda8,400000,0,2026-09-26T10:17:40,DIAGNOSTIC
w43.9_m1.00_r0.940_T130_P90,transit_shape_rel,1.00032,1,,PASS,the Monte Carlo against the form the fit uses at this node,6a468472af4bbda8,400000,0,2026-09-26T10:17:40,DIAGNOSTIC
w43.9_m1.00_r0.940_T130_P90,ramp_mu2_rel,0.0502771,0.0502309,,PASS,the Monte Carlo against the form the fit uses at this node,6a468472af4bbda8,400000,0,2026-09-26T10:17:40,DIAGNOSTIC
w43.9_m1.00_r0.940_T130_P90,ramp_mu3_rel,-0.00666572,-0.00662904,,PASS,the Monte Carlo against the form the fit uses at this node,6a468472af4bbda8,400000,0,2026-09-26T10:17:40,DIAGNOSTIC
w43.9_m1.00_r0.940_T130_P90,amplitude_power_law_abs,1.96049,1.95971,,PASS,the Monte Carlo against the form the fit uses at this node,6a468472af4bbda8,400000,0,2026-09-26T10:17:40,DIAGNOSTIC
w43.9_m1.00_r0.940_T130_P90,shares_abs,0.000117002,0,,PASS,the Monte Carlo against the form the fit uses at this node,6a468472af4bbda8,400000,0,2026-09-26T10:17:40,DIAGNOSTIC
w43.9_m1.00_r0.940_T130_P90,joint_shape_abs,0.00504074,0,,PASS,the Monte Carlo against the form the fit uses at this node,6a468472af4bbda8,400000,0,2026-09-26T10:17:40,DIAGNOSTIC
w43.9_m1.00_r0.940_T130_P90,joint_moment_sigma_abs,1.5806,0,,PASS,the Monte Carlo against the form the fit uses at this node,6a468472af4bbda8,400000,0,2026-09-26T10:17:40,DIAGNOSTIC
w43.9_m1.00_r0.940_T130_P90,depleted_line_abs,0.000359038,0,,PASS,the Monte Carlo against the form the fit uses at this node,6a468472af4bbda8,400000,0,2026-09-26T10:17:40,DIAGNOSTIC
w43.9_m1.00_r0.940_T130_P90,depletion_widening_rel_4207,0.00177227,,,PASS,"what a transit fit reads from the surviving kernel after the natural Lorentzian, over the bare one: the factor the fit carries",6a468472af4bbda8,400000,0,2026-09-26T10:17:40,DIAGNOSTIC
w43.9_m1.00_r0.940_T130_P90,depletion_widening_rel_4192,0.00196421,,,PASS,"what a transit fit reads from the surviving kernel after the natural Lorentzian, over the bare one: the factor the fit carries",6a468472af4bbda8,400000,0,2026-09-26T10:17:40,DIAGNOSTIC
w43.9_m1.00_r0.940_T130_P90,depletion_widening_rel_4154,0.00272459,,,PASS,"what a transit fit reads from the surviving kernel after the natural Lorentzian, over the bare one: the factor the fit carries",6a468472af4bbda8,400000,0,2026-09-26T10:17:40,DIAGNOSTIC
w43.9_m1.00_r0.940_T130_P90,depletion_widening_rel_4121,0.00291296,,,PASS,"what a transit fit reads from the surviving kernel after the natural Lorentzian, over the bare one: the factor the fit carries",6a468472af4bbda8,400000,0,2026-09-26T10:17:40,DIAGNOSTIC
w43.9_m1.00_r0.940_T130_P90,depletion_fwhm_rel_4207,0.0209426,,,PASS,"the surviving transit kernel's FWHM over the bare collected kernel's, the core-flattening diagnostic",6a468472af4bbda8,400000,0,2026-09-26T10:17:40,DIAGNOSTIC
w43.9_m1.00_r0.940_T130_P90,depletion_fwhm_rel_4192,0.0227452,,,PASS,"the surviving transit kernel's FWHM over the bare collected kernel's, the core-flattening diagnostic",6a468472af4bbda8,400000,0,2026-09-26T10:17:40,DIAGNOSTIC
w43.9_m1.00_r0.940_T130_P90,depletion_fwhm_rel_4154,0.0294997,,,PASS,"the surviving transit kernel's FWHM over the bare collected kernel's, the core-flattening diagnostic",6a468472af4bbda8,400000,0,2026-09-26T10:17:40,DIAGNOSTIC
w43.9_m1.00_r0.940_T130_P90,depletion_fwhm_rel_4121,0.0310931,,,PASS,"the surviving transit kernel's FWHM over the bare collected kernel's, the core-flattening diagnostic",6a468472af4bbda8,400000,0,2026-09-26T10:17:40,DIAGNOSTIC
w43.9_m1.00_r0.940_T130_P90,shares_shift_abs,0.000407575,,,PASS,the largest move of a line's share from the thermal law to the depleted one: the physical shift,6a468472af4bbda8,400000,0,2026-09-26T10:17:40,DIAGNOSTIC
w43.9_m1.00_r0.940_T130_P90,cycles_on_axis,0.0407076,,,PASS,excitation cycles on the central chord at the mean transverse speed,6a468472af4bbda8,400000,0,2026-09-26T10:17:40,DIAGNOSTIC
w43.9_m1.00_r0.940_T130_P90,cycles_mean_over_chords,0.00605075,,,PASS,the flux-weighted mean over every chord,6a468472af4bbda8,400000,0,2026-09-26T10:17:40,DIAGNOSTIC
w43.9_m1.00_r0.940_T70_P225,transit_fwhm_rel,1.27909,1.27784,,PASS,the Monte Carlo against the form the fit uses at this node,6a468472af4bbda8,400000,0,2026-09-26T10:17:42,DIAGNOSTIC
w43.9_m1.00_r0.940_T70_P225,transit_shape_rel,1.00031,1,,PASS,the Monte Carlo against the form the fit uses at this node,6a468472af4bbda8,400000,0,2026-09-26T10:17:42,DIAGNOSTIC
w43.9_m1.00_r0.940_T70_P225,ramp_mu2_rel,0.0510335,0.0509803,,PASS,the Monte Carlo against the form the fit uses at this node,6a468472af4bbda8,400000,0,2026-09-26T10:17:42,DIAGNOSTIC
w43.9_m1.00_r0.940_T70_P225,ramp_mu3_rel,-0.00631755,-0.00628186,,PASS,the Monte Carlo against the form the fit uses at this node,6a468472af4bbda8,400000,0,2026-09-26T10:17:42,DIAGNOSTIC
w43.9_m1.00_r0.940_T70_P225,amplitude_power_law_abs,1.78336,1.77804,,PASS,the Monte Carlo against the form the fit uses at this node,6a468472af4bbda8,400000,0,2026-09-26T10:17:42,DIAGNOSTIC
w43.9_m1.00_r0.940_T70_P225,shares_abs,0.000840279,0,,PASS,the Monte Carlo against the form the fit uses at this node,6a468472af4bbda8,400000,0,2026-09-26T10:17:42,DIAGNOSTIC
w43.9_m1.00_r0.940_T70_P225,joint_shape_abs,0.0071192,0,,PASS,the Monte Carlo against the form the fit uses at this node,6a468472af4bbda8,400000,0,2026-09-26T10:17:42,DIAGNOSTIC
w43.9_m1.00_r0.940_T70_P225,joint_moment_sigma_abs,2.35284,0,,PASS,the Monte Carlo against the form the fit uses at this node,6a468472af4bbda8,400000,0,2026-09-26T10:17:42,DIAGNOSTIC
w43.9_m1.00_r0.940_T70_P225,depleted_line_abs,0.000737678,0,,PASS,the Monte Carlo against the form the fit uses at this node,6a468472af4bbda8,400000,0,2026-09-26T10:17:42,DIAGNOSTIC
w43.9_m1.00_r0.940_T70_P225,depletion_widening_rel_4207,0.00993757,,,PASS,"what a transit fit reads from the surviving kernel after the natural Lorentzian, over the bare one: the factor the fit carries",6a468472af4bbda8,400000,0,2026-09-26T10:17:42,DIAGNOSTIC
w43.9_m1.00_r0.940_T70_P225,depletion_widening_rel_4192,0.0109545,,,PASS,"what a transit fit reads from the surviving kernel after the natural Lorentzian, over the bare one: the factor the fit carries",6a468472af4bbda8,400000,0,2026-09-26T10:17:42,DIAGNOSTIC
w43.9_m1.00_r0.940_T70_P225,depletion_widening_rel_4154,0.0148952,,,PASS,"what a transit fit reads from the surviving kernel after the natural Lorentzian, over the bare one: the factor the fit carries",6a468472af4bbda8,400000,0,2026-09-26T10:17:42,DIAGNOSTIC
w43.9_m1.00_r0.940_T70_P225,depletion_widening_rel_4121,0.0158514,,,PASS,"what a transit fit reads from the surviving kernel after the natural Lorentzian, over the bare one: the factor the fit carries",6a468472af4bbda8,400000,0,2026-09-26T10:17:42,DIAGNOSTIC
w43.9_m1.00_r0.940_T70_P225,depletion_fwhm_rel_4207,0.0810967,,,PASS,"the surviving transit kernel's FWHM over the bare collected kernel's, the core-flattening diagnostic",6a468472af4bbda8,400000,0,2026-09-26T10:17:42,DIAGNOSTIC
w43.9_m1.00_r0.940_T70_P225,depletion_fwhm_rel_4192,0.0872512,,,PASS,"the surviving transit kernel's FWHM over the bare collected kernel's, the core-flattening diagnostic",6a468472af4bbda8,400000,0,2026-09-26T10:17:42,DIAGNOSTIC
w43.9_m1.00_r0.940_T70_P225,depletion_fwhm_rel_4154,0.109627,,,PASS,"the surviving transit kernel's FWHM over the bare collected kernel's, the core-flattening diagnostic",6a468472af4bbda8,400000,0,2026-09-26T10:17:42,DIAGNOSTIC
w43.9_m1.00_r0.940_T70_P225,depletion_fwhm_rel_4121,0.114755,,,PASS,"the surviving transit kernel's FWHM over the bare collected kernel's, the core-flattening diagnostic",6a468472af4bbda8,400000,0,2026-09-26T10:17:42,DIAGNOSTIC
w43.9_m1.00_r0.940_T70_P225,shares_shift_abs,0.00232024,,,PASS,the largest move of a line's share from the thermal law to the depleted one: the physical shift,6a468472af4bbda8,400000,0,2026-09-26T10:17:42,DIAGNOSTIC
w43.9_m1.00_r0.940_T70_P225,cycles_on_axis,0.248391,,,PASS,excitation cycles on the central chord at the mean transverse speed,6a468472af4bbda8,400000,0,2026-09-26T10:17:42,DIAGNOSTIC
w43.9_m1.00_r0.940_T70_P225,cycles_mean_over_chords,0.0380418,,,PASS,the flux-weighted mean over every chord,6a468472af4bbda8,400000,0,2026-09-26T10:17:42,DIAGNOSTIC
w43.9_m1.00_r0.940_T90_P225,transit_fwhm_rel,1.31583,1.31455,,PASS,the Monte Carlo against the form the fit uses at this node,6a468472af4bbda8,400000,0,2026-09-26T10:18:56,DIAGNOSTIC
w43.9_m1.00_r0.940_T90_P225,transit_shape_rel,1.00031,1,,PASS,the Monte Carlo against the form the fit uses at this node,6a468472af4bbda8,400000,0,2026-09-26T10:18:56,DIAGNOSTIC
w43.9_m1.00_r0.940_T90_P225,ramp_mu2_rel,0.0510335,0.0509803,,PASS,the Monte Carlo against the form the fit uses at this node,6a468472af4bbda8,400000,0,2026-09-26T10:18:56,DIAGNOSTIC
w43.9_m1.00_r0.940_T90_P225,ramp_mu3_rel,-0.00631755,-0.00628186,,PASS,the Monte Carlo against the form the fit uses at this node,6a468472af4bbda8,400000,0,2026-09-26T10:18:56,DIAGNOSTIC
w43.9_m1.00_r0.940_T90_P225,amplitude_power_law_abs,1.78471,1.77955,,PASS,the Monte Carlo against the form the fit uses at this node,6a468472af4bbda8,400000,0,2026-09-26T10:18:56,DIAGNOSTIC
w43.9_m1.00_r0.940_T90_P225,shares_abs,0.00081332,0,,PASS,the Monte Carlo against the form the fit uses at this node,6a468472af4bbda8,400000,0,2026-09-26T10:18:56,DIAGNOSTIC
w43.9_m1.00_r0.940_T90_P225,joint_shape_abs,0.00715066,0,,PASS,the Monte Carlo against the form the fit uses at this node,6a468472af4bbda8,400000,0,2026-09-26T10:18:56,DIAGNOSTIC
w43.9_m1.00_r0.940_T90_P225,joint_moment_sigma_abs,2.42672,0,,PASS,the Monte Carlo against the form the fit uses at this node,6a468472af4bbda8,400000,0,2026-09-26T10:18:56,DIAGNOSTIC
w43.9_m1.00_r0.940_T90_P225,depleted_line_abs,0.000759898,0,,PASS,the Monte Carlo against the form the fit uses at this node,6a468472af4bbda8,400000,0,2026-09-26T10:18:56,DIAGNOSTIC
w43.9_m1.00_r0.940_T90_P225,depletion_widening_rel_4207,0.00973488,,,PASS,"what a transit fit reads from the surviving kernel after the natural Lorentzian, over the bare one: the factor the fit carries",6a468472af4bbda8,400000,0,2026-09-26T10:18:56,DIAGNOSTIC
w43.9_m1.00_r0.940_T90_P225,depletion_widening_rel_4192,0.0107324,,,PASS,"what a transit fit reads from the surviving kernel after the natural Lorentzian, over the bare one: the factor the fit carries",6a468472af4bbda8,400000,0,2026-09-26T10:18:56,DIAGNOSTIC
w43.9_m1.00_r0.940_T90_P225,depletion_widening_rel_4154,0.0145998,,,PASS,"what a transit fit reads from the surviving kernel after the natural Lorentzian, over the bare one: the factor the fit carries",6a468472af4bbda8,400000,0,2026-09-26T10:18:56,DIAGNOSTIC
w43.9_m1.00_r0.940_T90_P225,depletion_widening_rel_4121,0.0155386,,,PASS,"what a transit fit reads from the surviving kernel after the natural Lorentzian, over the bare one: the factor the fit carries",6a468472af4bbda8,400000,0,2026-09-26T10:18:56,DIAGNOSTIC
w43.9_m1.00_r0.940_T90_P225,depletion_fwhm_rel_4207,0.0795181,,,PASS,"the surviving transit kernel's FWHM over the bare collected kernel's, the core-flattening diagnostic",6a468472af4bbda8,400000,0,2026-09-26T10:18:56,DIAGNOSTIC
w43.9_m1.00_r0.940_T90_P225,depletion_fwhm_rel_4192,0.0855571,,,PASS,"the surviving transit kernel's FWHM over the bare collected kernel's, the core-flattening diagnostic",6a468472af4bbda8,400000,0,2026-09-26T10:18:56,DIAGNOSTIC
w43.9_m1.00_r0.940_T90_P225,depletion_fwhm_rel_4154,0.107574,,,PASS,"the surviving transit kernel's FWHM over the bare collected kernel's, the core-flattening diagnostic",6a468472af4bbda8,400000,0,2026-09-26T10:18:56,DIAGNOSTIC
w43.9_m1.00_r0.940_T90_P225,depletion_fwhm_rel_4121,0.112628,,,PASS,"the surviving transit kernel's FWHM over the bare collected kernel's, the core-flattening diagnostic",6a468472af4bbda8,400000,0,2026-09-26T10:18:56,DIAGNOSTIC
w43.9_m1.00_r0.940_T90_P225,shares_shift_abs,0.00226025,,,PASS,the largest move of a line's share from the thermal law to the depleted one: the physical shift,6a468472af4bbda8,400000,0,2026-09-26T10:18:56,DIAGNOSTIC
w43.9_m1.00_r0.940_T90_P225,cycles_on_axis,0.241454,,,PASS,excitation cycles on the central chord at the mean transverse speed,6a468472af4bbda8,400000,0,2026-09-26T10:18:56,DIAGNOSTIC
w43.9_m1.00_r0.940_T90_P225,cycles_mean_over_chords,0.0369794,,,PASS,the flux-weighted mean over every chord,6a468472af4bbda8,400000,0,2026-09-26T10:18:56,DIAGNOSTIC
w44.0_m1.00_r0.940_T110_P225,transit_fwhm_rel,1.34851,1.34724,,PASS,the Monte Carlo against the form the fit uses at this node,6a468472af4bbda8,400000,0,2026-09-26T10:19:03,DIAGNOSTIC
w44.0_m1.00_r0.940_T110_P225,transit_shape_rel,1.00031,1,,PASS,the Monte Carlo against the form the fit uses at this node,6a468472af4bbda8,400000,0,2026-09-26T10:19:03,DIAGNOSTIC
w44.0_m1.00_r0.940_T110_P225,ramp_mu2_rel,0.0510362,0.0509826,,PASS,the Monte Carlo against the form the fit uses at this node,6a468472af4bbda8,400000,0,2026-09-26T10:19:03,DIAGNOSTIC
w44.0_m1.00_r0.940_T110_P225,ramp_mu3_rel,-0.0063176,-0.00628168,,PASS,the Monte Carlo against the form the fit uses at this node,6a468472af4bbda8,400000,0,2026-09-26T10:19:03,DIAGNOSTIC
w44.0_m1.00_r0.940_T110_P225,amplitude_power_law_abs,1.78751,1.7825,,PASS,the Monte Carlo against the form the fit uses at this node,6a468472af4bbda8,400000,0,2026-09-26T10:19:03,DIAGNOSTIC
w44.0_m1.00_r0.940_T110_P225,shares_abs,0.000784073,0,,PASS,the Monte Carlo against the form the fit uses at this node,6a468472af4bbda8,400000,0,2026-09-26T10:19:03,DIAGNOSTIC
w44.0_m1.00_r0.940_T110_P225,joint_shape_abs,0.00712499,0,,PASS,the Monte Carlo against the form the fit uses at this node,6a468472af4bbda8,400000,0,2026-09-26T10:19:03,DIAGNOSTIC
w44.0_m1.00_r0.940_T110_P225,joint_moment_sigma_abs,2.49514,0,,PASS,the Monte Carlo against the form the fit uses at this node,6a468472af4bbda8,400000,0,2026-09-26T10:19:03,DIAGNOSTIC
w44.0_m1.00_r0.940_T110_P225,depleted_line_abs,0.000775514,0,,PASS,the Monte Carlo against the form the fit uses at this node,6a468472af4bbda8,400000,0,2026-09-26T10:19:03,DIAGNOSTIC
w44.0_m1.00_r0.940_T110_P225,depletion_widening_rel_4207,0.00948864,,,PASS,"what a transit fit reads from the surviving kernel after the natural Lorentzian, over the bare one: the factor the fit carries",6a468472af4bbda8,400000,0,2026-09-26T10:19:03,DIAGNOSTIC
w44.0_m1.00_r0.940_T110_P225,depletion_widening_rel_4192,0.0104624,,,PASS,"what a transit fit reads from the surviving kernel after the natural Lorentzian, over the bare one: the factor the fit carries",6a468472af4bbda8,400000,0,2026-09-26T10:19:03,DIAGNOSTIC
w44.0_m1.00_r0.940_T110_P225,depletion_widening_rel_4154,0.0142402,,,PASS,"what a transit fit reads from the surviving kernel after the natural Lorentzian, over the bare one: the factor the fit carries",6a468472af4bbda8,400000,0,2026-09-26T10:19:03,DIAGNOSTIC
w44.0_m1.00_r0.940_T110_P225,depletion_widening_rel_4121,0.0151577,,,PASS,"what a transit fit reads from the surviving kernel after the natural Lorentzian, over the bare one: the factor the fit carries",6a468472af4bbda8,400000,0,2026-09-26T10:19:03,DIAGNOSTIC
w44.0_m1.00_r0.940_T110_P225,depletion_fwhm_rel_4207,0.0777159,,,PASS,"the surviving transit kernel's FWHM over the bare collected kernel's, the core-flattening diagnostic",6a468472af4bbda8,400000,0,2026-09-26T10:19:03,DIAGNOSTIC
w44.0_m1.00_r0.940_T110_P225,depletion_fwhm_rel_4192,0.0836219,,,PASS,"the surviving transit kernel's FWHM over the bare collected kernel's, the core-flattening diagnostic",6a468472af4bbda8,400000,0,2026-09-26T10:19:03,DIAGNOSTIC
w44.0_m1.00_r0.940_T110_P225,depletion_fwhm_rel_4154,0.105226,,,PASS,"the surviving transit kernel's FWHM over the bare collected kernel's, the core-flattening diagnostic",6a468472af4bbda8,400000,0,2026-09-26T10:19:03,DIAGNOSTIC
w44.0_m1.00_r0.940_T110_P225,depletion_fwhm_rel_4121,0.110195,,,PASS,"the surviving transit kernel's FWHM over the bare collected kernel's, the core-flattening diagnostic",6a468472af4bbda8,400000,0,2026-09-26T10:19:03,DIAGNOSTIC
w44.0_m1.00_r0.940_T110_P225,shares_shift_abs,0.0021924,,,PASS,the largest move of a line's share from the thermal law to the depleted one: the physical shift,6a468472af4bbda8,400000,0,2026-09-26T10:19:03,DIAGNOSTIC
w44.0_m1.00_r0.940_T110_P225,cycles_on_axis,0.233715,,,PASS,excitation cycles on the central chord at the mean transverse speed,6a468472af4bbda8,400000,0,2026-09-26T10:19:03,DIAGNOSTIC
w44.0_m1.00_r0.940_T110_P225,cycles_mean_over_chords,0.0357835,,,PASS,the flux-weighted mean over every chord,6a468472af4bbda8,400000,0,2026-09-26T10:19:03,DIAGNOSTIC
w44.0_m1.00_r0.940_T130_P125,transit_fwhm_rel,1.38324,1.38135,,PASS,the Monte Carlo against the form the fit uses at this node,6a468472af4bbda8,400000,0,2026-09-26T10:19:05,DIAGNOSTIC
w44.0_m1.00_r0.940_T130_P125,transit_shape_rel,1.00032,1,,PASS,the Monte Carlo against the form the fit uses at this node,6a468472af4bbda8,400000,0,2026-09-26T10:19:05,DIAGNOSTIC
w44.0_m1.00_r0.940_T130_P125,ramp_mu2_rel,0.0504268,0.0503789,,PASS,the Monte Carlo against the form the fit uses at this node,6a468472af4bbda8,400000,0,2026-09-26T10:19:05,DIAGNOSTIC
w44.0_m1.00_r0.940_T130_P125,ramp_mu3_rel,-0.00659986,-0.00656311,,PASS,the Monte Carlo against the form the fit uses at this node,6a468472af4bbda8,400000,0,2026-09-26T10:19:05,DIAGNOSTIC
w44.0_m1.00_r0.940_T130_P125,amplitude_power_law_abs,1.92655,1.92499,,PASS,the Monte Carlo against the form the fit uses at this node,6a468472af4bbda8,400000,0,2026-09-26T10:19:05,DIAGNOSTIC
w44.0_m1.00_r0.940_T130_P125,shares_abs,0.000229685,0,,PASS,the Monte Carlo against the form the fit uses at this node,6a468472af4bbda8,400000,0,2026-09-26T10:19:05,DIAGNOSTIC
w44.0_m1.00_r0.940_T130_P125,joint_shape_abs,0.00552665,0,,PASS,the Monte Carlo against the form the fit uses at this node,6a468472af4bbda8,400000,0,2026-09-26T10:19:05,DIAGNOSTIC
w44.0_m1.00_r0.940_T130_P125,joint_moment_sigma_abs,2.10725,0,,PASS,the Monte Carlo against the form the fit uses at this node,6a468472af4bbda8,400000,0,2026-09-26T10:19:05,DIAGNOSTIC
w44.0_m1.00_r0.940_T130_P125,depleted_line_abs,0.000450369,0,,PASS,the Monte Carlo against the form the fit uses at this node,6a468472af4bbda8,400000,0,2026-09-26T10:19:05,DIAGNOSTIC
w44.0_m1.00_r0.940_T130_P125,depletion_widening_rel_4207,0.00327584,,,PASS,"what a transit fit reads from the surviving kernel after the natural Lorentzian, over the bare one: the factor the fit carries",6a468472af4bbda8,400000,0,2026-09-26T10:19:05,DIAGNOSTIC
w44.0_m1.00_r0.940_T130_P125,depletion_widening_rel_4192,0.00362627,,,PASS,"what a transit fit reads from the surviving kernel after the natural Lorentzian, over the bare one: the factor the fit carries",6a468472af4bbda8,400000,0,2026-09-26T10:19:05,DIAGNOSTIC
w44.0_m1.00_r0.940_T130_P125,depletion_widening_rel_4154,0.00500743,,,PASS,"what a transit fit reads from the surviving kernel after the natural Lorentzian, over the bare one: the factor the fit carries",6a468472af4bbda8,400000,0,2026-09-26T10:19:05,DIAGNOSTIC
w44.0_m1.00_r0.940_T130_P125,depletion_widening_rel_4121,0.00534792,,,PASS,"what a transit fit reads from the surviving kernel after the natural Lorentzian, over the bare one: the factor the fit carries",6a468472af4bbda8,400000,0,2026-09-26T10:19:05,DIAGNOSTIC
w44.0_m1.00_r0.940_T130_P125,depletion_fwhm_rel_4207,0.03413,,,PASS,"the surviving transit kernel's FWHM over the bare collected kernel's, the core-flattening diagnostic",6a468472af4bbda8,400000,0,2026-09-26T10:19:05,DIAGNOSTIC
w44.0_m1.00_r0.940_T130_P125,depletion_fwhm_rel_4192,0.0369713,,,PASS,"the surviving transit kernel's FWHM over the bare collected kernel's, the core-flattening diagnostic",6a468472af4bbda8,400000,0,2026-09-26T10:19:05,DIAGNOSTIC
w44.0_m1.00_r0.940_T130_P125,depletion_fwhm_rel_4154,0.0475044,,,PASS,"the surviving transit kernel's FWHM over the bare collected kernel's, the core-flattening diagnostic",6a468472af4bbda8,400000,0,2026-09-26T10:19:05,DIAGNOSTIC
w44.0_m1.00_r0.940_T130_P125,depletion_fwhm_rel_4121,0.0499807,,,PASS,"the surviving transit kernel's FWHM over the bare collected kernel's, the core-flattening diagnostic",6a468472af4bbda8,400000,0,2026-09-26T10:19:05,DIAGNOSTIC
w44.0_m1.00_r0.940_T130_P125,shares_shift_abs,0.000754087,,,PASS,the largest move of a line's share from the thermal law to the depleted one: the physical shift,6a468472af4bbda8,400000,0,2026-09-26T10:19:05,DIAGNOSTIC
w44.0_m1.00_r0.940_T130_P125,cycles_on_axis,0.0765075,,,PASS,excitation cycles on the central chord at the mean transverse speed,6a468472af4bbda8,400000,0,2026-09-26T10:19:05,DIAGNOSTIC
w44.0_m1.00_r0.940_T130_P125,cycles_mean_over_chords,0.0114355,,,PASS,the flux-weighted mean over every chord,6a468472af4bbda8,400000,0,2026-09-26T10:19:05,DIAGNOSTIC
w44.0_m1.00_r0.940_T130_P175,transit_fwhm_rel,1.38324,1.38162,,PASS,the Monte Carlo against the form the fit uses at this node,6a468472af4bbda8,400000,0,2026-09-26T10:20:18,DIAGNOSTIC
w44.0_m1.00_r0.940_T130_P175,transit_shape_rel,1.00031,1,,PASS,the Monte Carlo against the form the fit uses at this node,6a468472af4bbda8,400000,0,2026-09-26T10:20:18,DIAGNOSTIC
w44.0_m1.00_r0.940_T130_P175,ramp_mu2_rel,0.0506963,0.0506459,,PASS,the Monte Carlo against the form the fit uses at this node,6a468472af4bbda8,400000,0,2026-09-26T10:20:18,DIAGNOSTIC
w44.0_m1.00_r0.940_T130_P175,ramp_mu3_rel,-0.00647638,-0.00643997,,PASS,the Monte Carlo against the form the fit uses at this node,6a468472af4bbda8,400000,0,2026-09-26T10:20:18,DIAGNOSTIC
w44.0_m1.00_r0.940_T130_P175,amplitude_power_law_abs,1.86351,1.86043,,PASS,the Monte Carlo against the form the fit uses at this node,6a468472af4bbda8,400000,0,2026-09-26T10:20:18,DIAGNOSTIC
w44.0_m1.00_r0.940_T130_P175,shares_abs,0.000459475,0,,PASS,the Monte Carlo against the form the fit uses at this node,6a468472af4bbda8,400000,0,2026-09-26T10:20:18,DIAGNOSTIC
w44.0_m1.00_r0.940_T130_P175,joint_shape_abs,0.00633993,0,,PASS,the Monte Carlo against the form the fit uses at this node,6a468472af4bbda8,400000,0,2026-09-26T10:20:18,DIAGNOSTIC
w44.0_m1.00_r0.940_T130_P175,joint_moment_sigma_abs,1.94917,0,,PASS,the Monte Carlo against the form the fit uses at this node,6a468472af4bbda8,400000,0,2026-09-26T10:20:18,DIAGNOSTIC
w44.0_m1.00_r0.940_T130_P175,depleted_line_abs,0.000612748,0,,PASS,the Monte Carlo against the form the fit uses at this node,6a468472af4bbda8,400000,0,2026-09-26T10:20:18,DIAGNOSTIC
w44.0_m1.00_r0.940_T130_P175,depletion_widening_rel_4207,0.00604348,,,PASS,"what a transit fit reads from the surviving kernel after the natural Lorentzian, over the bare one: the factor the fit carries",6a468472af4bbda8,400000,0,2026-09-26T10:20:18,DIAGNOSTIC
w44.0_m1.00_r0.940_T130_P175,depletion_widening_rel_4192,0.00667728,,,PASS,"what a transit fit reads from the surviving kernel after the natural Lorentzian, over the bare one: the factor the fit carries",6a468472af4bbda8,400000,0,2026-09-26T10:20:18,DIAGNOSTIC
w44.0_m1.00_r0.940_T130_P175,depletion_widening_rel_4154,0.00915599,,,PASS,"what a transit fit reads from the surviving kernel after the natural Lorentzian, over the bare one: the factor the fit carries",6a468472af4bbda8,400000,0,2026-09-26T10:20:18,DIAGNOSTIC
w44.0_m1.00_r0.940_T130_P175,depletion_widening_rel_4121,0.0097626,,,PASS,"what a transit fit reads from the surviving kernel after the natural Lorentzian, over the bare one: the factor the fit carries",6a468472af4bbda8,400000,0,2026-09-26T10:20:18,DIAGNOSTIC
w44.0_m1.00_r0.940_T130_P175,depletion_fwhm_rel_4207,0.0549341,,,PASS,"the surviving transit kernel's FWHM over the bare collected kernel's, the core-flattening diagnostic",6a468472af4bbda8,400000,0,2026-09-26T10:20:18,DIAGNOSTIC
w44.0_m1.00_r0.940_T130_P175,depletion_fwhm_rel_4192,0.0592913,,,PASS,"the surviving transit kernel's FWHM over the bare collected kernel's, the core-flattening diagnostic",6a468472af4bbda8,400000,0,2026-09-26T10:20:18,DIAGNOSTIC
w44.0_m1.00_r0.940_T130_P175,depletion_fwhm_rel_4154,0.0753429,,,PASS,"the surviving transit kernel's FWHM over the bare collected kernel's, the core-flattening diagnostic",6a468472af4bbda8,400000,0,2026-09-26T10:20:18,DIAGNOSTIC
w44.0_m1.00_r0.940_T130_P175,depletion_fwhm_rel_4121,0.0790631,,,PASS,"the surviving transit kernel's FWHM over the bare collected kernel's, the core-flattening diagnostic",6a468472af4bbda8,400000,0,2026-09-26T10:20:18,DIAGNOSTIC
w44.0_m1.00_r0.940_T130_P175,shares_shift_abs,0.0013905,,,PASS,the largest move of a line's share from the thermal law to the depleted one: the physical shift,6a468472af4bbda8,400000,0,2026-09-26T10:20:18,DIAGNOSTIC
w44.0_m1.00_r0.940_T130_P175,cycles_on_axis,0.144469,,,PASS,excitation cycles on the central chord at the mean transverse speed,6a468472af4bbda8,400000,0,2026-09-26T10:20:18,DIAGNOSTIC
w44.0_m1.00_r0.940_T130_P175,cycles_mean_over_chords,0.0218263,,,PASS,the flux-weighted mean over every chord,6a468472af4bbda8,400000,0,2026-09-26T10:20:18,DIAGNOSTIC
w44.0_m1.00_r0.940_T130_P180,transit_fwhm_rel,1.38324,1.38165,,PASS,the Monte Carlo against the form the fit uses at this node,6a468472af4bbda8,400000,0,2026-09-26T10:20:26,DIAGNOSTIC
w44.0_m1.00_r0.940_T130_P180,transit_shape_rel,1.00031,1,,PASS,the Monte Carlo against the form the fit uses at this node,6a468472af4bbda8,400000,0,2026-09-26T10:20:26,DIAGNOSTIC
w44.0_m1.00_r0.940_T130_P180,ramp_mu2_rel,0.0507274,0.0506766,,PASS,the Monte Carlo against the form the fit uses at this node,6a468472af4bbda8,400000,0,2026-09-26T10:20:26,DIAGNOSTIC
w44.0_m1.00_r0.940_T130_P180,ramp_mu3_rel,-0.00646202,-0.00642566,,PASS,the Monte Carlo against the form the fit uses at this node,6a468472af4bbda8,400000,0,2026-09-26T10:20:26,DIAGNOSTIC
w44.0_m1.00_r0.940_T130_P180,amplitude_power_law_abs,1.85647,1.85321,,PASS,the Monte Carlo against the form the fit uses at this node,6a468472af4bbda8,400000,0,2026-09-26T10:20:26,DIAGNOSTIC
w44.0_m1.00_r0.940_T130_P180,shares_abs,0.000486623,0,,PASS,the Monte Carlo against the form the fit uses at this node,6a468472af4bbda8,400000,0,2026-09-26T10:20:26,DIAGNOSTIC
w44.0_m1.00_r0.940_T130_P180,joint_shape_abs,0.00641236,0,,PASS,the Monte Carlo against the form the fit uses at this node,6a468472af4bbda8,400000,0,2026-09-26T10:20:26,DIAGNOSTIC
w44.0_m1.00_r0.940_T130_P180,joint_moment_sigma_abs,2.14999,0,,PASS,the Monte Carlo against the form the fit uses at this node,6a468472af4bbda8,400000,0,2026-09-26T10:20:26,DIAGNOSTIC
w44.0_m1.00_r0.940_T130_P180,depleted_line_abs,0.000630349,0,,PASS,the Monte Carlo against the form the fit uses at this node,6a468472af4bbda8,400000,0,2026-09-26T10:20:26,DIAGNOSTIC
w44.0_m1.00_r0.940_T130_P180,depletion_widening_rel_4207,0.00635159,,,PASS,"what a transit fit reads from the surviving kernel after the natural Lorentzian, over the bare one: the factor the fit carries",6a468472af4bbda8,400000,0,2026-09-26T10:20:26,DIAGNOSTIC
w44.0_m1.00_r0.940_T130_P180,depletion_widening_rel_4192,0.00701634,,,PASS,"what a transit fit reads from the surviving kernel after the natural Lorentzian, over the bare one: the factor the fit carries",6a468472af4bbda8,400000,0,2026-09-26T10:20:26,DIAGNOSTIC
w44.0_m1.00_r0.940_T130_P180,depletion_widening_rel_4154,0.00961408,,,PASS,"what a transit fit reads from the surviving kernel after the natural Lorentzian, over the bare one: the factor the fit carries",6a468472af4bbda8,400000,0,2026-09-26T10:20:26,DIAGNOSTIC
w44.0_m1.00_r0.940_T130_P180,depletion_widening_rel_4121,0.0102494,,,PASS,"what a transit fit reads from the surviving kernel after the natural Lorentzian, over the bare one: the factor the fit carries",6a468472af4bbda8,400000,0,2026-09-26T10:20:26,DIAGNOSTIC
w44.0_m1.00_r0.940_T130_P180,depletion_fwhm_rel_4207,0.0570701,,,PASS,"the surviving transit kernel's FWHM over the bare collected kernel's, the core-flattening diagnostic",6a468472af4bbda8,400000,0,2026-09-26T10:20:26,DIAGNOSTIC
w44.0_m1.00_r0.940_T130_P180,depletion_fwhm_rel_4192,0.0615714,,,PASS,"the surviving transit kernel's FWHM over the bare collected kernel's, the core-flattening diagnostic",6a468472af4bbda8,400000,0,2026-09-26T10:20:26,DIAGNOSTIC
w44.0_m1.00_r0.940_T130_P180,depletion_fwhm_rel_4154,0.0781616,,,PASS,"the surviving transit kernel's FWHM over the bare collected kernel's, the core-flattening diagnostic",6a468472af4bbda8,400000,0,2026-09-26T10:20:26,DIAGNOSTIC
w44.0_m1.00_r0.940_T130_P180,depletion_fwhm_rel_4121,0.0819959,,,PASS,"the surviving transit kernel's FWHM over the bare collected kernel's, the core-flattening diagnostic",6a468472af4bbda8,400000,0,2026-09-26T10:20:26,DIAGNOSTIC
w44.0_m1.00_r0.940_T130_P180,shares_shift_abs,0.00146128,,,PASS,the largest move of a line's share from the thermal law to the depleted one: the physical shift,6a468472af4bbda8,400000,0,2026-09-26T10:20:26,DIAGNOSTIC
w44.0_m1.00_r0.940_T130_P180,cycles_on_axis,0.152188,,,PASS,excitation cycles on the central chord at the mean transverse speed,6a468472af4bbda8,400000,0,2026-09-26T10:20:26,DIAGNOSTIC
w44.0_m1.00_r0.940_T130_P180,cycles_mean_over_chords,0.0230206,,,PASS,the flux-weighted mean over every chord,6a468472af4bbda8,400000,0,2026-09-26T10:20:26,DIAGNOSTIC
w44.0_m1.00_r0.940_T130_P225,transit_fwhm_rel,1.38325,1.38195,,PASS,the Monte Carlo against the form the fit uses at this node,6a468472af4bbda8,400000,0,2026-09-26T10:20:27,DIAGNOSTIC
w44.0_m1.00_r0.940_T130_P225,transit_shape_rel,1.00031,1,,PASS,the Monte Carlo against the form the fit uses at this node,6a468472af4bbda8,400000,0,2026-09-26T10:20:27,DIAGNOSTIC
w44.0_m1.00_r0.940_T130_P225,ramp_mu2_rel,0.0510362,0.0509826,,PASS,the Monte Carlo against the form the fit uses at this node,6a468472af4bbda8,400000,0,2026-09-26T10:20:27,DIAGNOSTIC
w44.0_m1.00_r0.940_T130_P225,ramp_mu3_rel,-0.0063176,-0.00628168,,PASS,the Monte Carlo against the form the fit uses at this node,6a468472af4bbda8,400000,0,2026-09-26T10:20:27,DIAGNOSTIC
w44.0_m1.00_r0.940_T130_P225,amplitude_power_law_abs,1.78866,1.78379,,PASS,the Monte Carlo against the form the fit uses at this node,6a468472af4bbda8,400000,0,2026-09-26T10:20:27,DIAGNOSTIC
w44.0_m1.00_r0.940_T130_P225,shares_abs,0.00076149,0,,PASS,the Monte Carlo against the form the fit uses at this node,6a468472af4bbda8,400000,0,2026-09-26T10:20:27,DIAGNOSTIC
w44.0_m1.00_r0.940_T130_P225,joint_shape_abs,0.00715084,0,,PASS,the Monte Carlo against the form the fit uses at this node,6a468472af4bbda8,400000,0,2026-09-26T10:20:27,DIAGNOSTIC
w44.0_m1.00_r0.940_T130_P225,joint_moment_sigma_abs,2.56096,0,,PASS,the Monte Carlo against the form the fit uses at this node,6a468472af4bbda8,400000,0,2026-09-26T10:20:27,DIAGNOSTIC
w44.0_m1.00_r0.940_T130_P225,depleted_line_abs,0.000795414,0,,PASS,the Monte Carlo against the form the fit uses at this node,6a468472af4bbda8,400000,0,2026-09-26T10:20:27,DIAGNOSTIC
w44.0_m1.00_r0.940_T130_P225,depletion_widening_rel_4207,0.00931473,,,PASS,"what a transit fit reads from the surviving kernel after the natural Lorentzian, over the bare one: the factor the fit carries",6a468472af4bbda8,400000,0,2026-09-26T10:20:27,DIAGNOSTIC
w44.0_m1.00_r0.940_T130_P225,depletion_widening_rel_4192,0.0102718,,,PASS,"what a transit fit reads from the surviving kernel after the natural Lorentzian, over the bare one: the factor the fit carries",6a468472af4bbda8,400000,0,2026-09-26T10:20:27,DIAGNOSTIC
w44.0_m1.00_r0.940_T130_P225,depletion_widening_rel_4154,0.0139861,,,PASS,"what a transit fit reads from the surviving kernel after the natural Lorentzian, over the bare one: the factor the fit carries",6a468472af4bbda8,400000,0,2026-09-26T10:20:27,DIAGNOSTIC
w44.0_m1.00_r0.940_T130_P225,depletion_widening_rel_4121,0.0148886,,,PASS,"what a transit fit reads from the surviving kernel after the natural Lorentzian, over the bare one: the factor the fit carries",6a468472af4bbda8,400000,0,2026-09-26T10:20:27,DIAGNOSTIC
w44.0_m1.00_r0.940_T130_P225,depletion_fwhm_rel_4207,0.0763459,,,PASS,"the surviving transit kernel's FWHM over the bare collected kernel's, the core-flattening diagnostic",6a468472af4bbda8,400000,0,2026-09-26T10:20:27,DIAGNOSTIC
w44.0_m1.00_r0.940_T130_P225,depletion_fwhm_rel_4192,0.0821523,,,PASS,"the surviving transit kernel's FWHM over the bare collected kernel's, the core-flattening diagnostic",6a468472af4bbda8,400000,0,2026-09-26T10:20:27,DIAGNOSTIC
w44.0_m1.00_r0.940_T130_P225,depletion_fwhm_rel_4154,0.103438,,,PASS,"the surviving transit kernel's FWHM over the bare collected kernel's, the core-flattening diagnostic",6a468472af4bbda8,400000,0,2026-09-26T10:20:27,DIAGNOSTIC
w44.0_m1.00_r0.940_T130_P225,depletion_fwhm_rel_4121,0.108342,,,PASS,"the surviving transit kernel's FWHM over the bare collected kernel's, the core-flattening diagnostic",6a468472af4bbda8,400000,0,2026-09-26T10:20:27,DIAGNOSTIC
w44.0_m1.00_r0.940_T130_P225,shares_shift_abs,0.00214126,,,PASS,the largest move of a line's share from the thermal law to the depleted one: the physical shift,6a468472af4bbda8,400000,0,2026-09-26T10:20:27,DIAGNOSTIC
w44.0_m1.00_r0.940_T130_P225,cycles_on_axis,0.227844,,,PASS,excitation cycles on the central chord at the mean transverse speed,6a468472af4bbda8,400000,0,2026-09-26T10:20:27,DIAGNOSTIC
w44.0_m1.00_r0.940_T130_P225,cycles_mean_over_chords,0.0348847,,,PASS,the flux-weighted mean over every chord,6a468472af4bbda8,400000,0,2026-09-26T10:20:27,DIAGNOSTIC
w44.0_m1.00_r0.940_T130_P25,transit_fwhm_rel,1.38323,1.38105,,PASS,the Monte Carlo against the form the fit uses at this node,6a468472af4bbda8,400000,0,2026-09-26T10:21:41,DIAGNOSTIC
w44.0_m1.00_r0.940_T130_P25,transit_shape_rel,1.00032,1,,PASS,the Monte Carlo against the form the fit uses at this node,6a468472af4bbda8,400000,0,2026-09-26T10:21:41,DIAGNOSTIC
w44.0_m1.00_r0.940_T130_P25,ramp_mu2_rel,0.0501433,0.0500981,,PASS,the Monte Carlo against the form the fit uses at this node,6a468472af4bbda8,400000,0,2026-09-26T10:21:41,DIAGNOSTIC
w44.0_m1.00_r0.940_T130_P25,ramp_mu3_rel,-0.00672741,-0.00669036,,PASS,the Monte Carlo against the form the fit uses at this node,6a468472af4bbda8,400000,0,2026-09-26T10:21:41,DIAGNOSTIC
w44.0_m1.00_r0.940_T130_P25,amplitude_power_law_abs,1.99688,1.99683,,PASS,the Monte Carlo against the form the fit uses at this node,6a468472af4bbda8,400000,0,2026-09-26T10:21:41,DIAGNOSTIC
w44.0_m1.00_r0.940_T130_P25,shares_abs,8.53047e-06,0,,PASS,the Monte Carlo against the form the fit uses at this node,6a468472af4bbda8,400000,0,2026-09-26T10:21:41,DIAGNOSTIC
w44.0_m1.00_r0.940_T130_P25,joint_shape_abs,0.00403375,0,,PASS,the Monte Carlo against the form the fit uses at this node,6a468472af4bbda8,400000,0,2026-09-26T10:21:41,DIAGNOSTIC
w44.0_m1.00_r0.940_T130_P25,joint_moment_sigma_abs,1.27466,0,,PASS,the Monte Carlo against the form the fit uses at this node,6a468472af4bbda8,400000,0,2026-09-26T10:21:41,DIAGNOSTIC
w44.0_m1.00_r0.940_T130_P25,depleted_line_abs,0.000254497,0,,PASS,the Monte Carlo against the form the fit uses at this node,6a468472af4bbda8,400000,0,2026-09-26T10:21:41,DIAGNOSTIC
w44.0_m1.00_r0.940_T130_P25,depletion_widening_rel_4207,0.000143251,,,PASS,"what a transit fit reads from the surviving kernel after the natural Lorentzian, over the bare one: the factor the fit carries",6a468472af4bbda8,400000,0,2026-09-26T10:21:41,DIAGNOSTIC
w44.0_m1.00_r0.940_T130_P25,depletion_widening_rel_4192,0.000159001,,,PASS,"what a transit fit reads from the surviving kernel after the natural Lorentzian, over the bare one: the factor the fit carries",6a468472af4bbda8,400000,0,2026-09-26T10:21:41,DIAGNOSTIC
w44.0_m1.00_r0.940_T130_P25,depletion_widening_rel_4154,0.000221834,,,PASS,"what a transit fit reads from the surviving kernel after the natural Lorentzian, over the bare one: the factor the fit carries",6a468472af4bbda8,400000,0,2026-09-26T10:21:41,DIAGNOSTIC
w44.0_m1.00_r0.940_T130_P25,depletion_widening_rel_4121,0.000237506,,,PASS,"what a transit fit reads from the surviving kernel after the natural Lorentzian, over the bare one: the factor the fit carries",6a468472af4bbda8,400000,0,2026-09-26T10:21:41,DIAGNOSTIC
w44.0_m1.00_r0.940_T130_P25,depletion_fwhm_rel_4207,0.00257543,,,PASS,"the surviving transit kernel's FWHM over the bare collected kernel's, the core-flattening diagnostic",6a468472af4bbda8,400000,0,2026-09-26T10:21:41,DIAGNOSTIC
w44.0_m1.00_r0.940_T130_P25,depletion_fwhm_rel_4192,0.00281669,,,PASS,"the surviving transit kernel's FWHM over the bare collected kernel's, the core-flattening diagnostic",6a468472af4bbda8,400000,0,2026-09-26T10:21:41,DIAGNOSTIC
w44.0_m1.00_r0.940_T130_P25,depletion_fwhm_rel_4154,0.00374393,,,PASS,"the surviving transit kernel's FWHM over the bare collected kernel's, the core-flattening diagnostic",6a468472af4bbda8,400000,0,2026-09-26T10:21:41,DIAGNOSTIC
w44.0_m1.00_r0.940_T130_P25,depletion_fwhm_rel_4121,0.00396778,,,PASS,"the surviving transit kernel's FWHM over the bare collected kernel's, the core-flattening diagnostic",6a468472af4bbda8,400000,0,2026-09-26T10:21:41,DIAGNOSTIC
w44.0_m1.00_r0.940_T130_P25,shares_shift_abs,3.25749e-05,,,PASS,the largest move of a line's share from the thermal law to the depleted one: the physical shift,6a468472af4bbda8,400000,0,2026-09-26T10:21:41,DIAGNOSTIC
w44.0_m1.00_r0.940_T130_P25,cycles_on_axis,0.00318256,,,PASS,excitation cycles on the central chord at the mean transverse speed,6a468472af4bbda8,400000,0,2026-09-26T10:21:41,DIAGNOSTIC
w44.0_m1.00_r0.940_T130_P25,cycles_mean_over_chords,0.000470306,,,PASS,the flux-weighted mean over every chord,6a468472af4bbda8,400000,0,2026-09-26T10:21:41,DIAGNOSTIC
w44.0_m1.00_r0.940_T130_P270,transit_fwhm_rel,1.38327,1.38228,,PASS,the Monte Carlo against the form the fit uses at this node,6a468472af4bbda8,400000,0,2026-09-26T10:21:49,DIAGNOSTIC
w44.0_m1.00_r0.940_T130_P270,transit_shape_rel,1.00031,1,,PASS,the Monte Carlo against the form the fit uses at this node,6a468472af4bbda8,400000,0,2026-09-26T10:21:49,DIAGNOSTIC
w44.0_m1.00_r0.940_T130_P270,ramp_mu2_rel,0.0513911,0.0513344,,PASS,the Monte Carlo against the form the fit uses at this node,6a468472af4bbda8,400000,0,2026-09-26T10:21:49,DIAGNOSTIC
w44.0_m1.00_r0.940_T130_P270,ramp_mu3_rel,-0.00614801,-0.00611267,,PASS,the Monte Carlo against the form the fit uses at this node,6a468472af4bbda8,400000,0,2026-09-26T10:21:49,DIAGNOSTIC
w44.0_m1.00_r0.940_T130_P270,amplitude_power_law_abs,1.71539,1.70893,,PASS,the Monte Carlo against the form the fit uses at this node,6a468472af4bbda8,400000,0,2026-09-26T10:21:49,DIAGNOSTIC
w44.0_m1.00_r0.940_T130_P270,shares_abs,0.00108328,0,,PASS,the Monte Carlo against the form the fit uses at this node,6a468472af4bbda8,400000,0,2026-09-26T10:21:49,DIAGNOSTIC
w44.0_m1.00_r0.940_T130_P270,joint_shape_abs,0.00788571,0,,PASS,the Monte Carlo against the form the fit uses at this node,6a468472af4bbda8,400000,0,2026-09-26T10:21:49,DIAGNOSTIC
w44.0_m1.00_r0.940_T130_P270,joint_moment_sigma_abs,1.98887,0,,PASS,the Monte Carlo against the form the fit uses at this node,6a468472af4bbda8,400000,0,2026-09-26T10:21:49,DIAGNOSTIC
w44.0_m1.00_r0.940_T130_P270,depleted_line_abs,0.000966229,0,,PASS,the Monte Carlo against the form the fit uses at this node,6a468472af4bbda8,400000,0,2026-09-26T10:21:49,DIAGNOSTIC
w44.0_m1.00_r0.940_T130_P270,depletion_widening_rel_4207,0.0125183,,,PASS,"what a transit fit reads from the surviving kernel after the natural Lorentzian, over the bare one: the factor the fit carries",6a468472af4bbda8,400000,0,2026-09-26T10:21:49,DIAGNOSTIC
w44.0_m1.00_r0.940_T130_P270,depletion_widening_rel_4192,0.0137813,,,PASS,"what a transit fit reads from the surviving kernel after the natural Lorentzian, over the bare one: the factor the fit carries",6a468472af4bbda8,400000,0,2026-09-26T10:21:49,DIAGNOSTIC
w44.0_m1.00_r0.940_T130_P270,depletion_widening_rel_4154,0.0186512,,,PASS,"what a transit fit reads from the surviving kernel after the natural Lorentzian, over the bare one: the factor the fit carries",6a468472af4bbda8,400000,0,2026-09-26T10:21:49,DIAGNOSTIC
w44.0_m1.00_r0.940_T130_P270,depletion_widening_rel_4121,0.0198272,,,PASS,"what a transit fit reads from the surviving kernel after the natural Lorentzian, over the bare one: the factor the fit carries",6a468472af4bbda8,400000,0,2026-09-26T10:21:49,DIAGNOSTIC
w44.0_m1.00_r0.940_T130_P270,depletion_fwhm_rel_4207,0.095289,,,PASS,"the surviving transit kernel's FWHM over the bare collected kernel's, the core-flattening diagnostic",6a468472af4bbda8,400000,0,2026-09-26T10:21:49,DIAGNOSTIC
w44.0_m1.00_r0.940_T130_P270,depletion_fwhm_rel_4192,0.102341,,,PASS,"the surviving transit kernel's FWHM over the bare collected kernel's, the core-flattening diagnostic",6a468472af4bbda8,400000,0,2026-09-26T10:21:49,DIAGNOSTIC
w44.0_m1.00_r0.940_T130_P270,depletion_fwhm_rel_4154,0.12791,,,PASS,"the surviving transit kernel's FWHM over the bare collected kernel's, the core-flattening diagnostic",6a468472af4bbda8,400000,0,2026-09-26T10:21:49,DIAGNOSTIC
w44.0_m1.00_r0.940_T130_P270,depletion_fwhm_rel_4121,0.133747,,,PASS,"the surviving transit kernel's FWHM over the bare collected kernel's, the core-flattening diagnostic",6a468472af4bbda8,400000,0,2026-09-26T10:21:49,DIAGNOSTIC
w44.0_m1.00_r0.940_T130_P270,shares_shift_abs,0.00287525,,,PASS,the largest move of a line's share from the thermal law to the depleted one: the physical shift,6a468472af4bbda8,400000,0,2026-09-26T10:21:49,DIAGNOSTIC
w44.0_m1.00_r0.940_T130_P270,cycles_on_axis,0.312338,,,PASS,excitation cycles on the central chord at the mean transverse speed,6a468472af4bbda8,400000,0,2026-09-26T10:21:49,DIAGNOSTIC
w44.0_m1.00_r0.940_T130_P270,cycles_mean_over_chords,0.0484833,,,PASS,the flux-weighted mean over every chord,6a468472af4bbda8,400000,0,2026-09-26T10:21:49,DIAGNOSTIC
w44.0_m1.00_r0.940_T130_P75,transit_fwhm_rel,1.38323,1.38116,,PASS,the Monte Carlo against the form the fit uses at this node,6a468472af4bbda8,400000,0,2026-09-26T10:21:50,DIAGNOSTIC
w44.0_m1.00_r0.940_T130_P75,transit_shape_rel,1.00032,1,,PASS,the Monte Carlo against the form the fit uses at this node,6a468472af4bbda8,400000,0,2026-09-26T10:21:50,DIAGNOSTIC
w44.0_m1.00_r0.940_T130_P75,ramp_mu2_rel,0.0502394,0.0501933,,PASS,the Monte Carlo against the form the fit uses at this node,6a468472af4bbda8,400000,0,2026-09-26T10:21:50,DIAGNOSTIC
w44.0_m1.00_r0.940_T130_P75,ramp_mu3_rel,-0.00668442,-0.00664747,,PASS,the Monte Carlo against the form the fit uses at this node,6a468472af4bbda8,400000,0,2026-09-26T10:21:50,DIAGNOSTIC
w44.0_m1.00_r0.940_T130_P75,amplitude_power_law_abs,1.97253,1.972,,PASS,the Monte Carlo against the form the fit uses at this node,6a468472af4bbda8,400000,0,2026-09-26T10:21:50,DIAGNOSTIC
w44.0_m1.00_r0.940_T130_P75,shares_abs,7.97997e-05,0,,PASS,the Monte Carlo against the form the fit uses at this node,6a468472af4bbda8,400000,0,2026-09-26T10:21:50,DIAGNOSTIC
w44.0_m1.00_r0.940_T130_P75,joint_shape_abs,0.00476032,0,,PASS,the Monte Carlo against the form the fit uses at this node,6a468472af4bbda8,400000,0,2026-09-26T10:21:50,DIAGNOSTIC
w44.0_m1.00_r0.940_T130_P75,joint_moment_sigma_abs,1.53056,0,,PASS,the Monte Carlo against the form the fit uses at this node,6a468472af4bbda8,400000,0,2026-09-26T10:21:50,DIAGNOSTIC
w44.0_m1.00_r0.940_T130_P75,depleted_line_abs,0.000324899,0,,PASS,the Monte Carlo against the form the fit uses at this node,6a468472af4bbda8,400000,0,2026-09-26T10:21:50,DIAGNOSTIC
w44.0_m1.00_r0.940_T130_P75,depletion_widening_rel_4207,0.00123837,,,PASS,"what a transit fit reads from the surviving kernel after the natural Lorentzian, over the bare one: the factor the fit carries",6a468472af4bbda8,400000,0,2026-09-26T10:21:50,DIAGNOSTIC
w44.0_m1.00_r0.940_T130_P75,depletion_widening_rel_4192,0.00137313,,,PASS,"what a transit fit reads from the surviving kernel after the natural Lorentzian, over the bare one: the factor the fit carries",6a468472af4bbda8,400000,0,2026-09-26T10:21:50,DIAGNOSTIC
w44.0_m1.00_r0.940_T130_P75,depletion_widening_rel_4154,0.00190808,,,PASS,"what a transit fit reads from the surviving kernel after the natural Lorentzian, over the bare one: the factor the fit carries",6a468472af4bbda8,400000,0,2026-09-26T10:21:50,DIAGNOSTIC
w44.0_m1.00_r0.940_T130_P75,depletion_widening_rel_4121,0.00204087,,,PASS,"what a transit fit reads from the surviving kernel after the natural Lorentzian, over the bare one: the factor the fit carries",6a468472af4bbda8,400000,0,2026-09-26T10:21:50,DIAGNOSTIC
w44.0_m1.00_r0.940_T130_P75,depletion_fwhm_rel_4207,0.0156611,,,PASS,"the surviving transit kernel's FWHM over the bare collected kernel's, the core-flattening diagnostic",6a468472af4bbda8,400000,0,2026-09-26T10:21:50,DIAGNOSTIC
w44.0_m1.00_r0.940_T130_P75,depletion_fwhm_rel_4192,0.0170393,,,PASS,"the surviving transit kernel's FWHM over the bare collected kernel's, the core-flattening diagnostic",6a468472af4bbda8,400000,0,2026-09-26T10:21:50,DIAGNOSTIC
w44.0_m1.00_r0.940_T130_P75,depletion_fwhm_rel_4154,0.0222307,,,PASS,"the surviving transit kernel's FWHM over the bare collected kernel's, the core-flattening diagnostic",6a468472af4bbda8,400000,0,2026-09-26T10:21:50,DIAGNOSTIC
w44.0_m1.00_r0.940_T130_P75,depletion_fwhm_rel_4121,0.0234612,,,PASS,"the surviving transit kernel's FWHM over the bare collected kernel's, the core-flattening diagnostic",6a468472af4bbda8,400000,0,2026-09-26T10:21:50,DIAGNOSTIC
w44.0_m1.00_r0.940_T130_P75,shares_shift_abs,0.000284713,,,PASS,the largest move of a line's share from the thermal law to the depleted one: the physical shift,6a468472af4bbda8,400000,0,2026-09-26T10:21:50,DIAGNOSTIC
w44.0_m1.00_r0.940_T130_P75,cycles_on_axis,0.0282651,,,PASS,excitation cycles on the central chord at the mean transverse speed,6a468472af4bbda8,400000,0,2026-09-26T10:21:50,DIAGNOSTIC
w44.0_m1.00_r0.940_T130_P75,cycles_mean_over_chords,0.00419314,,,PASS,the flux-weighted mean over every chord,6a468472af4bbda8,400000,0,2026-09-26T10:21:50,DIAGNOSTIC
w44.0_m1.00_r0.940_T130_P90,transit_fwhm_rel,1.38323,1.3812,,PASS,the Monte Carlo against the form the fit uses at this node,6a468472af4bbda8,400000,0,2026-09-26T10:23:16,DIAGNOSTIC
w44.0_m1.00_r0.940_T130_P90,transit_shape_rel,1.00032,1,,PASS,the Monte Carlo against the form the fit uses at this node,6a468472af4bbda8,400000,0,2026-09-26T10:23:16,DIAGNOSTIC
w44.0_m1.00_r0.940_T130_P90,ramp_mu2_rel,0.0502864,0.0502398,,PASS,the Monte Carlo against the form the fit uses at this node,6a468472af4bbda8,400000,0,2026-09-26T10:23:16,DIAGNOSTIC
w44.0_m1.00_r0.940_T130_P90,ramp_mu3_rel,-0.00666332,-0.00662641,,PASS,the Monte Carlo against the form the fit uses at this node,6a468472af4bbda8,400000,0,2026-09-26T10:23:16,DIAGNOSTIC
w44.0_m1.00_r0.940_T130_P90,amplitude_power_law_abs,1.96082,1.96004,,PASS,the Monte Carlo against the form the fit uses at this node,6a468472af4bbda8,400000,0,2026-09-26T10:23:16,DIAGNOSTIC
w44.0_m1.00_r0.940_T130_P90,shares_abs,0.000116276,0,,PASS,the Monte Carlo against the form the fit uses at this node,6a468472af4bbda8,400000,0,2026-09-26T10:23:16,DIAGNOSTIC
w44.0_m1.00_r0.940_T130_P90,joint_shape_abs,0.00499115,0,,PASS,the Monte Carlo against the form the fit uses at this node,6a468472af4bbda8,400000,0,2026-09-26T10:23:16,DIAGNOSTIC
w44.0_m1.00_r0.940_T130_P90,joint_moment_sigma_abs,1.57504,0,,PASS,the Monte Carlo against the form the fit uses at this node,6a468472af4bbda8,400000,0,2026-09-26T10:23:16,DIAGNOSTIC
w44.0_m1.00_r0.940_T130_P90,depleted_line_abs,0.000357577,0,,PASS,the Monte Carlo against the form the fit uses at this node,6a468472af4bbda8,400000,0,2026-09-26T10:23:16,DIAGNOSTIC
w44.0_m1.00_r0.940_T130_P90,depletion_widening_rel_4207,0.00175956,,,PASS,"what a transit fit reads from the surviving kernel after the natural Lorentzian, over the bare one: the factor the fit carries",6a468472af4bbda8,400000,0,2026-09-26T10:23:16,DIAGNOSTIC
w44.0_m1.00_r0.940_T130_P90,depletion_widening_rel_4192,0.00195014,,,PASS,"what a transit fit reads from the surviving kernel after the natural Lorentzian, over the bare one: the factor the fit carries",6a468472af4bbda8,400000,0,2026-09-26T10:23:16,DIAGNOSTIC
w44.0_m1.00_r0.940_T130_P90,depletion_widening_rel_4154,0.00270519,,,PASS,"what a transit fit reads from the surviving kernel after the natural Lorentzian, over the bare one: the factor the fit carries",6a468472af4bbda8,400000,0,2026-09-26T10:23:16,DIAGNOSTIC
w44.0_m1.00_r0.940_T130_P90,depletion_widening_rel_4121,0.00289224,,,PASS,"what a transit fit reads from the surviving kernel after the natural Lorentzian, over the bare one: the factor the fit carries",6a468472af4bbda8,400000,0,2026-09-26T10:23:16,DIAGNOSTIC
w44.0_m1.00_r0.940_T130_P90,depletion_fwhm_rel_4207,0.0208297,,,PASS,"the surviving transit kernel's FWHM over the bare collected kernel's, the core-flattening diagnostic",6a468472af4bbda8,400000,0,2026-09-26T10:23:16,DIAGNOSTIC
w44.0_m1.00_r0.940_T130_P90,depletion_fwhm_rel_4192,0.0226234,,,PASS,"the surviving transit kernel's FWHM over the bare collected kernel's, the core-flattening diagnostic",6a468472af4bbda8,400000,0,2026-09-26T10:23:16,DIAGNOSTIC
w44.0_m1.00_r0.940_T130_P90,depletion_fwhm_rel_4154,0.0293453,,,PASS,"the surviving transit kernel's FWHM over the bare collected kernel's, the core-flattening diagnostic",6a468472af4bbda8,400000,0,2026-09-26T10:23:16,DIAGNOSTIC
w44.0_m1.00_r0.940_T130_P90,depletion_fwhm_rel_4121,0.0309311,,,PASS,"the surviving transit kernel's FWHM over the bare collected kernel's, the core-flattening diagnostic",6a468472af4bbda8,400000,0,2026-09-26T10:23:16,DIAGNOSTIC
w44.0_m1.00_r0.940_T130_P90,shares_shift_abs,0.000404842,,,PASS,the largest move of a line's share from the thermal law to the depleted one: the physical shift,6a468472af4bbda8,400000,0,2026-09-26T10:23:16,DIAGNOSTIC
w44.0_m1.00_r0.940_T130_P90,cycles_on_axis,0.0404385,,,PASS,excitation cycles on the central chord at the mean transverse speed,6a468472af4bbda8,400000,0,2026-09-26T10:23:16,DIAGNOSTIC
w44.0_m1.00_r0.940_T130_P90,cycles_mean_over_chords,0.00601041,,,PASS,the flux-weighted mean over every chord,6a468472af4bbda8,400000,0,2026-09-26T10:23:16,DIAGNOSTIC
w44.0_m1.00_r0.940_T70_P225,transit_fwhm_rel,1.27618,1.27497,,PASS,the Monte Carlo against the form the fit uses at this node,6a468472af4bbda8,400000,0,2026-09-26T10:23:16,DIAGNOSTIC
w44.0_m1.00_r0.940_T70_P225,transit_shape_rel,1.00031,1,,PASS,the Monte Carlo against the form the fit uses at this node,6a468472af4bbda8,400000,0,2026-09-26T10:23:16,DIAGNOSTIC
w44.0_m1.00_r0.940_T70_P225,ramp_mu2_rel,0.0510362,0.0509826,,PASS,the Monte Carlo against the form the fit uses at this node,6a468472af4bbda8,400000,0,2026-09-26T10:23:16,DIAGNOSTIC
w44.0_m1.00_r0.940_T70_P225,ramp_mu3_rel,-0.0063176,-0.00628168,,PASS,the Monte Carlo against the form the fit uses at this node,6a468472af4bbda8,400000,0,2026-09-26T10:23:16,DIAGNOSTIC
w44.0_m1.00_r0.940_T70_P225,amplitude_power_law_abs,1.78492,1.7796,,PASS,the Monte Carlo against the form the fit uses at this node,6a468472af4bbda8,400000,0,2026-09-26T10:23:16,DIAGNOSTIC
w44.0_m1.00_r0.940_T70_P225,shares_abs,0.000835408,0,,PASS,the Monte Carlo against the form the fit uses at this node,6a468472af4bbda8,400000,0,2026-09-26T10:23:16,DIAGNOSTIC
w44.0_m1.00_r0.940_T70_P225,joint_shape_abs,0.00706732,0,,PASS,the Monte Carlo against the form the fit uses at this node,6a468472af4bbda8,400000,0,2026-09-26T10:23:16,DIAGNOSTIC
w44.0_m1.00_r0.940_T70_P225,joint_moment_sigma_abs,2.35156,0,,PASS,the Monte Carlo against the form the fit uses at this node,6a468472af4bbda8,400000,0,2026-09-26T10:23:16,DIAGNOSTIC
w44.0_m1.00_r0.940_T70_P225,depleted_line_abs,0.000732511,0,,PASS,the Monte Carlo against the form the fit uses at this node,6a468472af4bbda8,400000,0,2026-09-26T10:23:16,DIAGNOSTIC
w44.0_m1.00_r0.940_T70_P225,depletion_widening_rel_4207,0.009877,,,PASS,"what a transit fit reads from the surviving kernel after the natural Lorentzian, over the bare one: the factor the fit carries",6a468472af4bbda8,400000,0,2026-09-26T10:23:16,DIAGNOSTIC
w44.0_m1.00_r0.940_T70_P225,depletion_widening_rel_4192,0.010888,,,PASS,"what a transit fit reads from the surviving kernel after the natural Lorentzian, over the bare one: the factor the fit carries",6a468472af4bbda8,400000,0,2026-09-26T10:23:16,DIAGNOSTIC
w44.0_m1.00_r0.940_T70_P225,depletion_widening_rel_4154,0.0148066,,,PASS,"what a transit fit reads from the surviving kernel after the natural Lorentzian, over the bare one: the factor the fit carries",6a468472af4bbda8,400000,0,2026-09-26T10:23:16,DIAGNOSTIC
w44.0_m1.00_r0.940_T70_P225,depletion_widening_rel_4121,0.0157575,,,PASS,"what a transit fit reads from the surviving kernel after the natural Lorentzian, over the bare one: the factor the fit carries",6a468472af4bbda8,400000,0,2026-09-26T10:23:16,DIAGNOSTIC
w44.0_m1.00_r0.940_T70_P225,depletion_fwhm_rel_4207,0.0807544,,,PASS,"the surviving transit kernel's FWHM over the bare collected kernel's, the core-flattening diagnostic",6a468472af4bbda8,400000,0,2026-09-26T10:23:16,DIAGNOSTIC
w44.0_m1.00_r0.940_T70_P225,depletion_fwhm_rel_4192,0.0868836,,,PASS,"the surviving transit kernel's FWHM over the bare collected kernel's, the core-flattening diagnostic",6a468472af4bbda8,400000,0,2026-09-26T10:23:16,DIAGNOSTIC
w44.0_m1.00_r0.940_T70_P225,depletion_fwhm_rel_4154,0.109182,,,PASS,"the surviving transit kernel's FWHM over the bare collected kernel's, the core-flattening diagnostic",6a468472af4bbda8,400000,0,2026-09-26T10:23:16,DIAGNOSTIC
w44.0_m1.00_r0.940_T70_P225,depletion_fwhm_rel_4121,0.114294,,,PASS,"the surviving transit kernel's FWHM over the bare collected kernel's, the core-flattening diagnostic",6a468472af4bbda8,400000,0,2026-09-26T10:23:16,DIAGNOSTIC
w44.0_m1.00_r0.940_T70_P225,shares_shift_abs,0.0023072,,,PASS,the largest move of a line's share from the thermal law to the depleted one: the physical shift,6a468472af4bbda8,400000,0,2026-09-26T10:23:16,DIAGNOSTIC
w44.0_m1.00_r0.940_T70_P225,cycles_on_axis,0.246961,,,PASS,excitation cycles on the central chord at the mean transverse speed,6a468472af4bbda8,400000,0,2026-09-26T10:23:16,DIAGNOSTIC
w44.0_m1.00_r0.940_T70_P225,cycles_mean_over_chords,0.0378117,,,PASS,the flux-weighted mean over every chord,6a468472af4bbda8,400000,0,2026-09-26T10:23:16,DIAGNOSTIC
w44.0_m1.00_r0.940_T90_P225,transit_fwhm_rel,1.31284,1.3116,,PASS,the Monte Carlo against the form the fit uses at this node,6a468472af4bbda8,400000,0,2026-09-26T10:23:14,DIAGNOSTIC
w44.0_m1.00_r0.940_T90_P225,transit_shape_rel,1.00031,1,,PASS,the Monte Carlo against the form the fit uses at this node,6a468472af4bbda8,400000,0,2026-09-26T10:23:14,DIAGNOSTIC
w44.0_m1.00_r0.940_T90_P225,ramp_mu2_rel,0.0510362,0.0509826,,PASS,the Monte Carlo against the form the fit uses at this node,6a468472af4bbda8,400000,0,2026-09-26T10:23:14,DIAGNOSTIC
w44.0_m1.00_r0.940_T90_P225,ramp_mu3_rel,-0.0063176,-0.00628168,,PASS,the Monte Carlo against the form the fit uses at this node,6a468472af4bbda8,400000,0,2026-09-26T10:23:14,DIAGNOSTIC
w44.0_m1.00_r0.940_T90_P225,amplitude_power_law_abs,1.78627,1.78111,,PASS,the Monte Carlo against the form the fit uses at this node,6a468472af4bbda8,400000,0,2026-09-26T10:23:14,DIAGNOSTIC
w44.0_m1.00_r0.940_T90_P225,shares_abs,0.000808615,0,,PASS,the Monte Carlo against the form the fit uses at this node,6a468472af4bbda8,400000,0,2026-09-26T10:23:14,DIAGNOSTIC
w44.0_m1.00_r0.940_T90_P225,joint_shape_abs,0.00709719,0,,PASS,the Monte Carlo against the form the fit uses at this node,6a468472af4bbda8,400000,0,2026-09-26T10:23:14,DIAGNOSTIC
w44.0_m1.00_r0.940_T90_P225,joint_moment_sigma_abs,2.42565,0,,PASS,the Monte Carlo against the form the fit uses at this node,6a468472af4bbda8,400000,0,2026-09-26T10:23:14,DIAGNOSTIC
w44.0_m1.00_r0.940_T90_P225,depleted_line_abs,0.000754608,0,,PASS,the Monte Carlo against the form the fit uses at this node,6a468472af4bbda8,400000,0,2026-09-26T10:23:14,DIAGNOSTIC
w44.0_m1.00_r0.940_T90_P225,depletion_widening_rel_4207,0.00967545,,,PASS,"what a transit fit reads from the surviving kernel after the natural Lorentzian, over the bare one: the factor the fit carries",6a468472af4bbda8,400000,0,2026-09-26T10:23:14,DIAGNOSTIC
w44.0_m1.00_r0.940_T90_P225,depletion_widening_rel_4192,0.0106672,,,PASS,"what a transit fit reads from the surviving kernel after the natural Lorentzian, over the bare one: the factor the fit carries",6a468472af4bbda8,400000,0,2026-09-26T10:23:14,DIAGNOSTIC
w44.0_m1.00_r0.940_T90_P225,depletion_widening_rel_4154,0.0145128,,,PASS,"what a transit fit reads from the surviving kernel after the natural Lorentzian, over the bare one: the factor the fit carries",6a468472af4bbda8,400000,0,2026-09-26T10:23:14,DIAGNOSTIC
w44.0_m1.00_r0.940_T90_P225,depletion_widening_rel_4121,0.0154464,,,PASS,"what a transit fit reads from the surviving kernel after the natural Lorentzian, over the bare one: the factor the fit carries",6a468472af4bbda8,400000,0,2026-09-26T10:23:14,DIAGNOSTIC
w44.0_m1.00_r0.940_T90_P225,depletion_fwhm_rel_4207,0.0791813,,,PASS,"the surviving transit kernel's FWHM over the bare collected kernel's, the core-flattening diagnostic",6a468472af4bbda8,400000,0,2026-09-26T10:23:14,DIAGNOSTIC
w44.0_m1.00_r0.940_T90_P225,depletion_fwhm_rel_4192,0.0851952,,,PASS,"the surviving transit kernel's FWHM over the bare collected kernel's, the core-flattening diagnostic",6a468472af4bbda8,400000,0,2026-09-26T10:23:14,DIAGNOSTIC
w44.0_m1.00_r0.940_T90_P225,depletion_fwhm_rel_4154,0.107135,,,PASS,"the surviving transit kernel's FWHM over the bare collected kernel's, the core-flattening diagnostic",6a468472af4bbda8,400000,0,2026-09-26T10:23:14,DIAGNOSTIC
w44.0_m1.00_r0.940_T90_P225,depletion_fwhm_rel_4121,0.112173,,,PASS,"the surviving transit kernel's FWHM over the bare collected kernel's, the core-flattening diagnostic",6a468472af4bbda8,400000,0,2026-09-26T10:23:14,DIAGNOSTIC
w44.0_m1.00_r0.940_T90_P225,shares_shift_abs,0.00224753,,,PASS,the largest move of a line's share from the thermal law to the depleted one: the physical shift,6a468472af4bbda8,400000,0,2026-09-26T10:23:14,DIAGNOSTIC
w44.0_m1.00_r0.940_T90_P225,cycles_on_axis,0.240065,,,PASS,excitation cycles on the central chord at the mean transverse speed,6a468472af4bbda8,400000,0,2026-09-26T10:23:14,DIAGNOSTIC
w44.0_m1.00_r0.940_T90_P225,cycles_mean_over_chords,0.0367557,,,PASS,the flux-weighted mean over every chord,6a468472af4bbda8,400000,0,2026-09-26T10:23:14,DIAGNOSTIC
w44.4_m1.00_r0.940_T110_P225,transit_fwhm_rel,1.33623,1.33513,,PASS,the Monte Carlo against the form the fit uses at this node,6a468472af4bbda8,400000,0,2026-09-26T10:26:01,DIAGNOSTIC
w44.4_m1.00_r0.940_T110_P225,transit_shape_rel,1.00031,1,,PASS,the Monte Carlo against the form the fit uses at this node,6a468472af4bbda8,400000,0,2026-09-26T10:26:01,DIAGNOSTIC
w44.4_m1.00_r0.940_T110_P225,ramp_mu2_rel,0.0510548,0.0509999,,PASS,the Monte Carlo against the form the fit uses at this node,6a468472af4bbda8,400000,0,2026-09-26T10:26:01,DIAGNOSTIC
w44.4_m1.00_r0.940_T110_P225,ramp_mu3_rel,-0.0063201,-0.00628334,,PASS,the Monte Carlo against the form the fit uses at this node,6a468472af4bbda8,400000,0,2026-09-26T10:26:01,DIAGNOSTIC
w44.4_m1.00_r0.940_T110_P225,amplitude_power_law_abs,1.79358,1.78859,,PASS,the Monte Carlo against the form the fit uses at this node,6a468472af4bbda8,400000,0,2026-09-26T10:26:01,DIAGNOSTIC
w44.4_m1.00_r0.940_T110_P225,shares_abs,0.000765889,0,,PASS,the Monte Carlo against the form the fit uses at this node,6a468472af4bbda8,400000,0,2026-09-26T10:26:01,DIAGNOSTIC
w44.4_m1.00_r0.940_T110_P225,joint_shape_abs,0.00690369,0,,PASS,the Monte Carlo against the form the fit uses at this node,6a468472af4bbda8,400000,0,2026-09-26T10:26:01,DIAGNOSTIC
w44.4_m1.00_r0.940_T110_P225,joint_moment_sigma_abs,2.49451,0,,PASS,the Monte Carlo against the form the fit uses at this node,6a468472af4bbda8,400000,0,2026-09-26T10:26:01,DIAGNOSTIC
w44.4_m1.00_r0.940_T110_P225,depleted_line_abs,0.000754493,0,,PASS,the Monte Carlo against the form the fit uses at this node,6a468472af4bbda8,400000,0,2026-09-26T10:26:01,DIAGNOSTIC
w44.4_m1.00_r0.940_T110_P225,depletion_widening_rel_4207,0.00926012,,,PASS,"what a transit fit reads from the surviving kernel after the natural Lorentzian, over the bare one: the factor the fit carries",6a468472af4bbda8,400000,0,2026-09-26T10:26:01,DIAGNOSTIC
w44.4_m1.00_r0.940_T110_P225,depletion_widening_rel_4192,0.0102117,,,PASS,"what a transit fit reads from the surviving kernel after the natural Lorentzian, over the bare one: the factor the fit carries",6a468472af4bbda8,400000,0,2026-09-26T10:26:01,DIAGNOSTIC
w44.4_m1.00_r0.940_T110_P225,depletion_widening_rel_4154,0.0139051,,,PASS,"what a transit fit reads from the surviving kernel after the natural Lorentzian, over the bare one: the factor the fit carries",6a468472af4bbda8,400000,0,2026-09-26T10:26:01,DIAGNOSTIC
w44.4_m1.00_r0.940_T110_P225,depletion_widening_rel_4121,0.0148025,,,PASS,"what a transit fit reads from the surviving kernel after the natural Lorentzian, over the bare one: the factor the fit carries",6a468472af4bbda8,400000,0,2026-09-26T10:26:01,DIAGNOSTIC
w44.4_m1.00_r0.940_T110_P225,depletion_fwhm_rel_4207,0.076411,,,PASS,"the surviving transit kernel's FWHM over the bare collected kernel's, the core-flattening diagnostic",6a468472af4bbda8,400000,0,2026-09-26T10:26:01,DIAGNOSTIC
w44.4_m1.00_r0.940_T110_P225,depletion_fwhm_rel_4192,0.0822217,,,PASS,"the surviving transit kernel's FWHM over the bare collected kernel's, the core-flattening diagnostic",6a468472af4bbda8,400000,0,2026-09-26T10:26:01,DIAGNOSTIC
w44.4_m1.00_r0.940_T110_P225,depletion_fwhm_rel_4154,0.103521,,,PASS,"the surviving transit kernel's FWHM over the bare collected kernel's, the core-flattening diagnostic",6a468472af4bbda8,400000,0,2026-09-26T10:26:01,DIAGNOSTIC
w44.4_m1.00_r0.940_T110_P225,depletion_fwhm_rel_4121,0.108428,,,PASS,"the surviving transit kernel's FWHM over the bare collected kernel's, the core-flattening diagnostic",6a468472af4bbda8,400000,0,2026-09-26T10:26:01,DIAGNOSTIC
w44.4_m1.00_r0.940_T110_P225,shares_shift_abs,0.00214376,,,PASS,the largest move of a line's share from the thermal law to the depleted one: the physical shift,6a468472af4bbda8,400000,0,2026-09-26T10:26:01,DIAGNOSTIC
w44.4_m1.00_r0.940_T110_P225,cycles_on_axis,0.228394,,,PASS,excitation cycles on the central chord at the mean transverse speed,6a468472af4bbda8,400000,0,2026-09-26T10:26:01,DIAGNOSTIC
w44.4_m1.00_r0.940_T110_P225,cycles_mean_over_chords,0.0349283,,,PASS,the flux-weighted mean over every chord,6a468472af4bbda8,400000,0,2026-09-26T10:26:01,DIAGNOSTIC
w44.4_m1.00_r0.940_T130_P125,transit_fwhm_rel,1.37065,1.36899,,PASS,the Monte Carlo against the form the fit uses at this node,6a468472af4bbda8,400000,0,2026-09-26T10:26:01,DIAGNOSTIC
w44.4_m1.00_r0.940_T130_P125,transit_shape_rel,1.00031,1,,PASS,the Monte Carlo against the form the fit uses at this node,6a468472af4bbda8,400000,0,2026-09-26T10:26:01,DIAGNOSTIC
w44.4_m1.00_r0.940_T130_P125,ramp_mu2_rel,0.0504661,0.0504168,,PASS,the Monte Carlo against the form the fit uses at this node,6a468472af4bbda8,400000,0,2026-09-26T10:26:01,DIAGNOSTIC
w44.4_m1.00_r0.940_T130_P125,ramp_mu3_rel,-0.00659461,-0.00655706,,PASS,the Monte Carlo against the form the fit uses at this node,6a468472af4bbda8,400000,0,2026-09-26T10:26:01,DIAGNOSTIC
w44.4_m1.00_r0.940_T130_P125,amplitude_power_law_abs,1.9289,1.92735,,PASS,the Monte Carlo against the form the fit uses at this node,6a468472af4bbda8,400000,0,2026-09-26T10:26:01,DIAGNOSTIC
w44.4_m1.00_r0.940_T130_P125,shares_abs,0.000223956,0,,PASS,the Monte Carlo against the form the fit uses at this node,6a468472af4bbda8,400000,0,2026-09-26T10:26:01,DIAGNOSTIC
w44.4_m1.00_r0.940_T130_P125,joint_shape_abs,0.00534768,0,,PASS,the Monte Carlo against the form the fit uses at this node,6a468472af4bbda8,400000,0,2026-09-26T10:26:01,DIAGNOSTIC
w44.4_m1.00_r0.940_T130_P125,joint_moment_sigma_abs,2.11912,0,,PASS,the Monte Carlo against the form the fit uses at this node,6a468472af4bbda8,400000,0,2026-09-26T10:26:01,DIAGNOSTIC
w44.4_m1.00_r0.940_T130_P125,depleted_line_abs,0.000441013,0,,PASS,the Monte Carlo against the form the fit uses at this node,6a468472af4bbda8,400000,0,2026-09-26T10:26:01,DIAGNOSTIC
w44.4_m1.00_r0.940_T130_P125,depletion_widening_rel_4207,0.00318651,,,PASS,"what a transit fit reads from the surviving kernel after the natural Lorentzian, over the bare one: the factor the fit carries",6a468472af4bbda8,400000,0,2026-09-26T10:26:01,DIAGNOSTIC
w44.4_m1.00_r0.940_T130_P125,depletion_widening_rel_4192,0.00352762,,,PASS,"what a transit fit reads from the surviving kernel after the natural Lorentzian, over the bare one: the factor the fit carries",6a468472af4bbda8,400000,0,2026-09-26T10:26:01,DIAGNOSTIC
w44.4_m1.00_r0.940_T130_P125,depletion_widening_rel_4154,0.00487238,,,PASS,"what a transit fit reads from the surviving kernel after the natural Lorentzian, over the bare one: the factor the fit carries",6a468472af4bbda8,400000,0,2026-09-26T10:26:01,DIAGNOSTIC
w44.4_m1.00_r0.940_T130_P125,depletion_widening_rel_4121,0.00520398,,,PASS,"what a transit fit reads from the surviving kernel after the natural Lorentzian, over the bare one: the factor the fit carries",6a468472af4bbda8,400000,0,2026-09-26T10:26:01,DIAGNOSTIC
w44.4_m1.00_r0.940_T130_P125,depletion_fwhm_rel_4207,0.0334428,,,PASS,"the surviving transit kernel's FWHM over the bare collected kernel's, the core-flattening diagnostic",6a468472af4bbda8,400000,0,2026-09-26T10:26:01,DIAGNOSTIC
w44.4_m1.00_r0.940_T130_P125,depletion_fwhm_rel_4192,0.0362334,,,PASS,"the surviving transit kernel's FWHM over the bare collected kernel's, the core-flattening diagnostic",6a468472af4bbda8,400000,0,2026-09-26T10:26:01,DIAGNOSTIC
w44.4_m1.00_r0.940_T130_P125,depletion_fwhm_rel_4154,0.0465839,,,PASS,"the surviving transit kernel's FWHM over the bare collected kernel's, the core-flattening diagnostic",6a468472af4bbda8,400000,0,2026-09-26T10:26:01,DIAGNOSTIC
w44.4_m1.00_r0.940_T130_P125,depletion_fwhm_rel_4121,0.0490058,,,PASS,"the surviving transit kernel's FWHM over the bare collected kernel's, the core-flattening diagnostic",6a468472af4bbda8,400000,0,2026-09-26T10:26:01,DIAGNOSTIC
w44.4_m1.00_r0.940_T130_P125,shares_shift_abs,0.000734936,,,PASS,the largest move of a line's share from the thermal law to the depleted one: the physical shift,6a468472af4bbda8,400000,0,2026-09-26T10:26:01,DIAGNOSTIC
w44.4_m1.00_r0.940_T130_P125,cycles_on_axis,0.0745638,,,PASS,excitation cycles on the central chord at the mean transverse speed,6a468472af4bbda8,400000,0,2026-09-26T10:26:01,DIAGNOSTIC
w44.4_m1.00_r0.940_T130_P125,cycles_mean_over_chords,0.0111404,,,PASS,the flux-weighted mean over every chord,6a468472af4bbda8,400000,0,2026-09-26T10:26:01,DIAGNOSTIC
w44.4_m1.00_r0.940_T130_P175,transit_fwhm_rel,1.37065,1.36924,,PASS,the Monte Carlo against the form the fit uses at this node,6a468472af4bbda8,400000,0,2026-09-26T10:26:03,DIAGNOSTIC
w44.4_m1.00_r0.940_T130_P175,transit_shape_rel,1.00031,1,,PASS,the Monte Carlo against the form the fit uses at this node,6a468472af4bbda8,400000,0,2026-09-26T10:26:03,DIAGNOSTIC
w44.4_m1.00_r0.940_T130_P175,ramp_mu2_rel,0.0507263,0.0506744,,PASS,the Monte Carlo against the form the fit uses at this node,6a468472af4bbda8,400000,0,2026-09-26T10:26:03,DIAGNOSTIC
w44.4_m1.00_r0.940_T130_P175,ramp_mu3_rel,-0.0064746,-0.00643737,,PASS,the Monte Carlo against the form the fit uses at this node,6a468472af4bbda8,400000,0,2026-09-26T10:26:03,DIAGNOSTIC
w44.4_m1.00_r0.940_T130_P175,amplitude_power_law_abs,1.86766,1.8646,,PASS,the Monte Carlo against the form the fit uses at this node,6a468472af4bbda8,400000,0,2026-09-26T10:26:03,DIAGNOSTIC
w44.4_m1.00_r0.940_T130_P175,shares_abs,0.000448292,0,,PASS,the Monte Carlo against the form the fit uses at this node,6a468472af4bbda8,400000,0,2026-09-26T10:26:03,DIAGNOSTIC
w44.4_m1.00_r0.940_T130_P175,joint_shape_abs,0.00612074,0,,PASS,the Monte Carlo against the form the fit uses at this node,6a468472af4bbda8,400000,0,2026-09-26T10:26:03,DIAGNOSTIC
w44.4_m1.00_r0.940_T130_P175,joint_moment_sigma_abs,1.81735,0,,PASS,the Monte Carlo against the form the fit uses at this node,6a468472af4bbda8,400000,0,2026-09-26T10:26:03,DIAGNOSTIC
w44.4_m1.00_r0.940_T130_P175,depleted_line_abs,0.000597365,0,,PASS,the Monte Carlo against the form the fit uses at this node,6a468472af4bbda8,400000,0,2026-09-26T10:26:03,DIAGNOSTIC
w44.4_m1.00_r0.940_T130_P175,depletion_widening_rel_4207,0.0058877,,,PASS,"what a transit fit reads from the surviving kernel after the natural Lorentzian, over the bare one: the factor the fit carries",6a468472af4bbda8,400000,0,2026-09-26T10:26:03,DIAGNOSTIC
w44.4_m1.00_r0.940_T130_P175,depletion_widening_rel_4192,0.00650579,,,PASS,"what a transit fit reads from the surviving kernel after the natural Lorentzian, over the bare one: the factor the fit carries",6a468472af4bbda8,400000,0,2026-09-26T10:26:03,DIAGNOSTIC
w44.4_m1.00_r0.940_T130_P175,depletion_widening_rel_4154,0.00892396,,,PASS,"what a transit fit reads from the surviving kernel after the natural Lorentzian, over the bare one: the factor the fit carries",6a468472af4bbda8,400000,0,2026-09-26T10:26:03,DIAGNOSTIC
w44.4_m1.00_r0.940_T130_P175,depletion_widening_rel_4121,0.00951598,,,PASS,"what a transit fit reads from the surviving kernel after the natural Lorentzian, over the bare one: the factor the fit carries",6a468472af4bbda8,400000,0,2026-09-26T10:26:03,DIAGNOSTIC
w44.4_m1.00_r0.940_T130_P175,depletion_fwhm_rel_4207,0.0539199,,,PASS,"the surviving transit kernel's FWHM over the bare collected kernel's, the core-flattening diagnostic",6a468472af4bbda8,400000,0,2026-09-26T10:26:03,DIAGNOSTIC
w44.4_m1.00_r0.940_T130_P175,depletion_fwhm_rel_4192,0.0582087,,,PASS,"the surviving transit kernel's FWHM over the bare collected kernel's, the core-flattening diagnostic",6a468472af4bbda8,400000,0,2026-09-26T10:26:03,DIAGNOSTIC
w44.4_m1.00_r0.940_T130_P175,depletion_fwhm_rel_4154,0.0740023,,,PASS,"the surviving transit kernel's FWHM over the bare collected kernel's, the core-flattening diagnostic",6a468472af4bbda8,400000,0,2026-09-26T10:26:03,DIAGNOSTIC
w44.4_m1.00_r0.940_T130_P175,depletion_fwhm_rel_4121,0.0776681,,,PASS,"the surviving transit kernel's FWHM over the bare collected kernel's, the core-flattening diagnostic",6a468472af4bbda8,400000,0,2026-09-26T10:26:03,DIAGNOSTIC
w44.4_m1.00_r0.940_T130_P175,shares_shift_abs,0.00135729,,,PASS,the largest move of a line's share from the thermal law to the depleted one: the physical shift,6a468472af4bbda8,400000,0,2026-09-26T10:26:03,DIAGNOSTIC
w44.4_m1.00_r0.940_T130_P175,cycles_on_axis,0.140972,,,PASS,excitation cycles on the central chord at the mean transverse speed,6a468472af4bbda8,400000,0,2026-09-26T10:26:03,DIAGNOSTIC
w44.4_m1.00_r0.940_T130_P175,cycles_mean_over_chords,0.0212818,,,PASS,the flux-weighted mean over every chord,6a468472af4bbda8,400000,0,2026-09-26T10:26:03,DIAGNOSTIC
w44.4_m1.00_r0.940_T130_P180,transit_fwhm_rel,1.37065,1.36927,,PASS,the Monte Carlo against the form the fit uses at this node,6a468472af4bbda8,400000,0,2026-09-26T10:27:23,DIAGNOSTIC
w44.4_m1.00_r0.940_T130_P180,transit_shape_rel,1.00031,1,,PASS,the Monte Carlo against the form the fit uses at this node,6a468472af4bbda8,400000,0,2026-09-26T10:27:23,DIAGNOSTIC
w44.4_m1.00_r0.940_T130_P180,ramp_mu2_rel,0.0507562,0.0507041,,PASS,the Monte Carlo against the form the fit uses at this node,6a468472af4bbda8,400000,0,2026-09-26T10:27:23,DIAGNOSTIC
w44.4_m1.00_r0.940_T130_P180,ramp_mu3_rel,-0.00646064,-0.00642345,,PASS,the Monte Carlo against the form the fit uses at this node,6a468472af4bbda8,400000,0,2026-09-26T10:27:23,DIAGNOSTIC
w44.4_m1.00_r0.940_T130_P180,amplitude_power_law_abs,1.86081,1.85758,,PASS,the Monte Carlo against the form the fit uses at this node,6a468472af4bbda8,400000,0,2026-09-26T10:27:23,DIAGNOSTIC
w44.4_m1.00_r0.940_T130_P180,shares_abs,0.000474825,0,,PASS,the Monte Carlo against the form the fit uses at this node,6a468472af4bbda8,400000,0,2026-09-26T10:27:23,DIAGNOSTIC
w44.4_m1.00_r0.940_T130_P180,joint_shape_abs,0.00621471,0,,PASS,the Monte Carlo against the form the fit uses at this node,6a468472af4bbda8,400000,0,2026-09-26T10:27:23,DIAGNOSTIC
w44.4_m1.00_r0.940_T130_P180,joint_moment_sigma_abs,2.03357,0,,PASS,the Monte Carlo against the form the fit uses at this node,6a468472af4bbda8,400000,0,2026-09-26T10:27:23,DIAGNOSTIC
w44.4_m1.00_r0.940_T130_P180,depleted_line_abs,0.000614347,0,,PASS,the Monte Carlo against the form the fit uses at this node,6a468472af4bbda8,400000,0,2026-09-26T10:27:23,DIAGNOSTIC
w44.4_m1.00_r0.940_T130_P180,depletion_widening_rel_4207,0.00618889,,,PASS,"what a transit fit reads from the surviving kernel after the natural Lorentzian, over the bare one: the factor the fit carries",6a468472af4bbda8,400000,0,2026-09-26T10:27:23,DIAGNOSTIC
w44.4_m1.00_r0.940_T130_P180,depletion_widening_rel_4192,0.00683729,,,PASS,"what a transit fit reads from the surviving kernel after the natural Lorentzian, over the bare one: the factor the fit carries",6a468472af4bbda8,400000,0,2026-09-26T10:27:23,DIAGNOSTIC
w44.4_m1.00_r0.940_T130_P180,depletion_widening_rel_4154,0.00937212,,,PASS,"what a transit fit reads from the surviving kernel after the natural Lorentzian, over the bare one: the factor the fit carries",6a468472af4bbda8,400000,0,2026-09-26T10:27:23,DIAGNOSTIC
w44.4_m1.00_r0.940_T130_P180,depletion_widening_rel_4121,0.00999224,,,PASS,"what a transit fit reads from the surviving kernel after the natural Lorentzian, over the bare one: the factor the fit carries",6a468472af4bbda8,400000,0,2026-09-26T10:27:23,DIAGNOSTIC
w44.4_m1.00_r0.940_T130_P180,depletion_fwhm_rel_4207,0.0560273,,,PASS,"the surviving transit kernel's FWHM over the bare collected kernel's, the core-flattening diagnostic",6a468472af4bbda8,400000,0,2026-09-26T10:27:23,DIAGNOSTIC
w44.4_m1.00_r0.940_T130_P180,depletion_fwhm_rel_4192,0.0604588,,,PASS,"the surviving transit kernel's FWHM over the bare collected kernel's, the core-flattening diagnostic",6a468472af4bbda8,400000,0,2026-09-26T10:27:23,DIAGNOSTIC
w44.4_m1.00_r0.940_T130_P180,depletion_fwhm_rel_4154,0.0767863,,,PASS,"the surviving transit kernel's FWHM over the bare collected kernel's, the core-flattening diagnostic",6a468472af4bbda8,400000,0,2026-09-26T10:27:23,DIAGNOSTIC
w44.4_m1.00_r0.940_T130_P180,depletion_fwhm_rel_4121,0.0805653,,,PASS,"the surviving transit kernel's FWHM over the bare collected kernel's, the core-flattening diagnostic",6a468472af4bbda8,400000,0,2026-09-26T10:27:23,DIAGNOSTIC
w44.4_m1.00_r0.940_T130_P180,shares_shift_abs,0.00142661,,,PASS,the largest move of a line's share from the thermal law to the depleted one: the physical shift,6a468472af4bbda8,400000,0,2026-09-26T10:27:23,DIAGNOSTIC
w44.4_m1.00_r0.940_T130_P180,cycles_on_axis,0.148525,,,PASS,excitation cycles on the central chord at the mean transverse speed,6a468472af4bbda8,400000,0,2026-09-26T10:27:23,DIAGNOSTIC
w44.4_m1.00_r0.940_T130_P180,cycles_mean_over_chords,0.0224486,,,PASS,the flux-weighted mean over every chord,6a468472af4bbda8,400000,0,2026-09-26T10:27:23,DIAGNOSTIC
w44.4_m1.00_r0.940_T130_P225,transit_fwhm_rel,1.37066,1.36954,,PASS,the Monte Carlo against the form the fit uses at this node,6a468472af4bbda8,400000,0,2026-09-26T10:27:24,DIAGNOSTIC
w44.4_m1.00_r0.940_T130_P225,transit_shape_rel,1.00031,1,,PASS,the Monte Carlo against the form the fit uses at this node,6a468472af4bbda8,400000,0,2026-09-26T10:27:24,DIAGNOSTIC
w44.4_m1.00_r0.940_T130_P225,ramp_mu2_rel,0.0510548,0.0509999,,PASS,the Monte Carlo against the form the fit uses at this node,6a468472af4bbda8,400000,0,2026-09-26T10:27:24,DIAGNOSTIC
w44.4_m1.00_r0.940_T130_P225,ramp_mu3_rel,-0.0063201,-0.00628334,,PASS,the Monte Carlo against the form the fit uses at this node,6a468472af4bbda8,400000,0,2026-09-26T10:27:24,DIAGNOSTIC
w44.4_m1.00_r0.940_T130_P225,amplitude_power_law_abs,1.79471,1.78985,,PASS,the Monte Carlo against the form the fit uses at this node,6a468472af4bbda8,400000,0,2026-09-26T10:27:24,DIAGNOSTIC
w44.4_m1.00_r0.940_T130_P225,shares_abs,0.000743861,0,,PASS,the Monte Carlo against the form the fit uses at this node,6a468472af4bbda8,400000,0,2026-09-26T10:27:24,DIAGNOSTIC
w44.4_m1.00_r0.940_T130_P225,joint_shape_abs,0.00692409,0,,PASS,the Monte Carlo against the form the fit uses at this node,6a468472af4bbda8,400000,0,2026-09-26T10:27:24,DIAGNOSTIC
w44.4_m1.00_r0.940_T130_P225,joint_moment_sigma_abs,2.55973,0,,PASS,the Monte Carlo against the form the fit uses at this node,6a468472af4bbda8,400000,0,2026-09-26T10:27:24,DIAGNOSTIC
w44.4_m1.00_r0.940_T130_P225,depleted_line_abs,0.00077393,0,,PASS,the Monte Carlo against the form the fit uses at this node,6a468472af4bbda8,400000,0,2026-09-26T10:27:24,DIAGNOSTIC
w44.4_m1.00_r0.940_T130_P225,depletion_widening_rel_4207,0.00909022,,,PASS,"what a transit fit reads from the surviving kernel after the natural Lorentzian, over the bare one: the factor the fit carries",6a468472af4bbda8,400000,0,2026-09-26T10:27:24,DIAGNOSTIC
w44.4_m1.00_r0.940_T130_P225,depletion_widening_rel_4192,0.0100254,,,PASS,"what a transit fit reads from the surviving kernel after the natural Lorentzian, over the bare one: the factor the fit carries",6a468472af4bbda8,400000,0,2026-09-26T10:27:24,DIAGNOSTIC
w44.4_m1.00_r0.940_T130_P225,depletion_widening_rel_4154,0.0136566,,,PASS,"what a transit fit reads from the surviving kernel after the natural Lorentzian, over the bare one: the factor the fit carries",6a468472af4bbda8,400000,0,2026-09-26T10:27:24,DIAGNOSTIC
w44.4_m1.00_r0.940_T130_P225,depletion_widening_rel_4121,0.0145392,,,PASS,"what a transit fit reads from the surviving kernel after the natural Lorentzian, over the bare one: the factor the fit carries",6a468472af4bbda8,400000,0,2026-09-26T10:27:24,DIAGNOSTIC
w44.4_m1.00_r0.940_T130_P225,depletion_fwhm_rel_4207,0.07506,,,PASS,"the surviving transit kernel's FWHM over the bare collected kernel's, the core-flattening diagnostic",6a468472af4bbda8,400000,0,2026-09-26T10:27:24,DIAGNOSTIC
w44.4_m1.00_r0.940_T130_P225,depletion_fwhm_rel_4192,0.0807863,,,PASS,"the surviving transit kernel's FWHM over the bare collected kernel's, the core-flattening diagnostic",6a468472af4bbda8,400000,0,2026-09-26T10:27:24,DIAGNOSTIC
w44.4_m1.00_r0.940_T130_P225,depletion_fwhm_rel_4154,0.101756,,,PASS,"the surviving transit kernel's FWHM over the bare collected kernel's, the core-flattening diagnostic",6a468472af4bbda8,400000,0,2026-09-26T10:27:24,DIAGNOSTIC
w44.4_m1.00_r0.940_T130_P225,depletion_fwhm_rel_4121,0.106598,,,PASS,"the surviving transit kernel's FWHM over the bare collected kernel's, the core-flattening diagnostic",6a468472af4bbda8,400000,0,2026-09-26T10:27:24,DIAGNOSTIC
w44.4_m1.00_r0.940_T130_P225,shares_shift_abs,0.0020937,,,PASS,the largest move of a line's share from the thermal law to the depleted one: the physical shift,6a468472af4bbda8,400000,0,2026-09-26T10:27:24,DIAGNOSTIC
w44.4_m1.00_r0.940_T130_P225,cycles_on_axis,0.222656,,,PASS,excitation cycles on the central chord at the mean transverse speed,6a468472af4bbda8,400000,0,2026-09-26T10:27:24,DIAGNOSTIC
w44.4_m1.00_r0.940_T130_P225,cycles_mean_over_chords,0.0340509,,,PASS,the flux-weighted mean over every chord,6a468472af4bbda8,400000,0,2026-09-26T10:27:24,DIAGNOSTIC
w44.4_m1.00_r0.940_T130_P25,transit_fwhm_rel,1.37064,1.36873,,PASS,the Monte Carlo against the form the fit uses at this node,6a468472af4bbda8,400000,0,2026-09-26T10:27:26,DIAGNOSTIC
w44.4_m1.00_r0.940_T130_P25,transit_shape_rel,1.00032,1,,PASS,the Monte Carlo against the form the fit uses at this node,6a468472af4bbda8,400000,0,2026-09-26T10:27:26,DIAGNOSTIC
w44.4_m1.00_r0.940_T130_P25,ramp_mu2_rel,0.050193,0.0501462,,PASS,the Monte Carlo against the form the fit uses at this node,6a468472af4bbda8,400000,0,2026-09-26T10:27:26,DIAGNOSTIC
w44.4_m1.00_r0.940_T130_P25,ramp_mu3_rel,-0.00671844,-0.0066806,,PASS,the Monte Carlo against the form the fit uses at this node,6a468472af4bbda8,400000,0,2026-09-26T10:27:26,DIAGNOSTIC
w44.4_m1.00_r0.940_T130_P25,amplitude_power_law_abs,1.99699,1.99694,,PASS,the Monte Carlo against the form the fit uses at this node,6a468472af4bbda8,400000,0,2026-09-26T10:27:26,DIAGNOSTIC
w44.4_m1.00_r0.940_T130_P25,shares_abs,8.32412e-06,0,,PASS,the Monte Carlo against the form the fit uses at this node,6a468472af4bbda8,400000,0,2026-09-26T10:27:26,DIAGNOSTIC
w44.4_m1.00_r0.940_T130_P25,joint_shape_abs,0.00391902,0,,PASS,the Monte Carlo against the form the fit uses at this node,6a468472af4bbda8,400000,0,2026-09-26T10:27:26,DIAGNOSTIC
w44.4_m1.00_r0.940_T130_P25,joint_moment_sigma_abs,1.2714,0,,PASS,the Monte Carlo against the form the fit uses at this node,6a468472af4bbda8,400000,0,2026-09-26T10:27:26,DIAGNOSTIC
w44.4_m1.00_r0.940_T130_P25,depleted_line_abs,0.000253249,0,,PASS,the Monte Carlo against the form the fit uses at this node,6a468472af4bbda8,400000,0,2026-09-26T10:27:26,DIAGNOSTIC
w44.4_m1.00_r0.940_T130_P25,depletion_widening_rel_4207,0.000139081,,,PASS,"what a transit fit reads from the surviving kernel after the natural Lorentzian, over the bare one: the factor the fit carries",6a468472af4bbda8,400000,0,2026-09-26T10:27:26,DIAGNOSTIC
w44.4_m1.00_r0.940_T130_P25,depletion_widening_rel_4192,0.000154373,,,PASS,"what a transit fit reads from the surviving kernel after the natural Lorentzian, over the bare one: the factor the fit carries",6a468472af4bbda8,400000,0,2026-09-26T10:27:26,DIAGNOSTIC
w44.4_m1.00_r0.940_T130_P25,depletion_widening_rel_4154,0.000215381,,,PASS,"what a transit fit reads from the surviving kernel after the natural Lorentzian, over the bare one: the factor the fit carries",6a468472af4bbda8,400000,0,2026-09-26T10:27:26,DIAGNOSTIC
w44.4_m1.00_r0.940_T130_P25,depletion_widening_rel_4121,0.000230598,,,PASS,"what a transit fit reads from the surviving kernel after the natural Lorentzian, over the bare one: the factor the fit carries",6a468472af4bbda8,400000,0,2026-09-26T10:27:26,DIAGNOSTIC
w44.4_m1.00_r0.940_T130_P25,depletion_fwhm_rel_4207,0.0025154,,,PASS,"the surviving transit kernel's FWHM over the bare collected kernel's, the core-flattening diagnostic",6a468472af4bbda8,400000,0,2026-09-26T10:27:26,DIAGNOSTIC
w44.4_m1.00_r0.940_T130_P25,depletion_fwhm_rel_4192,0.00275118,,,PASS,"the surviving transit kernel's FWHM over the bare collected kernel's, the core-flattening diagnostic",6a468472af4bbda8,400000,0,2026-09-26T10:27:26,DIAGNOSTIC
w44.4_m1.00_r0.940_T130_P25,depletion_fwhm_rel_4154,0.00365752,,,PASS,"the surviving transit kernel's FWHM over the bare collected kernel's, the core-flattening diagnostic",6a468472af4bbda8,400000,0,2026-09-26T10:27:26,DIAGNOSTIC
w44.4_m1.00_r0.940_T130_P25,depletion_fwhm_rel_4121,0.00387636,,,PASS,"the surviving transit kernel's FWHM over the bare collected kernel's, the core-flattening diagnostic",6a468472af4bbda8,400000,0,2026-09-26T10:27:26,DIAGNOSTIC
w44.4_m1.00_r0.940_T130_P25,shares_shift_abs,3.16828e-05,,,PASS,the largest move of a line's share from the thermal law to the depleted one: the physical shift,6a468472af4bbda8,400000,0,2026-09-26T10:27:26,DIAGNOSTIC
w44.4_m1.00_r0.940_T130_P25,cycles_on_axis,0.0030975,,,PASS,excitation cycles on the central chord at the mean transverse speed,6a468472af4bbda8,400000,0,2026-09-26T10:27:26,DIAGNOSTIC
w44.4_m1.00_r0.940_T130_P25,cycles_mean_over_chords,0.000457728,,,PASS,the flux-weighted mean over every chord,6a468472af4bbda8,400000,0,2026-09-26T10:27:26,DIAGNOSTIC
w44.4_m1.00_r0.940_T130_P270,transit_fwhm_rel,1.37068,1.36983,,PASS,the Monte Carlo against the form the fit uses at this node,6a468472af4bbda8,400000,0,2026-09-26T10:28:47,DIAGNOSTIC
w44.4_m1.00_r0.940_T130_P270,transit_shape_rel,1.00031,1,,PASS,the Monte Carlo against the form the fit uses at this node,6a468472af4bbda8,400000,0,2026-09-26T10:28:47,DIAGNOSTIC
w44.4_m1.00_r0.940_T130_P270,ramp_mu2_rel,0.0513985,0.0513405,,PASS,the Monte Carlo against the form the fit uses at this node,6a468472af4bbda8,400000,0,2026-09-26T10:28:47,DIAGNOSTIC
w44.4_m1.00_r0.940_T130_P270,ramp_mu3_rel,-0.00615487,-0.00611867,,PASS,the Monte Carlo against the form the fit uses at this node,6a468472af4bbda8,400000,0,2026-09-26T10:28:47,DIAGNOSTIC
w44.4_m1.00_r0.940_T130_P270,amplitude_power_law_abs,1.72305,1.71657,,PASS,the Monte Carlo against the form the fit uses at this node,6a468472af4bbda8,400000,0,2026-09-26T10:28:47,DIAGNOSTIC
w44.4_m1.00_r0.940_T130_P270,shares_abs,0.00105974,0,,PASS,the Monte Carlo against the form the fit uses at this node,6a468472af4bbda8,400000,0,2026-09-26T10:28:47,DIAGNOSTIC
w44.4_m1.00_r0.940_T130_P270,joint_shape_abs,0.0076428,0,,PASS,the Monte Carlo against the form the fit uses at this node,6a468472af4bbda8,400000,0,2026-09-26T10:28:47,DIAGNOSTIC
w44.4_m1.00_r0.940_T130_P270,joint_moment_sigma_abs,2.0431,0,,PASS,the Monte Carlo against the form the fit uses at this node,6a468472af4bbda8,400000,0,2026-09-26T10:28:47,DIAGNOSTIC
w44.4_m1.00_r0.940_T130_P270,depleted_line_abs,0.000939659,0,,PASS,the Monte Carlo against the form the fit uses at this node,6a468472af4bbda8,400000,0,2026-09-26T10:28:47,DIAGNOSTIC
w44.4_m1.00_r0.940_T130_P270,depletion_widening_rel_4207,0.0122362,,,PASS,"what a transit fit reads from the surviving kernel after the natural Lorentzian, over the bare one: the factor the fit carries",6a468472af4bbda8,400000,0,2026-09-26T10:28:47,DIAGNOSTIC
w44.4_m1.00_r0.940_T130_P270,depletion_widening_rel_4192,0.0134726,,,PASS,"what a transit fit reads from the surviving kernel after the natural Lorentzian, over the bare one: the factor the fit carries",6a468472af4bbda8,400000,0,2026-09-26T10:28:47,DIAGNOSTIC
w44.4_m1.00_r0.940_T130_P270,depletion_widening_rel_4154,0.0182422,,,PASS,"what a transit fit reads from the surviving kernel after the natural Lorentzian, over the bare one: the factor the fit carries",6a468472af4bbda8,400000,0,2026-09-26T10:28:47,DIAGNOSTIC
w44.4_m1.00_r0.940_T130_P270,depletion_widening_rel_4121,0.0193946,,,PASS,"what a transit fit reads from the surviving kernel after the natural Lorentzian, over the bare one: the factor the fit carries",6a468472af4bbda8,400000,0,2026-09-26T10:28:47,DIAGNOSTIC
w44.4_m1.00_r0.940_T130_P270,depletion_fwhm_rel_4207,0.0938147,,,PASS,"the surviving transit kernel's FWHM over the bare collected kernel's, the core-flattening diagnostic",6a468472af4bbda8,400000,0,2026-09-26T10:28:47,DIAGNOSTIC
w44.4_m1.00_r0.940_T130_P270,depletion_fwhm_rel_4192,0.100763,,,PASS,"the surviving transit kernel's FWHM over the bare collected kernel's, the core-flattening diagnostic",6a468472af4bbda8,400000,0,2026-09-26T10:28:47,DIAGNOSTIC
w44.4_m1.00_r0.940_T130_P270,depletion_fwhm_rel_4154,0.126016,,,PASS,"the surviving transit kernel's FWHM over the bare collected kernel's, the core-flattening diagnostic",6a468472af4bbda8,400000,0,2026-09-26T10:28:47,DIAGNOSTIC
w44.4_m1.00_r0.940_T130_P270,depletion_fwhm_rel_4121,0.131776,,,PASS,"the surviving transit kernel's FWHM over the bare collected kernel's, the core-flattening diagnostic",6a468472af4bbda8,400000,0,2026-09-26T10:28:47,DIAGNOSTIC
w44.4_m1.00_r0.940_T130_P270,shares_shift_abs,0.00281588,,,PASS,the largest move of a line's share from the thermal law to the depleted one: the physical shift,6a468472af4bbda8,400000,0,2026-09-26T10:28:47,DIAGNOSTIC
w44.4_m1.00_r0.940_T130_P270,cycles_on_axis,0.305669,,,PASS,excitation cycles on the central chord at the mean transverse speed,6a468472af4bbda8,400000,0,2026-09-26T10:28:47,DIAGNOSTIC
w44.4_m1.00_r0.940_T130_P270,cycles_mean_over_chords,0.0473749,,,PASS,the flux-weighted mean over every chord,6a468472af4bbda8,400000,0,2026-09-26T10:28:47,DIAGNOSTIC
w44.4_m1.00_r0.940_T130_P75,transit_fwhm_rel,1.37064,1.36882,,PASS,the Monte Carlo against the form the fit uses at this node,6a468472af4bbda8,400000,0,2026-09-26T10:28:47,DIAGNOSTIC
w44.4_m1.00_r0.940_T130_P75,transit_shape_rel,1.00032,1,,PASS,the Monte Carlo against the form the fit uses at this node,6a468472af4bbda8,400000,0,2026-09-26T10:28:47,DIAGNOSTIC
w44.4_m1.00_r0.940_T130_P75,ramp_mu2_rel,0.0502856,0.0502379,,PASS,the Monte Carlo against the form the fit uses at this node,6a468472af4bbda8,400000,0,2026-09-26T10:28:47,DIAGNOSTIC
w44.4_m1.00_r0.940_T130_P75,ramp_mu3_rel,-0.00667672,-0.00663897,,PASS,the Monte Carlo against the form the fit uses at this node,6a468472af4bbda8,400000,0,2026-09-26T10:28:47,DIAGNOSTIC
w44.4_m1.00_r0.940_T130_P75,amplitude_power_law_abs,1.97343,1.97291,,PASS,the Monte Carlo against the form the fit uses at this node,6a468472af4bbda8,400000,0,2026-09-26T10:28:47,DIAGNOSTIC
w44.4_m1.00_r0.940_T130_P75,shares_abs,7.78178e-05,0,,PASS,the Monte Carlo against the form the fit uses at this node,6a468472af4bbda8,400000,0,2026-09-26T10:28:47,DIAGNOSTIC
w44.4_m1.00_r0.940_T130_P75,joint_shape_abs,0.00460778,0,,PASS,the Monte Carlo against the form the fit uses at this node,6a468472af4bbda8,400000,0,2026-09-26T10:28:47,DIAGNOSTIC
w44.4_m1.00_r0.940_T130_P75,joint_moment_sigma_abs,1.50864,0,,PASS,the Monte Carlo against the form the fit uses at this node,6a468472af4bbda8,400000,0,2026-09-26T10:28:47,DIAGNOSTIC
w44.4_m1.00_r0.940_T130_P75,depleted_line_abs,0.000320621,0,,PASS,the Monte Carlo against the form the fit uses at this node,6a468472af4bbda8,400000,0,2026-09-26T10:28:47,DIAGNOSTIC
w44.4_m1.00_r0.940_T130_P75,depletion_widening_rel_4207,0.00120315,,,PASS,"what a transit fit reads from the surviving kernel after the natural Lorentzian, over the bare one: the factor the fit carries",6a468472af4bbda8,400000,0,2026-09-26T10:28:47,DIAGNOSTIC
w44.4_m1.00_r0.940_T130_P75,depletion_widening_rel_4192,0.00133411,,,PASS,"what a transit fit reads from the surviving kernel after the natural Lorentzian, over the bare one: the factor the fit carries",6a468472af4bbda8,400000,0,2026-09-26T10:28:47,DIAGNOSTIC
w44.4_m1.00_r0.940_T130_P75,depletion_widening_rel_4154,0.00185409,,,PASS,"what a transit fit reads from the surviving kernel after the natural Lorentzian, over the bare one: the factor the fit carries",6a468472af4bbda8,400000,0,2026-09-26T10:28:47,DIAGNOSTIC
w44.4_m1.00_r0.940_T130_P75,depletion_widening_rel_4121,0.00198318,,,PASS,"what a transit fit reads from the surviving kernel after the natural Lorentzian, over the bare one: the factor the fit carries",6a468472af4bbda8,400000,0,2026-09-26T10:28:47,DIAGNOSTIC
w44.4_m1.00_r0.940_T130_P75,depletion_fwhm_rel_4207,0.0153193,,,PASS,"the surviving transit kernel's FWHM over the bare collected kernel's, the core-flattening diagnostic",6a468472af4bbda8,400000,0,2026-09-26T10:28:47,DIAGNOSTIC
w44.4_m1.00_r0.940_T130_P75,depletion_fwhm_rel_4192,0.0166698,,,PASS,"the surviving transit kernel's FWHM over the bare collected kernel's, the core-flattening diagnostic",6a468472af4bbda8,400000,0,2026-09-26T10:28:47,DIAGNOSTIC
w44.4_m1.00_r0.940_T130_P75,depletion_fwhm_rel_4154,0.0217585,,,PASS,"the surviving transit kernel's FWHM over the bare collected kernel's, the core-flattening diagnostic",6a468472af4bbda8,400000,0,2026-09-26T10:28:47,DIAGNOSTIC
w44.4_m1.00_r0.940_T130_P75,depletion_fwhm_rel_4121,0.0229651,,,PASS,"the surviving transit kernel's FWHM over the bare collected kernel's, the core-flattening diagnostic",6a468472af4bbda8,400000,0,2026-09-26T10:28:47,DIAGNOSTIC
w44.4_m1.00_r0.940_T130_P75,shares_shift_abs,0.000277135,,,PASS,the largest move of a line's share from the thermal law to the depleted one: the physical shift,6a468472af4bbda8,400000,0,2026-09-26T10:28:47,DIAGNOSTIC
w44.4_m1.00_r0.940_T130_P75,cycles_on_axis,0.0275225,,,PASS,excitation cycles on the central chord at the mean transverse speed,6a468472af4bbda8,400000,0,2026-09-26T10:28:47,DIAGNOSTIC
w44.4_m1.00_r0.940_T130_P75,cycles_mean_over_chords,0.00408235,,,PASS,the flux-weighted mean over every chord,6a468472af4bbda8,400000,0,2026-09-26T10:28:47,DIAGNOSTIC
w44.4_m1.00_r0.940_T130_P90,transit_fwhm_rel,1.37064,1.36887,,PASS,the Monte Carlo against the form the fit uses at this node,6a468472af4bbda8,400000,0,2026-09-26T10:28:49,DIAGNOSTIC
w44.4_m1.00_r0.940_T130_P90,transit_shape_rel,1.00032,1,,PASS,the Monte Carlo against the form the fit uses at this node,6a468472af4bbda8,400000,0,2026-09-26T10:28:49,DIAGNOSTIC
w44.4_m1.00_r0.940_T130_P90,ramp_mu2_rel,0.0503308,0.0502827,,PASS,the Monte Carlo against the form the fit uses at this node,6a468472af4bbda8,400000,0,2026-09-26T10:28:49,DIAGNOSTIC
w44.4_m1.00_r0.940_T130_P90,ramp_mu3_rel,-0.00665624,-0.00661854,,PASS,the Monte Carlo against the form the fit uses at this node,6a468472af4bbda8,400000,0,2026-09-26T10:28:49,DIAGNOSTIC
w44.4_m1.00_r0.940_T130_P90,amplitude_power_law_abs,1.9621,1.96134,,PASS,the Monte Carlo against the form the fit uses at this node,6a468472af4bbda8,400000,0,2026-09-26T10:28:49,DIAGNOSTIC
w44.4_m1.00_r0.940_T130_P90,shares_abs,0.000113376,0,,PASS,the Monte Carlo against the form the fit uses at this node,6a468472af4bbda8,400000,0,2026-09-26T10:28:49,DIAGNOSTIC
w44.4_m1.00_r0.940_T130_P90,joint_shape_abs,0.0048189,0,,PASS,the Monte Carlo against the form the fit uses at this node,6a468472af4bbda8,400000,0,2026-09-26T10:28:49,DIAGNOSTIC
w44.4_m1.00_r0.940_T130_P90,joint_moment_sigma_abs,1.56115,0,,PASS,the Monte Carlo against the form the fit uses at this node,6a468472af4bbda8,400000,0,2026-09-26T10:28:49,DIAGNOSTIC
w44.4_m1.00_r0.940_T130_P90,depleted_line_abs,0.000351939,0,,PASS,the Monte Carlo against the form the fit uses at this node,6a468472af4bbda8,400000,0,2026-09-26T10:28:49,DIAGNOSTIC
w44.4_m1.00_r0.940_T130_P90,depletion_widening_rel_4207,0.00171006,,,PASS,"what a transit fit reads from the surviving kernel after the natural Lorentzian, over the bare one: the factor the fit carries",6a468472af4bbda8,400000,0,2026-09-26T10:28:49,DIAGNOSTIC
w44.4_m1.00_r0.940_T130_P90,depletion_widening_rel_4192,0.00189536,,,PASS,"what a transit fit reads from the surviving kernel after the natural Lorentzian, over the bare one: the factor the fit carries",6a468472af4bbda8,400000,0,2026-09-26T10:28:49,DIAGNOSTIC
w44.4_m1.00_r0.940_T130_P90,depletion_widening_rel_4154,0.0026296,,,PASS,"what a transit fit reads from the surviving kernel after the natural Lorentzian, over the bare one: the factor the fit carries",6a468472af4bbda8,400000,0,2026-09-26T10:28:49,DIAGNOSTIC
w44.4_m1.00_r0.940_T130_P90,depletion_widening_rel_4121,0.00281153,,,PASS,"what a transit fit reads from the surviving kernel after the natural Lorentzian, over the bare one: the factor the fit carries",6a468472af4bbda8,400000,0,2026-09-26T10:28:49,DIAGNOSTIC
w44.4_m1.00_r0.940_T130_P90,depletion_fwhm_rel_4207,0.0203882,,,PASS,"the surviving transit kernel's FWHM over the bare collected kernel's, the core-flattening diagnostic",6a468472af4bbda8,400000,0,2026-09-26T10:28:49,DIAGNOSTIC
w44.4_m1.00_r0.940_T130_P90,depletion_fwhm_rel_4192,0.022147,,,PASS,"the surviving transit kernel's FWHM over the bare collected kernel's, the core-flattening diagnostic",6a468472af4bbda8,400000,0,2026-09-26T10:28:49,DIAGNOSTIC
w44.4_m1.00_r0.940_T130_P90,depletion_fwhm_rel_4154,0.028741,,,PASS,"the surviving transit kernel's FWHM over the bare collected kernel's, the core-flattening diagnostic",6a468472af4bbda8,400000,0,2026-09-26T10:28:49,DIAGNOSTIC
w44.4_m1.00_r0.940_T130_P90,depletion_fwhm_rel_4121,0.0302973,,,PASS,"the surviving transit kernel's FWHM over the bare collected kernel's, the core-flattening diagnostic",6a468472af4bbda8,400000,0,2026-09-26T10:28:49,DIAGNOSTIC
w44.4_m1.00_r0.940_T130_P90,shares_shift_abs,0.000394199,,,PASS,the largest move of a line's share from the thermal law to the depleted one: the physical shift,6a468472af4bbda8,400000,0,2026-09-26T10:28:49,DIAGNOSTIC
w44.4_m1.00_r0.940_T130_P90,cycles_on_axis,0.039385,,,PASS,excitation cycles on the central chord at the mean transverse speed,6a468472af4bbda8,400000,0,2026-09-26T10:28:49,DIAGNOSTIC
w44.4_m1.00_r0.940_T130_P90,cycles_mean_over_chords,0.00585254,,,PASS,the flux-weighted mean over every chord,6a468472af4bbda8,400000,0,2026-09-26T10:28:49,DIAGNOSTIC
w44.4_m1.00_r0.940_T70_P225,transit_fwhm_rel,1.26456,1.26352,,PASS,the Monte Carlo against the form the fit uses at this node,6a468472af4bbda8,400000,0,2026-09-26T10:30:00,DIAGNOSTIC
w44.4_m1.00_r0.940_T70_P225,transit_shape_rel,1.00031,1,,PASS,the Monte Carlo against the form the fit uses at this node,6a468472af4bbda8,400000,0,2026-09-26T10:30:00,DIAGNOSTIC
w44.4_m1.00_r0.940_T70_P225,ramp_mu2_rel,0.0510548,0.0509999,,PASS,the Monte Carlo against the form the fit uses at this node,6a468472af4bbda8,400000,0,2026-09-26T10:30:00,DIAGNOSTIC
w44.4_m1.00_r0.940_T70_P225,ramp_mu3_rel,-0.0063201,-0.00628334,,PASS,the Monte Carlo against the form the fit uses at this node,6a468472af4bbda8,400000,0,2026-09-26T10:30:00,DIAGNOSTIC
w44.4_m1.00_r0.940_T70_P225,amplitude_power_law_abs,1.79104,1.78574,,PASS,the Monte Carlo against the form the fit uses at this node,6a468472af4bbda8,400000,0,2026-09-26T10:30:00,DIAGNOSTIC
w44.4_m1.00_r0.940_T70_P225,shares_abs,0.000815959,0,,PASS,the Monte Carlo against the form the fit uses at this node,6a468472af4bbda8,400000,0,2026-09-26T10:30:00,DIAGNOSTIC
w44.4_m1.00_r0.940_T70_P225,joint_shape_abs,0.00685858,0,,PASS,the Monte Carlo against the form the fit uses at this node,6a468472af4bbda8,400000,0,2026-09-26T10:30:00,DIAGNOSTIC
w44.4_m1.00_r0.940_T70_P225,joint_moment_sigma_abs,2.35209,0,,PASS,the Monte Carlo against the form the fit uses at this node,6a468472af4bbda8,400000,0,2026-09-26T10:30:00,DIAGNOSTIC
w44.4_m1.00_r0.940_T70_P225,depleted_line_abs,0.000712374,0,,PASS,the Monte Carlo against the form the fit uses at this node,6a468472af4bbda8,400000,0,2026-09-26T10:30:00,DIAGNOSTIC
w44.4_m1.00_r0.940_T70_P225,depletion_widening_rel_4207,0.00963996,,,PASS,"what a transit fit reads from the surviving kernel after the natural Lorentzian, over the bare one: the factor the fit carries",6a468472af4bbda8,400000,0,2026-09-26T10:30:00,DIAGNOSTIC
w44.4_m1.00_r0.940_T70_P225,depletion_widening_rel_4192,0.0106281,,,PASS,"what a transit fit reads from the surviving kernel after the natural Lorentzian, over the bare one: the factor the fit carries",6a468472af4bbda8,400000,0,2026-09-26T10:30:00,DIAGNOSTIC
w44.4_m1.00_r0.940_T70_P225,depletion_widening_rel_4154,0.0144596,,,PASS,"what a transit fit reads from the surviving kernel after the natural Lorentzian, over the bare one: the factor the fit carries",6a468472af4bbda8,400000,0,2026-09-26T10:30:00,DIAGNOSTIC
w44.4_m1.00_r0.940_T70_P225,depletion_widening_rel_4121,0.0153898,,,PASS,"what a transit fit reads from the surviving kernel after the natural Lorentzian, over the bare one: the factor the fit carries",6a468472af4bbda8,400000,0,2026-09-26T10:30:00,DIAGNOSTIC
w44.4_m1.00_r0.940_T70_P225,depletion_fwhm_rel_4207,0.0794075,,,PASS,"the surviving transit kernel's FWHM over the bare collected kernel's, the core-flattening diagnostic",6a468472af4bbda8,400000,0,2026-09-26T10:30:00,DIAGNOSTIC
w44.4_m1.00_r0.940_T70_P225,depletion_fwhm_rel_4192,0.0854369,,,PASS,"the surviving transit kernel's FWHM over the bare collected kernel's, the core-flattening diagnostic",6a468472af4bbda8,400000,0,2026-09-26T10:30:00,DIAGNOSTIC
w44.4_m1.00_r0.940_T70_P225,depletion_fwhm_rel_4154,0.107428,,,PASS,"the surviving transit kernel's FWHM over the bare collected kernel's, the core-flattening diagnostic",6a468472af4bbda8,400000,0,2026-09-26T10:30:00,DIAGNOSTIC
w44.4_m1.00_r0.940_T70_P225,depletion_fwhm_rel_4121,0.112477,,,PASS,"the surviving transit kernel's FWHM over the bare collected kernel's, the core-flattening diagnostic",6a468472af4bbda8,400000,0,2026-09-26T10:30:00,DIAGNOSTIC
w44.4_m1.00_r0.940_T70_P225,shares_shift_abs,0.00225616,,,PASS,the largest move of a line's share from the thermal law to the depleted one: the physical shift,6a468472af4bbda8,400000,0,2026-09-26T10:30:00,DIAGNOSTIC
w44.4_m1.00_r0.940_T70_P225,cycles_on_axis,0.241338,,,PASS,excitation cycles on the central chord at the mean transverse speed,6a468472af4bbda8,400000,0,2026-09-26T10:30:00,DIAGNOSTIC
w44.4_m1.00_r0.940_T70_P225,cycles_mean_over_chords,0.0369079,,,PASS,the flux-weighted mean over every chord,6a468472af4bbda8,400000,0,2026-09-26T10:30:00,DIAGNOSTIC
w44.4_m1.00_r0.940_T90_P225,transit_fwhm_rel,1.30089,1.29982,,PASS,the Monte Carlo against the form the fit uses at this node,6a468472af4bbda8,400000,0,2026-09-26T10:30:00,DIAGNOSTIC
w44.4_m1.00_r0.940_T90_P225,transit_shape_rel,1.00031,1,,PASS,the Monte Carlo against the form the fit uses at this node,6a468472af4bbda8,400000,0,2026-09-26T10:30:00,DIAGNOSTIC
w44.4_m1.00_r0.940_T90_P225,ramp_mu2_rel,0.0510548,0.0509999,,PASS,the Monte Carlo against the form the fit uses at this node,6a468472af4bbda8,400000,0,2026-09-26T10:30:00,DIAGNOSTIC
w44.4_m1.00_r0.940_T90_P225,ramp_mu3_rel,-0.0063201,-0.00628334,,PASS,the Monte Carlo against the form the fit uses at this node,6a468472af4bbda8,400000,0,2026-09-26T10:30:00,DIAGNOSTIC
w44.4_m1.00_r0.940_T90_P225,amplitude_power_law_abs,1.79236,1.78722,,PASS,the Monte Carlo against the form the fit uses at this node,6a468472af4bbda8,400000,0,2026-09-26T10:30:00,DIAGNOSTIC
w44.4_m1.00_r0.940_T90_P225,shares_abs,0.000789827,0,,PASS,the Monte Carlo against the form the fit uses at this node,6a468472af4bbda8,400000,0,2026-09-26T10:30:00,DIAGNOSTIC
w44.4_m1.00_r0.940_T90_P225,joint_shape_abs,0.00688227,0,,PASS,the Monte Carlo against the form the fit uses at this node,6a468472af4bbda8,400000,0,2026-09-26T10:30:00,DIAGNOSTIC
w44.4_m1.00_r0.940_T90_P225,joint_moment_sigma_abs,2.42565,0,,PASS,the Monte Carlo against the form the fit uses at this node,6a468472af4bbda8,400000,0,2026-09-26T10:30:00,DIAGNOSTIC
w44.4_m1.00_r0.940_T90_P225,depleted_line_abs,0.000733993,0,,PASS,the Monte Carlo against the form the fit uses at this node,6a468472af4bbda8,400000,0,2026-09-26T10:30:00,DIAGNOSTIC
w44.4_m1.00_r0.940_T90_P225,depletion_widening_rel_4207,0.00944289,,,PASS,"what a transit fit reads from the surviving kernel after the natural Lorentzian, over the bare one: the factor the fit carries",6a468472af4bbda8,400000,0,2026-09-26T10:30:00,DIAGNOSTIC
w44.4_m1.00_r0.940_T90_P225,depletion_widening_rel_4192,0.0104121,,,PASS,"what a transit fit reads from the surviving kernel after the natural Lorentzian, over the bare one: the factor the fit carries",6a468472af4bbda8,400000,0,2026-09-26T10:30:00,DIAGNOSTIC
w44.4_m1.00_r0.940_T90_P225,depletion_widening_rel_4154,0.014172,,,PASS,"what a transit fit reads from the surviving kernel after the natural Lorentzian, over the bare one: the factor the fit carries",6a468472af4bbda8,400000,0,2026-09-26T10:30:00,DIAGNOSTIC
w44.4_m1.00_r0.940_T90_P225,depletion_widening_rel_4121,0.0150852,,,PASS,"what a transit fit reads from the surviving kernel after the natural Lorentzian, over the bare one: the factor the fit carries",6a468472af4bbda8,400000,0,2026-09-26T10:30:00,DIAGNOSTIC
w44.4_m1.00_r0.940_T90_P225,depletion_fwhm_rel_4207,0.0778561,,,PASS,"the surviving transit kernel's FWHM over the bare collected kernel's, the core-flattening diagnostic",6a468472af4bbda8,400000,0,2026-09-26T10:30:00,DIAGNOSTIC
w44.4_m1.00_r0.940_T90_P225,depletion_fwhm_rel_4192,0.0837712,,,PASS,"the surviving transit kernel's FWHM over the bare collected kernel's, the core-flattening diagnostic",6a468472af4bbda8,400000,0,2026-09-26T10:30:00,DIAGNOSTIC
w44.4_m1.00_r0.940_T90_P225,depletion_fwhm_rel_4154,0.105406,,,PASS,"the surviving transit kernel's FWHM over the bare collected kernel's, the core-flattening diagnostic",6a468472af4bbda8,400000,0,2026-09-26T10:30:00,DIAGNOSTIC
w44.4_m1.00_r0.940_T90_P225,depletion_fwhm_rel_4121,0.110382,,,PASS,"the surviving transit kernel's FWHM over the bare collected kernel's, the core-flattening diagnostic",6a468472af4bbda8,400000,0,2026-09-26T10:30:00,DIAGNOSTIC
w44.4_m1.00_r0.940_T90_P225,shares_shift_abs,0.00219773,,,PASS,the largest move of a line's share from the thermal law to the depleted one: the physical shift,6a468472af4bbda8,400000,0,2026-09-26T10:30:00,DIAGNOSTIC
w44.4_m1.00_r0.940_T90_P225,cycles_on_axis,0.234599,,,PASS,excitation cycles on the central chord at the mean transverse speed,6a468472af4bbda8,400000,0,2026-09-26T10:30:00,DIAGNOSTIC
w44.4_m1.00_r0.940_T90_P225,cycles_mean_over_chords,0.0358772,,,PASS,the flux-weighted mean over every chord,6a468472af4bbda8,400000,0,2026-09-26T10:30:00,DIAGNOSTIC
w45.0_m1.00_r0.940_T130_P225,transit_fwhm_rel,1.3515,1.35063,,PASS,the Monte Carlo against the form the fit uses at this node,6a468472af4bbda8,400000,0,2026-09-26T09:22:19,DIAGNOSTIC
w45.0_m1.00_r0.940_T130_P225,transit_shape_rel,1.00031,1,,PASS,the Monte Carlo against the form the fit uses at this node,6a468472af4bbda8,400000,0,2026-09-26T09:22:19,DIAGNOSTIC
w45.0_m1.00_r0.940_T130_P225,ramp_mu2_rel,0.0511047,0.0510483,,PASS,the Monte Carlo against the form the fit uses at this node,6a468472af4bbda8,400000,0,2026-09-26T09:22:19,DIAGNOSTIC
w45.0_m1.00_r0.940_T130_P225,ramp_mu3_rel,-0.00632997,-0.00629214,,PASS,the Monte Carlo against the form the fit uses at this node,6a468472af4bbda8,400000,0,2026-09-26T09:22:19,DIAGNOSTIC
w45.0_m1.00_r0.940_T130_P225,amplitude_power_law_abs,1.8034,1.79858,,PASS,the Monte Carlo against the form the fit uses at this node,6a468472af4bbda8,400000,0,2026-09-26T09:22:19,DIAGNOSTIC
w45.0_m1.00_r0.940_T130_P225,shares_abs,0.000717529,0,,PASS,the Monte Carlo against the form the fit uses at this node,6a468472af4bbda8,400000,0,2026-09-26T09:22:19,DIAGNOSTIC
w45.0_m1.00_r0.940_T130_P225,joint_shape_abs,0.00660268,0,,PASS,the Monte Carlo against the form the fit uses at this node,6a468472af4bbda8,400000,0,2026-09-26T09:22:19,DIAGNOSTIC
w45.0_m1.00_r0.940_T130_P225,joint_moment_sigma_abs,2.40499,0,,PASS,the Monte Carlo against the form the fit uses at this node,6a468472af4bbda8,400000,0,2026-09-26T09:22:19,DIAGNOSTIC
w45.0_m1.00_r0.940_T130_P225,depleted_line_abs,0.000744509,0,,PASS,the Monte Carlo against the form the fit uses at this node,6a468472af4bbda8,400000,0,2026-09-26T09:22:19,DIAGNOSTIC
w45.0_m1.00_r0.940_T130_P225,depletion_widening_rel_4207,0.00876723,,,PASS,"what a transit fit reads from the surviving kernel after the natural Lorentzian, over the bare one: the factor the fit carries",6a468472af4bbda8,400000,0,2026-09-26T09:22:19,DIAGNOSTIC
w45.0_m1.00_r0.940_T130_P225,depletion_widening_rel_4192,0.00967087,,,PASS,"what a transit fit reads from the surviving kernel after the natural Lorentzian, over the bare one: the factor the fit carries",6a468472af4bbda8,400000,0,2026-09-26T09:22:19,DIAGNOSTIC
w45.0_m1.00_r0.940_T130_P225,depletion_widening_rel_4154,0.0131819,,,PASS,"what a transit fit reads from the surviving kernel after the natural Lorentzian, over the bare one: the factor the fit carries",6a468472af4bbda8,400000,0,2026-09-26T09:22:19,DIAGNOSTIC
w45.0_m1.00_r0.940_T130_P225,depletion_widening_rel_4121,0.014036,,,PASS,"what a transit fit reads from the surviving kernel after the natural Lorentzian, over the bare one: the factor the fit carries",6a468472af4bbda8,400000,0,2026-09-26T09:22:19,DIAGNOSTIC
w45.0_m1.00_r0.940_T130_P225,depletion_fwhm_rel_4207,0.0731946,,,PASS,"the surviving transit kernel's FWHM over the bare collected kernel's, the core-flattening diagnostic",6a468472af4bbda8,400000,0,2026-09-26T09:22:19,DIAGNOSTIC
w45.0_m1.00_r0.940_T130_P225,depletion_fwhm_rel_4192,0.078804,,,PASS,"the surviving transit kernel's FWHM over the bare collected kernel's, the core-flattening diagnostic",6a468472af4bbda8,400000,0,2026-09-26T09:22:19,DIAGNOSTIC
w45.0_m1.00_r0.940_T130_P225,depletion_fwhm_rel_4154,0.0993118,,,PASS,"the surviving transit kernel's FWHM over the bare collected kernel's, the core-flattening diagnostic",6a468472af4bbda8,400000,0,2026-09-26T09:22:19,DIAGNOSTIC
w45.0_m1.00_r0.940_T130_P225,depletion_fwhm_rel_4121,0.104063,,,PASS,"the surviving transit kernel's FWHM over the bare collected kernel's, the core-flattening diagnostic",6a468472af4bbda8,400000,0,2026-09-26T09:22:19,DIAGNOSTIC
w45.0_m1.00_r0.940_T130_P225,shares_shift_abs,0.00202537,,,PASS,the largest move of a line's share from the thermal law to the depleted one: the physical shift,6a468472af4bbda8,400000,0,2026-09-26T09:22:19,DIAGNOSTIC
w45.0_m1.00_r0.940_T130_P225,cycles_on_axis,0.215129,,,PASS,excitation cycles on the central chord at the mean transverse speed,6a468472af4bbda8,400000,0,2026-09-26T09:22:19,DIAGNOSTIC
w45.0_m1.00_r0.940_T130_P225,cycles_mean_over_chords,0.0328452,,,PASS,the flux-weighted mean over every chord,6a468472af4bbda8,400000,0,2026-09-26T09:22:19,DIAGNOSTIC
w46.0_m1.00_r0.940_T110_P225,transit_fwhm_rel,1.28809,1.28758,,PASS,the Monte Carlo against the form the fit uses at this node,6a468472af4bbda8,400000,0,2026-09-26T10:31:28,DIAGNOSTIC
w46.0_m1.00_r0.940_T110_P225,transit_shape_rel,1.00031,1,,PASS,the Monte Carlo against the form the fit uses at this node,6a468472af4bbda8,400000,0,2026-09-26T10:31:28,DIAGNOSTIC
w46.0_m1.00_r0.940_T110_P225,ramp_mu2_rel,0.0511828,0.051124,,PASS,the Monte Carlo against the form the fit uses at this node,6a468472af4bbda8,400000,0,2026-09-26T10:31:28,DIAGNOSTIC
w46.0_m1.00_r0.940_T110_P225,ramp_mu3_rel,-0.00634698,-0.00630736,,PASS,the Monte Carlo against the form the fit uses at this node,6a468472af4bbda8,400000,0,2026-09-26T10:31:28,DIAGNOSTIC
w46.0_m1.00_r0.940_T110_P225,amplitude_power_law_abs,1.81587,1.81105,,PASS,the Monte Carlo against the form the fit uses at this node,6a468472af4bbda8,400000,0,2026-09-26T10:31:28,DIAGNOSTIC
w46.0_m1.00_r0.940_T110_P225,shares_abs,0.000696399,0,,PASS,the Monte Carlo against the form the fit uses at this node,6a468472af4bbda8,400000,0,2026-09-26T10:31:28,DIAGNOSTIC
w46.0_m1.00_r0.940_T110_P225,joint_shape_abs,0.00606982,0,,PASS,the Monte Carlo against the form the fit uses at this node,6a468472af4bbda8,400000,0,2026-09-26T10:31:28,DIAGNOSTIC
w46.0_m1.00_r0.940_T110_P225,joint_moment_sigma_abs,2.18807,0,,PASS,the Monte Carlo against the form the fit uses at this node,6a468472af4bbda8,400000,0,2026-09-26T10:31:28,DIAGNOSTIC
w46.0_m1.00_r0.940_T110_P225,depleted_line_abs,0.000678999,0,,PASS,the Monte Carlo against the form the fit uses at this node,6a468472af4bbda8,400000,0,2026-09-26T10:31:28,DIAGNOSTIC
w46.0_m1.00_r0.940_T110_P225,depletion_widening_rel_4207,0.00841273,,,PASS,"what a transit fit reads from the surviving kernel after the natural Lorentzian, over the bare one: the factor the fit carries",6a468472af4bbda8,400000,0,2026-09-26T10:31:28,DIAGNOSTIC
w46.0_m1.00_r0.940_T110_P225,depletion_widening_rel_4192,0.00928148,,,PASS,"what a transit fit reads from the surviving kernel after the natural Lorentzian, over the bare one: the factor the fit carries",6a468472af4bbda8,400000,0,2026-09-26T10:31:28,DIAGNOSTIC
w46.0_m1.00_r0.940_T110_P225,depletion_widening_rel_4154,0.0126594,,,PASS,"what a transit fit reads from the surviving kernel after the natural Lorentzian, over the bare one: the factor the fit carries",6a468472af4bbda8,400000,0,2026-09-26T10:31:28,DIAGNOSTIC
w46.0_m1.00_r0.940_T110_P225,depletion_widening_rel_4121,0.0134816,,,PASS,"what a transit fit reads from the surviving kernel after the natural Lorentzian, over the bare one: the factor the fit carries",6a468472af4bbda8,400000,0,2026-09-26T10:31:28,DIAGNOSTIC
w46.0_m1.00_r0.940_T110_P225,depletion_fwhm_rel_4207,0.0714633,,,PASS,"the surviving transit kernel's FWHM over the bare collected kernel's, the core-flattening diagnostic",6a468472af4bbda8,400000,0,2026-09-26T10:31:28,DIAGNOSTIC
w46.0_m1.00_r0.940_T110_P225,depletion_fwhm_rel_4192,0.0769637,,,PASS,"the surviving transit kernel's FWHM over the bare collected kernel's, the core-flattening diagnostic",6a468472af4bbda8,400000,0,2026-09-26T10:31:28,DIAGNOSTIC
w46.0_m1.00_r0.940_T110_P225,depletion_fwhm_rel_4154,0.0970656,,,PASS,"the surviving transit kernel's FWHM over the bare collected kernel's, the core-flattening diagnostic",6a468472af4bbda8,400000,0,2026-09-26T10:31:28,DIAGNOSTIC
w46.0_m1.00_r0.940_T110_P225,depletion_fwhm_rel_4121,0.101705,,,PASS,"the surviving transit kernel's FWHM over the bare collected kernel's, the core-flattening diagnostic",6a468472af4bbda8,400000,0,2026-09-26T10:31:28,DIAGNOSTIC
w46.0_m1.00_r0.940_T110_P225,shares_shift_abs,0.00196268,,,PASS,the largest move of a line's share from the thermal law to the depleted one: the physical shift,6a468472af4bbda8,400000,0,2026-09-26T10:31:28,DIAGNOSTIC
w46.0_m1.00_r0.940_T110_P225,cycles_on_axis,0.20847,,,PASS,excitation cycles on the central chord at the mean transverse speed,6a468472af4bbda8,400000,0,2026-09-26T10:31:28,DIAGNOSTIC
w46.0_m1.00_r0.940_T110_P225,cycles_mean_over_chords,0.0317471,,,PASS,the flux-weighted mean over every chord,6a468472af4bbda8,400000,0,2026-09-26T10:31:28,DIAGNOSTIC
w46.0_m1.00_r0.940_T130_P125,transit_fwhm_rel,1.32127,1.32041,,PASS,the Monte Carlo against the form the fit uses at this node,6a468472af4bbda8,400000,0,2026-09-26T10:31:27,DIAGNOSTIC
w46.0_m1.00_r0.940_T130_P125,transit_shape_rel,1.00031,1,,PASS,the Monte Carlo against the form the fit uses at this node,6a468472af4bbda8,400000,0,2026-09-26T10:31:27,DIAGNOSTIC
w46.0_m1.00_r0.940_T130_P125,ramp_mu2_rel,0.0506679,0.0506143,,PASS,the Monte Carlo against the form the fit uses at this node,6a468472af4bbda8,400000,0,2026-09-26T10:31:27,DIAGNOSTIC
w46.0_m1.00_r0.940_T130_P125,ramp_mu3_rel,-0.00659285,-0.00655257,,PASS,the Monte Carlo against the form the fit uses at this node,6a468472af4bbda8,400000,0,2026-09-26T10:31:27,DIAGNOSTIC
w46.0_m1.00_r0.940_T130_P125,amplitude_power_law_abs,1.93737,1.93592,,PASS,the Monte Carlo against the form the fit uses at this node,6a468472af4bbda8,400000,0,2026-09-26T10:31:27,DIAGNOSTIC
w46.0_m1.00_r0.940_T130_P125,shares_abs,0.000202298,0,,PASS,the Monte Carlo against the form the fit uses at this node,6a468472af4bbda8,400000,0,2026-09-26T10:31:27,DIAGNOSTIC
w46.0_m1.00_r0.940_T130_P125,joint_shape_abs,0.00466342,0,,PASS,the Monte Carlo against the form the fit uses at this node,6a468472af4bbda8,400000,0,2026-09-26T10:31:27,DIAGNOSTIC
w46.0_m1.00_r0.940_T130_P125,joint_moment_sigma_abs,1.88514,0,,PASS,the Monte Carlo against the form the fit uses at this node,6a468472af4bbda8,400000,0,2026-09-26T10:31:27,DIAGNOSTIC
w46.0_m1.00_r0.940_T130_P125,depleted_line_abs,0.000408617,0,,PASS,the Monte Carlo against the form the fit uses at this node,6a468472af4bbda8,400000,0,2026-09-26T10:31:27,DIAGNOSTIC
w46.0_m1.00_r0.940_T130_P125,depletion_widening_rel_4207,0.00286008,,,PASS,"what a transit fit reads from the surviving kernel after the natural Lorentzian, over the bare one: the factor the fit carries",6a468472af4bbda8,400000,0,2026-09-26T10:31:27,DIAGNOSTIC
w46.0_m1.00_r0.940_T130_P125,depletion_widening_rel_4192,0.00316701,,,PASS,"what a transit fit reads from the surviving kernel after the natural Lorentzian, over the bare one: the factor the fit carries",6a468472af4bbda8,400000,0,2026-09-26T10:31:27,DIAGNOSTIC
w46.0_m1.00_r0.940_T130_P125,depletion_widening_rel_4154,0.00437827,,,PASS,"what a transit fit reads from the surviving kernel after the natural Lorentzian, over the bare one: the factor the fit carries",6a468472af4bbda8,400000,0,2026-09-26T10:31:27,DIAGNOSTIC
w46.0_m1.00_r0.940_T130_P125,depletion_widening_rel_4121,0.00467724,,,PASS,"what a transit fit reads from the surviving kernel after the natural Lorentzian, over the bare one: the factor the fit carries",6a468472af4bbda8,400000,0,2026-09-26T10:31:27,DIAGNOSTIC
w46.0_m1.00_r0.940_T130_P125,depletion_fwhm_rel_4207,0.0309005,,,PASS,"the surviving transit kernel's FWHM over the bare collected kernel's, the core-flattening diagnostic",6a468472af4bbda8,400000,0,2026-09-26T10:31:27,DIAGNOSTIC
w46.0_m1.00_r0.940_T130_P125,depletion_fwhm_rel_4192,0.0334806,,,PASS,"the surviving transit kernel's FWHM over the bare collected kernel's, the core-flattening diagnostic",6a468472af4bbda8,400000,0,2026-09-26T10:31:27,DIAGNOSTIC
w46.0_m1.00_r0.940_T130_P125,depletion_fwhm_rel_4154,0.0431433,,,PASS,"the surviving transit kernel's FWHM over the bare collected kernel's, the core-flattening diagnostic",6a468472af4bbda8,400000,0,2026-09-26T10:31:27,DIAGNOSTIC
w46.0_m1.00_r0.940_T130_P125,depletion_fwhm_rel_4121,0.0454054,,,PASS,"the surviving transit kernel's FWHM over the bare collected kernel's, the core-flattening diagnostic",6a468472af4bbda8,400000,0,2026-09-26T10:31:27,DIAGNOSTIC
w46.0_m1.00_r0.940_T130_P125,shares_shift_abs,0.000664754,,,PASS,the largest move of a line's share from the thermal law to the depleted one: the physical shift,6a468472af4bbda8,400000,0,2026-09-26T10:31:27,DIAGNOSTIC
w46.0_m1.00_r0.940_T130_P125,cycles_on_axis,0.067393,,,PASS,excitation cycles on the central chord at the mean transverse speed,6a468472af4bbda8,400000,0,2026-09-26T10:31:27,DIAGNOSTIC
w46.0_m1.00_r0.940_T130_P125,cycles_mean_over_chords,0.0100542,,,PASS,the flux-weighted mean over every chord,6a468472af4bbda8,400000,0,2026-09-26T10:31:27,DIAGNOSTIC
w46.0_m1.00_r0.940_T130_P175,transit_fwhm_rel,1.32127,1.32057,,PASS,the Monte Carlo against the form the fit uses at this node,6a468472af4bbda8,400000,0,2026-09-26T10:32:52,DIAGNOSTIC
w46.0_m1.00_r0.940_T130_P175,transit_shape_rel,1.00031,1,,PASS,the Monte Carlo against the form the fit uses at this node,6a468472af4bbda8,400000,0,2026-09-26T10:32:52,DIAGNOSTIC
w46.0_m1.00_r0.940_T130_P175,ramp_mu2_rel,0.0508947,0.0508388,,PASS,the Monte Carlo against the form the fit uses at this node,6a468472af4bbda8,400000,0,2026-09-26T10:32:52,DIAGNOSTIC
w46.0_m1.00_r0.940_T130_P175,ramp_mu3_rel,-0.00648561,-0.0064456,,PASS,the Monte Carlo against the form the fit uses at this node,6a468472af4bbda8,400000,0,2026-09-26T10:32:52,DIAGNOSTIC
w46.0_m1.00_r0.940_T130_P175,amplitude_power_law_abs,1.88277,1.87986,,PASS,the Monte Carlo against the form the fit uses at this node,6a468472af4bbda8,400000,0,2026-09-26T10:32:52,DIAGNOSTIC
w46.0_m1.00_r0.940_T130_P175,shares_abs,0.000405857,0,,PASS,the Monte Carlo against the form the fit uses at this node,6a468472af4bbda8,400000,0,2026-09-26T10:32:52,DIAGNOSTIC
w46.0_m1.00_r0.940_T130_P175,joint_shape_abs,0.00534985,0,,PASS,the Monte Carlo against the form the fit uses at this node,6a468472af4bbda8,400000,0,2026-09-26T10:32:52,DIAGNOSTIC
w46.0_m1.00_r0.940_T130_P175,joint_moment_sigma_abs,1.67038,0,,PASS,the Monte Carlo against the form the fit uses at this node,6a468472af4bbda8,400000,0,2026-09-26T10:32:52,DIAGNOSTIC
w46.0_m1.00_r0.940_T130_P175,depleted_line_abs,0.000543025,0,,PASS,the Monte Carlo against the form the fit uses at this node,6a468472af4bbda8,400000,0,2026-09-26T10:32:52,DIAGNOSTIC
w46.0_m1.00_r0.940_T130_P175,depletion_widening_rel_4207,0.00531433,,,PASS,"what a transit fit reads from the surviving kernel after the natural Lorentzian, over the bare one: the factor the fit carries",6a468472af4bbda8,400000,0,2026-09-26T10:32:52,DIAGNOSTIC
w46.0_m1.00_r0.940_T130_P175,depletion_widening_rel_4192,0.00587433,,,PASS,"what a transit fit reads from the surviving kernel after the natural Lorentzian, over the bare one: the factor the fit carries",6a468472af4bbda8,400000,0,2026-09-26T10:32:52,DIAGNOSTIC
w46.0_m1.00_r0.940_T130_P175,depletion_widening_rel_4154,0.00806843,,,PASS,"what a transit fit reads from the surviving kernel after the natural Lorentzian, over the bare one: the factor the fit carries",6a468472af4bbda8,400000,0,2026-09-26T10:32:52,DIAGNOSTIC
w46.0_m1.00_r0.940_T130_P175,depletion_widening_rel_4121,0.00860631,,,PASS,"what a transit fit reads from the surviving kernel after the natural Lorentzian, over the bare one: the factor the fit carries",6a468472af4bbda8,400000,0,2026-09-26T10:32:52,DIAGNOSTIC
w46.0_m1.00_r0.940_T130_P175,depletion_fwhm_rel_4207,0.0501072,,,PASS,"the surviving transit kernel's FWHM over the bare collected kernel's, the core-flattening diagnostic",6a468472af4bbda8,400000,0,2026-09-26T10:32:52,DIAGNOSTIC
w46.0_m1.00_r0.940_T130_P175,depletion_fwhm_rel_4192,0.054136,,,PASS,"the surviving transit kernel's FWHM over the bare collected kernel's, the core-flattening diagnostic",6a468472af4bbda8,400000,0,2026-09-26T10:32:52,DIAGNOSTIC
w46.0_m1.00_r0.940_T130_P175,depletion_fwhm_rel_4154,0.0689485,,,PASS,"the surviving transit kernel's FWHM over the bare collected kernel's, the core-flattening diagnostic",6a468472af4bbda8,400000,0,2026-09-26T10:32:52,DIAGNOSTIC
w46.0_m1.00_r0.940_T130_P175,depletion_fwhm_rel_4121,0.0724067,,,PASS,"the surviving transit kernel's FWHM over the bare collected kernel's, the core-flattening diagnostic",6a468472af4bbda8,400000,0,2026-09-26T10:32:52,DIAGNOSTIC
w46.0_m1.00_r0.940_T130_P175,shares_shift_abs,0.00123467,,,PASS,the largest move of a line's share from the thermal law to the depleted one: the physical shift,6a468472af4bbda8,400000,0,2026-09-26T10:32:52,DIAGNOSTIC
w46.0_m1.00_r0.940_T130_P175,cycles_on_axis,0.127984,,,PASS,excitation cycles on the central chord at the mean transverse speed,6a468472af4bbda8,400000,0,2026-09-26T10:32:52,DIAGNOSTIC
w46.0_m1.00_r0.940_T130_P175,cycles_mean_over_chords,0.0192683,,,PASS,the flux-weighted mean over every chord,6a468472af4bbda8,400000,0,2026-09-26T10:32:52,DIAGNOSTIC
w46.0_m1.00_r0.940_T130_P180,transit_fwhm_rel,1.32127,1.32059,,PASS,the Monte Carlo against the form the fit uses at this node,6a468472af4bbda8,400000,0,2026-09-26T10:32:54,DIAGNOSTIC
w46.0_m1.00_r0.940_T130_P180,transit_shape_rel,1.00031,1,,PASS,the Monte Carlo against the form the fit uses at this node,6a468472af4bbda8,400000,0,2026-09-26T10:32:54,DIAGNOSTIC
w46.0_m1.00_r0.940_T130_P180,ramp_mu2_rel,0.0509209,0.0508647,,PASS,the Monte Carlo against the form the fit uses at this node,6a468472af4bbda8,400000,0,2026-09-26T10:32:54,DIAGNOSTIC
w46.0_m1.00_r0.940_T130_P180,ramp_mu3_rel,-0.00647311,-0.00643313,,PASS,the Monte Carlo against the form the fit uses at this node,6a468472af4bbda8,400000,0,2026-09-26T10:32:54,DIAGNOSTIC
w46.0_m1.00_r0.940_T130_P180,amplitude_power_law_abs,1.87662,1.87355,,PASS,the Monte Carlo against the form the fit uses at this node,6a468472af4bbda8,400000,0,2026-09-26T10:32:54,DIAGNOSTIC
w46.0_m1.00_r0.940_T130_P180,shares_abs,0.000430032,0,,PASS,the Monte Carlo against the form the fit uses at this node,6a468472af4bbda8,400000,0,2026-09-26T10:32:54,DIAGNOSTIC
w46.0_m1.00_r0.940_T130_P180,joint_shape_abs,0.00542409,0,,PASS,the Monte Carlo against the form the fit uses at this node,6a468472af4bbda8,400000,0,2026-09-26T10:32:54,DIAGNOSTIC
w46.0_m1.00_r0.940_T130_P180,joint_moment_sigma_abs,1.6647,0,,PASS,the Monte Carlo against the form the fit uses at this node,6a468472af4bbda8,400000,0,2026-09-26T10:32:54,DIAGNOSTIC
w46.0_m1.00_r0.940_T130_P180,depleted_line_abs,0.000557734,0,,PASS,the Monte Carlo against the form the fit uses at this node,6a468472af4bbda8,400000,0,2026-09-26T10:32:54,DIAGNOSTIC
w46.0_m1.00_r0.940_T130_P180,depletion_widening_rel_4207,0.00558959,,,PASS,"what a transit fit reads from the surviving kernel after the natural Lorentzian, over the bare one: the factor the fit carries",6a468472af4bbda8,400000,0,2026-09-26T10:32:54,DIAGNOSTIC
w46.0_m1.00_r0.940_T130_P180,depletion_widening_rel_4192,0.00617748,,,PASS,"what a transit fit reads from the surviving kernel after the natural Lorentzian, over the bare one: the factor the fit carries",6a468472af4bbda8,400000,0,2026-09-26T10:32:54,DIAGNOSTIC
w46.0_m1.00_r0.940_T130_P180,depletion_widening_rel_4154,0.00847918,,,PASS,"what a transit fit reads from the surviving kernel after the natural Lorentzian, over the bare one: the factor the fit carries",6a468472af4bbda8,400000,0,2026-09-26T10:32:54,DIAGNOSTIC
w46.0_m1.00_r0.940_T130_P180,depletion_widening_rel_4121,0.00904305,,,PASS,"what a transit fit reads from the surviving kernel after the natural Lorentzian, over the bare one: the factor the fit carries",6a468472af4bbda8,400000,0,2026-09-26T10:32:54,DIAGNOSTIC
w46.0_m1.00_r0.940_T130_P180,depletion_fwhm_rel_4207,0.0521035,,,PASS,"the surviving transit kernel's FWHM over the bare collected kernel's, the core-flattening diagnostic",6a468472af4bbda8,400000,0,2026-09-26T10:32:54,DIAGNOSTIC
w46.0_m1.00_r0.940_T130_P180,depletion_fwhm_rel_4192,0.0562696,,,PASS,"the surviving transit kernel's FWHM over the bare collected kernel's, the core-flattening diagnostic",6a468472af4bbda8,400000,0,2026-09-26T10:32:54,DIAGNOSTIC
w46.0_m1.00_r0.940_T130_P180,depletion_fwhm_rel_4154,0.0715972,,,PASS,"the surviving transit kernel's FWHM over the bare collected kernel's, the core-flattening diagnostic",6a468472af4bbda8,400000,0,2026-09-26T10:32:54,DIAGNOSTIC
w46.0_m1.00_r0.940_T130_P180,depletion_fwhm_rel_4121,0.0751652,,,PASS,"the surviving transit kernel's FWHM over the bare collected kernel's, the core-flattening diagnostic",6a468472af4bbda8,400000,0,2026-09-26T10:32:54,DIAGNOSTIC
w46.0_m1.00_r0.940_T130_P180,shares_shift_abs,0.00129852,,,PASS,the largest move of a line's share from the thermal law to the depleted one: the physical shift,6a468472af4bbda8,400000,0,2026-09-26T10:32:54,DIAGNOSTIC
w46.0_m1.00_r0.940_T130_P180,cycles_on_axis,0.134908,,,PASS,excitation cycles on the central chord at the mean transverse speed,6a468472af4bbda8,400000,0,2026-09-26T10:32:54,DIAGNOSTIC
w46.0_m1.00_r0.940_T130_P180,cycles_mean_over_chords,0.0203321,,,PASS,the flux-weighted mean over every chord,6a468472af4bbda8,400000,0,2026-09-26T10:32:54,DIAGNOSTIC
w46.0_m1.00_r0.940_T130_P225,transit_fwhm_rel,1.32128,1.32076,,PASS,the Monte Carlo against the form the fit uses at this node,6a468472af4bbda8,400000,0,2026-09-26T10:32:54,DIAGNOSTIC
w46.0_m1.00_r0.940_T130_P225,transit_shape_rel,1.00031,1,,PASS,the Monte Carlo against the form the fit uses at this node,6a468472af4bbda8,400000,0,2026-09-26T10:32:54,DIAGNOSTIC
w46.0_m1.00_r0.940_T130_P225,ramp_mu2_rel,0.0511828,0.051124,,PASS,the Monte Carlo against the form the fit uses at this node,6a468472af4bbda8,400000,0,2026-09-26T10:32:54,DIAGNOSTIC
w46.0_m1.00_r0.940_T130_P225,ramp_mu3_rel,-0.00634698,-0.00630736,,PASS,the Monte Carlo against the form the fit uses at this node,6a468472af4bbda8,400000,0,2026-09-26T10:32:54,DIAGNOSTIC
w46.0_m1.00_r0.940_T130_P225,amplitude_power_law_abs,1.81693,1.81222,,PASS,the Monte Carlo against the form the fit uses at this node,6a468472af4bbda8,400000,0,2026-09-26T10:32:54,DIAGNOSTIC
w46.0_m1.00_r0.940_T130_P225,shares_abs,0.000676473,0,,PASS,the Monte Carlo against the form the fit uses at this node,6a468472af4bbda8,400000,0,2026-09-26T10:32:54,DIAGNOSTIC
w46.0_m1.00_r0.940_T130_P225,joint_shape_abs,0.00607684,0,,PASS,the Monte Carlo against the form the fit uses at this node,6a468472af4bbda8,400000,0,2026-09-26T10:32:54,DIAGNOSTIC
w46.0_m1.00_r0.940_T130_P225,joint_moment_sigma_abs,2.24586,0,,PASS,the Monte Carlo against the form the fit uses at this node,6a468472af4bbda8,400000,0,2026-09-26T10:32:54,DIAGNOSTIC
w46.0_m1.00_r0.940_T130_P225,depleted_line_abs,0.00069699,0,,PASS,the Monte Carlo against the form the fit uses at this node,6a468472af4bbda8,400000,0,2026-09-26T10:32:54,DIAGNOSTIC
w46.0_m1.00_r0.940_T130_P225,depletion_widening_rel_4207,0.00825708,,,PASS,"what a transit fit reads from the surviving kernel after the natural Lorentzian, over the bare one: the factor the fit carries",6a468472af4bbda8,400000,0,2026-09-26T10:32:54,DIAGNOSTIC
w46.0_m1.00_r0.940_T130_P225,depletion_widening_rel_4192,0.00911067,,,PASS,"what a transit fit reads from the surviving kernel after the natural Lorentzian, over the bare one: the factor the fit carries",6a468472af4bbda8,400000,0,2026-09-26T10:32:54,DIAGNOSTIC
w46.0_m1.00_r0.940_T130_P225,depletion_widening_rel_4154,0.0124309,,,PASS,"what a transit fit reads from the surviving kernel after the natural Lorentzian, over the bare one: the factor the fit carries",6a468472af4bbda8,400000,0,2026-09-26T10:32:54,DIAGNOSTIC
w46.0_m1.00_r0.940_T130_P225,depletion_widening_rel_4121,0.0132394,,,PASS,"what a transit fit reads from the surviving kernel after the natural Lorentzian, over the bare one: the factor the fit carries",6a468472af4bbda8,400000,0,2026-09-26T10:32:54,DIAGNOSTIC
w46.0_m1.00_r0.940_T130_P225,depletion_fwhm_rel_4207,0.0701853,,,PASS,"the surviving transit kernel's FWHM over the bare collected kernel's, the core-flattening diagnostic",6a468472af4bbda8,400000,0,2026-09-26T10:32:54,DIAGNOSTIC
w46.0_m1.00_r0.940_T130_P225,depletion_fwhm_rel_4192,0.0756044,,,PASS,"the surviving transit kernel's FWHM over the bare collected kernel's, the core-flattening diagnostic",6a468472af4bbda8,400000,0,2026-09-26T10:32:54,DIAGNOSTIC
w46.0_m1.00_r0.940_T130_P225,depletion_fwhm_rel_4154,0.0954061,,,PASS,"the surviving transit kernel's FWHM over the bare collected kernel's, the core-flattening diagnostic",6a468472af4bbda8,400000,0,2026-09-26T10:32:54,DIAGNOSTIC
w46.0_m1.00_r0.940_T130_P225,depletion_fwhm_rel_4121,0.0999641,,,PASS,"the surviving transit kernel's FWHM over the bare collected kernel's, the core-flattening diagnostic",6a468472af4bbda8,400000,0,2026-09-26T10:32:54,DIAGNOSTIC
w46.0_m1.00_r0.940_T130_P225,shares_shift_abs,0.00191665,,,PASS,the largest move of a line's share from the thermal law to the depleted one: the physical shift,6a468472af4bbda8,400000,0,2026-09-26T10:32:54,DIAGNOSTIC
w46.0_m1.00_r0.940_T130_P225,cycles_on_axis,0.203233,,,PASS,excitation cycles on the central chord at the mean transverse speed,6a468472af4bbda8,400000,0,2026-09-26T10:32:54,DIAGNOSTIC
w46.0_m1.00_r0.940_T130_P225,cycles_mean_over_chords,0.0309496,,,PASS,the flux-weighted mean over every chord,6a468472af4bbda8,400000,0,2026-09-26T10:32:54,DIAGNOSTIC
w46.0_m1.00_r0.940_T130_P25,transit_fwhm_rel,1.32126,1.32025,,PASS,the Monte Carlo against the form the fit uses at this node,6a468472af4bbda8,400000,0,2026-09-26T10:34:15,DIAGNOSTIC
w46.0_m1.00_r0.940_T130_P25,transit_shape_rel,1.00031,1,,PASS,the Monte Carlo against the form the fit uses at this node,6a468472af4bbda8,400000,0,2026-09-26T10:34:15,DIAGNOSTIC
w46.0_m1.00_r0.940_T130_P25,ramp_mu2_rel,0.0504312,0.0503799,,PASS,the Monte Carlo against the form the fit uses at this node,6a468472af4bbda8,400000,0,2026-09-26T10:34:15,DIAGNOSTIC
w46.0_m1.00_r0.940_T130_P25,ramp_mu3_rel,-0.00670308,-0.00666255,,PASS,the Monte Carlo against the form the fit uses at this node,6a468472af4bbda8,400000,0,2026-09-26T10:34:15,DIAGNOSTIC
w46.0_m1.00_r0.940_T130_P25,amplitude_power_law_abs,1.99736,1.99731,,PASS,the Monte Carlo against the form the fit uses at this node,6a468472af4bbda8,400000,0,2026-09-26T10:34:15,DIAGNOSTIC
w46.0_m1.00_r0.940_T130_P25,shares_abs,7.53922e-06,0,,PASS,the Monte Carlo against the form the fit uses at this node,6a468472af4bbda8,400000,0,2026-09-26T10:34:15,DIAGNOSTIC
w46.0_m1.00_r0.940_T130_P25,joint_shape_abs,0.00348916,0,,PASS,the Monte Carlo against the form the fit uses at this node,6a468472af4bbda8,400000,0,2026-09-26T10:34:15,DIAGNOSTIC
w46.0_m1.00_r0.940_T130_P25,joint_moment_sigma_abs,1.21828,0,,PASS,the Monte Carlo against the form the fit uses at this node,6a468472af4bbda8,400000,0,2026-09-26T10:34:15,DIAGNOSTIC
w46.0_m1.00_r0.940_T130_P25,depleted_line_abs,0.000249826,0,,PASS,the Monte Carlo against the form the fit uses at this node,6a468472af4bbda8,400000,0,2026-09-26T10:34:15,DIAGNOSTIC
w46.0_m1.00_r0.940_T130_P25,depletion_widening_rel_4207,0.00012398,,,PASS,"what a transit fit reads from the surviving kernel after the natural Lorentzian, over the bare one: the factor the fit carries",6a468472af4bbda8,400000,0,2026-09-26T10:34:15,DIAGNOSTIC
w46.0_m1.00_r0.940_T130_P25,depletion_widening_rel_4192,0.000137614,,,PASS,"what a transit fit reads from the surviving kernel after the natural Lorentzian, over the bare one: the factor the fit carries",6a468472af4bbda8,400000,0,2026-09-26T10:34:15,DIAGNOSTIC
w46.0_m1.00_r0.940_T130_P25,depletion_widening_rel_4154,0.00019201,,,PASS,"what a transit fit reads from the surviving kernel after the natural Lorentzian, over the bare one: the factor the fit carries",6a468472af4bbda8,400000,0,2026-09-26T10:34:15,DIAGNOSTIC
w46.0_m1.00_r0.940_T130_P25,depletion_widening_rel_4121,0.000205579,,,PASS,"what a transit fit reads from the surviving kernel after the natural Lorentzian, over the bare one: the factor the fit carries",6a468472af4bbda8,400000,0,2026-09-26T10:34:15,DIAGNOSTIC
w46.0_m1.00_r0.940_T130_P25,depletion_fwhm_rel_4207,0.0022949,,,PASS,"the surviving transit kernel's FWHM over the bare collected kernel's, the core-flattening diagnostic",6a468472af4bbda8,400000,0,2026-09-26T10:34:15,DIAGNOSTIC
w46.0_m1.00_r0.940_T130_P25,depletion_fwhm_rel_4192,0.0025105,,,PASS,"the surviving transit kernel's FWHM over the bare collected kernel's, the core-flattening diagnostic",6a468472af4bbda8,400000,0,2026-09-26T10:34:15,DIAGNOSTIC
w46.0_m1.00_r0.940_T130_P25,depletion_fwhm_rel_4154,0.00333983,,,PASS,"the surviving transit kernel's FWHM over the bare collected kernel's, the core-flattening diagnostic",6a468472af4bbda8,400000,0,2026-09-26T10:34:15,DIAGNOSTIC
w46.0_m1.00_r0.940_T130_P25,depletion_fwhm_rel_4121,0.0035402,,,PASS,"the surviving transit kernel's FWHM over the bare collected kernel's, the core-flattening diagnostic",6a468472af4bbda8,400000,0,2026-09-26T10:34:15,DIAGNOSTIC
w46.0_m1.00_r0.940_T130_P25,shares_shift_abs,2.8445e-05,,,PASS,the largest move of a line's share from the thermal law to the depleted one: the physical shift,6a468472af4bbda8,400000,0,2026-09-26T10:34:15,DIAGNOSTIC
w46.0_m1.00_r0.940_T130_P25,cycles_on_axis,0.00278599,,,PASS,excitation cycles on the central chord at the mean transverse speed,6a468472af4bbda8,400000,0,2026-09-26T10:34:15,DIAGNOSTIC
w46.0_m1.00_r0.940_T130_P25,cycles_mean_over_chords,0.000411669,,,PASS,the flux-weighted mean over every chord,6a468472af4bbda8,400000,0,2026-09-26T10:34:15,DIAGNOSTIC
w46.0_m1.00_r0.940_T130_P270,transit_fwhm_rel,1.32129,1.32096,,PASS,the Monte Carlo against the form the fit uses at this node,6a468472af4bbda8,400000,0,2026-09-26T10:34:18,DIAGNOSTIC
w46.0_m1.00_r0.940_T130_P270,transit_shape_rel,1.00031,1,,PASS,the Monte Carlo against the form the fit uses at this node,6a468472af4bbda8,400000,0,2026-09-26T10:34:18,DIAGNOSTIC
w46.0_m1.00_r0.940_T130_P270,ramp_mu2_rel,0.0514863,0.0514246,,PASS,the Monte Carlo against the form the fit uses at this node,6a468472af4bbda8,400000,0,2026-09-26T10:34:18,DIAGNOSTIC
w46.0_m1.00_r0.940_T130_P270,ramp_mu3_rel,-0.00619804,-0.00615887,,PASS,the Monte Carlo against the form the fit uses at this node,6a468472af4bbda8,400000,0,2026-09-26T10:34:18,DIAGNOSTIC
w46.0_m1.00_r0.940_T130_P270,amplitude_power_law_abs,1.75142,1.74499,,PASS,the Monte Carlo against the form the fit uses at this node,6a468472af4bbda8,400000,0,2026-09-26T10:34:18,DIAGNOSTIC
w46.0_m1.00_r0.940_T130_P270,shares_abs,0.00096894,0,,PASS,the Monte Carlo against the form the fit uses at this node,6a468472af4bbda8,400000,0,2026-09-26T10:34:18,DIAGNOSTIC
w46.0_m1.00_r0.940_T130_P270,joint_shape_abs,0.00673965,0,,PASS,the Monte Carlo against the form the fit uses at this node,6a468472af4bbda8,400000,0,2026-09-26T10:34:18,DIAGNOSTIC
w46.0_m1.00_r0.940_T130_P270,joint_moment_sigma_abs,2.29168,0,,PASS,the Monte Carlo against the form the fit uses at this node,6a468472af4bbda8,400000,0,2026-09-26T10:34:18,DIAGNOSTIC
w46.0_m1.00_r0.940_T130_P270,depleted_line_abs,0.000843546,0,,PASS,the Monte Carlo against the form the fit uses at this node,6a468472af4bbda8,400000,0,2026-09-26T10:34:18,DIAGNOSTIC
w46.0_m1.00_r0.940_T130_P270,depletion_widening_rel_4207,0.0111813,,,PASS,"what a transit fit reads from the surviving kernel after the natural Lorentzian, over the bare one: the factor the fit carries",6a468472af4bbda8,400000,0,2026-09-26T10:34:18,DIAGNOSTIC
w46.0_m1.00_r0.940_T130_P270,depletion_widening_rel_4192,0.0123174,,,PASS,"what a transit fit reads from the surviving kernel after the natural Lorentzian, over the bare one: the factor the fit carries",6a468472af4bbda8,400000,0,2026-09-26T10:34:18,DIAGNOSTIC
w46.0_m1.00_r0.940_T130_P270,depletion_widening_rel_4154,0.0167092,,,PASS,"what a transit fit reads from the surviving kernel after the natural Lorentzian, over the bare one: the factor the fit carries",6a468472af4bbda8,400000,0,2026-09-26T10:34:18,DIAGNOSTIC
w46.0_m1.00_r0.940_T130_P270,depletion_widening_rel_4121,0.0177723,,,PASS,"what a transit fit reads from the surviving kernel after the natural Lorentzian, over the bare one: the factor the fit carries",6a468472af4bbda8,400000,0,2026-09-26T10:34:18,DIAGNOSTIC
w46.0_m1.00_r0.940_T130_P270,depletion_fwhm_rel_4207,0.0881836,,,PASS,"the surviving transit kernel's FWHM over the bare collected kernel's, the core-flattening diagnostic",6a468472af4bbda8,400000,0,2026-09-26T10:34:18,DIAGNOSTIC
w46.0_m1.00_r0.940_T130_P270,depletion_fwhm_rel_4192,0.0947838,,,PASS,"the surviving transit kernel's FWHM over the bare collected kernel's, the core-flattening diagnostic",6a468472af4bbda8,400000,0,2026-09-26T10:34:18,DIAGNOSTIC
w46.0_m1.00_r0.940_T130_P270,depletion_fwhm_rel_4154,0.118757,,,PASS,"the surviving transit kernel's FWHM over the bare collected kernel's, the core-flattening diagnostic",6a468472af4bbda8,400000,0,2026-09-26T10:34:18,DIAGNOSTIC
w46.0_m1.00_r0.940_T130_P270,depletion_fwhm_rel_4121,0.124269,,,PASS,"the surviving transit kernel's FWHM over the bare collected kernel's, the core-flattening diagnostic",6a468472af4bbda8,400000,0,2026-09-26T10:34:18,DIAGNOSTIC
w46.0_m1.00_r0.940_T130_P270,shares_shift_abs,0.0025931,,,PASS,the largest move of a line's share from the thermal law to the depleted one: the physical shift,6a468472af4bbda8,400000,0,2026-09-26T10:34:18,DIAGNOSTIC
w46.0_m1.00_r0.940_T130_P270,cycles_on_axis,0.280502,,,PASS,excitation cycles on the central chord at the mean transverse speed,6a468472af4bbda8,400000,0,2026-09-26T10:34:18,DIAGNOSTIC
w46.0_m1.00_r0.940_T130_P270,cycles_mean_over_chords,0.0432293,,,PASS,the flux-weighted mean over every chord,6a468472af4bbda8,400000,0,2026-09-26T10:34:18,DIAGNOSTIC
w46.0_m1.00_r0.940_T130_P75,transit_fwhm_rel,1.32126,1.3203,,PASS,the Monte Carlo against the form the fit uses at this node,6a468472af4bbda8,400000,0,2026-09-26T10:34:19,DIAGNOSTIC
w46.0_m1.00_r0.940_T130_P75,transit_shape_rel,1.00031,1,,PASS,the Monte Carlo against the form the fit uses at this node,6a468472af4bbda8,400000,0,2026-09-26T10:34:19,DIAGNOSTIC
w46.0_m1.00_r0.940_T130_P75,ramp_mu2_rel,0.0505113,0.0504592,,PASS,the Monte Carlo against the form the fit uses at this node,6a468472af4bbda8,400000,0,2026-09-26T10:34:19,DIAGNOSTIC
w46.0_m1.00_r0.940_T130_P75,ramp_mu3_rel,-0.00666599,-0.00662554,,PASS,the Monte Carlo against the form the fit uses at this node,6a468472af4bbda8,400000,0,2026-09-26T10:34:19,DIAGNOSTIC
w46.0_m1.00_r0.940_T130_P75,amplitude_power_law_abs,1.9767,1.97621,,PASS,the Monte Carlo against the form the fit uses at this node,6a468472af4bbda8,400000,0,2026-09-26T10:34:19,DIAGNOSTIC
w46.0_m1.00_r0.940_T130_P75,shares_abs,7.03177e-05,0,,PASS,the Monte Carlo against the form the fit uses at this node,6a468472af4bbda8,400000,0,2026-09-26T10:34:19,DIAGNOSTIC
w46.0_m1.00_r0.940_T130_P75,joint_shape_abs,0.00403801,0,,PASS,the Monte Carlo against the form the fit uses at this node,6a468472af4bbda8,400000,0,2026-09-26T10:34:19,DIAGNOSTIC
w46.0_m1.00_r0.940_T130_P75,joint_moment_sigma_abs,1.39563,0,,PASS,the Monte Carlo against the form the fit uses at this node,6a468472af4bbda8,400000,0,2026-09-26T10:34:19,DIAGNOSTIC
w46.0_m1.00_r0.940_T130_P75,depleted_line_abs,0.000306442,0,,PASS,the Monte Carlo against the form the fit uses at this node,6a468472af4bbda8,400000,0,2026-09-26T10:34:19,DIAGNOSTIC
w46.0_m1.00_r0.940_T130_P75,depletion_widening_rel_4207,0.00107518,,,PASS,"what a transit fit reads from the surviving kernel after the natural Lorentzian, over the bare one: the factor the fit carries",6a468472af4bbda8,400000,0,2026-09-26T10:34:19,DIAGNOSTIC
w46.0_m1.00_r0.940_T130_P75,depletion_widening_rel_4192,0.00119235,,,PASS,"what a transit fit reads from the surviving kernel after the natural Lorentzian, over the bare one: the factor the fit carries",6a468472af4bbda8,400000,0,2026-09-26T10:34:19,DIAGNOSTIC
w46.0_m1.00_r0.940_T130_P75,depletion_widening_rel_4154,0.0016578,,,PASS,"what a transit fit reads from the surviving kernel after the natural Lorentzian, over the bare one: the factor the fit carries",6a468472af4bbda8,400000,0,2026-09-26T10:34:19,DIAGNOSTIC
w46.0_m1.00_r0.940_T130_P75,depletion_widening_rel_4121,0.00177341,,,PASS,"what a transit fit reads from the surviving kernel after the natural Lorentzian, over the bare one: the factor the fit carries",6a468472af4bbda8,400000,0,2026-09-26T10:34:19,DIAGNOSTIC
w46.0_m1.00_r0.940_T130_P75,depletion_fwhm_rel_4207,0.0140764,,,PASS,"the surviving transit kernel's FWHM over the bare collected kernel's, the core-flattening diagnostic",6a468472af4bbda8,400000,0,2026-09-26T10:34:19,DIAGNOSTIC
w46.0_m1.00_r0.940_T130_P75,depletion_fwhm_rel_4192,0.0153093,,,PASS,"the surviving transit kernel's FWHM over the bare collected kernel's, the core-flattening diagnostic",6a468472af4bbda8,400000,0,2026-09-26T10:34:19,DIAGNOSTIC
w46.0_m1.00_r0.940_T130_P75,depletion_fwhm_rel_4154,0.0200083,,,PASS,"the surviving transit kernel's FWHM over the bare collected kernel's, the core-flattening diagnostic",6a468472af4bbda8,400000,0,2026-09-26T10:34:19,DIAGNOSTIC
w46.0_m1.00_r0.940_T130_P75,depletion_fwhm_rel_4121,0.0211256,,,PASS,"the surviving transit kernel's FWHM over the bare collected kernel's, the core-flattening diagnostic",6a468472af4bbda8,400000,0,2026-09-26T10:34:19,DIAGNOSTIC
w46.0_m1.00_r0.940_T130_P75,shares_shift_abs,0.000249526,,,PASS,the largest move of a line's share from the thermal law to the depleted one: the physical shift,6a468472af4bbda8,400000,0,2026-09-26T10:34:19,DIAGNOSTIC
w46.0_m1.00_r0.940_T130_P75,cycles_on_axis,0.0247962,,,PASS,excitation cycles on the central chord at the mean transverse speed,6a468472af4bbda8,400000,0,2026-09-26T10:34:19,DIAGNOSTIC
w46.0_m1.00_r0.940_T130_P75,cycles_mean_over_chords,0.00367593,,,PASS,the flux-weighted mean over every chord,6a468472af4bbda8,400000,0,2026-09-26T10:34:19,DIAGNOSTIC
w46.0_m1.00_r0.940_T130_P90,transit_fwhm_rel,1.32126,1.32033,,PASS,the Monte Carlo against the form the fit uses at this node,6a468472af4bbda8,400000,0,2026-09-26T10:35:40,DIAGNOSTIC
w46.0_m1.00_r0.940_T130_P90,transit_shape_rel,1.00031,1,,PASS,the Monte Carlo against the form the fit uses at this node,6a468472af4bbda8,400000,0,2026-09-26T10:35:40,DIAGNOSTIC
w46.0_m1.00_r0.940_T130_P90,ramp_mu2_rel,0.0505505,0.050498,,PASS,the Monte Carlo against the form the fit uses at this node,6a468472af4bbda8,400000,0,2026-09-26T10:35:40,DIAGNOSTIC
w46.0_m1.00_r0.940_T130_P90,ramp_mu3_rel,-0.00664776,-0.00660736,,PASS,the Monte Carlo against the form the fit uses at this node,6a468472af4bbda8,400000,0,2026-09-26T10:35:40,DIAGNOSTIC
w46.0_m1.00_r0.940_T130_P90,amplitude_power_law_abs,1.96672,1.96601,,PASS,the Monte Carlo against the form the fit uses at this node,6a468472af4bbda8,400000,0,2026-09-26T10:35:40,DIAGNOSTIC
w46.0_m1.00_r0.940_T130_P90,shares_abs,0.00010241,0,,PASS,the Monte Carlo against the form the fit uses at this node,6a468472af4bbda8,400000,0,2026-09-26T10:35:40,DIAGNOSTIC
w46.0_m1.00_r0.940_T130_P90,joint_shape_abs,0.00422596,0,,PASS,the Monte Carlo against the form the fit uses at this node,6a468472af4bbda8,400000,0,2026-09-26T10:35:40,DIAGNOSTIC
w46.0_m1.00_r0.940_T130_P90,joint_moment_sigma_abs,1.49588,0,,PASS,the Monte Carlo against the form the fit uses at this node,6a468472af4bbda8,400000,0,2026-09-26T10:35:40,DIAGNOSTIC
w46.0_m1.00_r0.940_T130_P90,depleted_line_abs,0.000332904,0,,PASS,the Monte Carlo against the form the fit uses at this node,6a468472af4bbda8,400000,0,2026-09-26T10:35:40,DIAGNOSTIC
w46.0_m1.00_r0.940_T130_P90,depletion_widening_rel_4207,0.00152993,,,PASS,"what a transit fit reads from the surviving kernel after the natural Lorentzian, over the bare one: the factor the fit carries",6a468472af4bbda8,400000,0,2026-09-26T10:35:40,DIAGNOSTIC
w46.0_m1.00_r0.940_T130_P90,depletion_widening_rel_4192,0.00169597,,,PASS,"what a transit fit reads from the surviving kernel after the natural Lorentzian, over the bare one: the factor the fit carries",6a468472af4bbda8,400000,0,2026-09-26T10:35:40,DIAGNOSTIC
w46.0_m1.00_r0.940_T130_P90,depletion_widening_rel_4154,0.00235433,,,PASS,"what a transit fit reads from the surviving kernel after the natural Lorentzian, over the bare one: the factor the fit carries",6a468472af4bbda8,400000,0,2026-09-26T10:35:40,DIAGNOSTIC
w46.0_m1.00_r0.940_T130_P90,depletion_widening_rel_4121,0.00251756,,,PASS,"what a transit fit reads from the surviving kernel after the natural Lorentzian, over the bare one: the factor the fit carries",6a468472af4bbda8,400000,0,2026-09-26T10:35:40,DIAGNOSTIC
w46.0_m1.00_r0.940_T130_P90,depletion_fwhm_rel_4207,0.0187507,,,PASS,"the surviving transit kernel's FWHM over the bare collected kernel's, the core-flattening diagnostic",6a468472af4bbda8,400000,0,2026-09-26T10:35:40,DIAGNOSTIC
w46.0_m1.00_r0.940_T130_P90,depletion_fwhm_rel_4192,0.0203795,,,PASS,"the surviving transit kernel's FWHM over the bare collected kernel's, the core-flattening diagnostic",6a468472af4bbda8,400000,0,2026-09-26T10:35:40,DIAGNOSTIC
w46.0_m1.00_r0.940_T130_P90,depletion_fwhm_rel_4154,0.0264956,,,PASS,"the surviving transit kernel's FWHM over the bare collected kernel's, the core-flattening diagnostic",6a468472af4bbda8,400000,0,2026-09-26T10:35:40,DIAGNOSTIC
w46.0_m1.00_r0.940_T130_P90,depletion_fwhm_rel_4121,0.0279411,,,PASS,"the surviving transit kernel's FWHM over the bare collected kernel's, the core-flattening diagnostic",6a468472af4bbda8,400000,0,2026-09-26T10:35:40,DIAGNOSTIC
w46.0_m1.00_r0.940_T130_P90,shares_shift_abs,0.000355363,,,PASS,the largest move of a line's share from the thermal law to the depleted one: the physical shift,6a468472af4bbda8,400000,0,2026-09-26T10:35:40,DIAGNOSTIC
w46.0_m1.00_r0.940_T130_P90,cycles_on_axis,0.0355123,,,PASS,excitation cycles on the central chord at the mean transverse speed,6a468472af4bbda8,400000,0,2026-09-26T10:35:40,DIAGNOSTIC
w46.0_m1.00_r0.940_T130_P90,cycles_mean_over_chords,0.00527293,,,PASS,the flux-weighted mean over every chord,6a468472af4bbda8,400000,0,2026-09-26T10:35:40,DIAGNOSTIC
w46.0_m1.00_r0.940_T70_P225,transit_fwhm_rel,1.219,1.21852,,PASS,the Monte Carlo against the form the fit uses at this node,6a468472af4bbda8,400000,0,2026-09-26T10:35:44,DIAGNOSTIC
w46.0_m1.00_r0.940_T70_P225,transit_shape_rel,1.00031,1,,PASS,the Monte Carlo against the form the fit uses at this node,6a468472af4bbda8,400000,0,2026-09-26T10:35:44,DIAGNOSTIC
w46.0_m1.00_r0.940_T70_P225,ramp_mu2_rel,0.0511828,0.051124,,PASS,the Monte Carlo against the form the fit uses at this node,6a468472af4bbda8,400000,0,2026-09-26T10:35:44,DIAGNOSTIC
w46.0_m1.00_r0.940_T70_P225,ramp_mu3_rel,-0.00634698,-0.00630736,,PASS,the Monte Carlo against the form the fit uses at this node,6a468472af4bbda8,400000,0,2026-09-26T10:35:44,DIAGNOSTIC
w46.0_m1.00_r0.940_T70_P225,amplitude_power_law_abs,1.81351,1.80841,,PASS,the Monte Carlo against the form the fit uses at this node,6a468472af4bbda8,400000,0,2026-09-26T10:35:44,DIAGNOSTIC
w46.0_m1.00_r0.940_T70_P225,shares_abs,0.000741683,0,,PASS,the Monte Carlo against the form the fit uses at this node,6a468472af4bbda8,400000,0,2026-09-26T10:35:44,DIAGNOSTIC
w46.0_m1.00_r0.940_T70_P225,joint_shape_abs,0.00605123,0,,PASS,the Monte Carlo against the form the fit uses at this node,6a468472af4bbda8,400000,0,2026-09-26T10:35:44,DIAGNOSTIC
w46.0_m1.00_r0.940_T70_P225,joint_moment_sigma_abs,2.06028,0,,PASS,the Monte Carlo against the form the fit uses at this node,6a468472af4bbda8,400000,0,2026-09-26T10:35:44,DIAGNOSTIC
w46.0_m1.00_r0.940_T70_P225,depleted_line_abs,0.000639492,0,,PASS,the Monte Carlo against the form the fit uses at this node,6a468472af4bbda8,400000,0,2026-09-26T10:35:44,DIAGNOSTIC
w46.0_m1.00_r0.940_T70_P225,depletion_widening_rel_4207,0.00876303,,,PASS,"what a transit fit reads from the surviving kernel after the natural Lorentzian, over the bare one: the factor the fit carries",6a468472af4bbda8,400000,0,2026-09-26T10:35:44,DIAGNOSTIC
w46.0_m1.00_r0.940_T70_P225,depletion_widening_rel_4192,0.00966552,,,PASS,"what a transit fit reads from the surviving kernel after the natural Lorentzian, over the bare one: the factor the fit carries",6a468472af4bbda8,400000,0,2026-09-26T10:35:44,DIAGNOSTIC
w46.0_m1.00_r0.940_T70_P225,depletion_widening_rel_4154,0.0131715,,,PASS,"what a transit fit reads from the surviving kernel after the natural Lorentzian, over the bare one: the factor the fit carries",6a468472af4bbda8,400000,0,2026-09-26T10:35:44,DIAGNOSTIC
w46.0_m1.00_r0.940_T70_P225,depletion_widening_rel_4121,0.0140242,,,PASS,"what a transit fit reads from the surviving kernel after the natural Lorentzian, over the bare one: the factor the fit carries",6a468472af4bbda8,400000,0,2026-09-26T10:35:44,DIAGNOSTIC
w46.0_m1.00_r0.940_T70_P225,depletion_fwhm_rel_4207,0.0742991,,,PASS,"the surviving transit kernel's FWHM over the bare collected kernel's, the core-flattening diagnostic",6a468472af4bbda8,400000,0,2026-09-26T10:35:44,DIAGNOSTIC
w46.0_m1.00_r0.940_T70_P225,depletion_fwhm_rel_4192,0.0799785,,,PASS,"the surviving transit kernel's FWHM over the bare collected kernel's, the core-flattening diagnostic",6a468472af4bbda8,400000,0,2026-09-26T10:35:44,DIAGNOSTIC
w46.0_m1.00_r0.940_T70_P225,depletion_fwhm_rel_4154,0.100753,,,PASS,"the surviving transit kernel's FWHM over the bare collected kernel's, the core-flattening diagnostic",6a468472af4bbda8,400000,0,2026-09-26T10:35:44,DIAGNOSTIC
w46.0_m1.00_r0.940_T70_P225,depletion_fwhm_rel_4121,0.105559,,,PASS,"the surviving transit kernel's FWHM over the bare collected kernel's, the core-flattening diagnostic",6a468472af4bbda8,400000,0,2026-09-26T10:35:44,DIAGNOSTIC
w46.0_m1.00_r0.940_T70_P225,shares_shift_abs,0.00206607,,,PASS,the largest move of a line's share from the thermal law to the depleted one: the physical shift,6a468472af4bbda8,400000,0,2026-09-26T10:35:44,DIAGNOSTIC
w46.0_m1.00_r0.940_T70_P225,cycles_on_axis,0.220285,,,PASS,excitation cycles on the central chord at the mean transverse speed,6a468472af4bbda8,400000,0,2026-09-26T10:35:44,DIAGNOSTIC
w46.0_m1.00_r0.940_T70_P225,cycles_mean_over_chords,0.0335465,,,PASS,the flux-weighted mean over every chord,6a468472af4bbda8,400000,0,2026-09-26T10:35:44,DIAGNOSTIC
w46.0_m1.00_r0.940_T90_P225,transit_fwhm_rel,1.25402,1.25353,,PASS,the Monte Carlo against the form the fit uses at this node,6a468472af4bbda8,400000,0,2026-09-26T10:35:45,DIAGNOSTIC
w46.0_m1.00_r0.940_T90_P225,transit_shape_rel,1.00031,1,,PASS,the Monte Carlo against the form the fit uses at this node,6a468472af4bbda8,400000,0,2026-09-26T10:35:45,DIAGNOSTIC
w46.0_m1.00_r0.940_T90_P225,ramp_mu2_rel,0.0511828,0.051124,,PASS,the Monte Carlo against the form the fit uses at this node,6a468472af4bbda8,400000,0,2026-09-26T10:35:45,DIAGNOSTIC
w46.0_m1.00_r0.940_T90_P225,ramp_mu3_rel,-0.00634698,-0.00630736,,PASS,the Monte Carlo against the form the fit uses at this node,6a468472af4bbda8,400000,0,2026-09-26T10:35:45,DIAGNOSTIC
w46.0_m1.00_r0.940_T90_P225,amplitude_power_law_abs,1.81474,1.80978,,PASS,the Monte Carlo against the form the fit uses at this node,6a468472af4bbda8,400000,0,2026-09-26T10:35:45,DIAGNOSTIC
w46.0_m1.00_r0.940_T90_P225,shares_abs,0.00071805,0,,PASS,the Monte Carlo against the form the fit uses at this node,6a468472af4bbda8,400000,0,2026-09-26T10:35:45,DIAGNOSTIC
w46.0_m1.00_r0.940_T90_P225,joint_shape_abs,0.00606141,0,,PASS,the Monte Carlo against the form the fit uses at this node,6a468472af4bbda8,400000,0,2026-09-26T10:35:45,DIAGNOSTIC
w46.0_m1.00_r0.940_T90_P225,joint_moment_sigma_abs,2.12605,0,,PASS,the Monte Carlo against the form the fit uses at this node,6a468472af4bbda8,400000,0,2026-09-26T10:35:45,DIAGNOSTIC
w46.0_m1.00_r0.940_T90_P225,depleted_line_abs,0.000660099,0,,PASS,the Monte Carlo against the form the fit uses at this node,6a468472af4bbda8,400000,0,2026-09-26T10:35:45,DIAGNOSTIC
w46.0_m1.00_r0.940_T90_P225,depletion_widening_rel_4207,0.00857994,,,PASS,"what a transit fit reads from the surviving kernel after the natural Lorentzian, over the bare one: the factor the fit carries",6a468472af4bbda8,400000,0,2026-09-26T10:35:45,DIAGNOSTIC
w46.0_m1.00_r0.940_T90_P225,depletion_widening_rel_4192,0.00946494,,,PASS,"what a transit fit reads from the surviving kernel after the natural Lorentzian, over the bare one: the factor the fit carries",6a468472af4bbda8,400000,0,2026-09-26T10:35:45,DIAGNOSTIC
w46.0_m1.00_r0.940_T90_P225,depletion_widening_rel_4154,0.0129046,,,PASS,"what a transit fit reads from the surviving kernel after the natural Lorentzian, over the bare one: the factor the fit carries",6a468472af4bbda8,400000,0,2026-09-26T10:35:45,DIAGNOSTIC
w46.0_m1.00_r0.940_T90_P225,depletion_widening_rel_4121,0.0137414,,,PASS,"what a transit fit reads from the surviving kernel after the natural Lorentzian, over the bare one: the factor the fit carries",6a468472af4bbda8,400000,0,2026-09-26T10:35:45,DIAGNOSTIC
w46.0_m1.00_r0.940_T90_P225,depletion_fwhm_rel_4207,0.0728307,,,PASS,"the surviving transit kernel's FWHM over the bare collected kernel's, the core-flattening diagnostic",6a468472af4bbda8,400000,0,2026-09-26T10:35:45,DIAGNOSTIC
w46.0_m1.00_r0.940_T90_P225,depletion_fwhm_rel_4192,0.0784176,,,PASS,"the surviving transit kernel's FWHM over the bare collected kernel's, the core-flattening diagnostic",6a468472af4bbda8,400000,0,2026-09-26T10:35:45,DIAGNOSTIC
w46.0_m1.00_r0.940_T90_P225,depletion_fwhm_rel_4154,0.0988389,,,PASS,"the surviving transit kernel's FWHM over the bare collected kernel's, the core-flattening diagnostic",6a468472af4bbda8,400000,0,2026-09-26T10:35:45,DIAGNOSTIC
w46.0_m1.00_r0.940_T90_P225,depletion_fwhm_rel_4121,0.103565,,,PASS,"the surviving transit kernel's FWHM over the bare collected kernel's, the core-flattening diagnostic",6a468472af4bbda8,400000,0,2026-09-26T10:35:45,DIAGNOSTIC
w46.0_m1.00_r0.940_T90_P225,shares_shift_abs,0.00201233,,,PASS,the largest move of a line's share from the thermal law to the depleted one: the physical shift,6a468472af4bbda8,400000,0,2026-09-26T10:35:45,DIAGNOSTIC
w46.0_m1.00_r0.940_T90_P225,cycles_on_axis,0.214134,,,PASS,excitation cycles on the central chord at the mean transverse speed,6a468472af4bbda8,400000,0,2026-09-26T10:35:45,DIAGNOSTIC
w46.0_m1.00_r0.940_T90_P225,cycles_mean_over_chords,0.0326096,,,PASS,the flux-weighted mean over every chord,6a468472af4bbda8,400000,0,2026-09-26T10:35:45,DIAGNOSTIC
w48.0_m1.00_r0.940_T110_P225,transit_fwhm_rel,1.23361,1.23363,,PASS,the Monte Carlo against the form the fit uses at this node,6a468472af4bbda8,400000,0,2026-09-26T10:38:33,DIAGNOSTIC
w48.0_m1.00_r0.940_T110_P225,transit_shape_rel,1.00031,1,,PASS,the Monte Carlo against the form the fit uses at this node,6a468472af4bbda8,400000,0,2026-09-26T10:38:33,DIAGNOSTIC
w48.0_m1.00_r0.940_T110_P225,ramp_mu2_rel,0.051402,0.0513431,,PASS,the Monte Carlo against the form the fit uses at this node,6a468472af4bbda8,400000,0,2026-09-26T10:38:33,DIAGNOSTIC
w48.0_m1.00_r0.940_T110_P225,ramp_mu3_rel,-0.00640037,-0.00635945,,PASS,the Monte Carlo against the form the fit uses at this node,6a468472af4bbda8,400000,0,2026-09-26T10:38:33,DIAGNOSTIC
w48.0_m1.00_r0.940_T110_P225,amplitude_power_law_abs,1.83984,1.83534,,PASS,the Monte Carlo against the form the fit uses at this node,6a468472af4bbda8,400000,0,2026-09-26T10:38:33,DIAGNOSTIC
w48.0_m1.00_r0.940_T110_P225,shares_abs,0.000619861,0,,PASS,the Monte Carlo against the form the fit uses at this node,6a468472af4bbda8,400000,0,2026-09-26T10:38:33,DIAGNOSTIC
w48.0_m1.00_r0.940_T110_P225,joint_shape_abs,0.00529054,0,,PASS,the Monte Carlo against the form the fit uses at this node,6a468472af4bbda8,400000,0,2026-09-26T10:38:33,DIAGNOSTIC
w48.0_m1.00_r0.940_T110_P225,joint_moment_sigma_abs,2.02299,0,,PASS,the Monte Carlo against the form the fit uses at this node,6a468472af4bbda8,400000,0,2026-09-26T10:38:33,DIAGNOSTIC
w48.0_m1.00_r0.940_T110_P225,depleted_line_abs,0.000596819,0,,PASS,the Monte Carlo against the form the fit uses at this node,6a468472af4bbda8,400000,0,2026-09-26T10:38:33,DIAGNOSTIC
w48.0_m1.00_r0.940_T110_P225,depletion_widening_rel_4207,0.0074792,,,PASS,"what a transit fit reads from the surviving kernel after the natural Lorentzian, over the bare one: the factor the fit carries",6a468472af4bbda8,400000,0,2026-09-26T10:38:33,DIAGNOSTIC
w48.0_m1.00_r0.940_T110_P225,depletion_widening_rel_4192,0.00825588,,,PASS,"what a transit fit reads from the surviving kernel after the natural Lorentzian, over the bare one: the factor the fit carries",6a468472af4bbda8,400000,0,2026-09-26T10:38:33,DIAGNOSTIC
w48.0_m1.00_r0.940_T110_P225,depletion_widening_rel_4154,0.0112821,,,PASS,"what a transit fit reads from the surviving kernel after the natural Lorentzian, over the bare one: the factor the fit carries",6a468472af4bbda8,400000,0,2026-09-26T10:38:33,DIAGNOSTIC
w48.0_m1.00_r0.940_T110_P225,depletion_widening_rel_4121,0.0120201,,,PASS,"what a transit fit reads from the surviving kernel after the natural Lorentzian, over the bare one: the factor the fit carries",6a468472af4bbda8,400000,0,2026-09-26T10:38:33,DIAGNOSTIC
w48.0_m1.00_r0.940_T110_P225,depletion_fwhm_rel_4207,0.0657789,,,PASS,"the surviving transit kernel's FWHM over the bare collected kernel's, the core-flattening diagnostic",6a468472af4bbda8,400000,0,2026-09-26T10:38:33,DIAGNOSTIC
w48.0_m1.00_r0.940_T110_P225,depletion_fwhm_rel_4192,0.0709047,,,PASS,"the surviving transit kernel's FWHM over the bare collected kernel's, the core-flattening diagnostic",6a468472af4bbda8,400000,0,2026-09-26T10:38:33,DIAGNOSTIC
w48.0_m1.00_r0.940_T110_P225,depletion_fwhm_rel_4154,0.0896523,,,PASS,"the surviving transit kernel's FWHM over the bare collected kernel's, the core-flattening diagnostic",6a468472af4bbda8,400000,0,2026-09-26T10:38:33,DIAGNOSTIC
w48.0_m1.00_r0.940_T110_P225,depletion_fwhm_rel_4121,0.0939867,,,PASS,"the surviving transit kernel's FWHM over the bare collected kernel's, the core-flattening diagnostic",6a468472af4bbda8,400000,0,2026-09-26T10:38:33,DIAGNOSTIC
w48.0_m1.00_r0.940_T110_P225,shares_shift_abs,0.00176068,,,PASS,the largest move of a line's share from the thermal law to the depleted one: the physical shift,6a468472af4bbda8,400000,0,2026-09-26T10:38:33,DIAGNOSTIC
w48.0_m1.00_r0.940_T110_P225,cycles_on_axis,0.18638,,,PASS,excitation cycles on the central chord at the mean transverse speed,6a468472af4bbda8,400000,0,2026-09-26T10:38:33,DIAGNOSTIC
w48.0_m1.00_r0.940_T110_P225,cycles_mean_over_chords,0.0282571,,,PASS,the flux-weighted mean over every chord,6a468472af4bbda8,400000,0,2026-09-26T10:38:33,DIAGNOSTIC
w48.0_m1.00_r0.940_T130_P125,transit_fwhm_rel,1.26539,1.26522,,PASS,the Monte Carlo against the form the fit uses at this node,6a468472af4bbda8,400000,0,2026-09-26T10:38:38,DIAGNOSTIC
w48.0_m1.00_r0.940_T130_P125,transit_shape_rel,1.00031,1,,PASS,the Monte Carlo against the form the fit uses at this node,6a468472af4bbda8,400000,0,2026-09-26T10:38:38,DIAGNOSTIC
w48.0_m1.00_r0.940_T130_P125,ramp_mu2_rel,0.050963,0.0509085,,PASS,the Monte Carlo against the form the fit uses at this node,6a468472af4bbda8,400000,0,2026-09-26T10:38:38,DIAGNOSTIC
w48.0_m1.00_r0.940_T130_P125,ramp_mu3_rel,-0.00661507,-0.00657362,,PASS,the Monte Carlo against the form the fit uses at this node,6a468472af4bbda8,400000,0,2026-09-26T10:38:38,DIAGNOSTIC
w48.0_m1.00_r0.940_T130_P125,amplitude_power_law_abs,1.94625,1.94494,,PASS,the Monte Carlo against the form the fit uses at this node,6a468472af4bbda8,400000,0,2026-09-26T10:38:38,DIAGNOSTIC
w48.0_m1.00_r0.940_T130_P125,shares_abs,0.000178969,0,,PASS,the Monte Carlo against the form the fit uses at this node,6a468472af4bbda8,400000,0,2026-09-26T10:38:38,DIAGNOSTIC
w48.0_m1.00_r0.940_T130_P125,joint_shape_abs,0.00411046,0,,PASS,the Monte Carlo against the form the fit uses at this node,6a468472af4bbda8,400000,0,2026-09-26T10:38:38,DIAGNOSTIC
w48.0_m1.00_r0.940_T130_P125,joint_moment_sigma_abs,1.64201,0,,PASS,the Monte Carlo against the form the fit uses at this node,6a468472af4bbda8,400000,0,2026-09-26T10:38:38,DIAGNOSTIC
w48.0_m1.00_r0.940_T130_P125,depleted_line_abs,0.000371681,0,,PASS,the Monte Carlo against the form the fit uses at this node,6a468472af4bbda8,400000,0,2026-09-26T10:38:38,DIAGNOSTIC
w48.0_m1.00_r0.940_T130_P125,depletion_widening_rel_4207,0.00250977,,,PASS,"what a transit fit reads from the surviving kernel after the natural Lorentzian, over the bare one: the factor the fit carries",6a468472af4bbda8,400000,0,2026-09-26T10:38:38,DIAGNOSTIC
w48.0_m1.00_r0.940_T130_P125,depletion_widening_rel_4192,0.00277986,,,PASS,"what a transit fit reads from the surviving kernel after the natural Lorentzian, over the bare one: the factor the fit carries",6a468472af4bbda8,400000,0,2026-09-26T10:38:38,DIAGNOSTIC
w48.0_m1.00_r0.940_T130_P125,depletion_widening_rel_4154,0.00384691,,,PASS,"what a transit fit reads from the surviving kernel after the natural Lorentzian, over the bare one: the factor the fit carries",6a468472af4bbda8,400000,0,2026-09-26T10:38:38,DIAGNOSTIC
w48.0_m1.00_r0.940_T130_P125,depletion_widening_rel_4121,0.00411057,,,PASS,"what a transit fit reads from the surviving kernel after the natural Lorentzian, over the bare one: the factor the fit carries",6a468472af4bbda8,400000,0,2026-09-26T10:38:38,DIAGNOSTIC
w48.0_m1.00_r0.940_T130_P125,depletion_fwhm_rel_4207,0.0280738,,,PASS,"the surviving transit kernel's FWHM over the bare collected kernel's, the core-flattening diagnostic",6a468472af4bbda8,400000,0,2026-09-26T10:38:38,DIAGNOSTIC
w48.0_m1.00_r0.940_T130_P125,depletion_fwhm_rel_4192,0.0304313,,,PASS,"the surviving transit kernel's FWHM over the bare collected kernel's, the core-flattening diagnostic",6a468472af4bbda8,400000,0,2026-09-26T10:38:38,DIAGNOSTIC
w48.0_m1.00_r0.940_T130_P125,depletion_fwhm_rel_4154,0.0392798,,,PASS,"the surviving transit kernel's FWHM over the bare collected kernel's, the core-flattening diagnostic",6a468472af4bbda8,400000,0,2026-09-26T10:38:38,DIAGNOSTIC
w48.0_m1.00_r0.940_T130_P125,depletion_fwhm_rel_4121,0.0413627,,,PASS,"the surviving transit kernel's FWHM over the bare collected kernel's, the core-flattening diagnostic",6a468472af4bbda8,400000,0,2026-09-26T10:38:38,DIAGNOSTIC
w48.0_m1.00_r0.940_T130_P125,shares_shift_abs,0.000588553,,,PASS,the largest move of a line's share from the thermal law to the depleted one: the physical shift,6a468472af4bbda8,400000,0,2026-09-26T10:38:38,DIAGNOSTIC
w48.0_m1.00_r0.940_T130_P125,cycles_on_axis,0.0596287,,,PASS,excitation cycles on the central chord at the mean transverse speed,6a468472af4bbda8,400000,0,2026-09-26T10:38:38,DIAGNOSTIC
w48.0_m1.00_r0.940_T130_P125,cycles_mean_over_chords,0.00888231,,,PASS,the flux-weighted mean over every chord,6a468472af4bbda8,400000,0,2026-09-26T10:38:38,DIAGNOSTIC
w48.0_m1.00_r0.940_T130_P175,transit_fwhm_rel,1.26539,1.26531,,PASS,the Monte Carlo against the form the fit uses at this node,6a468472af4bbda8,400000,0,2026-09-26T10:38:39,DIAGNOSTIC
w48.0_m1.00_r0.940_T130_P175,transit_shape_rel,1.00031,1,,PASS,the Monte Carlo against the form the fit uses at this node,6a468472af4bbda8,400000,0,2026-09-26T10:38:39,DIAGNOSTIC
w48.0_m1.00_r0.940_T130_P175,ramp_mu2_rel,0.0511556,0.0510992,,PASS,the Monte Carlo against the form the fit uses at this node,6a468472af4bbda8,400000,0,2026-09-26T10:38:39,DIAGNOSTIC
w48.0_m1.00_r0.940_T130_P175,ramp_mu3_rel,-0.00652166,-0.00648043,,PASS,the Monte Carlo against the form the fit uses at this node,6a468472af4bbda8,400000,0,2026-09-26T10:38:39,DIAGNOSTIC
w48.0_m1.00_r0.940_T130_P175,amplitude_power_law_abs,1.89878,1.89612,,PASS,the Monte Carlo against the form the fit uses at this node,6a468472af4bbda8,400000,0,2026-09-26T10:38:39,DIAGNOSTIC
w48.0_m1.00_r0.940_T130_P175,shares_abs,0.000359739,0,,PASS,the Monte Carlo against the form the fit uses at this node,6a468472af4bbda8,400000,0,2026-09-26T10:38:39,DIAGNOSTIC
w48.0_m1.00_r0.940_T130_P175,joint_shape_abs,0.00468685,0,,PASS,the Monte Carlo against the form the fit uses at this node,6a468472af4bbda8,400000,0,2026-09-26T10:38:39,DIAGNOSTIC
w48.0_m1.00_r0.940_T130_P175,joint_moment_sigma_abs,1.63606,0,,PASS,the Monte Carlo against the form the fit uses at this node,6a468472af4bbda8,400000,0,2026-09-26T10:38:39,DIAGNOSTIC
w48.0_m1.00_r0.940_T130_P175,depleted_line_abs,0.000483291,0,,PASS,the Monte Carlo against the form the fit uses at this node,6a468472af4bbda8,400000,0,2026-09-26T10:38:39,DIAGNOSTIC
w48.0_m1.00_r0.940_T130_P175,depletion_widening_rel_4207,0.00469158,,,PASS,"what a transit fit reads from the surviving kernel after the natural Lorentzian, over the bare one: the factor the fit carries",6a468472af4bbda8,400000,0,2026-09-26T10:38:39,DIAGNOSTIC
w48.0_m1.00_r0.940_T130_P175,depletion_widening_rel_4192,0.00518806,,,PASS,"what a transit fit reads from the surviving kernel after the natural Lorentzian, over the bare one: the factor the fit carries",6a468472af4bbda8,400000,0,2026-09-26T10:38:39,DIAGNOSTIC
w48.0_m1.00_r0.940_T130_P175,depletion_widening_rel_4154,0.00713647,,,PASS,"what a transit fit reads from the surviving kernel after the natural Lorentzian, over the bare one: the factor the fit carries",6a468472af4bbda8,400000,0,2026-09-26T10:38:39,DIAGNOSTIC
w48.0_m1.00_r0.940_T130_P175,depletion_widening_rel_4121,0.00761486,,,PASS,"what a transit fit reads from the surviving kernel after the natural Lorentzian, over the bare one: the factor the fit carries",6a468472af4bbda8,400000,0,2026-09-26T10:38:39,DIAGNOSTIC
w48.0_m1.00_r0.940_T130_P175,depletion_fwhm_rel_4207,0.0458301,,,PASS,"the surviving transit kernel's FWHM over the bare collected kernel's, the core-flattening diagnostic",6a468472af4bbda8,400000,0,2026-09-26T10:38:39,DIAGNOSTIC
w48.0_m1.00_r0.940_T130_P175,depletion_fwhm_rel_4192,0.0495171,,,PASS,"the surviving transit kernel's FWHM over the bare collected kernel's, the core-flattening diagnostic",6a468472af4bbda8,400000,0,2026-09-26T10:38:39,DIAGNOSTIC
w48.0_m1.00_r0.940_T130_P175,depletion_fwhm_rel_4154,0.0632281,,,PASS,"the surviving transit kernel's FWHM over the bare collected kernel's, the core-flattening diagnostic",6a468472af4bbda8,400000,0,2026-09-26T10:38:39,DIAGNOSTIC
w48.0_m1.00_r0.940_T130_P175,depletion_fwhm_rel_4121,0.066409,,,PASS,"the surviving transit kernel's FWHM over the bare collected kernel's, the core-flattening diagnostic",6a468472af4bbda8,400000,0,2026-09-26T10:38:39,DIAGNOSTIC
w48.0_m1.00_r0.940_T130_P175,shares_shift_abs,0.00109986,,,PASS,the largest move of a line's share from the thermal law to the depleted one: the physical shift,6a468472af4bbda8,400000,0,2026-09-26T10:38:39,DIAGNOSTIC
w48.0_m1.00_r0.940_T130_P175,cycles_on_axis,0.11377,,,PASS,excitation cycles on the central chord at the mean transverse speed,6a468472af4bbda8,400000,0,2026-09-26T10:38:39,DIAGNOSTIC
w48.0_m1.00_r0.940_T130_P175,cycles_mean_over_chords,0.0170795,,,PASS,the flux-weighted mean over every chord,6a468472af4bbda8,400000,0,2026-09-26T10:38:39,DIAGNOSTIC
w48.0_m1.00_r0.940_T130_P180,transit_fwhm_rel,1.26539,1.26532,,PASS,the Monte Carlo against the form the fit uses at this node,6a468472af4bbda8,400000,0,2026-09-26T10:40:01,DIAGNOSTIC
w48.0_m1.00_r0.940_T130_P180,transit_shape_rel,1.00031,1,,PASS,the Monte Carlo against the form the fit uses at this node,6a468472af4bbda8,400000,0,2026-09-26T10:40:01,DIAGNOSTIC
w48.0_m1.00_r0.940_T130_P180,ramp_mu2_rel,0.0511779,0.0511213,,PASS,the Monte Carlo against the form the fit uses at this node,6a468472af4bbda8,400000,0,2026-09-26T10:40:01,DIAGNOSTIC
w48.0_m1.00_r0.940_T130_P180,ramp_mu3_rel,-0.00651075,-0.00646954,,PASS,the Monte Carlo against the form the fit uses at this node,6a468472af4bbda8,400000,0,2026-09-26T10:40:01,DIAGNOSTIC
w48.0_m1.00_r0.940_T130_P180,amplitude_power_law_abs,1.89341,1.89058,,PASS,the Monte Carlo against the form the fit uses at this node,6a468472af4bbda8,400000,0,2026-09-26T10:40:01,DIAGNOSTIC
w48.0_m1.00_r0.940_T130_P180,shares_abs,0.000381295,0,,PASS,the Monte Carlo against the form the fit uses at this node,6a468472af4bbda8,400000,0,2026-09-26T10:40:01,DIAGNOSTIC
w48.0_m1.00_r0.940_T130_P180,joint_shape_abs,0.00473571,0,,PASS,the Monte Carlo against the form the fit uses at this node,6a468472af4bbda8,400000,0,2026-09-26T10:40:01,DIAGNOSTIC
w48.0_m1.00_r0.940_T130_P180,joint_moment_sigma_abs,1.59426,0,,PASS,the Monte Carlo against the form the fit uses at this node,6a468472af4bbda8,400000,0,2026-09-26T10:40:01,DIAGNOSTIC
w48.0_m1.00_r0.940_T130_P180,depleted_line_abs,0.000495606,0,,PASS,the Monte Carlo against the form the fit uses at this node,6a468472af4bbda8,400000,0,2026-09-26T10:40:01,DIAGNOSTIC
w48.0_m1.00_r0.940_T130_P180,depletion_widening_rel_4207,0.00493782,,,PASS,"what a transit fit reads from the surviving kernel after the natural Lorentzian, over the bare one: the factor the fit carries",6a468472af4bbda8,400000,0,2026-09-26T10:40:01,DIAGNOSTIC
w48.0_m1.00_r0.940_T130_P180,depletion_widening_rel_4192,0.00545945,,,PASS,"what a transit fit reads from the surviving kernel after the natural Lorentzian, over the bare one: the factor the fit carries",6a468472af4bbda8,400000,0,2026-09-26T10:40:01,DIAGNOSTIC
w48.0_m1.00_r0.940_T130_P180,depletion_widening_rel_4154,0.00750512,,,PASS,"what a transit fit reads from the surviving kernel after the natural Lorentzian, over the bare one: the factor the fit carries",6a468472af4bbda8,400000,0,2026-09-26T10:40:01,DIAGNOSTIC
w48.0_m1.00_r0.940_T130_P180,depletion_widening_rel_4121,0.00800707,,,PASS,"what a transit fit reads from the surviving kernel after the natural Lorentzian, over the bare one: the factor the fit carries",6a468472af4bbda8,400000,0,2026-09-26T10:40:01,DIAGNOSTIC
w48.0_m1.00_r0.940_T130_P180,depletion_fwhm_rel_4207,0.0476731,,,PASS,"the surviving transit kernel's FWHM over the bare collected kernel's, the core-flattening diagnostic",6a468472af4bbda8,400000,0,2026-09-26T10:40:01,DIAGNOSTIC
w48.0_m1.00_r0.940_T130_P180,depletion_fwhm_rel_4192,0.0515068,,,PASS,"the surviving transit kernel's FWHM over the bare collected kernel's, the core-flattening diagnostic",6a468472af4bbda8,400000,0,2026-09-26T10:40:01,DIAGNOSTIC
w48.0_m1.00_r0.940_T130_P180,depletion_fwhm_rel_4154,0.0656862,,,PASS,"the surviving transit kernel's FWHM over the bare collected kernel's, the core-flattening diagnostic",6a468472af4bbda8,400000,0,2026-09-26T10:40:01,DIAGNOSTIC
w48.0_m1.00_r0.940_T130_P180,depletion_fwhm_rel_4121,0.0689979,,,PASS,"the surviving transit kernel's FWHM over the bare collected kernel's, the core-flattening diagnostic",6a468472af4bbda8,400000,0,2026-09-26T10:40:01,DIAGNOSTIC
w48.0_m1.00_r0.940_T130_P180,shares_shift_abs,0.0011575,,,PASS,the largest move of a line's share from the thermal law to the depleted one: the physical shift,6a468472af4bbda8,400000,0,2026-09-26T10:40:01,DIAGNOSTIC
w48.0_m1.00_r0.940_T130_P180,cycles_on_axis,0.119989,,,PASS,excitation cycles on the central chord at the mean transverse speed,6a468472af4bbda8,400000,0,2026-09-26T10:40:01,DIAGNOSTIC
w48.0_m1.00_r0.940_T130_P180,cycles_mean_over_chords,0.0180292,,,PASS,the flux-weighted mean over every chord,6a468472af4bbda8,400000,0,2026-09-26T10:40:01,DIAGNOSTIC
w48.0_m1.00_r0.940_T130_P225,transit_fwhm_rel,1.2654,1.26542,,PASS,the Monte Carlo against the form the fit uses at this node,6a468472af4bbda8,400000,0,2026-09-26T10:40:06,DIAGNOSTIC
w48.0_m1.00_r0.940_T130_P225,transit_shape_rel,1.00031,1,,PASS,the Monte Carlo against the form the fit uses at this node,6a468472af4bbda8,400000,0,2026-09-26T10:40:06,DIAGNOSTIC
w48.0_m1.00_r0.940_T130_P225,ramp_mu2_rel,0.051402,0.0513431,,PASS,the Monte Carlo against the form the fit uses at this node,6a468472af4bbda8,400000,0,2026-09-26T10:40:06,DIAGNOSTIC
w48.0_m1.00_r0.940_T130_P225,ramp_mu3_rel,-0.00640037,-0.00635945,,PASS,the Monte Carlo against the form the fit uses at this node,6a468472af4bbda8,400000,0,2026-09-26T10:40:06,DIAGNOSTIC
w48.0_m1.00_r0.940_T130_P225,amplitude_power_law_abs,1.8408,1.8364,,PASS,the Monte Carlo against the form the fit uses at this node,6a468472af4bbda8,400000,0,2026-09-26T10:40:06,DIAGNOSTIC
w48.0_m1.00_r0.940_T130_P225,shares_abs,0.000602238,0,,PASS,the Monte Carlo against the form the fit uses at this node,6a468472af4bbda8,400000,0,2026-09-26T10:40:06,DIAGNOSTIC
w48.0_m1.00_r0.940_T130_P225,joint_shape_abs,0.00529069,0,,PASS,the Monte Carlo against the form the fit uses at this node,6a468472af4bbda8,400000,0,2026-09-26T10:40:06,DIAGNOSTIC
w48.0_m1.00_r0.940_T130_P225,joint_moment_sigma_abs,2.07825,0,,PASS,the Monte Carlo against the form the fit uses at this node,6a468472af4bbda8,400000,0,2026-09-26T10:40:06,DIAGNOSTIC
w48.0_m1.00_r0.940_T130_P225,depleted_line_abs,0.000613102,0,,PASS,the Monte Carlo against the form the fit uses at this node,6a468472af4bbda8,400000,0,2026-09-26T10:40:06,DIAGNOSTIC
w48.0_m1.00_r0.940_T130_P225,depletion_widening_rel_4207,0.00733974,,,PASS,"what a transit fit reads from the surviving kernel after the natural Lorentzian, over the bare one: the factor the fit carries",6a468472af4bbda8,400000,0,2026-09-26T10:40:06,DIAGNOSTIC
w48.0_m1.00_r0.940_T130_P225,depletion_widening_rel_4192,0.0081027,,,PASS,"what a transit fit reads from the surviving kernel after the natural Lorentzian, over the bare one: the factor the fit carries",6a468472af4bbda8,400000,0,2026-09-26T10:40:06,DIAGNOSTIC
w48.0_m1.00_r0.940_T130_P225,depletion_widening_rel_4154,0.0110765,,,PASS,"what a transit fit reads from the surviving kernel after the natural Lorentzian, over the bare one: the factor the fit carries",6a468472af4bbda8,400000,0,2026-09-26T10:40:06,DIAGNOSTIC
w48.0_m1.00_r0.940_T130_P225,depletion_widening_rel_4121,0.011802,,,PASS,"what a transit fit reads from the surviving kernel after the natural Lorentzian, over the bare one: the factor the fit carries",6a468472af4bbda8,400000,0,2026-09-26T10:40:06,DIAGNOSTIC
w48.0_m1.00_r0.940_T130_P225,depletion_fwhm_rel_4207,0.0645999,,,PASS,"the surviving transit kernel's FWHM over the bare collected kernel's, the core-flattening diagnostic",6a468472af4bbda8,400000,0,2026-09-26T10:40:06,DIAGNOSTIC
w48.0_m1.00_r0.940_T130_P225,depletion_fwhm_rel_4192,0.0696349,,,PASS,"the surviving transit kernel's FWHM over the bare collected kernel's, the core-flattening diagnostic",6a468472af4bbda8,400000,0,2026-09-26T10:40:06,DIAGNOSTIC
w48.0_m1.00_r0.940_T130_P225,depletion_fwhm_rel_4154,0.0880952,,,PASS,"the surviving transit kernel's FWHM over the bare collected kernel's, the core-flattening diagnostic",6a468472af4bbda8,400000,0,2026-09-26T10:40:06,DIAGNOSTIC
w48.0_m1.00_r0.940_T130_P225,depletion_fwhm_rel_4121,0.0923693,,,PASS,"the surviving transit kernel's FWHM over the bare collected kernel's, the core-flattening diagnostic",6a468472af4bbda8,400000,0,2026-09-26T10:40:06,DIAGNOSTIC
w48.0_m1.00_r0.940_T130_P225,shares_shift_abs,0.00171917,,,PASS,the largest move of a line's share from the thermal law to the depleted one: the physical shift,6a468472af4bbda8,400000,0,2026-09-26T10:40:06,DIAGNOSTIC
w48.0_m1.00_r0.940_T130_P225,cycles_on_axis,0.181698,,,PASS,excitation cycles on the central chord at the mean transverse speed,6a468472af4bbda8,400000,0,2026-09-26T10:40:06,DIAGNOSTIC
w48.0_m1.00_r0.940_T130_P225,cycles_mean_over_chords,0.0275473,,,PASS,the flux-weighted mean over every chord,6a468472af4bbda8,400000,0,2026-09-26T10:40:06,DIAGNOSTIC
w48.0_m1.00_r0.940_T130_P25,transit_fwhm_rel,1.26539,1.26513,,PASS,the Monte Carlo against the form the fit uses at this node,6a468472af4bbda8,400000,0,2026-09-26T10:40:07,DIAGNOSTIC
w48.0_m1.00_r0.940_T130_P25,transit_shape_rel,1.00031,1,,PASS,the Monte Carlo against the form the fit uses at this node,6a468472af4bbda8,400000,0,2026-09-26T10:40:07,DIAGNOSTIC
w48.0_m1.00_r0.940_T130_P25,ramp_mu2_rel,0.0507631,0.0507107,,PASS,the Monte Carlo against the form the fit uses at this node,6a468472af4bbda8,400000,0,2026-09-26T10:40:07,DIAGNOSTIC
w48.0_m1.00_r0.940_T130_P25,ramp_mu3_rel,-0.00671071,-0.00666905,,PASS,the Monte Carlo against the form the fit uses at this node,6a468472af4bbda8,400000,0,2026-09-26T10:40:07,DIAGNOSTIC
w48.0_m1.00_r0.940_T130_P25,amplitude_power_law_abs,1.99775,1.99771,,PASS,the Monte Carlo against the form the fit uses at this node,6a468472af4bbda8,400000,0,2026-09-26T10:40:07,DIAGNOSTIC
w48.0_m1.00_r0.940_T130_P25,shares_abs,6.69349e-06,0,,PASS,the Monte Carlo against the form the fit uses at this node,6a468472af4bbda8,400000,0,2026-09-26T10:40:07,DIAGNOSTIC
w48.0_m1.00_r0.940_T130_P25,joint_shape_abs,0.00318482,0,,PASS,the Monte Carlo against the form the fit uses at this node,6a468472af4bbda8,400000,0,2026-09-26T10:40:07,DIAGNOSTIC
w48.0_m1.00_r0.940_T130_P25,joint_moment_sigma_abs,1.16029,0,,PASS,the Monte Carlo against the form the fit uses at this node,6a468472af4bbda8,400000,0,2026-09-26T10:40:07,DIAGNOSTIC
w48.0_m1.00_r0.940_T130_P25,depleted_line_abs,0.00024214,0,,PASS,the Monte Carlo against the form the fit uses at this node,6a468472af4bbda8,400000,0,2026-09-26T10:40:07,DIAGNOSTIC
w48.0_m1.00_r0.940_T130_P25,depletion_widening_rel_4207,0.000108009,,,PASS,"what a transit fit reads from the surviving kernel after the natural Lorentzian, over the bare one: the factor the fit carries",6a468472af4bbda8,400000,0,2026-09-26T10:40:07,DIAGNOSTIC
w48.0_m1.00_r0.940_T130_P25,depletion_widening_rel_4192,0.000119888,,,PASS,"what a transit fit reads from the surviving kernel after the natural Lorentzian, over the bare one: the factor the fit carries",6a468472af4bbda8,400000,0,2026-09-26T10:40:07,DIAGNOSTIC
w48.0_m1.00_r0.940_T130_P25,depletion_widening_rel_4154,0.000167289,,,PASS,"what a transit fit reads from the surviving kernel after the natural Lorentzian, over the bare one: the factor the fit carries",6a468472af4bbda8,400000,0,2026-09-26T10:40:07,DIAGNOSTIC
w48.0_m1.00_r0.940_T130_P25,depletion_widening_rel_4121,0.000179114,,,PASS,"what a transit fit reads from the surviving kernel after the natural Lorentzian, over the bare one: the factor the fit carries",6a468472af4bbda8,400000,0,2026-09-26T10:40:07,DIAGNOSTIC
w48.0_m1.00_r0.940_T130_P25,depletion_fwhm_rel_4207,0.00205437,,,PASS,"the surviving transit kernel's FWHM over the bare collected kernel's, the core-flattening diagnostic",6a468472af4bbda8,400000,0,2026-09-26T10:40:07,DIAGNOSTIC
w48.0_m1.00_r0.940_T130_P25,depletion_fwhm_rel_4192,0.00224786,,,PASS,"the surviving transit kernel's FWHM over the bare collected kernel's, the core-flattening diagnostic",6a468472af4bbda8,400000,0,2026-09-26T10:40:07,DIAGNOSTIC
w48.0_m1.00_r0.940_T130_P25,depletion_fwhm_rel_4154,0.00299277,,,PASS,"the surviving transit kernel's FWHM over the bare collected kernel's, the core-flattening diagnostic",6a468472af4bbda8,400000,0,2026-09-26T10:40:07,DIAGNOSTIC
w48.0_m1.00_r0.940_T130_P25,depletion_fwhm_rel_4121,0.00317287,,,PASS,"the surviving transit kernel's FWHM over the bare collected kernel's, the core-flattening diagnostic",6a468472af4bbda8,400000,0,2026-09-26T10:40:07,DIAGNOSTIC
w48.0_m1.00_r0.940_T130_P25,shares_shift_abs,2.49851e-05,,,PASS,the largest move of a line's share from the thermal law to the depleted one: the physical shift,6a468472af4bbda8,400000,0,2026-09-26T10:40:07,DIAGNOSTIC
w48.0_m1.00_r0.940_T130_P25,cycles_on_axis,0.00245259,,,PASS,excitation cycles on the central chord at the mean transverse speed,6a468472af4bbda8,400000,0,2026-09-26T10:40:07,DIAGNOSTIC
w48.0_m1.00_r0.940_T130_P25,cycles_mean_over_chords,0.000362381,,,PASS,the flux-weighted mean over every chord,6a468472af4bbda8,400000,0,2026-09-26T10:40:07,DIAGNOSTIC
w48.0_m1.00_r0.940_T130_P270,transit_fwhm_rel,1.2654,1.26553,,PASS,the Monte Carlo against the form the fit uses at this node,6a468472af4bbda8,400000,0,2026-09-26T10:41:25,DIAGNOSTIC
w48.0_m1.00_r0.940_T130_P270,transit_shape_rel,1.00031,1,,PASS,the Monte Carlo against the form the fit uses at this node,6a468472af4bbda8,400000,0,2026-09-26T10:41:25,DIAGNOSTIC
w48.0_m1.00_r0.940_T130_P270,ramp_mu2_rel,0.0516635,0.051602,,PASS,the Monte Carlo against the form the fit uses at this node,6a468472af4bbda8,400000,0,2026-09-26T10:41:25,DIAGNOSTIC
w48.0_m1.00_r0.940_T130_P270,ramp_mu3_rel,-0.00626941,-0.00622887,,PASS,the Monte Carlo against the form the fit uses at this node,6a468472af4bbda8,400000,0,2026-09-26T10:41:25,DIAGNOSTIC
w48.0_m1.00_r0.940_T130_P270,amplitude_power_law_abs,1.78231,1.77616,,PASS,the Monte Carlo against the form the fit uses at this node,6a468472af4bbda8,400000,0,2026-09-26T10:41:25,DIAGNOSTIC
w48.0_m1.00_r0.940_T130_P270,shares_abs,0.00086741,0,,PASS,the Monte Carlo against the form the fit uses at this node,6a468472af4bbda8,400000,0,2026-09-26T10:41:25,DIAGNOSTIC
w48.0_m1.00_r0.940_T130_P270,joint_shape_abs,0.00587356,0,,PASS,the Monte Carlo against the form the fit uses at this node,6a468472af4bbda8,400000,0,2026-09-26T10:41:25,DIAGNOSTIC
w48.0_m1.00_r0.940_T130_P270,joint_moment_sigma_abs,2.38403,0,,PASS,the Monte Carlo against the form the fit uses at this node,6a468472af4bbda8,400000,0,2026-09-26T10:41:25,DIAGNOSTIC
w48.0_m1.00_r0.940_T130_P270,depleted_line_abs,0.000738403,0,,PASS,the Monte Carlo against the form the fit uses at this node,6a468472af4bbda8,400000,0,2026-09-26T10:41:25,DIAGNOSTIC
w48.0_m1.00_r0.940_T130_P270,depletion_widening_rel_4207,0.0100045,,,PASS,"what a transit fit reads from the surviving kernel after the natural Lorentzian, over the bare one: the factor the fit carries",6a468472af4bbda8,400000,0,2026-09-26T10:41:25,DIAGNOSTIC
w48.0_m1.00_r0.940_T130_P270,depletion_widening_rel_4192,0.0110277,,,PASS,"what a transit fit reads from the surviving kernel after the natural Lorentzian, over the bare one: the factor the fit carries",6a468472af4bbda8,400000,0,2026-09-26T10:41:25,DIAGNOSTIC
w48.0_m1.00_r0.940_T130_P270,depletion_widening_rel_4154,0.014992,,,PASS,"what a transit fit reads from the surviving kernel after the natural Lorentzian, over the bare one: the factor the fit carries",6a468472af4bbda8,400000,0,2026-09-26T10:41:25,DIAGNOSTIC
w48.0_m1.00_r0.940_T130_P270,depletion_widening_rel_4121,0.0159537,,,PASS,"what a transit fit reads from the surviving kernel after the natural Lorentzian, over the bare one: the factor the fit carries",6a468472af4bbda8,400000,0,2026-09-26T10:41:25,DIAGNOSTIC
w48.0_m1.00_r0.940_T130_P270,depletion_fwhm_rel_4207,0.0816377,,,PASS,"the surviving transit kernel's FWHM over the bare collected kernel's, the core-flattening diagnostic",6a468472af4bbda8,400000,0,2026-09-26T10:41:25,DIAGNOSTIC
w48.0_m1.00_r0.940_T130_P270,depletion_fwhm_rel_4192,0.087822,,,PASS,"the surviving transit kernel's FWHM over the bare collected kernel's, the core-flattening diagnostic",6a468472af4bbda8,400000,0,2026-09-26T10:41:25,DIAGNOSTIC
w48.0_m1.00_r0.940_T130_P270,depletion_fwhm_rel_4154,0.110318,,,PASS,"the surviving transit kernel's FWHM over the bare collected kernel's, the core-flattening diagnostic",6a468472af4bbda8,400000,0,2026-09-26T10:41:25,DIAGNOSTIC
w48.0_m1.00_r0.940_T130_P270,depletion_fwhm_rel_4121,0.115474,,,PASS,"the surviving transit kernel's FWHM over the bare collected kernel's, the core-flattening diagnostic",6a468472af4bbda8,400000,0,2026-09-26T10:41:25,DIAGNOSTIC
w48.0_m1.00_r0.940_T130_P270,shares_shift_abs,0.0023412,,,PASS,the largest move of a line's share from the thermal law to the depleted one: the physical shift,6a468472af4bbda8,400000,0,2026-09-26T10:41:25,DIAGNOSTIC
w48.0_m1.00_r0.940_T130_P270,cycles_on_axis,0.25223,,,PASS,excitation cycles on the central chord at the mean transverse speed,6a468472af4bbda8,400000,0,2026-09-26T10:41:25,DIAGNOSTIC
w48.0_m1.00_r0.940_T130_P270,cycles_mean_over_chords,0.0386393,,,PASS,the flux-weighted mean over every chord,6a468472af4bbda8,400000,0,2026-09-26T10:41:25,DIAGNOSTIC
w48.0_m1.00_r0.940_T130_P75,transit_fwhm_rel,1.26539,1.26516,,PASS,the Monte Carlo against the form the fit uses at this node,6a468472af4bbda8,400000,0,2026-09-26T10:41:32,DIAGNOSTIC
w48.0_m1.00_r0.940_T130_P75,transit_shape_rel,1.00031,1,,PASS,the Monte Carlo against the form the fit uses at this node,6a468472af4bbda8,400000,0,2026-09-26T10:41:32,DIAGNOSTIC
w48.0_m1.00_r0.940_T130_P75,ramp_mu2_rel,0.0508305,0.0507775,,PASS,the Monte Carlo against the form the fit uses at this node,6a468472af4bbda8,400000,0,2026-09-26T10:41:32,DIAGNOSTIC
w48.0_m1.00_r0.940_T130_P75,ramp_mu3_rel,-0.00667857,-0.00663699,,PASS,the Monte Carlo against the form the fit uses at this node,6a468472af4bbda8,400000,0,2026-09-26T10:41:32,DIAGNOSTIC
w48.0_m1.00_r0.940_T130_P75,amplitude_power_law_abs,1.98009,1.97965,,PASS,the Monte Carlo against the form the fit uses at this node,6a468472af4bbda8,400000,0,2026-09-26T10:41:32,DIAGNOSTIC
w48.0_m1.00_r0.940_T130_P75,shares_abs,6.22608e-05,0,,PASS,the Monte Carlo against the form the fit uses at this node,6a468472af4bbda8,400000,0,2026-09-26T10:41:32,DIAGNOSTIC
w48.0_m1.00_r0.940_T130_P75,joint_shape_abs,0.00361762,0,,PASS,the Monte Carlo against the form the fit uses at this node,6a468472af4bbda8,400000,0,2026-09-26T10:41:32,DIAGNOSTIC
w48.0_m1.00_r0.940_T130_P75,joint_moment_sigma_abs,1.33187,0,,PASS,the Monte Carlo against the form the fit uses at this node,6a468472af4bbda8,400000,0,2026-09-26T10:41:32,DIAGNOSTIC
w48.0_m1.00_r0.940_T130_P75,depleted_line_abs,0.000288013,0,,PASS,the Monte Carlo against the form the fit uses at this node,6a468472af4bbda8,400000,0,2026-09-26T10:41:32,DIAGNOSTIC
w48.0_m1.00_r0.940_T130_P75,depletion_widening_rel_4207,0.000939128,,,PASS,"what a transit fit reads from the surviving kernel after the natural Lorentzian, over the bare one: the factor the fit carries",6a468472af4bbda8,400000,0,2026-09-26T10:41:32,DIAGNOSTIC
w48.0_m1.00_r0.940_T130_P75,depletion_widening_rel_4192,0.0010416,,,PASS,"what a transit fit reads from the surviving kernel after the natural Lorentzian, over the bare one: the factor the fit carries",6a468472af4bbda8,400000,0,2026-09-26T10:41:32,DIAGNOSTIC
w48.0_m1.00_r0.940_T130_P75,depletion_widening_rel_4154,0.00144889,,,PASS,"what a transit fit reads from the surviving kernel after the natural Lorentzian, over the bare one: the factor the fit carries",6a468472af4bbda8,400000,0,2026-09-26T10:41:32,DIAGNOSTIC
w48.0_m1.00_r0.940_T130_P75,depletion_widening_rel_4121,0.00155011,,,PASS,"what a transit fit reads from the surviving kernel after the natural Lorentzian, over the bare one: the factor the fit carries",6a468472af4bbda8,400000,0,2026-09-26T10:41:32,DIAGNOSTIC
w48.0_m1.00_r0.940_T130_P75,depletion_fwhm_rel_4207,0.0127037,,,PASS,"the surviving transit kernel's FWHM over the bare collected kernel's, the core-flattening diagnostic",6a468472af4bbda8,400000,0,2026-09-26T10:41:32,DIAGNOSTIC
w48.0_m1.00_r0.940_T130_P75,depletion_fwhm_rel_4192,0.0138228,,,PASS,"the surviving transit kernel's FWHM over the bare collected kernel's, the core-flattening diagnostic",6a468472af4bbda8,400000,0,2026-09-26T10:41:32,DIAGNOSTIC
w48.0_m1.00_r0.940_T130_P75,depletion_fwhm_rel_4154,0.0180709,,,PASS,"the surviving transit kernel's FWHM over the bare collected kernel's, the core-flattening diagnostic",6a468472af4bbda8,400000,0,2026-09-26T10:41:32,DIAGNOSTIC
w48.0_m1.00_r0.940_T130_P75,depletion_fwhm_rel_4121,0.0190882,,,PASS,"the surviving transit kernel's FWHM over the bare collected kernel's, the core-flattening diagnostic",6a468472af4bbda8,400000,0,2026-09-26T10:41:32,DIAGNOSTIC
w48.0_m1.00_r0.940_T130_P75,shares_shift_abs,0.000219845,,,PASS,the largest move of a line's share from the thermal law to the depleted one: the physical shift,6a468472af4bbda8,400000,0,2026-09-26T10:41:32,DIAGNOSTIC
w48.0_m1.00_r0.940_T130_P75,cycles_on_axis,0.0218666,,,PASS,excitation cycles on the central chord at the mean transverse speed,6a468472af4bbda8,400000,0,2026-09-26T10:41:32,DIAGNOSTIC
w48.0_m1.00_r0.940_T130_P75,cycles_mean_over_chords,0.00323979,,,PASS,the flux-weighted mean over every chord,6a468472af4bbda8,400000,0,2026-09-26T10:41:32,DIAGNOSTIC
w48.0_m1.00_r0.940_T130_P90,transit_fwhm_rel,1.26539,1.26518,,PASS,the Monte Carlo against the form the fit uses at this node,6a468472af4bbda8,400000,0,2026-09-26T10:41:33,DIAGNOSTIC
w48.0_m1.00_r0.940_T130_P90,transit_shape_rel,1.00031,1,,PASS,the Monte Carlo against the form the fit uses at this node,6a468472af4bbda8,400000,0,2026-09-26T10:41:33,DIAGNOSTIC
w48.0_m1.00_r0.940_T130_P90,ramp_mu2_rel,0.0508636,0.0508102,,PASS,the Monte Carlo against the form the fit uses at this node,6a468472af4bbda8,400000,0,2026-09-26T10:41:33,DIAGNOSTIC
w48.0_m1.00_r0.940_T130_P90,ramp_mu3_rel,-0.00666276,-0.00662121,,PASS,the Monte Carlo against the form the fit uses at this node,6a468472af4bbda8,400000,0,2026-09-26T10:41:33,DIAGNOSTIC
w48.0_m1.00_r0.940_T130_P90,amplitude_power_law_abs,1.97154,1.97089,,PASS,the Monte Carlo against the form the fit uses at this node,6a468472af4bbda8,400000,0,2026-09-26T10:41:33,DIAGNOSTIC
w48.0_m1.00_r0.940_T130_P90,shares_abs,9.06287e-05,0,,PASS,the Monte Carlo against the form the fit uses at this node,6a468472af4bbda8,400000,0,2026-09-26T10:41:33,DIAGNOSTIC
w48.0_m1.00_r0.940_T130_P90,joint_shape_abs,0.00375685,0,,PASS,the Monte Carlo against the form the fit uses at this node,6a468472af4bbda8,400000,0,2026-09-26T10:41:33,DIAGNOSTIC
w48.0_m1.00_r0.940_T130_P90,joint_moment_sigma_abs,1.40664,0,,PASS,the Monte Carlo against the form the fit uses at this node,6a468472af4bbda8,400000,0,2026-09-26T10:41:33,DIAGNOSTIC
w48.0_m1.00_r0.940_T130_P90,depleted_line_abs,0.000309578,0,,PASS,the Monte Carlo against the form the fit uses at this node,6a468472af4bbda8,400000,0,2026-09-26T10:41:33,DIAGNOSTIC
w48.0_m1.00_r0.940_T130_P90,depletion_widening_rel_4207,0.00133794,,,PASS,"what a transit fit reads from the surviving kernel after the natural Lorentzian, over the bare one: the factor the fit carries",6a468472af4bbda8,400000,0,2026-09-26T10:41:33,DIAGNOSTIC
w48.0_m1.00_r0.940_T130_P90,depletion_widening_rel_4192,0.00148339,,,PASS,"what a transit fit reads from the surviving kernel after the natural Lorentzian, over the bare one: the factor the fit carries",6a468472af4bbda8,400000,0,2026-09-26T10:41:33,DIAGNOSTIC
w48.0_m1.00_r0.940_T130_P90,depletion_widening_rel_4154,0.00206054,,,PASS,"what a transit fit reads from the surviving kernel after the natural Lorentzian, over the bare one: the factor the fit carries",6a468472af4bbda8,400000,0,2026-09-26T10:41:33,DIAGNOSTIC
w48.0_m1.00_r0.940_T130_P90,depletion_widening_rel_4121,0.00220375,,,PASS,"what a transit fit reads from the surviving kernel after the natural Lorentzian, over the bare one: the factor the fit carries",6a468472af4bbda8,400000,0,2026-09-26T10:41:33,DIAGNOSTIC
w48.0_m1.00_r0.940_T130_P90,depletion_fwhm_rel_4207,0.0169366,,,PASS,"the surviving transit kernel's FWHM over the bare collected kernel's, the core-flattening diagnostic",6a468472af4bbda8,400000,0,2026-09-26T10:41:33,DIAGNOSTIC
w48.0_m1.00_r0.940_T130_P90,depletion_fwhm_rel_4192,0.0184198,,,PASS,"the surviving transit kernel's FWHM over the bare collected kernel's, the core-flattening diagnostic",6a468472af4bbda8,400000,0,2026-09-26T10:41:33,DIAGNOSTIC
w48.0_m1.00_r0.940_T130_P90,depletion_fwhm_rel_4154,0.0239991,,,PASS,"the surviving transit kernel's FWHM over the bare collected kernel's, the core-flattening diagnostic",6a468472af4bbda8,400000,0,2026-09-26T10:41:33,DIAGNOSTIC
w48.0_m1.00_r0.940_T130_P90,depletion_fwhm_rel_4121,0.0253199,,,PASS,"the surviving transit kernel's FWHM over the bare collected kernel's, the core-flattening diagnostic",6a468472af4bbda8,400000,0,2026-09-26T10:41:33,DIAGNOSTIC
w48.0_m1.00_r0.940_T130_P90,shares_shift_abs,0.000313501,,,PASS,the largest move of a line's share from the thermal law to the depleted one: the physical shift,6a468472af4bbda8,400000,0,2026-09-26T10:41:33,DIAGNOSTIC
w48.0_m1.00_r0.940_T130_P90,cycles_on_axis,0.0313429,,,PASS,excitation cycles on the central chord at the mean transverse speed,6a468472af4bbda8,400000,0,2026-09-26T10:41:33,DIAGNOSTIC
w48.0_m1.00_r0.940_T130_P90,cycles_mean_over_chords,0.00465007,,,PASS,the flux-weighted mean over every chord,6a468472af4bbda8,400000,0,2026-09-26T10:41:33,DIAGNOSTIC
w48.0_m1.00_r0.940_T70_P225,transit_fwhm_rel,1.16744,1.16746,,PASS,the Monte Carlo against the form the fit uses at this node,6a468472af4bbda8,400000,0,2026-09-26T10:42:49,DIAGNOSTIC
w48.0_m1.00_r0.940_T70_P225,transit_shape_rel,1.00031,1,,PASS,the Monte Carlo against the form the fit uses at this node,6a468472af4bbda8,400000,0,2026-09-26T10:42:49,DIAGNOSTIC
w48.0_m1.00_r0.940_T70_P225,ramp_mu2_rel,0.051402,0.0513431,,PASS,the Monte Carlo against the form the fit uses at this node,6a468472af4bbda8,400000,0,2026-09-26T10:42:49,DIAGNOSTIC
w48.0_m1.00_r0.940_T70_P225,ramp_mu3_rel,-0.00640037,-0.00635945,,PASS,the Monte Carlo against the form the fit uses at this node,6a468472af4bbda8,400000,0,2026-09-26T10:42:49,DIAGNOSTIC
w48.0_m1.00_r0.940_T70_P225,amplitude_power_law_abs,1.83769,1.83294,,PASS,the Monte Carlo against the form the fit uses at this node,6a468472af4bbda8,400000,0,2026-09-26T10:42:49,DIAGNOSTIC
w48.0_m1.00_r0.940_T70_P225,shares_abs,0.000659903,0,,PASS,the Monte Carlo against the form the fit uses at this node,6a468472af4bbda8,400000,0,2026-09-26T10:42:49,DIAGNOSTIC
w48.0_m1.00_r0.940_T70_P225,joint_shape_abs,0.00528511,0,,PASS,the Monte Carlo against the form the fit uses at this node,6a468472af4bbda8,400000,0,2026-09-26T10:42:49,DIAGNOSTIC
w48.0_m1.00_r0.940_T70_P225,joint_moment_sigma_abs,1.9006,0,,PASS,the Monte Carlo against the form the fit uses at this node,6a468472af4bbda8,400000,0,2026-09-26T10:42:49,DIAGNOSTIC
w48.0_m1.00_r0.940_T70_P225,depleted_line_abs,0.000561733,0,,PASS,the Monte Carlo against the form the fit uses at this node,6a468472af4bbda8,400000,0,2026-09-26T10:42:49,DIAGNOSTIC
w48.0_m1.00_r0.940_T70_P225,depletion_widening_rel_4207,0.00779071,,,PASS,"what a transit fit reads from the surviving kernel after the natural Lorentzian, over the bare one: the factor the fit carries",6a468472af4bbda8,400000,0,2026-09-26T10:42:49,DIAGNOSTIC
w48.0_m1.00_r0.940_T70_P225,depletion_widening_rel_4192,0.00859796,,,PASS,"what a transit fit reads from the surviving kernel after the natural Lorentzian, over the bare one: the factor the fit carries",6a468472af4bbda8,400000,0,2026-09-26T10:42:49,DIAGNOSTIC
w48.0_m1.00_r0.940_T70_P225,depletion_widening_rel_4154,0.0117407,,,PASS,"what a transit fit reads from the surviving kernel after the natural Lorentzian, over the bare one: the factor the fit carries",6a468472af4bbda8,400000,0,2026-09-26T10:42:49,DIAGNOSTIC
w48.0_m1.00_r0.940_T70_P225,depletion_widening_rel_4121,0.0125065,,,PASS,"what a transit fit reads from the surviving kernel after the natural Lorentzian, over the bare one: the factor the fit carries",6a468472af4bbda8,400000,0,2026-09-26T10:42:49,DIAGNOSTIC
w48.0_m1.00_r0.940_T70_P225,depletion_fwhm_rel_4207,0.0684159,,,PASS,"the surviving transit kernel's FWHM over the bare collected kernel's, the core-flattening diagnostic",6a468472af4bbda8,400000,0,2026-09-26T10:42:49,DIAGNOSTIC
w48.0_m1.00_r0.940_T70_P225,depletion_fwhm_rel_4192,0.0737225,,,PASS,"the surviving transit kernel's FWHM over the bare collected kernel's, the core-flattening diagnostic",6a468472af4bbda8,400000,0,2026-09-26T10:42:49,DIAGNOSTIC
w48.0_m1.00_r0.940_T70_P225,depletion_fwhm_rel_4154,0.0931025,,,PASS,"the surviving transit kernel's FWHM over the bare collected kernel's, the core-flattening diagnostic",6a468472af4bbda8,400000,0,2026-09-26T10:42:49,DIAGNOSTIC
w48.0_m1.00_r0.940_T70_P225,depletion_fwhm_rel_4121,0.0975691,,,PASS,"the surviving transit kernel's FWHM over the bare collected kernel's, the core-flattening diagnostic",6a468472af4bbda8,400000,0,2026-09-26T10:42:49,DIAGNOSTIC
w48.0_m1.00_r0.940_T70_P225,shares_shift_abs,0.00185394,,,PASS,the largest move of a line's share from the thermal law to the depleted one: the physical shift,6a468472af4bbda8,400000,0,2026-09-26T10:42:49,DIAGNOSTIC
w48.0_m1.00_r0.940_T70_P225,cycles_on_axis,0.196943,,,PASS,excitation cycles on the central chord at the mean transverse speed,6a468472af4bbda8,400000,0,2026-09-26T10:42:49,DIAGNOSTIC
w48.0_m1.00_r0.940_T70_P225,cycles_mean_over_chords,0.0298587,,,PASS,the flux-weighted mean over every chord,6a468472af4bbda8,400000,0,2026-09-26T10:42:49,DIAGNOSTIC
w48.0_m1.00_r0.940_T90_P225,transit_fwhm_rel,1.20098,1.201,,PASS,the Monte Carlo against the form the fit uses at this node,6a468472af4bbda8,400000,0,2026-09-26T10:42:56,DIAGNOSTIC
w48.0_m1.00_r0.940_T90_P225,transit_shape_rel,1.00031,1,,PASS,the Monte Carlo against the form the fit uses at this node,6a468472af4bbda8,400000,0,2026-09-26T10:42:56,DIAGNOSTIC
w48.0_m1.00_r0.940_T90_P225,ramp_mu2_rel,0.051402,0.0513431,,PASS,the Monte Carlo against the form the fit uses at this node,6a468472af4bbda8,400000,0,2026-09-26T10:42:56,DIAGNOSTIC
w48.0_m1.00_r0.940_T90_P225,ramp_mu3_rel,-0.00640037,-0.00635945,,PASS,the Monte Carlo against the form the fit uses at this node,6a468472af4bbda8,400000,0,2026-09-26T10:42:56,DIAGNOSTIC
w48.0_m1.00_r0.940_T90_P225,amplitude_power_law_abs,1.83881,1.83419,,PASS,the Monte Carlo against the form the fit uses at this node,6a468472af4bbda8,400000,0,2026-09-26T10:42:56,DIAGNOSTIC
w48.0_m1.00_r0.940_T90_P225,shares_abs,0.000639007,0,,PASS,the Monte Carlo against the form the fit uses at this node,6a468472af4bbda8,400000,0,2026-09-26T10:42:56,DIAGNOSTIC
w48.0_m1.00_r0.940_T90_P225,joint_shape_abs,0.00528866,0,,PASS,the Monte Carlo against the form the fit uses at this node,6a468472af4bbda8,400000,0,2026-09-26T10:42:56,DIAGNOSTIC
w48.0_m1.00_r0.940_T90_P225,joint_moment_sigma_abs,1.96371,0,,PASS,the Monte Carlo against the form the fit uses at this node,6a468472af4bbda8,400000,0,2026-09-26T10:42:56,DIAGNOSTIC
w48.0_m1.00_r0.940_T90_P225,depleted_line_abs,0.000579717,0,,PASS,the Monte Carlo against the form the fit uses at this node,6a468472af4bbda8,400000,0,2026-09-26T10:42:56,DIAGNOSTIC
w48.0_m1.00_r0.940_T90_P225,depletion_widening_rel_4207,0.00762907,,,PASS,"what a transit fit reads from the surviving kernel after the natural Lorentzian, over the bare one: the factor the fit carries",6a468472af4bbda8,400000,0,2026-09-26T10:42:56,DIAGNOSTIC
w48.0_m1.00_r0.940_T90_P225,depletion_widening_rel_4192,0.00842047,,,PASS,"what a transit fit reads from the surviving kernel after the natural Lorentzian, over the bare one: the factor the fit carries",6a468472af4bbda8,400000,0,2026-09-26T10:42:56,DIAGNOSTIC
w48.0_m1.00_r0.940_T90_P225,depletion_widening_rel_4154,0.0115028,,,PASS,"what a transit fit reads from the surviving kernel after the natural Lorentzian, over the bare one: the factor the fit carries",6a468472af4bbda8,400000,0,2026-09-26T10:42:56,DIAGNOSTIC
w48.0_m1.00_r0.940_T90_P225,depletion_widening_rel_4121,0.0122542,,,PASS,"what a transit fit reads from the surviving kernel after the natural Lorentzian, over the bare one: the factor the fit carries",6a468472af4bbda8,400000,0,2026-09-26T10:42:56,DIAGNOSTIC
w48.0_m1.00_r0.940_T90_P225,depletion_fwhm_rel_4207,0.0670449,,,PASS,"the surviving transit kernel's FWHM over the bare collected kernel's, the core-flattening diagnostic",6a468472af4bbda8,400000,0,2026-09-26T10:42:56,DIAGNOSTIC
w48.0_m1.00_r0.940_T90_P225,depletion_fwhm_rel_4192,0.0722634,,,PASS,"the surviving transit kernel's FWHM over the bare collected kernel's, the core-flattening diagnostic",6a468472af4bbda8,400000,0,2026-09-26T10:42:56,DIAGNOSTIC
w48.0_m1.00_r0.940_T90_P225,depletion_fwhm_rel_4154,0.0913169,,,PASS,"the surviving transit kernel's FWHM over the bare collected kernel's, the core-flattening diagnostic",6a468472af4bbda8,400000,0,2026-09-26T10:42:56,DIAGNOSTIC
w48.0_m1.00_r0.940_T90_P225,depletion_fwhm_rel_4121,0.0957152,,,PASS,"the surviving transit kernel's FWHM over the bare collected kernel's, the core-flattening diagnostic",6a468472af4bbda8,400000,0,2026-09-26T10:42:56,DIAGNOSTIC
w48.0_m1.00_r0.940_T90_P225,shares_shift_abs,0.00180545,,,PASS,the largest move of a line's share from the thermal law to the depleted one: the physical shift,6a468472af4bbda8,400000,0,2026-09-26T10:42:56,DIAGNOSTIC
w48.0_m1.00_r0.940_T90_P225,cycles_on_axis,0.191443,,,PASS,excitation cycles on the central chord at the mean transverse speed,6a468472af4bbda8,400000,0,2026-09-26T10:42:56,DIAGNOSTIC
w48.0_m1.00_r0.940_T90_P225,cycles_mean_over_chords,0.0290248,,,PASS,the flux-weighted mean over every chord,6a468472af4bbda8,400000,0,2026-09-26T10:42:56,DIAGNOSTIC
w50.0_m1.00_r0.940_T110_P225,transit_fwhm_rel,1.18342,1.18381,,PASS,the Monte Carlo against the form the fit uses at this node,6a468472af4bbda8,400000,0,2026-09-26T10:42:57,DIAGNOSTIC
w50.0_m1.00_r0.940_T110_P225,transit_shape_rel,1.00031,1,,PASS,the Monte Carlo against the form the fit uses at this node,6a468472af4bbda8,400000,0,2026-09-26T10:42:57,DIAGNOSTIC
w50.0_m1.00_r0.940_T110_P225,ramp_mu2_rel,0.0516932,0.0516349,,PASS,the Monte Carlo against the form the fit uses at this node,6a468472af4bbda8,400000,0,2026-09-26T10:42:57,DIAGNOSTIC
w50.0_m1.00_r0.940_T110_P225,ramp_mu3_rel,-0.00647229,-0.0064304,,PASS,the Monte Carlo against the form the fit uses at this node,6a468472af4bbda8,400000,0,2026-09-26T10:42:57,DIAGNOSTIC
w50.0_m1.00_r0.940_T110_P225,amplitude_power_law_abs,1.86017,1.85603,,PASS,the Monte Carlo against the form the fit uses at this node,6a468472af4bbda8,400000,0,2026-09-26T10:42:57,DIAGNOSTIC
w50.0_m1.00_r0.940_T110_P225,shares_abs,0.000553114,0,,PASS,the Monte Carlo against the form the fit uses at this node,6a468472af4bbda8,400000,0,2026-09-26T10:42:57,DIAGNOSTIC
w50.0_m1.00_r0.940_T110_P225,joint_shape_abs,0.00476454,0,,PASS,the Monte Carlo against the form the fit uses at this node,6a468472af4bbda8,400000,0,2026-09-26T10:42:57,DIAGNOSTIC
w50.0_m1.00_r0.940_T110_P225,joint_moment_sigma_abs,1.64231,0,,PASS,the Monte Carlo against the form the fit uses at this node,6a468472af4bbda8,400000,0,2026-09-26T10:42:57,DIAGNOSTIC
w50.0_m1.00_r0.940_T110_P225,depleted_line_abs,0.000526981,0,,PASS,the Monte Carlo against the form the fit uses at this node,6a468472af4bbda8,400000,0,2026-09-26T10:42:57,DIAGNOSTIC
w50.0_m1.00_r0.940_T110_P225,depletion_widening_rel_4207,0.00666714,,,PASS,"what a transit fit reads from the surviving kernel after the natural Lorentzian, over the bare one: the factor the fit carries",6a468472af4bbda8,400000,0,2026-09-26T10:42:57,DIAGNOSTIC
w50.0_m1.00_r0.940_T110_P225,depletion_widening_rel_4192,0.00736301,,,PASS,"what a transit fit reads from the surviving kernel after the natural Lorentzian, over the bare one: the factor the fit carries",6a468472af4bbda8,400000,0,2026-09-26T10:42:57,DIAGNOSTIC
w50.0_m1.00_r0.940_T110_P225,depletion_widening_rel_4154,0.0100795,,,PASS,"what a transit fit reads from the surviving kernel after the natural Lorentzian, over the bare one: the factor the fit carries",6a468472af4bbda8,400000,0,2026-09-26T10:42:57,DIAGNOSTIC
w50.0_m1.00_r0.940_T110_P225,depletion_widening_rel_4121,0.0107431,,,PASS,"what a transit fit reads from the surviving kernel after the natural Lorentzian, over the bare one: the factor the fit carries",6a468472af4bbda8,400000,0,2026-09-26T10:42:57,DIAGNOSTIC
w50.0_m1.00_r0.940_T110_P225,depletion_fwhm_rel_4207,0.0606582,,,PASS,"the surviving transit kernel's FWHM over the bare collected kernel's, the core-flattening diagnostic",6a468472af4bbda8,400000,0,2026-09-26T10:42:57,DIAGNOSTIC
w50.0_m1.00_r0.940_T110_P225,depletion_fwhm_rel_4192,0.0654021,,,PASS,"the surviving transit kernel's FWHM over the bare collected kernel's, the core-flattening diagnostic",6a468472af4bbda8,400000,0,2026-09-26T10:42:57,DIAGNOSTIC
w50.0_m1.00_r0.940_T110_P225,depletion_fwhm_rel_4154,0.0828785,,,PASS,"the surviving transit kernel's FWHM over the bare collected kernel's, the core-flattening diagnostic",6a468472af4bbda8,400000,0,2026-09-26T10:42:57,DIAGNOSTIC
w50.0_m1.00_r0.940_T110_P225,depletion_fwhm_rel_4121,0.0869394,,,PASS,"the surviving transit kernel's FWHM over the bare collected kernel's, the core-flattening diagnostic",6a468472af4bbda8,400000,0,2026-09-26T10:42:57,DIAGNOSTIC
w50.0_m1.00_r0.940_T110_P225,shares_shift_abs,0.00158304,,,PASS,the largest move of a line's share from the thermal law to the depleted one: the physical shift,6a468472af4bbda8,400000,0,2026-09-26T10:42:57,DIAGNOSTIC
w50.0_m1.00_r0.940_T110_P225,cycles_on_axis,0.167048,,,PASS,excitation cycles on the central chord at the mean transverse speed,6a468472af4bbda8,400000,0,2026-09-26T10:42:57,DIAGNOSTIC
w50.0_m1.00_r0.940_T110_P225,cycles_mean_over_chords,0.0252328,,,PASS,the flux-weighted mean over every chord,6a468472af4bbda8,400000,0,2026-09-26T10:42:57,DIAGNOSTIC
w50.0_m1.00_r0.940_T130_P125,transit_fwhm_rel,1.21391,1.2142,,PASS,the Monte Carlo against the form the fit uses at this node,6a468472af4bbda8,400000,0,2026-09-26T10:44:10,DIAGNOSTIC
w50.0_m1.00_r0.940_T130_P125,transit_shape_rel,1.00031,1,,PASS,the Monte Carlo against the form the fit uses at this node,6a468472af4bbda8,400000,0,2026-09-26T10:44:10,DIAGNOSTIC
w50.0_m1.00_r0.940_T130_P125,ramp_mu2_rel,0.0513156,0.0512612,,PASS,the Monte Carlo against the form the fit uses at this node,6a468472af4bbda8,400000,0,2026-09-26T10:44:10,DIAGNOSTIC
w50.0_m1.00_r0.940_T130_P125,ramp_mu3_rel,-0.00666063,-0.0066183,,PASS,the Monte Carlo against the form the fit uses at this node,6a468472af4bbda8,400000,0,2026-09-26T10:44:10,DIAGNOSTIC
w50.0_m1.00_r0.940_T130_P125,amplitude_power_law_abs,1.9536,1.95243,,PASS,the Monte Carlo against the form the fit uses at this node,6a468472af4bbda8,400000,0,2026-09-26T10:44:10,DIAGNOSTIC
w50.0_m1.00_r0.940_T130_P125,shares_abs,0.000159016,0,,PASS,the Monte Carlo against the form the fit uses at this node,6a468472af4bbda8,400000,0,2026-09-26T10:44:10,DIAGNOSTIC
w50.0_m1.00_r0.940_T130_P125,joint_shape_abs,0.00379103,0,,PASS,the Monte Carlo against the form the fit uses at this node,6a468472af4bbda8,400000,0,2026-09-26T10:44:10,DIAGNOSTIC
w50.0_m1.00_r0.940_T130_P125,joint_moment_sigma_abs,1.45668,0,,PASS,the Monte Carlo against the form the fit uses at this node,6a468472af4bbda8,400000,0,2026-09-26T10:44:10,DIAGNOSTIC
w50.0_m1.00_r0.940_T130_P125,depleted_line_abs,0.000339556,0,,PASS,the Monte Carlo against the form the fit uses at this node,6a468472af4bbda8,400000,0,2026-09-26T10:44:10,DIAGNOSTIC
w50.0_m1.00_r0.940_T130_P125,depletion_widening_rel_4207,0.00221252,,,PASS,"what a transit fit reads from the surviving kernel after the natural Lorentzian, over the bare one: the factor the fit carries",6a468472af4bbda8,400000,0,2026-09-26T10:44:10,DIAGNOSTIC
w50.0_m1.00_r0.940_T130_P125,depletion_widening_rel_4192,0.00245119,,,PASS,"what a transit fit reads from the surviving kernel after the natural Lorentzian, over the bare one: the factor the fit carries",6a468472af4bbda8,400000,0,2026-09-26T10:44:10,DIAGNOSTIC
w50.0_m1.00_r0.940_T130_P125,depletion_widening_rel_4154,0.0033951,,,PASS,"what a transit fit reads from the surviving kernel after the natural Lorentzian, over the bare one: the factor the fit carries",6a468472af4bbda8,400000,0,2026-09-26T10:44:10,DIAGNOSTIC
w50.0_m1.00_r0.940_T130_P125,depletion_widening_rel_4121,0.00362855,,,PASS,"what a transit fit reads from the surviving kernel after the natural Lorentzian, over the bare one: the factor the fit carries",6a468472af4bbda8,400000,0,2026-09-26T10:44:10,DIAGNOSTIC
w50.0_m1.00_r0.940_T130_P125,depletion_fwhm_rel_4207,0.0255711,,,PASS,"the surviving transit kernel's FWHM over the bare collected kernel's, the core-flattening diagnostic",6a468472af4bbda8,400000,0,2026-09-26T10:44:10,DIAGNOSTIC
w50.0_m1.00_r0.940_T130_P125,depletion_fwhm_rel_4192,0.0277372,,,PASS,"the surviving transit kernel's FWHM over the bare collected kernel's, the core-flattening diagnostic",6a468472af4bbda8,400000,0,2026-09-26T10:44:10,DIAGNOSTIC
w50.0_m1.00_r0.940_T130_P125,depletion_fwhm_rel_4154,0.0358461,,,PASS,"the surviving transit kernel's FWHM over the bare collected kernel's, the core-flattening diagnostic",6a468472af4bbda8,400000,0,2026-09-26T10:44:10,DIAGNOSTIC
w50.0_m1.00_r0.940_T130_P125,depletion_fwhm_rel_4121,0.0377676,,,PASS,"the surviving transit kernel's FWHM over the bare collected kernel's, the core-flattening diagnostic",6a468472af4bbda8,400000,0,2026-09-26T10:44:10,DIAGNOSTIC
w50.0_m1.00_r0.940_T130_P125,shares_shift_abs,0.000523246,,,PASS,the largest move of a line's share from the thermal law to the depleted one: the physical shift,6a468472af4bbda8,400000,0,2026-09-26T10:44:10,DIAGNOSTIC
w50.0_m1.00_r0.940_T130_P125,cycles_on_axis,0.0529835,,,PASS,excitation cycles on the central chord at the mean transverse speed,6a468472af4bbda8,400000,0,2026-09-26T10:44:10,DIAGNOSTIC
w50.0_m1.00_r0.940_T130_P125,cycles_mean_over_chords,0.00788256,,,PASS,the flux-weighted mean over every chord,6a468472af4bbda8,400000,0,2026-09-26T10:44:10,DIAGNOSTIC
w50.0_m1.00_r0.940_T130_P175,transit_fwhm_rel,1.21391,1.21425,,PASS,the Monte Carlo against the form the fit uses at this node,6a468472af4bbda8,400000,0,2026-09-26T10:44:17,DIAGNOSTIC
w50.0_m1.00_r0.940_T130_P175,transit_shape_rel,1.00031,1,,PASS,the Monte Carlo against the form the fit uses at this node,6a468472af4bbda8,400000,0,2026-09-26T10:44:17,DIAGNOSTIC
w50.0_m1.00_r0.940_T130_P175,ramp_mu2_rel,0.0514807,0.0514246,,PASS,the Monte Carlo against the form the fit uses at this node,6a468472af4bbda8,400000,0,2026-09-26T10:44:17,DIAGNOSTIC
w50.0_m1.00_r0.940_T130_P175,ramp_mu3_rel,-0.00657886,-0.00653671,,PASS,the Monte Carlo against the form the fit uses at this node,6a468472af4bbda8,400000,0,2026-09-26T10:44:17,DIAGNOSTIC
w50.0_m1.00_r0.940_T130_P175,amplitude_power_law_abs,1.91219,1.90978,,PASS,the Monte Carlo against the form the fit uses at this node,6a468472af4bbda8,400000,0,2026-09-26T10:44:17,DIAGNOSTIC
w50.0_m1.00_r0.940_T130_P175,shares_abs,0.000320001,0,,PASS,the Monte Carlo against the form the fit uses at this node,6a468472af4bbda8,400000,0,2026-09-26T10:44:17,DIAGNOSTIC
w50.0_m1.00_r0.940_T130_P175,joint_shape_abs,0.0042526,0,,PASS,the Monte Carlo against the form the fit uses at this node,6a468472af4bbda8,400000,0,2026-09-26T10:44:17,DIAGNOSTIC
w50.0_m1.00_r0.940_T130_P175,joint_moment_sigma_abs,1.69879,0,,PASS,the Monte Carlo against the form the fit uses at this node,6a468472af4bbda8,400000,0,2026-09-26T10:44:17,DIAGNOSTIC
w50.0_m1.00_r0.940_T130_P175,depleted_line_abs,0.000432343,0,,PASS,the Monte Carlo against the form the fit uses at this node,6a468472af4bbda8,400000,0,2026-09-26T10:44:17,DIAGNOSTIC
w50.0_m1.00_r0.940_T130_P175,depletion_widening_rel_4207,0.00415706,,,PASS,"what a transit fit reads from the surviving kernel after the natural Lorentzian, over the bare one: the factor the fit carries",6a468472af4bbda8,400000,0,2026-09-26T10:44:17,DIAGNOSTIC
w50.0_m1.00_r0.940_T130_P175,depletion_widening_rel_4192,0.00459864,,,PASS,"what a transit fit reads from the surviving kernel after the natural Lorentzian, over the bare one: the factor the fit carries",6a468472af4bbda8,400000,0,2026-09-26T10:44:17,DIAGNOSTIC
w50.0_m1.00_r0.940_T130_P175,depletion_widening_rel_4154,0.00633415,,,PASS,"what a transit fit reads from the surviving kernel after the natural Lorentzian, over the bare one: the factor the fit carries",6a468472af4bbda8,400000,0,2026-09-26T10:44:17,DIAGNOSTIC
w50.0_m1.00_r0.940_T130_P175,depletion_widening_rel_4121,0.00676085,,,PASS,"what a transit fit reads from the surviving kernel after the natural Lorentzian, over the bare one: the factor the fit carries",6a468472af4bbda8,400000,0,2026-09-26T10:44:17,DIAGNOSTIC
w50.0_m1.00_r0.940_T130_P175,depletion_fwhm_rel_4207,0.0419991,,,PASS,"the surviving transit kernel's FWHM over the bare collected kernel's, the core-flattening diagnostic",6a468472af4bbda8,400000,0,2026-09-26T10:44:17,DIAGNOSTIC
w50.0_m1.00_r0.940_T130_P175,depletion_fwhm_rel_4192,0.0454154,,,PASS,"the surviving transit kernel's FWHM over the bare collected kernel's, the core-flattening diagnostic",6a468472af4bbda8,400000,0,2026-09-26T10:44:17,DIAGNOSTIC
w50.0_m1.00_r0.940_T130_P175,depletion_fwhm_rel_4154,0.0580997,,,PASS,"the surviving transit kernel's FWHM over the bare collected kernel's, the core-flattening diagnostic",6a468472af4bbda8,400000,0,2026-09-26T10:44:17,DIAGNOSTIC
w50.0_m1.00_r0.940_T130_P175,depletion_fwhm_rel_4121,0.0610607,,,PASS,"the surviving transit kernel's FWHM over the bare collected kernel's, the core-flattening diagnostic",6a468472af4bbda8,400000,0,2026-09-26T10:44:17,DIAGNOSTIC
w50.0_m1.00_r0.940_T130_P175,shares_shift_abs,0.000982931,,,PASS,the largest move of a line's share from the thermal law to the depleted one: the physical shift,6a468472af4bbda8,400000,0,2026-09-26T10:44:17,DIAGNOSTIC
w50.0_m1.00_r0.940_T130_P175,cycles_on_axis,0.101483,,,PASS,excitation cycles on the central chord at the mean transverse speed,6a468472af4bbda8,400000,0,2026-09-26T10:44:17,DIAGNOSTIC
w50.0_m1.00_r0.940_T130_P175,cycles_mean_over_chords,0.015199,,,PASS,the flux-weighted mean over every chord,6a468472af4bbda8,400000,0,2026-09-26T10:44:17,DIAGNOSTIC
w50.0_m1.00_r0.940_T130_P180,transit_fwhm_rel,1.21391,1.21425,,PASS,the Monte Carlo against the form the fit uses at this node,6a468472af4bbda8,400000,0,2026-09-26T10:44:18,DIAGNOSTIC
w50.0_m1.00_r0.940_T130_P180,transit_shape_rel,1.00031,1,,PASS,the Monte Carlo against the form the fit uses at this node,6a468472af4bbda8,400000,0,2026-09-26T10:44:18,DIAGNOSTIC
w50.0_m1.00_r0.940_T130_P180,ramp_mu2_rel,0.0514999,0.0514437,,PASS,the Monte Carlo against the form the fit uses at this node,6a468472af4bbda8,400000,0,2026-09-26T10:44:18,DIAGNOSTIC
w50.0_m1.00_r0.940_T130_P180,ramp_mu3_rel,-0.00656929,-0.00652716,,PASS,the Monte Carlo against the form the fit uses at this node,6a468472af4bbda8,400000,0,2026-09-26T10:44:18,DIAGNOSTIC
w50.0_m1.00_r0.940_T130_P180,amplitude_power_law_abs,1.90747,1.90491,,PASS,the Monte Carlo against the form the fit uses at this node,6a468472af4bbda8,400000,0,2026-09-26T10:44:18,DIAGNOSTIC
w50.0_m1.00_r0.940_T130_P180,shares_abs,0.000339258,0,,PASS,the Monte Carlo against the form the fit uses at this node,6a468472af4bbda8,400000,0,2026-09-26T10:44:18,DIAGNOSTIC
w50.0_m1.00_r0.940_T130_P180,joint_shape_abs,0.00430643,0,,PASS,the Monte Carlo against the form the fit uses at this node,6a468472af4bbda8,400000,0,2026-09-26T10:44:18,DIAGNOSTIC
w50.0_m1.00_r0.940_T130_P180,joint_moment_sigma_abs,1.68198,0,,PASS,the Monte Carlo against the form the fit uses at this node,6a468472af4bbda8,400000,0,2026-09-26T10:44:18,DIAGNOSTIC
w50.0_m1.00_r0.940_T130_P180,depleted_line_abs,0.000442654,0,,PASS,the Monte Carlo against the form the fit uses at this node,6a468472af4bbda8,400000,0,2026-09-26T10:44:18,DIAGNOSTIC
w50.0_m1.00_r0.940_T130_P180,depletion_widening_rel_4207,0.00437769,,,PASS,"what a transit fit reads from the surviving kernel after the natural Lorentzian, over the bare one: the factor the fit carries",6a468472af4bbda8,400000,0,2026-09-26T10:44:18,DIAGNOSTIC
w50.0_m1.00_r0.940_T130_P180,depletion_widening_rel_4192,0.00484196,,,PASS,"what a transit fit reads from the surviving kernel after the natural Lorentzian, over the bare one: the factor the fit carries",6a468472af4bbda8,400000,0,2026-09-26T10:44:18,DIAGNOSTIC
w50.0_m1.00_r0.940_T130_P180,depletion_widening_rel_4154,0.00666544,,,PASS,"what a transit fit reads from the surviving kernel after the natural Lorentzian, over the bare one: the factor the fit carries",6a468472af4bbda8,400000,0,2026-09-26T10:44:18,DIAGNOSTIC
w50.0_m1.00_r0.940_T130_P180,depletion_widening_rel_4121,0.0071135,,,PASS,"what a transit fit reads from the surviving kernel after the natural Lorentzian, over the bare one: the factor the fit carries",6a468472af4bbda8,400000,0,2026-09-26T10:44:18,DIAGNOSTIC
w50.0_m1.00_r0.940_T130_P180,depletion_fwhm_rel_4207,0.0437189,,,PASS,"the surviving transit kernel's FWHM over the bare collected kernel's, the core-flattening diagnostic",6a468472af4bbda8,400000,0,2026-09-26T10:44:18,DIAGNOSTIC
w50.0_m1.00_r0.940_T130_P180,depletion_fwhm_rel_4192,0.0472576,,,PASS,"the surviving transit kernel's FWHM over the bare collected kernel's, the core-flattening diagnostic",6a468472af4bbda8,400000,0,2026-09-26T10:44:18,DIAGNOSTIC
w50.0_m1.00_r0.940_T130_P180,depletion_fwhm_rel_4154,0.0604046,,,PASS,"the surviving transit kernel's FWHM over the bare collected kernel's, the core-flattening diagnostic",6a468472af4bbda8,400000,0,2026-09-26T10:44:18,DIAGNOSTIC
w50.0_m1.00_r0.940_T130_P180,depletion_fwhm_rel_4121,0.0634652,,,PASS,"the surviving transit kernel's FWHM over the bare collected kernel's, the core-flattening diagnostic",6a468472af4bbda8,400000,0,2026-09-26T10:44:18,DIAGNOSTIC
w50.0_m1.00_r0.940_T130_P180,shares_shift_abs,0.00103503,,,PASS,the largest move of a line's share from the thermal law to the depleted one: the physical shift,6a468472af4bbda8,400000,0,2026-09-26T10:44:18,DIAGNOSTIC
w50.0_m1.00_r0.940_T130_P180,cycles_on_axis,0.107077,,,PASS,excitation cycles on the central chord at the mean transverse speed,6a468472af4bbda8,400000,0,2026-09-26T10:44:18,DIAGNOSTIC
w50.0_m1.00_r0.940_T130_P180,cycles_mean_over_chords,0.0160493,,,PASS,the flux-weighted mean over every chord,6a468472af4bbda8,400000,0,2026-09-26T10:44:18,DIAGNOSTIC
w50.0_m1.00_r0.940_T130_P225,transit_fwhm_rel,1.21391,1.21431,,PASS,the Monte Carlo against the form the fit uses at this node,6a468472af4bbda8,400000,0,2026-09-26T10:45:16,DIAGNOSTIC
w50.0_m1.00_r0.940_T130_P225,transit_shape_rel,1.00031,1,,PASS,the Monte Carlo against the form the fit uses at this node,6a468472af4bbda8,400000,0,2026-09-26T10:45:16,DIAGNOSTIC
w50.0_m1.00_r0.940_T130_P225,ramp_mu2_rel,0.0516932,0.0516349,,PASS,the Monte Carlo against the form the fit uses at this node,6a468472af4bbda8,400000,0,2026-09-26T10:45:16,DIAGNOSTIC
w50.0_m1.00_r0.940_T130_P225,ramp_mu3_rel,-0.00647229,-0.0064304,,PASS,the Monte Carlo against the form the fit uses at this node,6a468472af4bbda8,400000,0,2026-09-26T10:45:16,DIAGNOSTIC
w50.0_m1.00_r0.940_T130_P225,amplitude_power_law_abs,1.86104,1.857,,PASS,the Monte Carlo against the form the fit uses at this node,6a468472af4bbda8,400000,0,2026-09-26T10:45:16,DIAGNOSTIC
w50.0_m1.00_r0.940_T130_P225,shares_abs,0.000537484,0,,PASS,the Monte Carlo against the form the fit uses at this node,6a468472af4bbda8,400000,0,2026-09-26T10:45:16,DIAGNOSTIC
w50.0_m1.00_r0.940_T130_P225,joint_shape_abs,0.00476553,0,,PASS,the Monte Carlo against the form the fit uses at this node,6a468472af4bbda8,400000,0,2026-09-26T10:45:16,DIAGNOSTIC
w50.0_m1.00_r0.940_T130_P225,joint_moment_sigma_abs,1.68832,0,,PASS,the Monte Carlo against the form the fit uses at this node,6a468472af4bbda8,400000,0,2026-09-26T10:45:16,DIAGNOSTIC
w50.0_m1.00_r0.940_T130_P225,depleted_line_abs,0.00054108,0,,PASS,the Monte Carlo against the form the fit uses at this node,6a468472af4bbda8,400000,0,2026-09-26T10:45:16,DIAGNOSTIC
w50.0_m1.00_r0.940_T130_P225,depletion_widening_rel_4207,0.00654193,,,PASS,"what a transit fit reads from the surviving kernel after the natural Lorentzian, over the bare one: the factor the fit carries",6a468472af4bbda8,400000,0,2026-09-26T10:45:16,DIAGNOSTIC
w50.0_m1.00_r0.940_T130_P225,depletion_widening_rel_4192,0.00722536,,,PASS,"what a transit fit reads from the surviving kernel after the natural Lorentzian, over the bare one: the factor the fit carries",6a468472af4bbda8,400000,0,2026-09-26T10:45:16,DIAGNOSTIC
w50.0_m1.00_r0.940_T130_P225,depletion_widening_rel_4154,0.00989693,,,PASS,"what a transit fit reads from the surviving kernel after the natural Lorentzian, over the bare one: the factor the fit carries",6a468472af4bbda8,400000,0,2026-09-26T10:45:16,DIAGNOSTIC
w50.0_m1.00_r0.940_T130_P225,depletion_widening_rel_4121,0.0105492,,,PASS,"what a transit fit reads from the surviving kernel after the natural Lorentzian, over the bare one: the factor the fit carries",6a468472af4bbda8,400000,0,2026-09-26T10:45:16,DIAGNOSTIC
w50.0_m1.00_r0.940_T130_P225,depletion_fwhm_rel_4207,0.0595577,,,PASS,"the surviving transit kernel's FWHM over the bare collected kernel's, the core-flattening diagnostic",6a468472af4bbda8,400000,0,2026-09-26T10:45:16,DIAGNOSTIC
w50.0_m1.00_r0.940_T130_P225,depletion_fwhm_rel_4192,0.0642287,,,PASS,"the surviving transit kernel's FWHM over the bare collected kernel's, the core-flattening diagnostic",6a468472af4bbda8,400000,0,2026-09-26T10:45:16,DIAGNOSTIC
w50.0_m1.00_r0.940_T130_P225,depletion_fwhm_rel_4154,0.0814333,,,PASS,"the surviving transit kernel's FWHM over the bare collected kernel's, the core-flattening diagnostic",6a468472af4bbda8,400000,0,2026-09-26T10:45:16,DIAGNOSTIC
w50.0_m1.00_r0.940_T130_P225,depletion_fwhm_rel_4121,0.0854203,,,PASS,"the surviving transit kernel's FWHM over the bare collected kernel's, the core-flattening diagnostic",6a468472af4bbda8,400000,0,2026-09-26T10:45:16,DIAGNOSTIC
w50.0_m1.00_r0.940_T130_P225,shares_shift_abs,0.00154554,,,PASS,the largest move of a line's share from the thermal law to the depleted one: the physical shift,6a468472af4bbda8,400000,0,2026-09-26T10:45:16,DIAGNOSTIC
w50.0_m1.00_r0.940_T130_P225,cycles_on_axis,0.162852,,,PASS,excitation cycles on the central chord at the mean transverse speed,6a468472af4bbda8,400000,0,2026-09-26T10:45:16,DIAGNOSTIC
w50.0_m1.00_r0.940_T130_P225,cycles_mean_over_chords,0.0245989,,,PASS,the flux-weighted mean over every chord,6a468472af4bbda8,400000,0,2026-09-26T10:45:16,DIAGNOSTIC
w50.0_m1.00_r0.940_T130_P25,transit_fwhm_rel,1.2139,1.21415,,PASS,the Monte Carlo against the form the fit uses at this node,6a468472af4bbda8,400000,0,2026-09-26T10:45:16,DIAGNOSTIC
w50.0_m1.00_r0.940_T130_P25,transit_shape_rel,1.00031,1,,PASS,the Monte Carlo against the form the fit uses at this node,6a468472af4bbda8,400000,0,2026-09-26T10:45:16,DIAGNOSTIC
w50.0_m1.00_r0.940_T130_P25,ramp_mu2_rel,0.0511451,0.0510925,,PASS,the Monte Carlo against the form the fit uses at this node,6a468472af4bbda8,400000,0,2026-09-26T10:45:16,DIAGNOSTIC
w50.0_m1.00_r0.940_T130_P25,ramp_mu3_rel,-0.00674406,-0.00670156,,PASS,the Monte Carlo against the form the fit uses at this node,6a468472af4bbda8,400000,0,2026-09-26T10:45:16,DIAGNOSTIC
w50.0_m1.00_r0.940_T130_P25,amplitude_power_law_abs,1.99807,1.99803,,PASS,the Monte Carlo against the form the fit uses at this node,6a468472af4bbda8,400000,0,2026-09-26T10:45:16,DIAGNOSTIC
w50.0_m1.00_r0.940_T130_P25,shares_abs,5.9685e-06,0,,PASS,the Monte Carlo against the form the fit uses at this node,6a468472af4bbda8,400000,0,2026-09-26T10:45:16,DIAGNOSTIC
w50.0_m1.00_r0.940_T130_P25,joint_shape_abs,0.00304693,0,,PASS,the Monte Carlo against the form the fit uses at this node,6a468472af4bbda8,400000,0,2026-09-26T10:45:16,DIAGNOSTIC
w50.0_m1.00_r0.940_T130_P25,joint_moment_sigma_abs,1.11681,0,,PASS,the Monte Carlo against the form the fit uses at this node,6a468472af4bbda8,400000,0,2026-09-26T10:45:16,DIAGNOSTIC
w50.0_m1.00_r0.940_T130_P25,depleted_line_abs,0.000233472,0,,PASS,the Monte Carlo against the form the fit uses at this node,6a468472af4bbda8,400000,0,2026-09-26T10:45:16,DIAGNOSTIC
w50.0_m1.00_r0.940_T130_P25,depletion_widening_rel_4207,9.46419e-05,,,PASS,"what a transit fit reads from the surviving kernel after the natural Lorentzian, over the bare one: the factor the fit carries",6a468472af4bbda8,400000,0,2026-09-26T10:45:16,DIAGNOSTIC
w50.0_m1.00_r0.940_T130_P25,depletion_widening_rel_4192,0.000105053,,,PASS,"what a transit fit reads from the surviving kernel after the natural Lorentzian, over the bare one: the factor the fit carries",6a468472af4bbda8,400000,0,2026-09-26T10:45:16,DIAGNOSTIC
w50.0_m1.00_r0.940_T130_P25,depletion_widening_rel_4154,0.000146596,,,PASS,"what a transit fit reads from the surviving kernel after the natural Lorentzian, over the bare one: the factor the fit carries",6a468472af4bbda8,400000,0,2026-09-26T10:45:16,DIAGNOSTIC
w50.0_m1.00_r0.940_T130_P25,depletion_widening_rel_4121,0.00015696,,,PASS,"what a transit fit reads from the surviving kernel after the natural Lorentzian, over the bare one: the factor the fit carries",6a468472af4bbda8,400000,0,2026-09-26T10:45:16,DIAGNOSTIC
w50.0_m1.00_r0.940_T130_P25,depletion_fwhm_rel_4207,0.00184463,,,PASS,"the surviving transit kernel's FWHM over the bare collected kernel's, the core-flattening diagnostic",6a468472af4bbda8,400000,0,2026-09-26T10:45:16,DIAGNOSTIC
w50.0_m1.00_r0.940_T130_P25,depletion_fwhm_rel_4192,0.00201898,,,PASS,"the surviving transit kernel's FWHM over the bare collected kernel's, the core-flattening diagnostic",6a468472af4bbda8,400000,0,2026-09-26T10:45:16,DIAGNOSTIC
w50.0_m1.00_r0.940_T130_P25,depletion_fwhm_rel_4154,0.0026907,,,PASS,"the surviving transit kernel's FWHM over the bare collected kernel's, the core-flattening diagnostic",6a468472af4bbda8,400000,0,2026-09-26T10:45:16,DIAGNOSTIC
w50.0_m1.00_r0.940_T130_P25,depletion_fwhm_rel_4121,0.00285322,,,PASS,"the surviving transit kernel's FWHM over the bare collected kernel's, the core-flattening diagnostic",6a468472af4bbda8,400000,0,2026-09-26T10:45:16,DIAGNOSTIC
w50.0_m1.00_r0.940_T130_P25,shares_shift_abs,2.20642e-05,,,PASS,the largest move of a line's share from the thermal law to the depleted one: the physical shift,6a468472af4bbda8,400000,0,2026-09-26T10:45:16,DIAGNOSTIC
w50.0_m1.00_r0.940_T130_P25,cycles_on_axis,0.00217028,,,PASS,excitation cycles on the central chord at the mean transverse speed,6a468472af4bbda8,400000,0,2026-09-26T10:45:16,DIAGNOSTIC
w50.0_m1.00_r0.940_T130_P25,cycles_mean_over_chords,0.000320652,,,PASS,the flux-weighted mean over every chord,6a468472af4bbda8,400000,0,2026-09-26T10:45:16,DIAGNOSTIC
w50.0_m1.00_r0.940_T130_P270,transit_fwhm_rel,1.21392,1.21437,,PASS,the Monte Carlo against the form the fit uses at this node,6a468472af4bbda8,400000,0,2026-09-26T10:45:16,DIAGNOSTIC
w50.0_m1.00_r0.940_T130_P270,transit_shape_rel,1.00031,1,,PASS,the Monte Carlo against the form the fit uses at this node,6a468472af4bbda8,400000,0,2026-09-26T10:45:16,DIAGNOSTIC
w50.0_m1.00_r0.940_T130_P270,ramp_mu2_rel,0.05192,0.0518594,,PASS,the Monte Carlo against the form the fit uses at this node,6a468472af4bbda8,400000,0,2026-09-26T10:45:16,DIAGNOSTIC
w50.0_m1.00_r0.940_T130_P270,ramp_mu3_rel,-0.00635675,-0.00631517,,PASS,the Monte Carlo against the form the fit uses at this node,6a468472af4bbda8,400000,0,2026-09-26T10:45:16,DIAGNOSTIC
w50.0_m1.00_r0.940_T130_P270,amplitude_power_law_abs,1.80883,1.80308,,PASS,the Monte Carlo against the form the fit uses at this node,6a468472af4bbda8,400000,0,2026-09-26T10:45:16,DIAGNOSTIC
w50.0_m1.00_r0.940_T130_P270,shares_abs,0.000777595,0,,PASS,the Monte Carlo against the form the fit uses at this node,6a468472af4bbda8,400000,0,2026-09-26T10:45:16,DIAGNOSTIC
w50.0_m1.00_r0.940_T130_P270,joint_shape_abs,0.0052419,0,,PASS,the Monte Carlo against the form the fit uses at this node,6a468472af4bbda8,400000,0,2026-09-26T10:45:16,DIAGNOSTIC
w50.0_m1.00_r0.940_T130_P270,joint_moment_sigma_abs,2.03182,0,,PASS,the Monte Carlo against the form the fit uses at this node,6a468472af4bbda8,400000,0,2026-09-26T10:45:16,DIAGNOSTIC
w50.0_m1.00_r0.940_T130_P270,depleted_line_abs,0.000648337,0,,PASS,the Monte Carlo against the form the fit uses at this node,6a468472af4bbda8,400000,0,2026-09-26T10:45:16,DIAGNOSTIC
w50.0_m1.00_r0.940_T130_P270,depletion_widening_rel_4207,0.00897074,,,PASS,"what a transit fit reads from the surviving kernel after the natural Lorentzian, over the bare one: the factor the fit carries",6a468472af4bbda8,400000,0,2026-09-26T10:45:16,DIAGNOSTIC
w50.0_m1.00_r0.940_T130_P270,depletion_widening_rel_4192,0.00989336,,,PASS,"what a transit fit reads from the surviving kernel after the natural Lorentzian, over the bare one: the factor the fit carries",6a468472af4bbda8,400000,0,2026-09-26T10:45:16,DIAGNOSTIC
w50.0_m1.00_r0.940_T130_P270,depletion_widening_rel_4154,0.0134758,,,PASS,"what a transit fit reads from the surviving kernel after the natural Lorentzian, over the bare one: the factor the fit carries",6a468472af4bbda8,400000,0,2026-09-26T10:45:16,DIAGNOSTIC
w50.0_m1.00_r0.940_T130_P270,depletion_widening_rel_4121,0.0143466,,,PASS,"what a transit fit reads from the surviving kernel after the natural Lorentzian, over the bare one: the factor the fit carries",6a468472af4bbda8,400000,0,2026-09-26T10:45:16,DIAGNOSTIC
w50.0_m1.00_r0.940_T130_P270,depletion_fwhm_rel_4207,0.0756588,,,PASS,"the surviving transit kernel's FWHM over the bare collected kernel's, the core-flattening diagnostic",6a468472af4bbda8,400000,0,2026-09-26T10:45:16,DIAGNOSTIC
w50.0_m1.00_r0.940_T130_P270,depletion_fwhm_rel_4192,0.0814257,,,PASS,"the surviving transit kernel's FWHM over the bare collected kernel's, the core-flattening diagnostic",6a468472af4bbda8,400000,0,2026-09-26T10:45:16,DIAGNOSTIC
w50.0_m1.00_r0.940_T130_P270,depletion_fwhm_rel_4154,0.102523,,,PASS,"the surviving transit kernel's FWHM over the bare collected kernel's, the core-flattening diagnostic",6a468472af4bbda8,400000,0,2026-09-26T10:45:16,DIAGNOSTIC
w50.0_m1.00_r0.940_T130_P270,depletion_fwhm_rel_4121,0.107395,,,PASS,"the surviving transit kernel's FWHM over the bare collected kernel's, the core-flattening diagnostic",6a468472af4bbda8,400000,0,2026-09-26T10:45:16,DIAGNOSTIC
w50.0_m1.00_r0.940_T130_P270,shares_shift_abs,0.00211677,,,PASS,the largest move of a line's share from the thermal law to the depleted one: the physical shift,6a468472af4bbda8,400000,0,2026-09-26T10:45:16,DIAGNOSTIC
w50.0_m1.00_r0.940_T130_P270,cycles_on_axis,0.227176,,,PASS,excitation cycles on the central chord at the mean transverse speed,6a468472af4bbda8,400000,0,2026-09-26T10:45:16,DIAGNOSTIC
w50.0_m1.00_r0.940_T130_P270,cycles_mean_over_chords,0.0346265,,,PASS,the flux-weighted mean over every chord,6a468472af4bbda8,400000,0,2026-09-26T10:45:16,DIAGNOSTIC
w50.0_m1.00_r0.940_T130_P75,transit_fwhm_rel,1.21391,1.21417,,PASS,the Monte Carlo against the form the fit uses at this node,6a468472af4bbda8,400000,0,2026-09-26T10:46:07,DIAGNOSTIC
w50.0_m1.00_r0.940_T130_P75,transit_shape_rel,1.00031,1,,PASS,the Monte Carlo against the form the fit uses at this node,6a468472af4bbda8,400000,0,2026-09-26T10:46:07,DIAGNOSTIC
w50.0_m1.00_r0.940_T130_P75,ramp_mu2_rel,0.0512025,0.0511493,,PASS,the Monte Carlo against the form the fit uses at this node,6a468472af4bbda8,400000,0,2026-09-26T10:46:07,DIAGNOSTIC
w50.0_m1.00_r0.940_T130_P75,ramp_mu3_rel,-0.00671606,-0.00667362,,PASS,the Monte Carlo against the form the fit uses at this node,6a468472af4bbda8,400000,0,2026-09-26T10:46:07,DIAGNOSTIC
w50.0_m1.00_r0.940_T130_P75,amplitude_power_law_abs,1.98288,1.98248,,PASS,the Monte Carlo against the form the fit uses at this node,6a468472af4bbda8,400000,0,2026-09-26T10:46:07,DIAGNOSTIC
w50.0_m1.00_r0.940_T130_P75,shares_abs,5.53798e-05,0,,PASS,the Monte Carlo against the form the fit uses at this node,6a468472af4bbda8,400000,0,2026-09-26T10:46:07,DIAGNOSTIC
w50.0_m1.00_r0.940_T130_P75,joint_shape_abs,0.00339309,0,,PASS,the Monte Carlo against the form the fit uses at this node,6a468472af4bbda8,400000,0,2026-09-26T10:46:07,DIAGNOSTIC
w50.0_m1.00_r0.940_T130_P75,joint_moment_sigma_abs,1.27869,0,,PASS,the Monte Carlo against the form the fit uses at this node,6a468472af4bbda8,400000,0,2026-09-26T10:46:07,DIAGNOSTIC
w50.0_m1.00_r0.940_T130_P75,depleted_line_abs,0.000270822,0,,PASS,the Monte Carlo against the form the fit uses at this node,6a468472af4bbda8,400000,0,2026-09-26T10:46:07,DIAGNOSTIC
w50.0_m1.00_r0.940_T130_P75,depletion_widening_rel_4207,0.00082469,,,PASS,"what a transit fit reads from the surviving kernel after the natural Lorentzian, over the bare one: the factor the fit carries",6a468472af4bbda8,400000,0,2026-09-26T10:46:07,DIAGNOSTIC
w50.0_m1.00_r0.940_T130_P75,depletion_widening_rel_4192,0.000914772,,,PASS,"what a transit fit reads from the surviving kernel after the natural Lorentzian, over the bare one: the factor the fit carries",6a468472af4bbda8,400000,0,2026-09-26T10:46:07,DIAGNOSTIC
w50.0_m1.00_r0.940_T130_P75,depletion_widening_rel_4154,0.001273,,,PASS,"what a transit fit reads from the surviving kernel after the natural Lorentzian, over the bare one: the factor the fit carries",6a468472af4bbda8,400000,0,2026-09-26T10:46:07,DIAGNOSTIC
w50.0_m1.00_r0.940_T130_P75,depletion_widening_rel_4121,0.00136206,,,PASS,"what a transit fit reads from the surviving kernel after the natural Lorentzian, over the bare one: the factor the fit carries",6a468472af4bbda8,400000,0,2026-09-26T10:46:07,DIAGNOSTIC
w50.0_m1.00_r0.940_T130_P75,depletion_fwhm_rel_4207,0.0115025,,,PASS,"the surviving transit kernel's FWHM over the bare collected kernel's, the core-flattening diagnostic",6a468472af4bbda8,400000,0,2026-09-26T10:46:07,DIAGNOSTIC
w50.0_m1.00_r0.940_T130_P75,depletion_fwhm_rel_4192,0.0125214,,,PASS,"the surviving transit kernel's FWHM over the bare collected kernel's, the core-flattening diagnostic",6a468472af4bbda8,400000,0,2026-09-26T10:46:07,DIAGNOSTIC
w50.0_m1.00_r0.940_T130_P75,depletion_fwhm_rel_4154,0.0163782,,,PASS,"the surviving transit kernel's FWHM over the bare collected kernel's, the core-flattening diagnostic",6a468472af4bbda8,400000,0,2026-09-26T10:46:07,DIAGNOSTIC
w50.0_m1.00_r0.940_T130_P75,depletion_fwhm_rel_4121,0.0173012,,,PASS,"the surviving transit kernel's FWHM over the bare collected kernel's, the core-flattening diagnostic",6a468472af4bbda8,400000,0,2026-09-26T10:46:07,DIAGNOSTIC
w50.0_m1.00_r0.940_T130_P75,shares_shift_abs,0.000194643,,,PASS,the largest move of a line's share from the thermal law to the depleted one: the physical shift,6a468472af4bbda8,400000,0,2026-09-26T10:46:07,DIAGNOSTIC
w50.0_m1.00_r0.940_T130_P75,cycles_on_axis,0.0193769,,,PASS,excitation cycles on the central chord at the mean transverse speed,6a468472af4bbda8,400000,0,2026-09-26T10:46:07,DIAGNOSTIC
w50.0_m1.00_r0.940_T130_P75,cycles_mean_over_chords,0.00286958,,,PASS,the flux-weighted mean over every chord,6a468472af4bbda8,400000,0,2026-09-26T10:46:07,DIAGNOSTIC
w50.0_m1.00_r0.940_T130_P90,transit_fwhm_rel,1.21391,1.21417,,PASS,the Monte Carlo against the form the fit uses at this node,6a468472af4bbda8,400000,0,2026-09-26T10:46:08,DIAGNOSTIC
w50.0_m1.00_r0.940_T130_P90,transit_shape_rel,1.00031,1,,PASS,the Monte Carlo against the form the fit uses at this node,6a468472af4bbda8,400000,0,2026-09-26T10:46:08,DIAGNOSTIC
w50.0_m1.00_r0.940_T130_P90,ramp_mu2_rel,0.0512307,0.0511772,,PASS,the Monte Carlo against the form the fit uses at this node,6a468472af4bbda8,400000,0,2026-09-26T10:46:08,DIAGNOSTIC
w50.0_m1.00_r0.940_T130_P90,ramp_mu3_rel,-0.00670227,-0.00665985,,PASS,the Monte Carlo against the form the fit uses at this node,6a468472af4bbda8,400000,0,2026-09-26T10:46:08,DIAGNOSTIC
w50.0_m1.00_r0.940_T130_P90,amplitude_power_law_abs,1.9755,1.97492,,PASS,the Monte Carlo against the form the fit uses at this node,6a468472af4bbda8,400000,0,2026-09-26T10:46:08,DIAGNOSTIC
w50.0_m1.00_r0.940_T130_P90,shares_abs,8.0569e-05,0,,PASS,the Monte Carlo against the form the fit uses at this node,6a468472af4bbda8,400000,0,2026-09-26T10:46:08,DIAGNOSTIC
w50.0_m1.00_r0.940_T130_P90,joint_shape_abs,0.00350604,0,,PASS,the Monte Carlo against the form the fit uses at this node,6a468472af4bbda8,400000,0,2026-09-26T10:46:08,DIAGNOSTIC
w50.0_m1.00_r0.940_T130_P90,joint_moment_sigma_abs,1.28458,0,,PASS,the Monte Carlo against the form the fit uses at this node,6a468472af4bbda8,400000,0,2026-09-26T10:46:08,DIAGNOSTIC
w50.0_m1.00_r0.940_T130_P90,depleted_line_abs,0.000288466,0,,PASS,the Monte Carlo against the form the fit uses at this node,6a468472af4bbda8,400000,0,2026-09-26T10:46:08,DIAGNOSTIC
w50.0_m1.00_r0.940_T130_P90,depletion_widening_rel_4207,0.00117609,,,PASS,"what a transit fit reads from the surviving kernel after the natural Lorentzian, over the bare one: the factor the fit carries",6a468472af4bbda8,400000,0,2026-09-26T10:46:08,DIAGNOSTIC
w50.0_m1.00_r0.940_T130_P90,depletion_widening_rel_4192,0.00130413,,,PASS,"what a transit fit reads from the surviving kernel after the natural Lorentzian, over the bare one: the factor the fit carries",6a468472af4bbda8,400000,0,2026-09-26T10:46:08,DIAGNOSTIC
w50.0_m1.00_r0.940_T130_P90,depletion_widening_rel_4154,0.00181254,,,PASS,"what a transit fit reads from the surviving kernel after the natural Lorentzian, over the bare one: the factor the fit carries",6a468472af4bbda8,400000,0,2026-09-26T10:46:08,DIAGNOSTIC
w50.0_m1.00_r0.940_T130_P90,depletion_widening_rel_4121,0.00193876,,,PASS,"what a transit fit reads from the surviving kernel after the natural Lorentzian, over the bare one: the factor the fit carries",6a468472af4bbda8,400000,0,2026-09-26T10:46:08,DIAGNOSTIC
w50.0_m1.00_r0.940_T130_P90,depletion_fwhm_rel_4207,0.0153624,,,PASS,"the surviving transit kernel's FWHM over the bare collected kernel's, the core-flattening diagnostic",6a468472af4bbda8,400000,0,2026-09-26T10:46:08,DIAGNOSTIC
w50.0_m1.00_r0.940_T130_P90,depletion_fwhm_rel_4192,0.0167011,,,PASS,"the surviving transit kernel's FWHM over the bare collected kernel's, the core-flattening diagnostic",6a468472af4bbda8,400000,0,2026-09-26T10:46:08,DIAGNOSTIC
w50.0_m1.00_r0.940_T130_P90,depletion_fwhm_rel_4154,0.0218014,,,PASS,"the surviving transit kernel's FWHM over the bare collected kernel's, the core-flattening diagnostic",6a468472af4bbda8,400000,0,2026-09-26T10:46:08,DIAGNOSTIC
w50.0_m1.00_r0.940_T130_P90,depletion_fwhm_rel_4121,0.0230112,,,PASS,"the surviving transit kernel's FWHM over the bare collected kernel's, the core-flattening diagnostic",6a468472af4bbda8,400000,0,2026-09-26T10:46:08,DIAGNOSTIC
w50.0_m1.00_r0.940_T130_P90,shares_shift_abs,0.00027787,,,PASS,the largest move of a line's share from the thermal law to the depleted one: the physical shift,6a468472af4bbda8,400000,0,2026-09-26T10:46:08,DIAGNOSTIC
w50.0_m1.00_r0.940_T130_P90,cycles_on_axis,0.0277933,,,PASS,excitation cycles on the central chord at the mean transverse speed,6a468472af4bbda8,400000,0,2026-09-26T10:46:08,DIAGNOSTIC
w50.0_m1.00_r0.940_T130_P90,cycles_mean_over_chords,0.00412071,,,PASS,the flux-weighted mean over every chord,6a468472af4bbda8,400000,0,2026-09-26T10:46:08,DIAGNOSTIC
w50.0_m1.00_r0.940_T70_P225,transit_fwhm_rel,1.11995,1.12031,,PASS,the Monte Carlo against the form the fit uses at this node,6a468472af4bbda8,400000,0,2026-09-26T10:46:08,DIAGNOSTIC
w50.0_m1.00_r0.940_T70_P225,transit_shape_rel,1.00031,1,,PASS,the Monte Carlo against the form the fit uses at this node,6a468472af4bbda8,400000,0,2026-09-26T10:46:08,DIAGNOSTIC
w50.0_m1.00_r0.940_T70_P225,ramp_mu2_rel,0.0516932,0.0516349,,PASS,the Monte Carlo against the form the fit uses at this node,6a468472af4bbda8,400000,0,2026-09-26T10:46:08,DIAGNOSTIC
w50.0_m1.00_r0.940_T70_P225,ramp_mu3_rel,-0.00647229,-0.0064304,,PASS,the Monte Carlo against the form the fit uses at this node,6a468472af4bbda8,400000,0,2026-09-26T10:46:08,DIAGNOSTIC
w50.0_m1.00_r0.940_T70_P225,amplitude_power_law_abs,1.8582,1.85385,,PASS,the Monte Carlo against the form the fit uses at this node,6a468472af4bbda8,400000,0,2026-09-26T10:46:08,DIAGNOSTIC
w50.0_m1.00_r0.940_T70_P225,shares_abs,0.000588618,0,,PASS,the Monte Carlo against the form the fit uses at this node,6a468472af4bbda8,400000,0,2026-09-26T10:46:08,DIAGNOSTIC
w50.0_m1.00_r0.940_T70_P225,joint_shape_abs,0.00475693,0,,PASS,the Monte Carlo against the form the fit uses at this node,6a468472af4bbda8,400000,0,2026-09-26T10:46:08,DIAGNOSTIC
w50.0_m1.00_r0.940_T70_P225,joint_moment_sigma_abs,1.54041,0,,PASS,the Monte Carlo against the form the fit uses at this node,6a468472af4bbda8,400000,0,2026-09-26T10:46:08,DIAGNOSTIC
w50.0_m1.00_r0.940_T70_P225,depleted_line_abs,0.000495129,0,,PASS,the Monte Carlo against the form the fit uses at this node,6a468472af4bbda8,400000,0,2026-09-26T10:46:08,DIAGNOSTIC
w50.0_m1.00_r0.940_T70_P225,depletion_widening_rel_4207,0.00694687,,,PASS,"what a transit fit reads from the surviving kernel after the natural Lorentzian, over the bare one: the factor the fit carries",6a468472af4bbda8,400000,0,2026-09-26T10:46:08,DIAGNOSTIC
w50.0_m1.00_r0.940_T70_P225,depletion_widening_rel_4192,0.00767046,,,PASS,"what a transit fit reads from the surviving kernel after the natural Lorentzian, over the bare one: the factor the fit carries",6a468472af4bbda8,400000,0,2026-09-26T10:46:08,DIAGNOSTIC
w50.0_m1.00_r0.940_T70_P225,depletion_widening_rel_4154,0.0104929,,,PASS,"what a transit fit reads from the surviving kernel after the natural Lorentzian, over the bare one: the factor the fit carries",6a468472af4bbda8,400000,0,2026-09-26T10:46:08,DIAGNOSTIC
w50.0_m1.00_r0.940_T70_P225,depletion_widening_rel_4121,0.011182,,,PASS,"what a transit fit reads from the surviving kernel after the natural Lorentzian, over the bare one: the factor the fit carries",6a468472af4bbda8,400000,0,2026-09-26T10:46:08,DIAGNOSTIC
w50.0_m1.00_r0.940_T70_P225,depletion_fwhm_rel_4207,0.0631025,,,PASS,"the surviving transit kernel's FWHM over the bare collected kernel's, the core-flattening diagnostic",6a468472af4bbda8,400000,0,2026-09-26T10:46:08,DIAGNOSTIC
w50.0_m1.00_r0.940_T70_P225,depletion_fwhm_rel_4192,0.0680186,,,PASS,"the surviving transit kernel's FWHM over the bare collected kernel's, the core-flattening diagnostic",6a468472af4bbda8,400000,0,2026-09-26T10:46:08,DIAGNOSTIC
w50.0_m1.00_r0.940_T70_P225,depletion_fwhm_rel_4154,0.0861089,,,PASS,"the surviving transit kernel's FWHM over the bare collected kernel's, the core-flattening diagnostic",6a468472af4bbda8,400000,0,2026-09-26T10:46:08,DIAGNOSTIC
w50.0_m1.00_r0.940_T70_P225,depletion_fwhm_rel_4121,0.0903061,,,PASS,"the surviving transit kernel's FWHM over the bare collected kernel's, the core-flattening diagnostic",6a468472af4bbda8,400000,0,2026-09-26T10:46:08,DIAGNOSTIC
w50.0_m1.00_r0.940_T70_P225,shares_shift_abs,0.0016673,,,PASS,the largest move of a line's share from the thermal law to the depleted one: the physical shift,6a468472af4bbda8,400000,0,2026-09-26T10:46:08,DIAGNOSTIC
w50.0_m1.00_r0.940_T70_P225,cycles_on_axis,0.176516,,,PASS,excitation cycles on the central chord at the mean transverse speed,6a468472af4bbda8,400000,0,2026-09-26T10:46:08,DIAGNOSTIC
w50.0_m1.00_r0.940_T70_P225,cycles_mean_over_chords,0.0266629,,,PASS,the flux-weighted mean over every chord,6a468472af4bbda8,400000,0,2026-09-26T10:46:08,DIAGNOSTIC
w50.0_m1.00_r0.940_T90_P225,transit_fwhm_rel,1.15212,1.1525,,PASS,the Monte Carlo against the form the fit uses at this node,6a468472af4bbda8,400000,0,2026-09-26T10:46:54,DIAGNOSTIC
w50.0_m1.00_r0.940_T90_P225,transit_shape_rel,1.00031,1,,PASS,the Monte Carlo against the form the fit uses at this node,6a468472af4bbda8,400000,0,2026-09-26T10:46:54,DIAGNOSTIC
w50.0_m1.00_r0.940_T90_P225,ramp_mu2_rel,0.0516932,0.0516349,,PASS,the Monte Carlo against the form the fit uses at this node,6a468472af4bbda8,400000,0,2026-09-26T10:46:54,DIAGNOSTIC
w50.0_m1.00_r0.940_T90_P225,ramp_mu3_rel,-0.00647229,-0.0064304,,PASS,the Monte Carlo against the form the fit uses at this node,6a468472af4bbda8,400000,0,2026-09-26T10:46:54,DIAGNOSTIC
w50.0_m1.00_r0.940_T90_P225,amplitude_power_law_abs,1.85922,1.85498,,PASS,the Monte Carlo against the form the fit uses at this node,6a468472af4bbda8,400000,0,2026-09-26T10:46:54,DIAGNOSTIC
w50.0_m1.00_r0.940_T90_P225,shares_abs,0.000570092,0,,PASS,the Monte Carlo against the form the fit uses at this node,6a468472af4bbda8,400000,0,2026-09-26T10:46:54,DIAGNOSTIC
w50.0_m1.00_r0.940_T90_P225,joint_shape_abs,0.00476171,0,,PASS,the Monte Carlo against the form the fit uses at this node,6a468472af4bbda8,400000,0,2026-09-26T10:46:54,DIAGNOSTIC
w50.0_m1.00_r0.940_T90_P225,joint_moment_sigma_abs,1.59315,0,,PASS,the Monte Carlo against the form the fit uses at this node,6a468472af4bbda8,400000,0,2026-09-26T10:46:54,DIAGNOSTIC
w50.0_m1.00_r0.940_T90_P225,depleted_line_abs,0.000511453,0,,PASS,the Monte Carlo against the form the fit uses at this node,6a468472af4bbda8,400000,0,2026-09-26T10:46:54,DIAGNOSTIC
w50.0_m1.00_r0.940_T90_P225,depletion_widening_rel_4207,0.0068017,,,PASS,"what a transit fit reads from the surviving kernel after the natural Lorentzian, over the bare one: the factor the fit carries",6a468472af4bbda8,400000,0,2026-09-26T10:46:54,DIAGNOSTIC
w50.0_m1.00_r0.940_T90_P225,depletion_widening_rel_4192,0.00751091,,,PASS,"what a transit fit reads from the surviving kernel after the natural Lorentzian, over the bare one: the factor the fit carries",6a468472af4bbda8,400000,0,2026-09-26T10:46:54,DIAGNOSTIC
w50.0_m1.00_r0.940_T90_P225,depletion_widening_rel_4154,0.0102784,,,PASS,"what a transit fit reads from the surviving kernel after the natural Lorentzian, over the bare one: the factor the fit carries",6a468472af4bbda8,400000,0,2026-09-26T10:46:54,DIAGNOSTIC
w50.0_m1.00_r0.940_T90_P225,depletion_widening_rel_4121,0.0109543,,,PASS,"what a transit fit reads from the surviving kernel after the natural Lorentzian, over the bare one: the factor the fit carries",6a468472af4bbda8,400000,0,2026-09-26T10:46:54,DIAGNOSTIC
w50.0_m1.00_r0.940_T90_P225,depletion_fwhm_rel_4207,0.0618364,,,PASS,"the surviving transit kernel's FWHM over the bare collected kernel's, the core-flattening diagnostic",6a468472af4bbda8,400000,0,2026-09-26T10:46:54,DIAGNOSTIC
w50.0_m1.00_r0.940_T90_P225,depletion_fwhm_rel_4192,0.0666581,,,PASS,"the surviving transit kernel's FWHM over the bare collected kernel's, the core-flattening diagnostic",6a468472af4bbda8,400000,0,2026-09-26T10:46:54,DIAGNOSTIC
w50.0_m1.00_r0.940_T90_P225,depletion_fwhm_rel_4154,0.084432,,,PASS,"the surviving transit kernel's FWHM over the bare collected kernel's, the core-flattening diagnostic",6a468472af4bbda8,400000,0,2026-09-26T10:46:54,DIAGNOSTIC
w50.0_m1.00_r0.940_T90_P225,depletion_fwhm_rel_4121,0.0885635,,,PASS,"the surviving transit kernel's FWHM over the bare collected kernel's, the core-flattening diagnostic",6a468472af4bbda8,400000,0,2026-09-26T10:46:54,DIAGNOSTIC
w50.0_m1.00_r0.940_T90_P225,shares_shift_abs,0.00162349,,,PASS,the largest move of a line's share from the thermal law to the depleted one: the physical shift,6a468472af4bbda8,400000,0,2026-09-26T10:46:54,DIAGNOSTIC
w50.0_m1.00_r0.940_T90_P225,cycles_on_axis,0.171586,,,PASS,excitation cycles on the central chord at the mean transverse speed,6a468472af4bbda8,400000,0,2026-09-26T10:46:54,DIAGNOSTIC
w50.0_m1.00_r0.940_T90_P225,cycles_mean_over_chords,0.0259183,,,PASS,the flux-weighted mean over every chord,6a468472af4bbda8,400000,0,2026-09-26T10:46:54,DIAGNOSTIC
w52.0_m1.00_r0.940_T110_P225,transit_fwhm_rel,1.13744,1.13807,,PASS,the Monte Carlo against the form the fit uses at this node,6a468472af4bbda8,400000,0,2026-09-26T09:23:49,DIAGNOSTIC
w52.0_m1.00_r0.940_T110_P225,transit_shape_rel,1.00031,1,,PASS,the Monte Carlo against the form the fit uses at this node,6a468472af4bbda8,400000,0,2026-09-26T09:23:49,DIAGNOSTIC
w52.0_m1.00_r0.940_T110_P225,ramp_mu2_rel,0.0520119,0.0519543,,PASS,the Monte Carlo against the form the fit uses at this node,6a468472af4bbda8,400000,0,2026-09-26T09:23:49,DIAGNOSTIC
w52.0_m1.00_r0.940_T110_P225,ramp_mu3_rel,-0.00654723,-0.00650459,,PASS,the Monte Carlo against the form the fit uses at this node,6a468472af4bbda8,400000,0,2026-09-26T09:23:49,DIAGNOSTIC
w52.0_m1.00_r0.940_T110_P225,amplitude_power_law_abs,1.87743,1.87369,,PASS,the Monte Carlo against the form the fit uses at this node,6a468472af4bbda8,400000,0,2026-09-26T09:23:49,DIAGNOSTIC
w52.0_m1.00_r0.940_T110_P225,shares_abs,0.000494398,0,,PASS,the Monte Carlo against the form the fit uses at this node,6a468472af4bbda8,400000,0,2026-09-26T09:23:49,DIAGNOSTIC
w52.0_m1.00_r0.940_T110_P225,joint_shape_abs,0.00447772,0,,PASS,the Monte Carlo against the form the fit uses at this node,6a468472af4bbda8,400000,0,2026-09-26T09:23:49,DIAGNOSTIC
w52.0_m1.00_r0.940_T110_P225,joint_moment_sigma_abs,1.47583,0,,PASS,the Monte Carlo against the form the fit uses at this node,6a468472af4bbda8,400000,0,2026-09-26T09:23:49,DIAGNOSTIC
w52.0_m1.00_r0.940_T110_P225,depleted_line_abs,0.000467598,0,,PASS,the Monte Carlo against the form the fit uses at this node,6a468472af4bbda8,400000,0,2026-09-26T09:23:49,DIAGNOSTIC
w52.0_m1.00_r0.940_T110_P225,depletion_widening_rel_4207,0.00596217,,,PASS,"what a transit fit reads from the surviving kernel after the natural Lorentzian, over the bare one: the factor the fit carries",6a468472af4bbda8,400000,0,2026-09-26T09:23:49,DIAGNOSTIC
w52.0_m1.00_r0.940_T110_P225,depletion_widening_rel_4192,0.00658729,,,PASS,"what a transit fit reads from the surviving kernel after the natural Lorentzian, over the bare one: the factor the fit carries",6a468472af4bbda8,400000,0,2026-09-26T09:23:49,DIAGNOSTIC
w52.0_m1.00_r0.940_T110_P225,depletion_widening_rel_4154,0.00903179,,,PASS,"what a transit fit reads from the surviving kernel after the natural Lorentzian, over the bare one: the factor the fit carries",6a468472af4bbda8,400000,0,2026-09-26T09:23:49,DIAGNOSTIC
w52.0_m1.00_r0.940_T110_P225,depletion_widening_rel_4121,0.00962997,,,PASS,"what a transit fit reads from the surviving kernel after the natural Lorentzian, over the bare one: the factor the fit carries",6a468472af4bbda8,400000,0,2026-09-26T09:23:49,DIAGNOSTIC
w52.0_m1.00_r0.940_T110_P225,depletion_fwhm_rel_4207,0.0560198,,,PASS,"the surviving transit kernel's FWHM over the bare collected kernel's, the core-flattening diagnostic",6a468472af4bbda8,400000,0,2026-09-26T09:23:49,DIAGNOSTIC
w52.0_m1.00_r0.940_T110_P225,depletion_fwhm_rel_4192,0.0604545,,,PASS,"the surviving transit kernel's FWHM over the bare collected kernel's, the core-flattening diagnostic",6a468472af4bbda8,400000,0,2026-09-26T09:23:49,DIAGNOSTIC
w52.0_m1.00_r0.940_T110_P225,depletion_fwhm_rel_4154,0.0767738,,,PASS,"the surviving transit kernel's FWHM over the bare collected kernel's, the core-flattening diagnostic",6a468472af4bbda8,400000,0,2026-09-26T09:23:49,DIAGNOSTIC
w52.0_m1.00_r0.940_T110_P225,depletion_fwhm_rel_4121,0.080555,,,PASS,"the surviving transit kernel's FWHM over the bare collected kernel's, the core-flattening diagnostic",6a468472af4bbda8,400000,0,2026-09-26T09:23:49,DIAGNOSTIC
w52.0_m1.00_r0.940_T110_P225,shares_shift_abs,0.0014272,,,PASS,the largest move of a line's share from the thermal law to the depleted one: the physical shift,6a468472af4bbda8,400000,0,2026-09-26T09:23:49,DIAGNOSTIC
w52.0_m1.00_r0.940_T110_P225,cycles_on_axis,0.150114,,,PASS,excitation cycles on the central chord at the mean transverse speed,6a468472af4bbda8,400000,0,2026-09-26T09:23:49,DIAGNOSTIC
w52.0_m1.00_r0.940_T110_P225,cycles_mean_over_chords,0.022605,,,PASS,the flux-weighted mean over every chord,6a468472af4bbda8,400000,0,2026-09-26T09:23:49,DIAGNOSTIC
w52.0_m1.00_r0.940_T130_P125,transit_fwhm_rel,1.16675,1.16734,,PASS,the Monte Carlo against the form the fit uses at this node,6a468472af4bbda8,400000,0,2026-09-26T09:23:48,DIAGNOSTIC
w52.0_m1.00_r0.940_T130_P125,transit_shape_rel,1.00031,1,,PASS,the Monte Carlo against the form the fit uses at this node,6a468472af4bbda8,400000,0,2026-09-26T09:23:48,DIAGNOSTIC
w52.0_m1.00_r0.940_T130_P125,ramp_mu2_rel,0.0516852,0.051631,,PASS,the Monte Carlo against the form the fit uses at this node,6a468472af4bbda8,400000,0,2026-09-26T09:23:48,DIAGNOSTIC
w52.0_m1.00_r0.940_T130_P125,ramp_mu3_rel,-0.00671312,-0.00667012,,PASS,the Monte Carlo against the form the fit uses at this node,6a468472af4bbda8,400000,0,2026-09-26T09:23:48,DIAGNOSTIC
w52.0_m1.00_r0.940_T130_P125,amplitude_power_law_abs,1.95972,1.95868,,PASS,the Monte Carlo against the form the fit uses at this node,6a468472af4bbda8,400000,0,2026-09-26T09:23:48,DIAGNOSTIC
w52.0_m1.00_r0.940_T130_P125,shares_abs,0.000141709,0,,PASS,the Monte Carlo against the form the fit uses at this node,6a468472af4bbda8,400000,0,2026-09-26T09:23:48,DIAGNOSTIC
w52.0_m1.00_r0.940_T130_P125,joint_shape_abs,0.00371164,0,,PASS,the Monte Carlo against the form the fit uses at this node,6a468472af4bbda8,400000,0,2026-09-26T09:23:48,DIAGNOSTIC
w52.0_m1.00_r0.940_T130_P125,joint_moment_sigma_abs,1.36663,0,,PASS,the Monte Carlo against the form the fit uses at this node,6a468472af4bbda8,400000,0,2026-09-26T09:23:48,DIAGNOSTIC
w52.0_m1.00_r0.940_T130_P125,depleted_line_abs,0.000311011,0,,PASS,the Monte Carlo against the form the fit uses at this node,6a468472af4bbda8,400000,0,2026-09-26T09:23:48,DIAGNOSTIC
w52.0_m1.00_r0.940_T130_P125,depletion_widening_rel_4207,0.00195981,,,PASS,"what a transit fit reads from the surviving kernel after the natural Lorentzian, over the bare one: the factor the fit carries",6a468472af4bbda8,400000,0,2026-09-26T09:23:48,DIAGNOSTIC
w52.0_m1.00_r0.940_T130_P125,depletion_widening_rel_4192,0.00217167,,,PASS,"what a transit fit reads from the surviving kernel after the natural Lorentzian, over the bare one: the factor the fit carries",6a468472af4bbda8,400000,0,2026-09-26T09:23:48,DIAGNOSTIC
w52.0_m1.00_r0.940_T130_P125,depletion_widening_rel_4154,0.00301028,,,PASS,"what a transit fit reads from the surviving kernel after the natural Lorentzian, over the bare one: the factor the fit carries",6a468472af4bbda8,400000,0,2026-09-26T09:23:48,DIAGNOSTIC
w52.0_m1.00_r0.940_T130_P125,depletion_widening_rel_4121,0.00321787,,,PASS,"what a transit fit reads from the surviving kernel after the natural Lorentzian, over the bare one: the factor the fit carries",6a468472af4bbda8,400000,0,2026-09-26T09:23:48,DIAGNOSTIC
w52.0_m1.00_r0.940_T130_P125,depletion_fwhm_rel_4207,0.0233579,,,PASS,"the surviving transit kernel's FWHM over the bare collected kernel's, the core-flattening diagnostic",6a468472af4bbda8,400000,0,2026-09-26T09:23:48,DIAGNOSTIC
w52.0_m1.00_r0.940_T130_P125,depletion_fwhm_rel_4192,0.0253525,,,PASS,"the surviving transit kernel's FWHM over the bare collected kernel's, the core-flattening diagnostic",6a468472af4bbda8,400000,0,2026-09-26T09:23:48,DIAGNOSTIC
w52.0_m1.00_r0.940_T130_P125,depletion_fwhm_rel_4154,0.0328104,,,PASS,"the surviving transit kernel's FWHM over the bare collected kernel's, the core-flattening diagnostic",6a468472af4bbda8,400000,0,2026-09-26T09:23:48,DIAGNOSTIC
w52.0_m1.00_r0.940_T130_P125,depletion_fwhm_rel_4121,0.0345743,,,PASS,"the surviving transit kernel's FWHM over the bare collected kernel's, the core-flattening diagnostic",6a468472af4bbda8,400000,0,2026-09-26T09:23:48,DIAGNOSTIC
w52.0_m1.00_r0.940_T130_P125,shares_shift_abs,0.000467185,,,PASS,the largest move of a line's share from the thermal law to the depleted one: the physical shift,6a468472af4bbda8,400000,0,2026-09-26T09:23:48,DIAGNOSTIC
w52.0_m1.00_r0.940_T130_P125,cycles_on_axis,0.0472694,,,PASS,excitation cycles on the central chord at the mean transverse speed,6a468472af4bbda8,400000,0,2026-09-26T09:23:48,DIAGNOSTIC
w52.0_m1.00_r0.940_T130_P125,cycles_mean_over_chords,0.00702521,,,PASS,the flux-weighted mean over every chord,6a468472af4bbda8,400000,0,2026-09-26T09:23:48,DIAGNOSTIC
w52.0_m1.00_r0.940_T130_P175,transit_fwhm_rel,1.16675,1.16736,,PASS,the Monte Carlo against the form the fit uses at this node,6a468472af4bbda8,400000,0,2026-09-26T09:23:49,DIAGNOSTIC
w52.0_m1.00_r0.940_T130_P175,transit_shape_rel,1.00031,1,,PASS,the Monte Carlo against the form the fit uses at this node,6a468472af4bbda8,400000,0,2026-09-26T09:23:49,DIAGNOSTIC
w52.0_m1.00_r0.940_T130_P175,ramp_mu2_rel,0.0518277,0.0517721,,PASS,the Monte Carlo against the form the fit uses at this node,6a468472af4bbda8,400000,0,2026-09-26T09:23:49,DIAGNOSTIC
w52.0_m1.00_r0.940_T130_P175,ramp_mu3_rel,-0.00664122,-0.00659837,,PASS,the Monte Carlo against the form the fit uses at this node,6a468472af4bbda8,400000,0,2026-09-26T09:23:49,DIAGNOSTIC
w52.0_m1.00_r0.940_T130_P175,amplitude_power_law_abs,1.92344,1.92129,,PASS,the Monte Carlo against the form the fit uses at this node,6a468472af4bbda8,400000,0,2026-09-26T09:23:49,DIAGNOSTIC
w52.0_m1.00_r0.940_T130_P175,shares_abs,0.000285362,0,,PASS,the Monte Carlo against the form the fit uses at this node,6a468472af4bbda8,400000,0,2026-09-26T09:23:49,DIAGNOSTIC
w52.0_m1.00_r0.940_T130_P175,joint_shape_abs,0.00407586,0,,PASS,the Monte Carlo against the form the fit uses at this node,6a468472af4bbda8,400000,0,2026-09-26T09:23:49,DIAGNOSTIC
w52.0_m1.00_r0.940_T130_P175,joint_moment_sigma_abs,1.83685,0,,PASS,the Monte Carlo against the form the fit uses at this node,6a468472af4bbda8,400000,0,2026-09-26T09:23:49,DIAGNOSTIC
w52.0_m1.00_r0.940_T130_P175,depleted_line_abs,0.000388557,0,,PASS,the Monte Carlo against the form the fit uses at this node,6a468472af4bbda8,400000,0,2026-09-26T09:23:49,DIAGNOSTIC
w52.0_m1.00_r0.940_T130_P175,depletion_widening_rel_4207,0.00369826,,,PASS,"what a transit fit reads from the surviving kernel after the natural Lorentzian, over the bare one: the factor the fit carries",6a468472af4bbda8,400000,0,2026-09-26T09:23:49,DIAGNOSTIC
w52.0_m1.00_r0.940_T130_P175,depletion_widening_rel_4192,0.00409242,,,PASS,"what a transit fit reads from the surviving kernel after the natural Lorentzian, over the bare one: the factor the fit carries",6a468472af4bbda8,400000,0,2026-09-26T09:23:49,DIAGNOSTIC
w52.0_m1.00_r0.940_T130_P175,depletion_widening_rel_4154,0.00564362,,,PASS,"what a transit fit reads from the surviving kernel after the natural Lorentzian, over the bare one: the factor the fit carries",6a468472af4bbda8,400000,0,2026-09-26T09:23:49,DIAGNOSTIC
w52.0_m1.00_r0.940_T130_P175,depletion_widening_rel_4121,0.00602549,,,PASS,"what a transit fit reads from the surviving kernel after the natural Lorentzian, over the bare one: the factor the fit carries",6a468472af4bbda8,400000,0,2026-09-26T09:23:49,DIAGNOSTIC
w52.0_m1.00_r0.940_T130_P175,depletion_fwhm_rel_4207,0.0385716,,,PASS,"the surviving transit kernel's FWHM over the bare collected kernel's, the core-flattening diagnostic",6a468472af4bbda8,400000,0,2026-09-26T09:23:49,DIAGNOSTIC
w52.0_m1.00_r0.940_T130_P175,depletion_fwhm_rel_4192,0.0417419,,,PASS,"the surviving transit kernel's FWHM over the bare collected kernel's, the core-flattening diagnostic",6a468472af4bbda8,400000,0,2026-09-26T09:23:49,DIAGNOSTIC
w52.0_m1.00_r0.940_T130_P175,depletion_fwhm_rel_4154,0.0534906,,,PASS,"the surviving transit kernel's FWHM over the bare collected kernel's, the core-flattening diagnostic",6a468472af4bbda8,400000,0,2026-09-26T09:23:49,DIAGNOSTIC
w52.0_m1.00_r0.940_T130_P175,depletion_fwhm_rel_4121,0.0562503,,,PASS,"the surviving transit kernel's FWHM over the bare collected kernel's, the core-flattening diagnostic",6a468472af4bbda8,400000,0,2026-09-26T09:23:49,DIAGNOSTIC
w52.0_m1.00_r0.940_T130_P175,shares_shift_abs,0.00088155,,,PASS,the largest move of a line's share from the thermal law to the depleted one: the physical shift,6a468472af4bbda8,400000,0,2026-09-26T09:23:49,DIAGNOSTIC
w52.0_m1.00_r0.940_T130_P175,cycles_on_axis,0.0908294,,,PASS,excitation cycles on the central chord at the mean transverse speed,6a468472af4bbda8,400000,0,2026-09-26T09:23:49,DIAGNOSTIC
w52.0_m1.00_r0.940_T130_P175,cycles_mean_over_chords,0.013577,,,PASS,the flux-weighted mean over every chord,6a468472af4bbda8,400000,0,2026-09-26T09:23:49,DIAGNOSTIC
w52.0_m1.00_r0.940_T130_P180,transit_fwhm_rel,1.16675,1.16737,,PASS,the Monte Carlo against the form the fit uses at this node,6a468472af4bbda8,400000,0,2026-09-26T10:47:47,DIAGNOSTIC
w52.0_m1.00_r0.940_T130_P180,transit_shape_rel,1.00031,1,,PASS,the Monte Carlo against the form the fit uses at this node,6a468472af4bbda8,400000,0,2026-09-26T10:47:47,DIAGNOSTIC
w52.0_m1.00_r0.940_T130_P180,ramp_mu2_rel,0.0518443,0.0517885,,PASS,the Monte Carlo against the form the fit uses at this node,6a468472af4bbda8,400000,0,2026-09-26T10:47:47,DIAGNOSTIC
w52.0_m1.00_r0.940_T130_P180,ramp_mu3_rel,-0.00663279,-0.00658996,,PASS,the Monte Carlo against the form the fit uses at this node,6a468472af4bbda8,400000,0,2026-09-26T10:47:47,DIAGNOSTIC
w52.0_m1.00_r0.940_T130_P180,amplitude_power_law_abs,1.91929,1.917,,PASS,the Monte Carlo against the form the fit uses at this node,6a468472af4bbda8,400000,0,2026-09-26T10:47:47,DIAGNOSTIC
w52.0_m1.00_r0.940_T130_P180,shares_abs,0.000302587,0,,PASS,the Monte Carlo against the form the fit uses at this node,6a468472af4bbda8,400000,0,2026-09-26T10:47:47,DIAGNOSTIC
w52.0_m1.00_r0.940_T130_P180,joint_shape_abs,0.00412701,0,,PASS,the Monte Carlo against the form the fit uses at this node,6a468472af4bbda8,400000,0,2026-09-26T10:47:47,DIAGNOSTIC
w52.0_m1.00_r0.940_T130_P180,joint_moment_sigma_abs,1.75535,0,,PASS,the Monte Carlo against the form the fit uses at this node,6a468472af4bbda8,400000,0,2026-09-26T10:47:47,DIAGNOSTIC
w52.0_m1.00_r0.940_T130_P180,depleted_line_abs,0.000397229,0,,PASS,the Monte Carlo against the form the fit uses at this node,6a468472af4bbda8,400000,0,2026-09-26T10:47:47,DIAGNOSTIC
w52.0_m1.00_r0.940_T130_P180,depletion_widening_rel_4207,0.00389641,,,PASS,"what a transit fit reads from the surviving kernel after the natural Lorentzian, over the bare one: the factor the fit carries",6a468472af4bbda8,400000,0,2026-09-26T10:47:47,DIAGNOSTIC
w52.0_m1.00_r0.940_T130_P180,depletion_widening_rel_4192,0.00431107,,,PASS,"what a transit fit reads from the surviving kernel after the natural Lorentzian, over the bare one: the factor the fit carries",6a468472af4bbda8,400000,0,2026-09-26T10:47:47,DIAGNOSTIC
w52.0_m1.00_r0.940_T130_P180,depletion_widening_rel_4154,0.00594194,,,PASS,"what a transit fit reads from the surviving kernel after the natural Lorentzian, over the bare one: the factor the fit carries",6a468472af4bbda8,400000,0,2026-09-26T10:47:47,DIAGNOSTIC
w52.0_m1.00_r0.940_T130_P180,depletion_widening_rel_4121,0.00634319,,,PASS,"what a transit fit reads from the surviving kernel after the natural Lorentzian, over the bare one: the factor the fit carries",6a468472af4bbda8,400000,0,2026-09-26T10:47:47,DIAGNOSTIC
w52.0_m1.00_r0.940_T130_P180,depletion_fwhm_rel_4207,0.0401771,,,PASS,"the surviving transit kernel's FWHM over the bare collected kernel's, the core-flattening diagnostic",6a468472af4bbda8,400000,0,2026-09-26T10:47:47,DIAGNOSTIC
w52.0_m1.00_r0.940_T130_P180,depletion_fwhm_rel_4192,0.0434632,,,PASS,"the surviving transit kernel's FWHM over the bare collected kernel's, the core-flattening diagnostic",6a468472af4bbda8,400000,0,2026-09-26T10:47:47,DIAGNOSTIC
w52.0_m1.00_r0.940_T130_P180,depletion_fwhm_rel_4154,0.0556517,,,PASS,"the surviving transit kernel's FWHM over the bare collected kernel's, the core-flattening diagnostic",6a468472af4bbda8,400000,0,2026-09-26T10:47:47,DIAGNOSTIC
w52.0_m1.00_r0.940_T130_P180,depletion_fwhm_rel_4121,0.0585065,,,PASS,"the surviving transit kernel's FWHM over the bare collected kernel's, the core-flattening diagnostic",6a468472af4bbda8,400000,0,2026-09-26T10:47:47,DIAGNOSTIC
w52.0_m1.00_r0.940_T130_P180,shares_shift_abs,0.000928729,,,PASS,the largest move of a line's share from the thermal law to the depleted one: the physical shift,6a468472af4bbda8,400000,0,2026-09-26T10:47:47,DIAGNOSTIC
w52.0_m1.00_r0.940_T130_P180,cycles_on_axis,0.0958718,,,PASS,excitation cycles on the central chord at the mean transverse speed,6a468472af4bbda8,400000,0,2026-09-26T10:47:47,DIAGNOSTIC
w52.0_m1.00_r0.940_T130_P180,cycles_mean_over_chords,0.0143403,,,PASS,the flux-weighted mean over every chord,6a468472af4bbda8,400000,0,2026-09-26T10:47:47,DIAGNOSTIC
w52.0_m1.00_r0.940_T130_P225,transit_fwhm_rel,1.16675,1.1674,,PASS,the Monte Carlo against the form the fit uses at this node,6a468472af4bbda8,400000,0,2026-09-26T10:47:47,DIAGNOSTIC
w52.0_m1.00_r0.940_T130_P225,transit_shape_rel,1.00031,1,,PASS,the Monte Carlo against the form the fit uses at this node,6a468472af4bbda8,400000,0,2026-09-26T10:47:47,DIAGNOSTIC
w52.0_m1.00_r0.940_T130_P225,ramp_mu2_rel,0.0520119,0.0519543,,PASS,the Monte Carlo against the form the fit uses at this node,6a468472af4bbda8,400000,0,2026-09-26T10:47:47,DIAGNOSTIC
w52.0_m1.00_r0.940_T130_P225,ramp_mu3_rel,-0.00654723,-0.00650459,,PASS,the Monte Carlo against the form the fit uses at this node,6a468472af4bbda8,400000,0,2026-09-26T10:47:47,DIAGNOSTIC
w52.0_m1.00_r0.940_T130_P225,amplitude_power_law_abs,1.87823,1.87457,,PASS,the Monte Carlo against the form the fit uses at this node,6a468472af4bbda8,400000,0,2026-09-26T10:47:47,DIAGNOSTIC
w52.0_m1.00_r0.940_T130_P225,shares_abs,0.000480506,0,,PASS,the Monte Carlo against the form the fit uses at this node,6a468472af4bbda8,400000,0,2026-09-26T10:47:47,DIAGNOSTIC
w52.0_m1.00_r0.940_T130_P225,joint_shape_abs,0.00448749,0,,PASS,the Monte Carlo against the form the fit uses at this node,6a468472af4bbda8,400000,0,2026-09-26T10:47:47,DIAGNOSTIC
w52.0_m1.00_r0.940_T130_P225,joint_moment_sigma_abs,1.51442,0,,PASS,the Monte Carlo against the form the fit uses at this node,6a468472af4bbda8,400000,0,2026-09-26T10:47:47,DIAGNOSTIC
w52.0_m1.00_r0.940_T130_P225,depleted_line_abs,0.000481113,0,,PASS,the Monte Carlo against the form the fit uses at this node,6a468472af4bbda8,400000,0,2026-09-26T10:47:47,DIAGNOSTIC
w52.0_m1.00_r0.940_T130_P225,depletion_widening_rel_4207,0.00584947,,,PASS,"what a transit fit reads from the surviving kernel after the natural Lorentzian, over the bare one: the factor the fit carries",6a468472af4bbda8,400000,0,2026-09-26T10:47:47,DIAGNOSTIC
w52.0_m1.00_r0.940_T130_P225,depletion_widening_rel_4192,0.00646331,,,PASS,"what a transit fit reads from the surviving kernel after the natural Lorentzian, over the bare one: the factor the fit carries",6a468472af4bbda8,400000,0,2026-09-26T10:47:47,DIAGNOSTIC
w52.0_m1.00_r0.940_T130_P225,depletion_widening_rel_4154,0.00886444,,,PASS,"what a transit fit reads from the surviving kernel after the natural Lorentzian, over the bare one: the factor the fit carries",6a468472af4bbda8,400000,0,2026-09-26T10:47:47,DIAGNOSTIC
w52.0_m1.00_r0.940_T130_P225,depletion_widening_rel_4121,0.00945218,,,PASS,"what a transit fit reads from the surviving kernel after the natural Lorentzian, over the bare one: the factor the fit carries",6a468472af4bbda8,400000,0,2026-09-26T10:47:47,DIAGNOSTIC
w52.0_m1.00_r0.940_T130_P225,depletion_fwhm_rel_4207,0.0549917,,,PASS,"the surviving transit kernel's FWHM over the bare collected kernel's, the core-flattening diagnostic",6a468472af4bbda8,400000,0,2026-09-26T10:47:47,DIAGNOSTIC
w52.0_m1.00_r0.940_T130_P225,depletion_fwhm_rel_4192,0.059357,,,PASS,"the surviving transit kernel's FWHM over the bare collected kernel's, the core-flattening diagnostic",6a468472af4bbda8,400000,0,2026-09-26T10:47:47,DIAGNOSTIC
w52.0_m1.00_r0.940_T130_P225,depletion_fwhm_rel_4154,0.075417,,,PASS,"the surviving transit kernel's FWHM over the bare collected kernel's, the core-flattening diagnostic",6a468472af4bbda8,400000,0,2026-09-26T10:47:47,DIAGNOSTIC
w52.0_m1.00_r0.940_T130_P225,depletion_fwhm_rel_4121,0.0791433,,,PASS,"the surviving transit kernel's FWHM over the bare collected kernel's, the core-flattening diagnostic",6a468472af4bbda8,400000,0,2026-09-26T10:47:47,DIAGNOSTIC
w52.0_m1.00_r0.940_T130_P225,shares_shift_abs,0.00139325,,,PASS,the largest move of a line's share from the thermal law to the depleted one: the physical shift,6a468472af4bbda8,400000,0,2026-09-26T10:47:47,DIAGNOSTIC
w52.0_m1.00_r0.940_T130_P225,cycles_on_axis,0.146343,,,PASS,excitation cycles on the central chord at the mean transverse speed,6a468472af4bbda8,400000,0,2026-09-26T10:47:47,DIAGNOSTIC
w52.0_m1.00_r0.940_T130_P225,cycles_mean_over_chords,0.0220372,,,PASS,the flux-weighted mean over every chord,6a468472af4bbda8,400000,0,2026-09-26T10:47:47,DIAGNOSTIC
w52.0_m1.00_r0.940_T130_P25,transit_fwhm_rel,1.16675,1.16731,,PASS,the Monte Carlo against the form the fit uses at this node,6a468472af4bbda8,400000,0,2026-09-26T10:47:47,DIAGNOSTIC
w52.0_m1.00_r0.940_T130_P25,transit_shape_rel,1.00031,1,,PASS,the Monte Carlo against the form the fit uses at this node,6a468472af4bbda8,400000,0,2026-09-26T10:47:47,DIAGNOSTIC
w52.0_m1.00_r0.940_T130_P25,ramp_mu2_rel,0.0515386,0.0514861,,PASS,the Monte Carlo against the form the fit uses at this node,6a468472af4bbda8,400000,0,2026-09-26T10:47:47,DIAGNOSTIC
w52.0_m1.00_r0.940_T130_P25,ramp_mu3_rel,-0.00678628,-0.00674314,,PASS,the Monte Carlo against the form the fit uses at this node,6a468472af4bbda8,400000,0,2026-09-26T10:47:47,DIAGNOSTIC
w52.0_m1.00_r0.940_T130_P25,amplitude_power_law_abs,1.99833,1.9983,,PASS,the Monte Carlo against the form the fit uses at this node,6a468472af4bbda8,400000,0,2026-09-26T10:47:47,DIAGNOSTIC
w52.0_m1.00_r0.940_T130_P25,shares_abs,5.33675e-06,0,,PASS,the Monte Carlo against the form the fit uses at this node,6a468472af4bbda8,400000,0,2026-09-26T10:47:47,DIAGNOSTIC
w52.0_m1.00_r0.940_T130_P25,joint_shape_abs,0.00308439,0,,PASS,the Monte Carlo against the form the fit uses at this node,6a468472af4bbda8,400000,0,2026-09-26T10:47:47,DIAGNOSTIC
w52.0_m1.00_r0.940_T130_P25,joint_moment_sigma_abs,1.10729,0,,PASS,the Monte Carlo against the form the fit uses at this node,6a468472af4bbda8,400000,0,2026-09-26T10:47:47,DIAGNOSTIC
w52.0_m1.00_r0.940_T130_P25,depleted_line_abs,0.0002235,0,,PASS,the Monte Carlo against the form the fit uses at this node,6a468472af4bbda8,400000,0,2026-09-26T10:47:47,DIAGNOSTIC
w52.0_m1.00_r0.940_T130_P25,depletion_widening_rel_4207,8.34073e-05,,,PASS,"what a transit fit reads from the surviving kernel after the natural Lorentzian, over the bare one: the factor the fit carries",6a468472af4bbda8,400000,0,2026-09-26T10:47:47,DIAGNOSTIC
w52.0_m1.00_r0.940_T130_P25,depletion_widening_rel_4192,9.25832e-05,,,PASS,"what a transit fit reads from the surviving kernel after the natural Lorentzian, over the bare one: the factor the fit carries",6a468472af4bbda8,400000,0,2026-09-26T10:47:47,DIAGNOSTIC
w52.0_m1.00_r0.940_T130_P25,depletion_widening_rel_4154,0.000129201,,,PASS,"what a transit fit reads from the surviving kernel after the natural Lorentzian, over the bare one: the factor the fit carries",6a468472af4bbda8,400000,0,2026-09-26T10:47:47,DIAGNOSTIC
w52.0_m1.00_r0.940_T130_P25,depletion_widening_rel_4121,0.000138338,,,PASS,"what a transit fit reads from the surviving kernel after the natural Lorentzian, over the bare one: the factor the fit carries",6a468472af4bbda8,400000,0,2026-09-26T10:47:47,DIAGNOSTIC
w52.0_m1.00_r0.940_T130_P25,depletion_fwhm_rel_4207,0.00166199,,,PASS,"the surviving transit kernel's FWHM over the bare collected kernel's, the core-flattening diagnostic",6a468472af4bbda8,400000,0,2026-09-26T10:47:47,DIAGNOSTIC
w52.0_m1.00_r0.940_T130_P25,depletion_fwhm_rel_4192,0.00181972,,,PASS,"the surviving transit kernel's FWHM over the bare collected kernel's, the core-flattening diagnostic",6a468472af4bbda8,400000,0,2026-09-26T10:47:47,DIAGNOSTIC
w52.0_m1.00_r0.940_T130_P25,depletion_fwhm_rel_4154,0.00242786,,,PASS,"the surviving transit kernel's FWHM over the bare collected kernel's, the core-flattening diagnostic",6a468472af4bbda8,400000,0,2026-09-26T10:47:47,DIAGNOSTIC
w52.0_m1.00_r0.940_T130_P25,depletion_fwhm_rel_4121,0.00257509,,,PASS,"the surviving transit kernel's FWHM over the bare collected kernel's, the core-flattening diagnostic",6a468472af4bbda8,400000,0,2026-09-26T10:47:47,DIAGNOSTIC
w52.0_m1.00_r0.940_T130_P25,shares_shift_abs,1.95882e-05,,,PASS,the largest move of a line's share from the thermal law to the depleted one: the physical shift,6a468472af4bbda8,400000,0,2026-09-26T10:47:47,DIAGNOSTIC
w52.0_m1.00_r0.940_T130_P25,cycles_on_axis,0.00192965,,,PASS,excitation cycles on the central chord at the mean transverse speed,6a468472af4bbda8,400000,0,2026-09-26T10:47:47,DIAGNOSTIC
w52.0_m1.00_r0.940_T130_P25,cycles_mean_over_chords,0.000285088,,,PASS,the flux-weighted mean over every chord,6a468472af4bbda8,400000,0,2026-09-26T10:47:47,DIAGNOSTIC
w52.0_m1.00_r0.940_T130_P270,transit_fwhm_rel,1.16676,1.16743,,PASS,the Monte Carlo against the form the fit uses at this node,6a468472af4bbda8,400000,0,2026-09-26T10:48:39,DIAGNOSTIC
w52.0_m1.00_r0.940_T130_P270,transit_shape_rel,1.00031,1,,PASS,the Monte Carlo against the form the fit uses at this node,6a468472af4bbda8,400000,0,2026-09-26T10:48:39,DIAGNOSTIC
w52.0_m1.00_r0.940_T130_P270,ramp_mu2_rel,0.0522097,0.05215,,PASS,the Monte Carlo against the form the fit uses at this node,6a468472af4bbda8,400000,0,2026-09-26T10:48:39,DIAGNOSTIC
w52.0_m1.00_r0.940_T130_P270,ramp_mu3_rel,-0.00644495,-0.00640257,,PASS,the Monte Carlo against the form the fit uses at this node,6a468472af4bbda8,400000,0,2026-09-26T10:48:39,DIAGNOSTIC
w52.0_m1.00_r0.940_T130_P270,amplitude_power_law_abs,1.8316,1.82632,,PASS,the Monte Carlo against the form the fit uses at this node,6a468472af4bbda8,400000,0,2026-09-26T10:48:39,DIAGNOSTIC
w52.0_m1.00_r0.940_T130_P270,shares_abs,0.000697658,0,,PASS,the Monte Carlo against the form the fit uses at this node,6a468472af4bbda8,400000,0,2026-09-26T10:48:39,DIAGNOSTIC
w52.0_m1.00_r0.940_T130_P270,joint_shape_abs,0.00489395,0,,PASS,the Monte Carlo against the form the fit uses at this node,6a468472af4bbda8,400000,0,2026-09-26T10:48:39,DIAGNOSTIC
w52.0_m1.00_r0.940_T130_P270,joint_moment_sigma_abs,1.946,0,,PASS,the Monte Carlo against the form the fit uses at this node,6a468472af4bbda8,400000,0,2026-09-26T10:48:39,DIAGNOSTIC
w52.0_m1.00_r0.940_T130_P270,depleted_line_abs,0.000572919,0,,PASS,the Monte Carlo against the form the fit uses at this node,6a468472af4bbda8,400000,0,2026-09-26T10:48:39,DIAGNOSTIC
w52.0_m1.00_r0.940_T130_P270,depletion_widening_rel_4207,0.00805852,,,PASS,"what a transit fit reads from the surviving kernel after the natural Lorentzian, over the bare one: the factor the fit carries",6a468472af4bbda8,400000,0,2026-09-26T10:48:39,DIAGNOSTIC
w52.0_m1.00_r0.940_T130_P270,depletion_widening_rel_4192,0.00889206,,,PASS,"what a transit fit reads from the surviving kernel after the natural Lorentzian, over the bare one: the factor the fit carries",6a468472af4bbda8,400000,0,2026-09-26T10:48:39,DIAGNOSTIC
w52.0_m1.00_r0.940_T130_P270,depletion_widening_rel_4154,0.0121349,,,PASS,"what a transit fit reads from the surviving kernel after the natural Lorentzian, over the bare one: the factor the fit carries",6a468472af4bbda8,400000,0,2026-09-26T10:48:39,DIAGNOSTIC
w52.0_m1.00_r0.940_T130_P270,depletion_widening_rel_4121,0.0129247,,,PASS,"what a transit fit reads from the surviving kernel after the natural Lorentzian, over the bare one: the factor the fit carries",6a468472af4bbda8,400000,0,2026-09-26T10:48:39,DIAGNOSTIC
w52.0_m1.00_r0.940_T130_P270,depletion_fwhm_rel_4207,0.0701837,,,PASS,"the surviving transit kernel's FWHM over the bare collected kernel's, the core-flattening diagnostic",6a468472af4bbda8,400000,0,2026-09-26T10:48:39,DIAGNOSTIC
w52.0_m1.00_r0.940_T130_P270,depletion_fwhm_rel_4192,0.0756052,,,PASS,"the surviving transit kernel's FWHM over the bare collected kernel's, the core-flattening diagnostic",6a468472af4bbda8,400000,0,2026-09-26T10:48:39,DIAGNOSTIC
w52.0_m1.00_r0.940_T130_P270,depletion_fwhm_rel_4154,0.0954023,,,PASS,"the surviving transit kernel's FWHM over the bare collected kernel's, the core-flattening diagnostic",6a468472af4bbda8,400000,0,2026-09-26T10:48:39,DIAGNOSTIC
w52.0_m1.00_r0.940_T130_P270,depletion_fwhm_rel_4121,0.0999572,,,PASS,"the surviving transit kernel's FWHM over the bare collected kernel's, the core-flattening diagnostic",6a468472af4bbda8,400000,0,2026-09-26T10:48:39,DIAGNOSTIC
w52.0_m1.00_r0.940_T130_P270,shares_shift_abs,0.00191768,,,PASS,the largest move of a line's share from the thermal law to the depleted one: the physical shift,6a468472af4bbda8,400000,0,2026-09-26T10:48:39,DIAGNOSTIC
w52.0_m1.00_r0.940_T130_P270,cycles_on_axis,0.204996,,,PASS,excitation cycles on the central chord at the mean transverse speed,6a468472af4bbda8,400000,0,2026-09-26T10:48:39,DIAGNOSTIC
w52.0_m1.00_r0.940_T130_P270,cycles_mean_over_chords,0.0311138,,,PASS,the flux-weighted mean over every chord,6a468472af4bbda8,400000,0,2026-09-26T10:48:39,DIAGNOSTIC
w52.0_m1.00_r0.940_T130_P75,transit_fwhm_rel,1.16675,1.16732,,PASS,the Monte Carlo against the form the fit uses at this node,6a468472af4bbda8,400000,0,2026-09-26T10:48:40,DIAGNOSTIC
w52.0_m1.00_r0.940_T130_P75,transit_shape_rel,1.00031,1,,PASS,the Monte Carlo against the form the fit uses at this node,6a468472af4bbda8,400000,0,2026-09-26T10:48:40,DIAGNOSTIC
w52.0_m1.00_r0.940_T130_P75,ramp_mu2_rel,0.0515879,0.0515348,,PASS,the Monte Carlo against the form the fit uses at this node,6a468472af4bbda8,400000,0,2026-09-26T10:48:40,DIAGNOSTIC
w52.0_m1.00_r0.940_T130_P75,ramp_mu3_rel,-0.00676175,-0.00671866,,PASS,the Monte Carlo against the form the fit uses at this node,6a468472af4bbda8,400000,0,2026-09-26T10:48:40,DIAGNOSTIC
w52.0_m1.00_r0.940_T130_P75,amplitude_power_law_abs,1.98518,1.98483,,PASS,the Monte Carlo against the form the fit uses at this node,6a468472af4bbda8,400000,0,2026-09-26T10:48:40,DIAGNOSTIC
w52.0_m1.00_r0.940_T130_P75,shares_abs,4.94097e-05,0,,PASS,the Monte Carlo against the form the fit uses at this node,6a468472af4bbda8,400000,0,2026-09-26T10:48:40,DIAGNOSTIC
w52.0_m1.00_r0.940_T130_P75,joint_shape_abs,0.0033797,0,,PASS,the Monte Carlo against the form the fit uses at this node,6a468472af4bbda8,400000,0,2026-09-26T10:48:40,DIAGNOSTIC
w52.0_m1.00_r0.940_T130_P75,joint_moment_sigma_abs,1.24667,0,,PASS,the Monte Carlo against the form the fit uses at this node,6a468472af4bbda8,400000,0,2026-09-26T10:48:40,DIAGNOSTIC
w52.0_m1.00_r0.940_T130_P75,depleted_line_abs,0.000254158,0,,PASS,the Monte Carlo against the form the fit uses at this node,6a468472af4bbda8,400000,0,2026-09-26T10:48:40,DIAGNOSTIC
w52.0_m1.00_r0.940_T130_P75,depletion_widening_rel_4207,0.00072811,,,PASS,"what a transit fit reads from the surviving kernel after the natural Lorentzian, over the bare one: the factor the fit carries",6a468472af4bbda8,400000,0,2026-09-26T10:48:40,DIAGNOSTIC
w52.0_m1.00_r0.940_T130_P75,depletion_widening_rel_4192,0.000807717,,,PASS,"what a transit fit reads from the surviving kernel after the natural Lorentzian, over the bare one: the factor the fit carries",6a468472af4bbda8,400000,0,2026-09-26T10:48:40,DIAGNOSTIC
w52.0_m1.00_r0.940_T130_P75,depletion_widening_rel_4154,0.00112442,,,PASS,"what a transit fit reads from the surviving kernel after the natural Lorentzian, over the bare one: the factor the fit carries",6a468472af4bbda8,400000,0,2026-09-26T10:48:40,DIAGNOSTIC
w52.0_m1.00_r0.940_T130_P75,depletion_widening_rel_4121,0.00120319,,,PASS,"what a transit fit reads from the surviving kernel after the natural Lorentzian, over the bare one: the factor the fit carries",6a468472af4bbda8,400000,0,2026-09-26T10:48:40,DIAGNOSTIC
w52.0_m1.00_r0.940_T130_P75,depletion_fwhm_rel_4207,0.0104511,,,PASS,"the surviving transit kernel's FWHM over the bare collected kernel's, the core-flattening diagnostic",6a468472af4bbda8,400000,0,2026-09-26T10:48:40,DIAGNOSTIC
w52.0_m1.00_r0.940_T130_P75,depletion_fwhm_rel_4192,0.0113817,,,PASS,"the surviving transit kernel's FWHM over the bare collected kernel's, the core-flattening diagnostic",6a468472af4bbda8,400000,0,2026-09-26T10:48:40,DIAGNOSTIC
w52.0_m1.00_r0.940_T130_P75,depletion_fwhm_rel_4154,0.0149089,,,PASS,"the surviving transit kernel's FWHM over the bare collected kernel's, the core-flattening diagnostic",6a468472af4bbda8,400000,0,2026-09-26T10:48:40,DIAGNOSTIC
w52.0_m1.00_r0.940_T130_P75,depletion_fwhm_rel_4121,0.0157497,,,PASS,"the surviving transit kernel's FWHM over the bare collected kernel's, the core-flattening diagnostic",6a468472af4bbda8,400000,0,2026-09-26T10:48:40,DIAGNOSTIC
w52.0_m1.00_r0.940_T130_P75,shares_shift_abs,0.000173178,,,PASS,the largest move of a line's share from the thermal law to the depleted one: the physical shift,6a468472af4bbda8,400000,0,2026-09-26T10:48:40,DIAGNOSTIC
w52.0_m1.00_r0.940_T130_P75,cycles_on_axis,0.0172484,,,PASS,excitation cycles on the central chord at the mean transverse speed,6a468472af4bbda8,400000,0,2026-09-26T10:48:40,DIAGNOSTIC
w52.0_m1.00_r0.940_T130_P75,cycles_mean_over_chords,0.0025534,,,PASS,the flux-weighted mean over every chord,6a468472af4bbda8,400000,0,2026-09-26T10:48:40,DIAGNOSTIC
w52.0_m1.00_r0.940_T130_P90,transit_fwhm_rel,1.16675,1.16733,,PASS,the Monte Carlo against the form the fit uses at this node,6a468472af4bbda8,400000,0,2026-09-26T10:48:40,DIAGNOSTIC
w52.0_m1.00_r0.940_T130_P90,transit_shape_rel,1.00031,1,,PASS,the Monte Carlo against the form the fit uses at this node,6a468472af4bbda8,400000,0,2026-09-26T10:48:40,DIAGNOSTIC
w52.0_m1.00_r0.940_T130_P90,ramp_mu2_rel,0.0516122,0.0515588,,PASS,the Monte Carlo against the form the fit uses at this node,6a468472af4bbda8,400000,0,2026-09-26T10:48:40,DIAGNOSTIC
w52.0_m1.00_r0.940_T130_P90,ramp_mu3_rel,-0.00674966,-0.00670659,,PASS,the Monte Carlo against the form the fit uses at this node,6a468472af4bbda8,400000,0,2026-09-26T10:48:40,DIAGNOSTIC
w52.0_m1.00_r0.940_T130_P90,amplitude_power_law_abs,1.97878,1.97827,,PASS,the Monte Carlo against the form the fit uses at this node,6a468472af4bbda8,400000,0,2026-09-26T10:48:40,DIAGNOSTIC
w52.0_m1.00_r0.940_T130_P90,shares_abs,7.18462e-05,0,,PASS,the Monte Carlo against the form the fit uses at this node,6a468472af4bbda8,400000,0,2026-09-26T10:48:40,DIAGNOSTIC
w52.0_m1.00_r0.940_T130_P90,joint_shape_abs,0.00347451,0,,PASS,the Monte Carlo against the form the fit uses at this node,6a468472af4bbda8,400000,0,2026-09-26T10:48:40,DIAGNOSTIC
w52.0_m1.00_r0.940_T130_P90,joint_moment_sigma_abs,1.26466,0,,PASS,the Monte Carlo against the form the fit uses at this node,6a468472af4bbda8,400000,0,2026-09-26T10:48:40,DIAGNOSTIC
w52.0_m1.00_r0.940_T130_P90,depleted_line_abs,0.0002687,0,,PASS,the Monte Carlo against the form the fit uses at this node,6a468472af4bbda8,400000,0,2026-09-26T10:48:40,DIAGNOSTIC
w52.0_m1.00_r0.940_T130_P90,depletion_widening_rel_4207,0.00103924,,,PASS,"what a transit fit reads from the surviving kernel after the natural Lorentzian, over the bare one: the factor the fit carries",6a468472af4bbda8,400000,0,2026-09-26T10:48:40,DIAGNOSTIC
w52.0_m1.00_r0.940_T130_P90,depletion_widening_rel_4192,0.00115252,,,PASS,"what a transit fit reads from the surviving kernel after the natural Lorentzian, over the bare one: the factor the fit carries",6a468472af4bbda8,400000,0,2026-09-26T10:48:40,DIAGNOSTIC
w52.0_m1.00_r0.940_T130_P90,depletion_widening_rel_4154,0.00160259,,,PASS,"what a transit fit reads from the surviving kernel after the natural Lorentzian, over the bare one: the factor the fit carries",6a468472af4bbda8,400000,0,2026-09-26T10:48:40,DIAGNOSTIC
w52.0_m1.00_r0.940_T130_P90,depletion_widening_rel_4121,0.00171439,,,PASS,"what a transit fit reads from the surviving kernel after the natural Lorentzian, over the bare one: the factor the fit carries",6a468472af4bbda8,400000,0,2026-09-26T10:48:40,DIAGNOSTIC
w52.0_m1.00_r0.940_T130_P90,depletion_fwhm_rel_4207,0.0139848,,,PASS,"the surviving transit kernel's FWHM over the bare collected kernel's, the core-flattening diagnostic",6a468472af4bbda8,400000,0,2026-09-26T10:48:40,DIAGNOSTIC
w52.0_m1.00_r0.940_T130_P90,depletion_fwhm_rel_4192,0.0152105,,,PASS,"the surviving transit kernel's FWHM over the bare collected kernel's, the core-flattening diagnostic",6a468472af4bbda8,400000,0,2026-09-26T10:48:40,DIAGNOSTIC
w52.0_m1.00_r0.940_T130_P90,depletion_fwhm_rel_4154,0.0198671,,,PASS,"the surviving transit kernel's FWHM over the bare collected kernel's, the core-flattening diagnostic",6a468472af4bbda8,400000,0,2026-09-26T10:48:40,DIAGNOSTIC
w52.0_m1.00_r0.940_T130_P90,depletion_fwhm_rel_4121,0.0209781,,,PASS,"the surviving transit kernel's FWHM over the bare collected kernel's, the core-flattening diagnostic",6a468472af4bbda8,400000,0,2026-09-26T10:48:40,DIAGNOSTIC
w52.0_m1.00_r0.940_T130_P90,shares_shift_abs,0.000247458,,,PASS,the largest move of a line's share from the thermal law to the depleted one: the physical shift,6a468472af4bbda8,400000,0,2026-09-26T10:48:40,DIAGNOSTIC
w52.0_m1.00_r0.940_T130_P90,cycles_on_axis,0.0247543,,,PASS,excitation cycles on the central chord at the mean transverse speed,6a468472af4bbda8,400000,0,2026-09-26T10:48:40,DIAGNOSTIC
w52.0_m1.00_r0.940_T130_P90,cycles_mean_over_chords,0.00366814,,,PASS,the flux-weighted mean over every chord,6a468472af4bbda8,400000,0,2026-09-26T10:48:40,DIAGNOSTIC
w52.0_m1.00_r0.940_T70_P225,transit_fwhm_rel,1.07644,1.07703,,PASS,the Monte Carlo against the form the fit uses at this node,6a468472af4bbda8,400000,0,2026-09-26T10:49:32,DIAGNOSTIC
w52.0_m1.00_r0.940_T70_P225,transit_shape_rel,1.00031,1,,PASS,the Monte Carlo against the form the fit uses at this node,6a468472af4bbda8,400000,0,2026-09-26T10:49:32,DIAGNOSTIC
w52.0_m1.00_r0.940_T70_P225,ramp_mu2_rel,0.0520119,0.0519543,,PASS,the Monte Carlo against the form the fit uses at this node,6a468472af4bbda8,400000,0,2026-09-26T10:49:32,DIAGNOSTIC
w52.0_m1.00_r0.940_T70_P225,ramp_mu3_rel,-0.00654723,-0.00650459,,PASS,the Monte Carlo against the form the fit uses at this node,6a468472af4bbda8,400000,0,2026-09-26T10:49:32,DIAGNOSTIC
w52.0_m1.00_r0.940_T70_P225,amplitude_power_law_abs,1.87563,1.8717,,PASS,the Monte Carlo against the form the fit uses at this node,6a468472af4bbda8,400000,0,2026-09-26T10:49:32,DIAGNOSTIC
w52.0_m1.00_r0.940_T70_P225,shares_abs,0.000525947,0,,PASS,the Monte Carlo against the form the fit uses at this node,6a468472af4bbda8,400000,0,2026-09-26T10:49:32,DIAGNOSTIC
w52.0_m1.00_r0.940_T70_P225,joint_shape_abs,0.00445009,0,,PASS,the Monte Carlo against the form the fit uses at this node,6a468472af4bbda8,400000,0,2026-09-26T10:49:32,DIAGNOSTIC
w52.0_m1.00_r0.940_T70_P225,joint_moment_sigma_abs,1.39005,0,,PASS,the Monte Carlo against the form the fit uses at this node,6a468472af4bbda8,400000,0,2026-09-26T10:49:32,DIAGNOSTIC
w52.0_m1.00_r0.940_T70_P225,depleted_line_abs,0.000438543,0,,PASS,the Monte Carlo against the form the fit uses at this node,6a468472af4bbda8,400000,0,2026-09-26T10:49:32,DIAGNOSTIC
w52.0_m1.00_r0.940_T70_P225,depletion_widening_rel_4207,0.00621399,,,PASS,"what a transit fit reads from the surviving kernel after the natural Lorentzian, over the bare one: the factor the fit carries",6a468472af4bbda8,400000,0,2026-09-26T10:49:32,DIAGNOSTIC
w52.0_m1.00_r0.940_T70_P225,depletion_widening_rel_4192,0.00686429,,,PASS,"what a transit fit reads from the surviving kernel after the natural Lorentzian, over the bare one: the factor the fit carries",6a468472af4bbda8,400000,0,2026-09-26T10:49:32,DIAGNOSTIC
w52.0_m1.00_r0.940_T70_P225,depletion_widening_rel_4154,0.00940537,,,PASS,"what a transit fit reads from the surviving kernel after the natural Lorentzian, over the bare one: the factor the fit carries",6a468472af4bbda8,400000,0,2026-09-26T10:49:32,DIAGNOSTIC
w52.0_m1.00_r0.940_T70_P225,depletion_widening_rel_4121,0.0100268,,,PASS,"what a transit fit reads from the surviving kernel after the natural Lorentzian, over the bare one: the factor the fit carries",6a468472af4bbda8,400000,0,2026-09-26T10:49:32,DIAGNOSTIC
w52.0_m1.00_r0.940_T70_P225,depletion_fwhm_rel_4207,0.0583041,,,PASS,"the surviving transit kernel's FWHM over the bare collected kernel's, the core-flattening diagnostic",6a468472af4bbda8,400000,0,2026-09-26T10:49:32,DIAGNOSTIC
w52.0_m1.00_r0.940_T70_P225,depletion_fwhm_rel_4192,0.062892,,,PASS,"the surviving transit kernel's FWHM over the bare collected kernel's, the core-flattening diagnostic",6a468472af4bbda8,400000,0,2026-09-26T10:49:32,DIAGNOSTIC
w52.0_m1.00_r0.940_T70_P225,depletion_fwhm_rel_4154,0.0797831,,,PASS,"the surviving transit kernel's FWHM over the bare collected kernel's, the core-flattening diagnostic",6a468472af4bbda8,400000,0,2026-09-26T10:49:32,DIAGNOSTIC
w52.0_m1.00_r0.940_T70_P225,depletion_fwhm_rel_4121,0.0836853,,,PASS,"the surviving transit kernel's FWHM over the bare collected kernel's, the core-flattening diagnostic",6a468472af4bbda8,400000,0,2026-09-26T10:49:32,DIAGNOSTIC
w52.0_m1.00_r0.940_T70_P225,shares_shift_abs,0.0015035,,,PASS,the largest move of a line's share from the thermal law to the depleted one: the physical shift,6a468472af4bbda8,400000,0,2026-09-26T10:49:32,DIAGNOSTIC
w52.0_m1.00_r0.940_T70_P225,cycles_on_axis,0.158622,,,PASS,excitation cycles on the central chord at the mean transverse speed,6a468472af4bbda8,400000,0,2026-09-26T10:49:32,DIAGNOSTIC
w52.0_m1.00_r0.940_T70_P225,cycles_mean_over_chords,0.0238862,,,PASS,the flux-weighted mean over every chord,6a468472af4bbda8,400000,0,2026-09-26T10:49:32,DIAGNOSTIC
w52.0_m1.00_r0.940_T90_P225,transit_fwhm_rel,1.10736,1.10797,,PASS,the Monte Carlo against the form the fit uses at this node,6a468472af4bbda8,400000,0,2026-09-26T10:49:33,DIAGNOSTIC
w52.0_m1.00_r0.940_T90_P225,transit_shape_rel,1.00031,1,,PASS,the Monte Carlo against the form the fit uses at this node,6a468472af4bbda8,400000,0,2026-09-26T10:49:33,DIAGNOSTIC
w52.0_m1.00_r0.940_T90_P225,ramp_mu2_rel,0.0520119,0.0519543,,PASS,the Monte Carlo against the form the fit uses at this node,6a468472af4bbda8,400000,0,2026-09-26T10:49:33,DIAGNOSTIC
w52.0_m1.00_r0.940_T90_P225,ramp_mu3_rel,-0.00654723,-0.00650459,,PASS,the Monte Carlo against the form the fit uses at this node,6a468472af4bbda8,400000,0,2026-09-26T10:49:33,DIAGNOSTIC
w52.0_m1.00_r0.940_T90_P225,amplitude_power_law_abs,1.87657,1.87274,,PASS,the Monte Carlo against the form the fit uses at this node,6a468472af4bbda8,400000,0,2026-09-26T10:49:33,DIAGNOSTIC
w52.0_m1.00_r0.940_T90_P225,shares_abs,0.000509485,0,,PASS,the Monte Carlo against the form the fit uses at this node,6a468472af4bbda8,400000,0,2026-09-26T10:49:33,DIAGNOSTIC
w52.0_m1.00_r0.940_T90_P225,joint_shape_abs,0.00446539,0,,PASS,the Monte Carlo against the form the fit uses at this node,6a468472af4bbda8,400000,0,2026-09-26T10:49:33,DIAGNOSTIC
w52.0_m1.00_r0.940_T90_P225,joint_moment_sigma_abs,1.43448,0,,PASS,the Monte Carlo against the form the fit uses at this node,6a468472af4bbda8,400000,0,2026-09-26T10:49:33,DIAGNOSTIC
w52.0_m1.00_r0.940_T90_P225,depleted_line_abs,0.000453429,0,,PASS,the Monte Carlo against the form the fit uses at this node,6a468472af4bbda8,400000,0,2026-09-26T10:49:33,DIAGNOSTIC
w52.0_m1.00_r0.940_T90_P225,depletion_widening_rel_4207,0.00608329,,,PASS,"what a transit fit reads from the surviving kernel after the natural Lorentzian, over the bare one: the factor the fit carries",6a468472af4bbda8,400000,0,2026-09-26T10:49:33,DIAGNOSTIC
w52.0_m1.00_r0.940_T90_P225,depletion_widening_rel_4192,0.00672054,,,PASS,"what a transit fit reads from the surviving kernel after the natural Lorentzian, over the bare one: the factor the fit carries",6a468472af4bbda8,400000,0,2026-09-26T10:49:33,DIAGNOSTIC
w52.0_m1.00_r0.940_T90_P225,depletion_widening_rel_4154,0.00921155,,,PASS,"what a transit fit reads from the surviving kernel after the natural Lorentzian, over the bare one: the factor the fit carries",6a468472af4bbda8,400000,0,2026-09-26T10:49:33,DIAGNOSTIC
w52.0_m1.00_r0.940_T90_P225,depletion_widening_rel_4121,0.0098209,,,PASS,"what a transit fit reads from the surviving kernel after the natural Lorentzian, over the bare one: the factor the fit carries",6a468472af4bbda8,400000,0,2026-09-26T10:49:33,DIAGNOSTIC
w52.0_m1.00_r0.940_T90_P225,depletion_fwhm_rel_4207,0.0571207,,,PASS,"the surviving transit kernel's FWHM over the bare collected kernel's, the core-flattening diagnostic",6a468472af4bbda8,400000,0,2026-09-26T10:49:33,DIAGNOSTIC
w52.0_m1.00_r0.940_T90_P225,depletion_fwhm_rel_4192,0.0616294,,,PASS,"the surviving transit kernel's FWHM over the bare collected kernel's, the core-flattening diagnostic",6a468472af4bbda8,400000,0,2026-09-26T10:49:33,DIAGNOSTIC
w52.0_m1.00_r0.940_T90_P225,depletion_fwhm_rel_4154,0.0782251,,,PASS,"the surviving transit kernel's FWHM over the bare collected kernel's, the core-flattening diagnostic",6a468472af4bbda8,400000,0,2026-09-26T10:49:33,DIAGNOSTIC
w52.0_m1.00_r0.940_T90_P225,depletion_fwhm_rel_4121,0.0820648,,,PASS,"the surviving transit kernel's FWHM over the bare collected kernel's, the core-flattening diagnostic",6a468472af4bbda8,400000,0,2026-09-26T10:49:33,DIAGNOSTIC
w52.0_m1.00_r0.940_T90_P225,shares_shift_abs,0.00146382,,,PASS,the largest move of a line's share from the thermal law to the depleted one: the physical shift,6a468472af4bbda8,400000,0,2026-09-26T10:49:33,DIAGNOSTIC
w52.0_m1.00_r0.940_T90_P225,cycles_on_axis,0.154192,,,PASS,excitation cycles on the central chord at the mean transverse speed,6a468472af4bbda8,400000,0,2026-09-26T10:49:33,DIAGNOSTIC
w52.0_m1.00_r0.940_T90_P225,cycles_mean_over_chords,0.0232191,,,PASS,the flux-weighted mean over every chord,6a468472af4bbda8,400000,0,2026-09-26T10:49:33,DIAGNOSTIC
w54.0_m1.00_r0.940_T110_P225,transit_fwhm_rel,1.09486,1.09565,,PASS,the Monte Carlo against the form the fit uses at this node,6a468472af4bbda8,400000,0,2026-09-26T10:49:33,DIAGNOSTIC
w54.0_m1.00_r0.940_T110_P225,transit_shape_rel,1.00031,1,,PASS,the Monte Carlo against the form the fit uses at this node,6a468472af4bbda8,400000,0,2026-09-26T10:49:33,DIAGNOSTIC
w54.0_m1.00_r0.940_T110_P225,ramp_mu2_rel,0.0523302,0.0522735,,PASS,the Monte Carlo against the form the fit uses at this node,6a468472af4bbda8,400000,0,2026-09-26T10:49:33,DIAGNOSTIC
w54.0_m1.00_r0.940_T110_P225,ramp_mu3_rel,-0.00661913,-0.0065757,,PASS,the Monte Carlo against the form the fit uses at this node,6a468472af4bbda8,400000,0,2026-09-26T10:49:33,DIAGNOSTIC
w54.0_m1.00_r0.940_T110_P225,amplitude_power_law_abs,1.89216,1.8888,,PASS,the Monte Carlo against the form the fit uses at this node,6a468472af4bbda8,400000,0,2026-09-26T10:49:33,DIAGNOSTIC
w54.0_m1.00_r0.940_T110_P225,shares_abs,0.000443629,0,,PASS,the Monte Carlo against the form the fit uses at this node,6a468472af4bbda8,400000,0,2026-09-26T10:49:33,DIAGNOSTIC
w54.0_m1.00_r0.940_T110_P225,joint_shape_abs,0.00420031,0,,PASS,the Monte Carlo against the form the fit uses at this node,6a468472af4bbda8,400000,0,2026-09-26T10:49:33,DIAGNOSTIC
w54.0_m1.00_r0.940_T110_P225,joint_moment_sigma_abs,1.40141,0,,PASS,the Monte Carlo against the form the fit uses at this node,6a468472af4bbda8,400000,0,2026-09-26T10:49:33,DIAGNOSTIC
w54.0_m1.00_r0.940_T110_P225,depleted_line_abs,0.000417791,0,,PASS,the Monte Carlo against the form the fit uses at this node,6a468472af4bbda8,400000,0,2026-09-26T10:49:33,DIAGNOSTIC
w54.0_m1.00_r0.940_T110_P225,depletion_widening_rel_4207,0.00534467,,,PASS,"what a transit fit reads from the surviving kernel after the natural Lorentzian, over the bare one: the factor the fit carries",6a468472af4bbda8,400000,0,2026-09-26T10:49:33,DIAGNOSTIC
w54.0_m1.00_r0.940_T110_P225,depletion_widening_rel_4192,0.00590737,,,PASS,"what a transit fit reads from the surviving kernel after the natural Lorentzian, over the bare one: the factor the fit carries",6a468472af4bbda8,400000,0,2026-09-26T10:49:33,DIAGNOSTIC
w54.0_m1.00_r0.940_T110_P225,depletion_widening_rel_4154,0.00811124,,,PASS,"what a transit fit reads from the surviving kernel after the natural Lorentzian, over the bare one: the factor the fit carries",6a468472af4bbda8,400000,0,2026-09-26T10:49:33,DIAGNOSTIC
w54.0_m1.00_r0.940_T110_P225,depletion_widening_rel_4121,0.00865133,,,PASS,"what a transit fit reads from the surviving kernel after the natural Lorentzian, over the bare one: the factor the fit carries",6a468472af4bbda8,400000,0,2026-09-26T10:49:33,DIAGNOSTIC
w54.0_m1.00_r0.940_T110_P225,depletion_fwhm_rel_4207,0.0517899,,,PASS,"the surviving transit kernel's FWHM over the bare collected kernel's, the core-flattening diagnostic",6a468472af4bbda8,400000,0,2026-09-26T10:49:33,DIAGNOSTIC
w54.0_m1.00_r0.940_T110_P225,depletion_fwhm_rel_4192,0.0559376,,,PASS,"the surviving transit kernel's FWHM over the bare collected kernel's, the core-flattening diagnostic",6a468472af4bbda8,400000,0,2026-09-26T10:49:33,DIAGNOSTIC
w54.0_m1.00_r0.940_T110_P225,depletion_fwhm_rel_4154,0.0711798,,,PASS,"the surviving transit kernel's FWHM over the bare collected kernel's, the core-flattening diagnostic",6a468472af4bbda8,400000,0,2026-09-26T10:49:33,DIAGNOSTIC
w54.0_m1.00_r0.940_T110_P225,depletion_fwhm_rel_4121,0.0747327,,,PASS,"the surviving transit kernel's FWHM over the bare collected kernel's, the core-flattening diagnostic",6a468472af4bbda8,400000,0,2026-09-26T10:49:33,DIAGNOSTIC
w54.0_m1.00_r0.940_T110_P225,shares_shift_abs,0.00128935,,,PASS,the largest move of a line's share from the thermal law to the depleted one: the physical shift,6a468472af4bbda8,400000,0,2026-09-26T10:49:33,DIAGNOSTIC
w54.0_m1.00_r0.940_T110_P225,cycles_on_axis,0.135257,,,PASS,excitation cycles on the central chord at the mean transverse speed,6a468472af4bbda8,400000,0,2026-09-26T10:49:33,DIAGNOSTIC
w54.0_m1.00_r0.940_T110_P225,cycles_mean_over_chords,0.0203152,,,PASS,the flux-weighted mean over every chord,6a468472af4bbda8,400000,0,2026-09-26T10:49:33,DIAGNOSTIC
w54.0_m1.00_r0.940_T130_P125,transit_fwhm_rel,1.12307,1.12386,,PASS,the Monte Carlo against the form the fit uses at this node,6a468472af4bbda8,400000,0,2026-09-26T10:50:26,DIAGNOSTIC
w54.0_m1.00_r0.940_T130_P125,transit_shape_rel,1.00031,1,,PASS,the Monte Carlo against the form the fit uses at this node,6a468472af4bbda8,400000,0,2026-09-26T10:50:26,DIAGNOSTIC
w54.0_m1.00_r0.940_T130_P125,ramp_mu2_rel,0.0520461,0.0519924,,PASS,the Monte Carlo against the form the fit uses at this node,6a468472af4bbda8,400000,0,2026-09-26T10:50:26,DIAGNOSTIC
w54.0_m1.00_r0.940_T130_P125,ramp_mu3_rel,-0.00676573,-0.00672202,,PASS,the Monte Carlo against the form the fit uses at this node,6a468472af4bbda8,400000,0,2026-09-26T10:50:26,DIAGNOSTIC
w54.0_m1.00_r0.940_T130_P125,amplitude_power_law_abs,1.96485,1.96393,,PASS,the Monte Carlo against the form the fit uses at this node,6a468472af4bbda8,400000,0,2026-09-26T10:50:26,DIAGNOSTIC
w54.0_m1.00_r0.940_T130_P125,shares_abs,0.000126944,0,,PASS,the Monte Carlo against the form the fit uses at this node,6a468472af4bbda8,400000,0,2026-09-26T10:50:26,DIAGNOSTIC
w54.0_m1.00_r0.940_T130_P125,joint_shape_abs,0.00357333,0,,PASS,the Monte Carlo against the form the fit uses at this node,6a468472af4bbda8,400000,0,2026-09-26T10:50:26,DIAGNOSTIC
w54.0_m1.00_r0.940_T130_P125,joint_moment_sigma_abs,1.29677,0,,PASS,the Monte Carlo against the form the fit uses at this node,6a468472af4bbda8,400000,0,2026-09-26T10:50:26,DIAGNOSTIC
w54.0_m1.00_r0.940_T130_P125,depleted_line_abs,0.000286889,0,,PASS,the Monte Carlo against the form the fit uses at this node,6a468472af4bbda8,400000,0,2026-09-26T10:50:26,DIAGNOSTIC
w54.0_m1.00_r0.940_T130_P125,depletion_widening_rel_4207,0.00174246,,,PASS,"what a transit fit reads from the surviving kernel after the natural Lorentzian, over the bare one: the factor the fit carries",6a468472af4bbda8,400000,0,2026-09-26T10:50:26,DIAGNOSTIC
w54.0_m1.00_r0.940_T130_P125,depletion_widening_rel_4192,0.00193117,,,PASS,"what a transit fit reads from the surviving kernel after the natural Lorentzian, over the bare one: the factor the fit carries",6a468472af4bbda8,400000,0,2026-09-26T10:50:26,DIAGNOSTIC
w54.0_m1.00_r0.940_T130_P125,depletion_widening_rel_4154,0.00267877,,,PASS,"what a transit fit reads from the surviving kernel after the natural Lorentzian, over the bare one: the factor the fit carries",6a468472af4bbda8,400000,0,2026-09-26T10:50:26,DIAGNOSTIC
w54.0_m1.00_r0.940_T130_P125,depletion_widening_rel_4121,0.00286397,,,PASS,"what a transit fit reads from the surviving kernel after the natural Lorentzian, over the bare one: the factor the fit carries",6a468472af4bbda8,400000,0,2026-09-26T10:50:26,DIAGNOSTIC
w54.0_m1.00_r0.940_T130_P125,depletion_fwhm_rel_4207,0.0213837,,,PASS,"the surviving transit kernel's FWHM over the bare collected kernel's, the core-flattening diagnostic",6a468472af4bbda8,400000,0,2026-09-26T10:50:26,DIAGNOSTIC
w54.0_m1.00_r0.940_T130_P125,depletion_fwhm_rel_4192,0.0232236,,,PASS,"the surviving transit kernel's FWHM over the bare collected kernel's, the core-flattening diagnostic",6a468472af4bbda8,400000,0,2026-09-26T10:50:26,DIAGNOSTIC
w54.0_m1.00_r0.940_T130_P125,depletion_fwhm_rel_4154,0.0301154,,,PASS,"the surviving transit kernel's FWHM over the bare collected kernel's, the core-flattening diagnostic",6a468472af4bbda8,400000,0,2026-09-26T10:50:26,DIAGNOSTIC
w54.0_m1.00_r0.940_T130_P125,depletion_fwhm_rel_4121,0.0317404,,,PASS,"the surviving transit kernel's FWHM over the bare collected kernel's, the core-flattening diagnostic",6a468472af4bbda8,400000,0,2026-09-26T10:50:26,DIAGNOSTIC
w54.0_m1.00_r0.940_T130_P125,shares_shift_abs,0.000418532,,,PASS,the largest move of a line's share from the thermal law to the depleted one: the physical shift,6a468472af4bbda8,400000,0,2026-09-26T10:50:26,DIAGNOSTIC
w54.0_m1.00_r0.940_T130_P125,cycles_on_axis,0.0423335,,,PASS,excitation cycles on the central chord at the mean transverse speed,6a468472af4bbda8,400000,0,2026-09-26T10:50:26,DIAGNOSTIC
w54.0_m1.00_r0.940_T130_P125,cycles_mean_over_chords,0.00628626,,,PASS,the flux-weighted mean over every chord,6a468472af4bbda8,400000,0,2026-09-26T10:50:26,DIAGNOSTIC
w54.0_m1.00_r0.940_T130_P175,transit_fwhm_rel,1.12307,1.12387,,PASS,the Monte Carlo against the form the fit uses at this node,6a468472af4bbda8,400000,0,2026-09-26T10:50:27,DIAGNOSTIC
w54.0_m1.00_r0.940_T130_P175,transit_shape_rel,1.00031,1,,PASS,the Monte Carlo against the form the fit uses at this node,6a468472af4bbda8,400000,0,2026-09-26T10:50:27,DIAGNOSTIC
w54.0_m1.00_r0.940_T130_P175,ramp_mu2_rel,0.0521698,0.0521147,,PASS,the Monte Carlo against the form the fit uses at this node,6a468472af4bbda8,400000,0,2026-09-26T10:50:27,DIAGNOSTIC
w54.0_m1.00_r0.940_T130_P175,ramp_mu3_rel,-0.00670229,-0.00665869,,PASS,the Monte Carlo against the form the fit uses at this node,6a468472af4bbda8,400000,0,2026-09-26T10:50:27,DIAGNOSTIC
w54.0_m1.00_r0.940_T130_P175,amplitude_power_law_abs,1.93296,1.93104,,PASS,the Monte Carlo against the form the fit uses at this node,6a468472af4bbda8,400000,0,2026-09-26T10:50:27,DIAGNOSTIC
w54.0_m1.00_r0.940_T130_P175,shares_abs,0.000255663,0,,PASS,the Monte Carlo against the form the fit uses at this node,6a468472af4bbda8,400000,0,2026-09-26T10:50:27,DIAGNOSTIC
w54.0_m1.00_r0.940_T130_P175,joint_shape_abs,0.0038749,0,,PASS,the Monte Carlo against the form the fit uses at this node,6a468472af4bbda8,400000,0,2026-09-26T10:50:27,DIAGNOSTIC
w54.0_m1.00_r0.940_T130_P175,joint_moment_sigma_abs,1.61376,0,,PASS,the Monte Carlo against the form the fit uses at this node,6a468472af4bbda8,400000,0,2026-09-26T10:50:27,DIAGNOSTIC
w54.0_m1.00_r0.940_T130_P175,depleted_line_abs,0.000351856,0,,PASS,the Monte Carlo against the form the fit uses at this node,6a468472af4bbda8,400000,0,2026-09-26T10:50:27,DIAGNOSTIC
w54.0_m1.00_r0.940_T130_P175,depletion_widening_rel_4207,0.00330036,,,PASS,"what a transit fit reads from the surviving kernel after the natural Lorentzian, over the bare one: the factor the fit carries",6a468472af4bbda8,400000,0,2026-09-26T10:50:27,DIAGNOSTIC
w54.0_m1.00_r0.940_T130_P175,depletion_widening_rel_4192,0.00365318,,,PASS,"what a transit fit reads from the surviving kernel after the natural Lorentzian, over the bare one: the factor the fit carries",6a468472af4bbda8,400000,0,2026-09-26T10:50:27,DIAGNOSTIC
w54.0_m1.00_r0.940_T130_P175,depletion_widening_rel_4154,0.00504331,,,PASS,"what a transit fit reads from the surviving kernel after the natural Lorentzian, over the bare one: the factor the fit carries",6a468472af4bbda8,400000,0,2026-09-26T10:50:27,DIAGNOSTIC
w54.0_m1.00_r0.940_T130_P175,depletion_widening_rel_4121,0.00538591,,,PASS,"what a transit fit reads from the surviving kernel after the natural Lorentzian, over the bare one: the factor the fit carries",6a468472af4bbda8,400000,0,2026-09-26T10:50:27,DIAGNOSTIC
w54.0_m1.00_r0.940_T130_P175,depletion_fwhm_rel_4207,0.0354813,,,PASS,"the surviving transit kernel's FWHM over the bare collected kernel's, the core-flattening diagnostic",6a468472af4bbda8,400000,0,2026-09-26T10:50:27,DIAGNOSTIC
w54.0_m1.00_r0.940_T130_P175,depletion_fwhm_rel_4192,0.0384263,,,PASS,"the surviving transit kernel's FWHM over the bare collected kernel's, the core-flattening diagnostic",6a468472af4bbda8,400000,0,2026-09-26T10:50:27,DIAGNOSTIC
w54.0_m1.00_r0.940_T130_P175,depletion_fwhm_rel_4154,0.0493329,,,PASS,"the surviving transit kernel's FWHM over the bare collected kernel's, the core-flattening diagnostic",6a468472af4bbda8,400000,0,2026-09-26T10:50:27,DIAGNOSTIC
w54.0_m1.00_r0.940_T130_P175,depletion_fwhm_rel_4121,0.051891,,,PASS,"the surviving transit kernel's FWHM over the bare collected kernel's, the core-flattening diagnostic",6a468472af4bbda8,400000,0,2026-09-26T10:50:27,DIAGNOSTIC
w54.0_m1.00_r0.940_T130_P175,shares_shift_abs,0.000792797,,,PASS,the largest move of a line's share from the thermal law to the depleted one: the physical shift,6a468472af4bbda8,400000,0,2026-09-26T10:50:27,DIAGNOSTIC
w54.0_m1.00_r0.940_T130_P175,cycles_on_axis,0.0815634,,,PASS,excitation cycles on the central chord at the mean transverse speed,6a468472af4bbda8,400000,0,2026-09-26T10:50:27,DIAGNOSTIC
w54.0_m1.00_r0.940_T130_P175,cycles_mean_over_chords,0.0121721,,,PASS,the flux-weighted mean over every chord,6a468472af4bbda8,400000,0,2026-09-26T10:50:27,DIAGNOSTIC
w54.0_m1.00_r0.940_T130_P180,transit_fwhm_rel,1.12307,1.12387,,PASS,the Monte Carlo against the form the fit uses at this node,6a468472af4bbda8,400000,0,2026-09-26T10:50:27,DIAGNOSTIC
w54.0_m1.00_r0.940_T130_P180,transit_shape_rel,1.00031,1,,PASS,the Monte Carlo against the form the fit uses at this node,6a468472af4bbda8,400000,0,2026-09-26T10:50:27,DIAGNOSTIC
w54.0_m1.00_r0.940_T130_P180,ramp_mu2_rel,0.0521842,0.052129,,PASS,the Monte Carlo against the form the fit uses at this node,6a468472af4bbda8,400000,0,2026-09-26T10:50:27,DIAGNOSTIC
w54.0_m1.00_r0.940_T130_P180,ramp_mu3_rel,-0.00669484,-0.00665126,,PASS,the Monte Carlo against the form the fit uses at this node,6a468472af4bbda8,400000,0,2026-09-26T10:50:27,DIAGNOSTIC
w54.0_m1.00_r0.940_T130_P180,amplitude_power_law_abs,1.92929,1.92725,,PASS,the Monte Carlo against the form the fit uses at this node,6a468472af4bbda8,400000,0,2026-09-26T10:50:27,DIAGNOSTIC
w54.0_m1.00_r0.940_T130_P180,shares_abs,0.000271122,0,,PASS,the Monte Carlo against the form the fit uses at this node,6a468472af4bbda8,400000,0,2026-09-26T10:50:27,DIAGNOSTIC
w54.0_m1.00_r0.940_T130_P180,joint_shape_abs,0.00391676,0,,PASS,the Monte Carlo against the form the fit uses at this node,6a468472af4bbda8,400000,0,2026-09-26T10:50:27,DIAGNOSTIC
w54.0_m1.00_r0.940_T130_P180,joint_moment_sigma_abs,1.6844,0,,PASS,the Monte Carlo against the form the fit uses at this node,6a468472af4bbda8,400000,0,2026-09-26T10:50:27,DIAGNOSTIC
w54.0_m1.00_r0.940_T130_P180,depleted_line_abs,0.00035916,0,,PASS,the Monte Carlo against the form the fit uses at this node,6a468472af4bbda8,400000,0,2026-09-26T10:50:27,DIAGNOSTIC
w54.0_m1.00_r0.940_T130_P180,depletion_widening_rel_4207,0.00347863,,,PASS,"what a transit fit reads from the surviving kernel after the natural Lorentzian, over the bare one: the factor the fit carries",6a468472af4bbda8,400000,0,2026-09-26T10:50:27,DIAGNOSTIC
w54.0_m1.00_r0.940_T130_P180,depletion_widening_rel_4192,0.00384998,,,PASS,"what a transit fit reads from the surviving kernel after the natural Lorentzian, over the bare one: the factor the fit carries",6a468472af4bbda8,400000,0,2026-09-26T10:50:27,DIAGNOSTIC
w54.0_m1.00_r0.940_T130_P180,depletion_widening_rel_4154,0.00531233,,,PASS,"what a transit fit reads from the surviving kernel after the natural Lorentzian, over the bare one: the factor the fit carries",6a468472af4bbda8,400000,0,2026-09-26T10:50:27,DIAGNOSTIC
w54.0_m1.00_r0.940_T130_P180,depletion_widening_rel_4121,0.00567254,,,PASS,"what a transit fit reads from the surviving kernel after the natural Lorentzian, over the bare one: the factor the fit carries",6a468472af4bbda8,400000,0,2026-09-26T10:50:27,DIAGNOSTIC
w54.0_m1.00_r0.940_T130_P180,depletion_fwhm_rel_4207,0.03698,,,PASS,"the surviving transit kernel's FWHM over the bare collected kernel's, the core-flattening diagnostic",6a468472af4bbda8,400000,0,2026-09-26T10:50:27,DIAGNOSTIC
w54.0_m1.00_r0.940_T130_P180,depletion_fwhm_rel_4192,0.0400348,,,PASS,"the surviving transit kernel's FWHM over the bare collected kernel's, the core-flattening diagnostic",6a468472af4bbda8,400000,0,2026-09-26T10:50:27,DIAGNOSTIC
w54.0_m1.00_r0.940_T130_P180,depletion_fwhm_rel_4154,0.0513429,,,PASS,"the surviving transit kernel's FWHM over the bare collected kernel's, the core-flattening diagnostic",6a468472af4bbda8,400000,0,2026-09-26T10:50:27,DIAGNOSTIC
w54.0_m1.00_r0.940_T130_P180,depletion_fwhm_rel_4121,0.0540076,,,PASS,"the surviving transit kernel's FWHM over the bare collected kernel's, the core-flattening diagnostic",6a468472af4bbda8,400000,0,2026-09-26T10:50:27,DIAGNOSTIC
w54.0_m1.00_r0.940_T130_P180,shares_shift_abs,0.00083558,,,PASS,the largest move of a line's share from the thermal law to the depleted one: the physical shift,6a468472af4bbda8,400000,0,2026-09-26T10:50:27,DIAGNOSTIC
w54.0_m1.00_r0.940_T130_P180,cycles_on_axis,0.0861181,,,PASS,excitation cycles on the central chord at the mean transverse speed,6a468472af4bbda8,400000,0,2026-09-26T10:50:27,DIAGNOSTIC
w54.0_m1.00_r0.940_T130_P180,cycles_mean_over_chords,0.0128593,,,PASS,the flux-weighted mean over every chord,6a468472af4bbda8,400000,0,2026-09-26T10:50:27,DIAGNOSTIC
w54.0_m1.00_r0.940_T130_P225,transit_fwhm_rel,1.12307,1.12388,,PASS,the Monte Carlo against the form the fit uses at this node,6a468472af4bbda8,400000,0,2026-09-26T10:51:18,DIAGNOSTIC
w54.0_m1.00_r0.940_T130_P225,transit_shape_rel,1.00031,1,,PASS,the Monte Carlo against the form the fit uses at this node,6a468472af4bbda8,400000,0,2026-09-26T10:51:18,DIAGNOSTIC
w54.0_m1.00_r0.940_T130_P225,ramp_mu2_rel,0.0523302,0.0522735,,PASS,the Monte Carlo against the form the fit uses at this node,6a468472af4bbda8,400000,0,2026-09-26T10:51:18,DIAGNOSTIC
w54.0_m1.00_r0.940_T130_P225,ramp_mu3_rel,-0.00661913,-0.0065757,,PASS,the Monte Carlo against the form the fit uses at this node,6a468472af4bbda8,400000,0,2026-09-26T10:51:18,DIAGNOSTIC
w54.0_m1.00_r0.940_T130_P225,amplitude_power_law_abs,1.89289,1.8896,,PASS,the Monte Carlo against the form the fit uses at this node,6a468472af4bbda8,400000,0,2026-09-26T10:51:18,DIAGNOSTIC
w54.0_m1.00_r0.940_T130_P225,shares_abs,0.000431234,0,,PASS,the Monte Carlo against the form the fit uses at this node,6a468472af4bbda8,400000,0,2026-09-26T10:51:18,DIAGNOSTIC
w54.0_m1.00_r0.940_T130_P225,joint_shape_abs,0.00421798,0,,PASS,the Monte Carlo against the form the fit uses at this node,6a468472af4bbda8,400000,0,2026-09-26T10:51:18,DIAGNOSTIC
w54.0_m1.00_r0.940_T130_P225,joint_moment_sigma_abs,1.44208,0,,PASS,the Monte Carlo against the form the fit uses at this node,6a468472af4bbda8,400000,0,2026-09-26T10:51:18,DIAGNOSTIC
w54.0_m1.00_r0.940_T130_P225,depleted_line_abs,0.000430207,0,,PASS,the Monte Carlo against the form the fit uses at this node,6a468472af4bbda8,400000,0,2026-09-26T10:51:18,DIAGNOSTIC
w54.0_m1.00_r0.940_T130_P225,depletion_widening_rel_4207,0.00524305,,,PASS,"what a transit fit reads from the surviving kernel after the natural Lorentzian, over the bare one: the factor the fit carries",6a468472af4bbda8,400000,0,2026-09-26T10:51:18,DIAGNOSTIC
w54.0_m1.00_r0.940_T130_P225,depletion_widening_rel_4192,0.0057955,,,PASS,"what a transit fit reads from the surviving kernel after the natural Lorentzian, over the bare one: the factor the fit carries",6a468472af4bbda8,400000,0,2026-09-26T10:51:18,DIAGNOSTIC
w54.0_m1.00_r0.940_T130_P225,depletion_widening_rel_4154,0.00795984,,,PASS,"what a transit fit reads from the surviving kernel after the natural Lorentzian, over the bare one: the factor the fit carries",6a468472af4bbda8,400000,0,2026-09-26T10:51:18,DIAGNOSTIC
w54.0_m1.00_r0.940_T130_P225,depletion_widening_rel_4121,0.00849039,,,PASS,"what a transit fit reads from the surviving kernel after the natural Lorentzian, over the bare one: the factor the fit carries",6a468472af4bbda8,400000,0,2026-09-26T10:51:18,DIAGNOSTIC
w54.0_m1.00_r0.940_T130_P225,depletion_fwhm_rel_4207,0.050829,,,PASS,"the surviving transit kernel's FWHM over the bare collected kernel's, the core-flattening diagnostic",6a468472af4bbda8,400000,0,2026-09-26T10:51:18,DIAGNOSTIC
w54.0_m1.00_r0.940_T130_P225,depletion_fwhm_rel_4192,0.0549108,,,PASS,"the surviving transit kernel's FWHM over the bare collected kernel's, the core-flattening diagnostic",6a468472af4bbda8,400000,0,2026-09-26T10:51:18,DIAGNOSTIC
w54.0_m1.00_r0.940_T130_P225,depletion_fwhm_rel_4154,0.0699056,,,PASS,"the surviving transit kernel's FWHM over the bare collected kernel's, the core-flattening diagnostic",6a468472af4bbda8,400000,0,2026-09-26T10:51:18,DIAGNOSTIC
w54.0_m1.00_r0.940_T130_P225,depletion_fwhm_rel_4121,0.0734058,,,PASS,"the surviving transit kernel's FWHM over the bare collected kernel's, the core-flattening diagnostic",6a468472af4bbda8,400000,0,2026-09-26T10:51:18,DIAGNOSTIC
w54.0_m1.00_r0.940_T130_P225,shares_shift_abs,0.00125857,,,PASS,the largest move of a line's share from the thermal law to the depleted one: the physical shift,6a468472af4bbda8,400000,0,2026-09-26T10:51:18,DIAGNOSTIC
w54.0_m1.00_r0.940_T130_P225,cycles_on_axis,0.131859,,,PASS,excitation cycles on the central chord at the mean transverse speed,6a468472af4bbda8,400000,0,2026-09-26T10:51:18,DIAGNOSTIC
w54.0_m1.00_r0.940_T130_P225,cycles_mean_over_chords,0.0198049,,,PASS,the flux-weighted mean over every chord,6a468472af4bbda8,400000,0,2026-09-26T10:51:18,DIAGNOSTIC
w54.0_m1.00_r0.940_T130_P25,transit_fwhm_rel,1.12307,1.12384,,PASS,the Monte Carlo against the form the fit uses at this node,6a468472af4bbda8,400000,0,2026-09-26T10:51:19,DIAGNOSTIC
w54.0_m1.00_r0.940_T130_P25,transit_shape_rel,1.00031,1,,PASS,the Monte Carlo against the form the fit uses at this node,6a468472af4bbda8,400000,0,2026-09-26T10:51:19,DIAGNOSTIC
w54.0_m1.00_r0.940_T130_P25,ramp_mu2_rel,0.0519194,0.0518671,,PASS,the Monte Carlo against the form the fit uses at this node,6a468472af4bbda8,400000,0,2026-09-26T10:51:19,DIAGNOSTIC
w54.0_m1.00_r0.940_T130_P25,ramp_mu3_rel,-0.00683014,-0.00678631,,PASS,the Monte Carlo against the form the fit uses at this node,6a468472af4bbda8,400000,0,2026-09-26T10:51:19,DIAGNOSTIC
w54.0_m1.00_r0.940_T130_P25,amplitude_power_law_abs,1.99855,1.99852,,PASS,the Monte Carlo against the form the fit uses at this node,6a468472af4bbda8,400000,0,2026-09-26T10:51:19,DIAGNOSTIC
w54.0_m1.00_r0.940_T130_P25,shares_abs,4.79719e-06,0,,PASS,the Monte Carlo against the form the fit uses at this node,6a468472af4bbda8,400000,0,2026-09-26T10:51:19,DIAGNOSTIC
w54.0_m1.00_r0.940_T130_P25,joint_shape_abs,0.00304225,0,,PASS,the Monte Carlo against the form the fit uses at this node,6a468472af4bbda8,400000,0,2026-09-26T10:51:19,DIAGNOSTIC
w54.0_m1.00_r0.940_T130_P25,joint_moment_sigma_abs,1.0592,0,,PASS,the Monte Carlo against the form the fit uses at this node,6a468472af4bbda8,400000,0,2026-09-26T10:51:19,DIAGNOSTIC
w54.0_m1.00_r0.940_T130_P25,depleted_line_abs,0.000214399,0,,PASS,the Monte Carlo against the form the fit uses at this node,6a468472af4bbda8,400000,0,2026-09-26T10:51:19,DIAGNOSTIC
w54.0_m1.00_r0.940_T130_P25,depletion_widening_rel_4207,7.38386e-05,,,PASS,"what a transit fit reads from the surviving kernel after the natural Lorentzian, over the bare one: the factor the fit carries",6a468472af4bbda8,400000,0,2026-09-26T10:51:19,DIAGNOSTIC
w54.0_m1.00_r0.940_T130_P25,depletion_widening_rel_4192,8.19625e-05,,,PASS,"what a transit fit reads from the surviving kernel after the natural Lorentzian, over the bare one: the factor the fit carries",6a468472af4bbda8,400000,0,2026-09-26T10:51:19,DIAGNOSTIC
w54.0_m1.00_r0.940_T130_P25,depletion_widening_rel_4154,0.000114384,,,PASS,"what a transit fit reads from the surviving kernel after the natural Lorentzian, over the bare one: the factor the fit carries",6a468472af4bbda8,400000,0,2026-09-26T10:51:19,DIAGNOSTIC
w54.0_m1.00_r0.940_T130_P25,depletion_widening_rel_4121,0.000122474,,,PASS,"what a transit fit reads from the surviving kernel after the natural Lorentzian, over the bare one: the factor the fit carries",6a468472af4bbda8,400000,0,2026-09-26T10:51:19,DIAGNOSTIC
w54.0_m1.00_r0.940_T130_P25,depletion_fwhm_rel_4207,0.0015028,,,PASS,"the surviving transit kernel's FWHM over the bare collected kernel's, the core-flattening diagnostic",6a468472af4bbda8,400000,0,2026-09-26T10:51:19,DIAGNOSTIC
w54.0_m1.00_r0.940_T130_P25,depletion_fwhm_rel_4192,0.00164595,,,PASS,"the surviving transit kernel's FWHM over the bare collected kernel's, the core-flattening diagnostic",6a468472af4bbda8,400000,0,2026-09-26T10:51:19,DIAGNOSTIC
w54.0_m1.00_r0.940_T130_P25,depletion_fwhm_rel_4154,0.00219823,,,PASS,"the surviving transit kernel's FWHM over the bare collected kernel's, the core-flattening diagnostic",6a468472af4bbda8,400000,0,2026-09-26T10:51:19,DIAGNOSTIC
w54.0_m1.00_r0.940_T130_P25,depletion_fwhm_rel_4121,0.00233202,,,PASS,"the surviving transit kernel's FWHM over the bare collected kernel's, the core-flattening diagnostic",6a468472af4bbda8,400000,0,2026-09-26T10:51:19,DIAGNOSTIC
w54.0_m1.00_r0.940_T130_P25,shares_shift_abs,1.74626e-05,,,PASS,the largest move of a line's share from the thermal law to the depleted one: the physical shift,6a468472af4bbda8,400000,0,2026-09-26T10:51:19,DIAGNOSTIC
w54.0_m1.00_r0.940_T130_P25,cycles_on_axis,0.0017233,,,PASS,excitation cycles on the central chord at the mean transverse speed,6a468472af4bbda8,400000,0,2026-09-26T10:51:19,DIAGNOSTIC
w54.0_m1.00_r0.940_T130_P25,cycles_mean_over_chords,0.000254592,,,PASS,the flux-weighted mean over every chord,6a468472af4bbda8,400000,0,2026-09-26T10:51:19,DIAGNOSTIC
w54.0_m1.00_r0.940_T130_P270,transit_fwhm_rel,1.12308,1.1239,,PASS,the Monte Carlo against the form the fit uses at this node,6a468472af4bbda8,400000,0,2026-09-26T10:51:20,DIAGNOSTIC
w54.0_m1.00_r0.940_T130_P270,transit_shape_rel,1.00031,1,,PASS,the Monte Carlo against the form the fit uses at this node,6a468472af4bbda8,400000,0,2026-09-26T10:51:20,DIAGNOSTIC
w54.0_m1.00_r0.940_T130_P270,ramp_mu2_rel,0.0525033,0.0524447,,PASS,the Monte Carlo against the form the fit uses at this node,6a468472af4bbda8,400000,0,2026-09-26T10:51:20,DIAGNOSTIC
w54.0_m1.00_r0.940_T130_P270,ramp_mu3_rel,-0.00652837,-0.00648515,,PASS,the Monte Carlo against the form the fit uses at this node,6a468472af4bbda8,400000,0,2026-09-26T10:51:20,DIAGNOSTIC
w54.0_m1.00_r0.940_T130_P270,amplitude_power_law_abs,1.85121,1.8464,,PASS,the Monte Carlo against the form the fit uses at this node,6a468472af4bbda8,400000,0,2026-09-26T10:51:20,DIAGNOSTIC
w54.0_m1.00_r0.940_T130_P270,shares_abs,0.000627834,0,,PASS,the Monte Carlo against the form the fit uses at this node,6a468472af4bbda8,400000,0,2026-09-26T10:51:20,DIAGNOSTIC
w54.0_m1.00_r0.940_T130_P270,joint_shape_abs,0.00453477,0,,PASS,the Monte Carlo against the form the fit uses at this node,6a468472af4bbda8,400000,0,2026-09-26T10:51:20,DIAGNOSTIC
w54.0_m1.00_r0.940_T130_P270,joint_moment_sigma_abs,1.72996,0,,PASS,the Monte Carlo against the form the fit uses at this node,6a468472af4bbda8,400000,0,2026-09-26T10:51:20,DIAGNOSTIC
w54.0_m1.00_r0.940_T130_P270,depleted_line_abs,0.000508753,0,,PASS,the Monte Carlo against the form the fit uses at this node,6a468472af4bbda8,400000,0,2026-09-26T10:51:20,DIAGNOSTIC
w54.0_m1.00_r0.940_T130_P270,depletion_widening_rel_4207,0.00725439,,,PASS,"what a transit fit reads from the surviving kernel after the natural Lorentzian, over the bare one: the factor the fit carries",6a468472af4bbda8,400000,0,2026-09-26T10:51:20,DIAGNOSTIC
w54.0_m1.00_r0.940_T130_P270,depletion_widening_rel_4192,0.00800845,,,PASS,"what a transit fit reads from the surviving kernel after the natural Lorentzian, over the bare one: the factor the fit carries",6a468472af4bbda8,400000,0,2026-09-26T10:51:20,DIAGNOSTIC
w54.0_m1.00_r0.940_T130_P270,depletion_widening_rel_4154,0.0109475,,,PASS,"what a transit fit reads from the surviving kernel after the natural Lorentzian, over the bare one: the factor the fit carries",6a468472af4bbda8,400000,0,2026-09-26T10:51:20,DIAGNOSTIC
w54.0_m1.00_r0.940_T130_P270,depletion_widening_rel_4121,0.0116645,,,PASS,"what a transit fit reads from the surviving kernel after the natural Lorentzian, over the bare one: the factor the fit carries",6a468472af4bbda8,400000,0,2026-09-26T10:51:20,DIAGNOSTIC
w54.0_m1.00_r0.940_T130_P270,depletion_fwhm_rel_4207,0.0651668,,,PASS,"the surviving transit kernel's FWHM over the bare collected kernel's, the core-flattening diagnostic",6a468472af4bbda8,400000,0,2026-09-26T10:51:20,DIAGNOSTIC
w54.0_m1.00_r0.940_T130_P270,depletion_fwhm_rel_4192,0.0702383,,,PASS,"the surviving transit kernel's FWHM over the bare collected kernel's, the core-flattening diagnostic",6a468472af4bbda8,400000,0,2026-09-26T10:51:20,DIAGNOSTIC
w54.0_m1.00_r0.940_T130_P270,depletion_fwhm_rel_4154,0.0888319,,,PASS,"the surviving transit kernel's FWHM over the bare collected kernel's, the core-flattening diagnostic",6a468472af4bbda8,400000,0,2026-09-26T10:51:20,DIAGNOSTIC
w54.0_m1.00_r0.940_T130_P270,depletion_fwhm_rel_4121,0.0931356,,,PASS,"the surviving transit kernel's FWHM over the bare collected kernel's, the core-flattening diagnostic",6a468472af4bbda8,400000,0,2026-09-26T10:51:20,DIAGNOSTIC
w54.0_m1.00_r0.940_T130_P270,shares_shift_abs,0.00173984,,,PASS,the largest move of a line's share from the thermal law to the depleted one: the physical shift,6a468472af4bbda8,400000,0,2026-09-26T10:51:20,DIAGNOSTIC
w54.0_m1.00_r0.940_T130_P270,cycles_on_axis,0.185361,,,PASS,excitation cycles on the central chord at the mean transverse speed,6a468472af4bbda8,400000,0,2026-09-26T10:51:20,DIAGNOSTIC
w54.0_m1.00_r0.940_T130_P270,cycles_mean_over_chords,0.0280334,,,PASS,the flux-weighted mean over every chord,6a468472af4bbda8,400000,0,2026-09-26T10:51:20,DIAGNOSTIC
w54.0_m1.00_r0.940_T130_P75,transit_fwhm_rel,1.12307,1.12385,,PASS,the Monte Carlo against the form the fit uses at this node,6a468472af4bbda8,400000,0,2026-09-26T10:52:09,DIAGNOSTIC
w54.0_m1.00_r0.940_T130_P75,transit_shape_rel,1.00031,1,,PASS,the Monte Carlo against the form the fit uses at this node,6a468472af4bbda8,400000,0,2026-09-26T10:52:09,DIAGNOSTIC
w54.0_m1.00_r0.940_T130_P75,ramp_mu2_rel,0.051962,0.0519092,,PASS,the Monte Carlo against the form the fit uses at this node,6a468472af4bbda8,400000,0,2026-09-26T10:52:09,DIAGNOSTIC
w54.0_m1.00_r0.940_T130_P75,ramp_mu3_rel,-0.00680857,-0.00676477,,PASS,the Monte Carlo against the form the fit uses at this node,6a468472af4bbda8,400000,0,2026-09-26T10:52:09,DIAGNOSTIC
w54.0_m1.00_r0.940_T130_P75,amplitude_power_law_abs,1.9871,1.9868,,PASS,the Monte Carlo against the form the fit uses at this node,6a468472af4bbda8,400000,0,2026-09-26T10:52:09,DIAGNOSTIC
w54.0_m1.00_r0.940_T130_P75,shares_abs,4.43219e-05,0,,PASS,the Monte Carlo against the form the fit uses at this node,6a468472af4bbda8,400000,0,2026-09-26T10:52:09,DIAGNOSTIC
w54.0_m1.00_r0.940_T130_P75,joint_shape_abs,0.00329101,0,,PASS,the Monte Carlo against the form the fit uses at this node,6a468472af4bbda8,400000,0,2026-09-26T10:52:09,DIAGNOSTIC
w54.0_m1.00_r0.940_T130_P75,joint_moment_sigma_abs,1.17926,0,,PASS,the Monte Carlo against the form the fit uses at this node,6a468472af4bbda8,400000,0,2026-09-26T10:52:09,DIAGNOSTIC
w54.0_m1.00_r0.940_T130_P75,depleted_line_abs,0.000239686,0,,PASS,the Monte Carlo against the form the fit uses at this node,6a468472af4bbda8,400000,0,2026-09-26T10:52:09,DIAGNOSTIC
w54.0_m1.00_r0.940_T130_P75,depletion_widening_rel_4207,0.000645564,,,PASS,"what a transit fit reads from the surviving kernel after the natural Lorentzian, over the bare one: the factor the fit carries",6a468472af4bbda8,400000,0,2026-09-26T10:52:09,DIAGNOSTIC
w54.0_m1.00_r0.940_T130_P75,depletion_widening_rel_4192,0.000716203,,,PASS,"what a transit fit reads from the surviving kernel after the natural Lorentzian, over the bare one: the factor the fit carries",6a468472af4bbda8,400000,0,2026-09-26T10:52:09,DIAGNOSTIC
w54.0_m1.00_r0.940_T130_P75,depletion_widening_rel_4154,0.00099733,,,PASS,"what a transit fit reads from the surviving kernel after the natural Lorentzian, over the bare one: the factor the fit carries",6a468472af4bbda8,400000,0,2026-09-26T10:52:09,DIAGNOSTIC
w54.0_m1.00_r0.940_T130_P75,depletion_widening_rel_4121,0.00106728,,,PASS,"what a transit fit reads from the surviving kernel after the natural Lorentzian, over the bare one: the factor the fit carries",6a468472af4bbda8,400000,0,2026-09-26T10:52:09,DIAGNOSTIC
w54.0_m1.00_r0.940_T130_P75,depletion_fwhm_rel_4207,0.00952275,,,PASS,"the surviving transit kernel's FWHM over the bare collected kernel's, the core-flattening diagnostic",6a468472af4bbda8,400000,0,2026-09-26T10:52:09,DIAGNOSTIC
w54.0_m1.00_r0.940_T130_P75,depletion_fwhm_rel_4192,0.0103748,,,PASS,"the surviving transit kernel's FWHM over the bare collected kernel's, the core-flattening diagnostic",6a468472af4bbda8,400000,0,2026-09-26T10:52:09,DIAGNOSTIC
w54.0_m1.00_r0.940_T130_P75,depletion_fwhm_rel_4154,0.0136081,,,PASS,"the surviving transit kernel's FWHM over the bare collected kernel's, the core-flattening diagnostic",6a468472af4bbda8,400000,0,2026-09-26T10:52:09,DIAGNOSTIC
w54.0_m1.00_r0.940_T130_P75,depletion_fwhm_rel_4121,0.0143797,,,PASS,"the surviving transit kernel's FWHM over the bare collected kernel's, the core-flattening diagnostic",6a468472af4bbda8,400000,0,2026-09-26T10:52:09,DIAGNOSTIC
w54.0_m1.00_r0.940_T130_P75,shares_shift_abs,0.000154674,,,PASS,the largest move of a line's share from the thermal law to the depleted one: the physical shift,6a468472af4bbda8,400000,0,2026-09-26T10:52:09,DIAGNOSTIC
w54.0_m1.00_r0.940_T130_P75,cycles_on_axis,0.0154186,,,PASS,excitation cycles on the central chord at the mean transverse speed,6a468472af4bbda8,400000,0,2026-09-26T10:52:09,DIAGNOSTIC
w54.0_m1.00_r0.940_T130_P75,cycles_mean_over_chords,0.0022818,,,PASS,the flux-weighted mean over every chord,6a468472af4bbda8,400000,0,2026-09-26T10:52:09,DIAGNOSTIC
w54.0_m1.00_r0.940_T130_P90,transit_fwhm_rel,1.12307,1.12385,,PASS,the Monte Carlo against the form the fit uses at this node,6a468472af4bbda8,400000,0,2026-09-26T10:52:10,DIAGNOSTIC
w54.0_m1.00_r0.940_T130_P90,transit_shape_rel,1.00031,1,,PASS,the Monte Carlo against the form the fit uses at this node,6a468472af4bbda8,400000,0,2026-09-26T10:52:10,DIAGNOSTIC
w54.0_m1.00_r0.940_T130_P90,ramp_mu2_rel,0.0519829,0.0519299,,PASS,the Monte Carlo against the form the fit uses at this node,6a468472af4bbda8,400000,0,2026-09-26T10:52:10,DIAGNOSTIC
w54.0_m1.00_r0.940_T130_P90,ramp_mu3_rel,-0.00679792,-0.00675415,,PASS,the Monte Carlo against the form the fit uses at this node,6a468472af4bbda8,400000,0,2026-09-26T10:52:10,DIAGNOSTIC
w54.0_m1.00_r0.940_T130_P90,amplitude_power_law_abs,1.98152,1.98107,,PASS,the Monte Carlo against the form the fit uses at this node,6a468472af4bbda8,400000,0,2026-09-26T10:52:10,DIAGNOSTIC
w54.0_m1.00_r0.940_T130_P90,shares_abs,6.44135e-05,0,,PASS,the Monte Carlo against the form the fit uses at this node,6a468472af4bbda8,400000,0,2026-09-26T10:52:10,DIAGNOSTIC
w54.0_m1.00_r0.940_T130_P90,joint_shape_abs,0.00336993,0,,PASS,the Monte Carlo against the form the fit uses at this node,6a468472af4bbda8,400000,0,2026-09-26T10:52:10,DIAGNOSTIC
w54.0_m1.00_r0.940_T130_P90,joint_moment_sigma_abs,1.21427,0,,PASS,the Monte Carlo against the form the fit uses at this node,6a468472af4bbda8,400000,0,2026-09-26T10:52:10,DIAGNOSTIC
w54.0_m1.00_r0.940_T130_P90,depleted_line_abs,0.000251723,0,,PASS,the Monte Carlo against the form the fit uses at this node,6a468472af4bbda8,400000,0,2026-09-26T10:52:10,DIAGNOSTIC
w54.0_m1.00_r0.940_T130_P90,depletion_widening_rel_4207,0.00092208,,,PASS,"what a transit fit reads from the surviving kernel after the natural Lorentzian, over the bare one: the factor the fit carries",6a468472af4bbda8,400000,0,2026-09-26T10:52:10,DIAGNOSTIC
w54.0_m1.00_r0.940_T130_P90,depletion_widening_rel_4192,0.0010227,,,PASS,"what a transit fit reads from the surviving kernel after the natural Lorentzian, over the bare one: the factor the fit carries",6a468472af4bbda8,400000,0,2026-09-26T10:52:10,DIAGNOSTIC
w54.0_m1.00_r0.940_T130_P90,depletion_widening_rel_4154,0.00142267,,,PASS,"what a transit fit reads from the surviving kernel after the natural Lorentzian, over the bare one: the factor the fit carries",6a468472af4bbda8,400000,0,2026-09-26T10:52:10,DIAGNOSTIC
w54.0_m1.00_r0.940_T130_P90,depletion_widening_rel_4121,0.00152207,,,PASS,"what a transit fit reads from the surviving kernel after the natural Lorentzian, over the bare one: the factor the fit carries",6a468472af4bbda8,400000,0,2026-09-26T10:52:10,DIAGNOSTIC
w54.0_m1.00_r0.940_T130_P90,depletion_fwhm_rel_4207,0.0127647,,,PASS,"the surviving transit kernel's FWHM over the bare collected kernel's, the core-flattening diagnostic",6a468472af4bbda8,400000,0,2026-09-26T10:52:10,DIAGNOSTIC
w54.0_m1.00_r0.940_T130_P90,depletion_fwhm_rel_4192,0.0138895,,,PASS,"the surviving transit kernel's FWHM over the bare collected kernel's, the core-flattening diagnostic",6a468472af4bbda8,400000,0,2026-09-26T10:52:10,DIAGNOSTIC
w54.0_m1.00_r0.940_T130_P90,depletion_fwhm_rel_4154,0.0181492,,,PASS,"the surviving transit kernel's FWHM over the bare collected kernel's, the core-flattening diagnostic",6a468472af4bbda8,400000,0,2026-09-26T10:52:10,DIAGNOSTIC
w54.0_m1.00_r0.940_T130_P90,depletion_fwhm_rel_4121,0.0191715,,,PASS,"the surviving transit kernel's FWHM over the bare collected kernel's, the core-flattening diagnostic",6a468472af4bbda8,400000,0,2026-09-26T10:52:10,DIAGNOSTIC
w54.0_m1.00_r0.940_T130_P90,shares_shift_abs,0.000221195,,,PASS,the largest move of a line's share from the thermal law to the depleted one: the physical shift,6a468472af4bbda8,400000,0,2026-09-26T10:52:10,DIAGNOSTIC
w54.0_m1.00_r0.940_T130_P90,cycles_on_axis,0.0221385,,,PASS,excitation cycles on the central chord at the mean transverse speed,6a468472af4bbda8,400000,0,2026-09-26T10:52:10,DIAGNOSTIC
w54.0_m1.00_r0.940_T130_P90,cycles_mean_over_chords,0.00327906,,,PASS,the flux-weighted mean over every chord,6a468472af4bbda8,400000,0,2026-09-26T10:52:10,DIAGNOSTIC
w54.0_m1.00_r0.940_T70_P225,transit_fwhm_rel,1.03614,1.03688,,PASS,the Monte Carlo against the form the fit uses at this node,6a468472af4bbda8,400000,0,2026-09-26T10:52:11,DIAGNOSTIC
w54.0_m1.00_r0.940_T70_P225,transit_shape_rel,1.00031,1,,PASS,the Monte Carlo against the form the fit uses at this node,6a468472af4bbda8,400000,0,2026-09-26T10:52:11,DIAGNOSTIC
w54.0_m1.00_r0.940_T70_P225,ramp_mu2_rel,0.0523302,0.0522735,,PASS,the Monte Carlo against the form the fit uses at this node,6a468472af4bbda8,400000,0,2026-09-26T10:52:11,DIAGNOSTIC
w54.0_m1.00_r0.940_T70_P225,ramp_mu3_rel,-0.00661913,-0.0065757,,PASS,the Monte Carlo against the form the fit uses at this node,6a468472af4bbda8,400000,0,2026-09-26T10:52:11,DIAGNOSTIC
w54.0_m1.00_r0.940_T70_P225,amplitude_power_law_abs,1.89052,1.88699,,PASS,the Monte Carlo against the form the fit uses at this node,6a468472af4bbda8,400000,0,2026-09-26T10:52:11,DIAGNOSTIC
w54.0_m1.00_r0.940_T70_P225,shares_abs,0.000471774,0,,PASS,the Monte Carlo against the form the fit uses at this node,6a468472af4bbda8,400000,0,2026-09-26T10:52:11,DIAGNOSTIC
w54.0_m1.00_r0.940_T70_P225,joint_shape_abs,0.00415798,0,,PASS,the Monte Carlo against the form the fit uses at this node,6a468472af4bbda8,400000,0,2026-09-26T10:52:11,DIAGNOSTIC
w54.0_m1.00_r0.940_T70_P225,joint_moment_sigma_abs,1.31293,0,,PASS,the Monte Carlo against the form the fit uses at this node,6a468472af4bbda8,400000,0,2026-09-26T10:52:11,DIAGNOSTIC
w54.0_m1.00_r0.940_T70_P225,depleted_line_abs,0.000391123,0,,PASS,the Monte Carlo against the form the fit uses at this node,6a468472af4bbda8,400000,0,2026-09-26T10:52:11,DIAGNOSTIC
w54.0_m1.00_r0.940_T70_P225,depletion_widening_rel_4207,0.00557177,,,PASS,"what a transit fit reads from the surviving kernel after the natural Lorentzian, over the bare one: the factor the fit carries",6a468472af4bbda8,400000,0,2026-09-26T10:52:11,DIAGNOSTIC
w54.0_m1.00_r0.940_T70_P225,depletion_widening_rel_4192,0.00615735,,,PASS,"what a transit fit reads from the surviving kernel after the natural Lorentzian, over the bare one: the factor the fit carries",6a468472af4bbda8,400000,0,2026-09-26T10:52:11,DIAGNOSTIC
w54.0_m1.00_r0.940_T70_P225,depletion_widening_rel_4154,0.00844926,,,PASS,"what a transit fit reads from the surviving kernel after the natural Lorentzian, over the bare one: the factor the fit carries",6a468472af4bbda8,400000,0,2026-09-26T10:52:11,DIAGNOSTIC
w54.0_m1.00_r0.940_T70_P225,depletion_widening_rel_4121,0.00901056,,,PASS,"what a transit fit reads from the surviving kernel after the natural Lorentzian, over the bare one: the factor the fit carries",6a468472af4bbda8,400000,0,2026-09-26T10:52:11,DIAGNOSTIC
w54.0_m1.00_r0.940_T70_P225,depletion_fwhm_rel_4207,0.0539258,,,PASS,"the surviving transit kernel's FWHM over the bare collected kernel's, the core-flattening diagnostic",6a468472af4bbda8,400000,0,2026-09-26T10:52:11,DIAGNOSTIC
w54.0_m1.00_r0.940_T70_P225,depletion_fwhm_rel_4192,0.0582192,,,PASS,"the surviving transit kernel's FWHM over the bare collected kernel's, the core-flattening diagnostic",6a468472af4bbda8,400000,0,2026-09-26T10:52:11,DIAGNOSTIC
w54.0_m1.00_r0.940_T70_P225,depletion_fwhm_rel_4154,0.0740071,,,PASS,"the surviving transit kernel's FWHM over the bare collected kernel's, the core-flattening diagnostic",6a468472af4bbda8,400000,0,2026-09-26T10:52:11,DIAGNOSTIC
w54.0_m1.00_r0.940_T70_P225,depletion_fwhm_rel_4121,0.077676,,,PASS,"the surviving transit kernel's FWHM over the bare collected kernel's, the core-flattening diagnostic",6a468472af4bbda8,400000,0,2026-09-26T10:52:11,DIAGNOSTIC
w54.0_m1.00_r0.940_T70_P225,shares_shift_abs,0.00135857,,,PASS,the largest move of a line's share from the thermal law to the depleted one: the physical shift,6a468472af4bbda8,400000,0,2026-09-26T10:52:11,DIAGNOSTIC
w54.0_m1.00_r0.940_T70_P225,cycles_on_axis,0.142923,,,PASS,excitation cycles on the central chord at the mean transverse speed,6a468472af4bbda8,400000,0,2026-09-26T10:52:11,DIAGNOSTIC
w54.0_m1.00_r0.940_T70_P225,cycles_mean_over_chords,0.0214666,,,PASS,the flux-weighted mean over every chord,6a468472af4bbda8,400000,0,2026-09-26T10:52:11,DIAGNOSTIC
w54.0_m1.00_r0.940_T90_P225,transit_fwhm_rel,1.0659,1.06667,,PASS,the Monte Carlo against the form the fit uses at this node,6a468472af4bbda8,400000,0,2026-09-26T10:53:00,DIAGNOSTIC
w54.0_m1.00_r0.940_T90_P225,transit_shape_rel,1.00031,1,,PASS,the Monte Carlo against the form the fit uses at this node,6a468472af4bbda8,400000,0,2026-09-26T10:53:00,DIAGNOSTIC
w54.0_m1.00_r0.940_T90_P225,ramp_mu2_rel,0.0523302,0.0522735,,PASS,the Monte Carlo against the form the fit uses at this node,6a468472af4bbda8,400000,0,2026-09-26T10:53:00,DIAGNOSTIC
w54.0_m1.00_r0.940_T90_P225,ramp_mu3_rel,-0.00661913,-0.0065757,,PASS,the Monte Carlo against the form the fit uses at this node,6a468472af4bbda8,400000,0,2026-09-26T10:53:00,DIAGNOSTIC
w54.0_m1.00_r0.940_T90_P225,amplitude_power_law_abs,1.89138,1.88793,,PASS,the Monte Carlo against the form the fit uses at this node,6a468472af4bbda8,400000,0,2026-09-26T10:53:00,DIAGNOSTIC
w54.0_m1.00_r0.940_T90_P225,shares_abs,0.000457089,0,,PASS,the Monte Carlo against the form the fit uses at this node,6a468472af4bbda8,400000,0,2026-09-26T10:53:00,DIAGNOSTIC
w54.0_m1.00_r0.940_T90_P225,joint_shape_abs,0.00418059,0,,PASS,the Monte Carlo against the form the fit uses at this node,6a468472af4bbda8,400000,0,2026-09-26T10:53:00,DIAGNOSTIC
w54.0_m1.00_r0.940_T90_P225,joint_moment_sigma_abs,1.3585,0,,PASS,the Monte Carlo against the form the fit uses at this node,6a468472af4bbda8,400000,0,2026-09-26T10:53:00,DIAGNOSTIC
w54.0_m1.00_r0.940_T90_P225,depleted_line_abs,0.000404781,0,,PASS,the Monte Carlo against the form the fit uses at this node,6a468472af4bbda8,400000,0,2026-09-26T10:53:00,DIAGNOSTIC
w54.0_m1.00_r0.940_T90_P225,depletion_widening_rel_4207,0.0054539,,,PASS,"what a transit fit reads from the surviving kernel after the natural Lorentzian, over the bare one: the factor the fit carries",6a468472af4bbda8,400000,0,2026-09-26T10:53:00,DIAGNOSTIC
w54.0_m1.00_r0.940_T90_P225,depletion_widening_rel_4192,0.00602762,,,PASS,"what a transit fit reads from the surviving kernel after the natural Lorentzian, over the bare one: the factor the fit carries",6a468472af4bbda8,400000,0,2026-09-26T10:53:00,DIAGNOSTIC
w54.0_m1.00_r0.940_T90_P225,depletion_widening_rel_4154,0.00827387,,,PASS,"what a transit fit reads from the surviving kernel after the natural Lorentzian, over the bare one: the factor the fit carries",6a468472af4bbda8,400000,0,2026-09-26T10:53:00,DIAGNOSTIC
w54.0_m1.00_r0.940_T90_P225,depletion_widening_rel_4121,0.00882418,,,PASS,"what a transit fit reads from the surviving kernel after the natural Lorentzian, over the bare one: the factor the fit carries",6a468472af4bbda8,400000,0,2026-09-26T10:53:00,DIAGNOSTIC
w54.0_m1.00_r0.940_T90_P225,depletion_fwhm_rel_4207,0.0528191,,,PASS,"the surviving transit kernel's FWHM over the bare collected kernel's, the core-flattening diagnostic",6a468472af4bbda8,400000,0,2026-09-26T10:53:00,DIAGNOSTIC
w54.0_m1.00_r0.940_T90_P225,depletion_fwhm_rel_4192,0.0570372,,,PASS,"the surviving transit kernel's FWHM over the bare collected kernel's, the core-flattening diagnostic",6a468472af4bbda8,400000,0,2026-09-26T10:53:00,DIAGNOSTIC
w54.0_m1.00_r0.940_T90_P225,depletion_fwhm_rel_4154,0.0725431,,,PASS,"the surviving transit kernel's FWHM over the bare collected kernel's, the core-flattening diagnostic",6a468472af4bbda8,400000,0,2026-09-26T10:53:00,DIAGNOSTIC
w54.0_m1.00_r0.940_T90_P225,depletion_fwhm_rel_4121,0.0761521,,,PASS,"the surviving transit kernel's FWHM over the bare collected kernel's, the core-flattening diagnostic",6a468472af4bbda8,400000,0,2026-09-26T10:53:00,DIAGNOSTIC
w54.0_m1.00_r0.940_T90_P225,shares_shift_abs,0.00132258,,,PASS,the largest move of a line's share from the thermal law to the depleted one: the physical shift,6a468472af4bbda8,400000,0,2026-09-26T10:53:00,DIAGNOSTIC
w54.0_m1.00_r0.940_T90_P225,cycles_on_axis,0.138931,,,PASS,excitation cycles on the central chord at the mean transverse speed,6a468472af4bbda8,400000,0,2026-09-26T10:53:00,DIAGNOSTIC
w54.0_m1.00_r0.940_T90_P225,cycles_mean_over_chords,0.0208671,,,PASS,the flux-weighted mean over every chord,6a468472af4bbda8,400000,0,2026-09-26T10:53:00,DIAGNOSTIC
w56.0_m1.00_r0.940_T110_P225,transit_fwhm_rel,1.056,1.05688,,PASS,the Monte Carlo against the form the fit uses at this node,6a468472af4bbda8,400000,0,2026-09-26T10:53:01,DIAGNOSTIC
w56.0_m1.00_r0.940_T110_P225,transit_shape_rel,1.00031,1,,PASS,the Monte Carlo against the form the fit uses at this node,6a468472af4bbda8,400000,0,2026-09-26T10:53:01,DIAGNOSTIC
w56.0_m1.00_r0.940_T110_P225,ramp_mu2_rel,0.0526449,0.0525887,,PASS,the Monte Carlo against the form the fit uses at this node,6a468472af4bbda8,400000,0,2026-09-26T10:53:01,DIAGNOSTIC
w56.0_m1.00_r0.940_T110_P225,ramp_mu3_rel,-0.00668656,-0.00664248,,PASS,the Monte Carlo against the form the fit uses at this node,6a468472af4bbda8,400000,0,2026-09-26T10:53:01,DIAGNOSTIC
w56.0_m1.00_r0.940_T110_P225,amplitude_power_law_abs,1.90477,1.90176,,PASS,the Monte Carlo against the form the fit uses at this node,6a468472af4bbda8,400000,0,2026-09-26T10:53:01,DIAGNOSTIC
w56.0_m1.00_r0.940_T110_P225,shares_abs,0.000399054,0,,PASS,the Monte Carlo against the form the fit uses at this node,6a468472af4bbda8,400000,0,2026-09-26T10:53:01,DIAGNOSTIC
w56.0_m1.00_r0.940_T110_P225,joint_shape_abs,0.00407977,0,,PASS,the Monte Carlo against the form the fit uses at this node,6a468472af4bbda8,400000,0,2026-09-26T10:53:01,DIAGNOSTIC
w56.0_m1.00_r0.940_T110_P225,joint_moment_sigma_abs,1.44411,0,,PASS,the Monte Carlo against the form the fit uses at this node,6a468472af4bbda8,400000,0,2026-09-26T10:53:01,DIAGNOSTIC
w56.0_m1.00_r0.940_T110_P225,depleted_line_abs,0.000373346,0,,PASS,the Monte Carlo against the form the fit uses at this node,6a468472af4bbda8,400000,0,2026-09-26T10:53:01,DIAGNOSTIC
w56.0_m1.00_r0.940_T110_P225,depletion_widening_rel_4207,0.00480583,,,PASS,"what a transit fit reads from the surviving kernel after the natural Lorentzian, over the bare one: the factor the fit carries",6a468472af4bbda8,400000,0,2026-09-26T10:53:01,DIAGNOSTIC
w56.0_m1.00_r0.940_T110_P225,depletion_widening_rel_4192,0.0053137,,,PASS,"what a transit fit reads from the surviving kernel after the natural Lorentzian, over the bare one: the factor the fit carries",6a468472af4bbda8,400000,0,2026-09-26T10:53:01,DIAGNOSTIC
w56.0_m1.00_r0.940_T110_P225,depletion_widening_rel_4154,0.00730563,,,PASS,"what a transit fit reads from the surviving kernel after the natural Lorentzian, over the bare one: the factor the fit carries",6a468472af4bbda8,400000,0,2026-09-26T10:53:01,DIAGNOSTIC
w56.0_m1.00_r0.940_T110_P225,depletion_widening_rel_4121,0.00779444,,,PASS,"what a transit fit reads from the surviving kernel after the natural Lorentzian, over the bare one: the factor the fit carries",6a468472af4bbda8,400000,0,2026-09-26T10:53:01,DIAGNOSTIC
w56.0_m1.00_r0.940_T110_P225,depletion_fwhm_rel_4207,0.0479833,,,PASS,"the surviving transit kernel's FWHM over the bare collected kernel's, the core-flattening diagnostic",6a468472af4bbda8,400000,0,2026-09-26T10:53:01,DIAGNOSTIC
w56.0_m1.00_r0.940_T110_P225,depletion_fwhm_rel_4192,0.0518334,,,PASS,"the surviving transit kernel's FWHM over the bare collected kernel's, the core-flattening diagnostic",6a468472af4bbda8,400000,0,2026-09-26T10:53:01,DIAGNOSTIC
w56.0_m1.00_r0.940_T110_P225,depletion_fwhm_rel_4154,0.0660952,,,PASS,"the surviving transit kernel's FWHM over the bare collected kernel's, the core-flattening diagnostic",6a468472af4bbda8,400000,0,2026-09-26T10:53:01,DIAGNOSTIC
w56.0_m1.00_r0.940_T110_P225,depletion_fwhm_rel_4121,0.0694194,,,PASS,"the surviving transit kernel's FWHM over the bare collected kernel's, the core-flattening diagnostic",6a468472af4bbda8,400000,0,2026-09-26T10:53:01,DIAGNOSTIC
w56.0_m1.00_r0.940_T110_P225,shares_shift_abs,0.00116785,,,PASS,the largest move of a line's share from the thermal law to the depleted one: the physical shift,6a468472af4bbda8,400000,0,2026-09-26T10:53:01,DIAGNOSTIC
w56.0_m1.00_r0.940_T110_P225,cycles_on_axis,0.122197,,,PASS,excitation cycles on the central chord at the mean transverse speed,6a468472af4bbda8,400000,0,2026-09-26T10:53:01,DIAGNOSTIC
w56.0_m1.00_r0.940_T110_P225,cycles_mean_over_chords,0.0183137,,,PASS,the flux-weighted mean over every chord,6a468472af4bbda8,400000,0,2026-09-26T10:53:01,DIAGNOSTIC
w56.0_m1.00_r0.940_T130_P125,transit_fwhm_rel,1.08321,1.0841,,PASS,the Monte Carlo against the form the fit uses at this node,6a468472af4bbda8,400000,0,2026-09-26T10:53:02,DIAGNOSTIC
w56.0_m1.00_r0.940_T130_P125,transit_shape_rel,1.00031,1,,PASS,the Monte Carlo against the form the fit uses at this node,6a468472af4bbda8,400000,0,2026-09-26T10:53:02,DIAGNOSTIC
w56.0_m1.00_r0.940_T130_P125,ramp_mu2_rel,0.0523967,0.0523433,,PASS,the Monte Carlo against the form the fit uses at this node,6a468472af4bbda8,400000,0,2026-09-26T10:53:02,DIAGNOSTIC
w56.0_m1.00_r0.940_T130_P125,ramp_mu3_rel,-0.00681657,-0.00677224,,PASS,the Monte Carlo against the form the fit uses at this node,6a468472af4bbda8,400000,0,2026-09-26T10:53:02,DIAGNOSTIC
w56.0_m1.00_r0.940_T130_P125,amplitude_power_law_abs,1.96918,1.96837,,PASS,the Monte Carlo against the form the fit uses at this node,6a468472af4bbda8,400000,0,2026-09-26T10:53:02,DIAGNOSTIC
w56.0_m1.00_r0.940_T130_P125,shares_abs,0.00011409,0,,PASS,the Monte Carlo against the form the fit uses at this node,6a468472af4bbda8,400000,0,2026-09-26T10:53:02,DIAGNOSTIC
w56.0_m1.00_r0.940_T130_P125,joint_shape_abs,0.00356645,0,,PASS,the Monte Carlo against the form the fit uses at this node,6a468472af4bbda8,400000,0,2026-09-26T10:53:02,DIAGNOSTIC
w56.0_m1.00_r0.940_T130_P125,joint_moment_sigma_abs,1.26995,0,,PASS,the Monte Carlo against the form the fit uses at this node,6a468472af4bbda8,400000,0,2026-09-26T10:53:02,DIAGNOSTIC
w56.0_m1.00_r0.940_T130_P125,depleted_line_abs,0.000263595,0,,PASS,the Monte Carlo against the form the fit uses at this node,6a468472af4bbda8,400000,0,2026-09-26T10:53:02,DIAGNOSTIC
w56.0_m1.00_r0.940_T130_P125,depletion_widening_rel_4207,0.0015557,,,PASS,"what a transit fit reads from the surviving kernel after the natural Lorentzian, over the bare one: the factor the fit carries",6a468472af4bbda8,400000,0,2026-09-26T10:53:02,DIAGNOSTIC
w56.0_m1.00_r0.940_T130_P125,depletion_widening_rel_4192,0.00172447,,,PASS,"what a transit fit reads from the surviving kernel after the natural Lorentzian, over the bare one: the factor the fit carries",6a468472af4bbda8,400000,0,2026-09-26T10:53:02,DIAGNOSTIC
w56.0_m1.00_r0.940_T130_P125,depletion_widening_rel_4154,0.00239352,,,PASS,"what a transit fit reads from the surviving kernel after the natural Lorentzian, over the bare one: the factor the fit carries",6a468472af4bbda8,400000,0,2026-09-26T10:53:02,DIAGNOSTIC
w56.0_m1.00_r0.940_T130_P125,depletion_widening_rel_4121,0.00255937,,,PASS,"what a transit fit reads from the surviving kernel after the natural Lorentzian, over the bare one: the factor the fit carries",6a468472af4bbda8,400000,0,2026-09-26T10:53:02,DIAGNOSTIC
w56.0_m1.00_r0.940_T130_P125,depletion_fwhm_rel_4207,0.0196263,,,PASS,"the surviving transit kernel's FWHM over the bare collected kernel's, the core-flattening diagnostic",6a468472af4bbda8,400000,0,2026-09-26T10:53:02,DIAGNOSTIC
w56.0_m1.00_r0.940_T130_P125,depletion_fwhm_rel_4192,0.021327,,,PASS,"the surviving transit kernel's FWHM over the bare collected kernel's, the core-flattening diagnostic",6a468472af4bbda8,400000,0,2026-09-26T10:53:02,DIAGNOSTIC
w56.0_m1.00_r0.940_T130_P125,depletion_fwhm_rel_4154,0.0277078,,,PASS,"the surviving transit kernel's FWHM over the bare collected kernel's, the core-flattening diagnostic",6a468472af4bbda8,400000,0,2026-09-26T10:53:02,DIAGNOSTIC
w56.0_m1.00_r0.940_T130_P125,depletion_fwhm_rel_4121,0.0292147,,,PASS,"the surviving transit kernel's FWHM over the bare collected kernel's, the core-flattening diagnostic",6a468472af4bbda8,400000,0,2026-09-26T10:53:02,DIAGNOSTIC
w56.0_m1.00_r0.940_T130_P125,shares_shift_abs,0.000376332,,,PASS,the largest move of a line's share from the thermal law to the depleted one: the physical shift,6a468472af4bbda8,400000,0,2026-09-26T10:53:02,DIAGNOSTIC
w56.0_m1.00_r0.940_T130_P125,cycles_on_axis,0.0380509,,,PASS,excitation cycles on the central chord at the mean transverse speed,6a468472af4bbda8,400000,0,2026-09-26T10:53:02,DIAGNOSTIC
w56.0_m1.00_r0.940_T130_P125,cycles_mean_over_chords,0.0056463,,,PASS,the flux-weighted mean over every chord,6a468472af4bbda8,400000,0,2026-09-26T10:53:02,DIAGNOSTIC
w56.0_m1.00_r0.940_T130_P175,transit_fwhm_rel,1.08321,1.0841,,PASS,the Monte Carlo against the form the fit uses at this node,6a468472af4bbda8,400000,0,2026-09-26T10:53:51,DIAGNOSTIC
w56.0_m1.00_r0.940_T130_P175,transit_shape_rel,1.00031,1,,PASS,the Monte Carlo against the form the fit uses at this node,6a468472af4bbda8,400000,0,2026-09-26T10:53:51,DIAGNOSTIC
w56.0_m1.00_r0.940_T130_P175,ramp_mu2_rel,0.0525045,0.0524499,,PASS,the Monte Carlo against the form the fit uses at this node,6a468472af4bbda8,400000,0,2026-09-26T10:53:51,DIAGNOSTIC
w56.0_m1.00_r0.940_T130_P175,ramp_mu3_rel,-0.00676037,-0.00671615,,PASS,the Monte Carlo against the form the fit uses at this node,6a468472af4bbda8,400000,0,2026-09-26T10:53:51,DIAGNOSTIC
w56.0_m1.00_r0.940_T130_P175,amplitude_power_law_abs,1.94103,1.93933,,PASS,the Monte Carlo against the form the fit uses at this node,6a468472af4bbda8,400000,0,2026-09-26T10:53:51,DIAGNOSTIC
w56.0_m1.00_r0.940_T130_P175,shares_abs,0.000229738,0,,PASS,the Monte Carlo against the form the fit uses at this node,6a468472af4bbda8,400000,0,2026-09-26T10:53:51,DIAGNOSTIC
w56.0_m1.00_r0.940_T130_P175,joint_shape_abs,0.00382797,0,,PASS,the Monte Carlo against the form the fit uses at this node,6a468472af4bbda8,400000,0,2026-09-26T10:53:51,DIAGNOSTIC
w56.0_m1.00_r0.940_T130_P175,joint_moment_sigma_abs,1.4591,0,,PASS,the Monte Carlo against the form the fit uses at this node,6a468472af4bbda8,400000,0,2026-09-26T10:53:51,DIAGNOSTIC
w56.0_m1.00_r0.940_T130_P175,depleted_line_abs,0.000318248,0,,PASS,the Monte Carlo against the form the fit uses at this node,6a468472af4bbda8,400000,0,2026-09-26T10:53:51,DIAGNOSTIC
w56.0_m1.00_r0.940_T130_P175,depletion_widening_rel_4207,0.00295607,,,PASS,"what a transit fit reads from the surviving kernel after the natural Lorentzian, over the bare one: the factor the fit carries",6a468472af4bbda8,400000,0,2026-09-26T10:53:51,DIAGNOSTIC
w56.0_m1.00_r0.940_T130_P175,depletion_widening_rel_4192,0.00327293,,,PASS,"what a transit fit reads from the surviving kernel after the natural Lorentzian, over the bare one: the factor the fit carries",6a468472af4bbda8,400000,0,2026-09-26T10:53:51,DIAGNOSTIC
w56.0_m1.00_r0.940_T130_P175,depletion_widening_rel_4154,0.00452274,,,PASS,"what a transit fit reads from the surviving kernel after the natural Lorentzian, over the bare one: the factor the fit carries",6a468472af4bbda8,400000,0,2026-09-26T10:53:51,DIAGNOSTIC
w56.0_m1.00_r0.940_T130_P175,depletion_widening_rel_4121,0.00483108,,,PASS,"what a transit fit reads from the surviving kernel after the natural Lorentzian, over the bare one: the factor the fit carries",6a468472af4bbda8,400000,0,2026-09-26T10:53:51,DIAGNOSTIC
w56.0_m1.00_r0.940_T130_P175,depletion_fwhm_rel_4207,0.032721,,,PASS,"the surviving transit kernel's FWHM over the bare collected kernel's, the core-flattening diagnostic",6a468472af4bbda8,400000,0,2026-09-26T10:53:51,DIAGNOSTIC
w56.0_m1.00_r0.940_T130_P175,depletion_fwhm_rel_4192,0.035444,,,PASS,"the surviving transit kernel's FWHM over the bare collected kernel's, the core-flattening diagnostic",6a468472af4bbda8,400000,0,2026-09-26T10:53:51,DIAGNOSTIC
w56.0_m1.00_r0.940_T130_P175,depletion_fwhm_rel_4154,0.0456107,,,PASS,"the surviving transit kernel's FWHM over the bare collected kernel's, the core-flattening diagnostic",6a468472af4bbda8,400000,0,2026-09-26T10:53:51,DIAGNOSTIC
w56.0_m1.00_r0.940_T130_P175,depletion_fwhm_rel_4121,0.0479876,,,PASS,"the surviving transit kernel's FWHM over the bare collected kernel's, the core-flattening diagnostic",6a468472af4bbda8,400000,0,2026-09-26T10:53:51,DIAGNOSTIC
w56.0_m1.00_r0.940_T130_P175,shares_shift_abs,0.000715246,,,PASS,the largest move of a line's share from the thermal law to the depleted one: the physical shift,6a468472af4bbda8,400000,0,2026-09-26T10:53:51,DIAGNOSTIC
w56.0_m1.00_r0.940_T130_P175,cycles_on_axis,0.0734774,,,PASS,excitation cycles on the central chord at the mean transverse speed,6a468472af4bbda8,400000,0,2026-09-26T10:53:51,DIAGNOSTIC
w56.0_m1.00_r0.940_T130_P175,cycles_mean_over_chords,0.0109505,,,PASS,the flux-weighted mean over every chord,6a468472af4bbda8,400000,0,2026-09-26T10:53:51,DIAGNOSTIC
w56.0_m1.00_r0.940_T130_P180,transit_fwhm_rel,1.08321,1.08411,,PASS,the Monte Carlo against the form the fit uses at this node,6a468472af4bbda8,400000,0,2026-09-26T10:53:52,DIAGNOSTIC
w56.0_m1.00_r0.940_T130_P180,transit_shape_rel,1.00031,1,,PASS,the Monte Carlo against the form the fit uses at this node,6a468472af4bbda8,400000,0,2026-09-26T10:53:52,DIAGNOSTIC
w56.0_m1.00_r0.940_T130_P180,ramp_mu2_rel,0.0525171,0.0524624,,PASS,the Monte Carlo against the form the fit uses at this node,6a468472af4bbda8,400000,0,2026-09-26T10:53:52,DIAGNOSTIC
w56.0_m1.00_r0.940_T130_P180,ramp_mu3_rel,-0.00675377,-0.00670956,,PASS,the Monte Carlo against the form the fit uses at this node,6a468472af4bbda8,400000,0,2026-09-26T10:53:52,DIAGNOSTIC
w56.0_m1.00_r0.940_T130_P180,amplitude_power_law_abs,1.93779,1.93598,,PASS,the Monte Carlo against the form the fit uses at this node,6a468472af4bbda8,400000,0,2026-09-26T10:53:52,DIAGNOSTIC
w56.0_m1.00_r0.940_T130_P180,shares_abs,0.000243643,0,,PASS,the Monte Carlo against the form the fit uses at this node,6a468472af4bbda8,400000,0,2026-09-26T10:53:52,DIAGNOSTIC
w56.0_m1.00_r0.940_T130_P180,joint_shape_abs,0.00385497,0,,PASS,the Monte Carlo against the form the fit uses at this node,6a468472af4bbda8,400000,0,2026-09-26T10:53:52,DIAGNOSTIC
w56.0_m1.00_r0.940_T130_P180,joint_moment_sigma_abs,1.50187,0,,PASS,the Monte Carlo against the form the fit uses at this node,6a468472af4bbda8,400000,0,2026-09-26T10:53:52,DIAGNOSTIC
w56.0_m1.00_r0.940_T130_P180,depleted_line_abs,0.000324421,0,,PASS,the Monte Carlo against the form the fit uses at this node,6a468472af4bbda8,400000,0,2026-09-26T10:53:52,DIAGNOSTIC
w56.0_m1.00_r0.940_T130_P180,depletion_widening_rel_4207,0.00311685,,,PASS,"what a transit fit reads from the surviving kernel after the natural Lorentzian, over the bare one: the factor the fit carries",6a468472af4bbda8,400000,0,2026-09-26T10:53:52,DIAGNOSTIC
w56.0_m1.00_r0.940_T130_P180,depletion_widening_rel_4192,0.00345051,,,PASS,"what a transit fit reads from the surviving kernel after the natural Lorentzian, over the bare one: the factor the fit carries",6a468472af4bbda8,400000,0,2026-09-26T10:53:52,DIAGNOSTIC
w56.0_m1.00_r0.940_T130_P180,depletion_widening_rel_4154,0.0047659,,,PASS,"what a transit fit reads from the surviving kernel after the natural Lorentzian, over the bare one: the factor the fit carries",6a468472af4bbda8,400000,0,2026-09-26T10:53:52,DIAGNOSTIC
w56.0_m1.00_r0.940_T130_P180,depletion_widening_rel_4121,0.00509025,,,PASS,"what a transit fit reads from the surviving kernel after the natural Lorentzian, over the bare one: the factor the fit carries",6a468472af4bbda8,400000,0,2026-09-26T10:53:52,DIAGNOSTIC
w56.0_m1.00_r0.940_T130_P180,depletion_fwhm_rel_4207,0.0341051,,,PASS,"the surviving transit kernel's FWHM over the bare collected kernel's, the core-flattening diagnostic",6a468472af4bbda8,400000,0,2026-09-26T10:53:52,DIAGNOSTIC
w56.0_m1.00_r0.940_T130_P180,depletion_fwhm_rel_4192,0.0369479,,,PASS,"the surviving transit kernel's FWHM over the bare collected kernel's, the core-flattening diagnostic",6a468472af4bbda8,400000,0,2026-09-26T10:53:52,DIAGNOSTIC
w56.0_m1.00_r0.940_T130_P180,depletion_fwhm_rel_4154,0.0474894,,,PASS,"the surviving transit kernel's FWHM over the bare collected kernel's, the core-flattening diagnostic",6a468472af4bbda8,400000,0,2026-09-26T10:53:52,DIAGNOSTIC
w56.0_m1.00_r0.940_T130_P180,depletion_fwhm_rel_4121,0.0499516,,,PASS,"the surviving transit kernel's FWHM over the bare collected kernel's, the core-flattening diagnostic",6a468472af4bbda8,400000,0,2026-09-26T10:53:52,DIAGNOSTIC
w56.0_m1.00_r0.940_T130_P180,shares_shift_abs,0.000754119,,,PASS,the largest move of a line's share from the thermal law to the depleted one: the physical shift,6a468472af4bbda8,400000,0,2026-09-26T10:53:52,DIAGNOSTIC
w56.0_m1.00_r0.940_T130_P180,cycles_on_axis,0.0776007,,,PASS,excitation cycles on the central chord at the mean transverse speed,6a468472af4bbda8,400000,0,2026-09-26T10:53:52,DIAGNOSTIC
w56.0_m1.00_r0.940_T130_P180,cycles_mean_over_chords,0.0115708,,,PASS,the flux-weighted mean over every chord,6a468472af4bbda8,400000,0,2026-09-26T10:53:52,DIAGNOSTIC
w56.0_m1.00_r0.940_T130_P225,transit_fwhm_rel,1.08321,1.08411,,PASS,the Monte Carlo against the form the fit uses at this node,6a468472af4bbda8,400000,0,2026-09-26T10:53:54,DIAGNOSTIC
w56.0_m1.00_r0.940_T130_P225,transit_shape_rel,1.00031,1,,PASS,the Monte Carlo against the form the fit uses at this node,6a468472af4bbda8,400000,0,2026-09-26T10:53:54,DIAGNOSTIC
w56.0_m1.00_r0.940_T130_P225,ramp_mu2_rel,0.0526449,0.0525887,,PASS,the Monte Carlo against the form the fit uses at this node,6a468472af4bbda8,400000,0,2026-09-26T10:53:54,DIAGNOSTIC
w56.0_m1.00_r0.940_T130_P225,ramp_mu3_rel,-0.00668656,-0.00664248,,PASS,the Monte Carlo against the form the fit uses at this node,6a468472af4bbda8,400000,0,2026-09-26T10:53:54,DIAGNOSTIC
w56.0_m1.00_r0.940_T130_P225,amplitude_power_law_abs,1.90544,1.90249,,PASS,the Monte Carlo against the form the fit uses at this node,6a468472af4bbda8,400000,0,2026-09-26T10:53:54,DIAGNOSTIC
w56.0_m1.00_r0.940_T130_P225,shares_abs,0.000387963,0,,PASS,the Monte Carlo against the form the fit uses at this node,6a468472af4bbda8,400000,0,2026-09-26T10:53:54,DIAGNOSTIC
w56.0_m1.00_r0.940_T130_P225,joint_shape_abs,0.004107,0,,PASS,the Monte Carlo against the form the fit uses at this node,6a468472af4bbda8,400000,0,2026-09-26T10:53:54,DIAGNOSTIC
w56.0_m1.00_r0.940_T130_P225,joint_moment_sigma_abs,1.50029,0,,PASS,the Monte Carlo against the form the fit uses at this node,6a468472af4bbda8,400000,0,2026-09-26T10:53:54,DIAGNOSTIC
w56.0_m1.00_r0.940_T130_P225,depleted_line_abs,0.000384762,0,,PASS,the Monte Carlo against the form the fit uses at this node,6a468472af4bbda8,400000,0,2026-09-26T10:53:54,DIAGNOSTIC
w56.0_m1.00_r0.940_T130_P225,depletion_widening_rel_4207,0.00471398,,,PASS,"what a transit fit reads from the surviving kernel after the natural Lorentzian, over the bare one: the factor the fit carries",6a468472af4bbda8,400000,0,2026-09-26T10:53:54,DIAGNOSTIC
w56.0_m1.00_r0.940_T130_P225,depletion_widening_rel_4192,0.00521251,,,PASS,"what a transit fit reads from the surviving kernel after the natural Lorentzian, over the bare one: the factor the fit carries",6a468472af4bbda8,400000,0,2026-09-26T10:53:54,DIAGNOSTIC
w56.0_m1.00_r0.940_T130_P225,depletion_widening_rel_4154,0.00716837,,,PASS,"what a transit fit reads from the surviving kernel after the natural Lorentzian, over the bare one: the factor the fit carries",6a468472af4bbda8,400000,0,2026-09-26T10:53:54,DIAGNOSTIC
w56.0_m1.00_r0.940_T130_P225,depletion_widening_rel_4121,0.00764846,,,PASS,"what a transit fit reads from the surviving kernel after the natural Lorentzian, over the bare one: the factor the fit carries",6a468472af4bbda8,400000,0,2026-09-26T10:53:54,DIAGNOSTIC
w56.0_m1.00_r0.940_T130_P225,depletion_fwhm_rel_4207,0.0470945,,,PASS,"the surviving transit kernel's FWHM over the bare collected kernel's, the core-flattening diagnostic",6a468472af4bbda8,400000,0,2026-09-26T10:53:54,DIAGNOSTIC
w56.0_m1.00_r0.940_T130_P225,depletion_fwhm_rel_4192,0.0508718,,,PASS,"the surviving transit kernel's FWHM over the bare collected kernel's, the core-flattening diagnostic",6a468472af4bbda8,400000,0,2026-09-26T10:53:54,DIAGNOSTIC
w56.0_m1.00_r0.940_T130_P225,depletion_fwhm_rel_4154,0.0649112,,,PASS,"the surviving transit kernel's FWHM over the bare collected kernel's, the core-flattening diagnostic",6a468472af4bbda8,400000,0,2026-09-26T10:53:54,DIAGNOSTIC
w56.0_m1.00_r0.940_T130_P225,depletion_fwhm_rel_4121,0.0681716,,,PASS,"the surviving transit kernel's FWHM over the bare collected kernel's, the core-flattening diagnostic",6a468472af4bbda8,400000,0,2026-09-26T10:53:54,DIAGNOSTIC
w56.0_m1.00_r0.940_T130_P225,shares_shift_abs,0.00113986,,,PASS,the largest move of a line's share from the thermal law to the depleted one: the physical shift,6a468472af4bbda8,400000,0,2026-09-26T10:53:54,DIAGNOSTIC
w56.0_m1.00_r0.940_T130_P225,cycles_on_axis,0.119127,,,PASS,excitation cycles on the central chord at the mean transverse speed,6a468472af4bbda8,400000,0,2026-09-26T10:53:54,DIAGNOSTIC
w56.0_m1.00_r0.940_T130_P225,cycles_mean_over_chords,0.0178537,,,PASS,the flux-weighted mean over every chord,6a468472af4bbda8,400000,0,2026-09-26T10:53:54,DIAGNOSTIC
w56.0_m1.00_r0.940_T130_P25,transit_fwhm_rel,1.0832,1.08409,,PASS,the Monte Carlo against the form the fit uses at this node,6a468472af4bbda8,400000,0,2026-09-26T10:54:42,DIAGNOSTIC
w56.0_m1.00_r0.940_T130_P25,transit_shape_rel,1.00031,1,,PASS,the Monte Carlo against the form the fit uses at this node,6a468472af4bbda8,400000,0,2026-09-26T10:54:42,DIAGNOSTIC
w56.0_m1.00_r0.940_T130_P25,ramp_mu2_rel,0.0522866,0.0522343,,PASS,the Monte Carlo against the form the fit uses at this node,6a468472af4bbda8,400000,0,2026-09-26T10:54:42,DIAGNOSTIC
w56.0_m1.00_r0.940_T130_P25,ramp_mu3_rel,-0.0068735,-0.00682908,,PASS,the Monte Carlo against the form the fit uses at this node,6a468472af4bbda8,400000,0,2026-09-26T10:54:42,DIAGNOSTIC
w56.0_m1.00_r0.940_T130_P25,amplitude_power_law_abs,1.99873,1.99871,,PASS,the Monte Carlo against the form the fit uses at this node,6a468472af4bbda8,400000,0,2026-09-26T10:54:42,DIAGNOSTIC
w56.0_m1.00_r0.940_T130_P25,shares_abs,4.32545e-06,0,,PASS,the Monte Carlo against the form the fit uses at this node,6a468472af4bbda8,400000,0,2026-09-26T10:54:42,DIAGNOSTIC
w56.0_m1.00_r0.940_T130_P25,joint_shape_abs,0.00311478,0,,PASS,the Monte Carlo against the form the fit uses at this node,6a468472af4bbda8,400000,0,2026-09-26T10:54:42,DIAGNOSTIC
w56.0_m1.00_r0.940_T130_P25,joint_moment_sigma_abs,1.04055,0,,PASS,the Monte Carlo against the form the fit uses at this node,6a468472af4bbda8,400000,0,2026-09-26T10:54:42,DIAGNOSTIC
w56.0_m1.00_r0.940_T130_P25,depleted_line_abs,0.000203209,0,,PASS,the Monte Carlo against the form the fit uses at this node,6a468472af4bbda8,400000,0,2026-09-26T10:54:42,DIAGNOSTIC
w56.0_m1.00_r0.940_T130_P25,depletion_widening_rel_4207,6.56838e-05,,,PASS,"what a transit fit reads from the surviving kernel after the natural Lorentzian, over the bare one: the factor the fit carries",6a468472af4bbda8,400000,0,2026-09-26T10:54:42,DIAGNOSTIC
w56.0_m1.00_r0.940_T130_P25,depletion_widening_rel_4192,7.2911e-05,,,PASS,"what a transit fit reads from the surviving kernel after the natural Lorentzian, over the bare one: the factor the fit carries",6a468472af4bbda8,400000,0,2026-09-26T10:54:42,DIAGNOSTIC
w56.0_m1.00_r0.940_T130_P25,depletion_widening_rel_4154,0.000101756,,,PASS,"what a transit fit reads from the surviving kernel after the natural Lorentzian, over the bare one: the factor the fit carries",6a468472af4bbda8,400000,0,2026-09-26T10:54:42,DIAGNOSTIC
w56.0_m1.00_r0.940_T130_P25,depletion_widening_rel_4121,0.000108953,,,PASS,"what a transit fit reads from the surviving kernel after the natural Lorentzian, over the bare one: the factor the fit carries",6a468472af4bbda8,400000,0,2026-09-26T10:54:42,DIAGNOSTIC
w56.0_m1.00_r0.940_T130_P25,depletion_fwhm_rel_4207,0.00136414,,,PASS,"the surviving transit kernel's FWHM over the bare collected kernel's, the core-flattening diagnostic",6a468472af4bbda8,400000,0,2026-09-26T10:54:42,DIAGNOSTIC
w56.0_m1.00_r0.940_T130_P25,depletion_fwhm_rel_4192,0.0014945,,,PASS,"the surviving transit kernel's FWHM over the bare collected kernel's, the core-flattening diagnostic",6a468472af4bbda8,400000,0,2026-09-26T10:54:42,DIAGNOSTIC
w56.0_m1.00_r0.940_T130_P25,depletion_fwhm_rel_4154,0.00199772,,,PASS,"the surviving transit kernel's FWHM over the bare collected kernel's, the core-flattening diagnostic",6a468472af4bbda8,400000,0,2026-09-26T10:54:42,DIAGNOSTIC
w56.0_m1.00_r0.940_T130_P25,depletion_fwhm_rel_4121,0.00211969,,,PASS,"the surviving transit kernel's FWHM over the bare collected kernel's, the core-flattening diagnostic",6a468472af4bbda8,400000,0,2026-09-26T10:54:42,DIAGNOSTIC
w56.0_m1.00_r0.940_T130_P25,shares_shift_abs,1.56357e-05,,,PASS,the largest move of a line's share from the thermal law to the depleted one: the physical shift,6a468472af4bbda8,400000,0,2026-09-26T10:54:42,DIAGNOSTIC
w56.0_m1.00_r0.940_T130_P25,cycles_on_axis,0.00154533,,,PASS,excitation cycles on the central chord at the mean transverse speed,6a468472af4bbda8,400000,0,2026-09-26T10:54:42,DIAGNOSTIC
w56.0_m1.00_r0.940_T130_P25,cycles_mean_over_chords,0.000228293,,,PASS,the flux-weighted mean over every chord,6a468472af4bbda8,400000,0,2026-09-26T10:54:42,DIAGNOSTIC
w56.0_m1.00_r0.940_T130_P270,transit_fwhm_rel,1.08322,1.08412,,PASS,the Monte Carlo against the form the fit uses at this node,6a468472af4bbda8,400000,0,2026-09-26T10:54:43,DIAGNOSTIC
w56.0_m1.00_r0.940_T130_P270,transit_shape_rel,1.00031,1,,PASS,the Monte Carlo against the form the fit uses at this node,6a468472af4bbda8,400000,0,2026-09-26T10:54:43,DIAGNOSTIC
w56.0_m1.00_r0.940_T130_P270,ramp_mu2_rel,0.0527968,0.0527391,,PASS,the Monte Carlo against the form the fit uses at this node,6a468472af4bbda8,400000,0,2026-09-26T10:54:43,DIAGNOSTIC
w56.0_m1.00_r0.940_T130_P270,ramp_mu3_rel,-0.0066058,-0.00656189,,PASS,the Monte Carlo against the form the fit uses at this node,6a468472af4bbda8,400000,0,2026-09-26T10:54:43,DIAGNOSTIC
w56.0_m1.00_r0.940_T130_P270,amplitude_power_law_abs,1.86813,1.86378,,PASS,the Monte Carlo against the form the fit uses at this node,6a468472af4bbda8,400000,0,2026-09-26T10:54:43,DIAGNOSTIC
w56.0_m1.00_r0.940_T130_P270,shares_abs,0.000566037,0,,PASS,the Monte Carlo against the form the fit uses at this node,6a468472af4bbda8,400000,0,2026-09-26T10:54:43,DIAGNOSTIC
w56.0_m1.00_r0.940_T130_P270,joint_shape_abs,0.00437272,0,,PASS,the Monte Carlo against the form the fit uses at this node,6a468472af4bbda8,400000,0,2026-09-26T10:54:43,DIAGNOSTIC
w56.0_m1.00_r0.940_T130_P270,joint_moment_sigma_abs,1.41976,0,,PASS,the Monte Carlo against the form the fit uses at this node,6a468472af4bbda8,400000,0,2026-09-26T10:54:43,DIAGNOSTIC
w56.0_m1.00_r0.940_T130_P270,depleted_line_abs,0.000452067,0,,PASS,the Monte Carlo against the form the fit uses at this node,6a468472af4bbda8,400000,0,2026-09-26T10:54:43,DIAGNOSTIC
w56.0_m1.00_r0.940_T130_P270,depletion_widening_rel_4207,0.00654705,,,PASS,"what a transit fit reads from the surviving kernel after the natural Lorentzian, over the bare one: the factor the fit carries",6a468472af4bbda8,400000,0,2026-09-26T10:54:43,DIAGNOSTIC
w56.0_m1.00_r0.940_T130_P270,depletion_widening_rel_4192,0.00723065,,,PASS,"what a transit fit reads from the surviving kernel after the natural Lorentzian, over the bare one: the factor the fit carries",6a468472af4bbda8,400000,0,2026-09-26T10:54:43,DIAGNOSTIC
w56.0_m1.00_r0.940_T130_P270,depletion_widening_rel_4154,0.00989956,,,PASS,"what a transit fit reads from the surviving kernel after the natural Lorentzian, over the bare one: the factor the fit carries",6a468472af4bbda8,400000,0,2026-09-26T10:54:43,DIAGNOSTIC
w56.0_m1.00_r0.940_T130_P270,depletion_widening_rel_4121,0.0105517,,,PASS,"what a transit fit reads from the surviving kernel after the natural Lorentzian, over the bare one: the factor the fit carries",6a468472af4bbda8,400000,0,2026-09-26T10:54:43,DIAGNOSTIC
w56.0_m1.00_r0.940_T130_P270,depletion_fwhm_rel_4207,0.0606029,,,PASS,"the surviving transit kernel's FWHM over the bare collected kernel's, the core-flattening diagnostic",6a468472af4bbda8,400000,0,2026-09-26T10:54:43,DIAGNOSTIC
w56.0_m1.00_r0.940_T130_P270,depletion_fwhm_rel_4192,0.0653441,,,PASS,"the surviving transit kernel's FWHM over the bare collected kernel's, the core-flattening diagnostic",6a468472af4bbda8,400000,0,2026-09-26T10:54:43,DIAGNOSTIC
w56.0_m1.00_r0.940_T130_P270,depletion_fwhm_rel_4154,0.0828028,,,PASS,"the surviving transit kernel's FWHM over the bare collected kernel's, the core-flattening diagnostic",6a468472af4bbda8,400000,0,2026-09-26T10:54:43,DIAGNOSTIC
w56.0_m1.00_r0.940_T130_P270,depletion_fwhm_rel_4121,0.0868542,,,PASS,"the surviving transit kernel's FWHM over the bare collected kernel's, the core-flattening diagnostic",6a468472af4bbda8,400000,0,2026-09-26T10:54:43,DIAGNOSTIC
w56.0_m1.00_r0.940_T130_P270,shares_shift_abs,0.00158177,,,PASS,the largest move of a line's share from the thermal law to the depleted one: the physical shift,6a468472af4bbda8,400000,0,2026-09-26T10:54:43,DIAGNOSTIC
w56.0_m1.00_r0.940_T130_P270,cycles_on_axis,0.167968,,,PASS,excitation cycles on the central chord at the mean transverse speed,6a468472af4bbda8,400000,0,2026-09-26T10:54:43,DIAGNOSTIC
w56.0_m1.00_r0.940_T130_P270,cycles_mean_over_chords,0.0253263,,,PASS,the flux-weighted mean over every chord,6a468472af4bbda8,400000,0,2026-09-26T10:54:43,DIAGNOSTIC
w56.0_m1.00_r0.940_T130_P75,transit_fwhm_rel,1.08321,1.0841,,PASS,the Monte Carlo against the form the fit uses at this node,6a468472af4bbda8,400000,0,2026-09-26T10:54:46,DIAGNOSTIC
w56.0_m1.00_r0.940_T130_P75,transit_shape_rel,1.00031,1,,PASS,the Monte Carlo against the form the fit uses at this node,6a468472af4bbda8,400000,0,2026-09-26T10:54:46,DIAGNOSTIC
w56.0_m1.00_r0.940_T130_P75,ramp_mu2_rel,0.0523235,0.0522709,,PASS,the Monte Carlo against the form the fit uses at this node,6a468472af4bbda8,400000,0,2026-09-26T10:54:46,DIAGNOSTIC
w56.0_m1.00_r0.940_T130_P75,ramp_mu3_rel,-0.00685444,-0.00681005,,PASS,the Monte Carlo against the form the fit uses at this node,6a468472af4bbda8,400000,0,2026-09-26T10:54:46,DIAGNOSTIC
w56.0_m1.00_r0.940_T130_P75,amplitude_power_law_abs,1.98872,1.98844,,PASS,the Monte Carlo against the form the fit uses at this node,6a468472af4bbda8,400000,0,2026-09-26T10:54:46,DIAGNOSTIC
w56.0_m1.00_r0.940_T130_P75,shares_abs,3.98884e-05,0,,PASS,the Monte Carlo against the form the fit uses at this node,6a468472af4bbda8,400000,0,2026-09-26T10:54:46,DIAGNOSTIC
w56.0_m1.00_r0.940_T130_P75,joint_shape_abs,0.00333196,0,,PASS,the Monte Carlo against the form the fit uses at this node,6a468472af4bbda8,400000,0,2026-09-26T10:54:46,DIAGNOSTIC
w56.0_m1.00_r0.940_T130_P75,joint_moment_sigma_abs,1.14868,0,,PASS,the Monte Carlo against the form the fit uses at this node,6a468472af4bbda8,400000,0,2026-09-26T10:54:46,DIAGNOSTIC
w56.0_m1.00_r0.940_T130_P75,depleted_line_abs,0.000224195,0,,PASS,the Monte Carlo against the form the fit uses at this node,6a468472af4bbda8,400000,0,2026-09-26T10:54:46,DIAGNOSTIC
w56.0_m1.00_r0.940_T130_P75,depletion_widening_rel_4207,0.00057501,,,PASS,"what a transit fit reads from the surviving kernel after the natural Lorentzian, over the bare one: the factor the fit carries",6a468472af4bbda8,400000,0,2026-09-26T10:54:46,DIAGNOSTIC
w56.0_m1.00_r0.940_T130_P75,depletion_widening_rel_4192,0.000637972,,,PASS,"what a transit fit reads from the surviving kernel after the natural Lorentzian, over the bare one: the factor the fit carries",6a468472af4bbda8,400000,0,2026-09-26T10:54:46,DIAGNOSTIC
w56.0_m1.00_r0.940_T130_P75,depletion_widening_rel_4154,0.000888632,,,PASS,"what a transit fit reads from the surviving kernel after the natural Lorentzian, over the bare one: the factor the fit carries",6a468472af4bbda8,400000,0,2026-09-26T10:54:46,DIAGNOSTIC
w56.0_m1.00_r0.940_T130_P75,depletion_widening_rel_4121,0.000951023,,,PASS,"what a transit fit reads from the surviving kernel after the natural Lorentzian, over the bare one: the factor the fit carries",6a468472af4bbda8,400000,0,2026-09-26T10:54:46,DIAGNOSTIC
w56.0_m1.00_r0.940_T130_P75,depletion_fwhm_rel_4207,0.00870381,,,PASS,"the surviving transit kernel's FWHM over the bare collected kernel's, the core-flattening diagnostic",6a468472af4bbda8,400000,0,2026-09-26T10:54:46,DIAGNOSTIC
w56.0_m1.00_r0.940_T130_P75,depletion_fwhm_rel_4192,0.00948606,,,PASS,"the surviving transit kernel's FWHM over the bare collected kernel's, the core-flattening diagnostic",6a468472af4bbda8,400000,0,2026-09-26T10:54:46,DIAGNOSTIC
w56.0_m1.00_r0.940_T130_P75,depletion_fwhm_rel_4154,0.0124577,,,PASS,"the surviving transit kernel's FWHM over the bare collected kernel's, the core-flattening diagnostic",6a468472af4bbda8,400000,0,2026-09-26T10:54:46,DIAGNOSTIC
w56.0_m1.00_r0.940_T130_P75,depletion_fwhm_rel_4121,0.0131676,,,PASS,"the surviving transit kernel's FWHM over the bare collected kernel's, the core-flattening diagnostic",6a468472af4bbda8,400000,0,2026-09-26T10:54:46,DIAGNOSTIC
w56.0_m1.00_r0.940_T130_P75,shares_shift_abs,0.000138716,,,PASS,the largest move of a line's share from the thermal law to the depleted one: the physical shift,6a468472af4bbda8,400000,0,2026-09-26T10:54:46,DIAGNOSTIC
w56.0_m1.00_r0.940_T130_P75,cycles_on_axis,0.0138373,,,PASS,excitation cycles on the central chord at the mean transverse speed,6a468472af4bbda8,400000,0,2026-09-26T10:54:46,DIAGNOSTIC
w56.0_m1.00_r0.940_T130_P75,cycles_mean_over_chords,0.00204724,,,PASS,the flux-weighted mean over every chord,6a468472af4bbda8,400000,0,2026-09-26T10:54:46,DIAGNOSTIC
w56.0_m1.00_r0.940_T130_P90,transit_fwhm_rel,1.08321,1.0841,,PASS,the Monte Carlo against the form the fit uses at this node,6a468472af4bbda8,400000,0,2026-09-26T10:55:34,DIAGNOSTIC
w56.0_m1.00_r0.940_T130_P90,transit_shape_rel,1.00031,1,,PASS,the Monte Carlo against the form the fit uses at this node,6a468472af4bbda8,400000,0,2026-09-26T10:55:34,DIAGNOSTIC
w56.0_m1.00_r0.940_T130_P90,ramp_mu2_rel,0.0523417,0.0522889,,PASS,the Monte Carlo against the form the fit uses at this node,6a468472af4bbda8,400000,0,2026-09-26T10:55:34,DIAGNOSTIC
w56.0_m1.00_r0.940_T130_P90,ramp_mu3_rel,-0.00684504,-0.00680066,,PASS,the Monte Carlo against the form the fit uses at this node,6a468472af4bbda8,400000,0,2026-09-26T10:55:34,DIAGNOSTIC
w56.0_m1.00_r0.940_T130_P90,amplitude_power_law_abs,1.98382,1.98342,,PASS,the Monte Carlo against the form the fit uses at this node,6a468472af4bbda8,400000,0,2026-09-26T10:55:34,DIAGNOSTIC
w56.0_m1.00_r0.940_T130_P90,shares_abs,5.79405e-05,0,,PASS,the Monte Carlo against the form the fit uses at this node,6a468472af4bbda8,400000,0,2026-09-26T10:55:34,DIAGNOSTIC
w56.0_m1.00_r0.940_T130_P90,joint_shape_abs,0.0034016,0,,PASS,the Monte Carlo against the form the fit uses at this node,6a468472af4bbda8,400000,0,2026-09-26T10:55:34,DIAGNOSTIC
w56.0_m1.00_r0.940_T130_P90,joint_moment_sigma_abs,1.17908,0,,PASS,the Monte Carlo against the form the fit uses at this node,6a468472af4bbda8,400000,0,2026-09-26T10:55:34,DIAGNOSTIC
w56.0_m1.00_r0.940_T130_P90,depleted_line_abs,0.000234216,0,,PASS,the Monte Carlo against the form the fit uses at this node,6a468472af4bbda8,400000,0,2026-09-26T10:55:34,DIAGNOSTIC
w56.0_m1.00_r0.940_T130_P90,depletion_widening_rel_4207,0.000821805,,,PASS,"what a transit fit reads from the surviving kernel after the natural Lorentzian, over the bare one: the factor the fit carries",6a468472af4bbda8,400000,0,2026-09-26T10:55:34,DIAGNOSTIC
w56.0_m1.00_r0.940_T130_P90,depletion_widening_rel_4192,0.000911574,,,PASS,"what a transit fit reads from the surviving kernel after the natural Lorentzian, over the bare one: the factor the fit carries",6a468472af4bbda8,400000,0,2026-09-26T10:55:34,DIAGNOSTIC
w56.0_m1.00_r0.940_T130_P90,depletion_widening_rel_4154,0.00126855,,,PASS,"what a transit fit reads from the surviving kernel after the natural Lorentzian, over the bare one: the factor the fit carries",6a468472af4bbda8,400000,0,2026-09-26T10:55:34,DIAGNOSTIC
w56.0_m1.00_r0.940_T130_P90,depletion_widening_rel_4121,0.0013573,,,PASS,"what a transit fit reads from the surviving kernel after the natural Lorentzian, over the bare one: the factor the fit carries",6a468472af4bbda8,400000,0,2026-09-26T10:55:34,DIAGNOSTIC
w56.0_m1.00_r0.940_T130_P90,depletion_fwhm_rel_4207,0.0116853,,,PASS,"the surviving transit kernel's FWHM over the bare collected kernel's, the core-flattening diagnostic",6a468472af4bbda8,400000,0,2026-09-26T10:55:34,DIAGNOSTIC
w56.0_m1.00_r0.940_T130_P90,depletion_fwhm_rel_4192,0.0127201,,,PASS,"the surviving transit kernel's FWHM over the bare collected kernel's, the core-flattening diagnostic",6a468472af4bbda8,400000,0,2026-09-26T10:55:34,DIAGNOSTIC
w56.0_m1.00_r0.940_T130_P90,depletion_fwhm_rel_4154,0.0166358,,,PASS,"the surviving transit kernel's FWHM over the bare collected kernel's, the core-flattening diagnostic",6a468472af4bbda8,400000,0,2026-09-26T10:55:34,DIAGNOSTIC
w56.0_m1.00_r0.940_T130_P90,depletion_fwhm_rel_4121,0.0175686,,,PASS,"the surviving transit kernel's FWHM over the bare collected kernel's, the core-flattening diagnostic",6a468472af4bbda8,400000,0,2026-09-26T10:55:34,DIAGNOSTIC
w56.0_m1.00_r0.940_T130_P90,shares_shift_abs,0.000198511,,,PASS,the largest move of a line's share from the thermal law to the depleted one: the physical shift,6a468472af4bbda8,400000,0,2026-09-26T10:55:34,DIAGNOSTIC
w56.0_m1.00_r0.940_T130_P90,cycles_on_axis,0.0198757,,,PASS,excitation cycles on the central chord at the mean transverse speed,6a468472af4bbda8,400000,0,2026-09-26T10:55:34,DIAGNOSTIC
w56.0_m1.00_r0.940_T130_P90,cycles_mean_over_chords,0.0029428,,,PASS,the flux-weighted mean over every chord,6a468472af4bbda8,400000,0,2026-09-26T10:55:34,DIAGNOSTIC
w56.0_m1.00_r0.940_T70_P225,transit_fwhm_rel,0.999361,1.00019,,PASS,the Monte Carlo against the form the fit uses at this node,6a468472af4bbda8,400000,0,2026-09-26T10:55:36,DIAGNOSTIC
w56.0_m1.00_r0.940_T70_P225,transit_shape_rel,1.00031,1,,PASS,the Monte Carlo against the form the fit uses at this node,6a468472af4bbda8,400000,0,2026-09-26T10:55:36,DIAGNOSTIC
w56.0_m1.00_r0.940_T70_P225,ramp_mu2_rel,0.0526449,0.0525887,,PASS,the Monte Carlo against the form the fit uses at this node,6a468472af4bbda8,400000,0,2026-09-26T10:55:36,DIAGNOSTIC
w56.0_m1.00_r0.940_T70_P225,ramp_mu3_rel,-0.00668656,-0.00664248,,PASS,the Monte Carlo against the form the fit uses at this node,6a468472af4bbda8,400000,0,2026-09-26T10:55:36,DIAGNOSTIC
w56.0_m1.00_r0.940_T70_P225,amplitude_power_law_abs,1.90327,1.90011,,PASS,the Monte Carlo against the form the fit uses at this node,6a468472af4bbda8,400000,0,2026-09-26T10:55:36,DIAGNOSTIC
w56.0_m1.00_r0.940_T70_P225,shares_abs,0.000424232,0,,PASS,the Monte Carlo against the form the fit uses at this node,6a468472af4bbda8,400000,0,2026-09-26T10:55:36,DIAGNOSTIC
w56.0_m1.00_r0.940_T70_P225,joint_shape_abs,0.00401708,0,,PASS,the Monte Carlo against the form the fit uses at this node,6a468472af4bbda8,400000,0,2026-09-26T10:55:36,DIAGNOSTIC
w56.0_m1.00_r0.940_T70_P225,joint_moment_sigma_abs,1.32562,0,,PASS,the Monte Carlo against the form the fit uses at this node,6a468472af4bbda8,400000,0,2026-09-26T10:55:36,DIAGNOSTIC
w56.0_m1.00_r0.940_T70_P225,depleted_line_abs,0.000348854,0,,PASS,the Monte Carlo against the form the fit uses at this node,6a468472af4bbda8,400000,0,2026-09-26T10:55:36,DIAGNOSTIC
w56.0_m1.00_r0.940_T70_P225,depletion_widening_rel_4207,0.00501111,,,PASS,"what a transit fit reads from the surviving kernel after the natural Lorentzian, over the bare one: the factor the fit carries",6a468472af4bbda8,400000,0,2026-09-26T10:55:36,DIAGNOSTIC
w56.0_m1.00_r0.940_T70_P225,depletion_widening_rel_4192,0.0055398,,,PASS,"what a transit fit reads from the surviving kernel after the natural Lorentzian, over the bare one: the factor the fit carries",6a468472af4bbda8,400000,0,2026-09-26T10:55:36,DIAGNOSTIC
w56.0_m1.00_r0.940_T70_P225,depletion_widening_rel_4154,0.0076121,,,PASS,"what a transit fit reads from the surviving kernel after the natural Lorentzian, over the bare one: the factor the fit carries",6a468472af4bbda8,400000,0,2026-09-26T10:55:36,DIAGNOSTIC
w56.0_m1.00_r0.940_T70_P225,depletion_widening_rel_4121,0.00812033,,,PASS,"what a transit fit reads from the surviving kernel after the natural Lorentzian, over the bare one: the factor the fit carries",6a468472af4bbda8,400000,0,2026-09-26T10:55:36,DIAGNOSTIC
w56.0_m1.00_r0.940_T70_P225,depletion_fwhm_rel_4207,0.04996,,,PASS,"the surviving transit kernel's FWHM over the bare collected kernel's, the core-flattening diagnostic",6a468472af4bbda8,400000,0,2026-09-26T10:55:36,DIAGNOSTIC
w56.0_m1.00_r0.940_T70_P225,depletion_fwhm_rel_4192,0.0539709,,,PASS,"the surviving transit kernel's FWHM over the bare collected kernel's, the core-flattening diagnostic",6a468472af4bbda8,400000,0,2026-09-26T10:55:36,DIAGNOSTIC
w56.0_m1.00_r0.940_T70_P225,depletion_fwhm_rel_4154,0.068737,,,PASS,"the surviving transit kernel's FWHM over the bare collected kernel's, the core-flattening diagnostic",6a468472af4bbda8,400000,0,2026-09-26T10:55:36,DIAGNOSTIC
w56.0_m1.00_r0.940_T70_P225,depletion_fwhm_rel_4121,0.0721887,,,PASS,"the surviving transit kernel's FWHM over the bare collected kernel's, the core-flattening diagnostic",6a468472af4bbda8,400000,0,2026-09-26T10:55:36,DIAGNOSTIC
w56.0_m1.00_r0.940_T70_P225,shares_shift_abs,0.00123078,,,PASS,the largest move of a line's share from the thermal law to the depleted one: the physical shift,6a468472af4bbda8,400000,0,2026-09-26T10:55:36,DIAGNOSTIC
w56.0_m1.00_r0.940_T70_P225,cycles_on_axis,0.129123,,,PASS,excitation cycles on the central chord at the mean transverse speed,6a468472af4bbda8,400000,0,2026-09-26T10:55:36,DIAGNOSTIC
w56.0_m1.00_r0.940_T70_P225,cycles_mean_over_chords,0.0193517,,,PASS,the flux-weighted mean over every chord,6a468472af4bbda8,400000,0,2026-09-26T10:55:36,DIAGNOSTIC
w56.0_m1.00_r0.940_T90_P225,transit_fwhm_rel,1.02807,1.02892,,PASS,the Monte Carlo against the form the fit uses at this node,6a468472af4bbda8,400000,0,2026-09-26T10:55:38,DIAGNOSTIC
w56.0_m1.00_r0.940_T90_P225,transit_shape_rel,1.00031,1,,PASS,the Monte Carlo against the form the fit uses at this node,6a468472af4bbda8,400000,0,2026-09-26T10:55:38,DIAGNOSTIC
w56.0_m1.00_r0.940_T90_P225,ramp_mu2_rel,0.0526449,0.0525887,,PASS,the Monte Carlo against the form the fit uses at this node,6a468472af4bbda8,400000,0,2026-09-26T10:55:38,DIAGNOSTIC
w56.0_m1.00_r0.940_T90_P225,ramp_mu3_rel,-0.00668656,-0.00664248,,PASS,the Monte Carlo against the form the fit uses at this node,6a468472af4bbda8,400000,0,2026-09-26T10:55:38,DIAGNOSTIC
w56.0_m1.00_r0.940_T90_P225,amplitude_power_law_abs,1.90405,1.90097,,PASS,the Monte Carlo against the form the fit uses at this node,6a468472af4bbda8,400000,0,2026-09-26T10:55:38,DIAGNOSTIC
w56.0_m1.00_r0.940_T90_P225,shares_abs,0.000411096,0,,PASS,the Monte Carlo against the form the fit uses at this node,6a468472af4bbda8,400000,0,2026-09-26T10:55:38,DIAGNOSTIC
w56.0_m1.00_r0.940_T90_P225,joint_shape_abs,0.00404985,0,,PASS,the Monte Carlo against the form the fit uses at this node,6a468472af4bbda8,400000,0,2026-09-26T10:55:38,DIAGNOSTIC
w56.0_m1.00_r0.940_T90_P225,joint_moment_sigma_abs,1.38551,0,,PASS,the Monte Carlo against the form the fit uses at this node,6a468472af4bbda8,400000,0,2026-09-26T10:55:38,DIAGNOSTIC
w56.0_m1.00_r0.940_T90_P225,depleted_line_abs,0.000361393,0,,PASS,the Monte Carlo against the form the fit uses at this node,6a468472af4bbda8,400000,0,2026-09-26T10:55:38,DIAGNOSTIC
w56.0_m1.00_r0.940_T90_P225,depletion_widening_rel_4207,0.00490457,,,PASS,"what a transit fit reads from the surviving kernel after the natural Lorentzian, over the bare one: the factor the fit carries",6a468472af4bbda8,400000,0,2026-09-26T10:55:38,DIAGNOSTIC
w56.0_m1.00_r0.940_T90_P225,depletion_widening_rel_4192,0.00542246,,,PASS,"what a transit fit reads from the surviving kernel after the natural Lorentzian, over the bare one: the factor the fit carries",6a468472af4bbda8,400000,0,2026-09-26T10:55:38,DIAGNOSTIC
w56.0_m1.00_r0.940_T90_P225,depletion_widening_rel_4154,0.00745309,,,PASS,"what a transit fit reads from the surviving kernel after the natural Lorentzian, over the bare one: the factor the fit carries",6a468472af4bbda8,400000,0,2026-09-26T10:55:38,DIAGNOSTIC
w56.0_m1.00_r0.940_T90_P225,depletion_widening_rel_4121,0.00795125,,,PASS,"what a transit fit reads from the surviving kernel after the natural Lorentzian, over the bare one: the factor the fit carries",6a468472af4bbda8,400000,0,2026-09-26T10:55:38,DIAGNOSTIC
w56.0_m1.00_r0.940_T90_P225,depletion_fwhm_rel_4207,0.0489357,,,PASS,"the surviving transit kernel's FWHM over the bare collected kernel's, the core-flattening diagnostic",6a468472af4bbda8,400000,0,2026-09-26T10:55:38,DIAGNOSTIC
w56.0_m1.00_r0.940_T90_P225,depletion_fwhm_rel_4192,0.0528634,,,PASS,"the surviving transit kernel's FWHM over the bare collected kernel's, the core-flattening diagnostic",6a468472af4bbda8,400000,0,2026-09-26T10:55:38,DIAGNOSTIC
w56.0_m1.00_r0.940_T90_P225,depletion_fwhm_rel_4154,0.0673625,,,PASS,"the surviving transit kernel's FWHM over the bare collected kernel's, the core-flattening diagnostic",6a468472af4bbda8,400000,0,2026-09-26T10:55:38,DIAGNOSTIC
w56.0_m1.00_r0.940_T90_P225,depletion_fwhm_rel_4121,0.0707546,,,PASS,"the surviving transit kernel's FWHM over the bare collected kernel's, the core-flattening diagnostic",6a468472af4bbda8,400000,0,2026-09-26T10:55:38,DIAGNOSTIC
w56.0_m1.00_r0.940_T90_P225,shares_shift_abs,0.00119805,,,PASS,the largest move of a line's share from the thermal law to the depleted one: the physical shift,6a468472af4bbda8,400000,0,2026-09-26T10:55:38,DIAGNOSTIC
w56.0_m1.00_r0.940_T90_P225,cycles_on_axis,0.125517,,,PASS,excitation cycles on the central chord at the mean transverse speed,6a468472af4bbda8,400000,0,2026-09-26T10:55:38,DIAGNOSTIC
w56.0_m1.00_r0.940_T90_P225,cycles_mean_over_chords,0.0188113,,,PASS,the flux-weighted mean over every chord,6a468472af4bbda8,400000,0,2026-09-26T10:55:38,DIAGNOSTIC
w58.0_m1.00_r0.940_T110_P225,transit_fwhm_rel,1.01923,1.02016,,PASS,the Monte Carlo against the form the fit uses at this node,6a468472af4bbda8,400000,0,2026-09-26T10:56:33,DIAGNOSTIC
w58.0_m1.00_r0.940_T110_P225,transit_shape_rel,1.00031,1,,PASS,the Monte Carlo against the form the fit uses at this node,6a468472af4bbda8,400000,0,2026-09-26T10:56:33,DIAGNOSTIC
w58.0_m1.00_r0.940_T110_P225,ramp_mu2_rel,0.0529515,0.0528963,,PASS,the Monte Carlo against the form the fit uses at this node,6a468472af4bbda8,400000,0,2026-09-26T10:56:33,DIAGNOSTIC
w58.0_m1.00_r0.940_T110_P225,ramp_mu3_rel,-0.00674909,-0.00670449,,PASS,the Monte Carlo against the form the fit uses at this node,6a468472af4bbda8,400000,0,2026-09-26T10:56:33,DIAGNOSTIC
w58.0_m1.00_r0.940_T110_P225,amplitude_power_law_abs,1.91559,1.91292,,PASS,the Monte Carlo against the form the fit uses at this node,6a468472af4bbda8,400000,0,2026-09-26T10:56:33,DIAGNOSTIC
w58.0_m1.00_r0.940_T110_P225,shares_abs,0.000359651,0,,PASS,the Monte Carlo against the form the fit uses at this node,6a468472af4bbda8,400000,0,2026-09-26T10:56:33,DIAGNOSTIC
w58.0_m1.00_r0.940_T110_P225,joint_shape_abs,0.00391768,0,,PASS,the Monte Carlo against the form the fit uses at this node,6a468472af4bbda8,400000,0,2026-09-26T10:56:33,DIAGNOSTIC
w58.0_m1.00_r0.940_T110_P225,joint_moment_sigma_abs,1.43144,0,,PASS,the Monte Carlo against the form the fit uses at this node,6a468472af4bbda8,400000,0,2026-09-26T10:56:33,DIAGNOSTIC
w58.0_m1.00_r0.940_T110_P225,depleted_line_abs,0.00033695,0,,PASS,the Monte Carlo against the form the fit uses at this node,6a468472af4bbda8,400000,0,2026-09-26T10:56:33,DIAGNOSTIC
w58.0_m1.00_r0.940_T110_P225,depletion_widening_rel_4207,0.00433391,,,PASS,"what a transit fit reads from the surviving kernel after the natural Lorentzian, over the bare one: the factor the fit carries",6a468472af4bbda8,400000,0,2026-09-26T10:56:33,DIAGNOSTIC
w58.0_m1.00_r0.940_T110_P225,depletion_widening_rel_4192,0.00479345,,,PASS,"what a transit fit reads from the surviving kernel after the natural Lorentzian, over the bare one: the factor the fit carries",6a468472af4bbda8,400000,0,2026-09-26T10:56:33,DIAGNOSTIC
w58.0_m1.00_r0.940_T110_P225,depletion_widening_rel_4154,0.00659819,,,PASS,"what a transit fit reads from the surviving kernel after the natural Lorentzian, over the bare one: the factor the fit carries",6a468472af4bbda8,400000,0,2026-09-26T10:56:33,DIAGNOSTIC
w58.0_m1.00_r0.940_T110_P225,depletion_widening_rel_4121,0.00704161,,,PASS,"what a transit fit reads from the surviving kernel after the natural Lorentzian, over the bare one: the factor the fit carries",6a468472af4bbda8,400000,0,2026-09-26T10:56:33,DIAGNOSTIC
w58.0_m1.00_r0.940_T110_P225,depletion_fwhm_rel_4207,0.0445406,,,PASS,"the surviving transit kernel's FWHM over the bare collected kernel's, the core-flattening diagnostic",6a468472af4bbda8,400000,0,2026-09-26T10:56:33,DIAGNOSTIC
w58.0_m1.00_r0.940_T110_P225,depletion_fwhm_rel_4192,0.0481385,,,PASS,"the surviving transit kernel's FWHM over the bare collected kernel's, the core-flattening diagnostic",6a468472af4bbda8,400000,0,2026-09-26T10:56:33,DIAGNOSTIC
w58.0_m1.00_r0.940_T110_P225,depletion_fwhm_rel_4154,0.0615005,,,PASS,"the surviving transit kernel's FWHM over the bare collected kernel's, the core-flattening diagnostic",6a468472af4bbda8,400000,0,2026-09-26T10:56:33,DIAGNOSTIC
w58.0_m1.00_r0.940_T110_P225,depletion_fwhm_rel_4121,0.0646089,,,PASS,"the surviving transit kernel's FWHM over the bare collected kernel's, the core-flattening diagnostic",6a468472af4bbda8,400000,0,2026-09-26T10:56:33,DIAGNOSTIC
w58.0_m1.00_r0.940_T110_P225,shares_shift_abs,0.00106071,,,PASS,the largest move of a line's share from the thermal law to the depleted one: the physical shift,6a468472af4bbda8,400000,0,2026-09-26T10:56:33,DIAGNOSTIC
w58.0_m1.00_r0.940_T110_P225,cycles_on_axis,0.110691,,,PASS,excitation cycles on the central chord at the mean transverse speed,6a468472af4bbda8,400000,0,2026-09-26T10:56:33,DIAGNOSTIC
w58.0_m1.00_r0.940_T110_P225,cycles_mean_over_chords,0.0165588,,,PASS,the flux-weighted mean over every chord,6a468472af4bbda8,400000,0,2026-09-26T10:56:33,DIAGNOSTIC
w58.0_m1.00_r0.940_T130_P125,transit_fwhm_rel,1.04549,1.04645,,PASS,the Monte Carlo against the form the fit uses at this node,6a468472af4bbda8,400000,0,2026-09-26T10:56:33,DIAGNOSTIC
w58.0_m1.00_r0.940_T130_P125,transit_shape_rel,1.00031,1,,PASS,the Monte Carlo against the form the fit uses at this node,6a468472af4bbda8,400000,0,2026-09-26T10:56:33,DIAGNOSTIC
w58.0_m1.00_r0.940_T130_P125,ramp_mu2_rel,0.0527339,0.052681,,PASS,the Monte Carlo against the form the fit uses at this node,6a468472af4bbda8,400000,0,2026-09-26T10:56:33,DIAGNOSTIC
w58.0_m1.00_r0.940_T130_P125,ramp_mu3_rel,-0.00686474,-0.00681994,,PASS,the Monte Carlo against the form the fit uses at this node,6a468472af4bbda8,400000,0,2026-09-26T10:56:33,DIAGNOSTIC
w58.0_m1.00_r0.940_T130_P125,amplitude_power_law_abs,1.97285,1.97214,,PASS,the Monte Carlo against the form the fit uses at this node,6a468472af4bbda8,400000,0,2026-09-26T10:56:33,DIAGNOSTIC
w58.0_m1.00_r0.940_T130_P125,shares_abs,0.00010279,0,,PASS,the Monte Carlo against the form the fit uses at this node,6a468472af4bbda8,400000,0,2026-09-26T10:56:33,DIAGNOSTIC
w58.0_m1.00_r0.940_T130_P125,joint_shape_abs,0.00350542,0,,PASS,the Monte Carlo against the form the fit uses at this node,6a468472af4bbda8,400000,0,2026-09-26T10:56:33,DIAGNOSTIC
w58.0_m1.00_r0.940_T130_P125,joint_moment_sigma_abs,1.16132,0,,PASS,the Monte Carlo against the form the fit uses at this node,6a468472af4bbda8,400000,0,2026-09-26T10:56:33,DIAGNOSTIC
w58.0_m1.00_r0.940_T130_P125,depleted_line_abs,0.000244963,0,,PASS,the Monte Carlo against the form the fit uses at this node,6a468472af4bbda8,400000,0,2026-09-26T10:56:33,DIAGNOSTIC
w58.0_m1.00_r0.940_T130_P125,depletion_widening_rel_4207,0.00139433,,,PASS,"what a transit fit reads from the surviving kernel after the natural Lorentzian, over the bare one: the factor the fit carries",6a468472af4bbda8,400000,0,2026-09-26T10:56:33,DIAGNOSTIC
w58.0_m1.00_r0.940_T130_P125,depletion_widening_rel_4192,0.00154581,,,PASS,"what a transit fit reads from the surviving kernel after the natural Lorentzian, over the bare one: the factor the fit carries",6a468472af4bbda8,400000,0,2026-09-26T10:56:33,DIAGNOSTIC
w58.0_m1.00_r0.940_T130_P125,depletion_widening_rel_4154,0.00214671,,,PASS,"what a transit fit reads from the surviving kernel after the natural Lorentzian, over the bare one: the factor the fit carries",6a468472af4bbda8,400000,0,2026-09-26T10:56:33,DIAGNOSTIC
w58.0_m1.00_r0.940_T130_P125,depletion_widening_rel_4121,0.00229575,,,PASS,"what a transit fit reads from the surviving kernel after the natural Lorentzian, over the bare one: the factor the fit carries",6a468472af4bbda8,400000,0,2026-09-26T10:56:33,DIAGNOSTIC
w58.0_m1.00_r0.940_T130_P125,depletion_fwhm_rel_4207,0.0180594,,,PASS,"the surviving transit kernel's FWHM over the bare collected kernel's, the core-flattening diagnostic",6a468472af4bbda8,400000,0,2026-09-26T10:56:33,DIAGNOSTIC
w58.0_m1.00_r0.940_T130_P125,depletion_fwhm_rel_4192,0.0196348,,,PASS,"the surviving transit kernel's FWHM over the bare collected kernel's, the core-flattening diagnostic",6a468472af4bbda8,400000,0,2026-09-26T10:56:33,DIAGNOSTIC
w58.0_m1.00_r0.940_T130_P125,depletion_fwhm_rel_4154,0.0255545,,,PASS,"the surviving transit kernel's FWHM over the bare collected kernel's, the core-flattening diagnostic",6a468472af4bbda8,400000,0,2026-09-26T10:56:33,DIAGNOSTIC
w58.0_m1.00_r0.940_T130_P125,depletion_fwhm_rel_4121,0.0269544,,,PASS,"the surviving transit kernel's FWHM over the bare collected kernel's, the core-flattening diagnostic",6a468472af4bbda8,400000,0,2026-09-26T10:56:33,DIAGNOSTIC
w58.0_m1.00_r0.940_T130_P125,shares_shift_abs,0.000339636,,,PASS,the largest move of a line's share from the thermal law to the depleted one: the physical shift,6a468472af4bbda8,400000,0,2026-09-26T10:56:33,DIAGNOSTIC
w58.0_m1.00_r0.940_T130_P125,cycles_on_axis,0.0343192,,,PASS,excitation cycles on the central chord at the mean transverse speed,6a468472af4bbda8,400000,0,2026-09-26T10:56:33,DIAGNOSTIC
w58.0_m1.00_r0.940_T130_P125,cycles_mean_over_chords,0.00508951,,,PASS,the flux-weighted mean over every chord,6a468472af4bbda8,400000,0,2026-09-26T10:56:33,DIAGNOSTIC
w58.0_m1.00_r0.940_T130_P175,transit_fwhm_rel,1.04549,1.04645,,PASS,the Monte Carlo against the form the fit uses at this node,6a468472af4bbda8,400000,0,2026-09-26T10:56:33,DIAGNOSTIC
w58.0_m1.00_r0.940_T130_P175,transit_shape_rel,1.00031,1,,PASS,the Monte Carlo against the form the fit uses at this node,6a468472af4bbda8,400000,0,2026-09-26T10:56:33,DIAGNOSTIC
w58.0_m1.00_r0.940_T130_P175,ramp_mu2_rel,0.0528283,0.0527743,,PASS,the Monte Carlo against the form the fit uses at this node,6a468472af4bbda8,400000,0,2026-09-26T10:56:33,DIAGNOSTIC
w58.0_m1.00_r0.940_T130_P175,ramp_mu3_rel,-0.00681481,-0.00677008,,PASS,the Monte Carlo against the form the fit uses at this node,6a468472af4bbda8,400000,0,2026-09-26T10:56:33,DIAGNOSTIC
w58.0_m1.00_r0.940_T130_P175,amplitude_power_law_abs,1.94791,1.94641,,PASS,the Monte Carlo against the form the fit uses at this node,6a468472af4bbda8,400000,0,2026-09-26T10:56:33,DIAGNOSTIC
w58.0_m1.00_r0.940_T130_P175,shares_abs,0.000206915,0,,PASS,the Monte Carlo against the form the fit uses at this node,6a468472af4bbda8,400000,0,2026-09-26T10:56:33,DIAGNOSTIC
w58.0_m1.00_r0.940_T130_P175,joint_shape_abs,0.00372174,0,,PASS,the Monte Carlo against the form the fit uses at this node,6a468472af4bbda8,400000,0,2026-09-26T10:56:33,DIAGNOSTIC
w58.0_m1.00_r0.940_T130_P175,joint_moment_sigma_abs,1.31211,0,,PASS,the Monte Carlo against the form the fit uses at this node,6a468472af4bbda8,400000,0,2026-09-26T10:56:33,DIAGNOSTIC
w58.0_m1.00_r0.940_T130_P175,depleted_line_abs,0.000291025,0,,PASS,the Monte Carlo against the form the fit uses at this node,6a468472af4bbda8,400000,0,2026-09-26T10:56:33,DIAGNOSTIC
w58.0_m1.00_r0.940_T130_P175,depletion_widening_rel_4207,0.00265676,,,PASS,"what a transit fit reads from the surviving kernel after the natural Lorentzian, over the bare one: the factor the fit carries",6a468472af4bbda8,400000,0,2026-09-26T10:56:33,DIAGNOSTIC
w58.0_m1.00_r0.940_T130_P175,depletion_widening_rel_4192,0.00294222,,,PASS,"what a transit fit reads from the surviving kernel after the natural Lorentzian, over the bare one: the factor the fit carries",6a468472af4bbda8,400000,0,2026-09-26T10:56:33,DIAGNOSTIC
w58.0_m1.00_r0.940_T130_P175,depletion_widening_rel_4154,0.00406927,,,PASS,"what a transit fit reads from the surviving kernel after the natural Lorentzian, over the bare one: the factor the fit carries",6a468472af4bbda8,400000,0,2026-09-26T10:56:33,DIAGNOSTIC
w58.0_m1.00_r0.940_T130_P175,depletion_widening_rel_4121,0.00434758,,,PASS,"what a transit fit reads from the surviving kernel after the natural Lorentzian, over the bare one: the factor the fit carries",6a468472af4bbda8,400000,0,2026-09-26T10:56:33,DIAGNOSTIC
w58.0_m1.00_r0.940_T130_P175,depletion_fwhm_rel_4207,0.0302533,,,PASS,"the surviving transit kernel's FWHM over the bare collected kernel's, the core-flattening diagnostic",6a468472af4bbda8,400000,0,2026-09-26T10:56:33,DIAGNOSTIC
w58.0_m1.00_r0.940_T130_P175,depletion_fwhm_rel_4192,0.0327773,,,PASS,"the surviving transit kernel's FWHM over the bare collected kernel's, the core-flattening diagnostic",6a468472af4bbda8,400000,0,2026-09-26T10:56:33,DIAGNOSTIC
w58.0_m1.00_r0.940_T130_P175,depletion_fwhm_rel_4154,0.042251,,,PASS,"the surviving transit kernel's FWHM over the bare collected kernel's, the core-flattening diagnostic",6a468472af4bbda8,400000,0,2026-09-26T10:56:33,DIAGNOSTIC
w58.0_m1.00_r0.940_T130_P175,depletion_fwhm_rel_4121,0.0444737,,,PASS,"the surviving transit kernel's FWHM over the bare collected kernel's, the core-flattening diagnostic",6a468472af4bbda8,400000,0,2026-09-26T10:56:33,DIAGNOSTIC
w58.0_m1.00_r0.940_T130_P175,shares_shift_abs,0.000647381,,,PASS,the largest move of a line's share from the thermal law to the depleted one: the physical shift,6a468472af4bbda8,400000,0,2026-09-26T10:56:33,DIAGNOSTIC
w58.0_m1.00_r0.940_T130_P175,cycles_on_axis,0.0663974,,,PASS,excitation cycles on the central chord at the mean transverse speed,6a468472af4bbda8,400000,0,2026-09-26T10:56:33,DIAGNOSTIC
w58.0_m1.00_r0.940_T130_P175,cycles_mean_over_chords,0.00988396,,,PASS,the flux-weighted mean over every chord,6a468472af4bbda8,400000,0,2026-09-26T10:56:33,DIAGNOSTIC
w58.0_m1.00_r0.940_T130_P180,transit_fwhm_rel,1.04549,1.04645,,PASS,the Monte Carlo against the form the fit uses at this node,6a468472af4bbda8,400000,0,2026-09-26T10:57:25,DIAGNOSTIC
w58.0_m1.00_r0.940_T130_P180,transit_shape_rel,1.00031,1,,PASS,the Monte Carlo against the form the fit uses at this node,6a468472af4bbda8,400000,0,2026-09-26T10:57:25,DIAGNOSTIC
w58.0_m1.00_r0.940_T130_P180,ramp_mu2_rel,0.0528393,0.0527853,,PASS,the Monte Carlo against the form the fit uses at this node,6a468472af4bbda8,400000,0,2026-09-26T10:57:25,DIAGNOSTIC
w58.0_m1.00_r0.940_T130_P180,ramp_mu3_rel,-0.00680894,-0.00676422,,PASS,the Monte Carlo against the form the fit uses at this node,6a468472af4bbda8,400000,0,2026-09-26T10:57:25,DIAGNOSTIC
w58.0_m1.00_r0.940_T130_P180,amplitude_power_law_abs,1.94503,1.94343,,PASS,the Monte Carlo against the form the fit uses at this node,6a468472af4bbda8,400000,0,2026-09-26T10:57:25,DIAGNOSTIC
w58.0_m1.00_r0.940_T130_P180,shares_abs,0.000219445,0,,PASS,the Monte Carlo against the form the fit uses at this node,6a468472af4bbda8,400000,0,2026-09-26T10:57:25,DIAGNOSTIC
w58.0_m1.00_r0.940_T130_P180,joint_shape_abs,0.00374042,0,,PASS,the Monte Carlo against the form the fit uses at this node,6a468472af4bbda8,400000,0,2026-09-26T10:57:25,DIAGNOSTIC
w58.0_m1.00_r0.940_T130_P180,joint_moment_sigma_abs,1.34042,0,,PASS,the Monte Carlo against the form the fit uses at this node,6a468472af4bbda8,400000,0,2026-09-26T10:57:25,DIAGNOSTIC
w58.0_m1.00_r0.940_T130_P180,depleted_line_abs,0.00029625,0,,PASS,the Monte Carlo against the form the fit uses at this node,6a468472af4bbda8,400000,0,2026-09-26T10:57:25,DIAGNOSTIC
w58.0_m1.00_r0.940_T130_P180,depletion_widening_rel_4207,0.00280213,,,PASS,"what a transit fit reads from the surviving kernel after the natural Lorentzian, over the bare one: the factor the fit carries",6a468472af4bbda8,400000,0,2026-09-26T10:57:25,DIAGNOSTIC
w58.0_m1.00_r0.940_T130_P180,depletion_widening_rel_4192,0.00310284,,,PASS,"what a transit fit reads from the surviving kernel after the natural Lorentzian, over the bare one: the factor the fit carries",6a468472af4bbda8,400000,0,2026-09-26T10:57:25,DIAGNOSTIC
w58.0_m1.00_r0.940_T130_P180,depletion_widening_rel_4154,0.00428955,,,PASS,"what a transit fit reads from the surviving kernel after the natural Lorentzian, over the bare one: the factor the fit carries",6a468472af4bbda8,400000,0,2026-09-26T10:57:25,DIAGNOSTIC
w58.0_m1.00_r0.940_T130_P180,depletion_widening_rel_4121,0.00458245,,,PASS,"what a transit fit reads from the surviving kernel after the natural Lorentzian, over the bare one: the factor the fit carries",6a468472af4bbda8,400000,0,2026-09-26T10:57:25,DIAGNOSTIC
w58.0_m1.00_r0.940_T130_P180,depletion_fwhm_rel_4207,0.0315474,,,PASS,"the surviving transit kernel's FWHM over the bare collected kernel's, the core-flattening diagnostic",6a468472af4bbda8,400000,0,2026-09-26T10:57:25,DIAGNOSTIC
w58.0_m1.00_r0.940_T130_P180,depletion_fwhm_rel_4192,0.0341686,,,PASS,"the surviving transit kernel's FWHM over the bare collected kernel's, the core-flattening diagnostic",6a468472af4bbda8,400000,0,2026-09-26T10:57:25,DIAGNOSTIC
w58.0_m1.00_r0.940_T130_P180,depletion_fwhm_rel_4154,0.0440141,,,PASS,"the surviving transit kernel's FWHM over the bare collected kernel's, the core-flattening diagnostic",6a468472af4bbda8,400000,0,2026-09-26T10:57:25,DIAGNOSTIC
w58.0_m1.00_r0.940_T130_P180,depletion_fwhm_rel_4121,0.046318,,,PASS,"the surviving transit kernel's FWHM over the bare collected kernel's, the core-flattening diagnostic",6a468472af4bbda8,400000,0,2026-09-26T10:57:25,DIAGNOSTIC
w58.0_m1.00_r0.940_T130_P180,shares_shift_abs,0.000682784,,,PASS,the largest move of a line's share from the thermal law to the depleted one: the physical shift,6a468472af4bbda8,400000,0,2026-09-26T10:57:25,DIAGNOSTIC
w58.0_m1.00_r0.940_T130_P180,cycles_on_axis,0.0701388,,,PASS,excitation cycles on the central chord at the mean transverse speed,6a468472af4bbda8,400000,0,2026-09-26T10:57:25,DIAGNOSTIC
w58.0_m1.00_r0.940_T130_P180,cycles_mean_over_chords,0.0104455,,,PASS,the flux-weighted mean over every chord,6a468472af4bbda8,400000,0,2026-09-26T10:57:25,DIAGNOSTIC
w58.0_m1.00_r0.940_T130_P225,transit_fwhm_rel,1.04549,1.04645,,PASS,the Monte Carlo against the form the fit uses at this node,6a468472af4bbda8,400000,0,2026-09-26T10:57:25,DIAGNOSTIC
w58.0_m1.00_r0.940_T130_P225,transit_shape_rel,1.00031,1,,PASS,the Monte Carlo against the form the fit uses at this node,6a468472af4bbda8,400000,0,2026-09-26T10:57:25,DIAGNOSTIC
w58.0_m1.00_r0.940_T130_P225,ramp_mu2_rel,0.0529515,0.0528963,,PASS,the Monte Carlo against the form the fit uses at this node,6a468472af4bbda8,400000,0,2026-09-26T10:57:25,DIAGNOSTIC
w58.0_m1.00_r0.940_T130_P225,ramp_mu3_rel,-0.00674909,-0.00670449,,PASS,the Monte Carlo against the form the fit uses at this node,6a468472af4bbda8,400000,0,2026-09-26T10:57:25,DIAGNOSTIC
w58.0_m1.00_r0.940_T130_P225,amplitude_power_law_abs,1.9162,1.91358,,PASS,the Monte Carlo against the form the fit uses at this node,6a468472af4bbda8,400000,0,2026-09-26T10:57:25,DIAGNOSTIC
w58.0_m1.00_r0.940_T130_P225,shares_abs,0.000349704,0,,PASS,the Monte Carlo against the form the fit uses at this node,6a468472af4bbda8,400000,0,2026-09-26T10:57:25,DIAGNOSTIC
w58.0_m1.00_r0.940_T130_P225,joint_shape_abs,0.00395246,0,,PASS,the Monte Carlo against the form the fit uses at this node,6a468472af4bbda8,400000,0,2026-09-26T10:57:25,DIAGNOSTIC
w58.0_m1.00_r0.940_T130_P225,joint_moment_sigma_abs,1.49188,0,,PASS,the Monte Carlo against the form the fit uses at this node,6a468472af4bbda8,400000,0,2026-09-26T10:57:25,DIAGNOSTIC
w58.0_m1.00_r0.940_T130_P225,depleted_line_abs,0.000347534,0,,PASS,the Monte Carlo against the form the fit uses at this node,6a468472af4bbda8,400000,0,2026-09-26T10:57:25,DIAGNOSTIC
w58.0_m1.00_r0.940_T130_P225,depletion_widening_rel_4207,0.0042507,,,PASS,"what a transit fit reads from the surviving kernel after the natural Lorentzian, over the bare one: the factor the fit carries",6a468472af4bbda8,400000,0,2026-09-26T10:57:25,DIAGNOSTIC
w58.0_m1.00_r0.940_T130_P225,depletion_widening_rel_4192,0.00470172,,,PASS,"what a transit fit reads from the surviving kernel after the natural Lorentzian, over the bare one: the factor the fit carries",6a468472af4bbda8,400000,0,2026-09-26T10:57:25,DIAGNOSTIC
w58.0_m1.00_r0.940_T130_P225,depletion_widening_rel_4154,0.0064735,,,PASS,"what a transit fit reads from the surviving kernel after the natural Lorentzian, over the bare one: the factor the fit carries",6a468472af4bbda8,400000,0,2026-09-26T10:57:25,DIAGNOSTIC
w58.0_m1.00_r0.940_T130_P225,depletion_widening_rel_4121,0.00690893,,,PASS,"what a transit fit reads from the surviving kernel after the natural Lorentzian, over the bare one: the factor the fit carries",6a468472af4bbda8,400000,0,2026-09-26T10:57:25,DIAGNOSTIC
w58.0_m1.00_r0.940_T130_P225,depletion_fwhm_rel_4207,0.0437081,,,PASS,"the surviving transit kernel's FWHM over the bare collected kernel's, the core-flattening diagnostic",6a468472af4bbda8,400000,0,2026-09-26T10:57:25,DIAGNOSTIC
w58.0_m1.00_r0.940_T130_P225,depletion_fwhm_rel_4192,0.0472471,,,PASS,"the surviving transit kernel's FWHM over the bare collected kernel's, the core-flattening diagnostic",6a468472af4bbda8,400000,0,2026-09-26T10:57:25,DIAGNOSTIC
w58.0_m1.00_r0.940_T130_P225,depletion_fwhm_rel_4154,0.0603869,,,PASS,"the surviving transit kernel's FWHM over the bare collected kernel's, the core-flattening diagnostic",6a468472af4bbda8,400000,0,2026-09-26T10:57:25,DIAGNOSTIC
w58.0_m1.00_r0.940_T130_P225,depletion_fwhm_rel_4121,0.0634475,,,PASS,"the surviving transit kernel's FWHM over the bare collected kernel's, the core-flattening diagnostic",6a468472af4bbda8,400000,0,2026-09-26T10:57:25,DIAGNOSTIC
w58.0_m1.00_r0.940_T130_P225,shares_shift_abs,0.00103521,,,PASS,the largest move of a line's share from the thermal law to the depleted one: the physical shift,6a468472af4bbda8,400000,0,2026-09-26T10:57:25,DIAGNOSTIC
w58.0_m1.00_r0.940_T130_P225,cycles_on_axis,0.10791,,,PASS,excitation cycles on the central chord at the mean transverse speed,6a468472af4bbda8,400000,0,2026-09-26T10:57:25,DIAGNOSTIC
w58.0_m1.00_r0.940_T130_P225,cycles_mean_over_chords,0.0161428,,,PASS,the flux-weighted mean over every chord,6a468472af4bbda8,400000,0,2026-09-26T10:57:25,DIAGNOSTIC
w58.0_m1.00_r0.940_T130_P25,transit_fwhm_rel,1.04548,1.04645,,PASS,the Monte Carlo against the form the fit uses at this node,6a468472af4bbda8,400000,0,2026-09-26T10:57:26,DIAGNOSTIC
w58.0_m1.00_r0.940_T130_P25,transit_shape_rel,1.00031,1,,PASS,the Monte Carlo against the form the fit uses at this node,6a468472af4bbda8,400000,0,2026-09-26T10:57:26,DIAGNOSTIC
w58.0_m1.00_r0.940_T130_P25,ramp_mu2_rel,0.0526377,0.0525859,,PASS,the Monte Carlo against the form the fit uses at this node,6a468472af4bbda8,400000,0,2026-09-26T10:57:26,DIAGNOSTIC
w58.0_m1.00_r0.940_T130_P25,ramp_mu3_rel,-0.00691525,-0.00687037,,PASS,the Monte Carlo against the form the fit uses at this node,6a468472af4bbda8,400000,0,2026-09-26T10:57:26,DIAGNOSTIC
w58.0_m1.00_r0.940_T130_P25,amplitude_power_law_abs,1.99889,1.99886,,PASS,the Monte Carlo against the form the fit uses at this node,6a468472af4bbda8,400000,0,2026-09-26T10:57:26,DIAGNOSTIC
w58.0_m1.00_r0.940_T130_P25,shares_abs,3.90866e-06,0,,PASS,the Monte Carlo against the form the fit uses at this node,6a468472af4bbda8,400000,0,2026-09-26T10:57:26,DIAGNOSTIC
w58.0_m1.00_r0.940_T130_P25,joint_shape_abs,0.00311165,0,,PASS,the Monte Carlo against the form the fit uses at this node,6a468472af4bbda8,400000,0,2026-09-26T10:57:26,DIAGNOSTIC
w58.0_m1.00_r0.940_T130_P25,joint_moment_sigma_abs,0.995626,0,,PASS,the Monte Carlo against the form the fit uses at this node,6a468472af4bbda8,400000,0,2026-09-26T10:57:26,DIAGNOSTIC
w58.0_m1.00_r0.940_T130_P25,depleted_line_abs,0.000194503,0,,PASS,the Monte Carlo against the form the fit uses at this node,6a468472af4bbda8,400000,0,2026-09-26T10:57:26,DIAGNOSTIC
w58.0_m1.00_r0.940_T130_P25,depletion_widening_rel_4207,5.86862e-05,,,PASS,"what a transit fit reads from the surviving kernel after the natural Lorentzian, over the bare one: the factor the fit carries",6a468472af4bbda8,400000,0,2026-09-26T10:57:26,DIAGNOSTIC
w58.0_m1.00_r0.940_T130_P25,depletion_widening_rel_4192,6.51439e-05,,,PASS,"what a transit fit reads from the surviving kernel after the natural Lorentzian, over the bare one: the factor the fit carries",6a468472af4bbda8,400000,0,2026-09-26T10:57:26,DIAGNOSTIC
w58.0_m1.00_r0.940_T130_P25,depletion_widening_rel_4154,9.09181e-05,,,PASS,"what a transit fit reads from the surviving kernel after the natural Lorentzian, over the bare one: the factor the fit carries",6a468472af4bbda8,400000,0,2026-09-26T10:57:26,DIAGNOSTIC
w58.0_m1.00_r0.940_T130_P25,depletion_widening_rel_4121,9.73497e-05,,,PASS,"what a transit fit reads from the surviving kernel after the natural Lorentzian, over the bare one: the factor the fit carries",6a468472af4bbda8,400000,0,2026-09-26T10:57:26,DIAGNOSTIC
w58.0_m1.00_r0.940_T130_P25,depletion_fwhm_rel_4207,0.00124271,,,PASS,"the surviving transit kernel's FWHM over the bare collected kernel's, the core-flattening diagnostic",6a468472af4bbda8,400000,0,2026-09-26T10:57:26,DIAGNOSTIC
w58.0_m1.00_r0.940_T130_P25,depletion_fwhm_rel_4192,0.00136182,,,PASS,"the surviving transit kernel's FWHM over the bare collected kernel's, the core-flattening diagnostic",6a468472af4bbda8,400000,0,2026-09-26T10:57:26,DIAGNOSTIC
w58.0_m1.00_r0.940_T130_P25,depletion_fwhm_rel_4154,0.00182185,,,PASS,"the surviving transit kernel's FWHM over the bare collected kernel's, the core-flattening diagnostic",6a468472af4bbda8,400000,0,2026-09-26T10:57:26,DIAGNOSTIC
w58.0_m1.00_r0.940_T130_P25,depletion_fwhm_rel_4121,0.0019334,,,PASS,"the surviving transit kernel's FWHM over the bare collected kernel's, the core-flattening diagnostic",6a468472af4bbda8,400000,0,2026-09-26T10:57:26,DIAGNOSTIC
w58.0_m1.00_r0.940_T130_P25,shares_shift_abs,1.40596e-05,,,PASS,the largest move of a line's share from the thermal law to the depleted one: the physical shift,6a468472af4bbda8,400000,0,2026-09-26T10:57:26,DIAGNOSTIC
w58.0_m1.00_r0.940_T130_P25,cycles_on_axis,0.00139103,,,PASS,excitation cycles on the central chord at the mean transverse speed,6a468472af4bbda8,400000,0,2026-09-26T10:57:26,DIAGNOSTIC
w58.0_m1.00_r0.940_T130_P25,cycles_mean_over_chords,0.000205494,,,PASS,the flux-weighted mean over every chord,6a468472af4bbda8,400000,0,2026-09-26T10:57:26,DIAGNOSTIC
w58.0_m1.00_r0.940_T130_P270,transit_fwhm_rel,1.04549,1.04645,,PASS,the Monte Carlo against the form the fit uses at this node,6a468472af4bbda8,400000,0,2026-09-26T10:58:16,DIAGNOSTIC
w58.0_m1.00_r0.940_T130_P270,transit_shape_rel,1.00031,1,,PASS,the Monte Carlo against the form the fit uses at this node,6a468472af4bbda8,400000,0,2026-09-26T10:58:16,DIAGNOSTIC
w58.0_m1.00_r0.940_T130_P270,ramp_mu2_rel,0.0530854,0.0530287,,PASS,the Monte Carlo against the form the fit uses at this node,6a468472af4bbda8,400000,0,2026-09-26T10:58:16,DIAGNOSTIC
w58.0_m1.00_r0.940_T130_P270,ramp_mu3_rel,-0.00667704,-0.00663257,,PASS,the Monte Carlo against the form the fit uses at this node,6a468472af4bbda8,400000,0,2026-09-26T10:58:16,DIAGNOSTIC
w58.0_m1.00_r0.940_T130_P270,amplitude_power_law_abs,1.88274,1.87885,,PASS,the Monte Carlo against the form the fit uses at this node,6a468472af4bbda8,400000,0,2026-09-26T10:58:16,DIAGNOSTIC
w58.0_m1.00_r0.940_T130_P270,shares_abs,0.000511062,0,,PASS,the Monte Carlo against the form the fit uses at this node,6a468472af4bbda8,400000,0,2026-09-26T10:58:16,DIAGNOSTIC
w58.0_m1.00_r0.940_T130_P270,joint_shape_abs,0.00417443,0,,PASS,the Monte Carlo against the form the fit uses at this node,6a468472af4bbda8,400000,0,2026-09-26T10:58:16,DIAGNOSTIC
w58.0_m1.00_r0.940_T130_P270,joint_moment_sigma_abs,1.35975,0,,PASS,the Monte Carlo against the form the fit uses at this node,6a468472af4bbda8,400000,0,2026-09-26T10:58:16,DIAGNOSTIC
w58.0_m1.00_r0.940_T130_P270,depleted_line_abs,0.000405191,0,,PASS,the Monte Carlo against the form the fit uses at this node,6a468472af4bbda8,400000,0,2026-09-26T10:58:16,DIAGNOSTIC
w58.0_m1.00_r0.940_T130_P270,depletion_widening_rel_4207,0.00592319,,,PASS,"what a transit fit reads from the surviving kernel after the natural Lorentzian, over the bare one: the factor the fit carries",6a468472af4bbda8,400000,0,2026-09-26T10:58:16,DIAGNOSTIC
w58.0_m1.00_r0.940_T130_P270,depletion_widening_rel_4192,0.00654418,,,PASS,"what a transit fit reads from the surviving kernel after the natural Lorentzian, over the bare one: the factor the fit carries",6a468472af4bbda8,400000,0,2026-09-26T10:58:16,DIAGNOSTIC
w58.0_m1.00_r0.940_T130_P270,depletion_widening_rel_4154,0.00897239,,,PASS,"what a transit fit reads from the surviving kernel after the natural Lorentzian, over the bare one: the factor the fit carries",6a468472af4bbda8,400000,0,2026-09-26T10:58:16,DIAGNOSTIC
w58.0_m1.00_r0.940_T130_P270,depletion_widening_rel_4121,0.00956656,,,PASS,"what a transit fit reads from the surviving kernel after the natural Lorentzian, over the bare one: the factor the fit carries",6a468472af4bbda8,400000,0,2026-09-26T10:58:16,DIAGNOSTIC
w58.0_m1.00_r0.940_T130_P270,depletion_fwhm_rel_4207,0.0564307,,,PASS,"the surviving transit kernel's FWHM over the bare collected kernel's, the core-flattening diagnostic",6a468472af4bbda8,400000,0,2026-09-26T10:58:16,DIAGNOSTIC
w58.0_m1.00_r0.940_T130_P270,depletion_fwhm_rel_4192,0.0608936,,,PASS,"the surviving transit kernel's FWHM over the bare collected kernel's, the core-flattening diagnostic",6a468472af4bbda8,400000,0,2026-09-26T10:58:16,DIAGNOSTIC
w58.0_m1.00_r0.940_T130_P270,depletion_fwhm_rel_4154,0.077313,,,PASS,"the surviving transit kernel's FWHM over the bare collected kernel's, the core-flattening diagnostic",6a468472af4bbda8,400000,0,2026-09-26T10:58:16,DIAGNOSTIC
w58.0_m1.00_r0.940_T130_P270,depletion_fwhm_rel_4121,0.0811162,,,PASS,"the surviving transit kernel's FWHM over the bare collected kernel's, the core-flattening diagnostic",6a468472af4bbda8,400000,0,2026-09-26T10:58:16,DIAGNOSTIC
w58.0_m1.00_r0.940_T130_P270,shares_shift_abs,0.00144136,,,PASS,the largest move of a line's share from the thermal law to the depleted one: the physical shift,6a468472af4bbda8,400000,0,2026-09-26T10:58:16,DIAGNOSTIC
w58.0_m1.00_r0.940_T130_P270,cycles_on_axis,0.152545,,,PASS,excitation cycles on the central chord at the mean transverse speed,6a468472af4bbda8,400000,0,2026-09-26T10:58:16,DIAGNOSTIC
w58.0_m1.00_r0.940_T130_P270,cycles_mean_over_chords,0.0229417,,,PASS,the flux-weighted mean over every chord,6a468472af4bbda8,400000,0,2026-09-26T10:58:16,DIAGNOSTIC
w58.0_m1.00_r0.940_T130_P75,transit_fwhm_rel,1.04548,1.04645,,PASS,the Monte Carlo against the form the fit uses at this node,6a468472af4bbda8,400000,0,2026-09-26T10:58:17,DIAGNOSTIC
w58.0_m1.00_r0.940_T130_P75,transit_shape_rel,1.00031,1,,PASS,the Monte Carlo against the form the fit uses at this node,6a468472af4bbda8,400000,0,2026-09-26T10:58:17,DIAGNOSTIC
w58.0_m1.00_r0.940_T130_P75,ramp_mu2_rel,0.05267,0.0526178,,PASS,the Monte Carlo against the form the fit uses at this node,6a468472af4bbda8,400000,0,2026-09-26T10:58:17,DIAGNOSTIC
w58.0_m1.00_r0.940_T130_P75,ramp_mu3_rel,-0.00689835,-0.00685349,,PASS,the Monte Carlo against the form the fit uses at this node,6a468472af4bbda8,400000,0,2026-09-26T10:58:17,DIAGNOSTIC
w58.0_m1.00_r0.940_T130_P75,amplitude_power_law_abs,1.99008,1.98984,,PASS,the Monte Carlo against the form the fit uses at this node,6a468472af4bbda8,400000,0,2026-09-26T10:58:17,DIAGNOSTIC
w58.0_m1.00_r0.940_T130_P75,shares_abs,3.59848e-05,0,,PASS,the Monte Carlo against the form the fit uses at this node,6a468472af4bbda8,400000,0,2026-09-26T10:58:17,DIAGNOSTIC
w58.0_m1.00_r0.940_T130_P75,joint_shape_abs,0.00330167,0,,PASS,the Monte Carlo against the form the fit uses at this node,6a468472af4bbda8,400000,0,2026-09-26T10:58:17,DIAGNOSTIC
w58.0_m1.00_r0.940_T130_P75,joint_moment_sigma_abs,1.08934,0,,PASS,the Monte Carlo against the form the fit uses at this node,6a468472af4bbda8,400000,0,2026-09-26T10:58:17,DIAGNOSTIC
w58.0_m1.00_r0.940_T130_P75,depleted_line_abs,0.000211983,0,,PASS,the Monte Carlo against the form the fit uses at this node,6a468472af4bbda8,400000,0,2026-09-26T10:58:17,DIAGNOSTIC
w58.0_m1.00_r0.940_T130_P75,depletion_widening_rel_4207,0.000514316,,,PASS,"what a transit fit reads from the surviving kernel after the natural Lorentzian, over the bare one: the factor the fit carries",6a468472af4bbda8,400000,0,2026-09-26T10:58:17,DIAGNOSTIC
w58.0_m1.00_r0.940_T130_P75,depletion_widening_rel_4192,0.000570668,,,PASS,"what a transit fit reads from the surviving kernel after the natural Lorentzian, over the bare one: the factor the fit carries",6a468472af4bbda8,400000,0,2026-09-26T10:58:17,DIAGNOSTIC
w58.0_m1.00_r0.940_T130_P75,depletion_widening_rel_4154,0.000795072,,,PASS,"what a transit fit reads from the surviving kernel after the natural Lorentzian, over the bare one: the factor the fit carries",6a468472af4bbda8,400000,0,2026-09-26T10:58:17,DIAGNOSTIC
w58.0_m1.00_r0.940_T130_P75,depletion_widening_rel_4121,0.000850943,,,PASS,"what a transit fit reads from the surviving kernel after the natural Lorentzian, over the bare one: the factor the fit carries",6a468472af4bbda8,400000,0,2026-09-26T10:58:17,DIAGNOSTIC
w58.0_m1.00_r0.940_T130_P75,depletion_fwhm_rel_4207,0.00797955,,,PASS,"the surviving transit kernel's FWHM over the bare collected kernel's, the core-flattening diagnostic",6a468472af4bbda8,400000,0,2026-09-26T10:58:17,DIAGNOSTIC
w58.0_m1.00_r0.940_T130_P75,depletion_fwhm_rel_4192,0.00869966,,,PASS,"the surviving transit kernel's FWHM over the bare collected kernel's, the core-flattening diagnostic",6a468472af4bbda8,400000,0,2026-09-26T10:58:17,DIAGNOSTIC
w58.0_m1.00_r0.940_T130_P75,depletion_fwhm_rel_4154,0.0114381,,,PASS,"the surviving transit kernel's FWHM over the bare collected kernel's, the core-flattening diagnostic",6a468472af4bbda8,400000,0,2026-09-26T10:58:17,DIAGNOSTIC
w58.0_m1.00_r0.940_T130_P75,depletion_fwhm_rel_4121,0.0120929,,,PASS,"the surviving transit kernel's FWHM over the bare collected kernel's, the core-flattening diagnostic",6a468472af4bbda8,400000,0,2026-09-26T10:58:17,DIAGNOSTIC
w58.0_m1.00_r0.940_T130_P75,shares_shift_abs,0.000124907,,,PASS,the largest move of a line's share from the thermal law to the depleted one: the physical shift,6a468472af4bbda8,400000,0,2026-09-26T10:58:17,DIAGNOSTIC
w58.0_m1.00_r0.940_T130_P75,cycles_on_axis,0.0124639,,,PASS,excitation cycles on the central chord at the mean transverse speed,6a468472af4bbda8,400000,0,2026-09-26T10:58:17,DIAGNOSTIC
w58.0_m1.00_r0.940_T130_P75,cycles_mean_over_chords,0.00184366,,,PASS,the flux-weighted mean over every chord,6a468472af4bbda8,400000,0,2026-09-26T10:58:17,DIAGNOSTIC
w58.0_m1.00_r0.940_T130_P90,transit_fwhm_rel,1.04548,1.04645,,PASS,the Monte Carlo against the form the fit uses at this node,6a468472af4bbda8,400000,0,2026-09-26T10:58:17,DIAGNOSTIC
w58.0_m1.00_r0.940_T130_P90,transit_shape_rel,1.00031,1,,PASS,the Monte Carlo against the form the fit uses at this node,6a468472af4bbda8,400000,0,2026-09-26T10:58:17,DIAGNOSTIC
w58.0_m1.00_r0.940_T130_P90,ramp_mu2_rel,0.0526859,0.0526335,,PASS,the Monte Carlo against the form the fit uses at this node,6a468472af4bbda8,400000,0,2026-09-26T10:58:17,DIAGNOSTIC
w58.0_m1.00_r0.940_T130_P90,ramp_mu3_rel,-0.00689001,-0.00684516,,PASS,the Monte Carlo against the form the fit uses at this node,6a468472af4bbda8,400000,0,2026-09-26T10:58:17,DIAGNOSTIC
w58.0_m1.00_r0.940_T130_P90,amplitude_power_law_abs,1.98577,1.98541,,PASS,the Monte Carlo against the form the fit uses at this node,6a468472af4bbda8,400000,0,2026-09-26T10:58:17,DIAGNOSTIC
w58.0_m1.00_r0.940_T130_P90,shares_abs,5.22457e-05,0,,PASS,the Monte Carlo against the form the fit uses at this node,6a468472af4bbda8,400000,0,2026-09-26T10:58:17,DIAGNOSTIC
w58.0_m1.00_r0.940_T130_P90,joint_shape_abs,0.00336113,0,,PASS,the Monte Carlo against the form the fit uses at this node,6a468472af4bbda8,400000,0,2026-09-26T10:58:17,DIAGNOSTIC
w58.0_m1.00_r0.940_T130_P90,joint_moment_sigma_abs,1.11354,0,,PASS,the Monte Carlo against the form the fit uses at this node,6a468472af4bbda8,400000,0,2026-09-26T10:58:17,DIAGNOSTIC
w58.0_m1.00_r0.940_T130_P90,depleted_line_abs,0.000220352,0,,PASS,the Monte Carlo against the form the fit uses at this node,6a468472af4bbda8,400000,0,2026-09-26T10:58:17,DIAGNOSTIC
w58.0_m1.00_r0.940_T130_P90,depletion_widening_rel_4207,0.000735446,,,PASS,"what a transit fit reads from the surviving kernel after the natural Lorentzian, over the bare one: the factor the fit carries",6a468472af4bbda8,400000,0,2026-09-26T10:58:17,DIAGNOSTIC
w58.0_m1.00_r0.940_T130_P90,depletion_widening_rel_4192,0.000815849,,,PASS,"what a transit fit reads from the surviving kernel after the natural Lorentzian, over the bare one: the factor the fit carries",6a468472af4bbda8,400000,0,2026-09-26T10:58:17,DIAGNOSTIC
w58.0_m1.00_r0.940_T130_P90,depletion_widening_rel_4154,0.0011357,,,PASS,"what a transit fit reads from the surviving kernel after the natural Lorentzian, over the bare one: the factor the fit carries",6a468472af4bbda8,400000,0,2026-09-26T10:58:17,DIAGNOSTIC
w58.0_m1.00_r0.940_T130_P90,depletion_widening_rel_4121,0.00121526,,,PASS,"what a transit fit reads from the surviving kernel after the natural Lorentzian, over the bare one: the factor the fit carries",6a468472af4bbda8,400000,0,2026-09-26T10:58:17,DIAGNOSTIC
w58.0_m1.00_r0.940_T130_P90,depletion_fwhm_rel_4207,0.0107284,,,PASS,"the surviving transit kernel's FWHM over the bare collected kernel's, the core-flattening diagnostic",6a468472af4bbda8,400000,0,2026-09-26T10:58:17,DIAGNOSTIC
w58.0_m1.00_r0.940_T130_P90,depletion_fwhm_rel_4192,0.0116828,,,PASS,"the surviving transit kernel's FWHM over the bare collected kernel's, the core-flattening diagnostic",6a468472af4bbda8,400000,0,2026-09-26T10:58:17,DIAGNOSTIC
w58.0_m1.00_r0.940_T130_P90,depletion_fwhm_rel_4154,0.0152986,,,PASS,"the surviving transit kernel's FWHM over the bare collected kernel's, the core-flattening diagnostic",6a468472af4bbda8,400000,0,2026-09-26T10:58:17,DIAGNOSTIC
w58.0_m1.00_r0.940_T130_P90,depletion_fwhm_rel_4121,0.0161602,,,PASS,"the surviving transit kernel's FWHM over the bare collected kernel's, the core-flattening diagnostic",6a468472af4bbda8,400000,0,2026-09-26T10:58:17,DIAGNOSTIC
w58.0_m1.00_r0.940_T130_P90,shares_shift_abs,0.000178856,,,PASS,the largest move of a line's share from the thermal law to the depleted one: the physical shift,6a468472af4bbda8,400000,0,2026-09-26T10:58:17,DIAGNOSTIC
w58.0_m1.00_r0.940_T130_P90,cycles_on_axis,0.0179089,,,PASS,excitation cycles on the central chord at the mean transverse speed,6a468472af4bbda8,400000,0,2026-09-26T10:58:17,DIAGNOSTIC
w58.0_m1.00_r0.940_T130_P90,cycles_mean_over_chords,0.00265076,,,PASS,the flux-weighted mean over every chord,6a468472af4bbda8,400000,0,2026-09-26T10:58:17,DIAGNOSTIC
w58.0_m1.00_r0.940_T70_P225,transit_fwhm_rel,0.964559,0.965445,,PASS,the Monte Carlo against the form the fit uses at this node,6a468472af4bbda8,400000,0,2026-09-26T10:59:05,DIAGNOSTIC
w58.0_m1.00_r0.940_T70_P225,transit_shape_rel,1.00031,1,,PASS,the Monte Carlo against the form the fit uses at this node,6a468472af4bbda8,400000,0,2026-09-26T10:59:05,DIAGNOSTIC
w58.0_m1.00_r0.940_T70_P225,ramp_mu2_rel,0.0529515,0.0528963,,PASS,the Monte Carlo against the form the fit uses at this node,6a468472af4bbda8,400000,0,2026-09-26T10:59:05,DIAGNOSTIC
w58.0_m1.00_r0.940_T70_P225,ramp_mu3_rel,-0.00674909,-0.00670449,,PASS,the Monte Carlo against the form the fit uses at this node,6a468472af4bbda8,400000,0,2026-09-26T10:59:05,DIAGNOSTIC
w58.0_m1.00_r0.940_T70_P225,amplitude_power_law_abs,1.91422,1.91141,,PASS,the Monte Carlo against the form the fit uses at this node,6a468472af4bbda8,400000,0,2026-09-26T10:59:05,DIAGNOSTIC
w58.0_m1.00_r0.940_T70_P225,shares_abs,0.000382228,0,,PASS,the Monte Carlo against the form the fit uses at this node,6a468472af4bbda8,400000,0,2026-09-26T10:59:05,DIAGNOSTIC
w58.0_m1.00_r0.940_T70_P225,joint_shape_abs,0.00383958,0,,PASS,the Monte Carlo against the form the fit uses at this node,6a468472af4bbda8,400000,0,2026-09-26T10:59:05,DIAGNOSTIC
w58.0_m1.00_r0.940_T70_P225,joint_moment_sigma_abs,1.30688,0,,PASS,the Monte Carlo against the form the fit uses at this node,6a468472af4bbda8,400000,0,2026-09-26T10:59:05,DIAGNOSTIC
w58.0_m1.00_r0.940_T70_P225,depleted_line_abs,0.000314266,0,,PASS,the Monte Carlo against the form the fit uses at this node,6a468472af4bbda8,400000,0,2026-09-26T10:59:05,DIAGNOSTIC
w58.0_m1.00_r0.940_T70_P225,depletion_widening_rel_4207,0.00451988,,,PASS,"what a transit fit reads from the surviving kernel after the natural Lorentzian, over the bare one: the factor the fit carries",6a468472af4bbda8,400000,0,2026-09-26T10:59:05,DIAGNOSTIC
w58.0_m1.00_r0.940_T70_P225,depletion_widening_rel_4192,0.00499841,,,PASS,"what a transit fit reads from the surviving kernel after the natural Lorentzian, over the bare one: the factor the fit carries",6a468472af4bbda8,400000,0,2026-09-26T10:59:05,DIAGNOSTIC
w58.0_m1.00_r0.940_T70_P225,depletion_widening_rel_4154,0.00687661,,,PASS,"what a transit fit reads from the surviving kernel after the natural Lorentzian, over the bare one: the factor the fit carries",6a468472af4bbda8,400000,0,2026-09-26T10:59:05,DIAGNOSTIC
w58.0_m1.00_r0.940_T70_P225,depletion_widening_rel_4121,0.00733782,,,PASS,"what a transit fit reads from the surviving kernel after the natural Lorentzian, over the bare one: the factor the fit carries",6a468472af4bbda8,400000,0,2026-09-26T10:59:05,DIAGNOSTIC
w58.0_m1.00_r0.940_T70_P225,depletion_fwhm_rel_4207,0.0463925,,,PASS,"the surviving transit kernel's FWHM over the bare collected kernel's, the core-flattening diagnostic",6a468472af4bbda8,400000,0,2026-09-26T10:59:05,DIAGNOSTIC
w58.0_m1.00_r0.940_T70_P225,depletion_fwhm_rel_4192,0.0501207,,,PASS,"the surviving transit kernel's FWHM over the bare collected kernel's, the core-flattening diagnostic",6a468472af4bbda8,400000,0,2026-09-26T10:59:05,DIAGNOSTIC
w58.0_m1.00_r0.940_T70_P225,depletion_fwhm_rel_4154,0.0639738,,,PASS,"the surviving transit kernel's FWHM over the bare collected kernel's, the core-flattening diagnostic",6a468472af4bbda8,400000,0,2026-09-26T10:59:05,DIAGNOSTIC
w58.0_m1.00_r0.940_T70_P225,depletion_fwhm_rel_4121,0.0671875,,,PASS,"the surviving transit kernel's FWHM over the bare collected kernel's, the core-flattening diagnostic",6a468472af4bbda8,400000,0,2026-09-26T10:59:05,DIAGNOSTIC
w58.0_m1.00_r0.940_T70_P225,shares_shift_abs,0.00111806,,,PASS,the largest move of a line's share from the thermal law to the depleted one: the physical shift,6a468472af4bbda8,400000,0,2026-09-26T10:59:05,DIAGNOSTIC
w58.0_m1.00_r0.940_T70_P225,cycles_on_axis,0.116964,,,PASS,excitation cycles on the central chord at the mean transverse speed,6a468472af4bbda8,400000,0,2026-09-26T10:59:05,DIAGNOSTIC
w58.0_m1.00_r0.940_T70_P225,cycles_mean_over_chords,0.0174973,,,PASS,the flux-weighted mean over every chord,6a468472af4bbda8,400000,0,2026-09-26T10:59:05,DIAGNOSTIC
w58.0_m1.00_r0.940_T90_P225,transit_fwhm_rel,0.99227,0.993182,,PASS,the Monte Carlo against the form the fit uses at this node,6a468472af4bbda8,400000,0,2026-09-26T10:59:06,DIAGNOSTIC
w58.0_m1.00_r0.940_T90_P225,transit_shape_rel,1.00031,1,,PASS,the Monte Carlo against the form the fit uses at this node,6a468472af4bbda8,400000,0,2026-09-26T10:59:06,DIAGNOSTIC
w58.0_m1.00_r0.940_T90_P225,ramp_mu2_rel,0.0529515,0.0528963,,PASS,the Monte Carlo against the form the fit uses at this node,6a468472af4bbda8,400000,0,2026-09-26T10:59:06,DIAGNOSTIC
w58.0_m1.00_r0.940_T90_P225,ramp_mu3_rel,-0.00674909,-0.00670449,,PASS,the Monte Carlo against the form the fit uses at this node,6a468472af4bbda8,400000,0,2026-09-26T10:59:06,DIAGNOSTIC
w58.0_m1.00_r0.940_T90_P225,amplitude_power_law_abs,1.91493,1.9122,,PASS,the Monte Carlo against the form the fit uses at this node,6a468472af4bbda8,400000,0,2026-09-26T10:59:06,DIAGNOSTIC
w58.0_m1.00_r0.940_T90_P225,shares_abs,0.000370451,0,,PASS,the Monte Carlo against the form the fit uses at this node,6a468472af4bbda8,400000,0,2026-09-26T10:59:06,DIAGNOSTIC
w58.0_m1.00_r0.940_T90_P225,joint_shape_abs,0.00388036,0,,PASS,the Monte Carlo against the form the fit uses at this node,6a468472af4bbda8,400000,0,2026-09-26T10:59:06,DIAGNOSTIC
w58.0_m1.00_r0.940_T90_P225,joint_moment_sigma_abs,1.36924,0,,PASS,the Monte Carlo against the form the fit uses at this node,6a468472af4bbda8,400000,0,2026-09-26T10:59:06,DIAGNOSTIC
w58.0_m1.00_r0.940_T90_P225,depleted_line_abs,0.000325876,0,,PASS,the Monte Carlo against the form the fit uses at this node,6a468472af4bbda8,400000,0,2026-09-26T10:59:06,DIAGNOSTIC
w58.0_m1.00_r0.940_T90_P225,depletion_widening_rel_4207,0.00442336,,,PASS,"what a transit fit reads from the surviving kernel after the natural Lorentzian, over the bare one: the factor the fit carries",6a468472af4bbda8,400000,0,2026-09-26T10:59:06,DIAGNOSTIC
w58.0_m1.00_r0.940_T90_P225,depletion_widening_rel_4192,0.00489204,,,PASS,"what a transit fit reads from the surviving kernel after the natural Lorentzian, over the bare one: the factor the fit carries",6a468472af4bbda8,400000,0,2026-09-26T10:59:06,DIAGNOSTIC
w58.0_m1.00_r0.940_T90_P225,depletion_widening_rel_4154,0.00673215,,,PASS,"what a transit fit reads from the surviving kernel after the natural Lorentzian, over the bare one: the factor the fit carries",6a468472af4bbda8,400000,0,2026-09-26T10:59:06,DIAGNOSTIC
w58.0_m1.00_r0.940_T90_P225,depletion_widening_rel_4121,0.00718414,,,PASS,"what a transit fit reads from the surviving kernel after the natural Lorentzian, over the bare one: the factor the fit carries",6a468472af4bbda8,400000,0,2026-09-26T10:59:06,DIAGNOSTIC
w58.0_m1.00_r0.940_T90_P225,depletion_fwhm_rel_4207,0.0454328,,,PASS,"the surviving transit kernel's FWHM over the bare collected kernel's, the core-flattening diagnostic",6a468472af4bbda8,400000,0,2026-09-26T10:59:06,DIAGNOSTIC
w58.0_m1.00_r0.940_T90_P225,depletion_fwhm_rel_4192,0.0490935,,,PASS,"the surviving transit kernel's FWHM over the bare collected kernel's, the core-flattening diagnostic",6a468472af4bbda8,400000,0,2026-09-26T10:59:06,DIAGNOSTIC
w58.0_m1.00_r0.940_T90_P225,depletion_fwhm_rel_4154,0.0626927,,,PASS,"the surviving transit kernel's FWHM over the bare collected kernel's, the core-flattening diagnostic",6a468472af4bbda8,400000,0,2026-09-26T10:59:06,DIAGNOSTIC
w58.0_m1.00_r0.940_T90_P225,depletion_fwhm_rel_4121,0.065852,,,PASS,"the surviving transit kernel's FWHM over the bare collected kernel's, the core-flattening diagnostic",6a468472af4bbda8,400000,0,2026-09-26T10:59:06,DIAGNOSTIC
w58.0_m1.00_r0.940_T90_P225,shares_shift_abs,0.00108823,,,PASS,the largest move of a line's share from the thermal law to the depleted one: the physical shift,6a468472af4bbda8,400000,0,2026-09-26T10:59:06,DIAGNOSTIC
w58.0_m1.00_r0.940_T90_P225,cycles_on_axis,0.113698,,,PASS,excitation cycles on the central chord at the mean transverse speed,6a468472af4bbda8,400000,0,2026-09-26T10:59:06,DIAGNOSTIC
w58.0_m1.00_r0.940_T90_P225,cycles_mean_over_chords,0.0170086,,,PASS,the flux-weighted mean over every chord,6a468472af4bbda8,400000,0,2026-09-26T10:59:06,DIAGNOSTIC
