peak,dBIC_voigt_minus_lehmann,chi2_voigt,chi2_lehmann,chi2_full,full_gauss,full_exp,status
4121,0.4139381821787538,3117.844351009977,3117.430412827798,3117.5435709901176,0.8413058950008617,0.8954141595107942,NULL
4154,0.9329245831659136,2542.609509644904,2541.676585061738,2542.310550370589,1.8250756376373156,0.54336053355913,NULL
4192,3.608384356744409,3435.3393010185064,3431.730916661762,3430.8757272745493,1.0830395863149413,1.1887494019521125,NULL
4207,-0.13781458127778023,3878.9518342898036,3879.0896488710814,3878.9822411166188,2.2497937090844133,0.3140199962828183,NULL
