gamma_l_mhz,noise_level,scope,scope_mode,window_mhz,resolve_shift,order,s0_mhz,k_median,k_se_median,frac_negative,n_traces,k_quiet,frac_wrong_sign,snr_true,traces_to_3sigma,status,note
0,0.004,rtm3004,hires,3.25,true,3,0.364,2.768182e-05,8.368e-06,0.492,40000,2.301769e-05,0.492,2.751,4.758e+04,NULL,"one rung of the ladder: the median windowed cumulant of this order over n_traces twin traces, its standard error as a median, the fraction of traces returning a negative value, the same estimator's value on a noiseless trace of this rung (k_quiet), the fraction of traces whose sign differs from k_quiet's (the fifth order's true sign is negative), and the quiet value over the standard error, and the trace count at which the median would stand three standard errors from zero, n (3 se / k_quiet)^2. The status is DIAGNOSTIC when frac_wrong_sign is below 0.35, which under a coin flip sits 13 standard deviations below one half at two thousand traces and 60 at forty thousand"
0,0.004,rtm3004,hires,3.25,true,3,0.5,6.626037e-05,8.382e-06,0.481,40000,5.932222e-05,0.481,7.077,7.188e+03,NULL,"one rung of the ladder: the median windowed cumulant of this order over n_traces twin traces, its standard error as a median, the fraction of traces returning a negative value, the same estimator's value on a noiseless trace of this rung (k_quiet), the fraction of traces whose sign differs from k_quiet's (the fifth order's true sign is negative), and the quiet value over the standard error, and the trace count at which the median would stand three standard errors from zero, n (3 se / k_quiet)^2. The status is DIAGNOSTIC when frac_wrong_sign is below 0.35, which under a coin flip sits 13 standard deviations below one half at two thousand traces and 60 at forty thousand"
0,0.004,rtm3004,hires,3.25,true,3,0.73,1.943673e-04,8.377e-06,0.441,40000,1.859978e-04,0.441,22.205,7.302e+02,NULL,"one rung of the ladder: the median windowed cumulant of this order over n_traces twin traces, its standard error as a median, the fraction of traces returning a negative value, the same estimator's value on a noiseless trace of this rung (k_quiet), the fraction of traces whose sign differs from k_quiet's (the fifth order's true sign is negative), and the quiet value over the standard error, and the trace count at which the median would stand three standard errors from zero, n (3 se / k_quiet)^2. The status is DIAGNOSTIC when frac_wrong_sign is below 0.35, which under a coin flip sits 13 standard deviations below one half at two thousand traces and 60 at forty thousand"
0,0.004,rtm3004,hires,3.25,true,3,1,4.831244e-04,8.374e-06,0.359,40000,4.825477e-04,0.359,57.624,1.084e+02,NULL,"one rung of the ladder: the median windowed cumulant of this order over n_traces twin traces, its standard error as a median, the fraction of traces returning a negative value, the same estimator's value on a noiseless trace of this rung (k_quiet), the fraction of traces whose sign differs from k_quiet's (the fifth order's true sign is negative), and the quiet value over the standard error, and the trace count at which the median would stand three standard errors from zero, n (3 se / k_quiet)^2. The status is DIAGNOSTIC when frac_wrong_sign is below 0.35, which under a coin flip sits 13 standard deviations below one half at two thousand traces and 60 at forty thousand"
0,0.004,rtm3004,hires,3.25,true,3,2,3.597862e-03,8.315e-06,0.003,40000,3.597297e-03,0.003,432.651,1.923e+00,DIAGNOSTIC,"one rung of the ladder: the median windowed cumulant of this order over n_traces twin traces, its standard error as a median, the fraction of traces returning a negative value, the same estimator's value on a noiseless trace of this rung (k_quiet), the fraction of traces whose sign differs from k_quiet's (the fifth order's true sign is negative), and the quiet value over the standard error, and the trace count at which the median would stand three standard errors from zero, n (3 se / k_quiet)^2. The status is DIAGNOSTIC when frac_wrong_sign is below 0.35, which under a coin flip sits 13 standard deviations below one half at two thousand traces and 60 at forty thousand"
0,0.004,rtm3004,hires,3.25,true,5,0.364,-3.932287e-04,1.343e-04,0.508,40000,-3.884805e-04,0.492,2.894,4.300e+04,NULL,"one rung of the ladder: the median windowed cumulant of this order over n_traces twin traces, its standard error as a median, the fraction of traces returning a negative value, the same estimator's value on a noiseless trace of this rung (k_quiet), the fraction of traces whose sign differs from k_quiet's (the fifth order's true sign is negative), and the quiet value over the standard error, and the trace count at which the median would stand three standard errors from zero, n (3 se / k_quiet)^2. The status is DIAGNOSTIC when frac_wrong_sign is below 0.35, which under a coin flip sits 13 standard deviations below one half at two thousand traces and 60 at forty thousand"
0,0.004,rtm3004,hires,3.25,true,5,0.5,-1.066549e-03,1.348e-04,0.520,40000,-1.003169e-03,0.480,7.444,6.497e+03,NULL,"one rung of the ladder: the median windowed cumulant of this order over n_traces twin traces, its standard error as a median, the fraction of traces returning a negative value, the same estimator's value on a noiseless trace of this rung (k_quiet), the fraction of traces whose sign differs from k_quiet's (the fifth order's true sign is negative), and the quiet value over the standard error, and the trace count at which the median would stand three standard errors from zero, n (3 se / k_quiet)^2. The status is DIAGNOSTIC when frac_wrong_sign is below 0.35, which under a coin flip sits 13 standard deviations below one half at two thousand traces and 60 at forty thousand"
0,0.004,rtm3004,hires,3.25,true,5,0.73,-3.310780e-03,1.348e-04,0.560,40000,-3.133666e-03,0.440,23.254,6.658e+02,NULL,"one rung of the ladder: the median windowed cumulant of this order over n_traces twin traces, its standard error as a median, the fraction of traces returning a negative value, the same estimator's value on a noiseless trace of this rung (k_quiet), the fraction of traces whose sign differs from k_quiet's (the fifth order's true sign is negative), and the quiet value over the standard error, and the trace count at which the median would stand three standard errors from zero, n (3 se / k_quiet)^2. The status is DIAGNOSTIC when frac_wrong_sign is below 0.35, which under a coin flip sits 13 standard deviations below one half at two thousand traces and 60 at forty thousand"
0,0.004,rtm3004,hires,3.25,true,5,1,-8.229862e-03,1.355e-04,0.647,40000,-8.162573e-03,0.353,60.261,9.914e+01,NULL,"one rung of the ladder: the median windowed cumulant of this order over n_traces twin traces, its standard error as a median, the fraction of traces returning a negative value, the same estimator's value on a noiseless trace of this rung (k_quiet), the fraction of traces whose sign differs from k_quiet's (the fifth order's true sign is negative), and the quiet value over the standard error, and the trace count at which the median would stand three standard errors from zero, n (3 se / k_quiet)^2. The status is DIAGNOSTIC when frac_wrong_sign is below 0.35, which under a coin flip sits 13 standard deviations below one half at two thousand traces and 60 at forty thousand"
0,0.004,rtm3004,hires,3.25,true,5,2,-6.150115e-02,1.367e-04,0.998,40000,-6.159941e-02,0.002,450.780,1.772e+00,DIAGNOSTIC,"one rung of the ladder: the median windowed cumulant of this order over n_traces twin traces, its standard error as a median, the fraction of traces returning a negative value, the same estimator's value on a noiseless trace of this rung (k_quiet), the fraction of traces whose sign differs from k_quiet's (the fifth order's true sign is negative), and the quiet value over the standard error, and the trace count at which the median would stand three standard errors from zero, n (3 se / k_quiet)^2. The status is DIAGNOSTIC when frac_wrong_sign is below 0.35, which under a coin flip sits 13 standard deviations below one half at two thousand traces and 60 at forty thousand"
0,0.004,rtm3004,hires,3.25,true,7,0.364,1.286394e-02,4.026e-03,0.492,40000,1.179127e-02,0.492,2.929,4.197e+04,NULL,"one rung of the ladder: the median windowed cumulant of this order over n_traces twin traces, its standard error as a median, the fraction of traces returning a negative value, the same estimator's value on a noiseless trace of this rung (k_quiet), the fraction of traces whose sign differs from k_quiet's (the fifth order's true sign is negative), and the quiet value over the standard error, and the trace count at which the median would stand three standard errors from zero, n (3 se / k_quiet)^2. The status is DIAGNOSTIC when frac_wrong_sign is below 0.35, which under a coin flip sits 13 standard deviations below one half at two thousand traces and 60 at forty thousand"
0,0.004,rtm3004,hires,3.25,true,7,0.5,3.187506e-02,4.046e-03,0.479,40000,3.047735e-02,0.479,7.533,6.345e+03,NULL,"one rung of the ladder: the median windowed cumulant of this order over n_traces twin traces, its standard error as a median, the fraction of traces returning a negative value, the same estimator's value on a noiseless trace of this rung (k_quiet), the fraction of traces whose sign differs from k_quiet's (the fifth order's true sign is negative), and the quiet value over the standard error, and the trace count at which the median would stand three standard errors from zero, n (3 se / k_quiet)^2. The status is DIAGNOSTIC when frac_wrong_sign is below 0.35, which under a coin flip sits 13 standard deviations below one half at two thousand traces and 60 at forty thousand"
0,0.004,rtm3004,hires,3.25,true,7,0.73,9.984997e-02,4.053e-03,0.439,40000,9.527370e-02,0.439,23.508,6.515e+02,NULL,"one rung of the ladder: the median windowed cumulant of this order over n_traces twin traces, its standard error as a median, the fraction of traces returning a negative value, the same estimator's value on a noiseless trace of this rung (k_quiet), the fraction of traces whose sign differs from k_quiet's (the fifth order's true sign is negative), and the quiet value over the standard error, and the trace count at which the median would stand three standard errors from zero, n (3 se / k_quiet)^2. The status is DIAGNOSTIC when frac_wrong_sign is below 0.35, which under a coin flip sits 13 standard deviations below one half at two thousand traces and 60 at forty thousand"
0,0.004,rtm3004,hires,3.25,true,7,1,2.510986e-01,4.090e-03,0.351,40000,2.489782e-01,0.351,60.868,9.717e+01,NULL,"one rung of the ladder: the median windowed cumulant of this order over n_traces twin traces, its standard error as a median, the fraction of traces returning a negative value, the same estimator's value on a noiseless trace of this rung (k_quiet), the fraction of traces whose sign differs from k_quiet's (the fifth order's true sign is negative), and the quiet value over the standard error, and the trace count at which the median would stand three standard errors from zero, n (3 se / k_quiet)^2. The status is DIAGNOSTIC when frac_wrong_sign is below 0.35, which under a coin flip sits 13 standard deviations below one half at two thousand traces and 60 at forty thousand"
0,0.004,rtm3004,hires,3.25,true,7,2,1.910487e+00,4.207e-03,0.002,40000,1.912966e+00,0.002,454.678,1.741e+00,DIAGNOSTIC,"one rung of the ladder: the median windowed cumulant of this order over n_traces twin traces, its standard error as a median, the fraction of traces returning a negative value, the same estimator's value on a noiseless trace of this rung (k_quiet), the fraction of traces whose sign differs from k_quiet's (the fifth order's true sign is negative), and the quiet value over the standard error, and the trace count at which the median would stand three standard errors from zero, n (3 se / k_quiet)^2. The status is DIAGNOSTIC when frac_wrong_sign is below 0.35, which under a coin flip sits 13 standard deviations below one half at two thousand traces and 60 at forty thousand"
0,0.004,rtm3004,hires,4,true,3,0.364,6.478386e-05,1.451e-05,0.488,40000,4.595000e-05,0.488,3.166,3.591e+04,NULL,"one rung of the ladder: the median windowed cumulant of this order over n_traces twin traces, its standard error as a median, the fraction of traces returning a negative value, the same estimator's value on a noiseless trace of this rung (k_quiet), the fraction of traces whose sign differs from k_quiet's (the fifth order's true sign is negative), and the quiet value over the standard error, and the trace count at which the median would stand three standard errors from zero, n (3 se / k_quiet)^2. The status is DIAGNOSTIC when frac_wrong_sign is below 0.35, which under a coin flip sits 13 standard deviations below one half at two thousand traces and 60 at forty thousand"
0,0.004,rtm3004,hires,4,true,3,0.5,1.355671e-04,1.443e-05,0.477,40000,1.212642e-04,0.477,8.403,5.098e+03,NULL,"one rung of the ladder: the median windowed cumulant of this order over n_traces twin traces, its standard error as a median, the fraction of traces returning a negative value, the same estimator's value on a noiseless trace of this rung (k_quiet), the fraction of traces whose sign differs from k_quiet's (the fifth order's true sign is negative), and the quiet value over the standard error, and the trace count at which the median would stand three standard errors from zero, n (3 se / k_quiet)^2. The status is DIAGNOSTIC when frac_wrong_sign is below 0.35, which under a coin flip sits 13 standard deviations below one half at two thousand traces and 60 at forty thousand"
0,0.004,rtm3004,hires,4,true,3,0.73,3.628716e-04,1.443e-05,0.437,40000,3.723190e-04,0.437,25.799,5.409e+02,NULL,"one rung of the ladder: the median windowed cumulant of this order over n_traces twin traces, its standard error as a median, the fraction of traces returning a negative value, the same estimator's value on a noiseless trace of this rung (k_quiet), the fraction of traces whose sign differs from k_quiet's (the fifth order's true sign is negative), and the quiet value over the standard error, and the trace count at which the median would stand three standard errors from zero, n (3 se / k_quiet)^2. The status is DIAGNOSTIC when frac_wrong_sign is below 0.35, which under a coin flip sits 13 standard deviations below one half at two thousand traces and 60 at forty thousand"
0,0.004,rtm3004,hires,4,true,3,1,9.444854e-04,1.461e-05,0.341,40000,9.644673e-04,0.341,65.995,8.266e+01,DIAGNOSTIC,"one rung of the ladder: the median windowed cumulant of this order over n_traces twin traces, its standard error as a median, the fraction of traces returning a negative value, the same estimator's value on a noiseless trace of this rung (k_quiet), the fraction of traces whose sign differs from k_quiet's (the fifth order's true sign is negative), and the quiet value over the standard error, and the trace count at which the median would stand three standard errors from zero, n (3 se / k_quiet)^2. The status is DIAGNOSTIC when frac_wrong_sign is below 0.35, which under a coin flip sits 13 standard deviations below one half at two thousand traces and 60 at forty thousand"
0,0.004,rtm3004,hires,4,true,3,2,7.356029e-03,1.445e-05,0.001,40000,7.358702e-03,0.001,509.208,1.388e+00,DIAGNOSTIC,"one rung of the ladder: the median windowed cumulant of this order over n_traces twin traces, its standard error as a median, the fraction of traces returning a negative value, the same estimator's value on a noiseless trace of this rung (k_quiet), the fraction of traces whose sign differs from k_quiet's (the fifth order's true sign is negative), and the quiet value over the standard error, and the trace count at which the median would stand three standard errors from zero, n (3 se / k_quiet)^2. The status is DIAGNOSTIC when frac_wrong_sign is below 0.35, which under a coin flip sits 13 standard deviations below one half at two thousand traces and 60 at forty thousand"
0,0.004,rtm3004,hires,4,true,5,0.364,-1.310351e-03,3.017e-04,0.511,40000,-1.041456e-03,0.489,3.452,3.021e+04,NULL,"one rung of the ladder: the median windowed cumulant of this order over n_traces twin traces, its standard error as a median, the fraction of traces returning a negative value, the same estimator's value on a noiseless trace of this rung (k_quiet), the fraction of traces whose sign differs from k_quiet's (the fifth order's true sign is negative), and the quiet value over the standard error, and the trace count at which the median would stand three standard errors from zero, n (3 se / k_quiet)^2. The status is DIAGNOSTIC when frac_wrong_sign is below 0.35, which under a coin flip sits 13 standard deviations below one half at two thousand traces and 60 at forty thousand"
0,0.004,rtm3004,hires,4,true,5,0.5,-2.697390e-03,2.997e-04,0.522,40000,-2.730087e-03,0.478,9.110,4.338e+03,NULL,"one rung of the ladder: the median windowed cumulant of this order over n_traces twin traces, its standard error as a median, the fraction of traces returning a negative value, the same estimator's value on a noiseless trace of this rung (k_quiet), the fraction of traces whose sign differs from k_quiet's (the fifth order's true sign is negative), and the quiet value over the standard error, and the trace count at which the median would stand three standard errors from zero, n (3 se / k_quiet)^2. The status is DIAGNOSTIC when frac_wrong_sign is below 0.35, which under a coin flip sits 13 standard deviations below one half at two thousand traces and 60 at forty thousand"
0,0.004,rtm3004,hires,4,true,5,0.73,-8.253377e-03,3.006e-04,0.567,40000,-8.427082e-03,0.433,28.037,4.580e+02,NULL,"one rung of the ladder: the median windowed cumulant of this order over n_traces twin traces, its standard error as a median, the fraction of traces returning a negative value, the same estimator's value on a noiseless trace of this rung (k_quiet), the fraction of traces whose sign differs from k_quiet's (the fifth order's true sign is negative), and the quiet value over the standard error, and the trace count at which the median would stand three standard errors from zero, n (3 se / k_quiet)^2. The status is DIAGNOSTIC when frac_wrong_sign is below 0.35, which under a coin flip sits 13 standard deviations below one half at two thousand traces and 60 at forty thousand"
0,0.004,rtm3004,hires,4,true,5,1,-2.141966e-02,3.057e-04,0.674,40000,-2.188537e-02,0.326,71.602,7.022e+01,DIAGNOSTIC,"one rung of the ladder: the median windowed cumulant of this order over n_traces twin traces, its standard error as a median, the fraction of traces returning a negative value, the same estimator's value on a noiseless trace of this rung (k_quiet), the fraction of traces whose sign differs from k_quiet's (the fifth order's true sign is negative), and the quiet value over the standard error, and the trace count at which the median would stand three standard errors from zero, n (3 se / k_quiet)^2. The status is DIAGNOSTIC when frac_wrong_sign is below 0.35, which under a coin flip sits 13 standard deviations below one half at two thousand traces and 60 at forty thousand"
0,0.004,rtm3004,hires,4,true,5,2,-1.692935e-01,3.083e-04,1.000,40000,-1.691556e-01,0.000,548.757,1.195e+00,DIAGNOSTIC,"one rung of the ladder: the median windowed cumulant of this order over n_traces twin traces, its standard error as a median, the fraction of traces returning a negative value, the same estimator's value on a noiseless trace of this rung (k_quiet), the fraction of traces whose sign differs from k_quiet's (the fifth order's true sign is negative), and the quiet value over the standard error, and the trace count at which the median would stand three standard errors from zero, n (3 se / k_quiet)^2. The status is DIAGNOSTIC when frac_wrong_sign is below 0.35, which under a coin flip sits 13 standard deviations below one half at two thousand traces and 60 at forty thousand"
0,0.004,rtm3004,hires,4,true,7,0.364,4.896235e-02,1.140e-02,0.490,40000,4.038277e-02,0.490,3.544,2.867e+04,NULL,"one rung of the ladder: the median windowed cumulant of this order over n_traces twin traces, its standard error as a median, the fraction of traces returning a negative value, the same estimator's value on a noiseless trace of this rung (k_quiet), the fraction of traces whose sign differs from k_quiet's (the fifth order's true sign is negative), and the quiet value over the standard error, and the trace count at which the median would stand three standard errors from zero, n (3 se / k_quiet)^2. The status is DIAGNOSTIC when frac_wrong_sign is below 0.35, which under a coin flip sits 13 standard deviations below one half at two thousand traces and 60 at forty thousand"
0,0.004,rtm3004,hires,4,true,7,0.5,1.051410e-01,1.133e-02,0.477,40000,1.057442e-01,0.477,9.337,4.130e+03,NULL,"one rung of the ladder: the median windowed cumulant of this order over n_traces twin traces, its standard error as a median, the fraction of traces returning a negative value, the same estimator's value on a noiseless trace of this rung (k_quiet), the fraction of traces whose sign differs from k_quiet's (the fifth order's true sign is negative), and the quiet value over the standard error, and the trace count at which the median would stand three standard errors from zero, n (3 se / k_quiet)^2. The status is DIAGNOSTIC when frac_wrong_sign is below 0.35, which under a coin flip sits 13 standard deviations below one half at two thousand traces and 60 at forty thousand"
0,0.004,rtm3004,hires,4,true,7,0.73,3.197506e-01,1.139e-02,0.430,40000,3.274517e-01,0.430,28.745,4.357e+02,NULL,"one rung of the ladder: the median windowed cumulant of this order over n_traces twin traces, its standard error as a median, the fraction of traces returning a negative value, the same estimator's value on a noiseless trace of this rung (k_quiet), the fraction of traces whose sign differs from k_quiet's (the fifth order's true sign is negative), and the quiet value over the standard error, and the trace count at which the median would stand three standard errors from zero, n (3 se / k_quiet)^2. The status is DIAGNOSTIC when frac_wrong_sign is below 0.35, which under a coin flip sits 13 standard deviations below one half at two thousand traces and 60 at forty thousand"
0,0.004,rtm3004,hires,4,true,7,1,8.330142e-01,1.163e-02,0.322,40000,8.537667e-01,0.322,73.407,6.681e+01,DIAGNOSTIC,"one rung of the ladder: the median windowed cumulant of this order over n_traces twin traces, its standard error as a median, the fraction of traces returning a negative value, the same estimator's value on a noiseless trace of this rung (k_quiet), the fraction of traces whose sign differs from k_quiet's (the fifth order's true sign is negative), and the quiet value over the standard error, and the trace count at which the median would stand three standard errors from zero, n (3 se / k_quiet)^2. The status is DIAGNOSTIC when frac_wrong_sign is below 0.35, which under a coin flip sits 13 standard deviations below one half at two thousand traces and 60 at forty thousand"
0,0.004,rtm3004,hires,4,true,7,2,6.751994e+00,1.203e-02,0.000,40000,6.744432e+00,0.000,560.669,1.145e+00,DIAGNOSTIC,"one rung of the ladder: the median windowed cumulant of this order over n_traces twin traces, its standard error as a median, the fraction of traces returning a negative value, the same estimator's value on a noiseless trace of this rung (k_quiet), the fraction of traces whose sign differs from k_quiet's (the fifth order's true sign is negative), and the quiet value over the standard error, and the trace count at which the median would stand three standard errors from zero, n (3 se / k_quiet)^2. The status is DIAGNOSTIC when frac_wrong_sign is below 0.35, which under a coin flip sits 13 standard deviations below one half at two thousand traces and 60 at forty thousand"
0,0.004,rtm3004,hires,6,true,3,0.364,7.107464e-05,4.332e-05,0.496,40000,1.185669e-04,0.496,2.737,4.805e+04,NULL,"one rung of the ladder: the median windowed cumulant of this order over n_traces twin traces, its standard error as a median, the fraction of traces returning a negative value, the same estimator's value on a noiseless trace of this rung (k_quiet), the fraction of traces whose sign differs from k_quiet's (the fifth order's true sign is negative), and the quiet value over the standard error, and the trace count at which the median would stand three standard errors from zero, n (3 se / k_quiet)^2. The status is DIAGNOSTIC when frac_wrong_sign is below 0.35, which under a coin flip sits 13 standard deviations below one half at two thousand traces and 60 at forty thousand"
0,0.004,rtm3004,hires,6,true,3,0.5,3.029340e-04,4.340e-05,0.482,40000,3.106997e-04,0.482,7.159,7.025e+03,NULL,"one rung of the ladder: the median windowed cumulant of this order over n_traces twin traces, its standard error as a median, the fraction of traces returning a negative value, the same estimator's value on a noiseless trace of this rung (k_quiet), the fraction of traces whose sign differs from k_quiet's (the fifth order's true sign is negative), and the quiet value over the standard error, and the trace count at which the median would stand three standard errors from zero, n (3 se / k_quiet)^2. The status is DIAGNOSTIC when frac_wrong_sign is below 0.35, which under a coin flip sits 13 standard deviations below one half at two thousand traces and 60 at forty thousand"
0,0.004,rtm3004,hires,6,true,3,0.73,9.630851e-04,4.353e-05,0.445,40000,9.560657e-04,0.445,21.964,7.462e+02,NULL,"one rung of the ladder: the median windowed cumulant of this order over n_traces twin traces, its standard error as a median, the fraction of traces returning a negative value, the same estimator's value on a noiseless trace of this rung (k_quiet), the fraction of traces whose sign differs from k_quiet's (the fifth order's true sign is negative), and the quiet value over the standard error, and the trace count at which the median would stand three standard errors from zero, n (3 se / k_quiet)^2. The status is DIAGNOSTIC when frac_wrong_sign is below 0.35, which under a coin flip sits 13 standard deviations below one half at two thousand traces and 60 at forty thousand"
0,0.004,rtm3004,hires,6,true,3,1,2.470477e-03,4.323e-05,0.358,40000,2.484176e-03,0.358,57.463,1.090e+02,NULL,"one rung of the ladder: the median windowed cumulant of this order over n_traces twin traces, its standard error as a median, the fraction of traces returning a negative value, the same estimator's value on a noiseless trace of this rung (k_quiet), the fraction of traces whose sign differs from k_quiet's (the fifth order's true sign is negative), and the quiet value over the standard error, and the trace count at which the median would stand three standard errors from zero, n (3 se / k_quiet)^2. The status is DIAGNOSTIC when frac_wrong_sign is below 0.35, which under a coin flip sits 13 standard deviations below one half at two thousand traces and 60 at forty thousand"
0,0.004,rtm3004,hires,6,true,3,2,1.961589e-02,4.277e-05,0.002,40000,1.963304e-02,0.002,459.019,1.709e+00,DIAGNOSTIC,"one rung of the ladder: the median windowed cumulant of this order over n_traces twin traces, its standard error as a median, the fraction of traces returning a negative value, the same estimator's value on a noiseless trace of this rung (k_quiet), the fraction of traces whose sign differs from k_quiet's (the fifth order's true sign is negative), and the quiet value over the standard error, and the trace count at which the median would stand three standard errors from zero, n (3 se / k_quiet)^2. The status is DIAGNOSTIC when frac_wrong_sign is below 0.35, which under a coin flip sits 13 standard deviations below one half at two thousand traces and 60 at forty thousand"
0,0.004,rtm3004,hires,6,true,5,0.364,-3.026915e-03,1.290e-03,0.506,40000,-4.438836e-03,0.494,3.440,3.042e+04,NULL,"one rung of the ladder: the median windowed cumulant of this order over n_traces twin traces, its standard error as a median, the fraction of traces returning a negative value, the same estimator's value on a noiseless trace of this rung (k_quiet), the fraction of traces whose sign differs from k_quiet's (the fifth order's true sign is negative), and the quiet value over the standard error, and the trace count at which the median would stand three standard errors from zero, n (3 se / k_quiet)^2. The status is DIAGNOSTIC when frac_wrong_sign is below 0.35, which under a coin flip sits 13 standard deviations below one half at two thousand traces and 60 at forty thousand"
0,0.004,rtm3004,hires,6,true,5,0.5,-1.239018e-02,1.292e-03,0.523,40000,-1.156865e-02,0.477,8.952,4.493e+03,NULL,"one rung of the ladder: the median windowed cumulant of this order over n_traces twin traces, its standard error as a median, the fraction of traces returning a negative value, the same estimator's value on a noiseless trace of this rung (k_quiet), the fraction of traces whose sign differs from k_quiet's (the fifth order's true sign is negative), and the quiet value over the standard error, and the trace count at which the median would stand three standard errors from zero, n (3 se / k_quiet)^2. The status is DIAGNOSTIC when frac_wrong_sign is below 0.35, which under a coin flip sits 13 standard deviations below one half at two thousand traces and 60 at forty thousand"
0,0.004,rtm3004,hires,6,true,5,0.73,-3.492396e-02,1.300e-03,0.567,40000,-3.580820e-02,0.433,27.537,4.747e+02,NULL,"one rung of the ladder: the median windowed cumulant of this order over n_traces twin traces, its standard error as a median, the fraction of traces returning a negative value, the same estimator's value on a noiseless trace of this rung (k_quiet), the fraction of traces whose sign differs from k_quiet's (the fifth order's true sign is negative), and the quiet value over the standard error, and the trace count at which the median would stand three standard errors from zero, n (3 se / k_quiet)^2. The status is DIAGNOSTIC when frac_wrong_sign is below 0.35, which under a coin flip sits 13 standard deviations below one half at two thousand traces and 60 at forty thousand"
0,0.004,rtm3004,hires,6,true,5,1,-9.351004e-02,1.292e-03,0.673,40000,-9.312983e-02,0.327,72.082,6.929e+01,DIAGNOSTIC,"one rung of the ladder: the median windowed cumulant of this order over n_traces twin traces, its standard error as a median, the fraction of traces returning a negative value, the same estimator's value on a noiseless trace of this rung (k_quiet), the fraction of traces whose sign differs from k_quiet's (the fifth order's true sign is negative), and the quiet value over the standard error, and the trace count at which the median would stand three standard errors from zero, n (3 se / k_quiet)^2. The status is DIAGNOSTIC when frac_wrong_sign is below 0.35, which under a coin flip sits 13 standard deviations below one half at two thousand traces and 60 at forty thousand"
0,0.004,rtm3004,hires,6,true,5,2,-7.441359e-01,1.311e-03,1.000,40000,-7.450238e-01,0.000,568.327,1.115e+00,DIAGNOSTIC,"one rung of the ladder: the median windowed cumulant of this order over n_traces twin traces, its standard error as a median, the fraction of traces returning a negative value, the same estimator's value on a noiseless trace of this rung (k_quiet), the fraction of traces whose sign differs from k_quiet's (the fifth order's true sign is negative), and the quiet value over the standard error, and the trace count at which the median would stand three standard errors from zero, n (3 se / k_quiet)^2. The status is DIAGNOSTIC when frac_wrong_sign is below 0.35, which under a coin flip sits 13 standard deviations below one half at two thousand traces and 60 at forty thousand"
0,0.004,rtm3004,hires,6,true,7,0.364,1.895936e-01,5.946e-02,0.492,40000,2.314623e-01,0.492,3.893,2.376e+04,NULL,"one rung of the ladder: the median windowed cumulant of this order over n_traces twin traces, its standard error as a median, the fraction of traces returning a negative value, the same estimator's value on a noiseless trace of this rung (k_quiet), the fraction of traces whose sign differs from k_quiet's (the fifth order's true sign is negative), and the quiet value over the standard error, and the trace count at which the median would stand three standard errors from zero, n (3 se / k_quiet)^2. The status is DIAGNOSTIC when frac_wrong_sign is below 0.35, which under a coin flip sits 13 standard deviations below one half at two thousand traces and 60 at forty thousand"
0,0.004,rtm3004,hires,6,true,7,0.5,5.989982e-01,5.961e-02,0.476,40000,6.023205e-01,0.476,10.104,3.526e+03,NULL,"one rung of the ladder: the median windowed cumulant of this order over n_traces twin traces, its standard error as a median, the fraction of traces returning a negative value, the same estimator's value on a noiseless trace of this rung (k_quiet), the fraction of traces whose sign differs from k_quiet's (the fifth order's true sign is negative), and the quiet value over the standard error, and the trace count at which the median would stand three standard errors from zero, n (3 se / k_quiet)^2. The status is DIAGNOSTIC when frac_wrong_sign is below 0.35, which under a coin flip sits 13 standard deviations below one half at two thousand traces and 60 at forty thousand"
0,0.004,rtm3004,hires,6,true,7,0.73,1.806770e+00,6.021e-02,0.424,40000,1.874394e+00,0.424,31.132,3.714e+02,NULL,"one rung of the ladder: the median windowed cumulant of this order over n_traces twin traces, its standard error as a median, the fraction of traces returning a negative value, the same estimator's value on a noiseless trace of this rung (k_quiet), the fraction of traces whose sign differs from k_quiet's (the fifth order's true sign is negative), and the quiet value over the standard error, and the trace count at which the median would stand three standard errors from zero, n (3 se / k_quiet)^2. The status is DIAGNOSTIC when frac_wrong_sign is below 0.35, which under a coin flip sits 13 standard deviations below one half at two thousand traces and 60 at forty thousand"
0,0.004,rtm3004,hires,6,true,7,1,4.913762e+00,6.016e-02,0.306,40000,4.898465e+00,0.306,81.421,5.430e+01,DIAGNOSTIC,"one rung of the ladder: the median windowed cumulant of this order over n_traces twin traces, its standard error as a median, the fraction of traces returning a negative value, the same estimator's value on a noiseless trace of this rung (k_quiet), the fraction of traces whose sign differs from k_quiet's (the fifth order's true sign is negative), and the quiet value over the standard error, and the trace count at which the median would stand three standard errors from zero, n (3 se / k_quiet)^2. The status is DIAGNOSTIC when frac_wrong_sign is below 0.35, which under a coin flip sits 13 standard deviations below one half at two thousand traces and 60 at forty thousand"
0,0.004,rtm3004,hires,6,true,7,2,4.039607e+01,6.377e-02,0.000,40000,4.038918e+01,0.000,633.361,8.974e-01,DIAGNOSTIC,"one rung of the ladder: the median windowed cumulant of this order over n_traces twin traces, its standard error as a median, the fraction of traces returning a negative value, the same estimator's value on a noiseless trace of this rung (k_quiet), the fraction of traces whose sign differs from k_quiet's (the fifth order's true sign is negative), and the quiet value over the standard error, and the trace count at which the median would stand three standard errors from zero, n (3 se / k_quiet)^2. The status is DIAGNOSTIC when frac_wrong_sign is below 0.35, which under a coin flip sits 13 standard deviations below one half at two thousand traces and 60 at forty thousand"
0,0.004,rtm3004,hires,8,true,3,0.364,-5.351419e-05,9.725e-05,0.501,40000,1.767981e-04,0.501,1.818,1.089e+05,NULL,"one rung of the ladder: the median windowed cumulant of this order over n_traces twin traces, its standard error as a median, the fraction of traces returning a negative value, the same estimator's value on a noiseless trace of this rung (k_quiet), the fraction of traces whose sign differs from k_quiet's (the fifth order's true sign is negative), and the quiet value over the standard error, and the trace count at which the median would stand three standard errors from zero, n (3 se / k_quiet)^2. The status is DIAGNOSTIC when frac_wrong_sign is below 0.35, which under a coin flip sits 13 standard deviations below one half at two thousand traces and 60 at forty thousand"
0,0.004,rtm3004,hires,8,true,3,0.5,5.285990e-04,9.669e-05,0.486,40000,4.570122e-04,0.486,4.726,1.612e+04,NULL,"one rung of the ladder: the median windowed cumulant of this order over n_traces twin traces, its standard error as a median, the fraction of traces returning a negative value, the same estimator's value on a noiseless trace of this rung (k_quiet), the fraction of traces whose sign differs from k_quiet's (the fifth order's true sign is negative), and the quiet value over the standard error, and the trace count at which the median would stand three standard errors from zero, n (3 se / k_quiet)^2. The status is DIAGNOSTIC when frac_wrong_sign is below 0.35, which under a coin flip sits 13 standard deviations below one half at two thousand traces and 60 at forty thousand"
0,0.004,rtm3004,hires,8,true,3,0.73,1.451728e-03,9.722e-05,0.463,40000,1.422565e-03,0.463,14.633,1.681e+03,NULL,"one rung of the ladder: the median windowed cumulant of this order over n_traces twin traces, its standard error as a median, the fraction of traces returning a negative value, the same estimator's value on a noiseless trace of this rung (k_quiet), the fraction of traces whose sign differs from k_quiet's (the fifth order's true sign is negative), and the quiet value over the standard error, and the trace count at which the median would stand three standard errors from zero, n (3 se / k_quiet)^2. The status is DIAGNOSTIC when frac_wrong_sign is below 0.35, which under a coin flip sits 13 standard deviations below one half at two thousand traces and 60 at forty thousand"
0,0.004,rtm3004,hires,8,true,3,1,3.624695e-03,9.728e-05,0.409,40000,3.686119e-03,0.409,37.891,2.507e+02,NULL,"one rung of the ladder: the median windowed cumulant of this order over n_traces twin traces, its standard error as a median, the fraction of traces returning a negative value, the same estimator's value on a noiseless trace of this rung (k_quiet), the fraction of traces whose sign differs from k_quiet's (the fifth order's true sign is negative), and the quiet value over the standard error, and the trace count at which the median would stand three standard errors from zero, n (3 se / k_quiet)^2. The status is DIAGNOSTIC when frac_wrong_sign is below 0.35, which under a coin flip sits 13 standard deviations below one half at two thousand traces and 60 at forty thousand"
0,0.004,rtm3004,hires,8,true,3,2,2.926241e-02,9.542e-05,0.027,40000,2.935958e-02,0.027,307.673,3.803e+00,DIAGNOSTIC,"one rung of the ladder: the median windowed cumulant of this order over n_traces twin traces, its standard error as a median, the fraction of traces returning a negative value, the same estimator's value on a noiseless trace of this rung (k_quiet), the fraction of traces whose sign differs from k_quiet's (the fifth order's true sign is negative), and the quiet value over the standard error, and the trace count at which the median would stand three standard errors from zero, n (3 se / k_quiet)^2. The status is DIAGNOSTIC when frac_wrong_sign is below 0.35, which under a coin flip sits 13 standard deviations below one half at two thousand traces and 60 at forty thousand"
0,0.004,rtm3004,hires,8,true,5,0.364,-5.928487e-03,3.222e-03,0.504,40000,-9.137412e-03,0.496,2.836,4.477e+04,NULL,"one rung of the ladder: the median windowed cumulant of this order over n_traces twin traces, its standard error as a median, the fraction of traces returning a negative value, the same estimator's value on a noiseless trace of this rung (k_quiet), the fraction of traces whose sign differs from k_quiet's (the fifth order's true sign is negative), and the quiet value over the standard error, and the trace count at which the median would stand three standard errors from zero, n (3 se / k_quiet)^2. The status is DIAGNOSTIC when frac_wrong_sign is below 0.35, which under a coin flip sits 13 standard deviations below one half at two thousand traces and 60 at forty thousand"
0,0.004,rtm3004,hires,8,true,5,0.5,-2.718183e-02,3.213e-03,0.521,40000,-2.349220e-02,0.479,7.312,6.733e+03,NULL,"one rung of the ladder: the median windowed cumulant of this order over n_traces twin traces, its standard error as a median, the fraction of traces returning a negative value, the same estimator's value on a noiseless trace of this rung (k_quiet), the fraction of traces whose sign differs from k_quiet's (the fifth order's true sign is negative), and the quiet value over the standard error, and the trace count at which the median would stand three standard errors from zero, n (3 se / k_quiet)^2. The status is DIAGNOSTIC when frac_wrong_sign is below 0.35, which under a coin flip sits 13 standard deviations below one half at two thousand traces and 60 at forty thousand"
0,0.004,rtm3004,hires,8,true,5,0.73,-7.364799e-02,3.232e-03,0.557,40000,-7.332384e-02,0.443,22.685,6.996e+02,NULL,"one rung of the ladder: the median windowed cumulant of this order over n_traces twin traces, its standard error as a median, the fraction of traces returning a negative value, the same estimator's value on a noiseless trace of this rung (k_quiet), the fraction of traces whose sign differs from k_quiet's (the fifth order's true sign is negative), and the quiet value over the standard error, and the trace count at which the median would stand three standard errors from zero, n (3 se / k_quiet)^2. The status is DIAGNOSTIC when frac_wrong_sign is below 0.35, which under a coin flip sits 13 standard deviations below one half at two thousand traces and 60 at forty thousand"
0,0.004,rtm3004,hires,8,true,5,1,-1.908569e-01,3.240e-03,0.643,40000,-1.904077e-01,0.357,58.766,1.042e+02,NULL,"one rung of the ladder: the median windowed cumulant of this order over n_traces twin traces, its standard error as a median, the fraction of traces returning a negative value, the same estimator's value on a noiseless trace of this rung (k_quiet), the fraction of traces whose sign differs from k_quiet's (the fifth order's true sign is negative), and the quiet value over the standard error, and the trace count at which the median would stand three standard errors from zero, n (3 se / k_quiet)^2. The status is DIAGNOSTIC when frac_wrong_sign is below 0.35, which under a coin flip sits 13 standard deviations below one half at two thousand traces and 60 at forty thousand"
0,0.004,rtm3004,hires,8,true,5,2,-1.529237e+00,3.265e-03,0.998,40000,-1.533311e+00,0.002,469.682,1.632e+00,DIAGNOSTIC,"one rung of the ladder: the median windowed cumulant of this order over n_traces twin traces, its standard error as a median, the fraction of traces returning a negative value, the same estimator's value on a noiseless trace of this rung (k_quiet), the fraction of traces whose sign differs from k_quiet's (the fifth order's true sign is negative), and the quiet value over the standard error, and the trace count at which the median would stand three standard errors from zero, n (3 se / k_quiet)^2. The status is DIAGNOSTIC when frac_wrong_sign is below 0.35, which under a coin flip sits 13 standard deviations below one half at two thousand traces and 60 at forty thousand"
0,0.004,rtm3004,hires,8,true,7,0.364,5.624420e-01,1.374e-01,0.490,40000,4.621250e-01,0.490,3.363,3.182e+04,NULL,"one rung of the ladder: the median windowed cumulant of this order over n_traces twin traces, its standard error as a median, the fraction of traces returning a negative value, the same estimator's value on a noiseless trace of this rung (k_quiet), the fraction of traces whose sign differs from k_quiet's (the fifth order's true sign is negative), and the quiet value over the standard error, and the trace count at which the median would stand three standard errors from zero, n (3 se / k_quiet)^2. The status is DIAGNOSTIC when frac_wrong_sign is below 0.35, which under a coin flip sits 13 standard deviations below one half at two thousand traces and 60 at forty thousand"
0,0.004,rtm3004,hires,8,true,7,0.5,1.353707e+00,1.378e-01,0.475,40000,1.183374e+00,0.475,8.589,4.880e+03,NULL,"one rung of the ladder: the median windowed cumulant of this order over n_traces twin traces, its standard error as a median, the fraction of traces returning a negative value, the same estimator's value on a noiseless trace of this rung (k_quiet), the fraction of traces whose sign differs from k_quiet's (the fifth order's true sign is negative), and the quiet value over the standard error, and the trace count at which the median would stand three standard errors from zero, n (3 se / k_quiet)^2. The status is DIAGNOSTIC when frac_wrong_sign is below 0.35, which under a coin flip sits 13 standard deviations below one half at two thousand traces and 60 at forty thousand"
0,0.004,rtm3004,hires,8,true,7,0.73,3.784760e+00,1.372e-01,0.433,40000,3.715991e+00,0.433,27.085,4.907e+02,NULL,"one rung of the ladder: the median windowed cumulant of this order over n_traces twin traces, its standard error as a median, the fraction of traces returning a negative value, the same estimator's value on a noiseless trace of this rung (k_quiet), the fraction of traces whose sign differs from k_quiet's (the fifth order's true sign is negative), and the quiet value over the standard error, and the trace count at which the median would stand three standard errors from zero, n (3 se / k_quiet)^2. The status is DIAGNOSTIC when frac_wrong_sign is below 0.35, which under a coin flip sits 13 standard deviations below one half at two thousand traces and 60 at forty thousand"
0,0.004,rtm3004,hires,8,true,7,1,9.820927e+00,1.394e-01,0.327,40000,9.722677e+00,0.327,69.758,7.398e+01,DIAGNOSTIC,"one rung of the ladder: the median windowed cumulant of this order over n_traces twin traces, its standard error as a median, the fraction of traces returning a negative value, the same estimator's value on a noiseless trace of this rung (k_quiet), the fraction of traces whose sign differs from k_quiet's (the fifth order's true sign is negative), and the quiet value over the standard error, and the trace count at which the median would stand three standard errors from zero, n (3 se / k_quiet)^2. The status is DIAGNOSTIC when frac_wrong_sign is below 0.35, which under a coin flip sits 13 standard deviations below one half at two thousand traces and 60 at forty thousand"
0,0.004,rtm3004,hires,8,true,7,2,8.184906e+01,1.428e-01,0.000,40000,8.175699e+01,0.000,572.375,1.099e+00,DIAGNOSTIC,"one rung of the ladder: the median windowed cumulant of this order over n_traces twin traces, its standard error as a median, the fraction of traces returning a negative value, the same estimator's value on a noiseless trace of this rung (k_quiet), the fraction of traces whose sign differs from k_quiet's (the fifth order's true sign is negative), and the quiet value over the standard error, and the trace count at which the median would stand three standard errors from zero, n (3 se / k_quiet)^2. The status is DIAGNOSTIC when frac_wrong_sign is below 0.35, which under a coin flip sits 13 standard deviations below one half at two thousand traces and 60 at forty thousand"
0,0.004,rtm3004,hires,12,true,3,0.364,2.209250e-04,3.077e-04,0.498,40000,2.374701e-04,0.498,0.772,6.044e+05,NULL,"one rung of the ladder: the median windowed cumulant of this order over n_traces twin traces, its standard error as a median, the fraction of traces returning a negative value, the same estimator's value on a noiseless trace of this rung (k_quiet), the fraction of traces whose sign differs from k_quiet's (the fifth order's true sign is negative), and the quiet value over the standard error, and the trace count at which the median would stand three standard errors from zero, n (3 se / k_quiet)^2. The status is DIAGNOSTIC when frac_wrong_sign is below 0.35, which under a coin flip sits 13 standard deviations below one half at two thousand traces and 60 at forty thousand"
0,0.004,rtm3004,hires,12,true,3,0.5,3.516957e-04,3.089e-04,0.497,40000,6.172251e-04,0.497,1.998,9.017e+04,NULL,"one rung of the ladder: the median windowed cumulant of this order over n_traces twin traces, its standard error as a median, the fraction of traces returning a negative value, the same estimator's value on a noiseless trace of this rung (k_quiet), the fraction of traces whose sign differs from k_quiet's (the fifth order's true sign is negative), and the quiet value over the standard error, and the trace count at which the median would stand three standard errors from zero, n (3 se / k_quiet)^2. The status is DIAGNOSTIC when frac_wrong_sign is below 0.35, which under a coin flip sits 13 standard deviations below one half at two thousand traces and 60 at forty thousand"
0,0.004,rtm3004,hires,12,true,3,0.73,1.881614e-03,3.082e-04,0.484,40000,1.913164e-03,0.484,6.207,9.345e+03,NULL,"one rung of the ladder: the median windowed cumulant of this order over n_traces twin traces, its standard error as a median, the fraction of traces returning a negative value, the same estimator's value on a noiseless trace of this rung (k_quiet), the fraction of traces whose sign differs from k_quiet's (the fifth order's true sign is negative), and the quiet value over the standard error, and the trace count at which the median would stand three standard errors from zero, n (3 se / k_quiet)^2. The status is DIAGNOSTIC when frac_wrong_sign is below 0.35, which under a coin flip sits 13 standard deviations below one half at two thousand traces and 60 at forty thousand"
0,0.004,rtm3004,hires,12,true,3,1,4.688928e-03,3.082e-04,0.461,40000,4.995621e-03,0.461,16.209,1.370e+03,NULL,"one rung of the ladder: the median windowed cumulant of this order over n_traces twin traces, its standard error as a median, the fraction of traces returning a negative value, the same estimator's value on a noiseless trace of this rung (k_quiet), the fraction of traces whose sign differs from k_quiet's (the fifth order's true sign is negative), and the quiet value over the standard error, and the trace count at which the median would stand three standard errors from zero, n (3 se / k_quiet)^2. The status is DIAGNOSTIC when frac_wrong_sign is below 0.35, which under a coin flip sits 13 standard deviations below one half at two thousand traces and 60 at forty thousand"
0,0.004,rtm3004,hires,12,true,3,2,3.994869e-02,3.023e-04,0.207,40000,3.988294e-02,0.207,131.946,2.068e+01,DIAGNOSTIC,"one rung of the ladder: the median windowed cumulant of this order over n_traces twin traces, its standard error as a median, the fraction of traces returning a negative value, the same estimator's value on a noiseless trace of this rung (k_quiet), the fraction of traces whose sign differs from k_quiet's (the fifth order's true sign is negative), and the quiet value over the standard error, and the trace count at which the median would stand three standard errors from zero, n (3 se / k_quiet)^2. The status is DIAGNOSTIC when frac_wrong_sign is below 0.35, which under a coin flip sits 13 standard deviations below one half at two thousand traces and 60 at forty thousand"
0,0.004,rtm3004,hires,12,true,5,0.364,-1.212129e-02,1.035e-02,0.503,40000,-1.895212e-02,0.497,1.832,1.073e+05,NULL,"one rung of the ladder: the median windowed cumulant of this order over n_traces twin traces, its standard error as a median, the fraction of traces returning a negative value, the same estimator's value on a noiseless trace of this rung (k_quiet), the fraction of traces whose sign differs from k_quiet's (the fifth order's true sign is negative), and the quiet value over the standard error, and the trace count at which the median would stand three standard errors from zero, n (3 se / k_quiet)^2. The status is DIAGNOSTIC when frac_wrong_sign is below 0.35, which under a coin flip sits 13 standard deviations below one half at two thousand traces and 60 at forty thousand"
0,0.004,rtm3004,hires,12,true,5,0.5,-6.443083e-02,1.033e-02,0.516,40000,-4.920426e-02,0.484,4.765,1.586e+04,NULL,"one rung of the ladder: the median windowed cumulant of this order over n_traces twin traces, its standard error as a median, the fraction of traces returning a negative value, the same estimator's value on a noiseless trace of this rung (k_quiet), the fraction of traces whose sign differs from k_quiet's (the fifth order's true sign is negative), and the quiet value over the standard error, and the trace count at which the median would stand three standard errors from zero, n (3 se / k_quiet)^2. The status is DIAGNOSTIC when frac_wrong_sign is below 0.35, which under a coin flip sits 13 standard deviations below one half at two thousand traces and 60 at forty thousand"
0,0.004,rtm3004,hires,12,true,5,0.73,-1.568970e-01,1.034e-02,0.538,40000,-1.532181e-01,0.462,14.814,1.640e+03,NULL,"one rung of the ladder: the median windowed cumulant of this order over n_traces twin traces, its standard error as a median, the fraction of traces returning a negative value, the same estimator's value on a noiseless trace of this rung (k_quiet), the fraction of traces whose sign differs from k_quiet's (the fifth order's true sign is negative), and the quiet value over the standard error, and the trace count at which the median would stand three standard errors from zero, n (3 se / k_quiet)^2. The status is DIAGNOSTIC when frac_wrong_sign is below 0.35, which under a coin flip sits 13 standard deviations below one half at two thousand traces and 60 at forty thousand"
0,0.004,rtm3004,hires,12,true,5,1,-4.094058e-01,1.034e-02,0.599,40000,-3.994485e-01,0.401,38.642,2.411e+02,NULL,"one rung of the ladder: the median windowed cumulant of this order over n_traces twin traces, its standard error as a median, the fraction of traces returning a negative value, the same estimator's value on a noiseless trace of this rung (k_quiet), the fraction of traces whose sign differs from k_quiet's (the fifth order's true sign is negative), and the quiet value over the standard error, and the trace count at which the median would stand three standard errors from zero, n (3 se / k_quiet)^2. The status is DIAGNOSTIC when frac_wrong_sign is below 0.35, which under a coin flip sits 13 standard deviations below one half at two thousand traces and 60 at forty thousand"
0,0.004,rtm3004,hires,12,true,5,2,-3.207728e+00,1.032e-02,0.975,40000,-3.215700e+00,0.025,311.450,3.711e+00,DIAGNOSTIC,"one rung of the ladder: the median windowed cumulant of this order over n_traces twin traces, its standard error as a median, the fraction of traces returning a negative value, the same estimator's value on a noiseless trace of this rung (k_quiet), the fraction of traces whose sign differs from k_quiet's (the fifth order's true sign is negative), and the quiet value over the standard error, and the trace count at which the median would stand three standard errors from zero, n (3 se / k_quiet)^2. The status is DIAGNOSTIC when frac_wrong_sign is below 0.35, which under a coin flip sits 13 standard deviations below one half at two thousand traces and 60 at forty thousand"
0,0.004,rtm3004,hires,12,true,7,0.364,-7.745624e-01,2.844e+00,0.501,40000,6.798594e-02,0.501,0.024,6.298e+08,NULL,"one rung of the ladder: the median windowed cumulant of this order over n_traces twin traces, its standard error as a median, the fraction of traces returning a negative value, the same estimator's value on a noiseless trace of this rung (k_quiet), the fraction of traces whose sign differs from k_quiet's (the fifth order's true sign is negative), and the quiet value over the standard error, and the trace count at which the median would stand three standard errors from zero, n (3 se / k_quiet)^2. The status is DIAGNOSTIC when frac_wrong_sign is below 0.35, which under a coin flip sits 13 standard deviations below one half at two thousand traces and 60 at forty thousand"
0,0.004,rtm3004,hires,12,true,7,0.5,3.739090e+00,2.858e+00,0.497,40000,1.680711e-01,0.497,0.059,1.041e+08,NULL,"one rung of the ladder: the median windowed cumulant of this order over n_traces twin traces, its standard error as a median, the fraction of traces returning a negative value, the same estimator's value on a noiseless trace of this rung (k_quiet), the fraction of traces whose sign differs from k_quiet's (the fifth order's true sign is negative), and the quiet value over the standard error, and the trace count at which the median would stand three standard errors from zero, n (3 se / k_quiet)^2. The status is DIAGNOSTIC when frac_wrong_sign is below 0.35, which under a coin flip sits 13 standard deviations below one half at two thousand traces and 60 at forty thousand"
0,0.004,rtm3004,hires,12,true,7,0.73,-1.569090e+00,2.851e+00,0.501,40000,6.387006e-01,0.501,0.224,7.174e+06,NULL,"one rung of the ladder: the median windowed cumulant of this order over n_traces twin traces, its standard error as a median, the fraction of traces returning a negative value, the same estimator's value on a noiseless trace of this rung (k_quiet), the fraction of traces whose sign differs from k_quiet's (the fifth order's true sign is negative), and the quiet value over the standard error, and the trace count at which the median would stand three standard errors from zero, n (3 se / k_quiet)^2. The status is DIAGNOSTIC when frac_wrong_sign is below 0.35, which under a coin flip sits 13 standard deviations below one half at two thousand traces and 60 at forty thousand"
0,0.004,rtm3004,hires,12,true,7,1,2.390706e+00,2.845e+00,0.498,40000,1.667664e+00,0.498,0.586,1.048e+06,NULL,"one rung of the ladder: the median windowed cumulant of this order over n_traces twin traces, its standard error as a median, the fraction of traces returning a negative value, the same estimator's value on a noiseless trace of this rung (k_quiet), the fraction of traces whose sign differs from k_quiet's (the fifth order's true sign is negative), and the quiet value over the standard error, and the trace count at which the median would stand three standard errors from zero, n (3 se / k_quiet)^2. The status is DIAGNOSTIC when frac_wrong_sign is below 0.35, which under a coin flip sits 13 standard deviations below one half at two thousand traces and 60 at forty thousand"
0,0.004,rtm3004,hires,12,true,7,2,2.241949e+01,2.741e+00,0.480,40000,2.440411e+01,0.480,8.903,4.542e+03,NULL,"one rung of the ladder: the median windowed cumulant of this order over n_traces twin traces, its standard error as a median, the fraction of traces returning a negative value, the same estimator's value on a noiseless trace of this rung (k_quiet), the fraction of traces whose sign differs from k_quiet's (the fifth order's true sign is negative), and the quiet value over the standard error, and the trace count at which the median would stand three standard errors from zero, n (3 se / k_quiet)^2. The status is DIAGNOSTIC when frac_wrong_sign is below 0.35, which under a coin flip sits 13 standard deviations below one half at two thousand traces and 60 at forty thousand"
0,0.004,rtm3004,hires,16,true,3,0.364,1.095830e-03,7.200e-04,0.496,40000,2.650766e-04,0.496,0.368,2.656e+06,NULL,"one rung of the ladder: the median windowed cumulant of this order over n_traces twin traces, its standard error as a median, the fraction of traces returning a negative value, the same estimator's value on a noiseless trace of this rung (k_quiet), the fraction of traces whose sign differs from k_quiet's (the fifth order's true sign is negative), and the quiet value over the standard error, and the trace count at which the median would stand three standard errors from zero, n (3 se / k_quiet)^2. The status is DIAGNOSTIC when frac_wrong_sign is below 0.35, which under a coin flip sits 13 standard deviations below one half at two thousand traces and 60 at forty thousand"
0,0.004,rtm3004,hires,16,true,3,0.5,1.211684e-03,7.185e-04,0.496,40000,6.974169e-04,0.496,0.971,3.821e+05,NULL,"one rung of the ladder: the median windowed cumulant of this order over n_traces twin traces, its standard error as a median, the fraction of traces returning a negative value, the same estimator's value on a noiseless trace of this rung (k_quiet), the fraction of traces whose sign differs from k_quiet's (the fifth order's true sign is negative), and the quiet value over the standard error, and the trace count at which the median would stand three standard errors from zero, n (3 se / k_quiet)^2. The status is DIAGNOSTIC when frac_wrong_sign is below 0.35, which under a coin flip sits 13 standard deviations below one half at two thousand traces and 60 at forty thousand"
0,0.004,rtm3004,hires,16,true,3,0.73,2.863844e-03,7.224e-04,0.490,40000,2.155866e-03,0.490,2.984,4.042e+04,NULL,"one rung of the ladder: the median windowed cumulant of this order over n_traces twin traces, its standard error as a median, the fraction of traces returning a negative value, the same estimator's value on a noiseless trace of this rung (k_quiet), the fraction of traces whose sign differs from k_quiet's (the fifth order's true sign is negative), and the quiet value over the standard error, and the trace count at which the median would stand three standard errors from zero, n (3 se / k_quiet)^2. The status is DIAGNOSTIC when frac_wrong_sign is below 0.35, which under a coin flip sits 13 standard deviations below one half at two thousand traces and 60 at forty thousand"
0,0.004,rtm3004,hires,16,true,3,1,5.674012e-03,7.199e-04,0.480,40000,5.640710e-03,0.480,7.835,5.864e+03,NULL,"one rung of the ladder: the median windowed cumulant of this order over n_traces twin traces, its standard error as a median, the fraction of traces returning a negative value, the same estimator's value on a noiseless trace of this rung (k_quiet), the fraction of traces whose sign differs from k_quiet's (the fifth order's true sign is negative), and the quiet value over the standard error, and the trace count at which the median would stand three standard errors from zero, n (3 se / k_quiet)^2. The status is DIAGNOSTIC when frac_wrong_sign is below 0.35, which under a coin flip sits 13 standard deviations below one half at two thousand traces and 60 at forty thousand"
0,0.004,rtm3004,hires,16,true,3,2,4.501106e-02,7.097e-04,0.346,40000,4.501284e-02,0.346,63.427,8.949e+01,DIAGNOSTIC,"one rung of the ladder: the median windowed cumulant of this order over n_traces twin traces, its standard error as a median, the fraction of traces returning a negative value, the same estimator's value on a noiseless trace of this rung (k_quiet), the fraction of traces whose sign differs from k_quiet's (the fifth order's true sign is negative), and the quiet value over the standard error, and the trace count at which the median would stand three standard errors from zero, n (3 se / k_quiet)^2. The status is DIAGNOSTIC when frac_wrong_sign is below 0.35, which under a coin flip sits 13 standard deviations below one half at two thousand traces and 60 at forty thousand"
0,0.004,rtm3004,hires,16,true,5,0.364,-6.547254e-02,4.401e-02,0.504,40000,-2.892710e-02,0.496,0.657,8.334e+05,NULL,"one rung of the ladder: the median windowed cumulant of this order over n_traces twin traces, its standard error as a median, the fraction of traces returning a negative value, the same estimator's value on a noiseless trace of this rung (k_quiet), the fraction of traces whose sign differs from k_quiet's (the fifth order's true sign is negative), and the quiet value over the standard error, and the trace count at which the median would stand three standard errors from zero, n (3 se / k_quiet)^2. The status is DIAGNOSTIC when frac_wrong_sign is below 0.35, which under a coin flip sits 13 standard deviations below one half at two thousand traces and 60 at forty thousand"
0,0.004,rtm3004,hires,16,true,5,0.5,-1.955922e-02,4.385e-02,0.501,40000,-7.437823e-02,0.499,1.696,1.252e+05,NULL,"one rung of the ladder: the median windowed cumulant of this order over n_traces twin traces, its standard error as a median, the fraction of traces returning a negative value, the same estimator's value on a noiseless trace of this rung (k_quiet), the fraction of traces whose sign differs from k_quiet's (the fifth order's true sign is negative), and the quiet value over the standard error, and the trace count at which the median would stand three standard errors from zero, n (3 se / k_quiet)^2. The status is DIAGNOSTIC when frac_wrong_sign is below 0.35, which under a coin flip sits 13 standard deviations below one half at two thousand traces and 60 at forty thousand"
0,0.004,rtm3004,hires,16,true,5,0.73,-2.205847e-01,4.400e-02,0.514,40000,-2.323604e-01,0.486,5.281,1.291e+04,NULL,"one rung of the ladder: the median windowed cumulant of this order over n_traces twin traces, its standard error as a median, the fraction of traces returning a negative value, the same estimator's value on a noiseless trace of this rung (k_quiet), the fraction of traces whose sign differs from k_quiet's (the fifth order's true sign is negative), and the quiet value over the standard error, and the trace count at which the median would stand three standard errors from zero, n (3 se / k_quiet)^2. The status is DIAGNOSTIC when frac_wrong_sign is below 0.35, which under a coin flip sits 13 standard deviations below one half at two thousand traces and 60 at forty thousand"
0,0.004,rtm3004,hires,16,true,5,1,-6.000613e-01,4.391e-02,0.534,40000,-6.057467e-01,0.466,13.795,1.892e+03,NULL,"one rung of the ladder: the median windowed cumulant of this order over n_traces twin traces, its standard error as a median, the fraction of traces returning a negative value, the same estimator's value on a noiseless trace of this rung (k_quiet), the fraction of traces whose sign differs from k_quiet's (the fifth order's true sign is negative), and the quiet value over the standard error, and the trace count at which the median would stand three standard errors from zero, n (3 se / k_quiet)^2. The status is DIAGNOSTIC when frac_wrong_sign is below 0.35, which under a coin flip sits 13 standard deviations below one half at two thousand traces and 60 at forty thousand"
0,0.004,rtm3004,hires,16,true,5,2,-4.832333e+00,4.264e-02,0.762,40000,-4.867831e+00,0.238,114.149,2.763e+01,DIAGNOSTIC,"one rung of the ladder: the median windowed cumulant of this order over n_traces twin traces, its standard error as a median, the fraction of traces returning a negative value, the same estimator's value on a noiseless trace of this rung (k_quiet), the fraction of traces whose sign differs from k_quiet's (the fifth order's true sign is negative), and the quiet value over the standard error, and the trace count at which the median would stand three standard errors from zero, n (3 se / k_quiet)^2. The status is DIAGNOSTIC when frac_wrong_sign is below 0.35, which under a coin flip sits 13 standard deviations below one half at two thousand traces and 60 at forty thousand"
0,0.004,rtm3004,hires,16,true,7,0.364,-2.602507e+01,2.094e+01,0.503,40000,-2.762664e+00,0.497,0.132,2.069e+07,NULL,"one rung of the ladder: the median windowed cumulant of this order over n_traces twin traces, its standard error as a median, the fraction of traces returning a negative value, the same estimator's value on a noiseless trace of this rung (k_quiet), the fraction of traces whose sign differs from k_quiet's (the fifth order's true sign is negative), and the quiet value over the standard error, and the trace count at which the median would stand three standard errors from zero, n (3 se / k_quiet)^2. The status is DIAGNOSTIC when frac_wrong_sign is below 0.35, which under a coin flip sits 13 standard deviations below one half at two thousand traces and 60 at forty thousand"
0,0.004,rtm3004,hires,16,true,7,0.5,-1.360737e+01,2.089e+01,0.502,40000,-7.537029e+00,0.498,0.361,2.765e+06,NULL,"one rung of the ladder: the median windowed cumulant of this order over n_traces twin traces, its standard error as a median, the fraction of traces returning a negative value, the same estimator's value on a noiseless trace of this rung (k_quiet), the fraction of traces whose sign differs from k_quiet's (the fifth order's true sign is negative), and the quiet value over the standard error, and the trace count at which the median would stand three standard errors from zero, n (3 se / k_quiet)^2. The status is DIAGNOSTIC when frac_wrong_sign is below 0.35, which under a coin flip sits 13 standard deviations below one half at two thousand traces and 60 at forty thousand"
0,0.004,rtm3004,hires,16,true,7,0.73,-3.881406e+01,2.097e+01,0.504,40000,-2.289450e+01,0.496,1.092,3.021e+05,NULL,"one rung of the ladder: the median windowed cumulant of this order over n_traces twin traces, its standard error as a median, the fraction of traces returning a negative value, the same estimator's value on a noiseless trace of this rung (k_quiet), the fraction of traces whose sign differs from k_quiet's (the fifth order's true sign is negative), and the quiet value over the standard error, and the trace count at which the median would stand three standard errors from zero, n (3 se / k_quiet)^2. The status is DIAGNOSTIC when frac_wrong_sign is below 0.35, which under a coin flip sits 13 standard deviations below one half at two thousand traces and 60 at forty thousand"
0,0.004,rtm3004,hires,16,true,7,1,-5.883551e+01,2.090e+01,0.508,40000,-6.007183e+01,0.492,2.874,4.357e+04,NULL,"one rung of the ladder: the median windowed cumulant of this order over n_traces twin traces, its standard error as a median, the fraction of traces returning a negative value, the same estimator's value on a noiseless trace of this rung (k_quiet), the fraction of traces whose sign differs from k_quiet's (the fifth order's true sign is negative), and the quiet value over the standard error, and the trace count at which the median would stand three standard errors from zero, n (3 se / k_quiet)^2. The status is DIAGNOSTIC when frac_wrong_sign is below 0.35, which under a coin flip sits 13 standard deviations below one half at two thousand traces and 60 at forty thousand"
0,0.004,rtm3004,hires,16,true,7,2,-4.565487e+02,2.052e+01,0.556,40000,-4.611987e+02,0.444,22.481,7.123e+02,NULL,"one rung of the ladder: the median windowed cumulant of this order over n_traces twin traces, its standard error as a median, the fraction of traces returning a negative value, the same estimator's value on a noiseless trace of this rung (k_quiet), the fraction of traces whose sign differs from k_quiet's (the fifth order's true sign is negative), and the quiet value over the standard error, and the trace count at which the median would stand three standard errors from zero, n (3 se / k_quiet)^2. The status is DIAGNOSTIC when frac_wrong_sign is below 0.35, which under a coin flip sits 13 standard deviations below one half at two thousand traces and 60 at forty thousand"
0.1,0.004,rtm3004,hires,3.25,true,3,0.364,3.609340e-05,8.362e-06,0.489,40000,2.190037e-05,0.489,2.619,5.249e+04,NULL,"one rung of the ladder: the median windowed cumulant of this order over n_traces twin traces, its standard error as a median, the fraction of traces returning a negative value, the same estimator's value on a noiseless trace of this rung (k_quiet), the fraction of traces whose sign differs from k_quiet's (the fifth order's true sign is negative), and the quiet value over the standard error, and the trace count at which the median would stand three standard errors from zero, n (3 se / k_quiet)^2. The status is DIAGNOSTIC when frac_wrong_sign is below 0.35, which under a coin flip sits 13 standard deviations below one half at two thousand traces and 60 at forty thousand"
0.1,0.004,rtm3004,hires,3.25,true,3,0.5,4.762956e-05,8.358e-06,0.486,40000,5.628357e-05,0.486,6.734,7.939e+03,NULL,"one rung of the ladder: the median windowed cumulant of this order over n_traces twin traces, its standard error as a median, the fraction of traces returning a negative value, the same estimator's value on a noiseless trace of this rung (k_quiet), the fraction of traces whose sign differs from k_quiet's (the fifth order's true sign is negative), and the quiet value over the standard error, and the trace count at which the median would stand three standard errors from zero, n (3 se / k_quiet)^2. The status is DIAGNOSTIC when frac_wrong_sign is below 0.35, which under a coin flip sits 13 standard deviations below one half at two thousand traces and 60 at forty thousand"
0.1,0.004,rtm3004,hires,3.25,true,3,0.73,1.843319e-04,8.430e-06,0.447,40000,1.765949e-04,0.447,20.948,8.204e+02,NULL,"one rung of the ladder: the median windowed cumulant of this order over n_traces twin traces, its standard error as a median, the fraction of traces returning a negative value, the same estimator's value on a noiseless trace of this rung (k_quiet), the fraction of traces whose sign differs from k_quiet's (the fifth order's true sign is negative), and the quiet value over the standard error, and the trace count at which the median would stand three standard errors from zero, n (3 se / k_quiet)^2. The status is DIAGNOSTIC when frac_wrong_sign is below 0.35, which under a coin flip sits 13 standard deviations below one half at two thousand traces and 60 at forty thousand"
0.1,0.004,rtm3004,hires,3.25,true,3,1,4.533604e-04,8.334e-06,0.371,40000,4.582893e-04,0.371,54.989,1.191e+02,NULL,"one rung of the ladder: the median windowed cumulant of this order over n_traces twin traces, its standard error as a median, the fraction of traces returning a negative value, the same estimator's value on a noiseless trace of this rung (k_quiet), the fraction of traces whose sign differs from k_quiet's (the fifth order's true sign is negative), and the quiet value over the standard error, and the trace count at which the median would stand three standard errors from zero, n (3 se / k_quiet)^2. The status is DIAGNOSTIC when frac_wrong_sign is below 0.35, which under a coin flip sits 13 standard deviations below one half at two thousand traces and 60 at forty thousand"
0.1,0.004,rtm3004,hires,3.25,true,3,2,3.413998e-03,8.325e-06,0.005,40000,3.417176e-03,0.005,410.464,2.137e+00,DIAGNOSTIC,"one rung of the ladder: the median windowed cumulant of this order over n_traces twin traces, its standard error as a median, the fraction of traces returning a negative value, the same estimator's value on a noiseless trace of this rung (k_quiet), the fraction of traces whose sign differs from k_quiet's (the fifth order's true sign is negative), and the quiet value over the standard error, and the trace count at which the median would stand three standard errors from zero, n (3 se / k_quiet)^2. The status is DIAGNOSTIC when frac_wrong_sign is below 0.35, which under a coin flip sits 13 standard deviations below one half at two thousand traces and 60 at forty thousand"
0.1,0.004,rtm3004,hires,3.25,true,5,0.364,-5.932159e-04,1.358e-04,0.511,40000,-3.726185e-04,0.489,2.743,4.785e+04,NULL,"one rung of the ladder: the median windowed cumulant of this order over n_traces twin traces, its standard error as a median, the fraction of traces returning a negative value, the same estimator's value on a noiseless trace of this rung (k_quiet), the fraction of traces whose sign differs from k_quiet's (the fifth order's true sign is negative), and the quiet value over the standard error, and the trace count at which the median would stand three standard errors from zero, n (3 se / k_quiet)^2. The status is DIAGNOSTIC when frac_wrong_sign is below 0.35, which under a coin flip sits 13 standard deviations below one half at two thousand traces and 60 at forty thousand"
0.1,0.004,rtm3004,hires,3.25,true,5,0.5,-7.951633e-04,1.359e-04,0.515,40000,-9.601475e-04,0.485,7.065,7.212e+03,NULL,"one rung of the ladder: the median windowed cumulant of this order over n_traces twin traces, its standard error as a median, the fraction of traces returning a negative value, the same estimator's value on a noiseless trace of this rung (k_quiet), the fraction of traces whose sign differs from k_quiet's (the fifth order's true sign is negative), and the quiet value over the standard error, and the trace count at which the median would stand three standard errors from zero, n (3 se / k_quiet)^2. The status is DIAGNOSTIC when frac_wrong_sign is below 0.35, which under a coin flip sits 13 standard deviations below one half at two thousand traces and 60 at forty thousand"
0.1,0.004,rtm3004,hires,3.25,true,5,0.73,-3.045398e-03,1.372e-04,0.555,40000,-3.000835e-03,0.445,21.869,7.528e+02,NULL,"one rung of the ladder: the median windowed cumulant of this order over n_traces twin traces, its standard error as a median, the fraction of traces returning a negative value, the same estimator's value on a noiseless trace of this rung (k_quiet), the fraction of traces whose sign differs from k_quiet's (the fifth order's true sign is negative), and the quiet value over the standard error, and the trace count at which the median would stand three standard errors from zero, n (3 se / k_quiet)^2. The status is DIAGNOSTIC when frac_wrong_sign is below 0.35, which under a coin flip sits 13 standard deviations below one half at two thousand traces and 60 at forty thousand"
0.1,0.004,rtm3004,hires,3.25,true,5,1,-7.655879e-03,1.359e-04,0.637,40000,-7.818077e-03,0.363,57.516,1.088e+02,NULL,"one rung of the ladder: the median windowed cumulant of this order over n_traces twin traces, its standard error as a median, the fraction of traces returning a negative value, the same estimator's value on a noiseless trace of this rung (k_quiet), the fraction of traces whose sign differs from k_quiet's (the fifth order's true sign is negative), and the quiet value over the standard error, and the trace count at which the median would stand three standard errors from zero, n (3 se / k_quiet)^2. The status is DIAGNOSTIC when frac_wrong_sign is below 0.35, which under a coin flip sits 13 standard deviations below one half at two thousand traces and 60 at forty thousand"
0.1,0.004,rtm3004,hires,3.25,true,5,2,-5.888234e-02,1.382e-04,0.996,40000,-5.898334e-02,0.004,426.729,1.977e+00,DIAGNOSTIC,"one rung of the ladder: the median windowed cumulant of this order over n_traces twin traces, its standard error as a median, the fraction of traces returning a negative value, the same estimator's value on a noiseless trace of this rung (k_quiet), the fraction of traces whose sign differs from k_quiet's (the fifth order's true sign is negative), and the quiet value over the standard error, and the trace count at which the median would stand three standard errors from zero, n (3 se / k_quiet)^2. The status is DIAGNOSTIC when frac_wrong_sign is below 0.35, which under a coin flip sits 13 standard deviations below one half at two thousand traces and 60 at forty thousand"
0.1,0.004,rtm3004,hires,3.25,true,7,0.364,1.779935e-02,4.124e-03,0.489,40000,1.143267e-02,0.489,2.772,4.684e+04,NULL,"one rung of the ladder: the median windowed cumulant of this order over n_traces twin traces, its standard error as a median, the fraction of traces returning a negative value, the same estimator's value on a noiseless trace of this rung (k_quiet), the fraction of traces whose sign differs from k_quiet's (the fifth order's true sign is negative), and the quiet value over the standard error, and the trace count at which the median would stand three standard errors from zero, n (3 se / k_quiet)^2. The status is DIAGNOSTIC when frac_wrong_sign is below 0.35, which under a coin flip sits 13 standard deviations below one half at two thousand traces and 60 at forty thousand"
0.1,0.004,rtm3004,hires,3.25,true,7,0.5,2.397690e-02,4.129e-03,0.486,40000,2.949118e-02,0.486,7.142,7.057e+03,NULL,"one rung of the ladder: the median windowed cumulant of this order over n_traces twin traces, its standard error as a median, the fraction of traces returning a negative value, the same estimator's value on a noiseless trace of this rung (k_quiet), the fraction of traces whose sign differs from k_quiet's (the fifth order's true sign is negative), and the quiet value over the standard error, and the trace count at which the median would stand three standard errors from zero, n (3 se / k_quiet)^2. The status is DIAGNOSTIC when frac_wrong_sign is below 0.35, which under a coin flip sits 13 standard deviations below one half at two thousand traces and 60 at forty thousand"
0.1,0.004,rtm3004,hires,3.25,true,7,0.73,9.323393e-02,4.176e-03,0.445,40000,9.222828e-02,0.445,22.086,7.380e+02,NULL,"one rung of the ladder: the median windowed cumulant of this order over n_traces twin traces, its standard error as a median, the fraction of traces returning a negative value, the same estimator's value on a noiseless trace of this rung (k_quiet), the fraction of traces whose sign differs from k_quiet's (the fifth order's true sign is negative), and the quiet value over the standard error, and the trace count at which the median would stand three standard errors from zero, n (3 se / k_quiet)^2. The status is DIAGNOSTIC when frac_wrong_sign is below 0.35, which under a coin flip sits 13 standard deviations below one half at two thousand traces and 60 at forty thousand"
0.1,0.004,rtm3004,hires,3.25,true,7,1,2.343274e-01,4.149e-03,0.361,40000,2.410342e-01,0.361,58.101,1.066e+02,NULL,"one rung of the ladder: the median windowed cumulant of this order over n_traces twin traces, its standard error as a median, the fraction of traces returning a negative value, the same estimator's value on a noiseless trace of this rung (k_quiet), the fraction of traces whose sign differs from k_quiet's (the fifth order's true sign is negative), and the quiet value over the standard error, and the trace count at which the median would stand three standard errors from zero, n (3 se / k_quiet)^2. The status is DIAGNOSTIC when frac_wrong_sign is below 0.35, which under a coin flip sits 13 standard deviations below one half at two thousand traces and 60 at forty thousand"
0.1,0.004,rtm3004,hires,3.25,true,7,2,1.847770e+00,4.301e-03,0.004,40000,1.849959e+00,0.004,430.137,1.946e+00,DIAGNOSTIC,"one rung of the ladder: the median windowed cumulant of this order over n_traces twin traces, its standard error as a median, the fraction of traces returning a negative value, the same estimator's value on a noiseless trace of this rung (k_quiet), the fraction of traces whose sign differs from k_quiet's (the fifth order's true sign is negative), and the quiet value over the standard error, and the trace count at which the median would stand three standard errors from zero, n (3 se / k_quiet)^2. The status is DIAGNOSTIC when frac_wrong_sign is below 0.35, which under a coin flip sits 13 standard deviations below one half at two thousand traces and 60 at forty thousand"
0.1,0.004,rtm3004,hires,4,true,3,0.364,3.864618e-05,1.451e-05,0.493,40000,4.398884e-05,0.493,3.031,3.919e+04,NULL,"one rung of the ladder: the median windowed cumulant of this order over n_traces twin traces, its standard error as a median, the fraction of traces returning a negative value, the same estimator's value on a noiseless trace of this rung (k_quiet), the fraction of traces whose sign differs from k_quiet's (the fifth order's true sign is negative), and the quiet value over the standard error, and the trace count at which the median would stand three standard errors from zero, n (3 se / k_quiet)^2. The status is DIAGNOSTIC when frac_wrong_sign is below 0.35, which under a coin flip sits 13 standard deviations below one half at two thousand traces and 60 at forty thousand"
0.1,0.004,rtm3004,hires,4,true,3,0.5,1.195724e-04,1.449e-05,0.479,40000,1.160984e-04,0.479,8.011,5.609e+03,NULL,"one rung of the ladder: the median windowed cumulant of this order over n_traces twin traces, its standard error as a median, the fraction of traces returning a negative value, the same estimator's value on a noiseless trace of this rung (k_quiet), the fraction of traces whose sign differs from k_quiet's (the fifth order's true sign is negative), and the quiet value over the standard error, and the trace count at which the median would stand three standard errors from zero, n (3 se / k_quiet)^2. The status is DIAGNOSTIC when frac_wrong_sign is below 0.35, which under a coin flip sits 13 standard deviations below one half at two thousand traces and 60 at forty thousand"
0.1,0.004,rtm3004,hires,4,true,3,0.73,3.504160e-04,1.450e-05,0.440,40000,3.561710e-04,0.440,24.570,5.963e+02,NULL,"one rung of the ladder: the median windowed cumulant of this order over n_traces twin traces, its standard error as a median, the fraction of traces returning a negative value, the same estimator's value on a noiseless trace of this rung (k_quiet), the fraction of traces whose sign differs from k_quiet's (the fifth order's true sign is negative), and the quiet value over the standard error, and the trace count at which the median would stand three standard errors from zero, n (3 se / k_quiet)^2. The status is DIAGNOSTIC when frac_wrong_sign is below 0.35, which under a coin flip sits 13 standard deviations below one half at two thousand traces and 60 at forty thousand"
0.1,0.004,rtm3004,hires,4,true,3,1,9.244692e-04,1.453e-05,0.346,40000,9.229019e-04,0.346,63.496,8.929e+01,DIAGNOSTIC,"one rung of the ladder: the median windowed cumulant of this order over n_traces twin traces, its standard error as a median, the fraction of traces returning a negative value, the same estimator's value on a noiseless trace of this rung (k_quiet), the fraction of traces whose sign differs from k_quiet's (the fifth order's true sign is negative), and the quiet value over the standard error, and the trace count at which the median would stand three standard errors from zero, n (3 se / k_quiet)^2. The status is DIAGNOSTIC when frac_wrong_sign is below 0.35, which under a coin flip sits 13 standard deviations below one half at two thousand traces and 60 at forty thousand"
0.1,0.004,rtm3004,hires,4,true,3,2,7.051176e-03,1.443e-05,0.001,40000,7.040982e-03,0.001,488.026,1.512e+00,DIAGNOSTIC,"one rung of the ladder: the median windowed cumulant of this order over n_traces twin traces, its standard error as a median, the fraction of traces returning a negative value, the same estimator's value on a noiseless trace of this rung (k_quiet), the fraction of traces whose sign differs from k_quiet's (the fifth order's true sign is negative), and the quiet value over the standard error, and the trace count at which the median would stand three standard errors from zero, n (3 se / k_quiet)^2. The status is DIAGNOSTIC when frac_wrong_sign is below 0.35, which under a coin flip sits 13 standard deviations below one half at two thousand traces and 60 at forty thousand"
0.1,0.004,rtm3004,hires,4,true,5,0.364,-9.830956e-04,3.060e-04,0.509,40000,-1.008078e-03,0.491,3.295,3.316e+04,NULL,"one rung of the ladder: the median windowed cumulant of this order over n_traces twin traces, its standard error as a median, the fraction of traces returning a negative value, the same estimator's value on a noiseless trace of this rung (k_quiet), the fraction of traces whose sign differs from k_quiet's (the fifth order's true sign is negative), and the quiet value over the standard error, and the trace count at which the median would stand three standard errors from zero, n (3 se / k_quiet)^2. The status is DIAGNOSTIC when frac_wrong_sign is below 0.35, which under a coin flip sits 13 standard deviations below one half at two thousand traces and 60 at forty thousand"
0.1,0.004,rtm3004,hires,4,true,5,0.5,-2.816181e-03,3.053e-04,0.523,40000,-2.642940e-03,0.477,8.656,4.804e+03,NULL,"one rung of the ladder: the median windowed cumulant of this order over n_traces twin traces, its standard error as a median, the fraction of traces returning a negative value, the same estimator's value on a noiseless trace of this rung (k_quiet), the fraction of traces whose sign differs from k_quiet's (the fifth order's true sign is negative), and the quiet value over the standard error, and the trace count at which the median would stand three standard errors from zero, n (3 se / k_quiet)^2. The status is DIAGNOSTIC when frac_wrong_sign is below 0.35, which under a coin flip sits 13 standard deviations below one half at two thousand traces and 60 at forty thousand"
0.1,0.004,rtm3004,hires,4,true,5,0.73,-7.882615e-03,3.061e-04,0.565,40000,-8.152684e-03,0.435,26.636,5.074e+02,NULL,"one rung of the ladder: the median windowed cumulant of this order over n_traces twin traces, its standard error as a median, the fraction of traces returning a negative value, the same estimator's value on a noiseless trace of this rung (k_quiet), the fraction of traces whose sign differs from k_quiet's (the fifth order's true sign is negative), and the quiet value over the standard error, and the trace count at which the median would stand three standard errors from zero, n (3 se / k_quiet)^2. The status is DIAGNOSTIC when frac_wrong_sign is below 0.35, which under a coin flip sits 13 standard deviations below one half at two thousand traces and 60 at forty thousand"
0.1,0.004,rtm3004,hires,4,true,5,1,-2.122793e-02,3.077e-04,0.664,40000,-2.117521e-02,0.336,68.822,7.601e+01,DIAGNOSTIC,"one rung of the ladder: the median windowed cumulant of this order over n_traces twin traces, its standard error as a median, the fraction of traces returning a negative value, the same estimator's value on a noiseless trace of this rung (k_quiet), the fraction of traces whose sign differs from k_quiet's (the fifth order's true sign is negative), and the quiet value over the standard error, and the trace count at which the median would stand three standard errors from zero, n (3 se / k_quiet)^2. The status is DIAGNOSTIC when frac_wrong_sign is below 0.35, which under a coin flip sits 13 standard deviations below one half at two thousand traces and 60 at forty thousand"
0.1,0.004,rtm3004,hires,4,true,5,2,-1.637030e-01,3.114e-04,0.999,40000,-1.635721e-01,0.001,525.332,1.304e+00,DIAGNOSTIC,"one rung of the ladder: the median windowed cumulant of this order over n_traces twin traces, its standard error as a median, the fraction of traces returning a negative value, the same estimator's value on a noiseless trace of this rung (k_quiet), the fraction of traces whose sign differs from k_quiet's (the fifth order's true sign is negative), and the quiet value over the standard error, and the trace count at which the median would stand three standard errors from zero, n (3 se / k_quiet)^2. The status is DIAGNOSTIC when frac_wrong_sign is below 0.35, which under a coin flip sits 13 standard deviations below one half at two thousand traces and 60 at forty thousand"
0.1,0.004,rtm3004,hires,4,true,7,0.364,4.250563e-02,1.175e-02,0.491,40000,3.968597e-02,0.491,3.378,3.155e+04,NULL,"one rung of the ladder: the median windowed cumulant of this order over n_traces twin traces, its standard error as a median, the fraction of traces returning a negative value, the same estimator's value on a noiseless trace of this rung (k_quiet), the fraction of traces whose sign differs from k_quiet's (the fifth order's true sign is negative), and the quiet value over the standard error, and the trace count at which the median would stand three standard errors from zero, n (3 se / k_quiet)^2. The status is DIAGNOSTIC when frac_wrong_sign is below 0.35, which under a coin flip sits 13 standard deviations below one half at two thousand traces and 60 at forty thousand"
0.1,0.004,rtm3004,hires,4,true,7,0.5,1.072752e-01,1.173e-02,0.476,40000,1.039339e-01,0.476,8.861,4.585e+03,NULL,"one rung of the ladder: the median windowed cumulant of this order over n_traces twin traces, its standard error as a median, the fraction of traces returning a negative value, the same estimator's value on a noiseless trace of this rung (k_quiet), the fraction of traces whose sign differs from k_quiet's (the fifth order's true sign is negative), and the quiet value over the standard error, and the trace count at which the median would stand three standard errors from zero, n (3 se / k_quiet)^2. The status is DIAGNOSTIC when frac_wrong_sign is below 0.35, which under a coin flip sits 13 standard deviations below one half at two thousand traces and 60 at forty thousand"
0.1,0.004,rtm3004,hires,4,true,7,0.73,3.117790e-01,1.179e-02,0.435,40000,3.216152e-01,0.435,27.283,4.836e+02,NULL,"one rung of the ladder: the median windowed cumulant of this order over n_traces twin traces, its standard error as a median, the fraction of traces returning a negative value, the same estimator's value on a noiseless trace of this rung (k_quiet), the fraction of traces whose sign differs from k_quiet's (the fifth order's true sign is negative), and the quiet value over the standard error, and the trace count at which the median would stand three standard errors from zero, n (3 se / k_quiet)^2. The status is DIAGNOSTIC when frac_wrong_sign is below 0.35, which under a coin flip sits 13 standard deviations below one half at two thousand traces and 60 at forty thousand"
0.1,0.004,rtm3004,hires,4,true,7,1,8.382645e-01,1.189e-02,0.331,40000,8.384891e-01,0.331,70.507,7.242e+01,DIAGNOSTIC,"one rung of the ladder: the median windowed cumulant of this order over n_traces twin traces, its standard error as a median, the fraction of traces returning a negative value, the same estimator's value on a noiseless trace of this rung (k_quiet), the fraction of traces whose sign differs from k_quiet's (the fifth order's true sign is negative), and the quiet value over the standard error, and the trace count at which the median would stand three standard errors from zero, n (3 se / k_quiet)^2. The status is DIAGNOSTIC when frac_wrong_sign is below 0.35, which under a coin flip sits 13 standard deviations below one half at two thousand traces and 60 at forty thousand"
0.1,0.004,rtm3004,hires,4,true,7,2,6.621489e+00,1.233e-02,0.001,40000,6.613625e+00,0.001,536.477,1.251e+00,DIAGNOSTIC,"one rung of the ladder: the median windowed cumulant of this order over n_traces twin traces, its standard error as a median, the fraction of traces returning a negative value, the same estimator's value on a noiseless trace of this rung (k_quiet), the fraction of traces whose sign differs from k_quiet's (the fifth order's true sign is negative), and the quiet value over the standard error, and the trace count at which the median would stand three standard errors from zero, n (3 se / k_quiet)^2. The status is DIAGNOSTIC when frac_wrong_sign is below 0.35, which under a coin flip sits 13 standard deviations below one half at two thousand traces and 60 at forty thousand"
0.1,0.004,rtm3004,hires,6,true,3,0.364,9.023805e-05,4.317e-05,0.495,40000,1.150969e-04,0.495,2.666,5.065e+04,NULL,"one rung of the ladder: the median windowed cumulant of this order over n_traces twin traces, its standard error as a median, the fraction of traces returning a negative value, the same estimator's value on a noiseless trace of this rung (k_quiet), the fraction of traces whose sign differs from k_quiet's (the fifth order's true sign is negative), and the quiet value over the standard error, and the trace count at which the median would stand three standard errors from zero, n (3 se / k_quiet)^2. The status is DIAGNOSTIC when frac_wrong_sign is below 0.35, which under a coin flip sits 13 standard deviations below one half at two thousand traces and 60 at forty thousand"
0.1,0.004,rtm3004,hires,6,true,3,0.5,3.342535e-04,4.318e-05,0.481,40000,3.020009e-04,0.481,6.994,7.359e+03,NULL,"one rung of the ladder: the median windowed cumulant of this order over n_traces twin traces, its standard error as a median, the fraction of traces returning a negative value, the same estimator's value on a noiseless trace of this rung (k_quiet), the fraction of traces whose sign differs from k_quiet's (the fifth order's true sign is negative), and the quiet value over the standard error, and the trace count at which the median would stand three standard errors from zero, n (3 se / k_quiet)^2. The status is DIAGNOSTIC when frac_wrong_sign is below 0.35, which under a coin flip sits 13 standard deviations below one half at two thousand traces and 60 at forty thousand"
0.1,0.004,rtm3004,hires,6,true,3,0.73,9.636879e-04,4.306e-05,0.444,40000,9.289995e-04,0.444,21.577,7.733e+02,NULL,"one rung of the ladder: the median windowed cumulant of this order over n_traces twin traces, its standard error as a median, the fraction of traces returning a negative value, the same estimator's value on a noiseless trace of this rung (k_quiet), the fraction of traces whose sign differs from k_quiet's (the fifth order's true sign is negative), and the quiet value over the standard error, and the trace count at which the median would stand three standard errors from zero, n (3 se / k_quiet)^2. The status is DIAGNOSTIC when frac_wrong_sign is below 0.35, which under a coin flip sits 13 standard deviations below one half at two thousand traces and 60 at forty thousand"
0.1,0.004,rtm3004,hires,6,true,3,1,2.446035e-03,4.328e-05,0.362,40000,2.413934e-03,0.362,55.771,1.157e+02,NULL,"one rung of the ladder: the median windowed cumulant of this order over n_traces twin traces, its standard error as a median, the fraction of traces returning a negative value, the same estimator's value on a noiseless trace of this rung (k_quiet), the fraction of traces whose sign differs from k_quiet's (the fifth order's true sign is negative), and the quiet value over the standard error, and the trace count at which the median would stand three standard errors from zero, n (3 se / k_quiet)^2. The status is DIAGNOSTIC when frac_wrong_sign is below 0.35, which under a coin flip sits 13 standard deviations below one half at two thousand traces and 60 at forty thousand"
0.1,0.004,rtm3004,hires,6,true,3,2,1.914019e-02,4.261e-05,0.003,40000,1.907455e-02,0.003,447.608,1.797e+00,DIAGNOSTIC,"one rung of the ladder: the median windowed cumulant of this order over n_traces twin traces, its standard error as a median, the fraction of traces returning a negative value, the same estimator's value on a noiseless trace of this rung (k_quiet), the fraction of traces whose sign differs from k_quiet's (the fifth order's true sign is negative), and the quiet value over the standard error, and the trace count at which the median would stand three standard errors from zero, n (3 se / k_quiet)^2. The status is DIAGNOSTIC when frac_wrong_sign is below 0.35, which under a coin flip sits 13 standard deviations below one half at two thousand traces and 60 at forty thousand"
0.1,0.004,rtm3004,hires,6,true,5,0.364,-3.599544e-03,1.317e-03,0.507,40000,-4.382191e-03,0.493,3.327,3.253e+04,NULL,"one rung of the ladder: the median windowed cumulant of this order over n_traces twin traces, its standard error as a median, the fraction of traces returning a negative value, the same estimator's value on a noiseless trace of this rung (k_quiet), the fraction of traces whose sign differs from k_quiet's (the fifth order's true sign is negative), and the quiet value over the standard error, and the trace count at which the median would stand three standard errors from zero, n (3 se / k_quiet)^2. The status is DIAGNOSTIC when frac_wrong_sign is below 0.35, which under a coin flip sits 13 standard deviations below one half at two thousand traces and 60 at forty thousand"
0.1,0.004,rtm3004,hires,6,true,5,0.5,-1.230681e-02,1.315e-03,0.524,40000,-1.142990e-02,0.476,8.689,4.768e+03,NULL,"one rung of the ladder: the median windowed cumulant of this order over n_traces twin traces, its standard error as a median, the fraction of traces returning a negative value, the same estimator's value on a noiseless trace of this rung (k_quiet), the fraction of traces whose sign differs from k_quiet's (the fifth order's true sign is negative), and the quiet value over the standard error, and the trace count at which the median would stand three standard errors from zero, n (3 se / k_quiet)^2. The status is DIAGNOSTIC when frac_wrong_sign is below 0.35, which under a coin flip sits 13 standard deviations below one half at two thousand traces and 60 at forty thousand"
0.1,0.004,rtm3004,hires,6,true,5,0.73,-3.620621e-02,1.318e-03,0.568,40000,-3.536712e-02,0.432,26.838,4.998e+02,NULL,"one rung of the ladder: the median windowed cumulant of this order over n_traces twin traces, its standard error as a median, the fraction of traces returning a negative value, the same estimator's value on a noiseless trace of this rung (k_quiet), the fraction of traces whose sign differs from k_quiet's (the fifth order's true sign is negative), and the quiet value over the standard error, and the trace count at which the median would stand three standard errors from zero, n (3 se / k_quiet)^2. The status is DIAGNOSTIC when frac_wrong_sign is below 0.35, which under a coin flip sits 13 standard deviations below one half at two thousand traces and 60 at forty thousand"
0.1,0.004,rtm3004,hires,6,true,5,1,-9.375065e-02,1.328e-03,0.669,40000,-9.197908e-02,0.331,69.271,7.502e+01,DIAGNOSTIC,"one rung of the ladder: the median windowed cumulant of this order over n_traces twin traces, its standard error as a median, the fraction of traces returning a negative value, the same estimator's value on a noiseless trace of this rung (k_quiet), the fraction of traces whose sign differs from k_quiet's (the fifth order's true sign is negative), and the quiet value over the standard error, and the trace count at which the median would stand three standard errors from zero, n (3 se / k_quiet)^2. The status is DIAGNOSTIC when frac_wrong_sign is below 0.35, which under a coin flip sits 13 standard deviations below one half at two thousand traces and 60 at forty thousand"
0.1,0.004,rtm3004,hires,6,true,5,2,-7.372520e-01,1.334e-03,1.000,40000,-7.354002e-01,0.000,551.109,1.185e+00,DIAGNOSTIC,"one rung of the ladder: the median windowed cumulant of this order over n_traces twin traces, its standard error as a median, the fraction of traces returning a negative value, the same estimator's value on a noiseless trace of this rung (k_quiet), the fraction of traces whose sign differs from k_quiet's (the fifth order's true sign is negative), and the quiet value over the standard error, and the trace count at which the median would stand three standard errors from zero, n (3 se / k_quiet)^2. The status is DIAGNOSTIC when frac_wrong_sign is below 0.35, which under a coin flip sits 13 standard deviations below one half at two thousand traces and 60 at forty thousand"
0.1,0.004,rtm3004,hires,6,true,7,0.364,2.206988e-01,6.290e-02,0.491,40000,2.352344e-01,0.491,3.740,2.574e+04,NULL,"one rung of the ladder: the median windowed cumulant of this order over n_traces twin traces, its standard error as a median, the fraction of traces returning a negative value, the same estimator's value on a noiseless trace of this rung (k_quiet), the fraction of traces whose sign differs from k_quiet's (the fifth order's true sign is negative), and the quiet value over the standard error, and the trace count at which the median would stand three standard errors from zero, n (3 se / k_quiet)^2. The status is DIAGNOSTIC when frac_wrong_sign is below 0.35, which under a coin flip sits 13 standard deviations below one half at two thousand traces and 60 at forty thousand"
0.1,0.004,rtm3004,hires,6,true,7,0.5,6.291241e-01,6.283e-02,0.476,40000,6.124725e-01,0.476,9.748,3.789e+03,NULL,"one rung of the ladder: the median windowed cumulant of this order over n_traces twin traces, its standard error as a median, the fraction of traces returning a negative value, the same estimator's value on a noiseless trace of this rung (k_quiet), the fraction of traces whose sign differs from k_quiet's (the fifth order's true sign is negative), and the quiet value over the standard error, and the trace count at which the median would stand three standard errors from zero, n (3 se / k_quiet)^2. The status is DIAGNOSTIC when frac_wrong_sign is below 0.35, which under a coin flip sits 13 standard deviations below one half at two thousand traces and 60 at forty thousand"
0.1,0.004,rtm3004,hires,6,true,7,0.73,1.946606e+00,6.331e-02,0.423,40000,1.904987e+00,0.423,30.091,3.976e+02,NULL,"one rung of the ladder: the median windowed cumulant of this order over n_traces twin traces, its standard error as a median, the fraction of traces returning a negative value, the same estimator's value on a noiseless trace of this rung (k_quiet), the fraction of traces whose sign differs from k_quiet's (the fifth order's true sign is negative), and the quiet value over the standard error, and the trace count at which the median would stand three standard errors from zero, n (3 se / k_quiet)^2. The status is DIAGNOSTIC when frac_wrong_sign is below 0.35, which under a coin flip sits 13 standard deviations below one half at two thousand traces and 60 at forty thousand"
0.1,0.004,rtm3004,hires,6,true,7,1,5.035765e+00,6.410e-02,0.310,40000,4.976940e+00,0.310,77.645,5.971e+01,DIAGNOSTIC,"one rung of the ladder: the median windowed cumulant of this order over n_traces twin traces, its standard error as a median, the fraction of traces returning a negative value, the same estimator's value on a noiseless trace of this rung (k_quiet), the fraction of traces whose sign differs from k_quiet's (the fifth order's true sign is negative), and the quiet value over the standard error, and the trace count at which the median would stand three standard errors from zero, n (3 se / k_quiet)^2. The status is DIAGNOSTIC when frac_wrong_sign is below 0.35, which under a coin flip sits 13 standard deviations below one half at two thousand traces and 60 at forty thousand"
0.1,0.004,rtm3004,hires,6,true,7,2,4.101197e+01,6.694e-02,0.000,40000,4.095357e+01,0.000,611.836,9.617e-01,DIAGNOSTIC,"one rung of the ladder: the median windowed cumulant of this order over n_traces twin traces, its standard error as a median, the fraction of traces returning a negative value, the same estimator's value on a noiseless trace of this rung (k_quiet), the fraction of traces whose sign differs from k_quiet's (the fifth order's true sign is negative), and the quiet value over the standard error, and the trace count at which the median would stand three standard errors from zero, n (3 se / k_quiet)^2. The status is DIAGNOSTIC when frac_wrong_sign is below 0.35, which under a coin flip sits 13 standard deviations below one half at two thousand traces and 60 at forty thousand"
0.1,0.004,rtm3004,hires,8,true,3,0.364,1.104893e-04,9.624e-05,0.497,40000,1.734002e-04,0.497,1.802,1.109e+05,NULL,"one rung of the ladder: the median windowed cumulant of this order over n_traces twin traces, its standard error as a median, the fraction of traces returning a negative value, the same estimator's value on a noiseless trace of this rung (k_quiet), the fraction of traces whose sign differs from k_quiet's (the fifth order's true sign is negative), and the quiet value over the standard error, and the trace count at which the median would stand three standard errors from zero, n (3 se / k_quiet)^2. The status is DIAGNOSTIC when frac_wrong_sign is below 0.35, which under a coin flip sits 13 standard deviations below one half at two thousand traces and 60 at forty thousand"
0.1,0.004,rtm3004,hires,8,true,3,0.5,5.857236e-04,9.602e-05,0.484,40000,4.481112e-04,0.484,4.667,1.653e+04,NULL,"one rung of the ladder: the median windowed cumulant of this order over n_traces twin traces, its standard error as a median, the fraction of traces returning a negative value, the same estimator's value on a noiseless trace of this rung (k_quiet), the fraction of traces whose sign differs from k_quiet's (the fifth order's true sign is negative), and the quiet value over the standard error, and the trace count at which the median would stand three standard errors from zero, n (3 se / k_quiet)^2. The status is DIAGNOSTIC when frac_wrong_sign is below 0.35, which under a coin flip sits 13 standard deviations below one half at two thousand traces and 60 at forty thousand"
0.1,0.004,rtm3004,hires,8,true,3,0.73,1.413656e-03,9.675e-05,0.463,40000,1.395128e-03,0.463,14.420,1.731e+03,NULL,"one rung of the ladder: the median windowed cumulant of this order over n_traces twin traces, its standard error as a median, the fraction of traces returning a negative value, the same estimator's value on a noiseless trace of this rung (k_quiet), the fraction of traces whose sign differs from k_quiet's (the fifth order's true sign is negative), and the quiet value over the standard error, and the trace count at which the median would stand three standard errors from zero, n (3 se / k_quiet)^2. The status is DIAGNOSTIC when frac_wrong_sign is below 0.35, which under a coin flip sits 13 standard deviations below one half at two thousand traces and 60 at forty thousand"
0.1,0.004,rtm3004,hires,8,true,3,1,3.664463e-03,9.660e-05,0.407,40000,3.615239e-03,0.407,37.423,2.571e+02,NULL,"one rung of the ladder: the median windowed cumulant of this order over n_traces twin traces, its standard error as a median, the fraction of traces returning a negative value, the same estimator's value on a noiseless trace of this rung (k_quiet), the fraction of traces whose sign differs from k_quiet's (the fifth order's true sign is negative), and the quiet value over the standard error, and the trace count at which the median would stand three standard errors from zero, n (3 se / k_quiet)^2. The status is DIAGNOSTIC when frac_wrong_sign is below 0.35, which under a coin flip sits 13 standard deviations below one half at two thousand traces and 60 at forty thousand"
0.1,0.004,rtm3004,hires,8,true,3,2,2.874216e-02,9.513e-05,0.029,40000,2.878806e-02,0.029,302.619,3.931e+00,DIAGNOSTIC,"one rung of the ladder: the median windowed cumulant of this order over n_traces twin traces, its standard error as a median, the fraction of traces returning a negative value, the same estimator's value on a noiseless trace of this rung (k_quiet), the fraction of traces whose sign differs from k_quiet's (the fifth order's true sign is negative), and the quiet value over the standard error, and the trace count at which the median would stand three standard errors from zero, n (3 se / k_quiet)^2. The status is DIAGNOSTIC when frac_wrong_sign is below 0.35, which under a coin flip sits 13 standard deviations below one half at two thousand traces and 60 at forty thousand"
0.1,0.004,rtm3004,hires,8,true,5,0.364,-1.057791e-02,3.286e-03,0.508,40000,-9.133584e-03,0.492,2.780,4.659e+04,NULL,"one rung of the ladder: the median windowed cumulant of this order over n_traces twin traces, its standard error as a median, the fraction of traces returning a negative value, the same estimator's value on a noiseless trace of this rung (k_quiet), the fraction of traces whose sign differs from k_quiet's (the fifth order's true sign is negative), and the quiet value over the standard error, and the trace count at which the median would stand three standard errors from zero, n (3 se / k_quiet)^2. The status is DIAGNOSTIC when frac_wrong_sign is below 0.35, which under a coin flip sits 13 standard deviations below one half at two thousand traces and 60 at forty thousand"
0.1,0.004,rtm3004,hires,8,true,5,0.5,-2.898588e-02,3.298e-03,0.522,40000,-2.348223e-02,0.478,7.121,7.099e+03,NULL,"one rung of the ladder: the median windowed cumulant of this order over n_traces twin traces, its standard error as a median, the fraction of traces returning a negative value, the same estimator's value on a noiseless trace of this rung (k_quiet), the fraction of traces whose sign differs from k_quiet's (the fifth order's true sign is negative), and the quiet value over the standard error, and the trace count at which the median would stand three standard errors from zero, n (3 se / k_quiet)^2. The status is DIAGNOSTIC when frac_wrong_sign is below 0.35, which under a coin flip sits 13 standard deviations below one half at two thousand traces and 60 at forty thousand"
0.1,0.004,rtm3004,hires,8,true,5,0.73,-7.373000e-02,3.335e-03,0.557,40000,-7.329199e-02,0.443,21.977,7.454e+02,NULL,"one rung of the ladder: the median windowed cumulant of this order over n_traces twin traces, its standard error as a median, the fraction of traces returning a negative value, the same estimator's value on a noiseless trace of this rung (k_quiet), the fraction of traces whose sign differs from k_quiet's (the fifth order's true sign is negative), and the quiet value over the standard error, and the trace count at which the median would stand three standard errors from zero, n (3 se / k_quiet)^2. The status is DIAGNOSTIC when frac_wrong_sign is below 0.35, which under a coin flip sits 13 standard deviations below one half at two thousand traces and 60 at forty thousand"
0.1,0.004,rtm3004,hires,8,true,5,1,-1.906521e-01,3.332e-03,0.640,40000,-1.903213e-01,0.360,57.115,1.104e+02,NULL,"one rung of the ladder: the median windowed cumulant of this order over n_traces twin traces, its standard error as a median, the fraction of traces returning a negative value, the same estimator's value on a noiseless trace of this rung (k_quiet), the fraction of traces whose sign differs from k_quiet's (the fifth order's true sign is negative), and the quiet value over the standard error, and the trace count at which the median would stand three standard errors from zero, n (3 se / k_quiet)^2. The status is DIAGNOSTIC when frac_wrong_sign is below 0.35, which under a coin flip sits 13 standard deviations below one half at two thousand traces and 60 at forty thousand"
0.1,0.004,rtm3004,hires,8,true,5,2,-1.530851e+00,3.360e-03,0.998,40000,-1.531844e+00,0.002,455.851,1.732e+00,DIAGNOSTIC,"one rung of the ladder: the median windowed cumulant of this order over n_traces twin traces, its standard error as a median, the fraction of traces returning a negative value, the same estimator's value on a noiseless trace of this rung (k_quiet), the fraction of traces whose sign differs from k_quiet's (the fifth order's true sign is negative), and the quiet value over the standard error, and the trace count at which the median would stand three standard errors from zero, n (3 se / k_quiet)^2. The status is DIAGNOSTIC when frac_wrong_sign is below 0.35, which under a coin flip sits 13 standard deviations below one half at two thousand traces and 60 at forty thousand"
0.1,0.004,rtm3004,hires,8,true,7,0.364,3.733999e-01,1.428e-01,0.493,40000,4.855517e-01,0.493,3.399,3.116e+04,NULL,"one rung of the ladder: the median windowed cumulant of this order over n_traces twin traces, its standard error as a median, the fraction of traces returning a negative value, the same estimator's value on a noiseless trace of this rung (k_quiet), the fraction of traces whose sign differs from k_quiet's (the fifth order's true sign is negative), and the quiet value over the standard error, and the trace count at which the median would stand three standard errors from zero, n (3 se / k_quiet)^2. The status is DIAGNOSTIC when frac_wrong_sign is below 0.35, which under a coin flip sits 13 standard deviations below one half at two thousand traces and 60 at forty thousand"
0.1,0.004,rtm3004,hires,8,true,7,0.5,1.395951e+00,1.434e-01,0.476,40000,1.243820e+00,0.476,8.676,4.783e+03,NULL,"one rung of the ladder: the median windowed cumulant of this order over n_traces twin traces, its standard error as a median, the fraction of traces returning a negative value, the same estimator's value on a noiseless trace of this rung (k_quiet), the fraction of traces whose sign differs from k_quiet's (the fifth order's true sign is negative), and the quiet value over the standard error, and the trace count at which the median would stand three standard errors from zero, n (3 se / k_quiet)^2. The status is DIAGNOSTIC when frac_wrong_sign is below 0.35, which under a coin flip sits 13 standard deviations below one half at two thousand traces and 60 at forty thousand"
0.1,0.004,rtm3004,hires,8,true,7,0.73,4.002882e+00,1.448e-01,0.432,40000,3.903748e+00,0.432,26.958,4.954e+02,NULL,"one rung of the ladder: the median windowed cumulant of this order over n_traces twin traces, its standard error as a median, the fraction of traces returning a negative value, the same estimator's value on a noiseless trace of this rung (k_quiet), the fraction of traces whose sign differs from k_quiet's (the fifth order's true sign is negative), and the quiet value over the standard error, and the trace count at which the median would stand three standard errors from zero, n (3 se / k_quiet)^2. The status is DIAGNOSTIC when frac_wrong_sign is below 0.35, which under a coin flip sits 13 standard deviations below one half at two thousand traces and 60 at forty thousand"
0.1,0.004,rtm3004,hires,8,true,7,1,1.047544e+01,1.443e-01,0.325,40000,1.020822e+01,0.325,70.743,7.193e+01,DIAGNOSTIC,"one rung of the ladder: the median windowed cumulant of this order over n_traces twin traces, its standard error as a median, the fraction of traces returning a negative value, the same estimator's value on a noiseless trace of this rung (k_quiet), the fraction of traces whose sign differs from k_quiet's (the fifth order's true sign is negative), and the quiet value over the standard error, and the trace count at which the median would stand three standard errors from zero, n (3 se / k_quiet)^2. The status is DIAGNOSTIC when frac_wrong_sign is below 0.35, which under a coin flip sits 13 standard deviations below one half at two thousand traces and 60 at forty thousand"
0.1,0.004,rtm3004,hires,8,true,7,2,8.570979e+01,1.513e-01,0.000,40000,8.556515e+01,0.000,565.418,1.126e+00,DIAGNOSTIC,"one rung of the ladder: the median windowed cumulant of this order over n_traces twin traces, its standard error as a median, the fraction of traces returning a negative value, the same estimator's value on a noiseless trace of this rung (k_quiet), the fraction of traces whose sign differs from k_quiet's (the fifth order's true sign is negative), and the quiet value over the standard error, and the trace count at which the median would stand three standard errors from zero, n (3 se / k_quiet)^2. The status is DIAGNOSTIC when frac_wrong_sign is below 0.35, which under a coin flip sits 13 standard deviations below one half at two thousand traces and 60 at forty thousand"
0.1,0.004,rtm3004,hires,12,true,3,0.364,-1.055345e-04,3.072e-04,0.501,40000,2.349113e-04,0.501,0.765,6.157e+05,NULL,"one rung of the ladder: the median windowed cumulant of this order over n_traces twin traces, its standard error as a median, the fraction of traces returning a negative value, the same estimator's value on a noiseless trace of this rung (k_quiet), the fraction of traces whose sign differs from k_quiet's (the fifth order's true sign is negative), and the quiet value over the standard error, and the trace count at which the median would stand three standard errors from zero, n (3 se / k_quiet)^2. The status is DIAGNOSTIC when frac_wrong_sign is below 0.35, which under a coin flip sits 13 standard deviations below one half at two thousand traces and 60 at forty thousand"
0.1,0.004,rtm3004,hires,12,true,3,0.5,1.119102e-03,3.076e-04,0.491,40000,6.104931e-04,0.491,1.985,9.141e+04,NULL,"one rung of the ladder: the median windowed cumulant of this order over n_traces twin traces, its standard error as a median, the fraction of traces returning a negative value, the same estimator's value on a noiseless trace of this rung (k_quiet), the fraction of traces whose sign differs from k_quiet's (the fifth order's true sign is negative), and the quiet value over the standard error, and the trace count at which the median would stand three standard errors from zero, n (3 se / k_quiet)^2. The status is DIAGNOSTIC when frac_wrong_sign is below 0.35, which under a coin flip sits 13 standard deviations below one half at two thousand traces and 60 at forty thousand"
0.1,0.004,rtm3004,hires,12,true,3,0.73,1.765958e-03,3.091e-04,0.486,40000,1.892028e-03,0.486,6.121,9.608e+03,NULL,"one rung of the ladder: the median windowed cumulant of this order over n_traces twin traces, its standard error as a median, the fraction of traces returning a negative value, the same estimator's value on a noiseless trace of this rung (k_quiet), the fraction of traces whose sign differs from k_quiet's (the fifth order's true sign is negative), and the quiet value over the standard error, and the trace count at which the median would stand three standard errors from zero, n (3 se / k_quiet)^2. The status is DIAGNOSTIC when frac_wrong_sign is below 0.35, which under a coin flip sits 13 standard deviations below one half at two thousand traces and 60 at forty thousand"
0.1,0.004,rtm3004,hires,12,true,3,1,4.987092e-03,3.055e-04,0.458,40000,4.941805e-03,0.458,16.174,1.376e+03,NULL,"one rung of the ladder: the median windowed cumulant of this order over n_traces twin traces, its standard error as a median, the fraction of traces returning a negative value, the same estimator's value on a noiseless trace of this rung (k_quiet), the fraction of traces whose sign differs from k_quiet's (the fifth order's true sign is negative), and the quiet value over the standard error, and the trace count at which the median would stand three standard errors from zero, n (3 se / k_quiet)^2. The status is DIAGNOSTIC when frac_wrong_sign is below 0.35, which under a coin flip sits 13 standard deviations below one half at two thousand traces and 60 at forty thousand"
0.1,0.004,rtm3004,hires,12,true,3,2,3.899797e-02,3.046e-04,0.212,40000,3.944404e-02,0.212,129.514,2.146e+01,DIAGNOSTIC,"one rung of the ladder: the median windowed cumulant of this order over n_traces twin traces, its standard error as a median, the fraction of traces returning a negative value, the same estimator's value on a noiseless trace of this rung (k_quiet), the fraction of traces whose sign differs from k_quiet's (the fifth order's true sign is negative), and the quiet value over the standard error, and the trace count at which the median would stand three standard errors from zero, n (3 se / k_quiet)^2. The status is DIAGNOSTIC when frac_wrong_sign is below 0.35, which under a coin flip sits 13 standard deviations below one half at two thousand traces and 60 at forty thousand"
0.1,0.004,rtm3004,hires,12,true,5,0.364,-1.575491e-02,1.068e-02,0.504,40000,-1.914479e-02,0.496,1.793,1.120e+05,NULL,"one rung of the ladder: the median windowed cumulant of this order over n_traces twin traces, its standard error as a median, the fraction of traces returning a negative value, the same estimator's value on a noiseless trace of this rung (k_quiet), the fraction of traces whose sign differs from k_quiet's (the fifth order's true sign is negative), and the quiet value over the standard error, and the trace count at which the median would stand three standard errors from zero, n (3 se / k_quiet)^2. The status is DIAGNOSTIC when frac_wrong_sign is below 0.35, which under a coin flip sits 13 standard deviations below one half at two thousand traces and 60 at forty thousand"
0.1,0.004,rtm3004,hires,12,true,5,0.5,-3.860191e-02,1.063e-02,0.511,40000,-4.970834e-02,0.489,4.676,1.646e+04,NULL,"one rung of the ladder: the median windowed cumulant of this order over n_traces twin traces, its standard error as a median, the fraction of traces returning a negative value, the same estimator's value on a noiseless trace of this rung (k_quiet), the fraction of traces whose sign differs from k_quiet's (the fifth order's true sign is negative), and the quiet value over the standard error, and the trace count at which the median would stand three standard errors from zero, n (3 se / k_quiet)^2. The status is DIAGNOSTIC when frac_wrong_sign is below 0.35, which under a coin flip sits 13 standard deviations below one half at two thousand traces and 60 at forty thousand"
0.1,0.004,rtm3004,hires,12,true,5,0.73,-1.538593e-01,1.063e-02,0.537,40000,-1.547689e-01,0.463,14.565,1.697e+03,NULL,"one rung of the ladder: the median windowed cumulant of this order over n_traces twin traces, its standard error as a median, the fraction of traces returning a negative value, the same estimator's value on a noiseless trace of this rung (k_quiet), the fraction of traces whose sign differs from k_quiet's (the fifth order's true sign is negative), and the quiet value over the standard error, and the trace count at which the median would stand three standard errors from zero, n (3 se / k_quiet)^2. The status is DIAGNOSTIC when frac_wrong_sign is below 0.35, which under a coin flip sits 13 standard deviations below one half at two thousand traces and 60 at forty thousand"
0.1,0.004,rtm3004,hires,12,true,5,1,-4.091394e-01,1.068e-02,0.593,40000,-4.035866e-01,0.407,37.790,2.521e+02,NULL,"one rung of the ladder: the median windowed cumulant of this order over n_traces twin traces, its standard error as a median, the fraction of traces returning a negative value, the same estimator's value on a noiseless trace of this rung (k_quiet), the fraction of traces whose sign differs from k_quiet's (the fifth order's true sign is negative), and the quiet value over the standard error, and the trace count at which the median would stand three standard errors from zero, n (3 se / k_quiet)^2. The status is DIAGNOSTIC when frac_wrong_sign is below 0.35, which under a coin flip sits 13 standard deviations below one half at two thousand traces and 60 at forty thousand"
0.1,0.004,rtm3004,hires,12,true,5,2,-3.251148e+00,1.068e-02,0.972,40000,-3.247650e+00,0.028,304.216,3.890e+00,DIAGNOSTIC,"one rung of the ladder: the median windowed cumulant of this order over n_traces twin traces, its standard error as a median, the fraction of traces returning a negative value, the same estimator's value on a noiseless trace of this rung (k_quiet), the fraction of traces whose sign differs from k_quiet's (the fifth order's true sign is negative), and the quiet value over the standard error, and the trace count at which the median would stand three standard errors from zero, n (3 se / k_quiet)^2. The status is DIAGNOSTIC when frac_wrong_sign is below 0.35, which under a coin flip sits 13 standard deviations below one half at two thousand traces and 60 at forty thousand"
0.1,0.004,rtm3004,hires,12,true,7,0.364,5.164332e-01,2.811e+00,0.499,40000,1.593078e-01,0.499,0.057,1.121e+08,NULL,"one rung of the ladder: the median windowed cumulant of this order over n_traces twin traces, its standard error as a median, the fraction of traces returning a negative value, the same estimator's value on a noiseless trace of this rung (k_quiet), the fraction of traces whose sign differs from k_quiet's (the fifth order's true sign is negative), and the quiet value over the standard error, and the trace count at which the median would stand three standard errors from zero, n (3 se / k_quiet)^2. The status is DIAGNOSTIC when frac_wrong_sign is below 0.35, which under a coin flip sits 13 standard deviations below one half at two thousand traces and 60 at forty thousand"
0.1,0.004,rtm3004,hires,12,true,7,0.5,-6.247220e+00,2.824e+00,0.505,40000,4.065967e-01,0.505,0.144,1.737e+07,NULL,"one rung of the ladder: the median windowed cumulant of this order over n_traces twin traces, its standard error as a median, the fraction of traces returning a negative value, the same estimator's value on a noiseless trace of this rung (k_quiet), the fraction of traces whose sign differs from k_quiet's (the fifth order's true sign is negative), and the quiet value over the standard error, and the trace count at which the median would stand three standard errors from zero, n (3 se / k_quiet)^2. The status is DIAGNOSTIC when frac_wrong_sign is below 0.35, which under a coin flip sits 13 standard deviations below one half at two thousand traces and 60 at forty thousand"
0.1,0.004,rtm3004,hires,12,true,7,0.73,1.330034e+00,2.817e+00,0.499,40000,1.382212e+00,0.499,0.491,1.495e+06,NULL,"one rung of the ladder: the median windowed cumulant of this order over n_traces twin traces, its standard error as a median, the fraction of traces returning a negative value, the same estimator's value on a noiseless trace of this rung (k_quiet), the fraction of traces whose sign differs from k_quiet's (the fifth order's true sign is negative), and the quiet value over the standard error, and the trace count at which the median would stand three standard errors from zero, n (3 se / k_quiet)^2. The status is DIAGNOSTIC when frac_wrong_sign is below 0.35, which under a coin flip sits 13 standard deviations below one half at two thousand traces and 60 at forty thousand"
0.1,0.004,rtm3004,hires,12,true,7,1,1.837187e+00,2.778e+00,0.498,40000,3.601990e+00,0.498,1.296,2.142e+05,NULL,"one rung of the ladder: the median windowed cumulant of this order over n_traces twin traces, its standard error as a median, the fraction of traces returning a negative value, the same estimator's value on a noiseless trace of this rung (k_quiet), the fraction of traces whose sign differs from k_quiet's (the fifth order's true sign is negative), and the quiet value over the standard error, and the trace count at which the median would stand three standard errors from zero, n (3 se / k_quiet)^2. The status is DIAGNOSTIC when frac_wrong_sign is below 0.35, which under a coin flip sits 13 standard deviations below one half at two thousand traces and 60 at forty thousand"
0.1,0.004,rtm3004,hires,12,true,7,2,4.469887e+01,2.726e+00,0.460,40000,3.991237e+01,0.460,14.641,1.679e+03,NULL,"one rung of the ladder: the median windowed cumulant of this order over n_traces twin traces, its standard error as a median, the fraction of traces returning a negative value, the same estimator's value on a noiseless trace of this rung (k_quiet), the fraction of traces whose sign differs from k_quiet's (the fifth order's true sign is negative), and the quiet value over the standard error, and the trace count at which the median would stand three standard errors from zero, n (3 se / k_quiet)^2. The status is DIAGNOSTIC when frac_wrong_sign is below 0.35, which under a coin flip sits 13 standard deviations below one half at two thousand traces and 60 at forty thousand"
0.1,0.004,rtm3004,hires,16,true,3,0.364,5.424726e-04,7.186e-04,0.498,40000,2.630727e-04,0.498,0.366,2.686e+06,NULL,"one rung of the ladder: the median windowed cumulant of this order over n_traces twin traces, its standard error as a median, the fraction of traces returning a negative value, the same estimator's value on a noiseless trace of this rung (k_quiet), the fraction of traces whose sign differs from k_quiet's (the fifth order's true sign is negative), and the quiet value over the standard error, and the trace count at which the median would stand three standard errors from zero, n (3 se / k_quiet)^2. The status is DIAGNOSTIC when frac_wrong_sign is below 0.35, which under a coin flip sits 13 standard deviations below one half at two thousand traces and 60 at forty thousand"
0.1,0.004,rtm3004,hires,16,true,3,0.5,5.456871e-04,7.198e-04,0.498,40000,6.921616e-04,0.498,0.962,3.893e+05,NULL,"one rung of the ladder: the median windowed cumulant of this order over n_traces twin traces, its standard error as a median, the fraction of traces returning a negative value, the same estimator's value on a noiseless trace of this rung (k_quiet), the fraction of traces whose sign differs from k_quiet's (the fifth order's true sign is negative), and the quiet value over the standard error, and the trace count at which the median would stand three standard errors from zero, n (3 se / k_quiet)^2. The status is DIAGNOSTIC when frac_wrong_sign is below 0.35, which under a coin flip sits 13 standard deviations below one half at two thousand traces and 60 at forty thousand"
0.1,0.004,rtm3004,hires,16,true,3,0.73,2.773722e-03,7.160e-04,0.490,40000,2.139679e-03,0.490,2.989,4.031e+04,NULL,"one rung of the ladder: the median windowed cumulant of this order over n_traces twin traces, its standard error as a median, the fraction of traces returning a negative value, the same estimator's value on a noiseless trace of this rung (k_quiet), the fraction of traces whose sign differs from k_quiet's (the fifth order's true sign is negative), and the quiet value over the standard error, and the trace count at which the median would stand three standard errors from zero, n (3 se / k_quiet)^2. The status is DIAGNOSTIC when frac_wrong_sign is below 0.35, which under a coin flip sits 13 standard deviations below one half at two thousand traces and 60 at forty thousand"
0.1,0.004,rtm3004,hires,16,true,3,1,6.268939e-03,7.140e-04,0.477,40000,5.599707e-03,0.477,7.843,5.852e+03,NULL,"one rung of the ladder: the median windowed cumulant of this order over n_traces twin traces, its standard error as a median, the fraction of traces returning a negative value, the same estimator's value on a noiseless trace of this rung (k_quiet), the fraction of traces whose sign differs from k_quiet's (the fifth order's true sign is negative), and the quiet value over the standard error, and the trace count at which the median would stand three standard errors from zero, n (3 se / k_quiet)^2. The status is DIAGNOSTIC when frac_wrong_sign is below 0.35, which under a coin flip sits 13 standard deviations below one half at two thousand traces and 60 at forty thousand"
0.1,0.004,rtm3004,hires,16,true,3,2,4.534944e-02,7.062e-04,0.344,40000,4.467724e-02,0.344,63.262,8.995e+01,DIAGNOSTIC,"one rung of the ladder: the median windowed cumulant of this order over n_traces twin traces, its standard error as a median, the fraction of traces returning a negative value, the same estimator's value on a noiseless trace of this rung (k_quiet), the fraction of traces whose sign differs from k_quiet's (the fifth order's true sign is negative), and the quiet value over the standard error, and the trace count at which the median would stand three standard errors from zero, n (3 se / k_quiet)^2. The status is DIAGNOSTIC when frac_wrong_sign is below 0.35, which under a coin flip sits 13 standard deviations below one half at two thousand traces and 60 at forty thousand"
0.1,0.004,rtm3004,hires,16,true,5,0.364,3.355208e-03,4.299e-02,0.500,40000,-2.933413e-02,0.500,0.682,7.730e+05,NULL,"one rung of the ladder: the median windowed cumulant of this order over n_traces twin traces, its standard error as a median, the fraction of traces returning a negative value, the same estimator's value on a noiseless trace of this rung (k_quiet), the fraction of traces whose sign differs from k_quiet's (the fifth order's true sign is negative), and the quiet value over the standard error, and the trace count at which the median would stand three standard errors from zero, n (3 se / k_quiet)^2. The status is DIAGNOSTIC when frac_wrong_sign is below 0.35, which under a coin flip sits 13 standard deviations below one half at two thousand traces and 60 at forty thousand"
0.1,0.004,rtm3004,hires,16,true,5,0.5,-9.542434e-02,4.255e-02,0.505,40000,-7.548152e-02,0.495,1.774,1.144e+05,NULL,"one rung of the ladder: the median windowed cumulant of this order over n_traces twin traces, its standard error as a median, the fraction of traces returning a negative value, the same estimator's value on a noiseless trace of this rung (k_quiet), the fraction of traces whose sign differs from k_quiet's (the fifth order's true sign is negative), and the quiet value over the standard error, and the trace count at which the median would stand three standard errors from zero, n (3 se / k_quiet)^2. The status is DIAGNOSTIC when frac_wrong_sign is below 0.35, which under a coin flip sits 13 standard deviations below one half at two thousand traces and 60 at forty thousand"
0.1,0.004,rtm3004,hires,16,true,5,0.73,-3.117764e-01,4.259e-02,0.518,40000,-2.357420e-01,0.482,5.535,1.175e+04,NULL,"one rung of the ladder: the median windowed cumulant of this order over n_traces twin traces, its standard error as a median, the fraction of traces returning a negative value, the same estimator's value on a noiseless trace of this rung (k_quiet), the fraction of traces whose sign differs from k_quiet's (the fifth order's true sign is negative), and the quiet value over the standard error, and the trace count at which the median would stand three standard errors from zero, n (3 se / k_quiet)^2. The status is DIAGNOSTIC when frac_wrong_sign is below 0.35, which under a coin flip sits 13 standard deviations below one half at two thousand traces and 60 at forty thousand"
0.1,0.004,rtm3004,hires,16,true,5,1,-6.476926e-01,4.235e-02,0.537,40000,-6.147666e-01,0.463,14.516,1.709e+03,NULL,"one rung of the ladder: the median windowed cumulant of this order over n_traces twin traces, its standard error as a median, the fraction of traces returning a negative value, the same estimator's value on a noiseless trace of this rung (k_quiet), the fraction of traces whose sign differs from k_quiet's (the fifth order's true sign is negative), and the quiet value over the standard error, and the trace count at which the median would stand three standard errors from zero, n (3 se / k_quiet)^2. The status is DIAGNOSTIC when frac_wrong_sign is below 0.35, which under a coin flip sits 13 standard deviations below one half at two thousand traces and 60 at forty thousand"
0.1,0.004,rtm3004,hires,16,true,5,2,-4.939835e+00,4.173e-02,0.774,40000,-4.938438e+00,0.226,118.352,2.570e+01,DIAGNOSTIC,"one rung of the ladder: the median windowed cumulant of this order over n_traces twin traces, its standard error as a median, the fraction of traces returning a negative value, the same estimator's value on a noiseless trace of this rung (k_quiet), the fraction of traces whose sign differs from k_quiet's (the fifth order's true sign is negative), and the quiet value over the standard error, and the trace count at which the median would stand three standard errors from zero, n (3 se / k_quiet)^2. The status is DIAGNOSTIC when frac_wrong_sign is below 0.35, which under a coin flip sits 13 standard deviations below one half at two thousand traces and 60 at forty thousand"
0.1,0.004,rtm3004,hires,16,true,7,0.364,-2.233057e+01,2.117e+01,0.502,40000,-2.602223e+00,0.498,0.123,2.383e+07,NULL,"one rung of the ladder: the median windowed cumulant of this order over n_traces twin traces, its standard error as a median, the fraction of traces returning a negative value, the same estimator's value on a noiseless trace of this rung (k_quiet), the fraction of traces whose sign differs from k_quiet's (the fifth order's true sign is negative), and the quiet value over the standard error, and the trace count at which the median would stand three standard errors from zero, n (3 se / k_quiet)^2. The status is DIAGNOSTIC when frac_wrong_sign is below 0.35, which under a coin flip sits 13 standard deviations below one half at two thousand traces and 60 at forty thousand"
0.1,0.004,rtm3004,hires,16,true,7,0.5,-1.787983e+01,2.117e+01,0.502,40000,-7.124413e+00,0.498,0.337,3.179e+06,NULL,"one rung of the ladder: the median windowed cumulant of this order over n_traces twin traces, its standard error as a median, the fraction of traces returning a negative value, the same estimator's value on a noiseless trace of this rung (k_quiet), the fraction of traces whose sign differs from k_quiet's (the fifth order's true sign is negative), and the quiet value over the standard error, and the trace count at which the median would stand three standard errors from zero, n (3 se / k_quiet)^2. The status is DIAGNOSTIC when frac_wrong_sign is below 0.35, which under a coin flip sits 13 standard deviations below one half at two thousand traces and 60 at forty thousand"
0.1,0.004,rtm3004,hires,16,true,7,0.73,-2.006106e+01,2.104e+01,0.502,40000,-2.160969e+01,0.498,1.027,3.413e+05,NULL,"one rung of the ladder: the median windowed cumulant of this order over n_traces twin traces, its standard error as a median, the fraction of traces returning a negative value, the same estimator's value on a noiseless trace of this rung (k_quiet), the fraction of traces whose sign differs from k_quiet's (the fifth order's true sign is negative), and the quiet value over the standard error, and the trace count at which the median would stand three standard errors from zero, n (3 se / k_quiet)^2. The status is DIAGNOSTIC when frac_wrong_sign is below 0.35, which under a coin flip sits 13 standard deviations below one half at two thousand traces and 60 at forty thousand"
0.1,0.004,rtm3004,hires,16,true,7,1,-9.295470e+01,2.100e+01,0.510,40000,-5.673646e+01,0.490,2.701,4.933e+04,NULL,"one rung of the ladder: the median windowed cumulant of this order over n_traces twin traces, its standard error as a median, the fraction of traces returning a negative value, the same estimator's value on a noiseless trace of this rung (k_quiet), the fraction of traces whose sign differs from k_quiet's (the fifth order's true sign is negative), and the quiet value over the standard error, and the trace count at which the median would stand three standard errors from zero, n (3 se / k_quiet)^2. The status is DIAGNOSTIC when frac_wrong_sign is below 0.35, which under a coin flip sits 13 standard deviations below one half at two thousand traces and 60 at forty thousand"
0.1,0.004,rtm3004,hires,16,true,7,2,-4.488258e+02,2.066e+01,0.554,40000,-4.342970e+02,0.446,21.023,8.145e+02,NULL,"one rung of the ladder: the median windowed cumulant of this order over n_traces twin traces, its standard error as a median, the fraction of traces returning a negative value, the same estimator's value on a noiseless trace of this rung (k_quiet), the fraction of traces whose sign differs from k_quiet's (the fifth order's true sign is negative), and the quiet value over the standard error, and the trace count at which the median would stand three standard errors from zero, n (3 se / k_quiet)^2. The status is DIAGNOSTIC when frac_wrong_sign is below 0.35, which under a coin flip sits 13 standard deviations below one half at two thousand traces and 60 at forty thousand"
0.3,0.004,rtm3004,hires,3.25,true,3,0.364,1.811650e-05,8.408e-06,0.494,40000,1.970154e-05,0.494,2.343,6.557e+04,NULL,"one rung of the ladder: the median windowed cumulant of this order over n_traces twin traces, its standard error as a median, the fraction of traces returning a negative value, the same estimator's value on a noiseless trace of this rung (k_quiet), the fraction of traces whose sign differs from k_quiet's (the fifth order's true sign is negative), and the quiet value over the standard error, and the trace count at which the median would stand three standard errors from zero, n (3 se / k_quiet)^2. The status is DIAGNOSTIC when frac_wrong_sign is below 0.35, which under a coin flip sits 13 standard deviations below one half at two thousand traces and 60 at forty thousand"
0.3,0.004,rtm3004,hires,3.25,true,3,0.5,5.001022e-05,8.339e-06,0.485,40000,5.077196e-05,0.485,6.088,9.712e+03,NULL,"one rung of the ladder: the median windowed cumulant of this order over n_traces twin traces, its standard error as a median, the fraction of traces returning a negative value, the same estimator's value on a noiseless trace of this rung (k_quiet), the fraction of traces whose sign differs from k_quiet's (the fifth order's true sign is negative), and the quiet value over the standard error, and the trace count at which the median would stand three standard errors from zero, n (3 se / k_quiet)^2. The status is DIAGNOSTIC when frac_wrong_sign is below 0.35, which under a coin flip sits 13 standard deviations below one half at two thousand traces and 60 at forty thousand"
0.3,0.004,rtm3004,hires,3.25,true,3,0.73,1.525609e-04,8.303e-06,0.454,40000,1.593570e-04,0.454,19.194,9.772e+02,NULL,"one rung of the ladder: the median windowed cumulant of this order over n_traces twin traces, its standard error as a median, the fraction of traces returning a negative value, the same estimator's value on a noiseless trace of this rung (k_quiet), the fraction of traces whose sign differs from k_quiet's (the fifth order's true sign is negative), and the quiet value over the standard error, and the trace count at which the median would stand three standard errors from zero, n (3 se / k_quiet)^2. The status is DIAGNOSTIC when frac_wrong_sign is below 0.35, which under a coin flip sits 13 standard deviations below one half at two thousand traces and 60 at forty thousand"
0.3,0.004,rtm3004,hires,3.25,true,3,1,4.240103e-04,8.356e-06,0.374,40000,4.135091e-04,0.374,49.485,1.470e+02,NULL,"one rung of the ladder: the median windowed cumulant of this order over n_traces twin traces, its standard error as a median, the fraction of traces returning a negative value, the same estimator's value on a noiseless trace of this rung (k_quiet), the fraction of traces whose sign differs from k_quiet's (the fifth order's true sign is negative), and the quiet value over the standard error, and the trace count at which the median would stand three standard errors from zero, n (3 se / k_quiet)^2. The status is DIAGNOSTIC when frac_wrong_sign is below 0.35, which under a coin flip sits 13 standard deviations below one half at two thousand traces and 60 at forty thousand"
0.3,0.004,rtm3004,hires,3.25,true,3,2,3.083101e-03,8.291e-06,0.010,40000,3.085488e-03,0.010,372.144,2.599e+00,DIAGNOSTIC,"one rung of the ladder: the median windowed cumulant of this order over n_traces twin traces, its standard error as a median, the fraction of traces returning a negative value, the same estimator's value on a noiseless trace of this rung (k_quiet), the fraction of traces whose sign differs from k_quiet's (the fifth order's true sign is negative), and the quiet value over the standard error, and the trace count at which the median would stand three standard errors from zero, n (3 se / k_quiet)^2. The status is DIAGNOSTIC when frac_wrong_sign is below 0.35, which under a coin flip sits 13 standard deviations below one half at two thousand traces and 60 at forty thousand"
0.3,0.004,rtm3004,hires,3.25,true,5,0.364,-3.455730e-04,1.392e-04,0.506,40000,-3.409175e-04,0.494,2.450,5.998e+04,NULL,"one rung of the ladder: the median windowed cumulant of this order over n_traces twin traces, its standard error as a median, the fraction of traces returning a negative value, the same estimator's value on a noiseless trace of this rung (k_quiet), the fraction of traces whose sign differs from k_quiet's (the fifth order's true sign is negative), and the quiet value over the standard error, and the trace count at which the median would stand three standard errors from zero, n (3 se / k_quiet)^2. The status is DIAGNOSTIC when frac_wrong_sign is below 0.35, which under a coin flip sits 13 standard deviations below one half at two thousand traces and 60 at forty thousand"
0.3,0.004,rtm3004,hires,3.25,true,5,0.5,-8.457046e-04,1.383e-04,0.516,40000,-8.802657e-04,0.484,6.367,8.880e+03,NULL,"one rung of the ladder: the median windowed cumulant of this order over n_traces twin traces, its standard error as a median, the fraction of traces returning a negative value, the same estimator's value on a noiseless trace of this rung (k_quiet), the fraction of traces whose sign differs from k_quiet's (the fifth order's true sign is negative), and the quiet value over the standard error, and the trace count at which the median would stand three standard errors from zero, n (3 se / k_quiet)^2. The status is DIAGNOSTIC when frac_wrong_sign is below 0.35, which under a coin flip sits 13 standard deviations below one half at two thousand traces and 60 at forty thousand"
0.3,0.004,rtm3004,hires,3.25,true,5,0.73,-2.606031e-03,1.378e-04,0.550,40000,-2.751879e-03,0.450,19.966,9.031e+02,NULL,"one rung of the ladder: the median windowed cumulant of this order over n_traces twin traces, its standard error as a median, the fraction of traces returning a negative value, the same estimator's value on a noiseless trace of this rung (k_quiet), the fraction of traces whose sign differs from k_quiet's (the fifth order's true sign is negative), and the quiet value over the standard error, and the trace count at which the median would stand three standard errors from zero, n (3 se / k_quiet)^2. The status is DIAGNOSTIC when frac_wrong_sign is below 0.35, which under a coin flip sits 13 standard deviations below one half at two thousand traces and 60 at forty thousand"
0.3,0.004,rtm3004,hires,3.25,true,5,1,-7.318964e-03,1.388e-04,0.631,40000,-7.168439e-03,0.369,51.652,1.349e+02,NULL,"one rung of the ladder: the median windowed cumulant of this order over n_traces twin traces, its standard error as a median, the fraction of traces returning a negative value, the same estimator's value on a noiseless trace of this rung (k_quiet), the fraction of traces whose sign differs from k_quiet's (the fifth order's true sign is negative), and the quiet value over the standard error, and the trace count at which the median would stand three standard errors from zero, n (3 se / k_quiet)^2. The status is DIAGNOSTIC when frac_wrong_sign is below 0.35, which under a coin flip sits 13 standard deviations below one half at two thousand traces and 60 at forty thousand"
0.3,0.004,rtm3004,hires,3.25,true,5,2,-5.404338e-02,1.399e-04,0.992,40000,-5.406877e-02,0.008,386.584,2.409e+00,DIAGNOSTIC,"one rung of the ladder: the median windowed cumulant of this order over n_traces twin traces, its standard error as a median, the fraction of traces returning a negative value, the same estimator's value on a noiseless trace of this rung (k_quiet), the fraction of traces whose sign differs from k_quiet's (the fifth order's true sign is negative), and the quiet value over the standard error, and the trace count at which the median would stand three standard errors from zero, n (3 se / k_quiet)^2. The status is DIAGNOSTIC when frac_wrong_sign is below 0.35, which under a coin flip sits 13 standard deviations below one half at two thousand traces and 60 at forty thousand"
0.3,0.004,rtm3004,hires,3.25,true,7,0.364,1.050889e-02,4.315e-03,0.494,40000,1.067957e-02,0.494,2.475,5.878e+04,NULL,"one rung of the ladder: the median windowed cumulant of this order over n_traces twin traces, its standard error as a median, the fraction of traces returning a negative value, the same estimator's value on a noiseless trace of this rung (k_quiet), the fraction of traces whose sign differs from k_quiet's (the fifth order's true sign is negative), and the quiet value over the standard error, and the trace count at which the median would stand three standard errors from zero, n (3 se / k_quiet)^2. The status is DIAGNOSTIC when frac_wrong_sign is below 0.35, which under a coin flip sits 13 standard deviations below one half at two thousand traces and 60 at forty thousand"
0.3,0.004,rtm3004,hires,3.25,true,7,0.5,2.666712e-02,4.292e-03,0.484,40000,2.759871e-02,0.484,6.431,8.705e+03,NULL,"one rung of the ladder: the median windowed cumulant of this order over n_traces twin traces, its standard error as a median, the fraction of traces returning a negative value, the same estimator's value on a noiseless trace of this rung (k_quiet), the fraction of traces whose sign differs from k_quiet's (the fifth order's true sign is negative), and the quiet value over the standard error, and the trace count at which the median would stand three standard errors from zero, n (3 se / k_quiet)^2. The status is DIAGNOSTIC when frac_wrong_sign is below 0.35, which under a coin flip sits 13 standard deviations below one half at two thousand traces and 60 at forty thousand"
0.3,0.004,rtm3004,hires,3.25,true,7,0.73,8.150764e-02,4.287e-03,0.450,40000,8.631941e-02,0.450,20.137,8.878e+02,NULL,"one rung of the ladder: the median windowed cumulant of this order over n_traces twin traces, its standard error as a median, the fraction of traces returning a negative value, the same estimator's value on a noiseless trace of this rung (k_quiet), the fraction of traces whose sign differs from k_quiet's (the fifth order's true sign is negative), and the quiet value over the standard error, and the trace count at which the median would stand three standard errors from zero, n (3 se / k_quiet)^2. The status is DIAGNOSTIC when frac_wrong_sign is below 0.35, which under a coin flip sits 13 standard deviations below one half at two thousand traces and 60 at forty thousand"
0.3,0.004,rtm3004,hires,3.25,true,7,1,2.286586e-01,4.325e-03,0.368,40000,2.255136e-01,0.368,52.137,1.324e+02,NULL,"one rung of the ladder: the median windowed cumulant of this order over n_traces twin traces, its standard error as a median, the fraction of traces returning a negative value, the same estimator's value on a noiseless trace of this rung (k_quiet), the fraction of traces whose sign differs from k_quiet's (the fifth order's true sign is negative), and the quiet value over the standard error, and the trace count at which the median would stand three standard errors from zero, n (3 se / k_quiet)^2. The status is DIAGNOSTIC when frac_wrong_sign is below 0.35, which under a coin flip sits 13 standard deviations below one half at two thousand traces and 60 at forty thousand"
0.3,0.004,rtm3004,hires,3.25,true,7,2,1.727241e+00,4.435e-03,0.007,40000,1.727876e+00,0.007,389.626,2.371e+00,DIAGNOSTIC,"one rung of the ladder: the median windowed cumulant of this order over n_traces twin traces, its standard error as a median, the fraction of traces returning a negative value, the same estimator's value on a noiseless trace of this rung (k_quiet), the fraction of traces whose sign differs from k_quiet's (the fifth order's true sign is negative), and the quiet value over the standard error, and the trace count at which the median would stand three standard errors from zero, n (3 se / k_quiet)^2. The status is DIAGNOSTIC when frac_wrong_sign is below 0.35, which under a coin flip sits 13 standard deviations below one half at two thousand traces and 60 at forty thousand"
0.3,0.004,rtm3004,hires,4,true,3,0.364,5.638550e-05,1.440e-05,0.491,40000,4.025579e-05,0.491,2.795,4.609e+04,NULL,"one rung of the ladder: the median windowed cumulant of this order over n_traces twin traces, its standard error as a median, the fraction of traces returning a negative value, the same estimator's value on a noiseless trace of this rung (k_quiet), the fraction of traces whose sign differs from k_quiet's (the fifth order's true sign is negative), and the quiet value over the standard error, and the trace count at which the median would stand three standard errors from zero, n (3 se / k_quiet)^2. The status is DIAGNOSTIC when frac_wrong_sign is below 0.35, which under a coin flip sits 13 standard deviations below one half at two thousand traces and 60 at forty thousand"
0.3,0.004,rtm3004,hires,4,true,3,0.5,1.187990e-04,1.448e-05,0.479,40000,1.063505e-04,0.479,7.342,6.678e+03,NULL,"one rung of the ladder: the median windowed cumulant of this order over n_traces twin traces, its standard error as a median, the fraction of traces returning a negative value, the same estimator's value on a noiseless trace of this rung (k_quiet), the fraction of traces whose sign differs from k_quiet's (the fifth order's true sign is negative), and the quiet value over the standard error, and the trace count at which the median would stand three standard errors from zero, n (3 se / k_quiet)^2. The status is DIAGNOSTIC when frac_wrong_sign is below 0.35, which under a coin flip sits 13 standard deviations below one half at two thousand traces and 60 at forty thousand"
0.3,0.004,rtm3004,hires,4,true,3,0.73,3.115537e-04,1.443e-05,0.447,40000,3.261235e-04,0.447,22.603,7.047e+02,NULL,"one rung of the ladder: the median windowed cumulant of this order over n_traces twin traces, its standard error as a median, the fraction of traces returning a negative value, the same estimator's value on a noiseless trace of this rung (k_quiet), the fraction of traces whose sign differs from k_quiet's (the fifth order's true sign is negative), and the quiet value over the standard error, and the trace count at which the median would stand three standard errors from zero, n (3 se / k_quiet)^2. The status is DIAGNOSTIC when frac_wrong_sign is below 0.35, which under a coin flip sits 13 standard deviations below one half at two thousand traces and 60 at forty thousand"
0.3,0.004,rtm3004,hires,4,true,3,1,8.375182e-04,1.448e-05,0.360,40000,8.452070e-04,0.360,58.382,1.056e+02,NULL,"one rung of the ladder: the median windowed cumulant of this order over n_traces twin traces, its standard error as a median, the fraction of traces returning a negative value, the same estimator's value on a noiseless trace of this rung (k_quiet), the fraction of traces whose sign differs from k_quiet's (the fifth order's true sign is negative), and the quiet value over the standard error, and the trace count at which the median would stand three standard errors from zero, n (3 se / k_quiet)^2. The status is DIAGNOSTIC when frac_wrong_sign is below 0.35, which under a coin flip sits 13 standard deviations below one half at two thousand traces and 60 at forty thousand"
0.3,0.004,rtm3004,hires,4,true,3,2,6.425701e-03,1.432e-05,0.003,40000,6.448138e-03,0.003,450.249,1.776e+00,DIAGNOSTIC,"one rung of the ladder: the median windowed cumulant of this order over n_traces twin traces, its standard error as a median, the fraction of traces returning a negative value, the same estimator's value on a noiseless trace of this rung (k_quiet), the fraction of traces whose sign differs from k_quiet's (the fifth order's true sign is negative), and the quiet value over the standard error, and the trace count at which the median would stand three standard errors from zero, n (3 se / k_quiet)^2. The status is DIAGNOSTIC when frac_wrong_sign is below 0.35, which under a coin flip sits 13 standard deviations below one half at two thousand traces and 60 at forty thousand"
0.3,0.004,rtm3004,hires,4,true,5,0.364,-1.540588e-03,3.118e-04,0.512,40000,-9.424906e-04,0.488,3.023,3.939e+04,NULL,"one rung of the ladder: the median windowed cumulant of this order over n_traces twin traces, its standard error as a median, the fraction of traces returning a negative value, the same estimator's value on a noiseless trace of this rung (k_quiet), the fraction of traces whose sign differs from k_quiet's (the fifth order's true sign is negative), and the quiet value over the standard error, and the trace count at which the median would stand three standard errors from zero, n (3 se / k_quiet)^2. The status is DIAGNOSTIC when frac_wrong_sign is below 0.35, which under a coin flip sits 13 standard deviations below one half at two thousand traces and 60 at forty thousand"
0.3,0.004,rtm3004,hires,4,true,5,0.5,-2.752786e-03,3.136e-04,0.521,40000,-2.473044e-03,0.479,7.887,5.787e+03,NULL,"one rung of the ladder: the median windowed cumulant of this order over n_traces twin traces, its standard error as a median, the fraction of traces returning a negative value, the same estimator's value on a noiseless trace of this rung (k_quiet), the fraction of traces whose sign differs from k_quiet's (the fifth order's true sign is negative), and the quiet value over the standard error, and the trace count at which the median would stand three standard errors from zero, n (3 se / k_quiet)^2. The status is DIAGNOSTIC when frac_wrong_sign is below 0.35, which under a coin flip sits 13 standard deviations below one half at two thousand traces and 60 at forty thousand"
0.3,0.004,rtm3004,hires,4,true,5,0.73,-7.415749e-03,3.130e-04,0.558,40000,-7.624919e-03,0.442,24.359,6.067e+02,NULL,"one rung of the ladder: the median windowed cumulant of this order over n_traces twin traces, its standard error as a median, the fraction of traces returning a negative value, the same estimator's value on a noiseless trace of this rung (k_quiet), the fraction of traces whose sign differs from k_quiet's (the fifth order's true sign is negative), and the quiet value over the standard error, and the trace count at which the median would stand three standard errors from zero, n (3 se / k_quiet)^2. The status is DIAGNOSTIC when frac_wrong_sign is below 0.35, which under a coin flip sits 13 standard deviations below one half at two thousand traces and 60 at forty thousand"
0.3,0.004,rtm3004,hires,4,true,5,1,-1.946301e-02,3.146e-04,0.651,40000,-1.980410e-02,0.349,62.954,9.083e+01,DIAGNOSTIC,"one rung of the ladder: the median windowed cumulant of this order over n_traces twin traces, its standard error as a median, the fraction of traces returning a negative value, the same estimator's value on a noiseless trace of this rung (k_quiet), the fraction of traces whose sign differs from k_quiet's (the fifth order's true sign is negative), and the quiet value over the standard error, and the trace count at which the median would stand three standard errors from zero, n (3 se / k_quiet)^2. The status is DIAGNOSTIC when frac_wrong_sign is below 0.35, which under a coin flip sits 13 standard deviations below one half at two thousand traces and 60 at forty thousand"
0.3,0.004,rtm3004,hires,4,true,5,2,-1.520334e-01,3.170e-04,0.999,40000,-1.528328e-01,0.001,482.073,1.549e+00,DIAGNOSTIC,"one rung of the ladder: the median windowed cumulant of this order over n_traces twin traces, its standard error as a median, the fraction of traces returning a negative value, the same estimator's value on a noiseless trace of this rung (k_quiet), the fraction of traces whose sign differs from k_quiet's (the fifth order's true sign is negative), and the quiet value over the standard error, and the trace count at which the median would stand three standard errors from zero, n (3 se / k_quiet)^2. The status is DIAGNOSTIC when frac_wrong_sign is below 0.35, which under a coin flip sits 13 standard deviations below one half at two thousand traces and 60 at forty thousand"
0.3,0.004,rtm3004,hires,4,true,7,0.364,6.272595e-02,1.235e-02,0.487,40000,3.818483e-02,0.487,3.093,3.764e+04,NULL,"one rung of the ladder: the median windowed cumulant of this order over n_traces twin traces, its standard error as a median, the fraction of traces returning a negative value, the same estimator's value on a noiseless trace of this rung (k_quiet), the fraction of traces whose sign differs from k_quiet's (the fifth order's true sign is negative), and the quiet value over the standard error, and the trace count at which the median would stand three standard errors from zero, n (3 se / k_quiet)^2. The status is DIAGNOSTIC when frac_wrong_sign is below 0.35, which under a coin flip sits 13 standard deviations below one half at two thousand traces and 60 at forty thousand"
0.3,0.004,rtm3004,hires,4,true,7,0.5,1.071684e-01,1.243e-02,0.479,40000,1.000799e-01,0.479,8.053,5.551e+03,NULL,"one rung of the ladder: the median windowed cumulant of this order over n_traces twin traces, its standard error as a median, the fraction of traces returning a negative value, the same estimator's value on a noiseless trace of this rung (k_quiet), the fraction of traces whose sign differs from k_quiet's (the fifth order's true sign is negative), and the quiet value over the standard error, and the trace count at which the median would stand three standard errors from zero, n (3 se / k_quiet)^2. The status is DIAGNOSTIC when frac_wrong_sign is below 0.35, which under a coin flip sits 13 standard deviations below one half at two thousand traces and 60 at forty thousand"
0.3,0.004,rtm3004,hires,4,true,7,0.73,2.998251e-01,1.244e-02,0.441,40000,3.094807e-01,0.441,24.886,5.813e+02,NULL,"one rung of the ladder: the median windowed cumulant of this order over n_traces twin traces, its standard error as a median, the fraction of traces returning a negative value, the same estimator's value on a noiseless trace of this rung (k_quiet), the fraction of traces whose sign differs from k_quiet's (the fifth order's true sign is negative), and the quiet value over the standard error, and the trace count at which the median would stand three standard errors from zero, n (3 se / k_quiet)^2. The status is DIAGNOSTIC when frac_wrong_sign is below 0.35, which under a coin flip sits 13 standard deviations below one half at two thousand traces and 60 at forty thousand"
0.3,0.004,rtm3004,hires,4,true,7,1,7.956237e-01,1.253e-02,0.346,40000,8.065862e-01,0.346,64.352,8.693e+01,DIAGNOSTIC,"one rung of the ladder: the median windowed cumulant of this order over n_traces twin traces, its standard error as a median, the fraction of traces returning a negative value, the same estimator's value on a noiseless trace of this rung (k_quiet), the fraction of traces whose sign differs from k_quiet's (the fifth order's true sign is negative), and the quiet value over the standard error, and the trace count at which the median would stand three standard errors from zero, n (3 se / k_quiet)^2. The status is DIAGNOSTIC when frac_wrong_sign is below 0.35, which under a coin flip sits 13 standard deviations below one half at two thousand traces and 60 at forty thousand"
0.3,0.004,rtm3004,hires,4,true,7,2,6.310472e+00,1.292e-02,0.001,40000,6.344714e+00,0.001,491.240,1.492e+00,DIAGNOSTIC,"one rung of the ladder: the median windowed cumulant of this order over n_traces twin traces, its standard error as a median, the fraction of traces returning a negative value, the same estimator's value on a noiseless trace of this rung (k_quiet), the fraction of traces whose sign differs from k_quiet's (the fifth order's true sign is negative), and the quiet value over the standard error, and the trace count at which the median would stand three standard errors from zero, n (3 se / k_quiet)^2. The status is DIAGNOSTIC when frac_wrong_sign is below 0.35, which under a coin flip sits 13 standard deviations below one half at two thousand traces and 60 at forty thousand"
0.3,0.004,rtm3004,hires,6,true,3,0.364,9.623423e-05,4.301e-05,0.494,40000,1.086753e-04,0.494,2.527,5.638e+04,NULL,"one rung of the ladder: the median windowed cumulant of this order over n_traces twin traces, its standard error as a median, the fraction of traces returning a negative value, the same estimator's value on a noiseless trace of this rung (k_quiet), the fraction of traces whose sign differs from k_quiet's (the fifth order's true sign is negative), and the quiet value over the standard error, and the trace count at which the median would stand three standard errors from zero, n (3 se / k_quiet)^2. The status is DIAGNOSTIC when frac_wrong_sign is below 0.35, which under a coin flip sits 13 standard deviations below one half at two thousand traces and 60 at forty thousand"
0.3,0.004,rtm3004,hires,6,true,3,0.5,3.060959e-04,4.294e-05,0.484,40000,2.852961e-04,0.484,6.644,8.155e+03,NULL,"one rung of the ladder: the median windowed cumulant of this order over n_traces twin traces, its standard error as a median, the fraction of traces returning a negative value, the same estimator's value on a noiseless trace of this rung (k_quiet), the fraction of traces whose sign differs from k_quiet's (the fifth order's true sign is negative), and the quiet value over the standard error, and the trace count at which the median would stand three standard errors from zero, n (3 se / k_quiet)^2. The status is DIAGNOSTIC when frac_wrong_sign is below 0.35, which under a coin flip sits 13 standard deviations below one half at two thousand traces and 60 at forty thousand"
0.3,0.004,rtm3004,hires,6,true,3,0.73,8.794767e-04,4.275e-05,0.449,40000,8.768363e-04,0.449,20.510,8.558e+02,NULL,"one rung of the ladder: the median windowed cumulant of this order over n_traces twin traces, its standard error as a median, the fraction of traces returning a negative value, the same estimator's value on a noiseless trace of this rung (k_quiet), the fraction of traces whose sign differs from k_quiet's (the fifth order's true sign is negative), and the quiet value over the standard error, and the trace count at which the median would stand three standard errors from zero, n (3 se / k_quiet)^2. The status is DIAGNOSTIC when frac_wrong_sign is below 0.35, which under a coin flip sits 13 standard deviations below one half at two thousand traces and 60 at forty thousand"
0.3,0.004,rtm3004,hires,6,true,3,1,2.316380e-03,4.312e-05,0.369,40000,2.279114e-03,0.369,52.857,1.289e+02,NULL,"one rung of the ladder: the median windowed cumulant of this order over n_traces twin traces, its standard error as a median, the fraction of traces returning a negative value, the same estimator's value on a noiseless trace of this rung (k_quiet), the fraction of traces whose sign differs from k_quiet's (the fifth order's true sign is negative), and the quiet value over the standard error, and the trace count at which the median would stand three standard errors from zero, n (3 se / k_quiet)^2. The status is DIAGNOSTIC when frac_wrong_sign is below 0.35, which under a coin flip sits 13 standard deviations below one half at two thousand traces and 60 at forty thousand"
0.3,0.004,rtm3004,hires,6,true,3,2,1.795640e-02,4.272e-05,0.004,40000,1.800133e-02,0.004,421.353,2.028e+00,DIAGNOSTIC,"one rung of the ladder: the median windowed cumulant of this order over n_traces twin traces, its standard error as a median, the fraction of traces returning a negative value, the same estimator's value on a noiseless trace of this rung (k_quiet), the fraction of traces whose sign differs from k_quiet's (the fifth order's true sign is negative), and the quiet value over the standard error, and the trace count at which the median would stand three standard errors from zero, n (3 se / k_quiet)^2. The status is DIAGNOSTIC when frac_wrong_sign is below 0.35, which under a coin flip sits 13 standard deviations below one half at two thousand traces and 60 at forty thousand"
0.3,0.004,rtm3004,hires,6,true,5,0.364,-3.493662e-03,1.372e-03,0.507,40000,-4.268080e-03,0.493,3.111,3.720e+04,NULL,"one rung of the ladder: the median windowed cumulant of this order over n_traces twin traces, its standard error as a median, the fraction of traces returning a negative value, the same estimator's value on a noiseless trace of this rung (k_quiet), the fraction of traces whose sign differs from k_quiet's (the fifth order's true sign is negative), and the quiet value over the standard error, and the trace count at which the median would stand three standard errors from zero, n (3 se / k_quiet)^2. The status is DIAGNOSTIC when frac_wrong_sign is below 0.35, which under a coin flip sits 13 standard deviations below one half at two thousand traces and 60 at forty thousand"
0.3,0.004,rtm3004,hires,6,true,5,0.5,-1.027393e-02,1.370e-03,0.519,40000,-1.113801e-02,0.480,8.132,5.444e+03,NULL,"one rung of the ladder: the median windowed cumulant of this order over n_traces twin traces, its standard error as a median, the fraction of traces returning a negative value, the same estimator's value on a noiseless trace of this rung (k_quiet), the fraction of traces whose sign differs from k_quiet's (the fifth order's true sign is negative), and the quiet value over the standard error, and the trace count at which the median would stand three standard errors from zero, n (3 se / k_quiet)^2. The status is DIAGNOSTIC when frac_wrong_sign is below 0.35, which under a coin flip sits 13 standard deviations below one half at two thousand traces and 60 at forty thousand"
0.3,0.004,rtm3004,hires,6,true,5,0.73,-3.483844e-02,1.365e-03,0.562,40000,-3.443708e-02,0.438,25.224,5.658e+02,NULL,"one rung of the ladder: the median windowed cumulant of this order over n_traces twin traces, its standard error as a median, the fraction of traces returning a negative value, the same estimator's value on a noiseless trace of this rung (k_quiet), the fraction of traces whose sign differs from k_quiet's (the fifth order's true sign is negative), and the quiet value over the standard error, and the trace count at which the median would stand three standard errors from zero, n (3 se / k_quiet)^2. The status is DIAGNOSTIC when frac_wrong_sign is below 0.35, which under a coin flip sits 13 standard deviations below one half at two thousand traces and 60 at forty thousand"
0.3,0.004,rtm3004,hires,6,true,5,1,-9.054302e-02,1.382e-03,0.659,40000,-8.956678e-02,0.341,64.809,8.571e+01,DIAGNOSTIC,"one rung of the ladder: the median windowed cumulant of this order over n_traces twin traces, its standard error as a median, the fraction of traces returning a negative value, the same estimator's value on a noiseless trace of this rung (k_quiet), the fraction of traces whose sign differs from k_quiet's (the fifth order's true sign is negative), and the quiet value over the standard error, and the trace count at which the median would stand three standard errors from zero, n (3 se / k_quiet)^2. The status is DIAGNOSTIC when frac_wrong_sign is below 0.35, which under a coin flip sits 13 standard deviations below one half at two thousand traces and 60 at forty thousand"
0.3,0.004,rtm3004,hires,6,true,5,2,-7.135651e-01,1.397e-03,0.999,40000,-7.153054e-01,0.001,512.177,1.372e+00,DIAGNOSTIC,"one rung of the ladder: the median windowed cumulant of this order over n_traces twin traces, its standard error as a median, the fraction of traces returning a negative value, the same estimator's value on a noiseless trace of this rung (k_quiet), the fraction of traces whose sign differs from k_quiet's (the fifth order's true sign is negative), and the quiet value over the standard error, and the trace count at which the median would stand three standard errors from zero, n (3 se / k_quiet)^2. The status is DIAGNOSTIC when frac_wrong_sign is below 0.35, which under a coin flip sits 13 standard deviations below one half at two thousand traces and 60 at forty thousand"
0.3,0.004,rtm3004,hires,6,true,7,0.364,2.527642e-01,6.997e-02,0.491,40000,2.417490e-01,0.491,3.455,3.016e+04,NULL,"one rung of the ladder: the median windowed cumulant of this order over n_traces twin traces, its standard error as a median, the fraction of traces returning a negative value, the same estimator's value on a noiseless trace of this rung (k_quiet), the fraction of traces whose sign differs from k_quiet's (the fifth order's true sign is negative), and the quiet value over the standard error, and the trace count at which the median would stand three standard errors from zero, n (3 se / k_quiet)^2. The status is DIAGNOSTIC when frac_wrong_sign is below 0.35, which under a coin flip sits 13 standard deviations below one half at two thousand traces and 60 at forty thousand"
0.3,0.004,rtm3004,hires,6,true,7,0.5,5.607916e-01,6.988e-02,0.481,40000,6.297882e-01,0.481,9.013,4.432e+03,NULL,"one rung of the ladder: the median windowed cumulant of this order over n_traces twin traces, its standard error as a median, the fraction of traces returning a negative value, the same estimator's value on a noiseless trace of this rung (k_quiet), the fraction of traces whose sign differs from k_quiet's (the fifth order's true sign is negative), and the quiet value over the standard error, and the trace count at which the median would stand three standard errors from zero, n (3 se / k_quiet)^2. The status is DIAGNOSTIC when frac_wrong_sign is below 0.35, which under a coin flip sits 13 standard deviations below one half at two thousand traces and 60 at forty thousand"
0.3,0.004,rtm3004,hires,6,true,7,0.73,1.973622e+00,6.992e-02,0.431,40000,1.956737e+00,0.431,27.987,4.596e+02,NULL,"one rung of the ladder: the median windowed cumulant of this order over n_traces twin traces, its standard error as a median, the fraction of traces returning a negative value, the same estimator's value on a noiseless trace of this rung (k_quiet), the fraction of traces whose sign differs from k_quiet's (the fifth order's true sign is negative), and the quiet value over the standard error, and the trace count at which the median would stand three standard errors from zero, n (3 se / k_quiet)^2. The status is DIAGNOSTIC when frac_wrong_sign is below 0.35, which under a coin flip sits 13 standard deviations below one half at two thousand traces and 60 at forty thousand"
0.3,0.004,rtm3004,hires,6,true,7,1,5.175660e+00,7.113e-02,0.326,40000,5.109923e+00,0.326,71.844,6.975e+01,DIAGNOSTIC,"one rung of the ladder: the median windowed cumulant of this order over n_traces twin traces, its standard error as a median, the fraction of traces returning a negative value, the same estimator's value on a noiseless trace of this rung (k_quiet), the fraction of traces whose sign differs from k_quiet's (the fifth order's true sign is negative), and the quiet value over the standard error, and the trace count at which the median would stand three standard errors from zero, n (3 se / k_quiet)^2. The status is DIAGNOSTIC when frac_wrong_sign is below 0.35, which under a coin flip sits 13 standard deviations below one half at two thousand traces and 60 at forty thousand"
0.3,0.004,rtm3004,hires,6,true,7,2,4.177966e+01,7.443e-02,0.000,40000,4.189247e+01,0.000,562.826,1.136e+00,DIAGNOSTIC,"one rung of the ladder: the median windowed cumulant of this order over n_traces twin traces, its standard error as a median, the fraction of traces returning a negative value, the same estimator's value on a noiseless trace of this rung (k_quiet), the fraction of traces whose sign differs from k_quiet's (the fifth order's true sign is negative), and the quiet value over the standard error, and the trace count at which the median would stand three standard errors from zero, n (3 se / k_quiet)^2. The status is DIAGNOSTIC when frac_wrong_sign is below 0.35, which under a coin flip sits 13 standard deviations below one half at two thousand traces and 60 at forty thousand"
0.3,0.004,rtm3004,hires,8,true,3,0.364,2.164528e-04,9.599e-05,0.495,40000,1.666312e-04,0.495,1.736,1.195e+05,NULL,"one rung of the ladder: the median windowed cumulant of this order over n_traces twin traces, its standard error as a median, the fraction of traces returning a negative value, the same estimator's value on a noiseless trace of this rung (k_quiet), the fraction of traces whose sign differs from k_quiet's (the fifth order's true sign is negative), and the quiet value over the standard error, and the trace count at which the median would stand three standard errors from zero, n (3 se / k_quiet)^2. The status is DIAGNOSTIC when frac_wrong_sign is below 0.35, which under a coin flip sits 13 standard deviations below one half at two thousand traces and 60 at forty thousand"
0.3,0.004,rtm3004,hires,8,true,3,0.5,3.731116e-04,9.601e-05,0.491,40000,4.309140e-04,0.491,4.488,1.787e+04,NULL,"one rung of the ladder: the median windowed cumulant of this order over n_traces twin traces, its standard error as a median, the fraction of traces returning a negative value, the same estimator's value on a noiseless trace of this rung (k_quiet), the fraction of traces whose sign differs from k_quiet's (the fifth order's true sign is negative), and the quiet value over the standard error, and the trace count at which the median would stand three standard errors from zero, n (3 se / k_quiet)^2. The status is DIAGNOSTIC when frac_wrong_sign is below 0.35, which under a coin flip sits 13 standard deviations below one half at two thousand traces and 60 at forty thousand"
0.3,0.004,rtm3004,hires,8,true,3,0.73,1.444743e-03,9.512e-05,0.462,40000,1.341482e-03,0.462,14.103,1.810e+03,NULL,"one rung of the ladder: the median windowed cumulant of this order over n_traces twin traces, its standard error as a median, the fraction of traces returning a negative value, the same estimator's value on a noiseless trace of this rung (k_quiet), the fraction of traces whose sign differs from k_quiet's (the fifth order's true sign is negative), and the quiet value over the standard error, and the trace count at which the median would stand three standard errors from zero, n (3 se / k_quiet)^2. The status is DIAGNOSTIC when frac_wrong_sign is below 0.35, which under a coin flip sits 13 standard deviations below one half at two thousand traces and 60 at forty thousand"
0.3,0.004,rtm3004,hires,8,true,3,1,3.438217e-03,9.590e-05,0.411,40000,3.476637e-03,0.411,36.251,2.739e+02,NULL,"one rung of the ladder: the median windowed cumulant of this order over n_traces twin traces, its standard error as a median, the fraction of traces returning a negative value, the same estimator's value on a noiseless trace of this rung (k_quiet), the fraction of traces whose sign differs from k_quiet's (the fifth order's true sign is negative), and the quiet value over the standard error, and the trace count at which the median would stand three standard errors from zero, n (3 se / k_quiet)^2. The status is DIAGNOSTIC when frac_wrong_sign is below 0.35, which under a coin flip sits 13 standard deviations below one half at two thousand traces and 60 at forty thousand"
0.3,0.004,rtm3004,hires,8,true,3,2,2.774918e-02,9.430e-05,0.033,40000,2.767075e-02,0.033,293.419,4.181e+00,DIAGNOSTIC,"one rung of the ladder: the median windowed cumulant of this order over n_traces twin traces, its standard error as a median, the fraction of traces returning a negative value, the same estimator's value on a noiseless trace of this rung (k_quiet), the fraction of traces whose sign differs from k_quiet's (the fifth order's true sign is negative), and the quiet value over the standard error, and the trace count at which the median would stand three standard errors from zero, n (3 se / k_quiet)^2. The status is DIAGNOSTIC when frac_wrong_sign is below 0.35, which under a coin flip sits 13 standard deviations below one half at two thousand traces and 60 at forty thousand"
0.3,0.004,rtm3004,hires,8,true,5,0.364,-9.267519e-03,3.509e-03,0.507,40000,-9.106173e-03,0.493,2.595,5.345e+04,NULL,"one rung of the ladder: the median windowed cumulant of this order over n_traces twin traces, its standard error as a median, the fraction of traces returning a negative value, the same estimator's value on a noiseless trace of this rung (k_quiet), the fraction of traces whose sign differs from k_quiet's (the fifth order's true sign is negative), and the quiet value over the standard error, and the trace count at which the median would stand three standard errors from zero, n (3 se / k_quiet)^2. The status is DIAGNOSTIC when frac_wrong_sign is below 0.35, which under a coin flip sits 13 standard deviations below one half at two thousand traces and 60 at forty thousand"
0.3,0.004,rtm3004,hires,8,true,5,0.5,-2.105702e-02,3.505e-03,0.514,40000,-2.341840e-02,0.486,6.680,8.067e+03,NULL,"one rung of the ladder: the median windowed cumulant of this order over n_traces twin traces, its standard error as a median, the fraction of traces returning a negative value, the same estimator's value on a noiseless trace of this rung (k_quiet), the fraction of traces whose sign differs from k_quiet's (the fifth order's true sign is negative), and the quiet value over the standard error, and the trace count at which the median would stand three standard errors from zero, n (3 se / k_quiet)^2. The status is DIAGNOSTIC when frac_wrong_sign is below 0.35, which under a coin flip sits 13 standard deviations below one half at two thousand traces and 60 at forty thousand"
0.3,0.004,rtm3004,hires,8,true,5,0.73,-7.438237e-02,3.488e-03,0.554,40000,-7.308395e-02,0.446,20.952,8.201e+02,NULL,"one rung of the ladder: the median windowed cumulant of this order over n_traces twin traces, its standard error as a median, the fraction of traces returning a negative value, the same estimator's value on a noiseless trace of this rung (k_quiet), the fraction of traces whose sign differs from k_quiet's (the fifth order's true sign is negative), and the quiet value over the standard error, and the trace count at which the median would stand three standard errors from zero, n (3 se / k_quiet)^2. The status is DIAGNOSTIC when frac_wrong_sign is below 0.35, which under a coin flip sits 13 standard deviations below one half at two thousand traces and 60 at forty thousand"
0.3,0.004,rtm3004,hires,8,true,5,1,-1.881817e-01,3.532e-03,0.630,40000,-1.897780e-01,0.370,53.725,1.247e+02,NULL,"one rung of the ladder: the median windowed cumulant of this order over n_traces twin traces, its standard error as a median, the fraction of traces returning a negative value, the same estimator's value on a noiseless trace of this rung (k_quiet), the fraction of traces whose sign differs from k_quiet's (the fifth order's true sign is negative), and the quiet value over the standard error, and the trace count at which the median would stand three standard errors from zero, n (3 se / k_quiet)^2. The status is DIAGNOSTIC when frac_wrong_sign is below 0.35, which under a coin flip sits 13 standard deviations below one half at two thousand traces and 60 at forty thousand"
0.3,0.004,rtm3004,hires,8,true,5,2,-1.528244e+00,3.546e-03,0.996,40000,-1.525974e+00,0.004,430.335,1.944e+00,DIAGNOSTIC,"one rung of the ladder: the median windowed cumulant of this order over n_traces twin traces, its standard error as a median, the fraction of traces returning a negative value, the same estimator's value on a noiseless trace of this rung (k_quiet), the fraction of traces whose sign differs from k_quiet's (the fifth order's true sign is negative), and the quiet value over the standard error, and the trace count at which the median would stand three standard errors from zero, n (3 se / k_quiet)^2. The status is DIAGNOSTIC when frac_wrong_sign is below 0.35, which under a coin flip sits 13 standard deviations below one half at two thousand traces and 60 at forty thousand"
0.3,0.004,rtm3004,hires,8,true,7,0.364,5.321305e-01,1.609e-01,0.492,40000,5.304749e-01,0.492,3.296,3.313e+04,NULL,"one rung of the ladder: the median windowed cumulant of this order over n_traces twin traces, its standard error as a median, the fraction of traces returning a negative value, the same estimator's value on a noiseless trace of this rung (k_quiet), the fraction of traces whose sign differs from k_quiet's (the fifth order's true sign is negative), and the quiet value over the standard error, and the trace count at which the median would stand three standard errors from zero, n (3 se / k_quiet)^2. The status is DIAGNOSTIC when frac_wrong_sign is below 0.35, which under a coin flip sits 13 standard deviations below one half at two thousand traces and 60 at forty thousand"
0.3,0.004,rtm3004,hires,8,true,7,0.5,1.253303e+00,1.606e-01,0.482,40000,1.359236e+00,0.482,8.464,5.025e+03,NULL,"one rung of the ladder: the median windowed cumulant of this order over n_traces twin traces, its standard error as a median, the fraction of traces returning a negative value, the same estimator's value on a noiseless trace of this rung (k_quiet), the fraction of traces whose sign differs from k_quiet's (the fifth order's true sign is negative), and the quiet value over the standard error, and the trace count at which the median would stand three standard errors from zero, n (3 se / k_quiet)^2. The status is DIAGNOSTIC when frac_wrong_sign is below 0.35, which under a coin flip sits 13 standard deviations below one half at two thousand traces and 60 at forty thousand"
0.3,0.004,rtm3004,hires,8,true,7,0.73,4.103776e+00,1.626e-01,0.437,40000,4.262887e+00,0.437,26.215,5.239e+02,NULL,"one rung of the ladder: the median windowed cumulant of this order over n_traces twin traces, its standard error as a median, the fraction of traces returning a negative value, the same estimator's value on a noiseless trace of this rung (k_quiet), the fraction of traces whose sign differs from k_quiet's (the fifth order's true sign is negative), and the quiet value over the standard error, and the trace count at which the median would stand three standard errors from zero, n (3 se / k_quiet)^2. The status is DIAGNOSTIC when frac_wrong_sign is below 0.35, which under a coin flip sits 13 standard deviations below one half at two thousand traces and 60 at forty thousand"
0.3,0.004,rtm3004,hires,8,true,7,1,1.115126e+01,1.639e-01,0.336,40000,1.113714e+01,0.336,67.947,7.798e+01,DIAGNOSTIC,"one rung of the ladder: the median windowed cumulant of this order over n_traces twin traces, its standard error as a median, the fraction of traces returning a negative value, the same estimator's value on a noiseless trace of this rung (k_quiet), the fraction of traces whose sign differs from k_quiet's (the fifth order's true sign is negative), and the quiet value over the standard error, and the trace count at which the median would stand three standard errors from zero, n (3 se / k_quiet)^2. The status is DIAGNOSTIC when frac_wrong_sign is below 0.35, which under a coin flip sits 13 standard deviations below one half at two thousand traces and 60 at forty thousand"
0.3,0.004,rtm3004,hires,8,true,7,2,9.301443e+01,1.714e-01,0.000,40000,9.283160e+01,0.000,541.702,1.227e+00,DIAGNOSTIC,"one rung of the ladder: the median windowed cumulant of this order over n_traces twin traces, its standard error as a median, the fraction of traces returning a negative value, the same estimator's value on a noiseless trace of this rung (k_quiet), the fraction of traces whose sign differs from k_quiet's (the fifth order's true sign is negative), and the quiet value over the standard error, and the trace count at which the median would stand three standard errors from zero, n (3 se / k_quiet)^2. The status is DIAGNOSTIC when frac_wrong_sign is below 0.35, which under a coin flip sits 13 standard deviations below one half at two thousand traces and 60 at forty thousand"
0.3,0.004,rtm3004,hires,12,true,3,0.364,-2.667732e-04,3.053e-04,0.502,40000,2.297958e-04,0.502,0.753,6.353e+05,NULL,"one rung of the ladder: the median windowed cumulant of this order over n_traces twin traces, its standard error as a median, the fraction of traces returning a negative value, the same estimator's value on a noiseless trace of this rung (k_quiet), the fraction of traces whose sign differs from k_quiet's (the fifth order's true sign is negative), and the quiet value over the standard error, and the trace count at which the median would stand three standard errors from zero, n (3 se / k_quiet)^2. The status is DIAGNOSTIC when frac_wrong_sign is below 0.35, which under a coin flip sits 13 standard deviations below one half at two thousand traces and 60 at forty thousand"
0.3,0.004,rtm3004,hires,12,true,3,0.5,7.658758e-04,3.046e-04,0.494,40000,5.969745e-04,0.494,1.960,9.375e+04,NULL,"one rung of the ladder: the median windowed cumulant of this order over n_traces twin traces, its standard error as a median, the fraction of traces returning a negative value, the same estimator's value on a noiseless trace of this rung (k_quiet), the fraction of traces whose sign differs from k_quiet's (the fifth order's true sign is negative), and the quiet value over the standard error, and the trace count at which the median would stand three standard errors from zero, n (3 se / k_quiet)^2. The status is DIAGNOSTIC when frac_wrong_sign is below 0.35, which under a coin flip sits 13 standard deviations below one half at two thousand traces and 60 at forty thousand"
0.3,0.004,rtm3004,hires,12,true,3,0.73,2.159671e-03,3.040e-04,0.482,40000,1.850225e-03,0.482,6.086,9.719e+03,NULL,"one rung of the ladder: the median windowed cumulant of this order over n_traces twin traces, its standard error as a median, the fraction of traces returning a negative value, the same estimator's value on a noiseless trace of this rung (k_quiet), the fraction of traces whose sign differs from k_quiet's (the fifth order's true sign is negative), and the quiet value over the standard error, and the trace count at which the median would stand three standard errors from zero, n (3 se / k_quiet)^2. The status is DIAGNOSTIC when frac_wrong_sign is below 0.35, which under a coin flip sits 13 standard deviations below one half at two thousand traces and 60 at forty thousand"
0.3,0.004,rtm3004,hires,12,true,3,1,4.573482e-03,3.046e-04,0.464,40000,4.835005e-03,0.464,15.875,1.429e+03,NULL,"one rung of the ladder: the median windowed cumulant of this order over n_traces twin traces, its standard error as a median, the fraction of traces returning a negative value, the same estimator's value on a noiseless trace of this rung (k_quiet), the fraction of traces whose sign differs from k_quiet's (the fifth order's true sign is negative), and the quiet value over the standard error, and the trace count at which the median would stand three standard errors from zero, n (3 se / k_quiet)^2. The status is DIAGNOSTIC when frac_wrong_sign is below 0.35, which under a coin flip sits 13 standard deviations below one half at two thousand traces and 60 at forty thousand"
0.3,0.004,rtm3004,hires,12,true,3,2,3.810596e-02,3.001e-04,0.210,40000,3.857388e-02,0.210,128.545,2.179e+01,DIAGNOSTIC,"one rung of the ladder: the median windowed cumulant of this order over n_traces twin traces, its standard error as a median, the fraction of traces returning a negative value, the same estimator's value on a noiseless trace of this rung (k_quiet), the fraction of traces whose sign differs from k_quiet's (the fifth order's true sign is negative), and the quiet value over the standard error, and the trace count at which the median would stand three standard errors from zero, n (3 se / k_quiet)^2. The status is DIAGNOSTIC when frac_wrong_sign is below 0.35, which under a coin flip sits 13 standard deviations below one half at two thousand traces and 60 at forty thousand"
0.3,0.004,rtm3004,hires,12,true,5,0.364,-2.629495e-02,1.128e-02,0.506,40000,-1.949844e-02,0.494,1.729,1.204e+05,NULL,"one rung of the ladder: the median windowed cumulant of this order over n_traces twin traces, its standard error as a median, the fraction of traces returning a negative value, the same estimator's value on a noiseless trace of this rung (k_quiet), the fraction of traces whose sign differs from k_quiet's (the fifth order's true sign is negative), and the quiet value over the standard error, and the trace count at which the median would stand three standard errors from zero, n (3 se / k_quiet)^2. The status is DIAGNOSTIC when frac_wrong_sign is below 0.35, which under a coin flip sits 13 standard deviations below one half at two thousand traces and 60 at forty thousand"
0.3,0.004,rtm3004,hires,12,true,5,0.5,-3.675879e-02,1.125e-02,0.508,40000,-5.063716e-02,0.492,4.502,1.776e+04,NULL,"one rung of the ladder: the median windowed cumulant of this order over n_traces twin traces, its standard error as a median, the fraction of traces returning a negative value, the same estimator's value on a noiseless trace of this rung (k_quiet), the fraction of traces whose sign differs from k_quiet's (the fifth order's true sign is negative), and the quiet value over the standard error, and the trace count at which the median would stand three standard errors from zero, n (3 se / k_quiet)^2. The status is DIAGNOSTIC when frac_wrong_sign is below 0.35, which under a coin flip sits 13 standard deviations below one half at two thousand traces and 60 at forty thousand"
0.3,0.004,rtm3004,hires,12,true,5,0.73,-1.582714e-01,1.126e-02,0.535,40000,-1.576191e-01,0.465,14.003,1.836e+03,NULL,"one rung of the ladder: the median windowed cumulant of this order over n_traces twin traces, its standard error as a median, the fraction of traces returning a negative value, the same estimator's value on a noiseless trace of this rung (k_quiet), the fraction of traces whose sign differs from k_quiet's (the fifth order's true sign is negative), and the quiet value over the standard error, and the trace count at which the median would stand three standard errors from zero, n (3 se / k_quiet)^2. The status is DIAGNOSTIC when frac_wrong_sign is below 0.35, which under a coin flip sits 13 standard deviations below one half at two thousand traces and 60 at forty thousand"
0.3,0.004,rtm3004,hires,12,true,5,1,-4.191093e-01,1.126e-02,0.593,40000,-4.112121e-01,0.407,36.520,2.699e+02,NULL,"one rung of the ladder: the median windowed cumulant of this order over n_traces twin traces, its standard error as a median, the fraction of traces returning a negative value, the same estimator's value on a noiseless trace of this rung (k_quiet), the fraction of traces whose sign differs from k_quiet's (the fifth order's true sign is negative), and the quiet value over the standard error, and the trace count at which the median would stand three standard errors from zero, n (3 se / k_quiet)^2. The status is DIAGNOSTIC when frac_wrong_sign is below 0.35, which under a coin flip sits 13 standard deviations below one half at two thousand traces and 60 at forty thousand"
0.3,0.004,rtm3004,hires,12,true,5,2,-3.311210e+00,1.135e-02,0.967,40000,-3.306299e+00,0.033,291.428,4.239e+00,DIAGNOSTIC,"one rung of the ladder: the median windowed cumulant of this order over n_traces twin traces, its standard error as a median, the fraction of traces returning a negative value, the same estimator's value on a noiseless trace of this rung (k_quiet), the fraction of traces whose sign differs from k_quiet's (the fifth order's true sign is negative), and the quiet value over the standard error, and the trace count at which the median would stand three standard errors from zero, n (3 se / k_quiet)^2. The status is DIAGNOSTIC when frac_wrong_sign is below 0.35, which under a coin flip sits 13 standard deviations below one half at two thousand traces and 60 at forty thousand"
0.3,0.004,rtm3004,hires,12,true,7,0.364,4.043935e+00,2.719e+00,0.496,40000,3.450313e-01,0.496,0.127,2.236e+07,NULL,"one rung of the ladder: the median windowed cumulant of this order over n_traces twin traces, its standard error as a median, the fraction of traces returning a negative value, the same estimator's value on a noiseless trace of this rung (k_quiet), the fraction of traces whose sign differs from k_quiet's (the fifth order's true sign is negative), and the quiet value over the standard error, and the trace count at which the median would stand three standard errors from zero, n (3 se / k_quiet)^2. The status is DIAGNOSTIC when frac_wrong_sign is below 0.35, which under a coin flip sits 13 standard deviations below one half at two thousand traces and 60 at forty thousand"
0.3,0.004,rtm3004,hires,12,true,7,0.5,-1.802833e-01,2.724e+00,0.500,40000,8.921626e-01,0.500,0.328,3.356e+06,NULL,"one rung of the ladder: the median windowed cumulant of this order over n_traces twin traces, its standard error as a median, the fraction of traces returning a negative value, the same estimator's value on a noiseless trace of this rung (k_quiet), the fraction of traces whose sign differs from k_quiet's (the fifth order's true sign is negative), and the quiet value over the standard error, and the trace count at which the median would stand three standard errors from zero, n (3 se / k_quiet)^2. The status is DIAGNOSTIC when frac_wrong_sign is below 0.35, which under a coin flip sits 13 standard deviations below one half at two thousand traces and 60 at forty thousand"
0.3,0.004,rtm3004,hires,12,true,7,0.73,7.712774e-01,2.702e+00,0.499,40000,2.889145e+00,0.499,1.069,3.149e+05,NULL,"one rung of the ladder: the median windowed cumulant of this order over n_traces twin traces, its standard error as a median, the fraction of traces returning a negative value, the same estimator's value on a noiseless trace of this rung (k_quiet), the fraction of traces whose sign differs from k_quiet's (the fifth order's true sign is negative), and the quiet value over the standard error, and the trace count at which the median would stand three standard errors from zero, n (3 se / k_quiet)^2. The status is DIAGNOSTIC when frac_wrong_sign is below 0.35, which under a coin flip sits 13 standard deviations below one half at two thousand traces and 60 at forty thousand"
0.3,0.004,rtm3004,hires,12,true,7,1,8.144179e+00,2.715e+00,0.493,40000,7.528922e+00,0.493,2.774,4.680e+04,NULL,"one rung of the ladder: the median windowed cumulant of this order over n_traces twin traces, its standard error as a median, the fraction of traces returning a negative value, the same estimator's value on a noiseless trace of this rung (k_quiet), the fraction of traces whose sign differs from k_quiet's (the fifth order's true sign is negative), and the quiet value over the standard error, and the trace count at which the median would stand three standard errors from zero, n (3 se / k_quiet)^2. The status is DIAGNOSTIC when frac_wrong_sign is below 0.35, which under a coin flip sits 13 standard deviations below one half at two thousand traces and 60 at forty thousand"
0.3,0.004,rtm3004,hires,12,true,7,2,7.340210e+01,2.621e+00,0.431,40000,7.134203e+01,0.431,27.221,4.858e+02,NULL,"one rung of the ladder: the median windowed cumulant of this order over n_traces twin traces, its standard error as a median, the fraction of traces returning a negative value, the same estimator's value on a noiseless trace of this rung (k_quiet), the fraction of traces whose sign differs from k_quiet's (the fifth order's true sign is negative), and the quiet value over the standard error, and the trace count at which the median would stand three standard errors from zero, n (3 se / k_quiet)^2. The status is DIAGNOSTIC when frac_wrong_sign is below 0.35, which under a coin flip sits 13 standard deviations below one half at two thousand traces and 60 at forty thousand"
0.3,0.004,rtm3004,hires,16,true,3,0.364,4.278334e-04,7.047e-04,0.499,40000,2.589869e-04,0.499,0.368,2.665e+06,NULL,"one rung of the ladder: the median windowed cumulant of this order over n_traces twin traces, its standard error as a median, the fraction of traces returning a negative value, the same estimator's value on a noiseless trace of this rung (k_quiet), the fraction of traces whose sign differs from k_quiet's (the fifth order's true sign is negative), and the quiet value over the standard error, and the trace count at which the median would stand three standard errors from zero, n (3 se / k_quiet)^2. The status is DIAGNOSTIC when frac_wrong_sign is below 0.35, which under a coin flip sits 13 standard deviations below one half at two thousand traces and 60 at forty thousand"
0.3,0.004,rtm3004,hires,16,true,3,0.5,4.653223e-04,7.091e-04,0.498,40000,6.817159e-04,0.498,0.961,3.895e+05,NULL,"one rung of the ladder: the median windowed cumulant of this order over n_traces twin traces, its standard error as a median, the fraction of traces returning a negative value, the same estimator's value on a noiseless trace of this rung (k_quiet), the fraction of traces whose sign differs from k_quiet's (the fifth order's true sign is negative), and the quiet value over the standard error, and the trace count at which the median would stand three standard errors from zero, n (3 se / k_quiet)^2. The status is DIAGNOSTIC when frac_wrong_sign is below 0.35, which under a coin flip sits 13 standard deviations below one half at two thousand traces and 60 at forty thousand"
0.3,0.004,rtm3004,hires,16,true,3,0.73,1.604804e-03,7.068e-04,0.495,40000,2.107403e-03,0.495,2.982,4.050e+04,NULL,"one rung of the ladder: the median windowed cumulant of this order over n_traces twin traces, its standard error as a median, the fraction of traces returning a negative value, the same estimator's value on a noiseless trace of this rung (k_quiet), the fraction of traces whose sign differs from k_quiet's (the fifth order's true sign is negative), and the quiet value over the standard error, and the trace count at which the median would stand three standard errors from zero, n (3 se / k_quiet)^2. The status is DIAGNOSTIC when frac_wrong_sign is below 0.35, which under a coin flip sits 13 standard deviations below one half at two thousand traces and 60 at forty thousand"
0.3,0.004,rtm3004,hires,16,true,3,1,6.885639e-03,7.035e-04,0.476,40000,5.518280e-03,0.476,7.844,5.850e+03,NULL,"one rung of the ladder: the median windowed cumulant of this order over n_traces twin traces, its standard error as a median, the fraction of traces returning a negative value, the same estimator's value on a noiseless trace of this rung (k_quiet), the fraction of traces whose sign differs from k_quiet's (the fifth order's true sign is negative), and the quiet value over the standard error, and the trace count at which the median would stand three standard errors from zero, n (3 se / k_quiet)^2. The status is DIAGNOSTIC when frac_wrong_sign is below 0.35, which under a coin flip sits 13 standard deviations below one half at two thousand traces and 60 at forty thousand"
0.3,0.004,rtm3004,hires,16,true,3,2,4.272493e-02,6.960e-04,0.350,40000,4.400878e-02,0.350,63.232,9.004e+01,NULL,"one rung of the ladder: the median windowed cumulant of this order over n_traces twin traces, its standard error as a median, the fraction of traces returning a negative value, the same estimator's value on a noiseless trace of this rung (k_quiet), the fraction of traces whose sign differs from k_quiet's (the fifth order's true sign is negative), and the quiet value over the standard error, and the trace count at which the median would stand three standard errors from zero, n (3 se / k_quiet)^2. The status is DIAGNOSTIC when frac_wrong_sign is below 0.35, which under a coin flip sits 13 standard deviations below one half at two thousand traces and 60 at forty thousand"
0.3,0.004,rtm3004,hires,16,true,5,0.364,-6.937593e-03,4.050e-02,0.501,40000,-3.012544e-02,0.499,0.744,6.507e+05,NULL,"one rung of the ladder: the median windowed cumulant of this order over n_traces twin traces, its standard error as a median, the fraction of traces returning a negative value, the same estimator's value on a noiseless trace of this rung (k_quiet), the fraction of traces whose sign differs from k_quiet's (the fifth order's true sign is negative), and the quiet value over the standard error, and the trace count at which the median would stand three standard errors from zero, n (3 se / k_quiet)^2. The status is DIAGNOSTIC when frac_wrong_sign is below 0.35, which under a coin flip sits 13 standard deviations below one half at two thousand traces and 60 at forty thousand"
0.3,0.004,rtm3004,hires,16,true,5,0.5,-5.226586e-02,4.029e-02,0.503,40000,-7.760531e-02,0.497,1.926,9.705e+04,NULL,"one rung of the ladder: the median windowed cumulant of this order over n_traces twin traces, its standard error as a median, the fraction of traces returning a negative value, the same estimator's value on a noiseless trace of this rung (k_quiet), the fraction of traces whose sign differs from k_quiet's (the fifth order's true sign is negative), and the quiet value over the standard error, and the trace count at which the median would stand three standard errors from zero, n (3 se / k_quiet)^2. The status is DIAGNOSTIC when frac_wrong_sign is below 0.35, which under a coin flip sits 13 standard deviations below one half at two thousand traces and 60 at forty thousand"
0.3,0.004,rtm3004,hires,16,true,5,0.73,-2.600451e-01,4.024e-02,0.517,40000,-2.422187e-01,0.483,6.019,9.938e+03,NULL,"one rung of the ladder: the median windowed cumulant of this order over n_traces twin traces, its standard error as a median, the fraction of traces returning a negative value, the same estimator's value on a noiseless trace of this rung (k_quiet), the fraction of traces whose sign differs from k_quiet's (the fifth order's true sign is negative), and the quiet value over the standard error, and the trace count at which the median would stand three standard errors from zero, n (3 se / k_quiet)^2. The status is DIAGNOSTIC when frac_wrong_sign is below 0.35, which under a coin flip sits 13 standard deviations below one half at two thousand traces and 60 at forty thousand"
0.3,0.004,rtm3004,hires,16,true,5,1,-5.348588e-01,4.039e-02,0.533,40000,-6.320332e-01,0.467,15.649,1.470e+03,NULL,"one rung of the ladder: the median windowed cumulant of this order over n_traces twin traces, its standard error as a median, the fraction of traces returning a negative value, the same estimator's value on a noiseless trace of this rung (k_quiet), the fraction of traces whose sign differs from k_quiet's (the fifth order's true sign is negative), and the quiet value over the standard error, and the trace count at which the median would stand three standard errors from zero, n (3 se / k_quiet)^2. The status is DIAGNOSTIC when frac_wrong_sign is below 0.35, which under a coin flip sits 13 standard deviations below one half at two thousand traces and 60 at forty thousand"
0.3,0.004,rtm3004,hires,16,true,5,2,-5.059106e+00,3.933e-02,0.791,40000,-5.073559e+00,0.209,128.988,2.164e+01,DIAGNOSTIC,"one rung of the ladder: the median windowed cumulant of this order over n_traces twin traces, its standard error as a median, the fraction of traces returning a negative value, the same estimator's value on a noiseless trace of this rung (k_quiet), the fraction of traces whose sign differs from k_quiet's (the fifth order's true sign is negative), and the quiet value over the standard error, and the trace count at which the median would stand three standard errors from zero, n (3 se / k_quiet)^2. The status is DIAGNOSTIC when frac_wrong_sign is below 0.35, which under a coin flip sits 13 standard deviations below one half at two thousand traces and 60 at forty thousand"
0.3,0.004,rtm3004,hires,16,true,7,0.364,-1.877879e+00,2.117e+01,0.500,40000,-2.263040e+00,0.500,0.107,3.149e+07,NULL,"one rung of the ladder: the median windowed cumulant of this order over n_traces twin traces, its standard error as a median, the fraction of traces returning a negative value, the same estimator's value on a noiseless trace of this rung (k_quiet), the fraction of traces whose sign differs from k_quiet's (the fifth order's true sign is negative), and the quiet value over the standard error, and the trace count at which the median would stand three standard errors from zero, n (3 se / k_quiet)^2. The status is DIAGNOSTIC when frac_wrong_sign is below 0.35, which under a coin flip sits 13 standard deviations below one half at two thousand traces and 60 at forty thousand"
0.3,0.004,rtm3004,hires,16,true,7,0.5,-3.588617e+00,2.126e+01,0.500,40000,-6.257314e+00,0.500,0.294,4.155e+06,NULL,"one rung of the ladder: the median windowed cumulant of this order over n_traces twin traces, its standard error as a median, the fraction of traces returning a negative value, the same estimator's value on a noiseless trace of this rung (k_quiet), the fraction of traces whose sign differs from k_quiet's (the fifth order's true sign is negative), and the quiet value over the standard error, and the trace count at which the median would stand three standard errors from zero, n (3 se / k_quiet)^2. The status is DIAGNOSTIC when frac_wrong_sign is below 0.35, which under a coin flip sits 13 standard deviations below one half at two thousand traces and 60 at forty thousand"
0.3,0.004,rtm3004,hires,16,true,7,0.73,-1.008308e+01,2.118e+01,0.501,40000,-1.890585e+01,0.499,0.892,4.520e+05,NULL,"one rung of the ladder: the median windowed cumulant of this order over n_traces twin traces, its standard error as a median, the fraction of traces returning a negative value, the same estimator's value on a noiseless trace of this rung (k_quiet), the fraction of traces whose sign differs from k_quiet's (the fifth order's true sign is negative), and the quiet value over the standard error, and the trace count at which the median would stand three standard errors from zero, n (3 se / k_quiet)^2. The status is DIAGNOSTIC when frac_wrong_sign is below 0.35, which under a coin flip sits 13 standard deviations below one half at two thousand traces and 60 at forty thousand"
0.3,0.004,rtm3004,hires,16,true,7,1,-1.043097e+02,2.107e+01,0.513,40000,-4.972114e+01,0.487,2.359,6.466e+04,NULL,"one rung of the ladder: the median windowed cumulant of this order over n_traces twin traces, its standard error as a median, the fraction of traces returning a negative value, the same estimator's value on a noiseless trace of this rung (k_quiet), the fraction of traces whose sign differs from k_quiet's (the fifth order's true sign is negative), and the quiet value over the standard error, and the trace count at which the median would stand three standard errors from zero, n (3 se / k_quiet)^2. The status is DIAGNOSTIC when frac_wrong_sign is below 0.35, which under a coin flip sits 13 standard deviations below one half at two thousand traces and 60 at forty thousand"
0.3,0.004,rtm3004,hires,16,true,7,2,-3.641716e+02,2.072e+01,0.541,40000,-3.777450e+02,0.459,18.234,1.083e+03,NULL,"one rung of the ladder: the median windowed cumulant of this order over n_traces twin traces, its standard error as a median, the fraction of traces returning a negative value, the same estimator's value on a noiseless trace of this rung (k_quiet), the fraction of traces whose sign differs from k_quiet's (the fifth order's true sign is negative), and the quiet value over the standard error, and the trace count at which the median would stand three standard errors from zero, n (3 se / k_quiet)^2. The status is DIAGNOSTIC when frac_wrong_sign is below 0.35, which under a coin flip sits 13 standard deviations below one half at two thousand traces and 60 at forty thousand"
0.45,0.004,rtm3004,hires,3.25,true,3,0.364,1.824677e-05,8.291e-06,0.495,40000,1.830891e-05,0.495,2.208,7.383e+04,NULL,"one rung of the ladder: the median windowed cumulant of this order over n_traces twin traces, its standard error as a median, the fraction of traces returning a negative value, the same estimator's value on a noiseless trace of this rung (k_quiet), the fraction of traces whose sign differs from k_quiet's (the fifth order's true sign is negative), and the quiet value over the standard error, and the trace count at which the median would stand three standard errors from zero, n (3 se / k_quiet)^2. The status is DIAGNOSTIC when frac_wrong_sign is below 0.35, which under a coin flip sits 13 standard deviations below one half at two thousand traces and 60 at forty thousand"
0.45,0.004,rtm3004,hires,3.25,true,3,0.5,5.174455e-05,8.344e-06,0.483,40000,4.700855e-05,0.483,5.634,1.134e+04,NULL,"one rung of the ladder: the median windowed cumulant of this order over n_traces twin traces, its standard error as a median, the fraction of traces returning a negative value, the same estimator's value on a noiseless trace of this rung (k_quiet), the fraction of traces whose sign differs from k_quiet's (the fifth order's true sign is negative), and the quiet value over the standard error, and the trace count at which the median would stand three standard errors from zero, n (3 se / k_quiet)^2. The status is DIAGNOSTIC when frac_wrong_sign is below 0.35, which under a coin flip sits 13 standard deviations below one half at two thousand traces and 60 at forty thousand"
0.45,0.004,rtm3004,hires,3.25,true,3,0.73,1.493113e-04,8.322e-06,0.457,40000,1.476148e-04,0.457,17.737,1.144e+03,NULL,"one rung of the ladder: the median windowed cumulant of this order over n_traces twin traces, its standard error as a median, the fraction of traces returning a negative value, the same estimator's value on a noiseless trace of this rung (k_quiet), the fraction of traces whose sign differs from k_quiet's (the fifth order's true sign is negative), and the quiet value over the standard error, and the trace count at which the median would stand three standard errors from zero, n (3 se / k_quiet)^2. The status is DIAGNOSTIC when frac_wrong_sign is below 0.35, which under a coin flip sits 13 standard deviations below one half at two thousand traces and 60 at forty thousand"
0.45,0.004,rtm3004,hires,3.25,true,3,1,3.729043e-04,8.345e-06,0.388,40000,3.831431e-04,0.388,45.913,1.708e+02,NULL,"one rung of the ladder: the median windowed cumulant of this order over n_traces twin traces, its standard error as a median, the fraction of traces returning a negative value, the same estimator's value on a noiseless trace of this rung (k_quiet), the fraction of traces whose sign differs from k_quiet's (the fifth order's true sign is negative), and the quiet value over the standard error, and the trace count at which the median would stand three standard errors from zero, n (3 se / k_quiet)^2. The status is DIAGNOSTIC when frac_wrong_sign is below 0.35, which under a coin flip sits 13 standard deviations below one half at two thousand traces and 60 at forty thousand"
0.45,0.004,rtm3004,hires,3.25,true,3,2,2.888029e-03,8.256e-06,0.014,40000,2.859766e-03,0.014,346.385,3.000e+00,DIAGNOSTIC,"one rung of the ladder: the median windowed cumulant of this order over n_traces twin traces, its standard error as a median, the fraction of traces returning a negative value, the same estimator's value on a noiseless trace of this rung (k_quiet), the fraction of traces whose sign differs from k_quiet's (the fifth order's true sign is negative), and the quiet value over the standard error, and the trace count at which the median would stand three standard errors from zero, n (3 se / k_quiet)^2. The status is DIAGNOSTIC when frac_wrong_sign is below 0.35, which under a coin flip sits 13 standard deviations below one half at two thousand traces and 60 at forty thousand"
0.45,0.004,rtm3004,hires,3.25,true,5,0.364,-2.932229e-04,1.391e-04,0.506,40000,-3.201959e-04,0.494,2.301,6.797e+04,NULL,"one rung of the ladder: the median windowed cumulant of this order over n_traces twin traces, its standard error as a median, the fraction of traces returning a negative value, the same estimator's value on a noiseless trace of this rung (k_quiet), the fraction of traces whose sign differs from k_quiet's (the fifth order's true sign is negative), and the quiet value over the standard error, and the trace count at which the median would stand three standard errors from zero, n (3 se / k_quiet)^2. The status is DIAGNOSTIC when frac_wrong_sign is below 0.35, which under a coin flip sits 13 standard deviations below one half at two thousand traces and 60 at forty thousand"
0.45,0.004,rtm3004,hires,3.25,true,5,0.5,-1.031249e-03,1.399e-04,0.518,40000,-8.244068e-04,0.482,5.894,1.036e+04,NULL,"one rung of the ladder: the median windowed cumulant of this order over n_traces twin traces, its standard error as a median, the fraction of traces returning a negative value, the same estimator's value on a noiseless trace of this rung (k_quiet), the fraction of traces whose sign differs from k_quiet's (the fifth order's true sign is negative), and the quiet value over the standard error, and the trace count at which the median would stand three standard errors from zero, n (3 se / k_quiet)^2. The status is DIAGNOSTIC when frac_wrong_sign is below 0.35, which under a coin flip sits 13 standard deviations below one half at two thousand traces and 60 at forty thousand"
0.45,0.004,rtm3004,hires,3.25,true,5,0.73,-2.560931e-03,1.400e-04,0.544,40000,-2.578187e-03,0.456,18.420,1.061e+03,NULL,"one rung of the ladder: the median windowed cumulant of this order over n_traces twin traces, its standard error as a median, the fraction of traces returning a negative value, the same estimator's value on a noiseless trace of this rung (k_quiet), the fraction of traces whose sign differs from k_quiet's (the fifth order's true sign is negative), and the quiet value over the standard error, and the trace count at which the median would stand three standard errors from zero, n (3 se / k_quiet)^2. The status is DIAGNOSTIC when frac_wrong_sign is below 0.35, which under a coin flip sits 13 standard deviations below one half at two thousand traces and 60 at forty thousand"
0.45,0.004,rtm3004,hires,3.25,true,5,1,-6.592370e-03,1.407e-04,0.615,40000,-6.717111e-03,0.385,47.757,1.578e+02,NULL,"one rung of the ladder: the median windowed cumulant of this order over n_traces twin traces, its standard error as a median, the fraction of traces returning a negative value, the same estimator's value on a noiseless trace of this rung (k_quiet), the fraction of traces whose sign differs from k_quiet's (the fifth order's true sign is negative), and the quiet value over the standard error, and the trace count at which the median would stand three standard errors from zero, n (3 se / k_quiet)^2. The status is DIAGNOSTIC when frac_wrong_sign is below 0.35, which under a coin flip sits 13 standard deviations below one half at two thousand traces and 60 at forty thousand"
0.45,0.004,rtm3004,hires,3.25,true,5,2,-5.115256e-02,1.411e-04,0.988,40000,-5.064927e-02,0.012,358.979,2.794e+00,DIAGNOSTIC,"one rung of the ladder: the median windowed cumulant of this order over n_traces twin traces, its standard error as a median, the fraction of traces returning a negative value, the same estimator's value on a noiseless trace of this rung (k_quiet), the fraction of traces whose sign differs from k_quiet's (the fifth order's true sign is negative), and the quiet value over the standard error, and the trace count at which the median would stand three standard errors from zero, n (3 se / k_quiet)^2. The status is DIAGNOSTIC when frac_wrong_sign is below 0.35, which under a coin flip sits 13 standard deviations below one half at two thousand traces and 60 at forty thousand"
0.45,0.004,rtm3004,hires,3.25,true,7,0.364,1.101709e-02,4.382e-03,0.494,40000,1.017439e-02,0.494,2.322,6.678e+04,NULL,"one rung of the ladder: the median windowed cumulant of this order over n_traces twin traces, its standard error as a median, the fraction of traces returning a negative value, the same estimator's value on a noiseless trace of this rung (k_quiet), the fraction of traces whose sign differs from k_quiet's (the fifth order's true sign is negative), and the quiet value over the standard error, and the trace count at which the median would stand three standard errors from zero, n (3 se / k_quiet)^2. The status is DIAGNOSTIC when frac_wrong_sign is below 0.35, which under a coin flip sits 13 standard deviations below one half at two thousand traces and 60 at forty thousand"
0.45,0.004,rtm3004,hires,3.25,true,7,0.5,3.302580e-02,4.405e-03,0.481,40000,2.622265e-02,0.481,5.953,1.016e+04,NULL,"one rung of the ladder: the median windowed cumulant of this order over n_traces twin traces, its standard error as a median, the fraction of traces returning a negative value, the same estimator's value on a noiseless trace of this rung (k_quiet), the fraction of traces whose sign differs from k_quiet's (the fifth order's true sign is negative), and the quiet value over the standard error, and the trace count at which the median would stand three standard errors from zero, n (3 se / k_quiet)^2. The status is DIAGNOSTIC when frac_wrong_sign is below 0.35, which under a coin flip sits 13 standard deviations below one half at two thousand traces and 60 at forty thousand"
0.45,0.004,rtm3004,hires,3.25,true,7,0.73,7.948126e-02,4.418e-03,0.455,40000,8.203610e-02,0.455,18.570,1.044e+03,NULL,"one rung of the ladder: the median windowed cumulant of this order over n_traces twin traces, its standard error as a median, the fraction of traces returning a negative value, the same estimator's value on a noiseless trace of this rung (k_quiet), the fraction of traces whose sign differs from k_quiet's (the fifth order's true sign is negative), and the quiet value over the standard error, and the trace count at which the median would stand three standard errors from zero, n (3 se / k_quiet)^2. The status is DIAGNOSTIC when frac_wrong_sign is below 0.35, which under a coin flip sits 13 standard deviations below one half at two thousand traces and 60 at forty thousand"
0.45,0.004,rtm3004,hires,3.25,true,7,1,2.096623e-01,4.451e-03,0.384,40000,2.143257e-01,0.384,48.149,1.553e+02,NULL,"one rung of the ladder: the median windowed cumulant of this order over n_traces twin traces, its standard error as a median, the fraction of traces returning a negative value, the same estimator's value on a noiseless trace of this rung (k_quiet), the fraction of traces whose sign differs from k_quiet's (the fifth order's true sign is negative), and the quiet value over the standard error, and the trace count at which the median would stand three standard errors from zero, n (3 se / k_quiet)^2. The status is DIAGNOSTIC when frac_wrong_sign is below 0.35, which under a coin flip sits 13 standard deviations below one half at two thousand traces and 60 at forty thousand"
0.45,0.004,rtm3004,hires,3.25,true,7,2,1.655852e+00,4.537e-03,0.012,40000,1.640047e+00,0.012,361.484,2.755e+00,DIAGNOSTIC,"one rung of the ladder: the median windowed cumulant of this order over n_traces twin traces, its standard error as a median, the fraction of traces returning a negative value, the same estimator's value on a noiseless trace of this rung (k_quiet), the fraction of traces whose sign differs from k_quiet's (the fifth order's true sign is negative), and the quiet value over the standard error, and the trace count at which the median would stand three standard errors from zero, n (3 se / k_quiet)^2. The status is DIAGNOSTIC when frac_wrong_sign is below 0.35, which under a coin flip sits 13 standard deviations below one half at two thousand traces and 60 at forty thousand"
0.45,0.004,rtm3004,hires,4,true,3,0.364,4.186899e-05,1.444e-05,0.494,40000,3.774286e-05,0.494,2.613,5.273e+04,NULL,"one rung of the ladder: the median windowed cumulant of this order over n_traces twin traces, its standard error as a median, the fraction of traces returning a negative value, the same estimator's value on a noiseless trace of this rung (k_quiet), the fraction of traces whose sign differs from k_quiet's (the fifth order's true sign is negative), and the quiet value over the standard error, and the trace count at which the median would stand three standard errors from zero, n (3 se / k_quiet)^2. The status is DIAGNOSTIC when frac_wrong_sign is below 0.35, which under a coin flip sits 13 standard deviations below one half at two thousand traces and 60 at forty thousand"
0.45,0.004,rtm3004,hires,4,true,3,0.5,9.679295e-05,1.433e-05,0.483,40000,9.958373e-05,0.483,6.951,7.451e+03,NULL,"one rung of the ladder: the median windowed cumulant of this order over n_traces twin traces, its standard error as a median, the fraction of traces returning a negative value, the same estimator's value on a noiseless trace of this rung (k_quiet), the fraction of traces whose sign differs from k_quiet's (the fifth order's true sign is negative), and the quiet value over the standard error, and the trace count at which the median would stand three standard errors from zero, n (3 se / k_quiet)^2. The status is DIAGNOSTIC when frac_wrong_sign is below 0.35, which under a coin flip sits 13 standard deviations below one half at two thousand traces and 60 at forty thousand"
0.45,0.004,rtm3004,hires,4,true,3,0.73,3.156360e-04,1.439e-05,0.445,40000,3.054016e-04,0.445,21.225,7.991e+02,NULL,"one rung of the ladder: the median windowed cumulant of this order over n_traces twin traces, its standard error as a median, the fraction of traces returning a negative value, the same estimator's value on a noiseless trace of this rung (k_quiet), the fraction of traces whose sign differs from k_quiet's (the fifth order's true sign is negative), and the quiet value over the standard error, and the trace count at which the median would stand three standard errors from zero, n (3 se / k_quiet)^2. The status is DIAGNOSTIC when frac_wrong_sign is below 0.35, which under a coin flip sits 13 standard deviations below one half at two thousand traces and 60 at forty thousand"
0.45,0.004,rtm3004,hires,4,true,3,1,7.725007e-04,1.440e-05,0.370,40000,7.914408e-04,0.370,54.951,1.192e+02,NULL,"one rung of the ladder: the median windowed cumulant of this order over n_traces twin traces, its standard error as a median, the fraction of traces returning a negative value, the same estimator's value on a noiseless trace of this rung (k_quiet), the fraction of traces whose sign differs from k_quiet's (the fifth order's true sign is negative), and the quiet value over the standard error, and the trace count at which the median would stand three standard errors from zero, n (3 se / k_quiet)^2. The status is DIAGNOSTIC when frac_wrong_sign is below 0.35, which under a coin flip sits 13 standard deviations below one half at two thousand traces and 60 at forty thousand"
0.45,0.004,rtm3004,hires,4,true,3,2,6.037367e-03,1.436e-05,0.004,40000,6.038249e-03,0.004,420.633,2.035e+00,DIAGNOSTIC,"one rung of the ladder: the median windowed cumulant of this order over n_traces twin traces, its standard error as a median, the fraction of traces returning a negative value, the same estimator's value on a noiseless trace of this rung (k_quiet), the fraction of traces whose sign differs from k_quiet's (the fifth order's true sign is negative), and the quiet value over the standard error, and the trace count at which the median would stand three standard errors from zero, n (3 se / k_quiet)^2. The status is DIAGNOSTIC when frac_wrong_sign is below 0.35, which under a coin flip sits 13 standard deviations below one half at two thousand traces and 60 at forty thousand"
0.45,0.004,rtm3004,hires,4,true,5,0.364,-1.054115e-03,3.182e-04,0.508,40000,-8.966290e-04,0.492,2.818,4.533e+04,NULL,"one rung of the ladder: the median windowed cumulant of this order over n_traces twin traces, its standard error as a median, the fraction of traces returning a negative value, the same estimator's value on a noiseless trace of this rung (k_quiet), the fraction of traces whose sign differs from k_quiet's (the fifth order's true sign is negative), and the quiet value over the standard error, and the trace count at which the median would stand three standard errors from zero, n (3 se / k_quiet)^2. The status is DIAGNOSTIC when frac_wrong_sign is below 0.35, which under a coin flip sits 13 standard deviations below one half at two thousand traces and 60 at forty thousand"
0.45,0.004,rtm3004,hires,4,true,5,0.5,-2.258224e-03,3.158e-04,0.518,40000,-2.350767e-03,0.482,7.443,6.498e+03,NULL,"one rung of the ladder: the median windowed cumulant of this order over n_traces twin traces, its standard error as a median, the fraction of traces returning a negative value, the same estimator's value on a noiseless trace of this rung (k_quiet), the fraction of traces whose sign differs from k_quiet's (the fifth order's true sign is negative), and the quiet value over the standard error, and the trace count at which the median would stand three standard errors from zero, n (3 se / k_quiet)^2. The status is DIAGNOSTIC when frac_wrong_sign is below 0.35, which under a coin flip sits 13 standard deviations below one half at two thousand traces and 60 at forty thousand"
0.45,0.004,rtm3004,hires,4,true,5,0.73,-7.625449e-03,3.180e-04,0.558,40000,-7.247534e-03,0.442,22.788,6.932e+02,NULL,"one rung of the ladder: the median windowed cumulant of this order over n_traces twin traces, its standard error as a median, the fraction of traces returning a negative value, the same estimator's value on a noiseless trace of this rung (k_quiet), the fraction of traces whose sign differs from k_quiet's (the fifth order's true sign is negative), and the quiet value over the standard error, and the trace count at which the median would stand three standard errors from zero, n (3 se / k_quiet)^2. The status is DIAGNOSTIC when frac_wrong_sign is below 0.35, which under a coin flip sits 13 standard deviations below one half at two thousand traces and 60 at forty thousand"
0.45,0.004,rtm3004,hires,4,true,5,1,-1.832130e-02,3.187e-04,0.639,40000,-1.882096e-02,0.361,59.057,1.032e+02,NULL,"one rung of the ladder: the median windowed cumulant of this order over n_traces twin traces, its standard error as a median, the fraction of traces returning a negative value, the same estimator's value on a noiseless trace of this rung (k_quiet), the fraction of traces whose sign differs from k_quiet's (the fifth order's true sign is negative), and the quiet value over the standard error, and the trace count at which the median would stand three standard errors from zero, n (3 se / k_quiet)^2. The status is DIAGNOSTIC when frac_wrong_sign is below 0.35, which under a coin flip sits 13 standard deviations below one half at two thousand traces and 60 at forty thousand"
0.45,0.004,rtm3004,hires,4,true,5,2,-1.451795e-01,3.229e-04,0.998,40000,-1.451561e-01,0.002,449.608,1.781e+00,DIAGNOSTIC,"one rung of the ladder: the median windowed cumulant of this order over n_traces twin traces, its standard error as a median, the fraction of traces returning a negative value, the same estimator's value on a noiseless trace of this rung (k_quiet), the fraction of traces whose sign differs from k_quiet's (the fifth order's true sign is negative), and the quiet value over the standard error, and the trace count at which the median would stand three standard errors from zero, n (3 se / k_quiet)^2. The status is DIAGNOSTIC when frac_wrong_sign is below 0.35, which under a coin flip sits 13 standard deviations below one half at two thousand traces and 60 at forty thousand"
0.45,0.004,rtm3004,hires,4,true,7,0.364,4.148151e-02,1.287e-02,0.493,40000,3.705954e-02,0.493,2.879,4.344e+04,NULL,"one rung of the ladder: the median windowed cumulant of this order over n_traces twin traces, its standard error as a median, the fraction of traces returning a negative value, the same estimator's value on a noiseless trace of this rung (k_quiet), the fraction of traces whose sign differs from k_quiet's (the fifth order's true sign is negative), and the quiet value over the standard error, and the trace count at which the median would stand three standard errors from zero, n (3 se / k_quiet)^2. The status is DIAGNOSTIC when frac_wrong_sign is below 0.35, which under a coin flip sits 13 standard deviations below one half at two thousand traces and 60 at forty thousand"
0.45,0.004,rtm3004,hires,4,true,7,0.5,1.001509e-01,1.279e-02,0.481,40000,9.706171e-02,0.481,7.589,6.251e+03,NULL,"one rung of the ladder: the median windowed cumulant of this order over n_traces twin traces, its standard error as a median, the fraction of traces returning a negative value, the same estimator's value on a noiseless trace of this rung (k_quiet), the fraction of traces whose sign differs from k_quiet's (the fifth order's true sign is negative), and the quiet value over the standard error, and the trace count at which the median would stand three standard errors from zero, n (3 se / k_quiet)^2. The status is DIAGNOSTIC when frac_wrong_sign is below 0.35, which under a coin flip sits 13 standard deviations below one half at two thousand traces and 60 at forty thousand"
0.45,0.004,rtm3004,hires,4,true,7,0.73,3.185337e-01,1.290e-02,0.440,40000,3.000837e-01,0.440,23.254,6.658e+02,NULL,"one rung of the ladder: the median windowed cumulant of this order over n_traces twin traces, its standard error as a median, the fraction of traces returning a negative value, the same estimator's value on a noiseless trace of this rung (k_quiet), the fraction of traces whose sign differs from k_quiet's (the fifth order's true sign is negative), and the quiet value over the standard error, and the trace count at which the median would stand three standard errors from zero, n (3 se / k_quiet)^2. The status is DIAGNOSTIC when frac_wrong_sign is below 0.35, which under a coin flip sits 13 standard deviations below one half at two thousand traces and 60 at forty thousand"
0.45,0.004,rtm3004,hires,4,true,7,1,7.596366e-01,1.297e-02,0.357,40000,7.818198e-01,0.357,60.279,9.908e+01,NULL,"one rung of the ladder: the median windowed cumulant of this order over n_traces twin traces, its standard error as a median, the fraction of traces returning a negative value, the same estimator's value on a noiseless trace of this rung (k_quiet), the fraction of traces whose sign differs from k_quiet's (the fifth order's true sign is negative), and the quiet value over the standard error, and the trace count at which the median would stand three standard errors from zero, n (3 se / k_quiet)^2. The status is DIAGNOSTIC when frac_wrong_sign is below 0.35, which under a coin flip sits 13 standard deviations below one half at two thousand traces and 60 at forty thousand"
0.45,0.004,rtm3004,hires,4,true,7,2,6.138537e+00,1.341e-02,0.002,40000,6.138786e+00,0.002,457.739,1.718e+00,DIAGNOSTIC,"one rung of the ladder: the median windowed cumulant of this order over n_traces twin traces, its standard error as a median, the fraction of traces returning a negative value, the same estimator's value on a noiseless trace of this rung (k_quiet), the fraction of traces whose sign differs from k_quiet's (the fifth order's true sign is negative), and the quiet value over the standard error, and the trace count at which the median would stand three standard errors from zero, n (3 se / k_quiet)^2. The status is DIAGNOSTIC when frac_wrong_sign is below 0.35, which under a coin flip sits 13 standard deviations below one half at two thousand traces and 60 at forty thousand"
0.45,0.004,rtm3004,hires,6,true,3,0.364,1.110169e-04,4.297e-05,0.493,40000,1.041047e-04,0.493,2.423,6.132e+04,NULL,"one rung of the ladder: the median windowed cumulant of this order over n_traces twin traces, its standard error as a median, the fraction of traces returning a negative value, the same estimator's value on a noiseless trace of this rung (k_quiet), the fraction of traces whose sign differs from k_quiet's (the fifth order's true sign is negative), and the quiet value over the standard error, and the trace count at which the median would stand three standard errors from zero, n (3 se / k_quiet)^2. The status is DIAGNOSTIC when frac_wrong_sign is below 0.35, which under a coin flip sits 13 standard deviations below one half at two thousand traces and 60 at forty thousand"
0.45,0.004,rtm3004,hires,6,true,3,0.5,2.599378e-04,4.289e-05,0.485,40000,2.731985e-04,0.485,6.370,8.873e+03,NULL,"one rung of the ladder: the median windowed cumulant of this order over n_traces twin traces, its standard error as a median, the fraction of traces returning a negative value, the same estimator's value on a noiseless trace of this rung (k_quiet), the fraction of traces whose sign differs from k_quiet's (the fifth order's true sign is negative), and the quiet value over the standard error, and the trace count at which the median would stand three standard errors from zero, n (3 se / k_quiet)^2. The status is DIAGNOSTIC when frac_wrong_sign is below 0.35, which under a coin flip sits 13 standard deviations below one half at two thousand traces and 60 at forty thousand"
0.45,0.004,rtm3004,hires,6,true,3,0.73,8.237551e-04,4.282e-05,0.454,40000,8.395905e-04,0.454,19.605,9.366e+02,NULL,"one rung of the ladder: the median windowed cumulant of this order over n_traces twin traces, its standard error as a median, the fraction of traces returning a negative value, the same estimator's value on a noiseless trace of this rung (k_quiet), the fraction of traces whose sign differs from k_quiet's (the fifth order's true sign is negative), and the quiet value over the standard error, and the trace count at which the median would stand three standard errors from zero, n (3 se / k_quiet)^2. The status is DIAGNOSTIC when frac_wrong_sign is below 0.35, which under a coin flip sits 13 standard deviations below one half at two thousand traces and 60 at forty thousand"
0.45,0.004,rtm3004,hires,6,true,3,1,2.278124e-03,4.249e-05,0.372,40000,2.182655e-03,0.372,51.366,1.364e+02,NULL,"one rung of the ladder: the median windowed cumulant of this order over n_traces twin traces, its standard error as a median, the fraction of traces returning a negative value, the same estimator's value on a noiseless trace of this rung (k_quiet), the fraction of traces whose sign differs from k_quiet's (the fifth order's true sign is negative), and the quiet value over the standard error, and the trace count at which the median would stand three standard errors from zero, n (3 se / k_quiet)^2. The status is DIAGNOSTIC when frac_wrong_sign is below 0.35, which under a coin flip sits 13 standard deviations below one half at two thousand traces and 60 at forty thousand"
0.45,0.004,rtm3004,hires,6,true,3,2,1.722250e-02,4.244e-05,0.006,40000,1.723379e-02,0.006,406.067,2.183e+00,DIAGNOSTIC,"one rung of the ladder: the median windowed cumulant of this order over n_traces twin traces, its standard error as a median, the fraction of traces returning a negative value, the same estimator's value on a noiseless trace of this rung (k_quiet), the fraction of traces whose sign differs from k_quiet's (the fifth order's true sign is negative), and the quiet value over the standard error, and the trace count at which the median would stand three standard errors from zero, n (3 se / k_quiet)^2. The status is DIAGNOSTIC when frac_wrong_sign is below 0.35, which under a coin flip sits 13 standard deviations below one half at two thousand traces and 60 at forty thousand"
0.45,0.004,rtm3004,hires,6,true,5,0.364,-4.386396e-03,1.414e-03,0.507,40000,-4.178989e-03,0.493,2.956,4.119e+04,NULL,"one rung of the ladder: the median windowed cumulant of this order over n_traces twin traces, its standard error as a median, the fraction of traces returning a negative value, the same estimator's value on a noiseless trace of this rung (k_quiet), the fraction of traces whose sign differs from k_quiet's (the fifth order's true sign is negative), and the quiet value over the standard error, and the trace count at which the median would stand three standard errors from zero, n (3 se / k_quiet)^2. The status is DIAGNOSTIC when frac_wrong_sign is below 0.35, which under a coin flip sits 13 standard deviations below one half at two thousand traces and 60 at forty thousand"
0.45,0.004,rtm3004,hires,6,true,5,0.5,-1.049295e-02,1.409e-03,0.518,40000,-1.090527e-02,0.482,7.740,6.009e+03,NULL,"one rung of the ladder: the median windowed cumulant of this order over n_traces twin traces, its standard error as a median, the fraction of traces returning a negative value, the same estimator's value on a noiseless trace of this rung (k_quiet), the fraction of traces whose sign differs from k_quiet's (the fifth order's true sign is negative), and the quiet value over the standard error, and the trace count at which the median would stand three standard errors from zero, n (3 se / k_quiet)^2. The status is DIAGNOSTIC when frac_wrong_sign is below 0.35, which under a coin flip sits 13 standard deviations below one half at two thousand traces and 60 at forty thousand"
0.45,0.004,rtm3004,hires,6,true,5,0.73,-3.198788e-02,1.405e-03,0.557,40000,-3.370852e-02,0.443,23.989,6.256e+02,NULL,"one rung of the ladder: the median windowed cumulant of this order over n_traces twin traces, its standard error as a median, the fraction of traces returning a negative value, the same estimator's value on a noiseless trace of this rung (k_quiet), the fraction of traces whose sign differs from k_quiet's (the fifth order's true sign is negative), and the quiet value over the standard error, and the trace count at which the median would stand three standard errors from zero, n (3 se / k_quiet)^2. The status is DIAGNOSTIC when frac_wrong_sign is below 0.35, which under a coin flip sits 13 standard deviations below one half at two thousand traces and 60 at forty thousand"
0.45,0.004,rtm3004,hires,6,true,5,1,-9.023989e-02,1.405e-03,0.653,40000,-8.767464e-02,0.347,62.421,9.239e+01,DIAGNOSTIC,"one rung of the ladder: the median windowed cumulant of this order over n_traces twin traces, its standard error as a median, the fraction of traces returning a negative value, the same estimator's value on a noiseless trace of this rung (k_quiet), the fraction of traces whose sign differs from k_quiet's (the fifth order's true sign is negative), and the quiet value over the standard error, and the trace count at which the median would stand three standard errors from zero, n (3 se / k_quiet)^2. The status is DIAGNOSTIC when frac_wrong_sign is below 0.35, which under a coin flip sits 13 standard deviations below one half at two thousand traces and 60 at forty thousand"
0.45,0.004,rtm3004,hires,6,true,5,2,-6.993215e-01,1.431e-03,0.999,40000,-6.996302e-01,0.001,489.048,1.505e+00,DIAGNOSTIC,"one rung of the ladder: the median windowed cumulant of this order over n_traces twin traces, its standard error as a median, the fraction of traces returning a negative value, the same estimator's value on a noiseless trace of this rung (k_quiet), the fraction of traces whose sign differs from k_quiet's (the fifth order's true sign is negative), and the quiet value over the standard error, and the trace count at which the median would stand three standard errors from zero, n (3 se / k_quiet)^2. The status is DIAGNOSTIC when frac_wrong_sign is below 0.35, which under a coin flip sits 13 standard deviations below one half at two thousand traces and 60 at forty thousand"
0.45,0.004,rtm3004,hires,6,true,7,0.364,2.270138e-01,7.534e-02,0.491,40000,2.456881e-01,0.491,3.261,3.385e+04,NULL,"one rung of the ladder: the median windowed cumulant of this order over n_traces twin traces, its standard error as a median, the fraction of traces returning a negative value, the same estimator's value on a noiseless trace of this rung (k_quiet), the fraction of traces whose sign differs from k_quiet's (the fifth order's true sign is negative), and the quiet value over the standard error, and the trace count at which the median would stand three standard errors from zero, n (3 se / k_quiet)^2. The status is DIAGNOSTIC when frac_wrong_sign is below 0.35, which under a coin flip sits 13 standard deviations below one half at two thousand traces and 60 at forty thousand"
0.45,0.004,rtm3004,hires,6,true,7,0.5,6.413800e-01,7.508e-02,0.479,40000,6.401456e-01,0.479,8.527,4.952e+03,NULL,"one rung of the ladder: the median windowed cumulant of this order over n_traces twin traces, its standard error as a median, the fraction of traces returning a negative value, the same estimator's value on a noiseless trace of this rung (k_quiet), the fraction of traces whose sign differs from k_quiet's (the fifth order's true sign is negative), and the quiet value over the standard error, and the trace count at which the median would stand three standard errors from zero, n (3 se / k_quiet)^2. The status is DIAGNOSTIC when frac_wrong_sign is below 0.35, which under a coin flip sits 13 standard deviations below one half at two thousand traces and 60 at forty thousand"
0.45,0.004,rtm3004,hires,6,true,7,0.73,1.923261e+00,7.502e-02,0.436,40000,1.987770e+00,0.436,26.495,5.128e+02,NULL,"one rung of the ladder: the median windowed cumulant of this order over n_traces twin traces, its standard error as a median, the fraction of traces returning a negative value, the same estimator's value on a noiseless trace of this rung (k_quiet), the fraction of traces whose sign differs from k_quiet's (the fifth order's true sign is negative), and the quiet value over the standard error, and the trace count at which the median would stand three standard errors from zero, n (3 se / k_quiet)^2. The status is DIAGNOSTIC when frac_wrong_sign is below 0.35, which under a coin flip sits 13 standard deviations below one half at two thousand traces and 60 at forty thousand"
0.45,0.004,rtm3004,hires,6,true,7,1,5.269934e+00,7.561e-02,0.332,40000,5.189493e+00,0.332,68.637,7.642e+01,DIAGNOSTIC,"one rung of the ladder: the median windowed cumulant of this order over n_traces twin traces, its standard error as a median, the fraction of traces returning a negative value, the same estimator's value on a noiseless trace of this rung (k_quiet), the fraction of traces whose sign differs from k_quiet's (the fifth order's true sign is negative), and the quiet value over the standard error, and the trace count at which the median would stand three standard errors from zero, n (3 se / k_quiet)^2. The status is DIAGNOSTIC when frac_wrong_sign is below 0.35, which under a coin flip sits 13 standard deviations below one half at two thousand traces and 60 at forty thousand"
0.45,0.004,rtm3004,hires,6,true,7,2,4.240578e+01,7.945e-02,0.001,40000,4.243819e+01,0.001,534.165,1.262e+00,DIAGNOSTIC,"one rung of the ladder: the median windowed cumulant of this order over n_traces twin traces, its standard error as a median, the fraction of traces returning a negative value, the same estimator's value on a noiseless trace of this rung (k_quiet), the fraction of traces whose sign differs from k_quiet's (the fifth order's true sign is negative), and the quiet value over the standard error, and the trace count at which the median would stand three standard errors from zero, n (3 se / k_quiet)^2. The status is DIAGNOSTIC when frac_wrong_sign is below 0.35, which under a coin flip sits 13 standard deviations below one half at two thousand traces and 60 at forty thousand"
0.45,0.004,rtm3004,hires,8,true,3,0.364,-2.433435e-06,9.486e-05,0.500,40000,1.617677e-04,0.500,1.705,1.238e+05,NULL,"one rung of the ladder: the median windowed cumulant of this order over n_traces twin traces, its standard error as a median, the fraction of traces returning a negative value, the same estimator's value on a noiseless trace of this rung (k_quiet), the fraction of traces whose sign differs from k_quiet's (the fifth order's true sign is negative), and the quiet value over the standard error, and the trace count at which the median would stand three standard errors from zero, n (3 se / k_quiet)^2. The status is DIAGNOSTIC when frac_wrong_sign is below 0.35, which under a coin flip sits 13 standard deviations below one half at two thousand traces and 60 at forty thousand"
0.45,0.004,rtm3004,hires,8,true,3,0.5,4.459142e-04,9.573e-05,0.488,40000,4.183531e-04,0.488,4.370,1.885e+04,NULL,"one rung of the ladder: the median windowed cumulant of this order over n_traces twin traces, its standard error as a median, the fraction of traces returning a negative value, the same estimator's value on a noiseless trace of this rung (k_quiet), the fraction of traces whose sign differs from k_quiet's (the fifth order's true sign is negative), and the quiet value over the standard error, and the trace count at which the median would stand three standard errors from zero, n (3 se / k_quiet)^2. The status is DIAGNOSTIC when frac_wrong_sign is below 0.35, which under a coin flip sits 13 standard deviations below one half at two thousand traces and 60 at forty thousand"
0.45,0.004,rtm3004,hires,8,true,3,0.73,1.224420e-03,9.509e-05,0.469,40000,1.302344e-03,0.469,13.695,1.919e+03,NULL,"one rung of the ladder: the median windowed cumulant of this order over n_traces twin traces, its standard error as a median, the fraction of traces returning a negative value, the same estimator's value on a noiseless trace of this rung (k_quiet), the fraction of traces whose sign differs from k_quiet's (the fifth order's true sign is negative), and the quiet value over the standard error, and the trace count at which the median would stand three standard errors from zero, n (3 se / k_quiet)^2. The status is DIAGNOSTIC when frac_wrong_sign is below 0.35, which under a coin flip sits 13 standard deviations below one half at two thousand traces and 60 at forty thousand"
0.45,0.004,rtm3004,hires,8,true,3,1,3.338579e-03,9.511e-05,0.411,40000,3.375464e-03,0.411,35.490,2.858e+02,NULL,"one rung of the ladder: the median windowed cumulant of this order over n_traces twin traces, its standard error as a median, the fraction of traces returning a negative value, the same estimator's value on a noiseless trace of this rung (k_quiet), the fraction of traces whose sign differs from k_quiet's (the fifth order's true sign is negative), and the quiet value over the standard error, and the trace count at which the median would stand three standard errors from zero, n (3 se / k_quiet)^2. The status is DIAGNOSTIC when frac_wrong_sign is below 0.35, which under a coin flip sits 13 standard deviations below one half at two thousand traces and 60 at forty thousand"
0.45,0.004,rtm3004,hires,8,true,3,2,2.667857e-02,9.434e-05,0.037,40000,2.685552e-02,0.037,284.653,4.443e+00,DIAGNOSTIC,"one rung of the ladder: the median windowed cumulant of this order over n_traces twin traces, its standard error as a median, the fraction of traces returning a negative value, the same estimator's value on a noiseless trace of this rung (k_quiet), the fraction of traces whose sign differs from k_quiet's (the fifth order's true sign is negative), and the quiet value over the standard error, and the trace count at which the median would stand three standard errors from zero, n (3 se / k_quiet)^2. The status is DIAGNOSTIC when frac_wrong_sign is below 0.35, which under a coin flip sits 13 standard deviations below one half at two thousand traces and 60 at forty thousand"
0.45,0.004,rtm3004,hires,8,true,5,0.364,-5.881959e-03,3.637e-03,0.504,40000,-9.072158e-03,0.496,2.494,5.786e+04,NULL,"one rung of the ladder: the median windowed cumulant of this order over n_traces twin traces, its standard error as a median, the fraction of traces returning a negative value, the same estimator's value on a noiseless trace of this rung (k_quiet), the fraction of traces whose sign differs from k_quiet's (the fifth order's true sign is negative), and the quiet value over the standard error, and the trace count at which the median would stand three standard errors from zero, n (3 se / k_quiet)^2. The status is DIAGNOSTIC when frac_wrong_sign is below 0.35, which under a coin flip sits 13 standard deviations below one half at two thousand traces and 60 at forty thousand"
0.45,0.004,rtm3004,hires,8,true,5,0.5,-2.437091e-02,3.663e-03,0.516,40000,-2.333258e-02,0.484,6.370,8.873e+03,NULL,"one rung of the ladder: the median windowed cumulant of this order over n_traces twin traces, its standard error as a median, the fraction of traces returning a negative value, the same estimator's value on a noiseless trace of this rung (k_quiet), the fraction of traces whose sign differs from k_quiet's (the fifth order's true sign is negative), and the quiet value over the standard error, and the trace count at which the median would stand three standard errors from zero, n (3 se / k_quiet)^2. The status is DIAGNOSTIC when frac_wrong_sign is below 0.35, which under a coin flip sits 13 standard deviations below one half at two thousand traces and 60 at forty thousand"
0.45,0.004,rtm3004,hires,8,true,5,0.73,-6.947556e-02,3.654e-03,0.547,40000,-7.281130e-02,0.453,19.928,9.065e+02,NULL,"one rung of the ladder: the median windowed cumulant of this order over n_traces twin traces, its standard error as a median, the fraction of traces returning a negative value, the same estimator's value on a noiseless trace of this rung (k_quiet), the fraction of traces whose sign differs from k_quiet's (the fifth order's true sign is negative), and the quiet value over the standard error, and the trace count at which the median would stand three standard errors from zero, n (3 se / k_quiet)^2. The status is DIAGNOSTIC when frac_wrong_sign is below 0.35, which under a coin flip sits 13 standard deviations below one half at two thousand traces and 60 at forty thousand"
0.45,0.004,rtm3004,hires,8,true,5,1,-1.908674e-01,3.664e-03,0.627,40000,-1.890694e-01,0.373,51.607,1.352e+02,NULL,"one rung of the ladder: the median windowed cumulant of this order over n_traces twin traces, its standard error as a median, the fraction of traces returning a negative value, the same estimator's value on a noiseless trace of this rung (k_quiet), the fraction of traces whose sign differs from k_quiet's (the fifth order's true sign is negative), and the quiet value over the standard error, and the trace count at which the median would stand three standard errors from zero, n (3 se / k_quiet)^2. The status is DIAGNOSTIC when frac_wrong_sign is below 0.35, which under a coin flip sits 13 standard deviations below one half at two thousand traces and 60 at forty thousand"
0.45,0.004,rtm3004,hires,8,true,5,2,-1.514797e+00,3.705e-03,0.995,40000,-1.519192e+00,0.005,410.057,2.141e+00,DIAGNOSTIC,"one rung of the ladder: the median windowed cumulant of this order over n_traces twin traces, its standard error as a median, the fraction of traces returning a negative value, the same estimator's value on a noiseless trace of this rung (k_quiet), the fraction of traces whose sign differs from k_quiet's (the fifth order's true sign is negative), and the quiet value over the standard error, and the trace count at which the median would stand three standard errors from zero, n (3 se / k_quiet)^2. The status is DIAGNOSTIC when frac_wrong_sign is below 0.35, which under a coin flip sits 13 standard deviations below one half at two thousand traces and 60 at forty thousand"
0.45,0.004,rtm3004,hires,8,true,7,0.364,2.182291e-01,1.774e-01,0.496,40000,5.622192e-01,0.496,3.170,3.583e+04,NULL,"one rung of the ladder: the median windowed cumulant of this order over n_traces twin traces, its standard error as a median, the fraction of traces returning a negative value, the same estimator's value on a noiseless trace of this rung (k_quiet), the fraction of traces whose sign differs from k_quiet's (the fifth order's true sign is negative), and the quiet value over the standard error, and the trace count at which the median would stand three standard errors from zero, n (3 se / k_quiet)^2. The status is DIAGNOSTIC when frac_wrong_sign is below 0.35, which under a coin flip sits 13 standard deviations below one half at two thousand traces and 60 at forty thousand"
0.45,0.004,rtm3004,hires,8,true,7,0.5,1.729809e+00,1.779e-01,0.476,40000,1.440985e+00,0.476,8.100,5.487e+03,NULL,"one rung of the ladder: the median windowed cumulant of this order over n_traces twin traces, its standard error as a median, the fraction of traces returning a negative value, the same estimator's value on a noiseless trace of this rung (k_quiet), the fraction of traces whose sign differs from k_quiet's (the fifth order's true sign is negative), and the quiet value over the standard error, and the trace count at which the median would stand three standard errors from zero, n (3 se / k_quiet)^2. The status is DIAGNOSTIC when frac_wrong_sign is below 0.35, which under a coin flip sits 13 standard deviations below one half at two thousand traces and 60 at forty thousand"
0.45,0.004,rtm3004,hires,8,true,7,0.73,4.452675e+00,1.788e-01,0.439,40000,4.517207e+00,0.439,25.268,5.639e+02,NULL,"one rung of the ladder: the median windowed cumulant of this order over n_traces twin traces, its standard error as a median, the fraction of traces returning a negative value, the same estimator's value on a noiseless trace of this rung (k_quiet), the fraction of traces whose sign differs from k_quiet's (the fifth order's true sign is negative), and the quiet value over the standard error, and the trace count at which the median would stand three standard errors from zero, n (3 se / k_quiet)^2. The status is DIAGNOSTIC when frac_wrong_sign is below 0.35, which under a coin flip sits 13 standard deviations below one half at two thousand traces and 60 at forty thousand"
0.45,0.004,rtm3004,hires,8,true,7,1,1.176798e+01,1.801e-01,0.341,40000,1.179507e+01,0.341,65.506,8.390e+01,DIAGNOSTIC,"one rung of the ladder: the median windowed cumulant of this order over n_traces twin traces, its standard error as a median, the fraction of traces returning a negative value, the same estimator's value on a noiseless trace of this rung (k_quiet), the fraction of traces whose sign differs from k_quiet's (the fifth order's true sign is negative), and the quiet value over the standard error, and the trace count at which the median would stand three standard errors from zero, n (3 se / k_quiet)^2. The status is DIAGNOSTIC when frac_wrong_sign is below 0.35, which under a coin flip sits 13 standard deviations below one half at two thousand traces and 60 at forty thousand"
0.45,0.004,rtm3004,hires,8,true,7,2,9.783487e+01,1.892e-01,0.001,40000,9.796152e+01,0.001,517.834,1.343e+00,DIAGNOSTIC,"one rung of the ladder: the median windowed cumulant of this order over n_traces twin traces, its standard error as a median, the fraction of traces returning a negative value, the same estimator's value on a noiseless trace of this rung (k_quiet), the fraction of traces whose sign differs from k_quiet's (the fifth order's true sign is negative), and the quiet value over the standard error, and the trace count at which the median would stand three standard errors from zero, n (3 se / k_quiet)^2. The status is DIAGNOSTIC when frac_wrong_sign is below 0.35, which under a coin flip sits 13 standard deviations below one half at two thousand traces and 60 at forty thousand"
0.45,0.004,rtm3004,hires,12,true,3,0.364,5.634757e-04,3.050e-04,0.495,40000,2.258123e-04,0.495,0.740,6.567e+05,NULL,"one rung of the ladder: the median windowed cumulant of this order over n_traces twin traces, its standard error as a median, the fraction of traces returning a negative value, the same estimator's value on a noiseless trace of this rung (k_quiet), the fraction of traces whose sign differs from k_quiet's (the fifth order's true sign is negative), and the quiet value over the standard error, and the trace count at which the median would stand three standard errors from zero, n (3 se / k_quiet)^2. The status is DIAGNOSTIC when frac_wrong_sign is below 0.35, which under a coin flip sits 13 standard deviations below one half at two thousand traces and 60 at forty thousand"
0.45,0.004,rtm3004,hires,12,true,3,0.5,2.511420e-04,3.047e-04,0.498,40000,5.870198e-04,0.498,1.926,9.702e+04,NULL,"one rung of the ladder: the median windowed cumulant of this order over n_traces twin traces, its standard error as a median, the fraction of traces returning a negative value, the same estimator's value on a noiseless trace of this rung (k_quiet), the fraction of traces whose sign differs from k_quiet's (the fifth order's true sign is negative), and the quiet value over the standard error, and the trace count at which the median would stand three standard errors from zero, n (3 se / k_quiet)^2. The status is DIAGNOSTIC when frac_wrong_sign is below 0.35, which under a coin flip sits 13 standard deviations below one half at two thousand traces and 60 at forty thousand"
0.45,0.004,rtm3004,hires,12,true,3,0.73,2.056533e-03,3.021e-04,0.483,40000,1.819143e-03,0.483,6.022,9.928e+03,NULL,"one rung of the ladder: the median windowed cumulant of this order over n_traces twin traces, its standard error as a median, the fraction of traces returning a negative value, the same estimator's value on a noiseless trace of this rung (k_quiet), the fraction of traces whose sign differs from k_quiet's (the fifth order's true sign is negative), and the quiet value over the standard error, and the trace count at which the median would stand three standard errors from zero, n (3 se / k_quiet)^2. The status is DIAGNOSTIC when frac_wrong_sign is below 0.35, which under a coin flip sits 13 standard deviations below one half at two thousand traces and 60 at forty thousand"
0.45,0.004,rtm3004,hires,12,true,3,1,4.319191e-03,3.011e-04,0.464,40000,4.755654e-03,0.464,15.797,1.443e+03,NULL,"one rung of the ladder: the median windowed cumulant of this order over n_traces twin traces, its standard error as a median, the fraction of traces returning a negative value, the same estimator's value on a noiseless trace of this rung (k_quiet), the fraction of traces whose sign differs from k_quiet's (the fifth order's true sign is negative), and the quiet value over the standard error, and the trace count at which the median would stand three standard errors from zero, n (3 se / k_quiet)^2. The status is DIAGNOSTIC when frac_wrong_sign is below 0.35, which under a coin flip sits 13 standard deviations below one half at two thousand traces and 60 at forty thousand"
0.45,0.004,rtm3004,hires,12,true,3,2,3.790505e-02,2.989e-04,0.214,40000,3.792812e-02,0.214,126.900,2.236e+01,DIAGNOSTIC,"one rung of the ladder: the median windowed cumulant of this order over n_traces twin traces, its standard error as a median, the fraction of traces returning a negative value, the same estimator's value on a noiseless trace of this rung (k_quiet), the fraction of traces whose sign differs from k_quiet's (the fifth order's true sign is negative), and the quiet value over the standard error, and the trace count at which the median would stand three standard errors from zero, n (3 se / k_quiet)^2. The status is DIAGNOSTIC when frac_wrong_sign is below 0.35, which under a coin flip sits 13 standard deviations below one half at two thousand traces and 60 at forty thousand"
0.45,0.004,rtm3004,hires,12,true,5,0.364,-1.914276e-02,1.183e-02,0.504,40000,-1.973806e-02,0.496,1.669,1.292e+05,NULL,"one rung of the ladder: the median windowed cumulant of this order over n_traces twin traces, its standard error as a median, the fraction of traces returning a negative value, the same estimator's value on a noiseless trace of this rung (k_quiet), the fraction of traces whose sign differs from k_quiet's (the fifth order's true sign is negative), and the quiet value over the standard error, and the trace count at which the median would stand three standard errors from zero, n (3 se / k_quiet)^2. The status is DIAGNOSTIC when frac_wrong_sign is below 0.35, which under a coin flip sits 13 standard deviations below one half at two thousand traces and 60 at forty thousand"
0.45,0.004,rtm3004,hires,12,true,5,0.5,-5.099414e-02,1.190e-02,0.511,40000,-5.126192e-02,0.489,4.307,1.940e+04,NULL,"one rung of the ladder: the median windowed cumulant of this order over n_traces twin traces, its standard error as a median, the fraction of traces returning a negative value, the same estimator's value on a noiseless trace of this rung (k_quiet), the fraction of traces whose sign differs from k_quiet's (the fifth order's true sign is negative), and the quiet value over the standard error, and the trace count at which the median would stand three standard errors from zero, n (3 se / k_quiet)^2. The status is DIAGNOSTIC when frac_wrong_sign is below 0.35, which under a coin flip sits 13 standard deviations below one half at two thousand traces and 60 at forty thousand"
0.45,0.004,rtm3004,hires,12,true,5,0.73,-1.579653e-01,1.186e-02,0.533,40000,-1.595407e-01,0.467,13.449,1.990e+03,NULL,"one rung of the ladder: the median windowed cumulant of this order over n_traces twin traces, its standard error as a median, the fraction of traces returning a negative value, the same estimator's value on a noiseless trace of this rung (k_quiet), the fraction of traces whose sign differs from k_quiet's (the fifth order's true sign is negative), and the quiet value over the standard error, and the trace count at which the median would stand three standard errors from zero, n (3 se / k_quiet)^2. The status is DIAGNOSTIC when frac_wrong_sign is below 0.35, which under a coin flip sits 13 standard deviations below one half at two thousand traces and 60 at forty thousand"
0.45,0.004,rtm3004,hires,12,true,5,1,-4.180395e-01,1.181e-02,0.587,40000,-4.163787e-01,0.413,35.242,2.899e+02,NULL,"one rung of the ladder: the median windowed cumulant of this order over n_traces twin traces, its standard error as a median, the fraction of traces returning a negative value, the same estimator's value on a noiseless trace of this rung (k_quiet), the fraction of traces whose sign differs from k_quiet's (the fifth order's true sign is negative), and the quiet value over the standard error, and the trace count at which the median would stand three standard errors from zero, n (3 se / k_quiet)^2. The status is DIAGNOSTIC when frac_wrong_sign is below 0.35, which under a coin flip sits 13 standard deviations below one half at two thousand traces and 60 at forty thousand"
0.45,0.004,rtm3004,hires,12,true,5,2,-3.337412e+00,1.192e-02,0.960,40000,-3.345825e+00,0.040,280.703,4.569e+00,DIAGNOSTIC,"one rung of the ladder: the median windowed cumulant of this order over n_traces twin traces, its standard error as a median, the fraction of traces returning a negative value, the same estimator's value on a noiseless trace of this rung (k_quiet), the fraction of traces whose sign differs from k_quiet's (the fifth order's true sign is negative), and the quiet value over the standard error, and the trace count at which the median would stand three standard errors from zero, n (3 se / k_quiet)^2. The status is DIAGNOSTIC when frac_wrong_sign is below 0.35, which under a coin flip sits 13 standard deviations below one half at two thousand traces and 60 at forty thousand"
0.45,0.004,rtm3004,hires,12,true,7,0.364,-5.560390e+00,2.658e+00,0.504,40000,4.878075e-01,0.504,0.184,1.069e+07,NULL,"one rung of the ladder: the median windowed cumulant of this order over n_traces twin traces, its standard error as a median, the fraction of traces returning a negative value, the same estimator's value on a noiseless trace of this rung (k_quiet), the fraction of traces whose sign differs from k_quiet's (the fifth order's true sign is negative), and the quiet value over the standard error, and the trace count at which the median would stand three standard errors from zero, n (3 se / k_quiet)^2. The status is DIAGNOSTIC when frac_wrong_sign is below 0.35, which under a coin flip sits 13 standard deviations below one half at two thousand traces and 60 at forty thousand"
0.45,0.004,rtm3004,hires,12,true,7,0.5,1.633841e+00,2.654e+00,0.498,40000,1.259765e+00,0.498,0.475,1.598e+06,NULL,"one rung of the ladder: the median windowed cumulant of this order over n_traces twin traces, its standard error as a median, the fraction of traces returning a negative value, the same estimator's value on a noiseless trace of this rung (k_quiet), the fraction of traces whose sign differs from k_quiet's (the fifth order's true sign is negative), and the quiet value over the standard error, and the trace count at which the median would stand three standard errors from zero, n (3 se / k_quiet)^2. The status is DIAGNOSTIC when frac_wrong_sign is below 0.35, which under a coin flip sits 13 standard deviations below one half at two thousand traces and 60 at forty thousand"
0.45,0.004,rtm3004,hires,12,true,7,0.73,5.009813e+00,2.635e+00,0.496,40000,4.033061e+00,0.496,1.531,1.536e+05,NULL,"one rung of the ladder: the median windowed cumulant of this order over n_traces twin traces, its standard error as a median, the fraction of traces returning a negative value, the same estimator's value on a noiseless trace of this rung (k_quiet), the fraction of traces whose sign differs from k_quiet's (the fifth order's true sign is negative), and the quiet value over the standard error, and the trace count at which the median would stand three standard errors from zero, n (3 se / k_quiet)^2. The status is DIAGNOSTIC when frac_wrong_sign is below 0.35, which under a coin flip sits 13 standard deviations below one half at two thousand traces and 60 at forty thousand"
0.45,0.004,rtm3004,hires,12,true,7,1,1.232997e+01,2.621e+00,0.489,40000,1.051219e+01,0.489,4.011,2.238e+04,NULL,"one rung of the ladder: the median windowed cumulant of this order over n_traces twin traces, its standard error as a median, the fraction of traces returning a negative value, the same estimator's value on a noiseless trace of this rung (k_quiet), the fraction of traces whose sign differs from k_quiet's (the fifth order's true sign is negative), and the quiet value over the standard error, and the trace count at which the median would stand three standard errors from zero, n (3 se / k_quiet)^2. The status is DIAGNOSTIC when frac_wrong_sign is below 0.35, which under a coin flip sits 13 standard deviations below one half at two thousand traces and 60 at forty thousand"
0.45,0.004,rtm3004,hires,12,true,7,2,9.663374e+01,2.544e+00,0.408,40000,9.517242e+01,0.408,37.406,2.573e+02,NULL,"one rung of the ladder: the median windowed cumulant of this order over n_traces twin traces, its standard error as a median, the fraction of traces returning a negative value, the same estimator's value on a noiseless trace of this rung (k_quiet), the fraction of traces whose sign differs from k_quiet's (the fifth order's true sign is negative), and the quiet value over the standard error, and the trace count at which the median would stand three standard errors from zero, n (3 se / k_quiet)^2. The status is DIAGNOSTIC when frac_wrong_sign is below 0.35, which under a coin flip sits 13 standard deviations below one half at two thousand traces and 60 at forty thousand"
0.45,0.004,rtm3004,hires,16,true,3,0.364,8.975176e-07,7.071e-04,0.500,40000,2.559109e-04,0.500,0.362,2.749e+06,NULL,"one rung of the ladder: the median windowed cumulant of this order over n_traces twin traces, its standard error as a median, the fraction of traces returning a negative value, the same estimator's value on a noiseless trace of this rung (k_quiet), the fraction of traces whose sign differs from k_quiet's (the fifth order's true sign is negative), and the quiet value over the standard error, and the trace count at which the median would stand three standard errors from zero, n (3 se / k_quiet)^2. The status is DIAGNOSTIC when frac_wrong_sign is below 0.35, which under a coin flip sits 13 standard deviations below one half at two thousand traces and 60 at forty thousand"
0.45,0.004,rtm3004,hires,16,true,3,0.5,8.612139e-04,6.987e-04,0.497,40000,6.739821e-04,0.497,0.965,3.869e+05,NULL,"one rung of the ladder: the median windowed cumulant of this order over n_traces twin traces, its standard error as a median, the fraction of traces returning a negative value, the same estimator's value on a noiseless trace of this rung (k_quiet), the fraction of traces whose sign differs from k_quiet's (the fifth order's true sign is negative), and the quiet value over the standard error, and the trace count at which the median would stand three standard errors from zero, n (3 se / k_quiet)^2. The status is DIAGNOSTIC when frac_wrong_sign is below 0.35, which under a coin flip sits 13 standard deviations below one half at two thousand traces and 60 at forty thousand"
0.45,0.004,rtm3004,hires,16,true,3,0.73,1.862703e-03,7.015e-04,0.493,40000,2.083298e-03,0.493,2.970,4.082e+04,NULL,"one rung of the ladder: the median windowed cumulant of this order over n_traces twin traces, its standard error as a median, the fraction of traces returning a negative value, the same estimator's value on a noiseless trace of this rung (k_quiet), the fraction of traces whose sign differs from k_quiet's (the fifth order's true sign is negative), and the quiet value over the standard error, and the trace count at which the median would stand three standard errors from zero, n (3 se / k_quiet)^2. The status is DIAGNOSTIC when frac_wrong_sign is below 0.35, which under a coin flip sits 13 standard deviations below one half at two thousand traces and 60 at forty thousand"
0.45,0.004,rtm3004,hires,16,true,3,1,5.021139e-03,7.014e-04,0.482,40000,5.457220e-03,0.482,7.781,5.946e+03,NULL,"one rung of the ladder: the median windowed cumulant of this order over n_traces twin traces, its standard error as a median, the fraction of traces returning a negative value, the same estimator's value on a noiseless trace of this rung (k_quiet), the fraction of traces whose sign differs from k_quiet's (the fifth order's true sign is negative), and the quiet value over the standard error, and the trace count at which the median would stand three standard errors from zero, n (3 se / k_quiet)^2. The status is DIAGNOSTIC when frac_wrong_sign is below 0.35, which under a coin flip sits 13 standard deviations below one half at two thousand traces and 60 at forty thousand"
0.45,0.004,rtm3004,hires,16,true,3,2,4.260834e-02,6.944e-04,0.350,40000,4.350980e-02,0.350,62.660,9.169e+01,NULL,"one rung of the ladder: the median windowed cumulant of this order over n_traces twin traces, its standard error as a median, the fraction of traces returning a negative value, the same estimator's value on a noiseless trace of this rung (k_quiet), the fraction of traces whose sign differs from k_quiet's (the fifth order's true sign is negative), and the quiet value over the standard error, and the trace count at which the median would stand three standard errors from zero, n (3 se / k_quiet)^2. The status is DIAGNOSTIC when frac_wrong_sign is below 0.35, which under a coin flip sits 13 standard deviations below one half at two thousand traces and 60 at forty thousand"
0.45,0.004,rtm3004,hires,16,true,5,0.364,2.852511e-03,3.883e-02,0.500,40000,-3.069021e-02,0.500,0.790,5.764e+05,NULL,"one rung of the ladder: the median windowed cumulant of this order over n_traces twin traces, its standard error as a median, the fraction of traces returning a negative value, the same estimator's value on a noiseless trace of this rung (k_quiet), the fraction of traces whose sign differs from k_quiet's (the fifth order's true sign is negative), and the quiet value over the standard error, and the trace count at which the median would stand three standard errors from zero, n (3 se / k_quiet)^2. The status is DIAGNOSTIC when frac_wrong_sign is below 0.35, which under a coin flip sits 13 standard deviations below one half at two thousand traces and 60 at forty thousand"
0.45,0.004,rtm3004,hires,16,true,5,0.5,-6.903760e-02,3.934e-02,0.504,40000,-7.910784e-02,0.496,2.011,8.901e+04,NULL,"one rung of the ladder: the median windowed cumulant of this order over n_traces twin traces, its standard error as a median, the fraction of traces returning a negative value, the same estimator's value on a noiseless trace of this rung (k_quiet), the fraction of traces whose sign differs from k_quiet's (the fifth order's true sign is negative), and the quiet value over the standard error, and the trace count at which the median would stand three standard errors from zero, n (3 se / k_quiet)^2. The status is DIAGNOSTIC when frac_wrong_sign is below 0.35, which under a coin flip sits 13 standard deviations below one half at two thousand traces and 60 at forty thousand"
0.45,0.004,rtm3004,hires,16,true,5,0.73,-2.356813e-01,3.906e-02,0.516,40000,-2.468217e-01,0.484,6.318,9.018e+03,NULL,"one rung of the ladder: the median windowed cumulant of this order over n_traces twin traces, its standard error as a median, the fraction of traces returning a negative value, the same estimator's value on a noiseless trace of this rung (k_quiet), the fraction of traces whose sign differs from k_quiet's (the fifth order's true sign is negative), and the quiet value over the standard error, and the trace count at which the median would stand three standard errors from zero, n (3 se / k_quiet)^2. The status is DIAGNOSTIC when frac_wrong_sign is below 0.35, which under a coin flip sits 13 standard deviations below one half at two thousand traces and 60 at forty thousand"
0.45,0.004,rtm3004,hires,16,true,5,1,-6.004271e-01,3.891e-02,0.538,40000,-6.443420e-01,0.462,16.561,1.313e+03,NULL,"one rung of the ladder: the median windowed cumulant of this order over n_traces twin traces, its standard error as a median, the fraction of traces returning a negative value, the same estimator's value on a noiseless trace of this rung (k_quiet), the fraction of traces whose sign differs from k_quiet's (the fifth order's true sign is negative), and the quiet value over the standard error, and the trace count at which the median would stand three standard errors from zero, n (3 se / k_quiet)^2. The status is DIAGNOSTIC when frac_wrong_sign is below 0.35, which under a coin flip sits 13 standard deviations below one half at two thousand traces and 60 at forty thousand"
0.45,0.004,rtm3004,hires,16,true,5,2,-5.195224e+00,3.841e-02,0.802,40000,-5.169653e+00,0.198,134.584,1.988e+01,DIAGNOSTIC,"one rung of the ladder: the median windowed cumulant of this order over n_traces twin traces, its standard error as a median, the fraction of traces returning a negative value, the same estimator's value on a noiseless trace of this rung (k_quiet), the fraction of traces whose sign differs from k_quiet's (the fifth order's true sign is negative), and the quiet value over the standard error, and the trace count at which the median would stand three standard errors from zero, n (3 se / k_quiet)^2. The status is DIAGNOSTIC when frac_wrong_sign is below 0.35, which under a coin flip sits 13 standard deviations below one half at two thousand traces and 60 at forty thousand"
0.45,0.004,rtm3004,hires,16,true,7,0.364,4.146939e+00,2.140e+01,0.500,40000,-1.995429e+00,0.500,0.093,4.141e+07,NULL,"one rung of the ladder: the median windowed cumulant of this order over n_traces twin traces, its standard error as a median, the fraction of traces returning a negative value, the same estimator's value on a noiseless trace of this rung (k_quiet), the fraction of traces whose sign differs from k_quiet's (the fifth order's true sign is negative), and the quiet value over the standard error, and the trace count at which the median would stand three standard errors from zero, n (3 se / k_quiet)^2. The status is DIAGNOSTIC when frac_wrong_sign is below 0.35, which under a coin flip sits 13 standard deviations below one half at two thousand traces and 60 at forty thousand"
0.45,0.004,rtm3004,hires,16,true,7,0.5,-1.458927e+01,2.119e+01,0.502,40000,-5.574109e+00,0.498,0.263,5.204e+06,NULL,"one rung of the ladder: the median windowed cumulant of this order over n_traces twin traces, its standard error as a median, the fraction of traces returning a negative value, the same estimator's value on a noiseless trace of this rung (k_quiet), the fraction of traces whose sign differs from k_quiet's (the fifth order's true sign is negative), and the quiet value over the standard error, and the trace count at which the median would stand three standard errors from zero, n (3 se / k_quiet)^2. The status is DIAGNOSTIC when frac_wrong_sign is below 0.35, which under a coin flip sits 13 standard deviations below one half at two thousand traces and 60 at forty thousand"
0.45,0.004,rtm3004,hires,16,true,7,0.73,-1.411365e+01,2.126e+01,0.502,40000,-1.677132e+01,0.498,0.789,5.787e+05,NULL,"one rung of the ladder: the median windowed cumulant of this order over n_traces twin traces, its standard error as a median, the fraction of traces returning a negative value, the same estimator's value on a noiseless trace of this rung (k_quiet), the fraction of traces whose sign differs from k_quiet's (the fifth order's true sign is negative), and the quiet value over the standard error, and the trace count at which the median would stand three standard errors from zero, n (3 se / k_quiet)^2. The status is DIAGNOSTIC when frac_wrong_sign is below 0.35, which under a coin flip sits 13 standard deviations below one half at two thousand traces and 60 at forty thousand"
0.45,0.004,rtm3004,hires,16,true,7,1,-4.482105e+01,2.123e+01,0.505,40000,-4.416802e+01,0.495,2.081,8.316e+04,NULL,"one rung of the ladder: the median windowed cumulant of this order over n_traces twin traces, its standard error as a median, the fraction of traces returning a negative value, the same estimator's value on a noiseless trace of this rung (k_quiet), the fraction of traces whose sign differs from k_quiet's (the fifth order's true sign is negative), and the quiet value over the standard error, and the trace count at which the median would stand three standard errors from zero, n (3 se / k_quiet)^2. The status is DIAGNOSTIC when frac_wrong_sign is below 0.35, which under a coin flip sits 13 standard deviations below one half at two thousand traces and 60 at forty thousand"
0.45,0.004,rtm3004,hires,16,true,7,2,-2.999401e+02,2.088e+01,0.536,40000,-3.331215e+02,0.464,15.957,1.414e+03,NULL,"one rung of the ladder: the median windowed cumulant of this order over n_traces twin traces, its standard error as a median, the fraction of traces returning a negative value, the same estimator's value on a noiseless trace of this rung (k_quiet), the fraction of traces whose sign differs from k_quiet's (the fifth order's true sign is negative), and the quiet value over the standard error, and the trace count at which the median would stand three standard errors from zero, n (3 se / k_quiet)^2. The status is DIAGNOSTIC when frac_wrong_sign is below 0.35, which under a coin flip sits 13 standard deviations below one half at two thousand traces and 60 at forty thousand"
