gamma_l_mhz,noise_level,scope,scope_mode,window_mhz,resolve_shift,order,s0_power,s0_power_err,rungs_used,min_snr_over_rungs,status,note
0,0.002,lecroy_ws3104z,raw,3.25,false,3,2.5113,0.8200,5,0.161,DIAGNOSTIC,"the fitted power of S0 carried by the windowed cumulant of this order at this configuration, from a log-log fit over the S0 ladder -- NaN means the estimator returned a non-finite or zero cumulant on some rung"
0,0.002,lecroy_ws3104z,raw,3.25,false,5,2.3075,0.7559,5,0.223,DIAGNOSTIC,"the fitted power of S0 carried by the windowed cumulant of this order at this configuration, from a log-log fit over the S0 ladder -- NaN means the estimator returned a non-finite or zero cumulant on some rung"
0,0.002,lecroy_ws3104z,raw,3.25,false,7,2.2338,0.6404,5,0.312,DIAGNOSTIC,"the fitted power of S0 carried by the windowed cumulant of this order at this configuration, from a log-log fit over the S0 ladder -- NaN means the estimator returned a non-finite or zero cumulant on some rung"
0,0.002,lecroy_ws3104z,raw,3.25,true,3,2.1870,0.7373,5,0.319,DIAGNOSTIC,"the fitted power of S0 carried by the windowed cumulant of this order at this configuration, from a log-log fit over the S0 ladder -- NaN means the estimator returned a non-finite or zero cumulant on some rung"
0,0.002,lecroy_ws3104z,raw,3.25,true,5,2.4597,1.4689,5,0.020,DIAGNOSTIC,"the fitted power of S0 carried by the windowed cumulant of this order at this configuration, from a log-log fit over the S0 ladder -- NaN means the estimator returned a non-finite or zero cumulant on some rung"
0,0.002,lecroy_ws3104z,raw,3.25,true,7,2.1353,1.1042,5,0.083,DIAGNOSTIC,"the fitted power of S0 carried by the windowed cumulant of this order at this configuration, from a log-log fit over the S0 ladder -- NaN means the estimator returned a non-finite or zero cumulant on some rung"
0,0.002,lecroy_ws3104z,raw,4,false,3,2.2819,0.4159,5,0.806,DIAGNOSTIC,"the fitted power of S0 carried by the windowed cumulant of this order at this configuration, from a log-log fit over the S0 ladder -- NaN means the estimator returned a non-finite or zero cumulant on some rung"
0,0.002,lecroy_ws3104z,raw,4,false,5,2.7736,0.0799,5,0.138,DIAGNOSTIC,"the fitted power of S0 carried by the windowed cumulant of this order at this configuration, from a log-log fit over the S0 ladder -- NaN means the estimator returned a non-finite or zero cumulant on some rung"
0,0.002,lecroy_ws3104z,raw,4,false,7,2.6448,0.1067,5,0.151,DIAGNOSTIC,"the fitted power of S0 carried by the windowed cumulant of this order at this configuration, from a log-log fit over the S0 ladder -- NaN means the estimator returned a non-finite or zero cumulant on some rung"
0,0.002,lecroy_ws3104z,raw,4,true,3,2.5891,0.9531,5,0.094,DIAGNOSTIC,"the fitted power of S0 carried by the windowed cumulant of this order at this configuration, from a log-log fit over the S0 ladder -- NaN means the estimator returned a non-finite or zero cumulant on some rung"
0,0.002,lecroy_ws3104z,raw,4,true,5,2.9909,0.1846,5,0.113,DIAGNOSTIC,"the fitted power of S0 carried by the windowed cumulant of this order at this configuration, from a log-log fit over the S0 ladder -- NaN means the estimator returned a non-finite or zero cumulant on some rung"
0,0.002,lecroy_ws3104z,raw,4,true,7,2.8432,0.2760,5,0.147,DIAGNOSTIC,"the fitted power of S0 carried by the windowed cumulant of this order at this configuration, from a log-log fit over the S0 ladder -- NaN means the estimator returned a non-finite or zero cumulant on some rung"
0,0.002,lecroy_ws3104z,raw,6,false,3,2.7587,0.6156,5,0.138,DIAGNOSTIC,"the fitted power of S0 carried by the windowed cumulant of this order at this configuration, from a log-log fit over the S0 ladder -- NaN means the estimator returned a non-finite or zero cumulant on some rung"
0,0.002,lecroy_ws3104z,raw,6,false,5,2.8724,0.3343,5,0.113,DIAGNOSTIC,"the fitted power of S0 carried by the windowed cumulant of this order at this configuration, from a log-log fit over the S0 ladder -- NaN means the estimator returned a non-finite or zero cumulant on some rung"
0,0.002,lecroy_ws3104z,raw,6,false,7,2.0949,0.2460,5,0.381,DIAGNOSTIC,"the fitted power of S0 carried by the windowed cumulant of this order at this configuration, from a log-log fit over the S0 ladder -- NaN means the estimator returned a non-finite or zero cumulant on some rung"
0,0.002,lecroy_ws3104z,raw,6,true,3,2.6531,0.1123,5,0.153,DIAGNOSTIC,"the fitted power of S0 carried by the windowed cumulant of this order at this configuration, from a log-log fit over the S0 ladder -- NaN means the estimator returned a non-finite or zero cumulant on some rung"
0,0.002,lecroy_ws3104z,raw,6,true,5,1.7697,0.5167,5,0.880,DIAGNOSTIC,"the fitted power of S0 carried by the windowed cumulant of this order at this configuration, from a log-log fit over the S0 ladder -- NaN means the estimator returned a non-finite or zero cumulant on some rung"
0,0.002,lecroy_ws3104z,raw,6,true,7,1.7215,0.4909,5,0.877,DIAGNOSTIC,"the fitted power of S0 carried by the windowed cumulant of this order at this configuration, from a log-log fit over the S0 ladder -- NaN means the estimator returned a non-finite or zero cumulant on some rung"
0,0.002,lecroy_ws3104z,raw,8,false,3,1.9102,0.2787,5,0.616,DIAGNOSTIC,"the fitted power of S0 carried by the windowed cumulant of this order at this configuration, from a log-log fit over the S0 ladder -- NaN means the estimator returned a non-finite or zero cumulant on some rung"
0,0.002,lecroy_ws3104z,raw,8,false,5,1.6822,0.2776,5,0.606,DIAGNOSTIC,"the fitted power of S0 carried by the windowed cumulant of this order at this configuration, from a log-log fit over the S0 ladder -- NaN means the estimator returned a non-finite or zero cumulant on some rung"
0,0.002,lecroy_ws3104z,raw,8,false,7,1.6039,0.5279,5,0.272,DIAGNOSTIC,"the fitted power of S0 carried by the windowed cumulant of this order at this configuration, from a log-log fit over the S0 ladder -- NaN means the estimator returned a non-finite or zero cumulant on some rung"
0,0.002,lecroy_ws3104z,raw,8,true,3,2.0612,0.2207,5,0.336,DIAGNOSTIC,"the fitted power of S0 carried by the windowed cumulant of this order at this configuration, from a log-log fit over the S0 ladder -- NaN means the estimator returned a non-finite or zero cumulant on some rung"
0,0.002,lecroy_ws3104z,raw,8,true,5,2.3956,0.2582,5,0.081,DIAGNOSTIC,"the fitted power of S0 carried by the windowed cumulant of this order at this configuration, from a log-log fit over the S0 ladder -- NaN means the estimator returned a non-finite or zero cumulant on some rung"
0,0.002,lecroy_ws3104z,raw,8,true,7,1.4128,0.4158,5,0.757,DIAGNOSTIC,"the fitted power of S0 carried by the windowed cumulant of this order at this configuration, from a log-log fit over the S0 ladder -- NaN means the estimator returned a non-finite or zero cumulant on some rung"
0,0.002,lecroy_ws3104z,raw,12,false,3,1.1555,0.3460,5,1.402,DIAGNOSTIC,"the fitted power of S0 carried by the windowed cumulant of this order at this configuration, from a log-log fit over the S0 ladder -- NaN means the estimator returned a non-finite or zero cumulant on some rung"
0,0.002,lecroy_ws3104z,raw,12,false,5,0.9940,0.3553,5,0.921,DIAGNOSTIC,"the fitted power of S0 carried by the windowed cumulant of this order at this configuration, from a log-log fit over the S0 ladder -- NaN means the estimator returned a non-finite or zero cumulant on some rung"
0,0.002,lecroy_ws3104z,raw,12,false,7,0.8992,0.3289,5,0.885,DIAGNOSTIC,"the fitted power of S0 carried by the windowed cumulant of this order at this configuration, from a log-log fit over the S0 ladder -- NaN means the estimator returned a non-finite or zero cumulant on some rung"
0,0.002,lecroy_ws3104z,raw,12,true,3,1.5350,0.4682,5,0.372,DIAGNOSTIC,"the fitted power of S0 carried by the windowed cumulant of this order at this configuration, from a log-log fit over the S0 ladder -- NaN means the estimator returned a non-finite or zero cumulant on some rung"
0,0.002,lecroy_ws3104z,raw,12,true,5,1.2558,0.4874,5,0.272,DIAGNOSTIC,"the fitted power of S0 carried by the windowed cumulant of this order at this configuration, from a log-log fit over the S0 ladder -- NaN means the estimator returned a non-finite or zero cumulant on some rung"
0,0.002,lecroy_ws3104z,raw,12,true,7,0.9926,0.6428,5,0.228,DIAGNOSTIC,"the fitted power of S0 carried by the windowed cumulant of this order at this configuration, from a log-log fit over the S0 ladder -- NaN means the estimator returned a non-finite or zero cumulant on some rung"
0,0.002,lecroy_ws3104z,raw,16,false,3,0.7414,0.3983,5,0.990,DIAGNOSTIC,"the fitted power of S0 carried by the windowed cumulant of this order at this configuration, from a log-log fit over the S0 ladder -- NaN means the estimator returned a non-finite or zero cumulant on some rung"
0,0.002,lecroy_ws3104z,raw,16,false,5,0.2931,0.2682,5,0.882,DIAGNOSTIC,"the fitted power of S0 carried by the windowed cumulant of this order at this configuration, from a log-log fit over the S0 ladder -- NaN means the estimator returned a non-finite or zero cumulant on some rung"
0,0.002,lecroy_ws3104z,raw,16,false,7,0.1001,0.0838,5,1.200,DIAGNOSTIC,"the fitted power of S0 carried by the windowed cumulant of this order at this configuration, from a log-log fit over the S0 ladder -- NaN means the estimator returned a non-finite or zero cumulant on some rung"
0,0.002,lecroy_ws3104z,raw,16,true,3,1.4680,0.3815,5,0.209,DIAGNOSTIC,"the fitted power of S0 carried by the windowed cumulant of this order at this configuration, from a log-log fit over the S0 ladder -- NaN means the estimator returned a non-finite or zero cumulant on some rung"
0,0.002,lecroy_ws3104z,raw,16,true,5,1.4046,0.5804,5,0.083,DIAGNOSTIC,"the fitted power of S0 carried by the windowed cumulant of this order at this configuration, from a log-log fit over the S0 ladder -- NaN means the estimator returned a non-finite or zero cumulant on some rung"
0,0.002,lecroy_ws3104z,raw,16,true,7,1.7588,0.9486,5,0.013,DIAGNOSTIC,"the fitted power of S0 carried by the windowed cumulant of this order at this configuration, from a log-log fit over the S0 ladder -- NaN means the estimator returned a non-finite or zero cumulant on some rung"
0,0.002,agilent_3054a,hires,3.25,false,3,2.7094,0.9144,5,0.124,DIAGNOSTIC,"the fitted power of S0 carried by the windowed cumulant of this order at this configuration, from a log-log fit over the S0 ladder -- NaN means the estimator returned a non-finite or zero cumulant on some rung"
0,0.002,agilent_3054a,hires,3.25,false,5,2.4901,0.4488,5,0.599,DIAGNOSTIC,"the fitted power of S0 carried by the windowed cumulant of this order at this configuration, from a log-log fit over the S0 ladder -- NaN means the estimator returned a non-finite or zero cumulant on some rung"
0,0.002,agilent_3054a,hires,3.25,false,7,2.3376,0.4917,5,0.577,DIAGNOSTIC,"the fitted power of S0 carried by the windowed cumulant of this order at this configuration, from a log-log fit over the S0 ladder -- NaN means the estimator returned a non-finite or zero cumulant on some rung"
0,0.002,agilent_3054a,hires,3.25,true,3,2.7094,0.0745,5,0.309,DIAGNOSTIC,"the fitted power of S0 carried by the windowed cumulant of this order at this configuration, from a log-log fit over the S0 ladder -- NaN means the estimator returned a non-finite or zero cumulant on some rung"
0,0.002,agilent_3054a,hires,3.25,true,5,2.3999,0.5001,5,0.604,DIAGNOSTIC,"the fitted power of S0 carried by the windowed cumulant of this order at this configuration, from a log-log fit over the S0 ladder -- NaN means the estimator returned a non-finite or zero cumulant on some rung"
0,0.002,agilent_3054a,hires,3.25,true,7,2.0906,0.3402,5,1.212,DIAGNOSTIC,"the fitted power of S0 carried by the windowed cumulant of this order at this configuration, from a log-log fit over the S0 ladder -- NaN means the estimator returned a non-finite or zero cumulant on some rung"
0,0.002,agilent_3054a,hires,4,false,3,2.3612,0.3701,5,1.076,DIAGNOSTIC,"the fitted power of S0 carried by the windowed cumulant of this order at this configuration, from a log-log fit over the S0 ladder -- NaN means the estimator returned a non-finite or zero cumulant on some rung"
0,0.002,agilent_3054a,hires,4,false,5,2.4600,0.3653,5,0.680,DIAGNOSTIC,"the fitted power of S0 carried by the windowed cumulant of this order at this configuration, from a log-log fit over the S0 ladder -- NaN means the estimator returned a non-finite or zero cumulant on some rung"
0,0.002,agilent_3054a,hires,4,false,7,2.3252,0.2829,5,0.604,DIAGNOSTIC,"the fitted power of S0 carried by the windowed cumulant of this order at this configuration, from a log-log fit over the S0 ladder -- NaN means the estimator returned a non-finite or zero cumulant on some rung"
0,0.002,agilent_3054a,hires,4,true,3,3.2102,0.0637,5,0.107,DIAGNOSTIC,"the fitted power of S0 carried by the windowed cumulant of this order at this configuration, from a log-log fit over the S0 ladder -- NaN means the estimator returned a non-finite or zero cumulant on some rung"
0,0.002,agilent_3054a,hires,4,true,5,2.9096,0.2893,5,0.249,DIAGNOSTIC,"the fitted power of S0 carried by the windowed cumulant of this order at this configuration, from a log-log fit over the S0 ladder -- NaN means the estimator returned a non-finite or zero cumulant on some rung"
0,0.002,agilent_3054a,hires,4,true,7,2.5375,0.8502,5,0.144,DIAGNOSTIC,"the fitted power of S0 carried by the windowed cumulant of this order at this configuration, from a log-log fit over the S0 ladder -- NaN means the estimator returned a non-finite or zero cumulant on some rung"
0,0.002,agilent_3054a,hires,6,false,3,2.0875,0.2647,5,1.217,DIAGNOSTIC,"the fitted power of S0 carried by the windowed cumulant of this order at this configuration, from a log-log fit over the S0 ladder -- NaN means the estimator returned a non-finite or zero cumulant on some rung"
0,0.002,agilent_3054a,hires,6,false,5,1.9805,0.2714,5,0.989,DIAGNOSTIC,"the fitted power of S0 carried by the windowed cumulant of this order at this configuration, from a log-log fit over the S0 ladder -- NaN means the estimator returned a non-finite or zero cumulant on some rung"
0,0.002,agilent_3054a,hires,6,false,7,1.8731,0.3149,5,0.879,DIAGNOSTIC,"the fitted power of S0 carried by the windowed cumulant of this order at this configuration, from a log-log fit over the S0 ladder -- NaN means the estimator returned a non-finite or zero cumulant on some rung"
0,0.002,agilent_3054a,hires,6,true,3,3.0829,0.2454,5,0.087,DIAGNOSTIC,"the fitted power of S0 carried by the windowed cumulant of this order at this configuration, from a log-log fit over the S0 ladder -- NaN means the estimator returned a non-finite or zero cumulant on some rung"
0,0.002,agilent_3054a,hires,6,true,5,2.1967,0.1661,5,0.623,DIAGNOSTIC,"the fitted power of S0 carried by the windowed cumulant of this order at this configuration, from a log-log fit over the S0 ladder -- NaN means the estimator returned a non-finite or zero cumulant on some rung"
0,0.002,agilent_3054a,hires,6,true,7,2.3433,0.1935,5,0.408,DIAGNOSTIC,"the fitted power of S0 carried by the windowed cumulant of this order at this configuration, from a log-log fit over the S0 ladder -- NaN means the estimator returned a non-finite or zero cumulant on some rung"
0,0.002,agilent_3054a,hires,8,false,3,2.2685,0.7361,5,0.253,DIAGNOSTIC,"the fitted power of S0 carried by the windowed cumulant of this order at this configuration, from a log-log fit over the S0 ladder -- NaN means the estimator returned a non-finite or zero cumulant on some rung"
0,0.002,agilent_3054a,hires,8,false,5,1.8647,0.4884,5,0.683,DIAGNOSTIC,"the fitted power of S0 carried by the windowed cumulant of this order at this configuration, from a log-log fit over the S0 ladder -- NaN means the estimator returned a non-finite or zero cumulant on some rung"
0,0.002,agilent_3054a,hires,8,false,7,2.1585,0.4168,5,0.382,DIAGNOSTIC,"the fitted power of S0 carried by the windowed cumulant of this order at this configuration, from a log-log fit over the S0 ladder -- NaN means the estimator returned a non-finite or zero cumulant on some rung"
0,0.002,agilent_3054a,hires,8,true,3,2.4431,0.6324,5,0.269,DIAGNOSTIC,"the fitted power of S0 carried by the windowed cumulant of this order at this configuration, from a log-log fit over the S0 ladder -- NaN means the estimator returned a non-finite or zero cumulant on some rung"
0,0.002,agilent_3054a,hires,8,true,5,2.3865,1.1179,5,0.042,DIAGNOSTIC,"the fitted power of S0 carried by the windowed cumulant of this order at this configuration, from a log-log fit over the S0 ladder -- NaN means the estimator returned a non-finite or zero cumulant on some rung"
0,0.002,agilent_3054a,hires,8,true,7,2.3025,0.4825,5,0.261,DIAGNOSTIC,"the fitted power of S0 carried by the windowed cumulant of this order at this configuration, from a log-log fit over the S0 ladder -- NaN means the estimator returned a non-finite or zero cumulant on some rung"
0,0.002,agilent_3054a,hires,12,false,3,1.6457,0.4028,5,1.024,DIAGNOSTIC,"the fitted power of S0 carried by the windowed cumulant of this order at this configuration, from a log-log fit over the S0 ladder -- NaN means the estimator returned a non-finite or zero cumulant on some rung"
0,0.002,agilent_3054a,hires,12,false,5,1.2846,0.6314,5,0.588,DIAGNOSTIC,"the fitted power of S0 carried by the windowed cumulant of this order at this configuration, from a log-log fit over the S0 ladder -- NaN means the estimator returned a non-finite or zero cumulant on some rung"
0,0.002,agilent_3054a,hires,12,false,7,0.7546,1.1213,5,0.082,DIAGNOSTIC,"the fitted power of S0 carried by the windowed cumulant of this order at this configuration, from a log-log fit over the S0 ladder -- NaN means the estimator returned a non-finite or zero cumulant on some rung"
0,0.002,agilent_3054a,hires,12,true,3,1.5270,0.5279,5,0.892,DIAGNOSTIC,"the fitted power of S0 carried by the windowed cumulant of this order at this configuration, from a log-log fit over the S0 ladder -- NaN means the estimator returned a non-finite or zero cumulant on some rung"
0,0.002,agilent_3054a,hires,12,true,5,1.2516,0.9553,5,0.261,DIAGNOSTIC,"the fitted power of S0 carried by the windowed cumulant of this order at this configuration, from a log-log fit over the S0 ladder -- NaN means the estimator returned a non-finite or zero cumulant on some rung"
0,0.002,agilent_3054a,hires,12,true,7,0.9452,0.7017,5,0.481,DIAGNOSTIC,"the fitted power of S0 carried by the windowed cumulant of this order at this configuration, from a log-log fit over the S0 ladder -- NaN means the estimator returned a non-finite or zero cumulant on some rung"
0,0.002,agilent_3054a,hires,16,false,3,1.4676,0.8497,5,0.160,DIAGNOSTIC,"the fitted power of S0 carried by the windowed cumulant of this order at this configuration, from a log-log fit over the S0 ladder -- NaN means the estimator returned a non-finite or zero cumulant on some rung"
0,0.002,agilent_3054a,hires,16,false,5,0.7018,0.5706,5,0.725,DIAGNOSTIC,"the fitted power of S0 carried by the windowed cumulant of this order at this configuration, from a log-log fit over the S0 ladder -- NaN means the estimator returned a non-finite or zero cumulant on some rung"
0,0.002,agilent_3054a,hires,16,false,7,0.6167,1.0197,5,0.080,DIAGNOSTIC,"the fitted power of S0 carried by the windowed cumulant of this order at this configuration, from a log-log fit over the S0 ladder -- NaN means the estimator returned a non-finite or zero cumulant on some rung"
0,0.002,agilent_3054a,hires,16,true,3,1.9664,0.2099,5,0.172,DIAGNOSTIC,"the fitted power of S0 carried by the windowed cumulant of this order at this configuration, from a log-log fit over the S0 ladder -- NaN means the estimator returned a non-finite or zero cumulant on some rung"
0,0.002,agilent_3054a,hires,16,true,5,1.4887,0.1007,5,0.229,DIAGNOSTIC,"the fitted power of S0 carried by the windowed cumulant of this order at this configuration, from a log-log fit over the S0 ladder -- NaN means the estimator returned a non-finite or zero cumulant on some rung"
0,0.002,agilent_3054a,hires,16,true,7,0.9570,0.0901,5,0.470,DIAGNOSTIC,"the fitted power of S0 carried by the windowed cumulant of this order at this configuration, from a log-log fit over the S0 ladder -- NaN means the estimator returned a non-finite or zero cumulant on some rung"
0,0.002,rtm3004,hires,3.25,false,3,2.3567,0.2360,5,0.820,DIAGNOSTIC,"the fitted power of S0 carried by the windowed cumulant of this order at this configuration, from a log-log fit over the S0 ladder -- NaN means the estimator returned a non-finite or zero cumulant on some rung"
0,0.002,rtm3004,hires,3.25,false,5,1.9569,0.3493,5,1.733,DIAGNOSTIC,"the fitted power of S0 carried by the windowed cumulant of this order at this configuration, from a log-log fit over the S0 ladder -- NaN means the estimator returned a non-finite or zero cumulant on some rung"
0,0.002,rtm3004,hires,3.25,false,7,1.8140,0.3886,5,2.166,DIAGNOSTIC,"the fitted power of S0 carried by the windowed cumulant of this order at this configuration, from a log-log fit over the S0 ladder -- NaN means the estimator returned a non-finite or zero cumulant on some rung"
0,0.002,rtm3004,hires,3.25,true,3,2.4329,0.2586,5,0.724,DIAGNOSTIC,"the fitted power of S0 carried by the windowed cumulant of this order at this configuration, from a log-log fit over the S0 ladder -- NaN means the estimator returned a non-finite or zero cumulant on some rung"
0,0.002,rtm3004,hires,3.25,true,5,2.4822,0.2405,5,0.545,DIAGNOSTIC,"the fitted power of S0 carried by the windowed cumulant of this order at this configuration, from a log-log fit over the S0 ladder -- NaN means the estimator returned a non-finite or zero cumulant on some rung"
0,0.002,rtm3004,hires,3.25,true,7,2.4586,0.3416,5,0.598,DIAGNOSTIC,"the fitted power of S0 carried by the windowed cumulant of this order at this configuration, from a log-log fit over the S0 ladder -- NaN means the estimator returned a non-finite or zero cumulant on some rung"
0,0.002,rtm3004,hires,4,false,3,2.3338,0.4083,5,1.140,DIAGNOSTIC,"the fitted power of S0 carried by the windowed cumulant of this order at this configuration, from a log-log fit over the S0 ladder -- NaN means the estimator returned a non-finite or zero cumulant on some rung"
0,0.002,rtm3004,hires,4,false,5,2.1684,0.3897,5,1.291,DIAGNOSTIC,"the fitted power of S0 carried by the windowed cumulant of this order at this configuration, from a log-log fit over the S0 ladder -- NaN means the estimator returned a non-finite or zero cumulant on some rung"
0,0.002,rtm3004,hires,4,false,7,2.3339,0.3578,5,0.777,DIAGNOSTIC,"the fitted power of S0 carried by the windowed cumulant of this order at this configuration, from a log-log fit over the S0 ladder -- NaN means the estimator returned a non-finite or zero cumulant on some rung"
0,0.002,rtm3004,hires,4,true,3,1.9688,0.5101,5,1.506,DIAGNOSTIC,"the fitted power of S0 carried by the windowed cumulant of this order at this configuration, from a log-log fit over the S0 ladder -- NaN means the estimator returned a non-finite or zero cumulant on some rung"
0,0.002,rtm3004,hires,4,true,5,1.7713,0.5141,5,1.767,DIAGNOSTIC,"the fitted power of S0 carried by the windowed cumulant of this order at this configuration, from a log-log fit over the S0 ladder -- NaN means the estimator returned a non-finite or zero cumulant on some rung"
0,0.002,rtm3004,hires,4,true,7,1.7874,0.5850,5,1.178,DIAGNOSTIC,"the fitted power of S0 carried by the windowed cumulant of this order at this configuration, from a log-log fit over the S0 ladder -- NaN means the estimator returned a non-finite or zero cumulant on some rung"
0,0.002,rtm3004,hires,6,false,3,2.2248,0.2335,5,0.906,DIAGNOSTIC,"the fitted power of S0 carried by the windowed cumulant of this order at this configuration, from a log-log fit over the S0 ladder -- NaN means the estimator returned a non-finite or zero cumulant on some rung"
0,0.002,rtm3004,hires,6,false,5,3.2216,0.3756,5,0.039,DIAGNOSTIC,"the fitted power of S0 carried by the windowed cumulant of this order at this configuration, from a log-log fit over the S0 ladder -- NaN means the estimator returned a non-finite or zero cumulant on some rung"
0,0.002,rtm3004,hires,6,false,7,2.5887,0.1520,5,0.188,DIAGNOSTIC,"the fitted power of S0 carried by the windowed cumulant of this order at this configuration, from a log-log fit over the S0 ladder -- NaN means the estimator returned a non-finite or zero cumulant on some rung"
0,0.002,rtm3004,hires,6,true,3,2.6418,0.0878,5,0.314,DIAGNOSTIC,"the fitted power of S0 carried by the windowed cumulant of this order at this configuration, from a log-log fit over the S0 ladder -- NaN means the estimator returned a non-finite or zero cumulant on some rung"
0,0.002,rtm3004,hires,6,true,5,2.9424,0.0399,5,0.126,DIAGNOSTIC,"the fitted power of S0 carried by the windowed cumulant of this order at this configuration, from a log-log fit over the S0 ladder -- NaN means the estimator returned a non-finite or zero cumulant on some rung"
0,0.002,rtm3004,hires,6,true,7,2.9441,1.3165,5,0.014,DIAGNOSTIC,"the fitted power of S0 carried by the windowed cumulant of this order at this configuration, from a log-log fit over the S0 ladder -- NaN means the estimator returned a non-finite or zero cumulant on some rung"
0,0.002,rtm3004,hires,8,false,3,3.0289,0.1657,5,0.119,DIAGNOSTIC,"the fitted power of S0 carried by the windowed cumulant of this order at this configuration, from a log-log fit over the S0 ladder -- NaN means the estimator returned a non-finite or zero cumulant on some rung"
0,0.002,rtm3004,hires,8,false,5,2.8467,0.1082,5,0.091,DIAGNOSTIC,"the fitted power of S0 carried by the windowed cumulant of this order at this configuration, from a log-log fit over the S0 ladder -- NaN means the estimator returned a non-finite or zero cumulant on some rung"
0,0.002,rtm3004,hires,8,false,7,2.0217,0.3574,5,0.576,DIAGNOSTIC,"the fitted power of S0 carried by the windowed cumulant of this order at this configuration, from a log-log fit over the S0 ladder -- NaN means the estimator returned a non-finite or zero cumulant on some rung"
0,0.002,rtm3004,hires,8,true,3,2.8061,0.4767,5,0.254,DIAGNOSTIC,"the fitted power of S0 carried by the windowed cumulant of this order at this configuration, from a log-log fit over the S0 ladder -- NaN means the estimator returned a non-finite or zero cumulant on some rung"
0,0.002,rtm3004,hires,8,true,5,2.5316,0.8926,5,0.066,DIAGNOSTIC,"the fitted power of S0 carried by the windowed cumulant of this order at this configuration, from a log-log fit over the S0 ladder -- NaN means the estimator returned a non-finite or zero cumulant on some rung"
0,0.002,rtm3004,hires,8,true,7,1.8343,0.7316,5,0.235,DIAGNOSTIC,"the fitted power of S0 carried by the windowed cumulant of this order at this configuration, from a log-log fit over the S0 ladder -- NaN means the estimator returned a non-finite or zero cumulant on some rung"
0,0.002,rtm3004,hires,12,false,3,2.1080,0.2440,5,0.258,DIAGNOSTIC,"the fitted power of S0 carried by the windowed cumulant of this order at this configuration, from a log-log fit over the S0 ladder -- NaN means the estimator returned a non-finite or zero cumulant on some rung"
0,0.002,rtm3004,hires,12,false,5,1.3433,0.3690,5,0.636,DIAGNOSTIC,"the fitted power of S0 carried by the windowed cumulant of this order at this configuration, from a log-log fit over the S0 ladder -- NaN means the estimator returned a non-finite or zero cumulant on some rung"
0,0.002,rtm3004,hires,12,false,7,1.1704,0.4269,5,0.603,DIAGNOSTIC,"the fitted power of S0 carried by the windowed cumulant of this order at this configuration, from a log-log fit over the S0 ladder -- NaN means the estimator returned a non-finite or zero cumulant on some rung"
0,0.002,rtm3004,hires,12,true,3,1.9195,0.5387,5,0.366,DIAGNOSTIC,"the fitted power of S0 carried by the windowed cumulant of this order at this configuration, from a log-log fit over the S0 ladder -- NaN means the estimator returned a non-finite or zero cumulant on some rung"
0,0.002,rtm3004,hires,12,true,5,1.7441,0.6310,5,0.191,DIAGNOSTIC,"the fitted power of S0 carried by the windowed cumulant of this order at this configuration, from a log-log fit over the S0 ladder -- NaN means the estimator returned a non-finite or zero cumulant on some rung"
0,0.002,rtm3004,hires,12,true,7,1.6993,0.2862,5,0.309,DIAGNOSTIC,"the fitted power of S0 carried by the windowed cumulant of this order at this configuration, from a log-log fit over the S0 ladder -- NaN means the estimator returned a non-finite or zero cumulant on some rung"
0,0.002,rtm3004,hires,16,false,3,1.7198,1.0984,5,0.099,DIAGNOSTIC,"the fitted power of S0 carried by the windowed cumulant of this order at this configuration, from a log-log fit over the S0 ladder -- NaN means the estimator returned a non-finite or zero cumulant on some rung"
0,0.002,rtm3004,hires,16,false,5,1.0663,0.9439,5,0.085,DIAGNOSTIC,"the fitted power of S0 carried by the windowed cumulant of this order at this configuration, from a log-log fit over the S0 ladder -- NaN means the estimator returned a non-finite or zero cumulant on some rung"
0,0.002,rtm3004,hires,16,false,7,0.5132,0.6631,5,0.327,DIAGNOSTIC,"the fitted power of S0 carried by the windowed cumulant of this order at this configuration, from a log-log fit over the S0 ladder -- NaN means the estimator returned a non-finite or zero cumulant on some rung"
0,0.002,rtm3004,hires,16,true,3,1.5388,0.3639,5,0.516,DIAGNOSTIC,"the fitted power of S0 carried by the windowed cumulant of this order at this configuration, from a log-log fit over the S0 ladder -- NaN means the estimator returned a non-finite or zero cumulant on some rung"
0,0.002,rtm3004,hires,16,true,5,0.9100,0.3387,5,0.876,DIAGNOSTIC,"the fitted power of S0 carried by the windowed cumulant of this order at this configuration, from a log-log fit over the S0 ladder -- NaN means the estimator returned a non-finite or zero cumulant on some rung"
0,0.002,rtm3004,hires,16,true,7,0.5634,0.3875,5,0.792,DIAGNOSTIC,"the fitted power of S0 carried by the windowed cumulant of this order at this configuration, from a log-log fit over the S0 ladder -- NaN means the estimator returned a non-finite or zero cumulant on some rung"
0,0.004,lecroy_ws3104z,raw,3.25,false,3,2.5105,0.4453,5,0.325,DIAGNOSTIC,"the fitted power of S0 carried by the windowed cumulant of this order at this configuration, from a log-log fit over the S0 ladder -- NaN means the estimator returned a non-finite or zero cumulant on some rung"
0,0.004,lecroy_ws3104z,raw,3.25,false,5,2.6236,0.2813,5,0.150,DIAGNOSTIC,"the fitted power of S0 carried by the windowed cumulant of this order at this configuration, from a log-log fit over the S0 ladder -- NaN means the estimator returned a non-finite or zero cumulant on some rung"
0,0.004,lecroy_ws3104z,raw,3.25,false,7,2.0867,0.4247,5,0.461,DIAGNOSTIC,"the fitted power of S0 carried by the windowed cumulant of this order at this configuration, from a log-log fit over the S0 ladder -- NaN means the estimator returned a non-finite or zero cumulant on some rung"
0,0.004,lecroy_ws3104z,raw,3.25,true,3,1.7260,0.3887,5,1.401,DIAGNOSTIC,"the fitted power of S0 carried by the windowed cumulant of this order at this configuration, from a log-log fit over the S0 ladder -- NaN means the estimator returned a non-finite or zero cumulant on some rung"
0,0.004,lecroy_ws3104z,raw,3.25,true,5,1.7223,0.4540,5,0.999,DIAGNOSTIC,"the fitted power of S0 carried by the windowed cumulant of this order at this configuration, from a log-log fit over the S0 ladder -- NaN means the estimator returned a non-finite or zero cumulant on some rung"
0,0.004,lecroy_ws3104z,raw,3.25,true,7,2.1490,0.3887,5,0.489,DIAGNOSTIC,"the fitted power of S0 carried by the windowed cumulant of this order at this configuration, from a log-log fit over the S0 ladder -- NaN means the estimator returned a non-finite or zero cumulant on some rung"
0,0.004,lecroy_ws3104z,raw,4,false,3,3.5006,0.7689,5,0.032,DIAGNOSTIC,"the fitted power of S0 carried by the windowed cumulant of this order at this configuration, from a log-log fit over the S0 ladder -- NaN means the estimator returned a non-finite or zero cumulant on some rung"
0,0.004,lecroy_ws3104z,raw,4,false,5,2.2671,0.6195,5,0.219,DIAGNOSTIC,"the fitted power of S0 carried by the windowed cumulant of this order at this configuration, from a log-log fit over the S0 ladder -- NaN means the estimator returned a non-finite or zero cumulant on some rung"
0,0.004,lecroy_ws3104z,raw,4,false,7,2.2123,0.2213,5,0.348,DIAGNOSTIC,"the fitted power of S0 carried by the windowed cumulant of this order at this configuration, from a log-log fit over the S0 ladder -- NaN means the estimator returned a non-finite or zero cumulant on some rung"
0,0.004,lecroy_ws3104z,raw,4,true,3,2.3096,0.2140,5,0.281,DIAGNOSTIC,"the fitted power of S0 carried by the windowed cumulant of this order at this configuration, from a log-log fit over the S0 ladder -- NaN means the estimator returned a non-finite or zero cumulant on some rung"
0,0.004,lecroy_ws3104z,raw,4,true,5,2.1862,0.2322,5,0.355,DIAGNOSTIC,"the fitted power of S0 carried by the windowed cumulant of this order at this configuration, from a log-log fit over the S0 ladder -- NaN means the estimator returned a non-finite or zero cumulant on some rung"
0,0.004,lecroy_ws3104z,raw,4,true,7,2.2198,0.3527,5,0.199,DIAGNOSTIC,"the fitted power of S0 carried by the windowed cumulant of this order at this configuration, from a log-log fit over the S0 ladder -- NaN means the estimator returned a non-finite or zero cumulant on some rung"
0,0.004,lecroy_ws3104z,raw,6,false,3,1.9679,0.6867,5,0.251,DIAGNOSTIC,"the fitted power of S0 carried by the windowed cumulant of this order at this configuration, from a log-log fit over the S0 ladder -- NaN means the estimator returned a non-finite or zero cumulant on some rung"
0,0.004,lecroy_ws3104z,raw,6,false,5,1.8425,0.3296,5,0.655,DIAGNOSTIC,"the fitted power of S0 carried by the windowed cumulant of this order at this configuration, from a log-log fit over the S0 ladder -- NaN means the estimator returned a non-finite or zero cumulant on some rung"
0,0.004,lecroy_ws3104z,raw,6,false,7,1.4098,0.3848,5,1.075,DIAGNOSTIC,"the fitted power of S0 carried by the windowed cumulant of this order at this configuration, from a log-log fit over the S0 ladder -- NaN means the estimator returned a non-finite or zero cumulant on some rung"
0,0.004,lecroy_ws3104z,raw,6,true,3,2.3522,0.2246,5,0.241,DIAGNOSTIC,"the fitted power of S0 carried by the windowed cumulant of this order at this configuration, from a log-log fit over the S0 ladder -- NaN means the estimator returned a non-finite or zero cumulant on some rung"
0,0.004,lecroy_ws3104z,raw,6,true,5,1.8838,0.5626,5,0.358,DIAGNOSTIC,"the fitted power of S0 carried by the windowed cumulant of this order at this configuration, from a log-log fit over the S0 ladder -- NaN means the estimator returned a non-finite or zero cumulant on some rung"
0,0.004,lecroy_ws3104z,raw,6,true,7,1.6075,0.4847,5,0.703,DIAGNOSTIC,"the fitted power of S0 carried by the windowed cumulant of this order at this configuration, from a log-log fit over the S0 ladder -- NaN means the estimator returned a non-finite or zero cumulant on some rung"
0,0.004,lecroy_ws3104z,raw,8,false,3,1.9033,0.2422,5,0.380,DIAGNOSTIC,"the fitted power of S0 carried by the windowed cumulant of this order at this configuration, from a log-log fit over the S0 ladder -- NaN means the estimator returned a non-finite or zero cumulant on some rung"
0,0.004,lecroy_ws3104z,raw,8,false,5,2.0513,0.3318,5,0.116,DIAGNOSTIC,"the fitted power of S0 carried by the windowed cumulant of this order at this configuration, from a log-log fit over the S0 ladder -- NaN means the estimator returned a non-finite or zero cumulant on some rung"
0,0.004,lecroy_ws3104z,raw,8,false,7,1.4373,0.4015,5,0.449,DIAGNOSTIC,"the fitted power of S0 carried by the windowed cumulant of this order at this configuration, from a log-log fit over the S0 ladder -- NaN means the estimator returned a non-finite or zero cumulant on some rung"
0,0.004,lecroy_ws3104z,raw,8,true,3,2.0754,1.3433,5,0.029,DIAGNOSTIC,"the fitted power of S0 carried by the windowed cumulant of this order at this configuration, from a log-log fit over the S0 ladder -- NaN means the estimator returned a non-finite or zero cumulant on some rung"
0,0.004,lecroy_ws3104z,raw,8,true,5,1.9874,0.3700,5,0.140,DIAGNOSTIC,"the fitted power of S0 carried by the windowed cumulant of this order at this configuration, from a log-log fit over the S0 ladder -- NaN means the estimator returned a non-finite or zero cumulant on some rung"
0,0.004,lecroy_ws3104z,raw,8,true,7,1.6753,0.3138,5,0.230,DIAGNOSTIC,"the fitted power of S0 carried by the windowed cumulant of this order at this configuration, from a log-log fit over the S0 ladder -- NaN means the estimator returned a non-finite or zero cumulant on some rung"
0,0.004,lecroy_ws3104z,raw,12,false,3,1.0303,0.6533,5,0.346,DIAGNOSTIC,"the fitted power of S0 carried by the windowed cumulant of this order at this configuration, from a log-log fit over the S0 ladder -- NaN means the estimator returned a non-finite or zero cumulant on some rung"
0,0.004,lecroy_ws3104z,raw,12,false,5,0.6559,0.4802,5,0.551,DIAGNOSTIC,"the fitted power of S0 carried by the windowed cumulant of this order at this configuration, from a log-log fit over the S0 ladder -- NaN means the estimator returned a non-finite or zero cumulant on some rung"
0,0.004,lecroy_ws3104z,raw,12,false,7,0.5701,0.4520,5,0.379,DIAGNOSTIC,"the fitted power of S0 carried by the windowed cumulant of this order at this configuration, from a log-log fit over the S0 ladder -- NaN means the estimator returned a non-finite or zero cumulant on some rung"
0,0.004,lecroy_ws3104z,raw,12,true,3,1.3315,1.0378,5,0.087,DIAGNOSTIC,"the fitted power of S0 carried by the windowed cumulant of this order at this configuration, from a log-log fit over the S0 ladder -- NaN means the estimator returned a non-finite or zero cumulant on some rung"
0,0.004,lecroy_ws3104z,raw,12,true,5,1.1017,0.4958,5,0.449,DIAGNOSTIC,"the fitted power of S0 carried by the windowed cumulant of this order at this configuration, from a log-log fit over the S0 ladder -- NaN means the estimator returned a non-finite or zero cumulant on some rung"
0,0.004,lecroy_ws3104z,raw,12,true,7,0.9379,0.5301,5,0.317,DIAGNOSTIC,"the fitted power of S0 carried by the windowed cumulant of this order at this configuration, from a log-log fit over the S0 ladder -- NaN means the estimator returned a non-finite or zero cumulant on some rung"
0,0.004,lecroy_ws3104z,raw,16,false,3,0.6012,0.3926,5,0.841,DIAGNOSTIC,"the fitted power of S0 carried by the windowed cumulant of this order at this configuration, from a log-log fit over the S0 ladder -- NaN means the estimator returned a non-finite or zero cumulant on some rung"
0,0.004,lecroy_ws3104z,raw,16,false,5,0.1086,0.4542,5,0.357,DIAGNOSTIC,"the fitted power of S0 carried by the windowed cumulant of this order at this configuration, from a log-log fit over the S0 ladder -- NaN means the estimator returned a non-finite or zero cumulant on some rung"
0,0.004,lecroy_ws3104z,raw,16,false,7,0.0517,0.3231,5,0.610,DIAGNOSTIC,"the fitted power of S0 carried by the windowed cumulant of this order at this configuration, from a log-log fit over the S0 ladder -- NaN means the estimator returned a non-finite or zero cumulant on some rung"
0,0.004,lecroy_ws3104z,raw,16,true,3,0.7487,0.5709,5,0.374,DIAGNOSTIC,"the fitted power of S0 carried by the windowed cumulant of this order at this configuration, from a log-log fit over the S0 ladder -- NaN means the estimator returned a non-finite or zero cumulant on some rung"
0,0.004,lecroy_ws3104z,raw,16,true,5,0.5998,0.5282,5,0.189,DIAGNOSTIC,"the fitted power of S0 carried by the windowed cumulant of this order at this configuration, from a log-log fit over the S0 ladder -- NaN means the estimator returned a non-finite or zero cumulant on some rung"
0,0.004,lecroy_ws3104z,raw,16,true,7,1.6684,0.2082,5,0.040,DIAGNOSTIC,"the fitted power of S0 carried by the windowed cumulant of this order at this configuration, from a log-log fit over the S0 ladder -- NaN means the estimator returned a non-finite or zero cumulant on some rung"
0,0.004,agilent_3054a,hires,3.25,false,3,2.1015,0.9643,5,0.123,DIAGNOSTIC,"the fitted power of S0 carried by the windowed cumulant of this order at this configuration, from a log-log fit over the S0 ladder -- NaN means the estimator returned a non-finite or zero cumulant on some rung"
0,0.004,agilent_3054a,hires,3.25,false,5,1.8601,0.5204,5,0.644,DIAGNOSTIC,"the fitted power of S0 carried by the windowed cumulant of this order at this configuration, from a log-log fit over the S0 ladder -- NaN means the estimator returned a non-finite or zero cumulant on some rung"
0,0.004,agilent_3054a,hires,3.25,false,7,2.1041,1.0134,5,0.076,DIAGNOSTIC,"the fitted power of S0 carried by the windowed cumulant of this order at this configuration, from a log-log fit over the S0 ladder -- NaN means the estimator returned a non-finite or zero cumulant on some rung"
0,0.004,agilent_3054a,hires,3.25,true,3,2.3034,0.2159,5,0.446,DIAGNOSTIC,"the fitted power of S0 carried by the windowed cumulant of this order at this configuration, from a log-log fit over the S0 ladder -- NaN means the estimator returned a non-finite or zero cumulant on some rung"
0,0.004,agilent_3054a,hires,3.25,true,5,2.0178,0.3192,5,0.761,DIAGNOSTIC,"the fitted power of S0 carried by the windowed cumulant of this order at this configuration, from a log-log fit over the S0 ladder -- NaN means the estimator returned a non-finite or zero cumulant on some rung"
0,0.004,agilent_3054a,hires,3.25,true,7,2.1284,0.2294,5,0.454,DIAGNOSTIC,"the fitted power of S0 carried by the windowed cumulant of this order at this configuration, from a log-log fit over the S0 ladder -- NaN means the estimator returned a non-finite or zero cumulant on some rung"
0,0.004,agilent_3054a,hires,4,false,3,1.9664,0.5086,5,0.717,DIAGNOSTIC,"the fitted power of S0 carried by the windowed cumulant of this order at this configuration, from a log-log fit over the S0 ladder -- NaN means the estimator returned a non-finite or zero cumulant on some rung"
0,0.004,agilent_3054a,hires,4,false,5,1.7595,0.4792,5,0.978,DIAGNOSTIC,"the fitted power of S0 carried by the windowed cumulant of this order at this configuration, from a log-log fit over the S0 ladder -- NaN means the estimator returned a non-finite or zero cumulant on some rung"
0,0.004,agilent_3054a,hires,4,false,7,1.8574,0.7611,5,0.261,DIAGNOSTIC,"the fitted power of S0 carried by the windowed cumulant of this order at this configuration, from a log-log fit over the S0 ladder -- NaN means the estimator returned a non-finite or zero cumulant on some rung"
0,0.004,agilent_3054a,hires,4,true,3,1.8884,0.3222,5,1.186,DIAGNOSTIC,"the fitted power of S0 carried by the windowed cumulant of this order at this configuration, from a log-log fit over the S0 ladder -- NaN means the estimator returned a non-finite or zero cumulant on some rung"
0,0.004,agilent_3054a,hires,4,true,5,1.7852,0.3859,5,1.363,DIAGNOSTIC,"the fitted power of S0 carried by the windowed cumulant of this order at this configuration, from a log-log fit over the S0 ladder -- NaN means the estimator returned a non-finite or zero cumulant on some rung"
0,0.004,agilent_3054a,hires,4,true,7,1.8888,0.2898,5,0.819,DIAGNOSTIC,"the fitted power of S0 carried by the windowed cumulant of this order at this configuration, from a log-log fit over the S0 ladder -- NaN means the estimator returned a non-finite or zero cumulant on some rung"
0,0.004,agilent_3054a,hires,6,false,3,2.4111,0.0985,5,0.253,DIAGNOSTIC,"the fitted power of S0 carried by the windowed cumulant of this order at this configuration, from a log-log fit over the S0 ladder -- NaN means the estimator returned a non-finite or zero cumulant on some rung"
0,0.004,agilent_3054a,hires,6,false,5,2.0449,0.2173,5,0.476,DIAGNOSTIC,"the fitted power of S0 carried by the windowed cumulant of this order at this configuration, from a log-log fit over the S0 ladder -- NaN means the estimator returned a non-finite or zero cumulant on some rung"
0,0.004,agilent_3054a,hires,6,false,7,1.8150,0.3164,5,0.724,DIAGNOSTIC,"the fitted power of S0 carried by the windowed cumulant of this order at this configuration, from a log-log fit over the S0 ladder -- NaN means the estimator returned a non-finite or zero cumulant on some rung"
0,0.004,agilent_3054a,hires,6,true,3,2.5144,0.3282,5,0.284,DIAGNOSTIC,"the fitted power of S0 carried by the windowed cumulant of this order at this configuration, from a log-log fit over the S0 ladder -- NaN means the estimator returned a non-finite or zero cumulant on some rung"
0,0.004,agilent_3054a,hires,6,true,5,1.9178,0.4444,5,0.657,DIAGNOSTIC,"the fitted power of S0 carried by the windowed cumulant of this order at this configuration, from a log-log fit over the S0 ladder -- NaN means the estimator returned a non-finite or zero cumulant on some rung"
0,0.004,agilent_3054a,hires,6,true,7,1.7326,0.3769,5,0.828,DIAGNOSTIC,"the fitted power of S0 carried by the windowed cumulant of this order at this configuration, from a log-log fit over the S0 ladder -- NaN means the estimator returned a non-finite or zero cumulant on some rung"
0,0.004,agilent_3054a,hires,8,false,3,2.2345,0.6088,5,0.198,DIAGNOSTIC,"the fitted power of S0 carried by the windowed cumulant of this order at this configuration, from a log-log fit over the S0 ladder -- NaN means the estimator returned a non-finite or zero cumulant on some rung"
0,0.004,agilent_3054a,hires,8,false,5,1.9429,0.3189,5,0.399,DIAGNOSTIC,"the fitted power of S0 carried by the windowed cumulant of this order at this configuration, from a log-log fit over the S0 ladder -- NaN means the estimator returned a non-finite or zero cumulant on some rung"
0,0.004,agilent_3054a,hires,8,false,7,2.4199,0.3412,5,0.055,DIAGNOSTIC,"the fitted power of S0 carried by the windowed cumulant of this order at this configuration, from a log-log fit over the S0 ladder -- NaN means the estimator returned a non-finite or zero cumulant on some rung"
0,0.004,agilent_3054a,hires,8,true,3,2.5363,0.2452,5,0.169,DIAGNOSTIC,"the fitted power of S0 carried by the windowed cumulant of this order at this configuration, from a log-log fit over the S0 ladder -- NaN means the estimator returned a non-finite or zero cumulant on some rung"
0,0.004,agilent_3054a,hires,8,true,5,2.3897,0.5593,5,0.108,DIAGNOSTIC,"the fitted power of S0 carried by the windowed cumulant of this order at this configuration, from a log-log fit over the S0 ladder -- NaN means the estimator returned a non-finite or zero cumulant on some rung"
0,0.004,agilent_3054a,hires,8,true,7,2.3957,0.3076,5,0.115,DIAGNOSTIC,"the fitted power of S0 carried by the windowed cumulant of this order at this configuration, from a log-log fit over the S0 ladder -- NaN means the estimator returned a non-finite or zero cumulant on some rung"
0,0.004,agilent_3054a,hires,12,false,3,1.2923,0.4639,5,0.676,DIAGNOSTIC,"the fitted power of S0 carried by the windowed cumulant of this order at this configuration, from a log-log fit over the S0 ladder -- NaN means the estimator returned a non-finite or zero cumulant on some rung"
0,0.004,agilent_3054a,hires,12,false,5,0.9643,0.4297,5,0.853,DIAGNOSTIC,"the fitted power of S0 carried by the windowed cumulant of this order at this configuration, from a log-log fit over the S0 ladder -- NaN means the estimator returned a non-finite or zero cumulant on some rung"
0,0.004,agilent_3054a,hires,12,false,7,0.5915,0.3967,5,1.192,DIAGNOSTIC,"the fitted power of S0 carried by the windowed cumulant of this order at this configuration, from a log-log fit over the S0 ladder -- NaN means the estimator returned a non-finite or zero cumulant on some rung"
0,0.004,agilent_3054a,hires,12,true,3,1.2181,0.4534,5,1.042,DIAGNOSTIC,"the fitted power of S0 carried by the windowed cumulant of this order at this configuration, from a log-log fit over the S0 ladder -- NaN means the estimator returned a non-finite or zero cumulant on some rung"
0,0.004,agilent_3054a,hires,12,true,5,0.9528,0.4888,5,0.591,DIAGNOSTIC,"the fitted power of S0 carried by the windowed cumulant of this order at this configuration, from a log-log fit over the S0 ladder -- NaN means the estimator returned a non-finite or zero cumulant on some rung"
0,0.004,agilent_3054a,hires,12,true,7,1.1794,0.8431,5,0.078,DIAGNOSTIC,"the fitted power of S0 carried by the windowed cumulant of this order at this configuration, from a log-log fit over the S0 ladder -- NaN means the estimator returned a non-finite or zero cumulant on some rung"
0,0.004,agilent_3054a,hires,16,false,3,0.8208,0.8923,5,0.164,DIAGNOSTIC,"the fitted power of S0 carried by the windowed cumulant of this order at this configuration, from a log-log fit over the S0 ladder -- NaN means the estimator returned a non-finite or zero cumulant on some rung"
0,0.004,agilent_3054a,hires,16,false,5,1.3087,0.7659,5,0.103,DIAGNOSTIC,"the fitted power of S0 carried by the windowed cumulant of this order at this configuration, from a log-log fit over the S0 ladder -- NaN means the estimator returned a non-finite or zero cumulant on some rung"
0,0.004,agilent_3054a,hires,16,false,7,0.4274,0.8045,5,0.108,DIAGNOSTIC,"the fitted power of S0 carried by the windowed cumulant of this order at this configuration, from a log-log fit over the S0 ladder -- NaN means the estimator returned a non-finite or zero cumulant on some rung"
0,0.004,agilent_3054a,hires,16,true,3,1.8252,0.4962,5,0.133,DIAGNOSTIC,"the fitted power of S0 carried by the windowed cumulant of this order at this configuration, from a log-log fit over the S0 ladder -- NaN means the estimator returned a non-finite or zero cumulant on some rung"
0,0.004,agilent_3054a,hires,16,true,5,1.6662,0.4088,5,0.079,DIAGNOSTIC,"the fitted power of S0 carried by the windowed cumulant of this order at this configuration, from a log-log fit over the S0 ladder -- NaN means the estimator returned a non-finite or zero cumulant on some rung"
0,0.004,agilent_3054a,hires,16,true,7,1.3548,0.7752,5,0.063,DIAGNOSTIC,"the fitted power of S0 carried by the windowed cumulant of this order at this configuration, from a log-log fit over the S0 ladder -- NaN means the estimator returned a non-finite or zero cumulant on some rung"
0,0.004,rtm3004,hires,3.25,false,3,2.0634,0.2250,5,0.786,DIAGNOSTIC,"the fitted power of S0 carried by the windowed cumulant of this order at this configuration, from a log-log fit over the S0 ladder -- NaN means the estimator returned a non-finite or zero cumulant on some rung"
0,0.004,rtm3004,hires,3.25,false,5,2.1961,0.2154,5,0.522,DIAGNOSTIC,"the fitted power of S0 carried by the windowed cumulant of this order at this configuration, from a log-log fit over the S0 ladder -- NaN means the estimator returned a non-finite or zero cumulant on some rung"
0,0.004,rtm3004,hires,3.25,false,7,2.3228,0.1168,5,0.263,DIAGNOSTIC,"the fitted power of S0 carried by the windowed cumulant of this order at this configuration, from a log-log fit over the S0 ladder -- NaN means the estimator returned a non-finite or zero cumulant on some rung"
0,0.004,rtm3004,hires,3.25,true,3,2.1244,0.1952,5,0.597,DIAGNOSTIC,"the fitted power of S0 carried by the windowed cumulant of this order at this configuration, from a log-log fit over the S0 ladder -- NaN means the estimator returned a non-finite or zero cumulant on some rung"
0,0.004,rtm3004,hires,3.25,true,5,2.3900,0.2210,5,0.202,DIAGNOSTIC,"the fitted power of S0 carried by the windowed cumulant of this order at this configuration, from a log-log fit over the S0 ladder -- NaN means the estimator returned a non-finite or zero cumulant on some rung"
0,0.004,rtm3004,hires,3.25,true,7,2.6276,0.1143,5,0.121,DIAGNOSTIC,"the fitted power of S0 carried by the windowed cumulant of this order at this configuration, from a log-log fit over the S0 ladder -- NaN means the estimator returned a non-finite or zero cumulant on some rung"
0,0.004,rtm3004,hires,4,false,3,1.9946,0.2273,5,0.873,DIAGNOSTIC,"the fitted power of S0 carried by the windowed cumulant of this order at this configuration, from a log-log fit over the S0 ladder -- NaN means the estimator returned a non-finite or zero cumulant on some rung"
0,0.004,rtm3004,hires,4,false,5,2.1423,0.1863,5,0.422,DIAGNOSTIC,"the fitted power of S0 carried by the windowed cumulant of this order at this configuration, from a log-log fit over the S0 ladder -- NaN means the estimator returned a non-finite or zero cumulant on some rung"
0,0.004,rtm3004,hires,4,false,7,2.1778,0.1794,5,0.389,DIAGNOSTIC,"the fitted power of S0 carried by the windowed cumulant of this order at this configuration, from a log-log fit over the S0 ladder -- NaN means the estimator returned a non-finite or zero cumulant on some rung"
0,0.004,rtm3004,hires,4,true,3,2.8857,0.9487,5,0.048,DIAGNOSTIC,"the fitted power of S0 carried by the windowed cumulant of this order at this configuration, from a log-log fit over the S0 ladder -- NaN means the estimator returned a non-finite or zero cumulant on some rung"
0,0.004,rtm3004,hires,4,true,5,2.7256,0.6291,5,0.133,DIAGNOSTIC,"the fitted power of S0 carried by the windowed cumulant of this order at this configuration, from a log-log fit over the S0 ladder -- NaN means the estimator returned a non-finite or zero cumulant on some rung"
0,0.004,rtm3004,hires,4,true,7,3.0361,0.1674,5,0.049,DIAGNOSTIC,"the fitted power of S0 carried by the windowed cumulant of this order at this configuration, from a log-log fit over the S0 ladder -- NaN means the estimator returned a non-finite or zero cumulant on some rung"
0,0.004,rtm3004,hires,6,false,3,2.8281,1.2545,5,0.016,DIAGNOSTIC,"the fitted power of S0 carried by the windowed cumulant of this order at this configuration, from a log-log fit over the S0 ladder -- NaN means the estimator returned a non-finite or zero cumulant on some rung"
0,0.004,rtm3004,hires,6,false,5,2.5566,0.7474,5,0.170,DIAGNOSTIC,"the fitted power of S0 carried by the windowed cumulant of this order at this configuration, from a log-log fit over the S0 ladder -- NaN means the estimator returned a non-finite or zero cumulant on some rung"
0,0.004,rtm3004,hires,6,false,7,2.7506,0.9977,5,0.052,DIAGNOSTIC,"the fitted power of S0 carried by the windowed cumulant of this order at this configuration, from a log-log fit over the S0 ladder -- NaN means the estimator returned a non-finite or zero cumulant on some rung"
0,0.004,rtm3004,hires,6,true,3,1.6251,0.6027,5,0.777,DIAGNOSTIC,"the fitted power of S0 carried by the windowed cumulant of this order at this configuration, from a log-log fit over the S0 ladder -- NaN means the estimator returned a non-finite or zero cumulant on some rung"
0,0.004,rtm3004,hires,6,true,5,1.5530,0.8227,5,0.303,DIAGNOSTIC,"the fitted power of S0 carried by the windowed cumulant of this order at this configuration, from a log-log fit over the S0 ladder -- NaN means the estimator returned a non-finite or zero cumulant on some rung"
0,0.004,rtm3004,hires,6,true,7,1.3333,0.6622,5,0.787,DIAGNOSTIC,"the fitted power of S0 carried by the windowed cumulant of this order at this configuration, from a log-log fit over the S0 ladder -- NaN means the estimator returned a non-finite or zero cumulant on some rung"
0,0.004,rtm3004,hires,8,false,3,1.5125,0.3974,5,1.614,DIAGNOSTIC,"the fitted power of S0 carried by the windowed cumulant of this order at this configuration, from a log-log fit over the S0 ladder -- NaN means the estimator returned a non-finite or zero cumulant on some rung"
0,0.004,rtm3004,hires,8,false,5,1.5945,0.3556,5,0.861,DIAGNOSTIC,"the fitted power of S0 carried by the windowed cumulant of this order at this configuration, from a log-log fit over the S0 ladder -- NaN means the estimator returned a non-finite or zero cumulant on some rung"
0,0.004,rtm3004,hires,8,false,7,1.2443,0.4462,5,1.227,DIAGNOSTIC,"the fitted power of S0 carried by the windowed cumulant of this order at this configuration, from a log-log fit over the S0 ladder -- NaN means the estimator returned a non-finite or zero cumulant on some rung"
0,0.004,rtm3004,hires,8,true,3,1.9715,0.3264,5,0.611,DIAGNOSTIC,"the fitted power of S0 carried by the windowed cumulant of this order at this configuration, from a log-log fit over the S0 ladder -- NaN means the estimator returned a non-finite or zero cumulant on some rung"
0,0.004,rtm3004,hires,8,true,5,1.8572,0.3079,5,0.350,DIAGNOSTIC,"the fitted power of S0 carried by the windowed cumulant of this order at this configuration, from a log-log fit over the S0 ladder -- NaN means the estimator returned a non-finite or zero cumulant on some rung"
0,0.004,rtm3004,hires,8,true,7,1.7670,0.3688,5,0.329,DIAGNOSTIC,"the fitted power of S0 carried by the windowed cumulant of this order at this configuration, from a log-log fit over the S0 ladder -- NaN means the estimator returned a non-finite or zero cumulant on some rung"
0,0.004,rtm3004,hires,12,false,3,2.3141,0.8042,5,0.045,DIAGNOSTIC,"the fitted power of S0 carried by the windowed cumulant of this order at this configuration, from a log-log fit over the S0 ladder -- NaN means the estimator returned a non-finite or zero cumulant on some rung"
0,0.004,rtm3004,hires,12,false,5,1.7538,0.8719,5,0.040,DIAGNOSTIC,"the fitted power of S0 carried by the windowed cumulant of this order at this configuration, from a log-log fit over the S0 ladder -- NaN means the estimator returned a non-finite or zero cumulant on some rung"
0,0.004,rtm3004,hires,12,false,7,2.7481,0.4883,5,0.006,DIAGNOSTIC,"the fitted power of S0 carried by the windowed cumulant of this order at this configuration, from a log-log fit over the S0 ladder -- NaN means the estimator returned a non-finite or zero cumulant on some rung"
0,0.004,rtm3004,hires,12,true,3,1.8188,0.4481,5,0.285,DIAGNOSTIC,"the fitted power of S0 carried by the windowed cumulant of this order at this configuration, from a log-log fit over the S0 ladder -- NaN means the estimator returned a non-finite or zero cumulant on some rung"
0,0.004,rtm3004,hires,12,true,5,1.9675,0.5313,5,0.064,DIAGNOSTIC,"the fitted power of S0 carried by the windowed cumulant of this order at this configuration, from a log-log fit over the S0 ladder -- NaN means the estimator returned a non-finite or zero cumulant on some rung"
0,0.004,rtm3004,hires,12,true,7,1.0831,0.7077,5,0.160,DIAGNOSTIC,"the fitted power of S0 carried by the windowed cumulant of this order at this configuration, from a log-log fit over the S0 ladder -- NaN means the estimator returned a non-finite or zero cumulant on some rung"
0,0.004,rtm3004,hires,16,false,3,1.6360,0.1742,5,0.218,DIAGNOSTIC,"the fitted power of S0 carried by the windowed cumulant of this order at this configuration, from a log-log fit over the S0 ladder -- NaN means the estimator returned a non-finite or zero cumulant on some rung"
0,0.004,rtm3004,hires,16,false,5,1.1485,0.2980,5,0.207,DIAGNOSTIC,"the fitted power of S0 carried by the windowed cumulant of this order at this configuration, from a log-log fit over the S0 ladder -- NaN means the estimator returned a non-finite or zero cumulant on some rung"
0,0.004,rtm3004,hires,16,false,7,1.0100,0.4083,5,0.128,DIAGNOSTIC,"the fitted power of S0 carried by the windowed cumulant of this order at this configuration, from a log-log fit over the S0 ladder -- NaN means the estimator returned a non-finite or zero cumulant on some rung"
0,0.004,rtm3004,hires,16,true,3,1.2475,0.3630,5,0.461,DIAGNOSTIC,"the fitted power of S0 carried by the windowed cumulant of this order at this configuration, from a log-log fit over the S0 ladder -- NaN means the estimator returned a non-finite or zero cumulant on some rung"
0,0.004,rtm3004,hires,16,true,5,1.3169,0.3561,5,0.160,DIAGNOSTIC,"the fitted power of S0 carried by the windowed cumulant of this order at this configuration, from a log-log fit over the S0 ladder -- NaN means the estimator returned a non-finite or zero cumulant on some rung"
0,0.004,rtm3004,hires,16,true,7,0.9533,0.3599,5,0.258,DIAGNOSTIC,"the fitted power of S0 carried by the windowed cumulant of this order at this configuration, from a log-log fit over the S0 ladder -- NaN means the estimator returned a non-finite or zero cumulant on some rung"
0,0.012,lecroy_ws3104z,raw,3.25,false,3,1.4296,0.7815,5,0.203,DIAGNOSTIC,"the fitted power of S0 carried by the windowed cumulant of this order at this configuration, from a log-log fit over the S0 ladder -- NaN means the estimator returned a non-finite or zero cumulant on some rung"
0,0.012,lecroy_ws3104z,raw,3.25,false,5,1.1708,0.5100,5,0.885,DIAGNOSTIC,"the fitted power of S0 carried by the windowed cumulant of this order at this configuration, from a log-log fit over the S0 ladder -- NaN means the estimator returned a non-finite or zero cumulant on some rung"
0,0.012,lecroy_ws3104z,raw,3.25,false,7,1.2596,0.4606,5,0.777,DIAGNOSTIC,"the fitted power of S0 carried by the windowed cumulant of this order at this configuration, from a log-log fit over the S0 ladder -- NaN means the estimator returned a non-finite or zero cumulant on some rung"
0,0.012,lecroy_ws3104z,raw,3.25,true,3,1.6087,0.7262,5,0.189,DIAGNOSTIC,"the fitted power of S0 carried by the windowed cumulant of this order at this configuration, from a log-log fit over the S0 ladder -- NaN means the estimator returned a non-finite or zero cumulant on some rung"
0,0.012,lecroy_ws3104z,raw,3.25,true,5,1.4914,0.7188,5,0.206,DIAGNOSTIC,"the fitted power of S0 carried by the windowed cumulant of this order at this configuration, from a log-log fit over the S0 ladder -- NaN means the estimator returned a non-finite or zero cumulant on some rung"
0,0.012,lecroy_ws3104z,raw,3.25,true,7,1.5835,0.9193,5,0.083,DIAGNOSTIC,"the fitted power of S0 carried by the windowed cumulant of this order at this configuration, from a log-log fit over the S0 ladder -- NaN means the estimator returned a non-finite or zero cumulant on some rung"
0,0.012,lecroy_ws3104z,raw,4,false,3,3.9354,0.3967,5,0.003,DIAGNOSTIC,"the fitted power of S0 carried by the windowed cumulant of this order at this configuration, from a log-log fit over the S0 ladder -- NaN means the estimator returned a non-finite or zero cumulant on some rung"
0,0.012,lecroy_ws3104z,raw,4,false,5,1.7923,0.4515,5,0.351,DIAGNOSTIC,"the fitted power of S0 carried by the windowed cumulant of this order at this configuration, from a log-log fit over the S0 ladder -- NaN means the estimator returned a non-finite or zero cumulant on some rung"
0,0.012,lecroy_ws3104z,raw,4,false,7,1.6320,0.5074,5,0.333,DIAGNOSTIC,"the fitted power of S0 carried by the windowed cumulant of this order at this configuration, from a log-log fit over the S0 ladder -- NaN means the estimator returned a non-finite or zero cumulant on some rung"
0,0.012,lecroy_ws3104z,raw,4,true,3,2.0960,0.2159,5,0.216,DIAGNOSTIC,"the fitted power of S0 carried by the windowed cumulant of this order at this configuration, from a log-log fit over the S0 ladder -- NaN means the estimator returned a non-finite or zero cumulant on some rung"
0,0.012,lecroy_ws3104z,raw,4,true,5,1.8720,0.3127,5,0.306,DIAGNOSTIC,"the fitted power of S0 carried by the windowed cumulant of this order at this configuration, from a log-log fit over the S0 ladder -- NaN means the estimator returned a non-finite or zero cumulant on some rung"
0,0.012,lecroy_ws3104z,raw,4,true,7,2.3764,0.3082,5,0.097,DIAGNOSTIC,"the fitted power of S0 carried by the windowed cumulant of this order at this configuration, from a log-log fit over the S0 ladder -- NaN means the estimator returned a non-finite or zero cumulant on some rung"
0,0.012,lecroy_ws3104z,raw,6,false,3,1.8549,0.7473,5,0.265,DIAGNOSTIC,"the fitted power of S0 carried by the windowed cumulant of this order at this configuration, from a log-log fit over the S0 ladder -- NaN means the estimator returned a non-finite or zero cumulant on some rung"
0,0.012,lecroy_ws3104z,raw,6,false,5,1.6274,0.8481,5,0.162,DIAGNOSTIC,"the fitted power of S0 carried by the windowed cumulant of this order at this configuration, from a log-log fit over the S0 ladder -- NaN means the estimator returned a non-finite or zero cumulant on some rung"
0,0.012,lecroy_ws3104z,raw,6,false,7,2.0886,0.3155,5,0.085,DIAGNOSTIC,"the fitted power of S0 carried by the windowed cumulant of this order at this configuration, from a log-log fit over the S0 ladder -- NaN means the estimator returned a non-finite or zero cumulant on some rung"
0,0.012,lecroy_ws3104z,raw,6,true,3,1.4739,0.3923,5,0.569,DIAGNOSTIC,"the fitted power of S0 carried by the windowed cumulant of this order at this configuration, from a log-log fit over the S0 ladder -- NaN means the estimator returned a non-finite or zero cumulant on some rung"
0,0.012,lecroy_ws3104z,raw,6,true,5,1.4799,0.4927,5,0.501,DIAGNOSTIC,"the fitted power of S0 carried by the windowed cumulant of this order at this configuration, from a log-log fit over the S0 ladder -- NaN means the estimator returned a non-finite or zero cumulant on some rung"
0,0.012,lecroy_ws3104z,raw,6,true,7,1.3735,0.8709,5,0.108,DIAGNOSTIC,"the fitted power of S0 carried by the windowed cumulant of this order at this configuration, from a log-log fit over the S0 ladder -- NaN means the estimator returned a non-finite or zero cumulant on some rung"
0,0.012,lecroy_ws3104z,raw,8,false,3,1.9532,0.7298,5,0.138,DIAGNOSTIC,"the fitted power of S0 carried by the windowed cumulant of this order at this configuration, from a log-log fit over the S0 ladder -- NaN means the estimator returned a non-finite or zero cumulant on some rung"
0,0.012,lecroy_ws3104z,raw,8,false,5,1.1251,0.5247,5,0.381,DIAGNOSTIC,"the fitted power of S0 carried by the windowed cumulant of this order at this configuration, from a log-log fit over the S0 ladder -- NaN means the estimator returned a non-finite or zero cumulant on some rung"
0,0.012,lecroy_ws3104z,raw,8,false,7,0.8656,0.7080,5,0.231,DIAGNOSTIC,"the fitted power of S0 carried by the windowed cumulant of this order at this configuration, from a log-log fit over the S0 ladder -- NaN means the estimator returned a non-finite or zero cumulant on some rung"
0,0.012,lecroy_ws3104z,raw,8,true,3,1.6573,0.7137,5,0.200,DIAGNOSTIC,"the fitted power of S0 carried by the windowed cumulant of this order at this configuration, from a log-log fit over the S0 ladder -- NaN means the estimator returned a non-finite or zero cumulant on some rung"
0,0.012,lecroy_ws3104z,raw,8,true,5,1.7150,0.4452,5,0.134,DIAGNOSTIC,"the fitted power of S0 carried by the windowed cumulant of this order at this configuration, from a log-log fit over the S0 ladder -- NaN means the estimator returned a non-finite or zero cumulant on some rung"
0,0.012,lecroy_ws3104z,raw,8,true,7,1.3237,0.8030,5,0.088,DIAGNOSTIC,"the fitted power of S0 carried by the windowed cumulant of this order at this configuration, from a log-log fit over the S0 ladder -- NaN means the estimator returned a non-finite or zero cumulant on some rung"
0,0.012,lecroy_ws3104z,raw,12,false,3,0.9817,0.3110,5,0.737,DIAGNOSTIC,"the fitted power of S0 carried by the windowed cumulant of this order at this configuration, from a log-log fit over the S0 ladder -- NaN means the estimator returned a non-finite or zero cumulant on some rung"
0,0.012,lecroy_ws3104z,raw,12,false,5,1.0520,0.4465,5,0.208,DIAGNOSTIC,"the fitted power of S0 carried by the windowed cumulant of this order at this configuration, from a log-log fit over the S0 ladder -- NaN means the estimator returned a non-finite or zero cumulant on some rung"
0,0.012,lecroy_ws3104z,raw,12,false,7,1.0143,0.3131,5,0.370,DIAGNOSTIC,"the fitted power of S0 carried by the windowed cumulant of this order at this configuration, from a log-log fit over the S0 ladder -- NaN means the estimator returned a non-finite or zero cumulant on some rung"
0,0.012,lecroy_ws3104z,raw,12,true,3,0.6099,0.8653,5,0.157,DIAGNOSTIC,"the fitted power of S0 carried by the windowed cumulant of this order at this configuration, from a log-log fit over the S0 ladder -- NaN means the estimator returned a non-finite or zero cumulant on some rung"
0,0.012,lecroy_ws3104z,raw,12,true,5,1.0758,0.6961,5,0.108,DIAGNOSTIC,"the fitted power of S0 carried by the windowed cumulant of this order at this configuration, from a log-log fit over the S0 ladder -- NaN means the estimator returned a non-finite or zero cumulant on some rung"
0,0.012,lecroy_ws3104z,raw,12,true,7,1.0926,0.4789,5,0.104,DIAGNOSTIC,"the fitted power of S0 carried by the windowed cumulant of this order at this configuration, from a log-log fit over the S0 ladder -- NaN means the estimator returned a non-finite or zero cumulant on some rung"
0,0.012,lecroy_ws3104z,raw,16,false,3,0.5954,0.2133,5,0.890,DIAGNOSTIC,"the fitted power of S0 carried by the windowed cumulant of this order at this configuration, from a log-log fit over the S0 ladder -- NaN means the estimator returned a non-finite or zero cumulant on some rung"
0,0.012,lecroy_ws3104z,raw,16,false,5,-0.1749,0.2705,5,0.480,DIAGNOSTIC,"the fitted power of S0 carried by the windowed cumulant of this order at this configuration, from a log-log fit over the S0 ladder -- NaN means the estimator returned a non-finite or zero cumulant on some rung"
0,0.012,lecroy_ws3104z,raw,16,false,7,-0.3155,0.7256,5,0.064,DIAGNOSTIC,"the fitted power of S0 carried by the windowed cumulant of this order at this configuration, from a log-log fit over the S0 ladder -- NaN means the estimator returned a non-finite or zero cumulant on some rung"
0,0.012,lecroy_ws3104z,raw,16,true,3,1.0124,1.1054,5,0.021,DIAGNOSTIC,"the fitted power of S0 carried by the windowed cumulant of this order at this configuration, from a log-log fit over the S0 ladder -- NaN means the estimator returned a non-finite or zero cumulant on some rung"
0,0.012,lecroy_ws3104z,raw,16,true,5,0.3601,0.4521,5,0.170,DIAGNOSTIC,"the fitted power of S0 carried by the windowed cumulant of this order at this configuration, from a log-log fit over the S0 ladder -- NaN means the estimator returned a non-finite or zero cumulant on some rung"
0,0.012,lecroy_ws3104z,raw,16,true,7,-0.3277,0.6956,5,0.076,DIAGNOSTIC,"the fitted power of S0 carried by the windowed cumulant of this order at this configuration, from a log-log fit over the S0 ladder -- NaN means the estimator returned a non-finite or zero cumulant on some rung"
0,0.012,agilent_3054a,hires,3.25,false,3,1.7725,0.3797,5,0.475,DIAGNOSTIC,"the fitted power of S0 carried by the windowed cumulant of this order at this configuration, from a log-log fit over the S0 ladder -- NaN means the estimator returned a non-finite or zero cumulant on some rung"
0,0.012,agilent_3054a,hires,3.25,false,5,1.7301,0.4499,5,0.474,DIAGNOSTIC,"the fitted power of S0 carried by the windowed cumulant of this order at this configuration, from a log-log fit over the S0 ladder -- NaN means the estimator returned a non-finite or zero cumulant on some rung"
0,0.012,agilent_3054a,hires,3.25,false,7,1.8445,1.0710,5,0.039,DIAGNOSTIC,"the fitted power of S0 carried by the windowed cumulant of this order at this configuration, from a log-log fit over the S0 ladder -- NaN means the estimator returned a non-finite or zero cumulant on some rung"
0,0.012,agilent_3054a,hires,3.25,true,3,1.5546,1.1159,5,0.084,DIAGNOSTIC,"the fitted power of S0 carried by the windowed cumulant of this order at this configuration, from a log-log fit over the S0 ladder -- NaN means the estimator returned a non-finite or zero cumulant on some rung"
0,0.012,agilent_3054a,hires,3.25,true,5,1.4859,0.6921,5,0.378,DIAGNOSTIC,"the fitted power of S0 carried by the windowed cumulant of this order at this configuration, from a log-log fit over the S0 ladder -- NaN means the estimator returned a non-finite or zero cumulant on some rung"
0,0.012,agilent_3054a,hires,3.25,true,7,2.0336,0.6224,5,0.093,DIAGNOSTIC,"the fitted power of S0 carried by the windowed cumulant of this order at this configuration, from a log-log fit over the S0 ladder -- NaN means the estimator returned a non-finite or zero cumulant on some rung"
0,0.012,agilent_3054a,hires,4,false,3,1.4377,0.4653,5,0.893,DIAGNOSTIC,"the fitted power of S0 carried by the windowed cumulant of this order at this configuration, from a log-log fit over the S0 ladder -- NaN means the estimator returned a non-finite or zero cumulant on some rung"
0,0.012,agilent_3054a,hires,4,false,5,1.6331,0.4681,5,0.517,DIAGNOSTIC,"the fitted power of S0 carried by the windowed cumulant of this order at this configuration, from a log-log fit over the S0 ladder -- NaN means the estimator returned a non-finite or zero cumulant on some rung"
0,0.012,agilent_3054a,hires,4,false,7,1.3083,0.4799,5,0.838,DIAGNOSTIC,"the fitted power of S0 carried by the windowed cumulant of this order at this configuration, from a log-log fit over the S0 ladder -- NaN means the estimator returned a non-finite or zero cumulant on some rung"
0,0.012,agilent_3054a,hires,4,true,3,1.8127,0.5477,5,0.349,DIAGNOSTIC,"the fitted power of S0 carried by the windowed cumulant of this order at this configuration, from a log-log fit over the S0 ladder -- NaN means the estimator returned a non-finite or zero cumulant on some rung"
0,0.012,agilent_3054a,hires,4,true,5,2.1210,0.4775,5,0.124,DIAGNOSTIC,"the fitted power of S0 carried by the windowed cumulant of this order at this configuration, from a log-log fit over the S0 ladder -- NaN means the estimator returned a non-finite or zero cumulant on some rung"
0,0.012,agilent_3054a,hires,4,true,7,1.2870,0.6586,5,0.568,DIAGNOSTIC,"the fitted power of S0 carried by the windowed cumulant of this order at this configuration, from a log-log fit over the S0 ladder -- NaN means the estimator returned a non-finite or zero cumulant on some rung"
0,0.012,agilent_3054a,hires,6,false,3,1.3738,0.5478,5,0.854,DIAGNOSTIC,"the fitted power of S0 carried by the windowed cumulant of this order at this configuration, from a log-log fit over the S0 ladder -- NaN means the estimator returned a non-finite or zero cumulant on some rung"
0,0.012,agilent_3054a,hires,6,false,5,1.5493,0.6772,5,0.303,DIAGNOSTIC,"the fitted power of S0 carried by the windowed cumulant of this order at this configuration, from a log-log fit over the S0 ladder -- NaN means the estimator returned a non-finite or zero cumulant on some rung"
0,0.012,agilent_3054a,hires,6,false,7,1.6286,0.6487,5,0.226,DIAGNOSTIC,"the fitted power of S0 carried by the windowed cumulant of this order at this configuration, from a log-log fit over the S0 ladder -- NaN means the estimator returned a non-finite or zero cumulant on some rung"
0,0.012,agilent_3054a,hires,6,true,3,2.1055,0.4867,5,0.195,DIAGNOSTIC,"the fitted power of S0 carried by the windowed cumulant of this order at this configuration, from a log-log fit over the S0 ladder -- NaN means the estimator returned a non-finite or zero cumulant on some rung"
0,0.012,agilent_3054a,hires,6,true,5,1.4403,0.7812,5,0.180,DIAGNOSTIC,"the fitted power of S0 carried by the windowed cumulant of this order at this configuration, from a log-log fit over the S0 ladder -- NaN means the estimator returned a non-finite or zero cumulant on some rung"
0,0.012,agilent_3054a,hires,6,true,7,1.0619,0.7887,5,0.356,DIAGNOSTIC,"the fitted power of S0 carried by the windowed cumulant of this order at this configuration, from a log-log fit over the S0 ladder -- NaN means the estimator returned a non-finite or zero cumulant on some rung"
0,0.012,agilent_3054a,hires,8,false,3,1.3173,0.5651,5,0.580,DIAGNOSTIC,"the fitted power of S0 carried by the windowed cumulant of this order at this configuration, from a log-log fit over the S0 ladder -- NaN means the estimator returned a non-finite or zero cumulant on some rung"
0,0.012,agilent_3054a,hires,8,false,5,0.8680,0.6248,5,0.629,DIAGNOSTIC,"the fitted power of S0 carried by the windowed cumulant of this order at this configuration, from a log-log fit over the S0 ladder -- NaN means the estimator returned a non-finite or zero cumulant on some rung"
0,0.012,agilent_3054a,hires,8,false,7,0.8406,0.8858,5,0.158,DIAGNOSTIC,"the fitted power of S0 carried by the windowed cumulant of this order at this configuration, from a log-log fit over the S0 ladder -- NaN means the estimator returned a non-finite or zero cumulant on some rung"
0,0.012,agilent_3054a,hires,8,true,3,1.7366,0.1601,5,0.290,DIAGNOSTIC,"the fitted power of S0 carried by the windowed cumulant of this order at this configuration, from a log-log fit over the S0 ladder -- NaN means the estimator returned a non-finite or zero cumulant on some rung"
0,0.012,agilent_3054a,hires,8,true,5,1.0370,0.3647,5,0.646,DIAGNOSTIC,"the fitted power of S0 carried by the windowed cumulant of this order at this configuration, from a log-log fit over the S0 ladder -- NaN means the estimator returned a non-finite or zero cumulant on some rung"
0,0.012,agilent_3054a,hires,8,true,7,1.1074,0.5439,5,0.211,DIAGNOSTIC,"the fitted power of S0 carried by the windowed cumulant of this order at this configuration, from a log-log fit over the S0 ladder -- NaN means the estimator returned a non-finite or zero cumulant on some rung"
0,0.012,agilent_3054a,hires,12,false,3,1.7001,0.2321,5,0.192,DIAGNOSTIC,"the fitted power of S0 carried by the windowed cumulant of this order at this configuration, from a log-log fit over the S0 ladder -- NaN means the estimator returned a non-finite or zero cumulant on some rung"
0,0.012,agilent_3054a,hires,12,false,5,1.3505,0.4895,5,0.083,DIAGNOSTIC,"the fitted power of S0 carried by the windowed cumulant of this order at this configuration, from a log-log fit over the S0 ladder -- NaN means the estimator returned a non-finite or zero cumulant on some rung"
0,0.012,agilent_3054a,hires,12,false,7,0.5189,0.6228,5,0.124,DIAGNOSTIC,"the fitted power of S0 carried by the windowed cumulant of this order at this configuration, from a log-log fit over the S0 ladder -- NaN means the estimator returned a non-finite or zero cumulant on some rung"
0,0.012,agilent_3054a,hires,12,true,3,0.6506,0.2397,5,1.984,DIAGNOSTIC,"the fitted power of S0 carried by the windowed cumulant of this order at this configuration, from a log-log fit over the S0 ladder -- NaN means the estimator returned a non-finite or zero cumulant on some rung"
0,0.012,agilent_3054a,hires,12,true,5,0.3555,0.2477,5,1.867,DIAGNOSTIC,"the fitted power of S0 carried by the windowed cumulant of this order at this configuration, from a log-log fit over the S0 ladder -- NaN means the estimator returned a non-finite or zero cumulant on some rung"
0,0.012,agilent_3054a,hires,12,true,7,0.4624,0.1768,5,1.041,DIAGNOSTIC,"the fitted power of S0 carried by the windowed cumulant of this order at this configuration, from a log-log fit over the S0 ladder -- NaN means the estimator returned a non-finite or zero cumulant on some rung"
0,0.012,agilent_3054a,hires,16,false,3,0.3524,0.4142,5,0.609,DIAGNOSTIC,"the fitted power of S0 carried by the windowed cumulant of this order at this configuration, from a log-log fit over the S0 ladder -- NaN means the estimator returned a non-finite or zero cumulant on some rung"
0,0.012,agilent_3054a,hires,16,false,5,-0.1567,0.3976,5,0.391,DIAGNOSTIC,"the fitted power of S0 carried by the windowed cumulant of this order at this configuration, from a log-log fit over the S0 ladder -- NaN means the estimator returned a non-finite or zero cumulant on some rung"
0,0.012,agilent_3054a,hires,16,false,7,-0.5777,0.5986,5,0.114,DIAGNOSTIC,"the fitted power of S0 carried by the windowed cumulant of this order at this configuration, from a log-log fit over the S0 ladder -- NaN means the estimator returned a non-finite or zero cumulant on some rung"
0,0.012,agilent_3054a,hires,16,true,3,0.9405,0.4829,5,0.235,DIAGNOSTIC,"the fitted power of S0 carried by the windowed cumulant of this order at this configuration, from a log-log fit over the S0 ladder -- NaN means the estimator returned a non-finite or zero cumulant on some rung"
0,0.012,agilent_3054a,hires,16,true,5,0.3420,0.1754,5,0.685,DIAGNOSTIC,"the fitted power of S0 carried by the windowed cumulant of this order at this configuration, from a log-log fit over the S0 ladder -- NaN means the estimator returned a non-finite or zero cumulant on some rung"
0,0.012,agilent_3054a,hires,16,true,7,-0.3916,0.0717,5,0.417,DIAGNOSTIC,"the fitted power of S0 carried by the windowed cumulant of this order at this configuration, from a log-log fit over the S0 ladder -- NaN means the estimator returned a non-finite or zero cumulant on some rung"
0,0.012,rtm3004,hires,3.25,false,3,1.0684,0.5093,5,1.577,DIAGNOSTIC,"the fitted power of S0 carried by the windowed cumulant of this order at this configuration, from a log-log fit over the S0 ladder -- NaN means the estimator returned a non-finite or zero cumulant on some rung"
0,0.012,rtm3004,hires,3.25,false,5,1.1234,0.5401,5,0.933,DIAGNOSTIC,"the fitted power of S0 carried by the windowed cumulant of this order at this configuration, from a log-log fit over the S0 ladder -- NaN means the estimator returned a non-finite or zero cumulant on some rung"
0,0.012,rtm3004,hires,3.25,false,7,1.2814,0.7477,5,0.226,DIAGNOSTIC,"the fitted power of S0 carried by the windowed cumulant of this order at this configuration, from a log-log fit over the S0 ladder -- NaN means the estimator returned a non-finite or zero cumulant on some rung"
0,0.012,rtm3004,hires,3.25,true,3,1.2588,0.7260,5,0.417,DIAGNOSTIC,"the fitted power of S0 carried by the windowed cumulant of this order at this configuration, from a log-log fit over the S0 ladder -- NaN means the estimator returned a non-finite or zero cumulant on some rung"
0,0.012,rtm3004,hires,3.25,true,5,1.1559,1.0812,5,0.171,DIAGNOSTIC,"the fitted power of S0 carried by the windowed cumulant of this order at this configuration, from a log-log fit over the S0 ladder -- NaN means the estimator returned a non-finite or zero cumulant on some rung"
0,0.012,rtm3004,hires,3.25,true,7,1.2631,1.4197,5,0.055,DIAGNOSTIC,"the fitted power of S0 carried by the windowed cumulant of this order at this configuration, from a log-log fit over the S0 ladder -- NaN means the estimator returned a non-finite or zero cumulant on some rung"
0,0.012,rtm3004,hires,4,false,3,1.2606,0.4540,5,1.089,DIAGNOSTIC,"the fitted power of S0 carried by the windowed cumulant of this order at this configuration, from a log-log fit over the S0 ladder -- NaN means the estimator returned a non-finite or zero cumulant on some rung"
0,0.012,rtm3004,hires,4,false,5,0.9587,0.4792,5,1.657,DIAGNOSTIC,"the fitted power of S0 carried by the windowed cumulant of this order at this configuration, from a log-log fit over the S0 ladder -- NaN means the estimator returned a non-finite or zero cumulant on some rung"
0,0.012,rtm3004,hires,4,false,7,0.7404,0.5709,5,1.561,DIAGNOSTIC,"the fitted power of S0 carried by the windowed cumulant of this order at this configuration, from a log-log fit over the S0 ladder -- NaN means the estimator returned a non-finite or zero cumulant on some rung"
0,0.012,rtm3004,hires,4,true,3,1.4058,0.3928,5,0.975,DIAGNOSTIC,"the fitted power of S0 carried by the windowed cumulant of this order at this configuration, from a log-log fit over the S0 ladder -- NaN means the estimator returned a non-finite or zero cumulant on some rung"
0,0.012,rtm3004,hires,4,true,5,1.4473,0.4255,5,0.588,DIAGNOSTIC,"the fitted power of S0 carried by the windowed cumulant of this order at this configuration, from a log-log fit over the S0 ladder -- NaN means the estimator returned a non-finite or zero cumulant on some rung"
0,0.012,rtm3004,hires,4,true,7,1.3107,0.4402,5,0.771,DIAGNOSTIC,"the fitted power of S0 carried by the windowed cumulant of this order at this configuration, from a log-log fit over the S0 ladder -- NaN means the estimator returned a non-finite or zero cumulant on some rung"
0,0.012,rtm3004,hires,6,false,3,1.7221,0.2338,5,0.362,DIAGNOSTIC,"the fitted power of S0 carried by the windowed cumulant of this order at this configuration, from a log-log fit over the S0 ladder -- NaN means the estimator returned a non-finite or zero cumulant on some rung"
0,0.012,rtm3004,hires,6,false,5,2.1454,0.5848,5,0.051,DIAGNOSTIC,"the fitted power of S0 carried by the windowed cumulant of this order at this configuration, from a log-log fit over the S0 ladder -- NaN means the estimator returned a non-finite or zero cumulant on some rung"
0,0.012,rtm3004,hires,6,false,7,1.2479,0.4970,5,0.387,DIAGNOSTIC,"the fitted power of S0 carried by the windowed cumulant of this order at this configuration, from a log-log fit over the S0 ladder -- NaN means the estimator returned a non-finite or zero cumulant on some rung"
0,0.012,rtm3004,hires,6,true,3,1.6110,0.3619,5,0.606,DIAGNOSTIC,"the fitted power of S0 carried by the windowed cumulant of this order at this configuration, from a log-log fit over the S0 ladder -- NaN means the estimator returned a non-finite or zero cumulant on some rung"
0,0.012,rtm3004,hires,6,true,5,1.2295,0.5477,5,0.438,DIAGNOSTIC,"the fitted power of S0 carried by the windowed cumulant of this order at this configuration, from a log-log fit over the S0 ladder -- NaN means the estimator returned a non-finite or zero cumulant on some rung"
0,0.012,rtm3004,hires,6,true,7,1.1016,0.5512,5,0.431,DIAGNOSTIC,"the fitted power of S0 carried by the windowed cumulant of this order at this configuration, from a log-log fit over the S0 ladder -- NaN means the estimator returned a non-finite or zero cumulant on some rung"
0,0.012,rtm3004,hires,8,false,3,1.6675,0.4257,5,0.416,DIAGNOSTIC,"the fitted power of S0 carried by the windowed cumulant of this order at this configuration, from a log-log fit over the S0 ladder -- NaN means the estimator returned a non-finite or zero cumulant on some rung"
0,0.012,rtm3004,hires,8,false,5,1.1736,0.5604,5,0.330,DIAGNOSTIC,"the fitted power of S0 carried by the windowed cumulant of this order at this configuration, from a log-log fit over the S0 ladder -- NaN means the estimator returned a non-finite or zero cumulant on some rung"
0,0.012,rtm3004,hires,8,false,7,0.8064,0.7071,5,0.288,DIAGNOSTIC,"the fitted power of S0 carried by the windowed cumulant of this order at this configuration, from a log-log fit over the S0 ladder -- NaN means the estimator returned a non-finite or zero cumulant on some rung"
0,0.012,rtm3004,hires,8,true,3,1.9947,0.4945,5,0.173,DIAGNOSTIC,"the fitted power of S0 carried by the windowed cumulant of this order at this configuration, from a log-log fit over the S0 ladder -- NaN means the estimator returned a non-finite or zero cumulant on some rung"
0,0.012,rtm3004,hires,8,true,5,0.8608,1.2565,5,0.038,DIAGNOSTIC,"the fitted power of S0 carried by the windowed cumulant of this order at this configuration, from a log-log fit over the S0 ladder -- NaN means the estimator returned a non-finite or zero cumulant on some rung"
0,0.012,rtm3004,hires,8,true,7,0.6337,0.6737,5,0.359,DIAGNOSTIC,"the fitted power of S0 carried by the windowed cumulant of this order at this configuration, from a log-log fit over the S0 ladder -- NaN means the estimator returned a non-finite or zero cumulant on some rung"
0,0.012,rtm3004,hires,12,false,3,0.7531,0.9634,5,0.102,DIAGNOSTIC,"the fitted power of S0 carried by the windowed cumulant of this order at this configuration, from a log-log fit over the S0 ladder -- NaN means the estimator returned a non-finite or zero cumulant on some rung"
0,0.012,rtm3004,hires,12,false,5,0.3731,1.1047,5,0.039,DIAGNOSTIC,"the fitted power of S0 carried by the windowed cumulant of this order at this configuration, from a log-log fit over the S0 ladder -- NaN means the estimator returned a non-finite or zero cumulant on some rung"
0,0.012,rtm3004,hires,12,false,7,0.2497,0.6048,5,0.428,DIAGNOSTIC,"the fitted power of S0 carried by the windowed cumulant of this order at this configuration, from a log-log fit over the S0 ladder -- NaN means the estimator returned a non-finite or zero cumulant on some rung"
0,0.012,rtm3004,hires,12,true,3,1.0024,0.4159,5,0.467,DIAGNOSTIC,"the fitted power of S0 carried by the windowed cumulant of this order at this configuration, from a log-log fit over the S0 ladder -- NaN means the estimator returned a non-finite or zero cumulant on some rung"
0,0.012,rtm3004,hires,12,true,5,1.1314,1.2787,5,0.014,DIAGNOSTIC,"the fitted power of S0 carried by the windowed cumulant of this order at this configuration, from a log-log fit over the S0 ladder -- NaN means the estimator returned a non-finite or zero cumulant on some rung"
0,0.012,rtm3004,hires,12,true,7,0.6973,0.2819,5,0.588,DIAGNOSTIC,"the fitted power of S0 carried by the windowed cumulant of this order at this configuration, from a log-log fit over the S0 ladder -- NaN means the estimator returned a non-finite or zero cumulant on some rung"
0,0.012,rtm3004,hires,16,false,3,0.5188,0.3567,5,0.628,DIAGNOSTIC,"the fitted power of S0 carried by the windowed cumulant of this order at this configuration, from a log-log fit over the S0 ladder -- NaN means the estimator returned a non-finite or zero cumulant on some rung"
0,0.012,rtm3004,hires,16,false,5,0.1041,0.4067,5,0.286,DIAGNOSTIC,"the fitted power of S0 carried by the windowed cumulant of this order at this configuration, from a log-log fit over the S0 ladder -- NaN means the estimator returned a non-finite or zero cumulant on some rung"
0,0.012,rtm3004,hires,16,false,7,-0.3476,0.1971,5,0.304,DIAGNOSTIC,"the fitted power of S0 carried by the windowed cumulant of this order at this configuration, from a log-log fit over the S0 ladder -- NaN means the estimator returned a non-finite or zero cumulant on some rung"
0,0.012,rtm3004,hires,16,true,3,0.4306,0.3699,5,0.625,DIAGNOSTIC,"the fitted power of S0 carried by the windowed cumulant of this order at this configuration, from a log-log fit over the S0 ladder -- NaN means the estimator returned a non-finite or zero cumulant on some rung"
0,0.012,rtm3004,hires,16,true,5,0.1516,0.8529,5,0.068,DIAGNOSTIC,"the fitted power of S0 carried by the windowed cumulant of this order at this configuration, from a log-log fit over the S0 ladder -- NaN means the estimator returned a non-finite or zero cumulant on some rung"
0,0.012,rtm3004,hires,16,true,7,-0.1081,0.3172,5,0.441,DIAGNOSTIC,"the fitted power of S0 carried by the windowed cumulant of this order at this configuration, from a log-log fit over the S0 ladder -- NaN means the estimator returned a non-finite or zero cumulant on some rung"
0.1,0.002,lecroy_ws3104z,raw,3.25,false,3,2.8036,0.2273,5,0.220,DIAGNOSTIC,"the fitted power of S0 carried by the windowed cumulant of this order at this configuration, from a log-log fit over the S0 ladder -- NaN means the estimator returned a non-finite or zero cumulant on some rung"
0.1,0.002,lecroy_ws3104z,raw,3.25,false,5,2.1479,0.2794,5,0.747,DIAGNOSTIC,"the fitted power of S0 carried by the windowed cumulant of this order at this configuration, from a log-log fit over the S0 ladder -- NaN means the estimator returned a non-finite or zero cumulant on some rung"
0.1,0.002,lecroy_ws3104z,raw,3.25,false,7,3.4493,0.4411,5,0.017,DIAGNOSTIC,"the fitted power of S0 carried by the windowed cumulant of this order at this configuration, from a log-log fit over the S0 ladder -- NaN means the estimator returned a non-finite or zero cumulant on some rung"
0.1,0.002,lecroy_ws3104z,raw,3.25,true,3,2.1223,0.1907,5,0.817,DIAGNOSTIC,"the fitted power of S0 carried by the windowed cumulant of this order at this configuration, from a log-log fit over the S0 ladder -- NaN means the estimator returned a non-finite or zero cumulant on some rung"
0.1,0.002,lecroy_ws3104z,raw,3.25,true,5,3.7311,0.6937,5,0.008,DIAGNOSTIC,"the fitted power of S0 carried by the windowed cumulant of this order at this configuration, from a log-log fit over the S0 ladder -- NaN means the estimator returned a non-finite or zero cumulant on some rung"
0.1,0.002,lecroy_ws3104z,raw,3.25,true,7,3.2537,0.4960,5,0.024,DIAGNOSTIC,"the fitted power of S0 carried by the windowed cumulant of this order at this configuration, from a log-log fit over the S0 ladder -- NaN means the estimator returned a non-finite or zero cumulant on some rung"
0.1,0.002,lecroy_ws3104z,raw,4,false,3,2.4725,0.4046,5,0.550,DIAGNOSTIC,"the fitted power of S0 carried by the windowed cumulant of this order at this configuration, from a log-log fit over the S0 ladder -- NaN means the estimator returned a non-finite or zero cumulant on some rung"
0.1,0.002,lecroy_ws3104z,raw,4,false,5,2.5838,0.1739,5,0.252,DIAGNOSTIC,"the fitted power of S0 carried by the windowed cumulant of this order at this configuration, from a log-log fit over the S0 ladder -- NaN means the estimator returned a non-finite or zero cumulant on some rung"
0.1,0.002,lecroy_ws3104z,raw,4,false,7,2.3065,0.3046,5,0.434,DIAGNOSTIC,"the fitted power of S0 carried by the windowed cumulant of this order at this configuration, from a log-log fit over the S0 ladder -- NaN means the estimator returned a non-finite or zero cumulant on some rung"
0.1,0.002,lecroy_ws3104z,raw,4,true,3,2.3112,0.4052,5,0.775,DIAGNOSTIC,"the fitted power of S0 carried by the windowed cumulant of this order at this configuration, from a log-log fit over the S0 ladder -- NaN means the estimator returned a non-finite or zero cumulant on some rung"
0.1,0.002,lecroy_ws3104z,raw,4,true,5,1.9718,0.3849,5,1.181,DIAGNOSTIC,"the fitted power of S0 carried by the windowed cumulant of this order at this configuration, from a log-log fit over the S0 ladder -- NaN means the estimator returned a non-finite or zero cumulant on some rung"
0.1,0.002,lecroy_ws3104z,raw,4,true,7,2.2824,0.2152,5,0.397,DIAGNOSTIC,"the fitted power of S0 carried by the windowed cumulant of this order at this configuration, from a log-log fit over the S0 ladder -- NaN means the estimator returned a non-finite or zero cumulant on some rung"
0.1,0.002,lecroy_ws3104z,raw,6,false,3,2.6081,0.1222,5,0.197,DIAGNOSTIC,"the fitted power of S0 carried by the windowed cumulant of this order at this configuration, from a log-log fit over the S0 ladder -- NaN means the estimator returned a non-finite or zero cumulant on some rung"
0.1,0.002,lecroy_ws3104z,raw,6,false,5,2.8266,0.7182,5,0.065,DIAGNOSTIC,"the fitted power of S0 carried by the windowed cumulant of this order at this configuration, from a log-log fit over the S0 ladder -- NaN means the estimator returned a non-finite or zero cumulant on some rung"
0.1,0.002,lecroy_ws3104z,raw,6,false,7,2.6461,0.2201,5,0.109,DIAGNOSTIC,"the fitted power of S0 carried by the windowed cumulant of this order at this configuration, from a log-log fit over the S0 ladder -- NaN means the estimator returned a non-finite or zero cumulant on some rung"
0.1,0.002,lecroy_ws3104z,raw,6,true,3,2.3205,0.1142,5,0.352,DIAGNOSTIC,"the fitted power of S0 carried by the windowed cumulant of this order at this configuration, from a log-log fit over the S0 ladder -- NaN means the estimator returned a non-finite or zero cumulant on some rung"
0.1,0.002,lecroy_ws3104z,raw,6,true,5,2.5314,0.0726,5,0.151,DIAGNOSTIC,"the fitted power of S0 carried by the windowed cumulant of this order at this configuration, from a log-log fit over the S0 ladder -- NaN means the estimator returned a non-finite or zero cumulant on some rung"
0.1,0.002,lecroy_ws3104z,raw,6,true,7,2.1952,0.3498,5,0.400,DIAGNOSTIC,"the fitted power of S0 carried by the windowed cumulant of this order at this configuration, from a log-log fit over the S0 ladder -- NaN means the estimator returned a non-finite or zero cumulant on some rung"
0.1,0.002,lecroy_ws3104z,raw,8,false,3,1.8939,0.4492,5,0.544,DIAGNOSTIC,"the fitted power of S0 carried by the windowed cumulant of this order at this configuration, from a log-log fit over the S0 ladder -- NaN means the estimator returned a non-finite or zero cumulant on some rung"
0.1,0.002,lecroy_ws3104z,raw,8,false,5,2.4554,1.5628,5,0.005,DIAGNOSTIC,"the fitted power of S0 carried by the windowed cumulant of this order at this configuration, from a log-log fit over the S0 ladder -- NaN means the estimator returned a non-finite or zero cumulant on some rung"
0.1,0.002,lecroy_ws3104z,raw,8,false,7,1.3919,0.4013,5,0.737,DIAGNOSTIC,"the fitted power of S0 carried by the windowed cumulant of this order at this configuration, from a log-log fit over the S0 ladder -- NaN means the estimator returned a non-finite or zero cumulant on some rung"
0.1,0.002,lecroy_ws3104z,raw,8,true,3,2.0365,0.2220,5,0.343,DIAGNOSTIC,"the fitted power of S0 carried by the windowed cumulant of this order at this configuration, from a log-log fit over the S0 ladder -- NaN means the estimator returned a non-finite or zero cumulant on some rung"
0.1,0.002,lecroy_ws3104z,raw,8,true,5,1.6891,0.3148,5,0.469,DIAGNOSTIC,"the fitted power of S0 carried by the windowed cumulant of this order at this configuration, from a log-log fit over the S0 ladder -- NaN means the estimator returned a non-finite or zero cumulant on some rung"
0.1,0.002,lecroy_ws3104z,raw,8,true,7,1.1905,0.3877,5,1.291,DIAGNOSTIC,"the fitted power of S0 carried by the windowed cumulant of this order at this configuration, from a log-log fit over the S0 ladder -- NaN means the estimator returned a non-finite or zero cumulant on some rung"
0.1,0.002,lecroy_ws3104z,raw,12,false,3,2.0223,0.2289,5,0.197,DIAGNOSTIC,"the fitted power of S0 carried by the windowed cumulant of this order at this configuration, from a log-log fit over the S0 ladder -- NaN means the estimator returned a non-finite or zero cumulant on some rung"
0.1,0.002,lecroy_ws3104z,raw,12,false,5,1.0845,0.6706,5,0.171,DIAGNOSTIC,"the fitted power of S0 carried by the windowed cumulant of this order at this configuration, from a log-log fit over the S0 ladder -- NaN means the estimator returned a non-finite or zero cumulant on some rung"
0.1,0.002,lecroy_ws3104z,raw,12,false,7,0.8763,0.6557,5,0.143,DIAGNOSTIC,"the fitted power of S0 carried by the windowed cumulant of this order at this configuration, from a log-log fit over the S0 ladder -- NaN means the estimator returned a non-finite or zero cumulant on some rung"
0.1,0.002,lecroy_ws3104z,raw,12,true,3,1.8585,1.3230,5,0.025,DIAGNOSTIC,"the fitted power of S0 carried by the windowed cumulant of this order at this configuration, from a log-log fit over the S0 ladder -- NaN means the estimator returned a non-finite or zero cumulant on some rung"
0.1,0.002,lecroy_ws3104z,raw,12,true,5,0.8290,0.7312,5,0.395,DIAGNOSTIC,"the fitted power of S0 carried by the windowed cumulant of this order at this configuration, from a log-log fit over the S0 ladder -- NaN means the estimator returned a non-finite or zero cumulant on some rung"
0.1,0.002,lecroy_ws3104z,raw,12,true,7,0.6190,1.0751,5,0.060,DIAGNOSTIC,"the fitted power of S0 carried by the windowed cumulant of this order at this configuration, from a log-log fit over the S0 ladder -- NaN means the estimator returned a non-finite or zero cumulant on some rung"
0.1,0.002,lecroy_ws3104z,raw,16,false,3,0.2661,1.4299,5,0.020,DIAGNOSTIC,"the fitted power of S0 carried by the windowed cumulant of this order at this configuration, from a log-log fit over the S0 ladder -- NaN means the estimator returned a non-finite or zero cumulant on some rung"
0.1,0.002,lecroy_ws3104z,raw,16,false,5,0.4650,0.3973,5,0.681,DIAGNOSTIC,"the fitted power of S0 carried by the windowed cumulant of this order at this configuration, from a log-log fit over the S0 ladder -- NaN means the estimator returned a non-finite or zero cumulant on some rung"
0.1,0.002,lecroy_ws3104z,raw,16,false,7,0.2123,0.3763,5,0.614,DIAGNOSTIC,"the fitted power of S0 carried by the windowed cumulant of this order at this configuration, from a log-log fit over the S0 ladder -- NaN means the estimator returned a non-finite or zero cumulant on some rung"
0.1,0.002,lecroy_ws3104z,raw,16,true,3,1.0802,0.7222,5,0.198,DIAGNOSTIC,"the fitted power of S0 carried by the windowed cumulant of this order at this configuration, from a log-log fit over the S0 ladder -- NaN means the estimator returned a non-finite or zero cumulant on some rung"
0.1,0.002,lecroy_ws3104z,raw,16,true,5,0.5634,0.3228,5,0.635,DIAGNOSTIC,"the fitted power of S0 carried by the windowed cumulant of this order at this configuration, from a log-log fit over the S0 ladder -- NaN means the estimator returned a non-finite or zero cumulant on some rung"
0.1,0.002,lecroy_ws3104z,raw,16,true,7,1.7726,0.3573,5,0.042,DIAGNOSTIC,"the fitted power of S0 carried by the windowed cumulant of this order at this configuration, from a log-log fit over the S0 ladder -- NaN means the estimator returned a non-finite or zero cumulant on some rung"
0.1,0.002,agilent_3054a,hires,3.25,false,3,2.5502,0.3019,5,0.570,DIAGNOSTIC,"the fitted power of S0 carried by the windowed cumulant of this order at this configuration, from a log-log fit over the S0 ladder -- NaN means the estimator returned a non-finite or zero cumulant on some rung"
0.1,0.002,agilent_3054a,hires,3.25,false,5,2.5942,0.3341,5,0.476,DIAGNOSTIC,"the fitted power of S0 carried by the windowed cumulant of this order at this configuration, from a log-log fit over the S0 ladder -- NaN means the estimator returned a non-finite or zero cumulant on some rung"
0.1,0.002,agilent_3054a,hires,3.25,false,7,2.6309,0.1801,5,0.314,DIAGNOSTIC,"the fitted power of S0 carried by the windowed cumulant of this order at this configuration, from a log-log fit over the S0 ladder -- NaN means the estimator returned a non-finite or zero cumulant on some rung"
0.1,0.002,agilent_3054a,hires,3.25,true,3,2.7865,0.4679,5,0.413,DIAGNOSTIC,"the fitted power of S0 carried by the windowed cumulant of this order at this configuration, from a log-log fit over the S0 ladder -- NaN means the estimator returned a non-finite or zero cumulant on some rung"
0.1,0.002,agilent_3054a,hires,3.25,true,5,2.9109,0.8844,5,0.084,DIAGNOSTIC,"the fitted power of S0 carried by the windowed cumulant of this order at this configuration, from a log-log fit over the S0 ladder -- NaN means the estimator returned a non-finite or zero cumulant on some rung"
0.1,0.002,agilent_3054a,hires,3.25,true,7,2.5278,0.8563,5,0.136,DIAGNOSTIC,"the fitted power of S0 carried by the windowed cumulant of this order at this configuration, from a log-log fit over the S0 ladder -- NaN means the estimator returned a non-finite or zero cumulant on some rung"
0.1,0.002,agilent_3054a,hires,4,false,3,2.7765,0.1395,5,0.317,DIAGNOSTIC,"the fitted power of S0 carried by the windowed cumulant of this order at this configuration, from a log-log fit over the S0 ladder -- NaN means the estimator returned a non-finite or zero cumulant on some rung"
0.1,0.002,agilent_3054a,hires,4,false,5,2.2959,0.2799,5,0.836,DIAGNOSTIC,"the fitted power of S0 carried by the windowed cumulant of this order at this configuration, from a log-log fit over the S0 ladder -- NaN means the estimator returned a non-finite or zero cumulant on some rung"
0.1,0.002,agilent_3054a,hires,4,false,7,2.6085,0.2212,5,0.348,DIAGNOSTIC,"the fitted power of S0 carried by the windowed cumulant of this order at this configuration, from a log-log fit over the S0 ladder -- NaN means the estimator returned a non-finite or zero cumulant on some rung"
0.1,0.002,agilent_3054a,hires,4,true,3,2.6939,0.1298,5,0.378,DIAGNOSTIC,"the fitted power of S0 carried by the windowed cumulant of this order at this configuration, from a log-log fit over the S0 ladder -- NaN means the estimator returned a non-finite or zero cumulant on some rung"
0.1,0.002,agilent_3054a,hires,4,true,5,2.3354,0.3713,5,0.911,DIAGNOSTIC,"the fitted power of S0 carried by the windowed cumulant of this order at this configuration, from a log-log fit over the S0 ladder -- NaN means the estimator returned a non-finite or zero cumulant on some rung"
0.1,0.002,agilent_3054a,hires,4,true,7,2.1764,0.3670,5,1.063,DIAGNOSTIC,"the fitted power of S0 carried by the windowed cumulant of this order at this configuration, from a log-log fit over the S0 ladder -- NaN means the estimator returned a non-finite or zero cumulant on some rung"
0.1,0.002,agilent_3054a,hires,6,false,3,2.4628,0.4262,5,0.710,DIAGNOSTIC,"the fitted power of S0 carried by the windowed cumulant of this order at this configuration, from a log-log fit over the S0 ladder -- NaN means the estimator returned a non-finite or zero cumulant on some rung"
0.1,0.002,agilent_3054a,hires,6,false,5,2.2645,0.4244,5,0.727,DIAGNOSTIC,"the fitted power of S0 carried by the windowed cumulant of this order at this configuration, from a log-log fit over the S0 ladder -- NaN means the estimator returned a non-finite or zero cumulant on some rung"
0.1,0.002,agilent_3054a,hires,6,false,7,1.7592,0.4905,5,1.322,DIAGNOSTIC,"the fitted power of S0 carried by the windowed cumulant of this order at this configuration, from a log-log fit over the S0 ladder -- NaN means the estimator returned a non-finite or zero cumulant on some rung"
0.1,0.002,agilent_3054a,hires,6,true,3,2.9363,0.1025,5,0.181,DIAGNOSTIC,"the fitted power of S0 carried by the windowed cumulant of this order at this configuration, from a log-log fit over the S0 ladder -- NaN means the estimator returned a non-finite or zero cumulant on some rung"
0.1,0.002,agilent_3054a,hires,6,true,5,3.0320,0.3857,5,0.156,DIAGNOSTIC,"the fitted power of S0 carried by the windowed cumulant of this order at this configuration, from a log-log fit over the S0 ladder -- NaN means the estimator returned a non-finite or zero cumulant on some rung"
0.1,0.002,agilent_3054a,hires,6,true,7,2.2827,0.5313,5,0.365,DIAGNOSTIC,"the fitted power of S0 carried by the windowed cumulant of this order at this configuration, from a log-log fit over the S0 ladder -- NaN means the estimator returned a non-finite or zero cumulant on some rung"
0.1,0.002,agilent_3054a,hires,8,false,3,2.7844,0.3961,5,0.250,DIAGNOSTIC,"the fitted power of S0 carried by the windowed cumulant of this order at this configuration, from a log-log fit over the S0 ladder -- NaN means the estimator returned a non-finite or zero cumulant on some rung"
0.1,0.002,agilent_3054a,hires,8,false,5,2.0765,0.4203,5,0.675,DIAGNOSTIC,"the fitted power of S0 carried by the windowed cumulant of this order at this configuration, from a log-log fit over the S0 ladder -- NaN means the estimator returned a non-finite or zero cumulant on some rung"
0.1,0.002,agilent_3054a,hires,8,false,7,2.3906,0.2959,5,0.157,DIAGNOSTIC,"the fitted power of S0 carried by the windowed cumulant of this order at this configuration, from a log-log fit over the S0 ladder -- NaN means the estimator returned a non-finite or zero cumulant on some rung"
0.1,0.002,agilent_3054a,hires,8,true,3,2.2411,0.2699,5,0.655,DIAGNOSTIC,"the fitted power of S0 carried by the windowed cumulant of this order at this configuration, from a log-log fit over the S0 ladder -- NaN means the estimator returned a non-finite or zero cumulant on some rung"
0.1,0.002,agilent_3054a,hires,8,true,5,2.9499,0.1086,5,0.058,DIAGNOSTIC,"the fitted power of S0 carried by the windowed cumulant of this order at this configuration, from a log-log fit over the S0 ladder -- NaN means the estimator returned a non-finite or zero cumulant on some rung"
0.1,0.002,agilent_3054a,hires,8,true,7,2.1580,0.4557,5,0.321,DIAGNOSTIC,"the fitted power of S0 carried by the windowed cumulant of this order at this configuration, from a log-log fit over the S0 ladder -- NaN means the estimator returned a non-finite or zero cumulant on some rung"
0.1,0.002,agilent_3054a,hires,12,false,3,2.4320,0.4308,5,0.217,DIAGNOSTIC,"the fitted power of S0 carried by the windowed cumulant of this order at this configuration, from a log-log fit over the S0 ladder -- NaN means the estimator returned a non-finite or zero cumulant on some rung"
0.1,0.002,agilent_3054a,hires,12,false,5,1.9929,0.5173,5,0.167,DIAGNOSTIC,"the fitted power of S0 carried by the windowed cumulant of this order at this configuration, from a log-log fit over the S0 ladder -- NaN means the estimator returned a non-finite or zero cumulant on some rung"
0.1,0.002,agilent_3054a,hires,12,false,7,1.4368,0.3988,5,0.366,DIAGNOSTIC,"the fitted power of S0 carried by the windowed cumulant of this order at this configuration, from a log-log fit over the S0 ladder -- NaN means the estimator returned a non-finite or zero cumulant on some rung"
0.1,0.002,agilent_3054a,hires,12,true,3,2.1659,0.2314,5,0.221,DIAGNOSTIC,"the fitted power of S0 carried by the windowed cumulant of this order at this configuration, from a log-log fit over the S0 ladder -- NaN means the estimator returned a non-finite or zero cumulant on some rung"
0.1,0.002,agilent_3054a,hires,12,true,5,1.7524,0.4209,5,0.246,DIAGNOSTIC,"the fitted power of S0 carried by the windowed cumulant of this order at this configuration, from a log-log fit over the S0 ladder -- NaN means the estimator returned a non-finite or zero cumulant on some rung"
0.1,0.002,agilent_3054a,hires,12,true,7,2.3723,0.4388,5,0.028,DIAGNOSTIC,"the fitted power of S0 carried by the windowed cumulant of this order at this configuration, from a log-log fit over the S0 ladder -- NaN means the estimator returned a non-finite or zero cumulant on some rung"
0.1,0.002,agilent_3054a,hires,16,false,3,1.1248,0.7622,5,0.383,DIAGNOSTIC,"the fitted power of S0 carried by the windowed cumulant of this order at this configuration, from a log-log fit over the S0 ladder -- NaN means the estimator returned a non-finite or zero cumulant on some rung"
0.1,0.002,agilent_3054a,hires,16,false,5,1.2141,1.3531,5,0.033,DIAGNOSTIC,"the fitted power of S0 carried by the windowed cumulant of this order at this configuration, from a log-log fit over the S0 ladder -- NaN means the estimator returned a non-finite or zero cumulant on some rung"
0.1,0.002,agilent_3054a,hires,16,false,7,0.8348,1.4576,5,0.010,DIAGNOSTIC,"the fitted power of S0 carried by the windowed cumulant of this order at this configuration, from a log-log fit over the S0 ladder -- NaN means the estimator returned a non-finite or zero cumulant on some rung"
0.1,0.002,agilent_3054a,hires,16,true,3,1.5445,0.3994,5,0.458,DIAGNOSTIC,"the fitted power of S0 carried by the windowed cumulant of this order at this configuration, from a log-log fit over the S0 ladder -- NaN means the estimator returned a non-finite or zero cumulant on some rung"
0.1,0.002,agilent_3054a,hires,16,true,5,1.6057,0.2652,5,0.190,DIAGNOSTIC,"the fitted power of S0 carried by the windowed cumulant of this order at this configuration, from a log-log fit over the S0 ladder -- NaN means the estimator returned a non-finite or zero cumulant on some rung"
0.1,0.002,agilent_3054a,hires,16,true,7,1.1949,0.3505,5,0.282,DIAGNOSTIC,"the fitted power of S0 carried by the windowed cumulant of this order at this configuration, from a log-log fit over the S0 ladder -- NaN means the estimator returned a non-finite or zero cumulant on some rung"
0.1,0.002,rtm3004,hires,3.25,false,3,2.2496,0.2278,5,0.963,DIAGNOSTIC,"the fitted power of S0 carried by the windowed cumulant of this order at this configuration, from a log-log fit over the S0 ladder -- NaN means the estimator returned a non-finite or zero cumulant on some rung"
0.1,0.002,rtm3004,hires,3.25,false,5,2.2415,0.1949,5,0.763,DIAGNOSTIC,"the fitted power of S0 carried by the windowed cumulant of this order at this configuration, from a log-log fit over the S0 ladder -- NaN means the estimator returned a non-finite or zero cumulant on some rung"
0.1,0.002,rtm3004,hires,3.25,false,7,1.9803,0.3012,5,1.338,DIAGNOSTIC,"the fitted power of S0 carried by the windowed cumulant of this order at this configuration, from a log-log fit over the S0 ladder -- NaN means the estimator returned a non-finite or zero cumulant on some rung"
0.1,0.002,rtm3004,hires,3.25,true,3,2.8709,0.0785,5,0.187,DIAGNOSTIC,"the fitted power of S0 carried by the windowed cumulant of this order at this configuration, from a log-log fit over the S0 ladder -- NaN means the estimator returned a non-finite or zero cumulant on some rung"
0.1,0.002,rtm3004,hires,3.25,true,5,2.2229,0.2797,5,0.908,DIAGNOSTIC,"the fitted power of S0 carried by the windowed cumulant of this order at this configuration, from a log-log fit over the S0 ladder -- NaN means the estimator returned a non-finite or zero cumulant on some rung"
0.1,0.002,rtm3004,hires,3.25,true,7,2.4042,0.2761,5,0.583,DIAGNOSTIC,"the fitted power of S0 carried by the windowed cumulant of this order at this configuration, from a log-log fit over the S0 ladder -- NaN means the estimator returned a non-finite or zero cumulant on some rung"
0.1,0.002,rtm3004,hires,4,false,3,2.5242,0.1401,5,0.524,DIAGNOSTIC,"the fitted power of S0 carried by the windowed cumulant of this order at this configuration, from a log-log fit over the S0 ladder -- NaN means the estimator returned a non-finite or zero cumulant on some rung"
0.1,0.002,rtm3004,hires,4,false,5,2.3777,0.1464,5,0.558,DIAGNOSTIC,"the fitted power of S0 carried by the windowed cumulant of this order at this configuration, from a log-log fit over the S0 ladder -- NaN means the estimator returned a non-finite or zero cumulant on some rung"
0.1,0.002,rtm3004,hires,4,false,7,2.1405,0.2464,5,0.884,DIAGNOSTIC,"the fitted power of S0 carried by the windowed cumulant of this order at this configuration, from a log-log fit over the S0 ladder -- NaN means the estimator returned a non-finite or zero cumulant on some rung"
0.1,0.002,rtm3004,hires,4,true,3,3.0488,0.0556,5,0.156,DIAGNOSTIC,"the fitted power of S0 carried by the windowed cumulant of this order at this configuration, from a log-log fit over the S0 ladder -- NaN means the estimator returned a non-finite or zero cumulant on some rung"
0.1,0.002,rtm3004,hires,4,true,5,2.5648,0.3665,5,0.566,DIAGNOSTIC,"the fitted power of S0 carried by the windowed cumulant of this order at this configuration, from a log-log fit over the S0 ladder -- NaN means the estimator returned a non-finite or zero cumulant on some rung"
0.1,0.002,rtm3004,hires,4,true,7,2.4973,0.3762,5,0.559,DIAGNOSTIC,"the fitted power of S0 carried by the windowed cumulant of this order at this configuration, from a log-log fit over the S0 ladder -- NaN means the estimator returned a non-finite or zero cumulant on some rung"
0.1,0.002,rtm3004,hires,6,false,3,2.0797,0.3251,5,1.494,DIAGNOSTIC,"the fitted power of S0 carried by the windowed cumulant of this order at this configuration, from a log-log fit over the S0 ladder -- NaN means the estimator returned a non-finite or zero cumulant on some rung"
0.1,0.002,rtm3004,hires,6,false,5,1.9498,0.3664,5,1.475,DIAGNOSTIC,"the fitted power of S0 carried by the windowed cumulant of this order at this configuration, from a log-log fit over the S0 ladder -- NaN means the estimator returned a non-finite or zero cumulant on some rung"
0.1,0.002,rtm3004,hires,6,false,7,1.8923,0.4955,5,0.821,DIAGNOSTIC,"the fitted power of S0 carried by the windowed cumulant of this order at this configuration, from a log-log fit over the S0 ladder -- NaN means the estimator returned a non-finite or zero cumulant on some rung"
0.1,0.002,rtm3004,hires,6,true,3,4.3846,0.7427,5,0.003,DIAGNOSTIC,"the fitted power of S0 carried by the windowed cumulant of this order at this configuration, from a log-log fit over the S0 ladder -- NaN means the estimator returned a non-finite or zero cumulant on some rung"
0.1,0.002,rtm3004,hires,6,true,5,2.9395,0.1236,5,0.132,DIAGNOSTIC,"the fitted power of S0 carried by the windowed cumulant of this order at this configuration, from a log-log fit over the S0 ladder -- NaN means the estimator returned a non-finite or zero cumulant on some rung"
0.1,0.002,rtm3004,hires,6,true,7,2.6631,0.2161,5,0.198,DIAGNOSTIC,"the fitted power of S0 carried by the windowed cumulant of this order at this configuration, from a log-log fit over the S0 ladder -- NaN means the estimator returned a non-finite or zero cumulant on some rung"
0.1,0.002,rtm3004,hires,8,false,3,2.2715,0.9675,5,0.121,DIAGNOSTIC,"the fitted power of S0 carried by the windowed cumulant of this order at this configuration, from a log-log fit over the S0 ladder -- NaN means the estimator returned a non-finite or zero cumulant on some rung"
0.1,0.002,rtm3004,hires,8,false,5,2.0261,1.1223,5,0.071,DIAGNOSTIC,"the fitted power of S0 carried by the windowed cumulant of this order at this configuration, from a log-log fit over the S0 ladder -- NaN means the estimator returned a non-finite or zero cumulant on some rung"
0.1,0.002,rtm3004,hires,8,false,7,1.6378,0.8072,5,0.317,DIAGNOSTIC,"the fitted power of S0 carried by the windowed cumulant of this order at this configuration, from a log-log fit over the S0 ladder -- NaN means the estimator returned a non-finite or zero cumulant on some rung"
0.1,0.002,rtm3004,hires,8,true,3,2.4231,0.1349,5,0.352,DIAGNOSTIC,"the fitted power of S0 carried by the windowed cumulant of this order at this configuration, from a log-log fit over the S0 ladder -- NaN means the estimator returned a non-finite or zero cumulant on some rung"
0.1,0.002,rtm3004,hires,8,true,5,2.1223,0.2905,5,0.548,DIAGNOSTIC,"the fitted power of S0 carried by the windowed cumulant of this order at this configuration, from a log-log fit over the S0 ladder -- NaN means the estimator returned a non-finite or zero cumulant on some rung"
0.1,0.002,rtm3004,hires,8,true,7,2.6685,0.0750,5,0.091,DIAGNOSTIC,"the fitted power of S0 carried by the windowed cumulant of this order at this configuration, from a log-log fit over the S0 ladder -- NaN means the estimator returned a non-finite or zero cumulant on some rung"
0.1,0.002,rtm3004,hires,12,false,3,1.8691,0.4556,5,0.497,DIAGNOSTIC,"the fitted power of S0 carried by the windowed cumulant of this order at this configuration, from a log-log fit over the S0 ladder -- NaN means the estimator returned a non-finite or zero cumulant on some rung"
0.1,0.002,rtm3004,hires,12,false,5,1.8083,0.5713,5,0.191,DIAGNOSTIC,"the fitted power of S0 carried by the windowed cumulant of this order at this configuration, from a log-log fit over the S0 ladder -- NaN means the estimator returned a non-finite or zero cumulant on some rung"
0.1,0.002,rtm3004,hires,12,false,7,1.4065,0.4507,5,0.401,DIAGNOSTIC,"the fitted power of S0 carried by the windowed cumulant of this order at this configuration, from a log-log fit over the S0 ladder -- NaN means the estimator returned a non-finite or zero cumulant on some rung"
0.1,0.002,rtm3004,hires,12,true,3,1.9876,0.2282,5,0.328,DIAGNOSTIC,"the fitted power of S0 carried by the windowed cumulant of this order at this configuration, from a log-log fit over the S0 ladder -- NaN means the estimator returned a non-finite or zero cumulant on some rung"
0.1,0.002,rtm3004,hires,12,true,5,1.3800,0.4011,5,0.551,DIAGNOSTIC,"the fitted power of S0 carried by the windowed cumulant of this order at this configuration, from a log-log fit over the S0 ladder -- NaN means the estimator returned a non-finite or zero cumulant on some rung"
0.1,0.002,rtm3004,hires,12,true,7,0.9711,0.6545,5,0.541,DIAGNOSTIC,"the fitted power of S0 carried by the windowed cumulant of this order at this configuration, from a log-log fit over the S0 ladder -- NaN means the estimator returned a non-finite or zero cumulant on some rung"
0.1,0.002,rtm3004,hires,16,false,3,1.2321,0.5985,5,0.695,DIAGNOSTIC,"the fitted power of S0 carried by the windowed cumulant of this order at this configuration, from a log-log fit over the S0 ladder -- NaN means the estimator returned a non-finite or zero cumulant on some rung"
0.1,0.002,rtm3004,hires,16,false,5,0.8943,0.6972,5,0.256,DIAGNOSTIC,"the fitted power of S0 carried by the windowed cumulant of this order at this configuration, from a log-log fit over the S0 ladder -- NaN means the estimator returned a non-finite or zero cumulant on some rung"
0.1,0.002,rtm3004,hires,16,false,7,0.9049,0.4429,5,0.452,DIAGNOSTIC,"the fitted power of S0 carried by the windowed cumulant of this order at this configuration, from a log-log fit over the S0 ladder -- NaN means the estimator returned a non-finite or zero cumulant on some rung"
0.1,0.002,rtm3004,hires,16,true,3,2.3061,0.6946,5,0.060,DIAGNOSTIC,"the fitted power of S0 carried by the windowed cumulant of this order at this configuration, from a log-log fit over the S0 ladder -- NaN means the estimator returned a non-finite or zero cumulant on some rung"
0.1,0.002,rtm3004,hires,16,true,5,1.4572,0.4216,5,0.223,DIAGNOSTIC,"the fitted power of S0 carried by the windowed cumulant of this order at this configuration, from a log-log fit over the S0 ladder -- NaN means the estimator returned a non-finite or zero cumulant on some rung"
0.1,0.002,rtm3004,hires,16,true,7,0.5865,0.2433,5,1.110,DIAGNOSTIC,"the fitted power of S0 carried by the windowed cumulant of this order at this configuration, from a log-log fit over the S0 ladder -- NaN means the estimator returned a non-finite or zero cumulant on some rung"
0.1,0.004,lecroy_ws3104z,raw,3.25,false,3,2.1773,0.2984,5,0.530,DIAGNOSTIC,"the fitted power of S0 carried by the windowed cumulant of this order at this configuration, from a log-log fit over the S0 ladder -- NaN means the estimator returned a non-finite or zero cumulant on some rung"
0.1,0.004,lecroy_ws3104z,raw,3.25,false,5,1.9017,0.4464,5,0.833,DIAGNOSTIC,"the fitted power of S0 carried by the windowed cumulant of this order at this configuration, from a log-log fit over the S0 ladder -- NaN means the estimator returned a non-finite or zero cumulant on some rung"
0.1,0.004,lecroy_ws3104z,raw,3.25,false,7,1.9210,0.4718,5,0.676,DIAGNOSTIC,"the fitted power of S0 carried by the windowed cumulant of this order at this configuration, from a log-log fit over the S0 ladder -- NaN means the estimator returned a non-finite or zero cumulant on some rung"
0.1,0.004,lecroy_ws3104z,raw,3.25,true,3,2.4774,0.1522,5,0.248,DIAGNOSTIC,"the fitted power of S0 carried by the windowed cumulant of this order at this configuration, from a log-log fit over the S0 ladder -- NaN means the estimator returned a non-finite or zero cumulant on some rung"
0.1,0.004,lecroy_ws3104z,raw,3.25,true,5,2.4428,0.1375,5,0.208,DIAGNOSTIC,"the fitted power of S0 carried by the windowed cumulant of this order at this configuration, from a log-log fit over the S0 ladder -- NaN means the estimator returned a non-finite or zero cumulant on some rung"
0.1,0.004,lecroy_ws3104z,raw,3.25,true,7,2.7893,0.1746,5,0.069,DIAGNOSTIC,"the fitted power of S0 carried by the windowed cumulant of this order at this configuration, from a log-log fit over the S0 ladder -- NaN means the estimator returned a non-finite or zero cumulant on some rung"
0.1,0.004,lecroy_ws3104z,raw,4,false,3,1.7718,0.4437,5,1.142,DIAGNOSTIC,"the fitted power of S0 carried by the windowed cumulant of this order at this configuration, from a log-log fit over the S0 ladder -- NaN means the estimator returned a non-finite or zero cumulant on some rung"
0.1,0.004,lecroy_ws3104z,raw,4,false,5,1.7590,0.3969,5,1.062,DIAGNOSTIC,"the fitted power of S0 carried by the windowed cumulant of this order at this configuration, from a log-log fit over the S0 ladder -- NaN means the estimator returned a non-finite or zero cumulant on some rung"
0.1,0.004,lecroy_ws3104z,raw,4,false,7,1.5907,0.3074,5,1.373,DIAGNOSTIC,"the fitted power of S0 carried by the windowed cumulant of this order at this configuration, from a log-log fit over the S0 ladder -- NaN means the estimator returned a non-finite or zero cumulant on some rung"
0.1,0.004,lecroy_ws3104z,raw,4,true,3,1.9202,0.2568,5,0.645,DIAGNOSTIC,"the fitted power of S0 carried by the windowed cumulant of this order at this configuration, from a log-log fit over the S0 ladder -- NaN means the estimator returned a non-finite or zero cumulant on some rung"
0.1,0.004,lecroy_ws3104z,raw,4,true,5,1.7598,0.2842,5,0.831,DIAGNOSTIC,"the fitted power of S0 carried by the windowed cumulant of this order at this configuration, from a log-log fit over the S0 ladder -- NaN means the estimator returned a non-finite or zero cumulant on some rung"
0.1,0.004,lecroy_ws3104z,raw,4,true,7,1.6503,0.3208,5,0.795,DIAGNOSTIC,"the fitted power of S0 carried by the windowed cumulant of this order at this configuration, from a log-log fit over the S0 ladder -- NaN means the estimator returned a non-finite or zero cumulant on some rung"
0.1,0.004,lecroy_ws3104z,raw,6,false,3,2.2637,0.9265,5,0.079,DIAGNOSTIC,"the fitted power of S0 carried by the windowed cumulant of this order at this configuration, from a log-log fit over the S0 ladder -- NaN means the estimator returned a non-finite or zero cumulant on some rung"
0.1,0.004,lecroy_ws3104z,raw,6,false,5,1.9794,1.0072,5,0.078,DIAGNOSTIC,"the fitted power of S0 carried by the windowed cumulant of this order at this configuration, from a log-log fit over the S0 ladder -- NaN means the estimator returned a non-finite or zero cumulant on some rung"
0.1,0.004,lecroy_ws3104z,raw,6,false,7,1.8254,1.1941,5,0.052,DIAGNOSTIC,"the fitted power of S0 carried by the windowed cumulant of this order at this configuration, from a log-log fit over the S0 ladder -- NaN means the estimator returned a non-finite or zero cumulant on some rung"
0.1,0.004,lecroy_ws3104z,raw,6,true,3,1.6705,0.4803,5,1.284,DIAGNOSTIC,"the fitted power of S0 carried by the windowed cumulant of this order at this configuration, from a log-log fit over the S0 ladder -- NaN means the estimator returned a non-finite or zero cumulant on some rung"
0.1,0.004,lecroy_ws3104z,raw,6,true,5,1.4849,0.7331,5,0.610,DIAGNOSTIC,"the fitted power of S0 carried by the windowed cumulant of this order at this configuration, from a log-log fit over the S0 ladder -- NaN means the estimator returned a non-finite or zero cumulant on some rung"
0.1,0.004,lecroy_ws3104z,raw,6,true,7,1.5170,0.5962,5,0.745,DIAGNOSTIC,"the fitted power of S0 carried by the windowed cumulant of this order at this configuration, from a log-log fit over the S0 ladder -- NaN means the estimator returned a non-finite or zero cumulant on some rung"
0.1,0.004,lecroy_ws3104z,raw,8,false,3,1.7798,0.3048,5,0.408,DIAGNOSTIC,"the fitted power of S0 carried by the windowed cumulant of this order at this configuration, from a log-log fit over the S0 ladder -- NaN means the estimator returned a non-finite or zero cumulant on some rung"
0.1,0.004,lecroy_ws3104z,raw,8,false,5,1.9108,0.4654,5,0.129,DIAGNOSTIC,"the fitted power of S0 carried by the windowed cumulant of this order at this configuration, from a log-log fit over the S0 ladder -- NaN means the estimator returned a non-finite or zero cumulant on some rung"
0.1,0.004,lecroy_ws3104z,raw,8,false,7,1.4539,0.4685,5,0.281,DIAGNOSTIC,"the fitted power of S0 carried by the windowed cumulant of this order at this configuration, from a log-log fit over the S0 ladder -- NaN means the estimator returned a non-finite or zero cumulant on some rung"
0.1,0.004,lecroy_ws3104z,raw,8,true,3,2.5536,0.5382,5,0.109,DIAGNOSTIC,"the fitted power of S0 carried by the windowed cumulant of this order at this configuration, from a log-log fit over the S0 ladder -- NaN means the estimator returned a non-finite or zero cumulant on some rung"
0.1,0.004,lecroy_ws3104z,raw,8,true,5,1.7564,0.5734,5,0.214,DIAGNOSTIC,"the fitted power of S0 carried by the windowed cumulant of this order at this configuration, from a log-log fit over the S0 ladder -- NaN means the estimator returned a non-finite or zero cumulant on some rung"
0.1,0.004,lecroy_ws3104z,raw,8,true,7,1.4341,0.4493,5,0.513,DIAGNOSTIC,"the fitted power of S0 carried by the windowed cumulant of this order at this configuration, from a log-log fit over the S0 ladder -- NaN means the estimator returned a non-finite or zero cumulant on some rung"
0.1,0.004,lecroy_ws3104z,raw,12,false,3,0.8883,0.8224,5,0.270,DIAGNOSTIC,"the fitted power of S0 carried by the windowed cumulant of this order at this configuration, from a log-log fit over the S0 ladder -- NaN means the estimator returned a non-finite or zero cumulant on some rung"
0.1,0.004,lecroy_ws3104z,raw,12,false,5,1.8903,0.7578,5,0.029,DIAGNOSTIC,"the fitted power of S0 carried by the windowed cumulant of this order at this configuration, from a log-log fit over the S0 ladder -- NaN means the estimator returned a non-finite or zero cumulant on some rung"
0.1,0.004,lecroy_ws3104z,raw,12,false,7,1.0094,1.1873,5,0.061,DIAGNOSTIC,"the fitted power of S0 carried by the windowed cumulant of this order at this configuration, from a log-log fit over the S0 ladder -- NaN means the estimator returned a non-finite or zero cumulant on some rung"
0.1,0.004,lecroy_ws3104z,raw,12,true,3,0.8474,0.7682,5,0.362,DIAGNOSTIC,"the fitted power of S0 carried by the windowed cumulant of this order at this configuration, from a log-log fit over the S0 ladder -- NaN means the estimator returned a non-finite or zero cumulant on some rung"
0.1,0.004,lecroy_ws3104z,raw,12,true,5,0.5003,0.9664,5,0.172,DIAGNOSTIC,"the fitted power of S0 carried by the windowed cumulant of this order at this configuration, from a log-log fit over the S0 ladder -- NaN means the estimator returned a non-finite or zero cumulant on some rung"
0.1,0.004,lecroy_ws3104z,raw,12,true,7,0.4428,0.8258,5,0.152,DIAGNOSTIC,"the fitted power of S0 carried by the windowed cumulant of this order at this configuration, from a log-log fit over the S0 ladder -- NaN means the estimator returned a non-finite or zero cumulant on some rung"
0.1,0.004,lecroy_ws3104z,raw,16,false,3,0.6105,0.3260,5,0.876,DIAGNOSTIC,"the fitted power of S0 carried by the windowed cumulant of this order at this configuration, from a log-log fit over the S0 ladder -- NaN means the estimator returned a non-finite or zero cumulant on some rung"
0.1,0.004,lecroy_ws3104z,raw,16,false,5,0.2464,0.2000,5,1.131,DIAGNOSTIC,"the fitted power of S0 carried by the windowed cumulant of this order at this configuration, from a log-log fit over the S0 ladder -- NaN means the estimator returned a non-finite or zero cumulant on some rung"
0.1,0.004,lecroy_ws3104z,raw,16,false,7,0.1458,0.1574,5,0.764,DIAGNOSTIC,"the fitted power of S0 carried by the windowed cumulant of this order at this configuration, from a log-log fit over the S0 ladder -- NaN means the estimator returned a non-finite or zero cumulant on some rung"
0.1,0.004,lecroy_ws3104z,raw,16,true,3,1.3595,0.3943,5,0.238,DIAGNOSTIC,"the fitted power of S0 carried by the windowed cumulant of this order at this configuration, from a log-log fit over the S0 ladder -- NaN means the estimator returned a non-finite or zero cumulant on some rung"
0.1,0.004,lecroy_ws3104z,raw,16,true,5,0.7272,0.9348,5,0.030,DIAGNOSTIC,"the fitted power of S0 carried by the windowed cumulant of this order at this configuration, from a log-log fit over the S0 ladder -- NaN means the estimator returned a non-finite or zero cumulant on some rung"
0.1,0.004,lecroy_ws3104z,raw,16,true,7,0.8254,1.0290,5,0.018,DIAGNOSTIC,"the fitted power of S0 carried by the windowed cumulant of this order at this configuration, from a log-log fit over the S0 ladder -- NaN means the estimator returned a non-finite or zero cumulant on some rung"
0.1,0.004,agilent_3054a,hires,3.25,false,3,2.3584,0.2515,5,0.257,DIAGNOSTIC,"the fitted power of S0 carried by the windowed cumulant of this order at this configuration, from a log-log fit over the S0 ladder -- NaN means the estimator returned a non-finite or zero cumulant on some rung"
0.1,0.004,agilent_3054a,hires,3.25,false,5,1.7514,0.4030,5,1.170,DIAGNOSTIC,"the fitted power of S0 carried by the windowed cumulant of this order at this configuration, from a log-log fit over the S0 ladder -- NaN means the estimator returned a non-finite or zero cumulant on some rung"
0.1,0.004,agilent_3054a,hires,3.25,false,7,1.7286,0.4563,5,1.155,DIAGNOSTIC,"the fitted power of S0 carried by the windowed cumulant of this order at this configuration, from a log-log fit over the S0 ladder -- NaN means the estimator returned a non-finite or zero cumulant on some rung"
0.1,0.004,agilent_3054a,hires,3.25,true,3,2.3230,0.2103,5,0.272,DIAGNOSTIC,"the fitted power of S0 carried by the windowed cumulant of this order at this configuration, from a log-log fit over the S0 ladder -- NaN means the estimator returned a non-finite or zero cumulant on some rung"
0.1,0.004,agilent_3054a,hires,3.25,true,5,1.7826,0.2955,5,0.778,DIAGNOSTIC,"the fitted power of S0 carried by the windowed cumulant of this order at this configuration, from a log-log fit over the S0 ladder -- NaN means the estimator returned a non-finite or zero cumulant on some rung"
0.1,0.004,agilent_3054a,hires,3.25,true,7,2.2697,0.3317,5,0.185,DIAGNOSTIC,"the fitted power of S0 carried by the windowed cumulant of this order at this configuration, from a log-log fit over the S0 ladder -- NaN means the estimator returned a non-finite or zero cumulant on some rung"
0.1,0.004,agilent_3054a,hires,4,false,3,2.7014,0.1832,5,0.124,DIAGNOSTIC,"the fitted power of S0 carried by the windowed cumulant of this order at this configuration, from a log-log fit over the S0 ladder -- NaN means the estimator returned a non-finite or zero cumulant on some rung"
0.1,0.004,agilent_3054a,hires,4,false,5,2.0107,0.2774,5,0.616,DIAGNOSTIC,"the fitted power of S0 carried by the windowed cumulant of this order at this configuration, from a log-log fit over the S0 ladder -- NaN means the estimator returned a non-finite or zero cumulant on some rung"
0.1,0.004,agilent_3054a,hires,4,false,7,1.8068,0.3633,5,0.937,DIAGNOSTIC,"the fitted power of S0 carried by the windowed cumulant of this order at this configuration, from a log-log fit over the S0 ladder -- NaN means the estimator returned a non-finite or zero cumulant on some rung"
0.1,0.004,agilent_3054a,hires,4,true,3,1.8426,0.4772,5,1.215,DIAGNOSTIC,"the fitted power of S0 carried by the windowed cumulant of this order at this configuration, from a log-log fit over the S0 ladder -- NaN means the estimator returned a non-finite or zero cumulant on some rung"
0.1,0.004,agilent_3054a,hires,4,true,5,1.9747,0.7625,5,0.252,DIAGNOSTIC,"the fitted power of S0 carried by the windowed cumulant of this order at this configuration, from a log-log fit over the S0 ladder -- NaN means the estimator returned a non-finite or zero cumulant on some rung"
0.1,0.004,agilent_3054a,hires,4,true,7,1.7716,0.7688,5,0.290,DIAGNOSTIC,"the fitted power of S0 carried by the windowed cumulant of this order at this configuration, from a log-log fit over the S0 ladder -- NaN means the estimator returned a non-finite or zero cumulant on some rung"
0.1,0.004,agilent_3054a,hires,6,false,3,2.5390,0.2445,5,0.135,DIAGNOSTIC,"the fitted power of S0 carried by the windowed cumulant of this order at this configuration, from a log-log fit over the S0 ladder -- NaN means the estimator returned a non-finite or zero cumulant on some rung"
0.1,0.004,agilent_3054a,hires,6,false,5,2.1961,0.1848,5,0.275,DIAGNOSTIC,"the fitted power of S0 carried by the windowed cumulant of this order at this configuration, from a log-log fit over the S0 ladder -- NaN means the estimator returned a non-finite or zero cumulant on some rung"
0.1,0.004,agilent_3054a,hires,6,false,7,2.4596,0.2903,5,0.091,DIAGNOSTIC,"the fitted power of S0 carried by the windowed cumulant of this order at this configuration, from a log-log fit over the S0 ladder -- NaN means the estimator returned a non-finite or zero cumulant on some rung"
0.1,0.004,agilent_3054a,hires,6,true,3,2.9257,0.5658,5,0.116,DIAGNOSTIC,"the fitted power of S0 carried by the windowed cumulant of this order at this configuration, from a log-log fit over the S0 ladder -- NaN means the estimator returned a non-finite or zero cumulant on some rung"
0.1,0.004,agilent_3054a,hires,6,true,5,1.9597,0.5702,5,0.389,DIAGNOSTIC,"the fitted power of S0 carried by the windowed cumulant of this order at this configuration, from a log-log fit over the S0 ladder -- NaN means the estimator returned a non-finite or zero cumulant on some rung"
0.1,0.004,agilent_3054a,hires,6,true,7,1.7239,0.4968,5,0.656,DIAGNOSTIC,"the fitted power of S0 carried by the windowed cumulant of this order at this configuration, from a log-log fit over the S0 ladder -- NaN means the estimator returned a non-finite or zero cumulant on some rung"
0.1,0.004,agilent_3054a,hires,8,false,3,1.5755,0.5278,5,0.757,DIAGNOSTIC,"the fitted power of S0 carried by the windowed cumulant of this order at this configuration, from a log-log fit over the S0 ladder -- NaN means the estimator returned a non-finite or zero cumulant on some rung"
0.1,0.004,agilent_3054a,hires,8,false,5,1.2816,0.5920,5,0.626,DIAGNOSTIC,"the fitted power of S0 carried by the windowed cumulant of this order at this configuration, from a log-log fit over the S0 ladder -- NaN means the estimator returned a non-finite or zero cumulant on some rung"
0.1,0.004,agilent_3054a,hires,8,false,7,1.0578,0.5277,5,0.970,DIAGNOSTIC,"the fitted power of S0 carried by the windowed cumulant of this order at this configuration, from a log-log fit over the S0 ladder -- NaN means the estimator returned a non-finite or zero cumulant on some rung"
0.1,0.004,agilent_3054a,hires,8,true,3,1.9357,0.3784,5,0.650,DIAGNOSTIC,"the fitted power of S0 carried by the windowed cumulant of this order at this configuration, from a log-log fit over the S0 ladder -- NaN means the estimator returned a non-finite or zero cumulant on some rung"
0.1,0.004,agilent_3054a,hires,8,true,5,1.8043,0.4056,5,0.553,DIAGNOSTIC,"the fitted power of S0 carried by the windowed cumulant of this order at this configuration, from a log-log fit over the S0 ladder -- NaN means the estimator returned a non-finite or zero cumulant on some rung"
0.1,0.004,agilent_3054a,hires,8,true,7,1.6605,0.4307,5,0.498,DIAGNOSTIC,"the fitted power of S0 carried by the windowed cumulant of this order at this configuration, from a log-log fit over the S0 ladder -- NaN means the estimator returned a non-finite or zero cumulant on some rung"
0.1,0.004,agilent_3054a,hires,12,false,3,0.9639,0.4023,5,1.978,DIAGNOSTIC,"the fitted power of S0 carried by the windowed cumulant of this order at this configuration, from a log-log fit over the S0 ladder -- NaN means the estimator returned a non-finite or zero cumulant on some rung"
0.1,0.004,agilent_3054a,hires,12,false,5,0.7984,0.3214,5,1.478,DIAGNOSTIC,"the fitted power of S0 carried by the windowed cumulant of this order at this configuration, from a log-log fit over the S0 ladder -- NaN means the estimator returned a non-finite or zero cumulant on some rung"
0.1,0.004,agilent_3054a,hires,12,false,7,0.5753,0.4565,5,0.724,DIAGNOSTIC,"the fitted power of S0 carried by the windowed cumulant of this order at this configuration, from a log-log fit over the S0 ladder -- NaN means the estimator returned a non-finite or zero cumulant on some rung"
0.1,0.004,agilent_3054a,hires,12,true,3,1.4679,0.3879,5,0.710,DIAGNOSTIC,"the fitted power of S0 carried by the windowed cumulant of this order at this configuration, from a log-log fit over the S0 ladder -- NaN means the estimator returned a non-finite or zero cumulant on some rung"
0.1,0.004,agilent_3054a,hires,12,true,5,1.0401,0.3417,5,0.772,DIAGNOSTIC,"the fitted power of S0 carried by the windowed cumulant of this order at this configuration, from a log-log fit over the S0 ladder -- NaN means the estimator returned a non-finite or zero cumulant on some rung"
0.1,0.004,agilent_3054a,hires,12,true,7,0.6086,0.4959,5,0.996,DIAGNOSTIC,"the fitted power of S0 carried by the windowed cumulant of this order at this configuration, from a log-log fit over the S0 ladder -- NaN means the estimator returned a non-finite or zero cumulant on some rung"
0.1,0.004,agilent_3054a,hires,16,false,3,1.0893,0.4416,5,0.654,DIAGNOSTIC,"the fitted power of S0 carried by the windowed cumulant of this order at this configuration, from a log-log fit over the S0 ladder -- NaN means the estimator returned a non-finite or zero cumulant on some rung"
0.1,0.004,agilent_3054a,hires,16,false,5,0.7956,0.5110,5,0.341,DIAGNOSTIC,"the fitted power of S0 carried by the windowed cumulant of this order at this configuration, from a log-log fit over the S0 ladder -- NaN means the estimator returned a non-finite or zero cumulant on some rung"
0.1,0.004,agilent_3054a,hires,16,false,7,0.5203,0.2005,5,0.516,DIAGNOSTIC,"the fitted power of S0 carried by the windowed cumulant of this order at this configuration, from a log-log fit over the S0 ladder -- NaN means the estimator returned a non-finite or zero cumulant on some rung"
0.1,0.004,agilent_3054a,hires,16,true,3,3.1364,0.4328,5,0.007,DIAGNOSTIC,"the fitted power of S0 carried by the windowed cumulant of this order at this configuration, from a log-log fit over the S0 ladder -- NaN means the estimator returned a non-finite or zero cumulant on some rung"
0.1,0.004,agilent_3054a,hires,16,true,5,1.0005,0.3468,5,0.278,DIAGNOSTIC,"the fitted power of S0 carried by the windowed cumulant of this order at this configuration, from a log-log fit over the S0 ladder -- NaN means the estimator returned a non-finite or zero cumulant on some rung"
0.1,0.004,agilent_3054a,hires,16,true,7,1.2480,0.1509,5,0.143,DIAGNOSTIC,"the fitted power of S0 carried by the windowed cumulant of this order at this configuration, from a log-log fit over the S0 ladder -- NaN means the estimator returned a non-finite or zero cumulant on some rung"
0.1,0.004,rtm3004,hires,3.25,false,3,1.8181,0.5891,5,0.636,DIAGNOSTIC,"the fitted power of S0 carried by the windowed cumulant of this order at this configuration, from a log-log fit over the S0 ladder -- NaN means the estimator returned a non-finite or zero cumulant on some rung"
0.1,0.004,rtm3004,hires,3.25,false,5,2.1656,1.0095,5,0.084,DIAGNOSTIC,"the fitted power of S0 carried by the windowed cumulant of this order at this configuration, from a log-log fit over the S0 ladder -- NaN means the estimator returned a non-finite or zero cumulant on some rung"
0.1,0.004,rtm3004,hires,3.25,false,7,2.1246,0.8514,5,0.127,DIAGNOSTIC,"the fitted power of S0 carried by the windowed cumulant of this order at this configuration, from a log-log fit over the S0 ladder -- NaN means the estimator returned a non-finite or zero cumulant on some rung"
0.1,0.004,rtm3004,hires,3.25,true,3,2.5398,0.3822,5,0.340,DIAGNOSTIC,"the fitted power of S0 carried by the windowed cumulant of this order at this configuration, from a log-log fit over the S0 ladder -- NaN means the estimator returned a non-finite or zero cumulant on some rung"
0.1,0.004,rtm3004,hires,3.25,true,5,2.5765,0.4913,5,0.228,DIAGNOSTIC,"the fitted power of S0 carried by the windowed cumulant of this order at this configuration, from a log-log fit over the S0 ladder -- NaN means the estimator returned a non-finite or zero cumulant on some rung"
0.1,0.004,rtm3004,hires,3.25,true,7,2.6354,1.2803,5,0.017,DIAGNOSTIC,"the fitted power of S0 carried by the windowed cumulant of this order at this configuration, from a log-log fit over the S0 ladder -- NaN means the estimator returned a non-finite or zero cumulant on some rung"
0.1,0.004,rtm3004,hires,4,false,3,2.4009,0.2538,5,0.386,DIAGNOSTIC,"the fitted power of S0 carried by the windowed cumulant of this order at this configuration, from a log-log fit over the S0 ladder -- NaN means the estimator returned a non-finite or zero cumulant on some rung"
0.1,0.004,rtm3004,hires,4,false,5,1.8530,0.4421,5,0.911,DIAGNOSTIC,"the fitted power of S0 carried by the windowed cumulant of this order at this configuration, from a log-log fit over the S0 ladder -- NaN means the estimator returned a non-finite or zero cumulant on some rung"
0.1,0.004,rtm3004,hires,4,false,7,1.8027,0.3838,5,1.043,DIAGNOSTIC,"the fitted power of S0 carried by the windowed cumulant of this order at this configuration, from a log-log fit over the S0 ladder -- NaN means the estimator returned a non-finite or zero cumulant on some rung"
0.1,0.004,rtm3004,hires,4,true,3,1.9796,0.3678,5,1.061,DIAGNOSTIC,"the fitted power of S0 carried by the windowed cumulant of this order at this configuration, from a log-log fit over the S0 ladder -- NaN means the estimator returned a non-finite or zero cumulant on some rung"
0.1,0.004,rtm3004,hires,4,true,5,1.8028,0.3544,5,1.259,DIAGNOSTIC,"the fitted power of S0 carried by the windowed cumulant of this order at this configuration, from a log-log fit over the S0 ladder -- NaN means the estimator returned a non-finite or zero cumulant on some rung"
0.1,0.004,rtm3004,hires,4,true,7,1.8600,0.2856,5,0.793,DIAGNOSTIC,"the fitted power of S0 carried by the windowed cumulant of this order at this configuration, from a log-log fit over the S0 ladder -- NaN means the estimator returned a non-finite or zero cumulant on some rung"
0.1,0.004,rtm3004,hires,6,false,3,1.8562,0.3196,5,0.996,DIAGNOSTIC,"the fitted power of S0 carried by the windowed cumulant of this order at this configuration, from a log-log fit over the S0 ladder -- NaN means the estimator returned a non-finite or zero cumulant on some rung"
0.1,0.004,rtm3004,hires,6,false,5,2.2034,0.2517,5,0.267,DIAGNOSTIC,"the fitted power of S0 carried by the windowed cumulant of this order at this configuration, from a log-log fit over the S0 ladder -- NaN means the estimator returned a non-finite or zero cumulant on some rung"
0.1,0.004,rtm3004,hires,6,false,7,2.7097,0.3395,5,0.052,DIAGNOSTIC,"the fitted power of S0 carried by the windowed cumulant of this order at this configuration, from a log-log fit over the S0 ladder -- NaN means the estimator returned a non-finite or zero cumulant on some rung"
0.1,0.004,rtm3004,hires,6,true,3,2.4369,0.1193,5,0.250,DIAGNOSTIC,"the fitted power of S0 carried by the windowed cumulant of this order at this configuration, from a log-log fit over the S0 ladder -- NaN means the estimator returned a non-finite or zero cumulant on some rung"
0.1,0.004,rtm3004,hires,6,true,5,2.0890,0.1902,5,0.365,DIAGNOSTIC,"the fitted power of S0 carried by the windowed cumulant of this order at this configuration, from a log-log fit over the S0 ladder -- NaN means the estimator returned a non-finite or zero cumulant on some rung"
0.1,0.004,rtm3004,hires,6,true,7,1.9451,0.4203,5,0.485,DIAGNOSTIC,"the fitted power of S0 carried by the windowed cumulant of this order at this configuration, from a log-log fit over the S0 ladder -- NaN means the estimator returned a non-finite or zero cumulant on some rung"
0.1,0.004,rtm3004,hires,8,false,3,1.5366,0.5331,5,0.868,DIAGNOSTIC,"the fitted power of S0 carried by the windowed cumulant of this order at this configuration, from a log-log fit over the S0 ladder -- NaN means the estimator returned a non-finite or zero cumulant on some rung"
0.1,0.004,rtm3004,hires,8,false,5,1.2555,0.5405,5,0.931,DIAGNOSTIC,"the fitted power of S0 carried by the windowed cumulant of this order at this configuration, from a log-log fit over the S0 ladder -- NaN means the estimator returned a non-finite or zero cumulant on some rung"
0.1,0.004,rtm3004,hires,8,false,7,1.0049,0.6949,5,0.711,DIAGNOSTIC,"the fitted power of S0 carried by the windowed cumulant of this order at this configuration, from a log-log fit over the S0 ladder -- NaN means the estimator returned a non-finite or zero cumulant on some rung"
0.1,0.004,rtm3004,hires,8,true,3,3.5677,0.5723,5,0.007,DIAGNOSTIC,"the fitted power of S0 carried by the windowed cumulant of this order at this configuration, from a log-log fit over the S0 ladder -- NaN means the estimator returned a non-finite or zero cumulant on some rung"
0.1,0.004,rtm3004,hires,8,true,5,2.7504,0.3562,5,0.039,DIAGNOSTIC,"the fitted power of S0 carried by the windowed cumulant of this order at this configuration, from a log-log fit over the S0 ladder -- NaN means the estimator returned a non-finite or zero cumulant on some rung"
0.1,0.004,rtm3004,hires,8,true,7,1.9762,0.3285,5,0.198,DIAGNOSTIC,"the fitted power of S0 carried by the windowed cumulant of this order at this configuration, from a log-log fit over the S0 ladder -- NaN means the estimator returned a non-finite or zero cumulant on some rung"
0.1,0.004,rtm3004,hires,12,false,3,1.4129,0.4514,5,0.703,DIAGNOSTIC,"the fitted power of S0 carried by the windowed cumulant of this order at this configuration, from a log-log fit over the S0 ladder -- NaN means the estimator returned a non-finite or zero cumulant on some rung"
0.1,0.004,rtm3004,hires,12,false,5,1.5776,0.7718,5,0.175,DIAGNOSTIC,"the fitted power of S0 carried by the windowed cumulant of this order at this configuration, from a log-log fit over the S0 ladder -- NaN means the estimator returned a non-finite or zero cumulant on some rung"
0.1,0.004,rtm3004,hires,12,false,7,1.2932,0.3778,5,0.357,DIAGNOSTIC,"the fitted power of S0 carried by the windowed cumulant of this order at this configuration, from a log-log fit over the S0 ladder -- NaN means the estimator returned a non-finite or zero cumulant on some rung"
0.1,0.004,rtm3004,hires,12,true,3,2.1394,0.3908,5,0.105,DIAGNOSTIC,"the fitted power of S0 carried by the windowed cumulant of this order at this configuration, from a log-log fit over the S0 ladder -- NaN means the estimator returned a non-finite or zero cumulant on some rung"
0.1,0.004,rtm3004,hires,12,true,5,1.5560,0.3231,5,0.331,DIAGNOSTIC,"the fitted power of S0 carried by the windowed cumulant of this order at this configuration, from a log-log fit over the S0 ladder -- NaN means the estimator returned a non-finite or zero cumulant on some rung"
0.1,0.004,rtm3004,hires,12,true,7,1.5867,0.2755,5,0.162,DIAGNOSTIC,"the fitted power of S0 carried by the windowed cumulant of this order at this configuration, from a log-log fit over the S0 ladder -- NaN means the estimator returned a non-finite or zero cumulant on some rung"
0.1,0.004,rtm3004,hires,16,false,3,1.3035,0.3844,5,0.554,DIAGNOSTIC,"the fitted power of S0 carried by the windowed cumulant of this order at this configuration, from a log-log fit over the S0 ladder -- NaN means the estimator returned a non-finite or zero cumulant on some rung"
0.1,0.004,rtm3004,hires,16,false,5,1.2469,0.9457,5,0.030,DIAGNOSTIC,"the fitted power of S0 carried by the windowed cumulant of this order at this configuration, from a log-log fit over the S0 ladder -- NaN means the estimator returned a non-finite or zero cumulant on some rung"
0.1,0.004,rtm3004,hires,16,false,7,1.4108,0.1149,5,0.100,DIAGNOSTIC,"the fitted power of S0 carried by the windowed cumulant of this order at this configuration, from a log-log fit over the S0 ladder -- NaN means the estimator returned a non-finite or zero cumulant on some rung"
0.1,0.004,rtm3004,hires,16,true,3,0.7020,0.7537,5,0.499,DIAGNOSTIC,"the fitted power of S0 carried by the windowed cumulant of this order at this configuration, from a log-log fit over the S0 ladder -- NaN means the estimator returned a non-finite or zero cumulant on some rung"
0.1,0.004,rtm3004,hires,16,true,5,0.5425,0.3678,5,0.584,DIAGNOSTIC,"the fitted power of S0 carried by the windowed cumulant of this order at this configuration, from a log-log fit over the S0 ladder -- NaN means the estimator returned a non-finite or zero cumulant on some rung"
0.1,0.004,rtm3004,hires,16,true,7,0.2968,0.6442,5,0.165,DIAGNOSTIC,"the fitted power of S0 carried by the windowed cumulant of this order at this configuration, from a log-log fit over the S0 ladder -- NaN means the estimator returned a non-finite or zero cumulant on some rung"
0.1,0.012,lecroy_ws3104z,raw,3.25,false,3,1.3785,0.5136,5,0.864,DIAGNOSTIC,"the fitted power of S0 carried by the windowed cumulant of this order at this configuration, from a log-log fit over the S0 ladder -- NaN means the estimator returned a non-finite or zero cumulant on some rung"
0.1,0.012,lecroy_ws3104z,raw,3.25,false,5,1.1416,0.6922,5,0.502,DIAGNOSTIC,"the fitted power of S0 carried by the windowed cumulant of this order at this configuration, from a log-log fit over the S0 ladder -- NaN means the estimator returned a non-finite or zero cumulant on some rung"
0.1,0.012,lecroy_ws3104z,raw,3.25,false,7,1.2064,0.6920,5,0.306,DIAGNOSTIC,"the fitted power of S0 carried by the windowed cumulant of this order at this configuration, from a log-log fit over the S0 ladder -- NaN means the estimator returned a non-finite or zero cumulant on some rung"
0.1,0.012,lecroy_ws3104z,raw,3.25,true,3,2.2594,0.2255,5,0.111,DIAGNOSTIC,"the fitted power of S0 carried by the windowed cumulant of this order at this configuration, from a log-log fit over the S0 ladder -- NaN means the estimator returned a non-finite or zero cumulant on some rung"
0.1,0.012,lecroy_ws3104z,raw,3.25,true,5,1.7299,0.4940,5,0.325,DIAGNOSTIC,"the fitted power of S0 carried by the windowed cumulant of this order at this configuration, from a log-log fit over the S0 ladder -- NaN means the estimator returned a non-finite or zero cumulant on some rung"
0.1,0.012,lecroy_ws3104z,raw,3.25,true,7,1.4180,0.7266,5,0.321,DIAGNOSTIC,"the fitted power of S0 carried by the windowed cumulant of this order at this configuration, from a log-log fit over the S0 ladder -- NaN means the estimator returned a non-finite or zero cumulant on some rung"
0.1,0.012,lecroy_ws3104z,raw,4,false,3,1.6374,0.5829,5,0.386,DIAGNOSTIC,"the fitted power of S0 carried by the windowed cumulant of this order at this configuration, from a log-log fit over the S0 ladder -- NaN means the estimator returned a non-finite or zero cumulant on some rung"
0.1,0.012,lecroy_ws3104z,raw,4,false,5,1.6605,0.4888,5,0.574,DIAGNOSTIC,"the fitted power of S0 carried by the windowed cumulant of this order at this configuration, from a log-log fit over the S0 ladder -- NaN means the estimator returned a non-finite or zero cumulant on some rung"
0.1,0.012,lecroy_ws3104z,raw,4,false,7,1.3114,0.8302,5,0.257,DIAGNOSTIC,"the fitted power of S0 carried by the windowed cumulant of this order at this configuration, from a log-log fit over the S0 ladder -- NaN means the estimator returned a non-finite or zero cumulant on some rung"
0.1,0.012,lecroy_ws3104z,raw,4,true,3,1.5286,0.8477,5,0.157,DIAGNOSTIC,"the fitted power of S0 carried by the windowed cumulant of this order at this configuration, from a log-log fit over the S0 ladder -- NaN means the estimator returned a non-finite or zero cumulant on some rung"
0.1,0.012,lecroy_ws3104z,raw,4,true,5,1.5918,0.9791,5,0.073,DIAGNOSTIC,"the fitted power of S0 carried by the windowed cumulant of this order at this configuration, from a log-log fit over the S0 ladder -- NaN means the estimator returned a non-finite or zero cumulant on some rung"
0.1,0.012,lecroy_ws3104z,raw,4,true,7,1.8266,1.1851,5,0.023,DIAGNOSTIC,"the fitted power of S0 carried by the windowed cumulant of this order at this configuration, from a log-log fit over the S0 ladder -- NaN means the estimator returned a non-finite or zero cumulant on some rung"
0.1,0.012,lecroy_ws3104z,raw,6,false,3,1.9335,0.4782,5,0.230,DIAGNOSTIC,"the fitted power of S0 carried by the windowed cumulant of this order at this configuration, from a log-log fit over the S0 ladder -- NaN means the estimator returned a non-finite or zero cumulant on some rung"
0.1,0.012,lecroy_ws3104z,raw,6,false,5,1.4473,0.4559,5,0.406,DIAGNOSTIC,"the fitted power of S0 carried by the windowed cumulant of this order at this configuration, from a log-log fit over the S0 ladder -- NaN means the estimator returned a non-finite or zero cumulant on some rung"
0.1,0.012,lecroy_ws3104z,raw,6,false,7,1.4230,0.2483,5,0.521,DIAGNOSTIC,"the fitted power of S0 carried by the windowed cumulant of this order at this configuration, from a log-log fit over the S0 ladder -- NaN means the estimator returned a non-finite or zero cumulant on some rung"
0.1,0.012,lecroy_ws3104z,raw,6,true,3,1.3171,0.6211,5,0.691,DIAGNOSTIC,"the fitted power of S0 carried by the windowed cumulant of this order at this configuration, from a log-log fit over the S0 ladder -- NaN means the estimator returned a non-finite or zero cumulant on some rung"
0.1,0.012,lecroy_ws3104z,raw,6,true,5,0.9966,0.5649,5,0.870,DIAGNOSTIC,"the fitted power of S0 carried by the windowed cumulant of this order at this configuration, from a log-log fit over the S0 ladder -- NaN means the estimator returned a non-finite or zero cumulant on some rung"
0.1,0.012,lecroy_ws3104z,raw,6,true,7,0.8081,0.6436,5,0.622,DIAGNOSTIC,"the fitted power of S0 carried by the windowed cumulant of this order at this configuration, from a log-log fit over the S0 ladder -- NaN means the estimator returned a non-finite or zero cumulant on some rung"
0.1,0.012,lecroy_ws3104z,raw,8,false,3,1.3629,0.5858,5,0.298,DIAGNOSTIC,"the fitted power of S0 carried by the windowed cumulant of this order at this configuration, from a log-log fit over the S0 ladder -- NaN means the estimator returned a non-finite or zero cumulant on some rung"
0.1,0.012,lecroy_ws3104z,raw,8,false,5,1.0205,0.5576,5,0.341,DIAGNOSTIC,"the fitted power of S0 carried by the windowed cumulant of this order at this configuration, from a log-log fit over the S0 ladder -- NaN means the estimator returned a non-finite or zero cumulant on some rung"
0.1,0.012,lecroy_ws3104z,raw,8,false,7,0.7508,0.6170,5,0.248,DIAGNOSTIC,"the fitted power of S0 carried by the windowed cumulant of this order at this configuration, from a log-log fit over the S0 ladder -- NaN means the estimator returned a non-finite or zero cumulant on some rung"
0.1,0.012,lecroy_ws3104z,raw,8,true,3,1.9167,0.3959,5,0.208,DIAGNOSTIC,"the fitted power of S0 carried by the windowed cumulant of this order at this configuration, from a log-log fit over the S0 ladder -- NaN means the estimator returned a non-finite or zero cumulant on some rung"
0.1,0.012,lecroy_ws3104z,raw,8,true,5,2.6301,0.8281,5,0.010,DIAGNOSTIC,"the fitted power of S0 carried by the windowed cumulant of this order at this configuration, from a log-log fit over the S0 ladder -- NaN means the estimator returned a non-finite or zero cumulant on some rung"
0.1,0.012,lecroy_ws3104z,raw,8,true,7,1.5744,0.7170,5,0.073,DIAGNOSTIC,"the fitted power of S0 carried by the windowed cumulant of this order at this configuration, from a log-log fit over the S0 ladder -- NaN means the estimator returned a non-finite or zero cumulant on some rung"
0.1,0.012,lecroy_ws3104z,raw,12,false,3,1.1619,0.2580,5,0.318,DIAGNOSTIC,"the fitted power of S0 carried by the windowed cumulant of this order at this configuration, from a log-log fit over the S0 ladder -- NaN means the estimator returned a non-finite or zero cumulant on some rung"
0.1,0.012,lecroy_ws3104z,raw,12,false,5,0.6312,0.4896,5,0.251,DIAGNOSTIC,"the fitted power of S0 carried by the windowed cumulant of this order at this configuration, from a log-log fit over the S0 ladder -- NaN means the estimator returned a non-finite or zero cumulant on some rung"
0.1,0.012,lecroy_ws3104z,raw,12,false,7,0.4462,1.1319,5,0.019,DIAGNOSTIC,"the fitted power of S0 carried by the windowed cumulant of this order at this configuration, from a log-log fit over the S0 ladder -- NaN means the estimator returned a non-finite or zero cumulant on some rung"
0.1,0.012,lecroy_ws3104z,raw,12,true,3,1.3024,0.8289,5,0.059,DIAGNOSTIC,"the fitted power of S0 carried by the windowed cumulant of this order at this configuration, from a log-log fit over the S0 ladder -- NaN means the estimator returned a non-finite or zero cumulant on some rung"
0.1,0.012,lecroy_ws3104z,raw,12,true,5,0.9194,0.5880,5,0.112,DIAGNOSTIC,"the fitted power of S0 carried by the windowed cumulant of this order at this configuration, from a log-log fit over the S0 ladder -- NaN means the estimator returned a non-finite or zero cumulant on some rung"
0.1,0.012,lecroy_ws3104z,raw,12,true,7,0.4233,0.4349,5,0.408,DIAGNOSTIC,"the fitted power of S0 carried by the windowed cumulant of this order at this configuration, from a log-log fit over the S0 ladder -- NaN means the estimator returned a non-finite or zero cumulant on some rung"
0.1,0.012,lecroy_ws3104z,raw,16,false,3,0.7198,0.3331,5,0.617,DIAGNOSTIC,"the fitted power of S0 carried by the windowed cumulant of this order at this configuration, from a log-log fit over the S0 ladder -- NaN means the estimator returned a non-finite or zero cumulant on some rung"
0.1,0.012,lecroy_ws3104z,raw,16,false,5,0.5628,0.4108,5,0.231,DIAGNOSTIC,"the fitted power of S0 carried by the windowed cumulant of this order at this configuration, from a log-log fit over the S0 ladder -- NaN means the estimator returned a non-finite or zero cumulant on some rung"
0.1,0.012,lecroy_ws3104z,raw,16,false,7,0.5621,0.0198,5,0.408,DIAGNOSTIC,"the fitted power of S0 carried by the windowed cumulant of this order at this configuration, from a log-log fit over the S0 ladder -- NaN means the estimator returned a non-finite or zero cumulant on some rung"
0.1,0.012,lecroy_ws3104z,raw,16,true,3,1.0692,0.6900,5,0.171,DIAGNOSTIC,"the fitted power of S0 carried by the windowed cumulant of this order at this configuration, from a log-log fit over the S0 ladder -- NaN means the estimator returned a non-finite or zero cumulant on some rung"
0.1,0.012,lecroy_ws3104z,raw,16,true,5,0.9381,0.5517,5,0.154,DIAGNOSTIC,"the fitted power of S0 carried by the windowed cumulant of this order at this configuration, from a log-log fit over the S0 ladder -- NaN means the estimator returned a non-finite or zero cumulant on some rung"
0.1,0.012,lecroy_ws3104z,raw,16,true,7,0.9056,0.6713,5,0.070,DIAGNOSTIC,"the fitted power of S0 carried by the windowed cumulant of this order at this configuration, from a log-log fit over the S0 ladder -- NaN means the estimator returned a non-finite or zero cumulant on some rung"
0.1,0.012,agilent_3054a,hires,3.25,false,3,1.1121,0.4509,5,1.143,DIAGNOSTIC,"the fitted power of S0 carried by the windowed cumulant of this order at this configuration, from a log-log fit over the S0 ladder -- NaN means the estimator returned a non-finite or zero cumulant on some rung"
0.1,0.012,agilent_3054a,hires,3.25,false,5,1.1689,0.3254,5,1.466,DIAGNOSTIC,"the fitted power of S0 carried by the windowed cumulant of this order at this configuration, from a log-log fit over the S0 ladder -- NaN means the estimator returned a non-finite or zero cumulant on some rung"
0.1,0.012,agilent_3054a,hires,3.25,false,7,1.0839,0.3926,5,1.454,DIAGNOSTIC,"the fitted power of S0 carried by the windowed cumulant of this order at this configuration, from a log-log fit over the S0 ladder -- NaN means the estimator returned a non-finite or zero cumulant on some rung"
0.1,0.012,agilent_3054a,hires,3.25,true,3,1.6240,0.6250,5,0.329,DIAGNOSTIC,"the fitted power of S0 carried by the windowed cumulant of this order at this configuration, from a log-log fit over the S0 ladder -- NaN means the estimator returned a non-finite or zero cumulant on some rung"
0.1,0.012,agilent_3054a,hires,3.25,true,5,1.6362,0.7707,5,0.226,DIAGNOSTIC,"the fitted power of S0 carried by the windowed cumulant of this order at this configuration, from a log-log fit over the S0 ladder -- NaN means the estimator returned a non-finite or zero cumulant on some rung"
0.1,0.012,agilent_3054a,hires,3.25,true,7,1.5514,1.0125,5,0.088,DIAGNOSTIC,"the fitted power of S0 carried by the windowed cumulant of this order at this configuration, from a log-log fit over the S0 ladder -- NaN means the estimator returned a non-finite or zero cumulant on some rung"
0.1,0.012,agilent_3054a,hires,4,false,3,1.5974,0.3497,5,0.420,DIAGNOSTIC,"the fitted power of S0 carried by the windowed cumulant of this order at this configuration, from a log-log fit over the S0 ladder -- NaN means the estimator returned a non-finite or zero cumulant on some rung"
0.1,0.012,agilent_3054a,hires,4,false,5,1.2667,0.4552,5,0.840,DIAGNOSTIC,"the fitted power of S0 carried by the windowed cumulant of this order at this configuration, from a log-log fit over the S0 ladder -- NaN means the estimator returned a non-finite or zero cumulant on some rung"
0.1,0.012,agilent_3054a,hires,4,false,7,0.8709,0.6334,5,0.777,DIAGNOSTIC,"the fitted power of S0 carried by the windowed cumulant of this order at this configuration, from a log-log fit over the S0 ladder -- NaN means the estimator returned a non-finite or zero cumulant on some rung"
0.1,0.012,agilent_3054a,hires,4,true,3,1.6337,0.3113,5,0.638,DIAGNOSTIC,"the fitted power of S0 carried by the windowed cumulant of this order at this configuration, from a log-log fit over the S0 ladder -- NaN means the estimator returned a non-finite or zero cumulant on some rung"
0.1,0.012,agilent_3054a,hires,4,true,5,1.4846,0.3943,5,0.681,DIAGNOSTIC,"the fitted power of S0 carried by the windowed cumulant of this order at this configuration, from a log-log fit over the S0 ladder -- NaN means the estimator returned a non-finite or zero cumulant on some rung"
0.1,0.012,agilent_3054a,hires,4,true,7,2.6109,0.5473,5,0.021,DIAGNOSTIC,"the fitted power of S0 carried by the windowed cumulant of this order at this configuration, from a log-log fit over the S0 ladder -- NaN means the estimator returned a non-finite or zero cumulant on some rung"
0.1,0.012,agilent_3054a,hires,6,false,3,1.4448,0.7505,5,0.341,DIAGNOSTIC,"the fitted power of S0 carried by the windowed cumulant of this order at this configuration, from a log-log fit over the S0 ladder -- NaN means the estimator returned a non-finite or zero cumulant on some rung"
0.1,0.012,agilent_3054a,hires,6,false,5,1.3070,1.1021,5,0.073,DIAGNOSTIC,"the fitted power of S0 carried by the windowed cumulant of this order at this configuration, from a log-log fit over the S0 ladder -- NaN means the estimator returned a non-finite or zero cumulant on some rung"
0.1,0.012,agilent_3054a,hires,6,false,7,1.2371,0.7254,5,0.272,DIAGNOSTIC,"the fitted power of S0 carried by the windowed cumulant of this order at this configuration, from a log-log fit over the S0 ladder -- NaN means the estimator returned a non-finite or zero cumulant on some rung"
0.1,0.012,agilent_3054a,hires,6,true,3,1.5983,0.7105,5,0.220,DIAGNOSTIC,"the fitted power of S0 carried by the windowed cumulant of this order at this configuration, from a log-log fit over the S0 ladder -- NaN means the estimator returned a non-finite or zero cumulant on some rung"
0.1,0.012,agilent_3054a,hires,6,true,5,1.4743,0.8147,5,0.132,DIAGNOSTIC,"the fitted power of S0 carried by the windowed cumulant of this order at this configuration, from a log-log fit over the S0 ladder -- NaN means the estimator returned a non-finite or zero cumulant on some rung"
0.1,0.012,agilent_3054a,hires,6,true,7,1.3895,0.5193,5,0.602,DIAGNOSTIC,"the fitted power of S0 carried by the windowed cumulant of this order at this configuration, from a log-log fit over the S0 ladder -- NaN means the estimator returned a non-finite or zero cumulant on some rung"
0.1,0.012,agilent_3054a,hires,8,false,3,1.2254,0.7686,5,0.329,DIAGNOSTIC,"the fitted power of S0 carried by the windowed cumulant of this order at this configuration, from a log-log fit over the S0 ladder -- NaN means the estimator returned a non-finite or zero cumulant on some rung"
0.1,0.012,agilent_3054a,hires,8,false,5,1.0879,0.8227,5,0.206,DIAGNOSTIC,"the fitted power of S0 carried by the windowed cumulant of this order at this configuration, from a log-log fit over the S0 ladder -- NaN means the estimator returned a non-finite or zero cumulant on some rung"
0.1,0.012,agilent_3054a,hires,8,false,7,1.2369,0.3711,5,0.458,DIAGNOSTIC,"the fitted power of S0 carried by the windowed cumulant of this order at this configuration, from a log-log fit over the S0 ladder -- NaN means the estimator returned a non-finite or zero cumulant on some rung"
0.1,0.012,agilent_3054a,hires,8,true,3,3.1312,0.5871,5,0.006,DIAGNOSTIC,"the fitted power of S0 carried by the windowed cumulant of this order at this configuration, from a log-log fit over the S0 ladder -- NaN means the estimator returned a non-finite or zero cumulant on some rung"
0.1,0.012,agilent_3054a,hires,8,true,5,1.9089,0.5509,5,0.060,DIAGNOSTIC,"the fitted power of S0 carried by the windowed cumulant of this order at this configuration, from a log-log fit over the S0 ladder -- NaN means the estimator returned a non-finite or zero cumulant on some rung"
0.1,0.012,agilent_3054a,hires,8,true,7,1.2514,0.9831,5,0.069,DIAGNOSTIC,"the fitted power of S0 carried by the windowed cumulant of this order at this configuration, from a log-log fit over the S0 ladder -- NaN means the estimator returned a non-finite or zero cumulant on some rung"
0.1,0.012,agilent_3054a,hires,12,false,3,1.8043,0.1228,5,0.130,DIAGNOSTIC,"the fitted power of S0 carried by the windowed cumulant of this order at this configuration, from a log-log fit over the S0 ladder -- NaN means the estimator returned a non-finite or zero cumulant on some rung"
0.1,0.012,agilent_3054a,hires,12,false,5,1.0702,0.3789,5,0.227,DIAGNOSTIC,"the fitted power of S0 carried by the windowed cumulant of this order at this configuration, from a log-log fit over the S0 ladder -- NaN means the estimator returned a non-finite or zero cumulant on some rung"
0.1,0.012,agilent_3054a,hires,12,false,7,1.5943,0.3963,5,0.053,DIAGNOSTIC,"the fitted power of S0 carried by the windowed cumulant of this order at this configuration, from a log-log fit over the S0 ladder -- NaN means the estimator returned a non-finite or zero cumulant on some rung"
0.1,0.012,agilent_3054a,hires,12,true,3,0.5992,0.5058,5,0.625,DIAGNOSTIC,"the fitted power of S0 carried by the windowed cumulant of this order at this configuration, from a log-log fit over the S0 ladder -- NaN means the estimator returned a non-finite or zero cumulant on some rung"
0.1,0.012,agilent_3054a,hires,12,true,5,0.4524,0.2948,5,0.524,DIAGNOSTIC,"the fitted power of S0 carried by the windowed cumulant of this order at this configuration, from a log-log fit over the S0 ladder -- NaN means the estimator returned a non-finite or zero cumulant on some rung"
0.1,0.012,agilent_3054a,hires,12,true,7,0.0547,0.3819,5,0.302,DIAGNOSTIC,"the fitted power of S0 carried by the windowed cumulant of this order at this configuration, from a log-log fit over the S0 ladder -- NaN means the estimator returned a non-finite or zero cumulant on some rung"
0.1,0.012,agilent_3054a,hires,16,false,3,0.3348,0.7818,5,0.203,DIAGNOSTIC,"the fitted power of S0 carried by the windowed cumulant of this order at this configuration, from a log-log fit over the S0 ladder -- NaN means the estimator returned a non-finite or zero cumulant on some rung"
0.1,0.012,agilent_3054a,hires,16,false,5,0.1605,0.4997,5,0.383,DIAGNOSTIC,"the fitted power of S0 carried by the windowed cumulant of this order at this configuration, from a log-log fit over the S0 ladder -- NaN means the estimator returned a non-finite or zero cumulant on some rung"
0.1,0.012,agilent_3054a,hires,16,false,7,1.1448,0.8550,5,0.037,DIAGNOSTIC,"the fitted power of S0 carried by the windowed cumulant of this order at this configuration, from a log-log fit over the S0 ladder -- NaN means the estimator returned a non-finite or zero cumulant on some rung"
0.1,0.012,agilent_3054a,hires,16,true,3,0.3883,0.8463,5,0.199,DIAGNOSTIC,"the fitted power of S0 carried by the windowed cumulant of this order at this configuration, from a log-log fit over the S0 ladder -- NaN means the estimator returned a non-finite or zero cumulant on some rung"
0.1,0.012,agilent_3054a,hires,16,true,5,0.0536,1.5178,5,0.005,DIAGNOSTIC,"the fitted power of S0 carried by the windowed cumulant of this order at this configuration, from a log-log fit over the S0 ladder -- NaN means the estimator returned a non-finite or zero cumulant on some rung"
0.1,0.012,agilent_3054a,hires,16,true,7,0.3952,0.7645,5,0.058,DIAGNOSTIC,"the fitted power of S0 carried by the windowed cumulant of this order at this configuration, from a log-log fit over the S0 ladder -- NaN means the estimator returned a non-finite or zero cumulant on some rung"
0.1,0.012,rtm3004,hires,3.25,false,3,2.0468,1.0246,5,0.068,DIAGNOSTIC,"the fitted power of S0 carried by the windowed cumulant of this order at this configuration, from a log-log fit over the S0 ladder -- NaN means the estimator returned a non-finite or zero cumulant on some rung"
0.1,0.012,rtm3004,hires,3.25,false,5,2.0746,0.3665,5,0.129,DIAGNOSTIC,"the fitted power of S0 carried by the windowed cumulant of this order at this configuration, from a log-log fit over the S0 ladder -- NaN means the estimator returned a non-finite or zero cumulant on some rung"
0.1,0.012,rtm3004,hires,3.25,false,7,2.0804,0.6930,5,0.134,DIAGNOSTIC,"the fitted power of S0 carried by the windowed cumulant of this order at this configuration, from a log-log fit over the S0 ladder -- NaN means the estimator returned a non-finite or zero cumulant on some rung"
0.1,0.012,rtm3004,hires,3.25,true,3,1.1868,0.4852,5,1.046,DIAGNOSTIC,"the fitted power of S0 carried by the windowed cumulant of this order at this configuration, from a log-log fit over the S0 ladder -- NaN means the estimator returned a non-finite or zero cumulant on some rung"
0.1,0.012,rtm3004,hires,3.25,true,5,1.0944,0.4951,5,1.071,DIAGNOSTIC,"the fitted power of S0 carried by the windowed cumulant of this order at this configuration, from a log-log fit over the S0 ladder -- NaN means the estimator returned a non-finite or zero cumulant on some rung"
0.1,0.012,rtm3004,hires,3.25,true,7,1.0925,0.4805,5,1.053,DIAGNOSTIC,"the fitted power of S0 carried by the windowed cumulant of this order at this configuration, from a log-log fit over the S0 ladder -- NaN means the estimator returned a non-finite or zero cumulant on some rung"
0.1,0.012,rtm3004,hires,4,false,3,1.6588,0.2593,5,0.524,DIAGNOSTIC,"the fitted power of S0 carried by the windowed cumulant of this order at this configuration, from a log-log fit over the S0 ladder -- NaN means the estimator returned a non-finite or zero cumulant on some rung"
0.1,0.012,rtm3004,hires,4,false,5,2.1210,0.2231,5,0.127,DIAGNOSTIC,"the fitted power of S0 carried by the windowed cumulant of this order at this configuration, from a log-log fit over the S0 ladder -- NaN means the estimator returned a non-finite or zero cumulant on some rung"
0.1,0.012,rtm3004,hires,4,false,7,2.4912,0.0647,5,0.061,DIAGNOSTIC,"the fitted power of S0 carried by the windowed cumulant of this order at this configuration, from a log-log fit over the S0 ladder -- NaN means the estimator returned a non-finite or zero cumulant on some rung"
0.1,0.012,rtm3004,hires,4,true,3,2.6385,0.4197,5,0.101,DIAGNOSTIC,"the fitted power of S0 carried by the windowed cumulant of this order at this configuration, from a log-log fit over the S0 ladder -- NaN means the estimator returned a non-finite or zero cumulant on some rung"
0.1,0.012,rtm3004,hires,4,true,5,1.5908,0.4364,5,0.469,DIAGNOSTIC,"the fitted power of S0 carried by the windowed cumulant of this order at this configuration, from a log-log fit over the S0 ladder -- NaN means the estimator returned a non-finite or zero cumulant on some rung"
0.1,0.012,rtm3004,hires,4,true,7,1.6678,0.3230,5,0.482,DIAGNOSTIC,"the fitted power of S0 carried by the windowed cumulant of this order at this configuration, from a log-log fit over the S0 ladder -- NaN means the estimator returned a non-finite or zero cumulant on some rung"
0.1,0.012,rtm3004,hires,6,false,3,1.6371,0.5112,5,0.376,DIAGNOSTIC,"the fitted power of S0 carried by the windowed cumulant of this order at this configuration, from a log-log fit over the S0 ladder -- NaN means the estimator returned a non-finite or zero cumulant on some rung"
0.1,0.012,rtm3004,hires,6,false,5,2.6849,1.5265,5,0.002,DIAGNOSTIC,"the fitted power of S0 carried by the windowed cumulant of this order at this configuration, from a log-log fit over the S0 ladder -- NaN means the estimator returned a non-finite or zero cumulant on some rung"
0.1,0.012,rtm3004,hires,6,false,7,1.1520,0.5095,5,0.577,DIAGNOSTIC,"the fitted power of S0 carried by the windowed cumulant of this order at this configuration, from a log-log fit over the S0 ladder -- NaN means the estimator returned a non-finite or zero cumulant on some rung"
0.1,0.012,rtm3004,hires,6,true,3,1.6210,0.2984,5,0.433,DIAGNOSTIC,"the fitted power of S0 carried by the windowed cumulant of this order at this configuration, from a log-log fit over the S0 ladder -- NaN means the estimator returned a non-finite or zero cumulant on some rung"
0.1,0.012,rtm3004,hires,6,true,5,2.1954,0.9153,5,0.031,DIAGNOSTIC,"the fitted power of S0 carried by the windowed cumulant of this order at this configuration, from a log-log fit over the S0 ladder -- NaN means the estimator returned a non-finite or zero cumulant on some rung"
0.1,0.012,rtm3004,hires,6,true,7,1.4492,0.6067,5,0.197,DIAGNOSTIC,"the fitted power of S0 carried by the windowed cumulant of this order at this configuration, from a log-log fit over the S0 ladder -- NaN means the estimator returned a non-finite or zero cumulant on some rung"
0.1,0.012,rtm3004,hires,8,false,3,1.3694,0.3505,5,0.708,DIAGNOSTIC,"the fitted power of S0 carried by the windowed cumulant of this order at this configuration, from a log-log fit over the S0 ladder -- NaN means the estimator returned a non-finite or zero cumulant on some rung"
0.1,0.012,rtm3004,hires,8,false,5,1.0050,0.5032,5,0.477,DIAGNOSTIC,"the fitted power of S0 carried by the windowed cumulant of this order at this configuration, from a log-log fit over the S0 ladder -- NaN means the estimator returned a non-finite or zero cumulant on some rung"
0.1,0.012,rtm3004,hires,8,false,7,0.9150,0.5183,5,0.509,DIAGNOSTIC,"the fitted power of S0 carried by the windowed cumulant of this order at this configuration, from a log-log fit over the S0 ladder -- NaN means the estimator returned a non-finite or zero cumulant on some rung"
0.1,0.012,rtm3004,hires,8,true,3,1.7403,0.2870,5,0.409,DIAGNOSTIC,"the fitted power of S0 carried by the windowed cumulant of this order at this configuration, from a log-log fit over the S0 ladder -- NaN means the estimator returned a non-finite or zero cumulant on some rung"
0.1,0.012,rtm3004,hires,8,true,5,1.3275,0.1436,5,0.554,DIAGNOSTIC,"the fitted power of S0 carried by the windowed cumulant of this order at this configuration, from a log-log fit over the S0 ladder -- NaN means the estimator returned a non-finite or zero cumulant on some rung"
0.1,0.012,rtm3004,hires,8,true,7,1.0733,0.1367,5,0.744,DIAGNOSTIC,"the fitted power of S0 carried by the windowed cumulant of this order at this configuration, from a log-log fit over the S0 ladder -- NaN means the estimator returned a non-finite or zero cumulant on some rung"
0.1,0.012,rtm3004,hires,12,false,3,1.1182,0.4317,5,0.488,DIAGNOSTIC,"the fitted power of S0 carried by the windowed cumulant of this order at this configuration, from a log-log fit over the S0 ladder -- NaN means the estimator returned a non-finite or zero cumulant on some rung"
0.1,0.012,rtm3004,hires,12,false,5,0.8165,0.2759,5,0.720,DIAGNOSTIC,"the fitted power of S0 carried by the windowed cumulant of this order at this configuration, from a log-log fit over the S0 ladder -- NaN means the estimator returned a non-finite or zero cumulant on some rung"
0.1,0.012,rtm3004,hires,12,false,7,0.3774,1.1660,5,0.024,DIAGNOSTIC,"the fitted power of S0 carried by the windowed cumulant of this order at this configuration, from a log-log fit over the S0 ladder -- NaN means the estimator returned a non-finite or zero cumulant on some rung"
0.1,0.012,rtm3004,hires,12,true,3,0.6992,0.6150,5,0.568,DIAGNOSTIC,"the fitted power of S0 carried by the windowed cumulant of this order at this configuration, from a log-log fit over the S0 ladder -- NaN means the estimator returned a non-finite or zero cumulant on some rung"
0.1,0.012,rtm3004,hires,12,true,5,0.5986,0.5816,5,0.264,DIAGNOSTIC,"the fitted power of S0 carried by the windowed cumulant of this order at this configuration, from a log-log fit over the S0 ladder -- NaN means the estimator returned a non-finite or zero cumulant on some rung"
0.1,0.012,rtm3004,hires,12,true,7,0.2361,0.9806,5,0.077,DIAGNOSTIC,"the fitted power of S0 carried by the windowed cumulant of this order at this configuration, from a log-log fit over the S0 ladder -- NaN means the estimator returned a non-finite or zero cumulant on some rung"
0.1,0.012,rtm3004,hires,16,false,3,0.1450,0.6456,5,0.331,DIAGNOSTIC,"the fitted power of S0 carried by the windowed cumulant of this order at this configuration, from a log-log fit over the S0 ladder -- NaN means the estimator returned a non-finite or zero cumulant on some rung"
0.1,0.012,rtm3004,hires,16,false,5,-0.9511,0.8966,5,0.017,DIAGNOSTIC,"the fitted power of S0 carried by the windowed cumulant of this order at this configuration, from a log-log fit over the S0 ladder -- NaN means the estimator returned a non-finite or zero cumulant on some rung"
0.1,0.012,rtm3004,hires,16,false,7,-0.4376,0.5455,5,0.139,DIAGNOSTIC,"the fitted power of S0 carried by the windowed cumulant of this order at this configuration, from a log-log fit over the S0 ladder -- NaN means the estimator returned a non-finite or zero cumulant on some rung"
0.1,0.012,rtm3004,hires,16,true,3,0.9115,1.0273,5,0.033,DIAGNOSTIC,"the fitted power of S0 carried by the windowed cumulant of this order at this configuration, from a log-log fit over the S0 ladder -- NaN means the estimator returned a non-finite or zero cumulant on some rung"
0.1,0.012,rtm3004,hires,16,true,5,0.7495,0.5157,5,0.086,DIAGNOSTIC,"the fitted power of S0 carried by the windowed cumulant of this order at this configuration, from a log-log fit over the S0 ladder -- NaN means the estimator returned a non-finite or zero cumulant on some rung"
0.1,0.012,rtm3004,hires,16,true,7,0.1265,0.3734,5,0.260,DIAGNOSTIC,"the fitted power of S0 carried by the windowed cumulant of this order at this configuration, from a log-log fit over the S0 ladder -- NaN means the estimator returned a non-finite or zero cumulant on some rung"
0.3,0.002,lecroy_ws3104z,raw,3.25,false,3,2.8022,0.5560,5,0.202,DIAGNOSTIC,"the fitted power of S0 carried by the windowed cumulant of this order at this configuration, from a log-log fit over the S0 ladder -- NaN means the estimator returned a non-finite or zero cumulant on some rung"
0.3,0.002,lecroy_ws3104z,raw,3.25,false,5,2.9514,0.3689,5,0.149,DIAGNOSTIC,"the fitted power of S0 carried by the windowed cumulant of this order at this configuration, from a log-log fit over the S0 ladder -- NaN means the estimator returned a non-finite or zero cumulant on some rung"
0.3,0.002,lecroy_ws3104z,raw,3.25,false,7,2.3844,0.3048,5,0.407,DIAGNOSTIC,"the fitted power of S0 carried by the windowed cumulant of this order at this configuration, from a log-log fit over the S0 ladder -- NaN means the estimator returned a non-finite or zero cumulant on some rung"
0.3,0.002,lecroy_ws3104z,raw,3.25,true,3,3.1260,1.4194,5,0.010,DIAGNOSTIC,"the fitted power of S0 carried by the windowed cumulant of this order at this configuration, from a log-log fit over the S0 ladder -- NaN means the estimator returned a non-finite or zero cumulant on some rung"
0.3,0.002,lecroy_ws3104z,raw,3.25,true,5,2.1156,0.7858,5,0.236,DIAGNOSTIC,"the fitted power of S0 carried by the windowed cumulant of this order at this configuration, from a log-log fit over the S0 ladder -- NaN means the estimator returned a non-finite or zero cumulant on some rung"
0.3,0.002,lecroy_ws3104z,raw,3.25,true,7,1.7785,0.4707,5,1.027,DIAGNOSTIC,"the fitted power of S0 carried by the windowed cumulant of this order at this configuration, from a log-log fit over the S0 ladder -- NaN means the estimator returned a non-finite or zero cumulant on some rung"
0.3,0.002,lecroy_ws3104z,raw,4,false,3,2.1286,0.2584,5,0.766,DIAGNOSTIC,"the fitted power of S0 carried by the windowed cumulant of this order at this configuration, from a log-log fit over the S0 ladder -- NaN means the estimator returned a non-finite or zero cumulant on some rung"
0.3,0.002,lecroy_ws3104z,raw,4,false,5,2.0275,0.2656,5,0.702,DIAGNOSTIC,"the fitted power of S0 carried by the windowed cumulant of this order at this configuration, from a log-log fit over the S0 ladder -- NaN means the estimator returned a non-finite or zero cumulant on some rung"
0.3,0.002,lecroy_ws3104z,raw,4,false,7,1.8829,0.2921,5,0.736,DIAGNOSTIC,"the fitted power of S0 carried by the windowed cumulant of this order at this configuration, from a log-log fit over the S0 ladder -- NaN means the estimator returned a non-finite or zero cumulant on some rung"
0.3,0.002,lecroy_ws3104z,raw,4,true,3,1.8227,0.4284,5,1.528,DIAGNOSTIC,"the fitted power of S0 carried by the windowed cumulant of this order at this configuration, from a log-log fit over the S0 ladder -- NaN means the estimator returned a non-finite or zero cumulant on some rung"
0.3,0.002,lecroy_ws3104z,raw,4,true,5,1.8821,0.4508,5,1.031,DIAGNOSTIC,"the fitted power of S0 carried by the windowed cumulant of this order at this configuration, from a log-log fit over the S0 ladder -- NaN means the estimator returned a non-finite or zero cumulant on some rung"
0.3,0.002,lecroy_ws3104z,raw,4,true,7,1.8228,0.5157,5,0.754,DIAGNOSTIC,"the fitted power of S0 carried by the windowed cumulant of this order at this configuration, from a log-log fit over the S0 ladder -- NaN means the estimator returned a non-finite or zero cumulant on some rung"
0.3,0.002,lecroy_ws3104z,raw,6,false,3,1.9258,0.3273,5,0.990,DIAGNOSTIC,"the fitted power of S0 carried by the windowed cumulant of this order at this configuration, from a log-log fit over the S0 ladder -- NaN means the estimator returned a non-finite or zero cumulant on some rung"
0.3,0.002,lecroy_ws3104z,raw,6,false,5,2.1416,0.6275,5,0.238,DIAGNOSTIC,"the fitted power of S0 carried by the windowed cumulant of this order at this configuration, from a log-log fit over the S0 ladder -- NaN means the estimator returned a non-finite or zero cumulant on some rung"
0.3,0.002,lecroy_ws3104z,raw,6,false,7,2.2558,0.7043,5,0.120,DIAGNOSTIC,"the fitted power of S0 carried by the windowed cumulant of this order at this configuration, from a log-log fit over the S0 ladder -- NaN means the estimator returned a non-finite or zero cumulant on some rung"
0.3,0.002,lecroy_ws3104z,raw,6,true,3,2.3798,0.4024,5,0.451,DIAGNOSTIC,"the fitted power of S0 carried by the windowed cumulant of this order at this configuration, from a log-log fit over the S0 ladder -- NaN means the estimator returned a non-finite or zero cumulant on some rung"
0.3,0.002,lecroy_ws3104z,raw,6,true,5,2.1504,0.2775,5,0.410,DIAGNOSTIC,"the fitted power of S0 carried by the windowed cumulant of this order at this configuration, from a log-log fit over the S0 ladder -- NaN means the estimator returned a non-finite or zero cumulant on some rung"
0.3,0.002,lecroy_ws3104z,raw,6,true,7,2.2435,0.2906,5,0.275,DIAGNOSTIC,"the fitted power of S0 carried by the windowed cumulant of this order at this configuration, from a log-log fit over the S0 ladder -- NaN means the estimator returned a non-finite or zero cumulant on some rung"
0.3,0.002,lecroy_ws3104z,raw,8,false,3,2.2228,0.5268,5,0.248,DIAGNOSTIC,"the fitted power of S0 carried by the windowed cumulant of this order at this configuration, from a log-log fit over the S0 ladder -- NaN means the estimator returned a non-finite or zero cumulant on some rung"
0.3,0.002,lecroy_ws3104z,raw,8,false,5,1.9103,0.3270,5,0.402,DIAGNOSTIC,"the fitted power of S0 carried by the windowed cumulant of this order at this configuration, from a log-log fit over the S0 ladder -- NaN means the estimator returned a non-finite or zero cumulant on some rung"
0.3,0.002,lecroy_ws3104z,raw,8,false,7,1.6996,0.5579,5,0.246,DIAGNOSTIC,"the fitted power of S0 carried by the windowed cumulant of this order at this configuration, from a log-log fit over the S0 ladder -- NaN means the estimator returned a non-finite or zero cumulant on some rung"
0.3,0.002,lecroy_ws3104z,raw,8,true,3,2.0074,0.9656,5,0.084,DIAGNOSTIC,"the fitted power of S0 carried by the windowed cumulant of this order at this configuration, from a log-log fit over the S0 ladder -- NaN means the estimator returned a non-finite or zero cumulant on some rung"
0.3,0.002,lecroy_ws3104z,raw,8,true,5,1.2470,0.4799,5,1.002,DIAGNOSTIC,"the fitted power of S0 carried by the windowed cumulant of this order at this configuration, from a log-log fit over the S0 ladder -- NaN means the estimator returned a non-finite or zero cumulant on some rung"
0.3,0.002,lecroy_ws3104z,raw,8,true,7,1.1304,0.4687,5,1.213,DIAGNOSTIC,"the fitted power of S0 carried by the windowed cumulant of this order at this configuration, from a log-log fit over the S0 ladder -- NaN means the estimator returned a non-finite or zero cumulant on some rung"
0.3,0.002,lecroy_ws3104z,raw,12,false,3,1.8243,1.2773,5,0.030,DIAGNOSTIC,"the fitted power of S0 carried by the windowed cumulant of this order at this configuration, from a log-log fit over the S0 ladder -- NaN means the estimator returned a non-finite or zero cumulant on some rung"
0.3,0.002,lecroy_ws3104z,raw,12,false,5,0.8647,0.5012,5,0.622,DIAGNOSTIC,"the fitted power of S0 carried by the windowed cumulant of this order at this configuration, from a log-log fit over the S0 ladder -- NaN means the estimator returned a non-finite or zero cumulant on some rung"
0.3,0.002,lecroy_ws3104z,raw,12,false,7,0.6651,0.5221,5,0.498,DIAGNOSTIC,"the fitted power of S0 carried by the windowed cumulant of this order at this configuration, from a log-log fit over the S0 ladder -- NaN means the estimator returned a non-finite or zero cumulant on some rung"
0.3,0.002,lecroy_ws3104z,raw,12,true,3,1.6509,1.1635,5,0.033,DIAGNOSTIC,"the fitted power of S0 carried by the windowed cumulant of this order at this configuration, from a log-log fit over the S0 ladder -- NaN means the estimator returned a non-finite or zero cumulant on some rung"
0.3,0.002,lecroy_ws3104z,raw,12,true,5,0.9038,0.7873,5,0.233,DIAGNOSTIC,"the fitted power of S0 carried by the windowed cumulant of this order at this configuration, from a log-log fit over the S0 ladder -- NaN means the estimator returned a non-finite or zero cumulant on some rung"
0.3,0.002,lecroy_ws3104z,raw,12,true,7,1.1362,0.9714,5,0.067,DIAGNOSTIC,"the fitted power of S0 carried by the windowed cumulant of this order at this configuration, from a log-log fit over the S0 ladder -- NaN means the estimator returned a non-finite or zero cumulant on some rung"
0.3,0.002,lecroy_ws3104z,raw,16,false,3,1.7336,0.3599,5,0.106,DIAGNOSTIC,"the fitted power of S0 carried by the windowed cumulant of this order at this configuration, from a log-log fit over the S0 ladder -- NaN means the estimator returned a non-finite or zero cumulant on some rung"
0.3,0.002,lecroy_ws3104z,raw,16,false,5,1.5130,0.3709,5,0.085,DIAGNOSTIC,"the fitted power of S0 carried by the windowed cumulant of this order at this configuration, from a log-log fit over the S0 ladder -- NaN means the estimator returned a non-finite or zero cumulant on some rung"
0.3,0.002,lecroy_ws3104z,raw,16,false,7,0.5858,0.9230,5,0.064,DIAGNOSTIC,"the fitted power of S0 carried by the windowed cumulant of this order at this configuration, from a log-log fit over the S0 ladder -- NaN means the estimator returned a non-finite or zero cumulant on some rung"
0.3,0.002,lecroy_ws3104z,raw,16,true,3,0.7930,0.3569,5,1.243,DIAGNOSTIC,"the fitted power of S0 carried by the windowed cumulant of this order at this configuration, from a log-log fit over the S0 ladder -- NaN means the estimator returned a non-finite or zero cumulant on some rung"
0.3,0.002,lecroy_ws3104z,raw,16,true,5,0.4282,0.3249,5,1.046,DIAGNOSTIC,"the fitted power of S0 carried by the windowed cumulant of this order at this configuration, from a log-log fit over the S0 ladder -- NaN means the estimator returned a non-finite or zero cumulant on some rung"
0.3,0.002,lecroy_ws3104z,raw,16,true,7,0.3377,0.6333,5,0.259,DIAGNOSTIC,"the fitted power of S0 carried by the windowed cumulant of this order at this configuration, from a log-log fit over the S0 ladder -- NaN means the estimator returned a non-finite or zero cumulant on some rung"
0.3,0.002,agilent_3054a,hires,3.25,false,3,2.6332,0.1204,5,0.357,DIAGNOSTIC,"the fitted power of S0 carried by the windowed cumulant of this order at this configuration, from a log-log fit over the S0 ladder -- NaN means the estimator returned a non-finite or zero cumulant on some rung"
0.3,0.002,agilent_3054a,hires,3.25,false,5,2.3212,0.2436,5,0.703,DIAGNOSTIC,"the fitted power of S0 carried by the windowed cumulant of this order at this configuration, from a log-log fit over the S0 ladder -- NaN means the estimator returned a non-finite or zero cumulant on some rung"
0.3,0.002,agilent_3054a,hires,3.25,false,7,2.5347,0.1329,5,0.338,DIAGNOSTIC,"the fitted power of S0 carried by the windowed cumulant of this order at this configuration, from a log-log fit over the S0 ladder -- NaN means the estimator returned a non-finite or zero cumulant on some rung"
0.3,0.002,agilent_3054a,hires,3.25,true,3,2.6256,0.4120,5,0.524,DIAGNOSTIC,"the fitted power of S0 carried by the windowed cumulant of this order at this configuration, from a log-log fit over the S0 ladder -- NaN means the estimator returned a non-finite or zero cumulant on some rung"
0.3,0.002,agilent_3054a,hires,3.25,true,5,2.3385,0.3253,5,0.701,DIAGNOSTIC,"the fitted power of S0 carried by the windowed cumulant of this order at this configuration, from a log-log fit over the S0 ladder -- NaN means the estimator returned a non-finite or zero cumulant on some rung"
0.3,0.002,agilent_3054a,hires,3.25,true,7,2.5335,0.2091,5,0.361,DIAGNOSTIC,"the fitted power of S0 carried by the windowed cumulant of this order at this configuration, from a log-log fit over the S0 ladder -- NaN means the estimator returned a non-finite or zero cumulant on some rung"
0.3,0.002,agilent_3054a,hires,4,false,3,2.0895,0.3644,5,1.638,DIAGNOSTIC,"the fitted power of S0 carried by the windowed cumulant of this order at this configuration, from a log-log fit over the S0 ladder -- NaN means the estimator returned a non-finite or zero cumulant on some rung"
0.3,0.002,agilent_3054a,hires,4,false,5,1.9810,0.3452,5,1.516,DIAGNOSTIC,"the fitted power of S0 carried by the windowed cumulant of this order at this configuration, from a log-log fit over the S0 ladder -- NaN means the estimator returned a non-finite or zero cumulant on some rung"
0.3,0.002,agilent_3054a,hires,4,false,7,2.0863,0.3077,5,1.011,DIAGNOSTIC,"the fitted power of S0 carried by the windowed cumulant of this order at this configuration, from a log-log fit over the S0 ladder -- NaN means the estimator returned a non-finite or zero cumulant on some rung"
0.3,0.002,agilent_3054a,hires,4,true,3,3.5499,0.1963,5,0.036,DIAGNOSTIC,"the fitted power of S0 carried by the windowed cumulant of this order at this configuration, from a log-log fit over the S0 ladder -- NaN means the estimator returned a non-finite or zero cumulant on some rung"
0.3,0.002,agilent_3054a,hires,4,true,5,2.9241,0.9523,5,0.063,DIAGNOSTIC,"the fitted power of S0 carried by the windowed cumulant of this order at this configuration, from a log-log fit over the S0 ladder -- NaN means the estimator returned a non-finite or zero cumulant on some rung"
0.3,0.002,agilent_3054a,hires,4,true,7,2.9363,0.3300,5,0.183,DIAGNOSTIC,"the fitted power of S0 carried by the windowed cumulant of this order at this configuration, from a log-log fit over the S0 ladder -- NaN means the estimator returned a non-finite or zero cumulant on some rung"
0.3,0.002,agilent_3054a,hires,6,false,3,2.6077,0.5831,5,0.330,DIAGNOSTIC,"the fitted power of S0 carried by the windowed cumulant of this order at this configuration, from a log-log fit over the S0 ladder -- NaN means the estimator returned a non-finite or zero cumulant on some rung"
0.3,0.002,agilent_3054a,hires,6,false,5,2.5736,0.9336,5,0.088,DIAGNOSTIC,"the fitted power of S0 carried by the windowed cumulant of this order at this configuration, from a log-log fit over the S0 ladder -- NaN means the estimator returned a non-finite or zero cumulant on some rung"
0.3,0.002,agilent_3054a,hires,6,false,7,2.3406,0.5360,5,0.334,DIAGNOSTIC,"the fitted power of S0 carried by the windowed cumulant of this order at this configuration, from a log-log fit over the S0 ladder -- NaN means the estimator returned a non-finite or zero cumulant on some rung"
0.3,0.002,agilent_3054a,hires,6,true,3,2.0933,0.4241,5,1.222,DIAGNOSTIC,"the fitted power of S0 carried by the windowed cumulant of this order at this configuration, from a log-log fit over the S0 ladder -- NaN means the estimator returned a non-finite or zero cumulant on some rung"
0.3,0.002,agilent_3054a,hires,6,true,5,2.1774,0.4271,5,0.765,DIAGNOSTIC,"the fitted power of S0 carried by the windowed cumulant of this order at this configuration, from a log-log fit over the S0 ladder -- NaN means the estimator returned a non-finite or zero cumulant on some rung"
0.3,0.002,agilent_3054a,hires,6,true,7,2.2281,0.1953,5,0.431,DIAGNOSTIC,"the fitted power of S0 carried by the windowed cumulant of this order at this configuration, from a log-log fit over the S0 ladder -- NaN means the estimator returned a non-finite or zero cumulant on some rung"
0.3,0.002,agilent_3054a,hires,8,false,3,1.8960,0.3436,5,1.280,DIAGNOSTIC,"the fitted power of S0 carried by the windowed cumulant of this order at this configuration, from a log-log fit over the S0 ladder -- NaN means the estimator returned a non-finite or zero cumulant on some rung"
0.3,0.002,agilent_3054a,hires,8,false,5,1.7770,0.2963,5,0.848,DIAGNOSTIC,"the fitted power of S0 carried by the windowed cumulant of this order at this configuration, from a log-log fit over the S0 ladder -- NaN means the estimator returned a non-finite or zero cumulant on some rung"
0.3,0.002,agilent_3054a,hires,8,false,7,1.5638,0.3493,5,1.119,DIAGNOSTIC,"the fitted power of S0 carried by the windowed cumulant of this order at this configuration, from a log-log fit over the S0 ladder -- NaN means the estimator returned a non-finite or zero cumulant on some rung"
0.3,0.002,agilent_3054a,hires,8,true,3,2.2994,0.6118,5,0.338,DIAGNOSTIC,"the fitted power of S0 carried by the windowed cumulant of this order at this configuration, from a log-log fit over the S0 ladder -- NaN means the estimator returned a non-finite or zero cumulant on some rung"
0.3,0.002,agilent_3054a,hires,8,true,5,2.2739,0.7423,5,0.153,DIAGNOSTIC,"the fitted power of S0 carried by the windowed cumulant of this order at this configuration, from a log-log fit over the S0 ladder -- NaN means the estimator returned a non-finite or zero cumulant on some rung"
0.3,0.002,agilent_3054a,hires,8,true,7,2.1157,0.8447,5,0.105,DIAGNOSTIC,"the fitted power of S0 carried by the windowed cumulant of this order at this configuration, from a log-log fit over the S0 ladder -- NaN means the estimator returned a non-finite or zero cumulant on some rung"
0.3,0.002,agilent_3054a,hires,12,false,3,1.9654,0.2499,5,0.320,DIAGNOSTIC,"the fitted power of S0 carried by the windowed cumulant of this order at this configuration, from a log-log fit over the S0 ladder -- NaN means the estimator returned a non-finite or zero cumulant on some rung"
0.3,0.002,agilent_3054a,hires,12,false,5,1.6742,0.3321,5,0.264,DIAGNOSTIC,"the fitted power of S0 carried by the windowed cumulant of this order at this configuration, from a log-log fit over the S0 ladder -- NaN means the estimator returned a non-finite or zero cumulant on some rung"
0.3,0.002,agilent_3054a,hires,12,false,7,1.2479,0.2913,5,0.506,DIAGNOSTIC,"the fitted power of S0 carried by the windowed cumulant of this order at this configuration, from a log-log fit over the S0 ladder -- NaN means the estimator returned a non-finite or zero cumulant on some rung"
0.3,0.002,agilent_3054a,hires,12,true,3,1.3464,0.4959,5,1.330,DIAGNOSTIC,"the fitted power of S0 carried by the windowed cumulant of this order at this configuration, from a log-log fit over the S0 ladder -- NaN means the estimator returned a non-finite or zero cumulant on some rung"
0.3,0.002,agilent_3054a,hires,12,true,5,1.2430,0.4184,5,1.180,DIAGNOSTIC,"the fitted power of S0 carried by the windowed cumulant of this order at this configuration, from a log-log fit over the S0 ladder -- NaN means the estimator returned a non-finite or zero cumulant on some rung"
0.3,0.002,agilent_3054a,hires,12,true,7,0.9813,0.5309,5,0.846,DIAGNOSTIC,"the fitted power of S0 carried by the windowed cumulant of this order at this configuration, from a log-log fit over the S0 ladder -- NaN means the estimator returned a non-finite or zero cumulant on some rung"
0.3,0.002,agilent_3054a,hires,16,false,3,1.8637,0.4054,5,0.194,DIAGNOSTIC,"the fitted power of S0 carried by the windowed cumulant of this order at this configuration, from a log-log fit over the S0 ladder -- NaN means the estimator returned a non-finite or zero cumulant on some rung"
0.3,0.002,agilent_3054a,hires,16,false,5,0.7331,0.9237,5,0.257,DIAGNOSTIC,"the fitted power of S0 carried by the windowed cumulant of this order at this configuration, from a log-log fit over the S0 ladder -- NaN means the estimator returned a non-finite or zero cumulant on some rung"
0.3,0.002,agilent_3054a,hires,16,false,7,1.1039,0.7591,5,0.168,DIAGNOSTIC,"the fitted power of S0 carried by the windowed cumulant of this order at this configuration, from a log-log fit over the S0 ladder -- NaN means the estimator returned a non-finite or zero cumulant on some rung"
0.3,0.002,agilent_3054a,hires,16,true,3,1.1338,0.5339,5,0.913,DIAGNOSTIC,"the fitted power of S0 carried by the windowed cumulant of this order at this configuration, from a log-log fit over the S0 ladder -- NaN means the estimator returned a non-finite or zero cumulant on some rung"
0.3,0.002,agilent_3054a,hires,16,true,5,0.9109,0.3977,5,0.660,DIAGNOSTIC,"the fitted power of S0 carried by the windowed cumulant of this order at this configuration, from a log-log fit over the S0 ladder -- NaN means the estimator returned a non-finite or zero cumulant on some rung"
0.3,0.002,agilent_3054a,hires,16,true,7,0.9695,0.3833,5,0.268,DIAGNOSTIC,"the fitted power of S0 carried by the windowed cumulant of this order at this configuration, from a log-log fit over the S0 ladder -- NaN means the estimator returned a non-finite or zero cumulant on some rung"
0.3,0.002,rtm3004,hires,3.25,false,3,2.0521,0.2295,5,1.181,DIAGNOSTIC,"the fitted power of S0 carried by the windowed cumulant of this order at this configuration, from a log-log fit over the S0 ladder -- NaN means the estimator returned a non-finite or zero cumulant on some rung"
0.3,0.002,rtm3004,hires,3.25,false,5,2.0889,0.2309,5,1.016,DIAGNOSTIC,"the fitted power of S0 carried by the windowed cumulant of this order at this configuration, from a log-log fit over the S0 ladder -- NaN means the estimator returned a non-finite or zero cumulant on some rung"
0.3,0.002,rtm3004,hires,3.25,false,7,2.0711,0.3487,5,1.168,DIAGNOSTIC,"the fitted power of S0 carried by the windowed cumulant of this order at this configuration, from a log-log fit over the S0 ladder -- NaN means the estimator returned a non-finite or zero cumulant on some rung"
0.3,0.002,rtm3004,hires,3.25,true,3,2.3292,0.7067,5,0.354,DIAGNOSTIC,"the fitted power of S0 carried by the windowed cumulant of this order at this configuration, from a log-log fit over the S0 ladder -- NaN means the estimator returned a non-finite or zero cumulant on some rung"
0.3,0.002,rtm3004,hires,3.25,true,5,2.3581,0.3970,5,0.752,DIAGNOSTIC,"the fitted power of S0 carried by the windowed cumulant of this order at this configuration, from a log-log fit over the S0 ladder -- NaN means the estimator returned a non-finite or zero cumulant on some rung"
0.3,0.002,rtm3004,hires,3.25,true,7,2.1565,0.4070,5,0.980,DIAGNOSTIC,"the fitted power of S0 carried by the windowed cumulant of this order at this configuration, from a log-log fit over the S0 ladder -- NaN means the estimator returned a non-finite or zero cumulant on some rung"
0.3,0.002,rtm3004,hires,4,false,3,2.0089,0.3004,5,1.692,DIAGNOSTIC,"the fitted power of S0 carried by the windowed cumulant of this order at this configuration, from a log-log fit over the S0 ladder -- NaN means the estimator returned a non-finite or zero cumulant on some rung"
0.3,0.002,rtm3004,hires,4,false,5,2.1114,0.2830,5,1.136,DIAGNOSTIC,"the fitted power of S0 carried by the windowed cumulant of this order at this configuration, from a log-log fit over the S0 ladder -- NaN means the estimator returned a non-finite or zero cumulant on some rung"
0.3,0.002,rtm3004,hires,4,false,7,1.9653,0.3315,5,1.368,DIAGNOSTIC,"the fitted power of S0 carried by the windowed cumulant of this order at this configuration, from a log-log fit over the S0 ladder -- NaN means the estimator returned a non-finite or zero cumulant on some rung"
0.3,0.002,rtm3004,hires,4,true,3,1.9705,0.4245,5,1.722,DIAGNOSTIC,"the fitted power of S0 carried by the windowed cumulant of this order at this configuration, from a log-log fit over the S0 ladder -- NaN means the estimator returned a non-finite or zero cumulant on some rung"
0.3,0.002,rtm3004,hires,4,true,5,1.9045,0.4040,5,1.722,DIAGNOSTIC,"the fitted power of S0 carried by the windowed cumulant of this order at this configuration, from a log-log fit over the S0 ladder -- NaN means the estimator returned a non-finite or zero cumulant on some rung"
0.3,0.002,rtm3004,hires,4,true,7,1.7858,0.3936,5,1.911,DIAGNOSTIC,"the fitted power of S0 carried by the windowed cumulant of this order at this configuration, from a log-log fit over the S0 ladder -- NaN means the estimator returned a non-finite or zero cumulant on some rung"
0.3,0.002,rtm3004,hires,6,false,3,2.2908,0.3302,5,0.878,DIAGNOSTIC,"the fitted power of S0 carried by the windowed cumulant of this order at this configuration, from a log-log fit over the S0 ladder -- NaN means the estimator returned a non-finite or zero cumulant on some rung"
0.3,0.002,rtm3004,hires,6,false,5,2.3085,0.5427,5,0.462,DIAGNOSTIC,"the fitted power of S0 carried by the windowed cumulant of this order at this configuration, from a log-log fit over the S0 ladder -- NaN means the estimator returned a non-finite or zero cumulant on some rung"
0.3,0.002,rtm3004,hires,6,false,7,2.2973,0.4619,5,0.525,DIAGNOSTIC,"the fitted power of S0 carried by the windowed cumulant of this order at this configuration, from a log-log fit over the S0 ladder -- NaN means the estimator returned a non-finite or zero cumulant on some rung"
0.3,0.002,rtm3004,hires,6,true,3,2.1232,0.3689,5,1.242,DIAGNOSTIC,"the fitted power of S0 carried by the windowed cumulant of this order at this configuration, from a log-log fit over the S0 ladder -- NaN means the estimator returned a non-finite or zero cumulant on some rung"
0.3,0.002,rtm3004,hires,6,true,5,2.0444,0.2977,5,0.926,DIAGNOSTIC,"the fitted power of S0 carried by the windowed cumulant of this order at this configuration, from a log-log fit over the S0 ladder -- NaN means the estimator returned a non-finite or zero cumulant on some rung"
0.3,0.002,rtm3004,hires,6,true,7,2.2526,0.1921,5,0.426,DIAGNOSTIC,"the fitted power of S0 carried by the windowed cumulant of this order at this configuration, from a log-log fit over the S0 ladder -- NaN means the estimator returned a non-finite or zero cumulant on some rung"
0.3,0.002,rtm3004,hires,8,false,3,2.1538,0.3637,5,0.882,DIAGNOSTIC,"the fitted power of S0 carried by the windowed cumulant of this order at this configuration, from a log-log fit over the S0 ladder -- NaN means the estimator returned a non-finite or zero cumulant on some rung"
0.3,0.002,rtm3004,hires,8,false,5,1.6359,0.3780,5,1.403,DIAGNOSTIC,"the fitted power of S0 carried by the windowed cumulant of this order at this configuration, from a log-log fit over the S0 ladder -- NaN means the estimator returned a non-finite or zero cumulant on some rung"
0.3,0.002,rtm3004,hires,8,false,7,1.6550,0.3736,5,0.898,DIAGNOSTIC,"the fitted power of S0 carried by the windowed cumulant of this order at this configuration, from a log-log fit over the S0 ladder -- NaN means the estimator returned a non-finite or zero cumulant on some rung"
0.3,0.002,rtm3004,hires,8,true,3,2.2564,0.6357,5,0.355,DIAGNOSTIC,"the fitted power of S0 carried by the windowed cumulant of this order at this configuration, from a log-log fit over the S0 ladder -- NaN means the estimator returned a non-finite or zero cumulant on some rung"
0.3,0.002,rtm3004,hires,8,true,5,2.4234,0.2916,5,0.286,DIAGNOSTIC,"the fitted power of S0 carried by the windowed cumulant of this order at this configuration, from a log-log fit over the S0 ladder -- NaN means the estimator returned a non-finite or zero cumulant on some rung"
0.3,0.002,rtm3004,hires,8,true,7,2.0112,0.4413,5,0.519,DIAGNOSTIC,"the fitted power of S0 carried by the windowed cumulant of this order at this configuration, from a log-log fit over the S0 ladder -- NaN means the estimator returned a non-finite or zero cumulant on some rung"
0.3,0.002,rtm3004,hires,12,false,3,1.6024,0.3816,5,0.983,DIAGNOSTIC,"the fitted power of S0 carried by the windowed cumulant of this order at this configuration, from a log-log fit over the S0 ladder -- NaN means the estimator returned a non-finite or zero cumulant on some rung"
0.3,0.002,rtm3004,hires,12,false,5,1.5480,0.3905,5,0.441,DIAGNOSTIC,"the fitted power of S0 carried by the windowed cumulant of this order at this configuration, from a log-log fit over the S0 ladder -- NaN means the estimator returned a non-finite or zero cumulant on some rung"
0.3,0.002,rtm3004,hires,12,false,7,1.0162,0.5743,5,0.882,DIAGNOSTIC,"the fitted power of S0 carried by the windowed cumulant of this order at this configuration, from a log-log fit over the S0 ladder -- NaN means the estimator returned a non-finite or zero cumulant on some rung"
0.3,0.002,rtm3004,hires,12,true,3,1.8964,0.2529,5,0.474,DIAGNOSTIC,"the fitted power of S0 carried by the windowed cumulant of this order at this configuration, from a log-log fit over the S0 ladder -- NaN means the estimator returned a non-finite or zero cumulant on some rung"
0.3,0.002,rtm3004,hires,12,true,5,1.7988,0.3267,5,0.238,DIAGNOSTIC,"the fitted power of S0 carried by the windowed cumulant of this order at this configuration, from a log-log fit over the S0 ladder -- NaN means the estimator returned a non-finite or zero cumulant on some rung"
0.3,0.002,rtm3004,hires,12,true,7,1.6740,0.2728,5,0.266,DIAGNOSTIC,"the fitted power of S0 carried by the windowed cumulant of this order at this configuration, from a log-log fit over the S0 ladder -- NaN means the estimator returned a non-finite or zero cumulant on some rung"
0.3,0.002,rtm3004,hires,16,false,3,1.7049,0.2409,5,0.390,DIAGNOSTIC,"the fitted power of S0 carried by the windowed cumulant of this order at this configuration, from a log-log fit over the S0 ladder -- NaN means the estimator returned a non-finite or zero cumulant on some rung"
0.3,0.002,rtm3004,hires,16,false,5,1.1505,0.5383,5,0.251,DIAGNOSTIC,"the fitted power of S0 carried by the windowed cumulant of this order at this configuration, from a log-log fit over the S0 ladder -- NaN means the estimator returned a non-finite or zero cumulant on some rung"
0.3,0.002,rtm3004,hires,16,false,7,0.7561,0.4580,5,0.456,DIAGNOSTIC,"the fitted power of S0 carried by the windowed cumulant of this order at this configuration, from a log-log fit over the S0 ladder -- NaN means the estimator returned a non-finite or zero cumulant on some rung"
0.3,0.002,rtm3004,hires,16,true,3,1.5272,0.4550,5,0.475,DIAGNOSTIC,"the fitted power of S0 carried by the windowed cumulant of this order at this configuration, from a log-log fit over the S0 ladder -- NaN means the estimator returned a non-finite or zero cumulant on some rung"
0.3,0.002,rtm3004,hires,16,true,5,0.9303,0.3849,5,0.964,DIAGNOSTIC,"the fitted power of S0 carried by the windowed cumulant of this order at this configuration, from a log-log fit over the S0 ladder -- NaN means the estimator returned a non-finite or zero cumulant on some rung"
0.3,0.002,rtm3004,hires,16,true,7,0.8070,0.4968,5,0.375,DIAGNOSTIC,"the fitted power of S0 carried by the windowed cumulant of this order at this configuration, from a log-log fit over the S0 ladder -- NaN means the estimator returned a non-finite or zero cumulant on some rung"
0.3,0.004,lecroy_ws3104z,raw,3.25,false,3,2.8664,0.1123,5,0.094,DIAGNOSTIC,"the fitted power of S0 carried by the windowed cumulant of this order at this configuration, from a log-log fit over the S0 ladder -- NaN means the estimator returned a non-finite or zero cumulant on some rung"
0.3,0.004,lecroy_ws3104z,raw,3.25,false,5,2.1503,0.2620,5,0.416,DIAGNOSTIC,"the fitted power of S0 carried by the windowed cumulant of this order at this configuration, from a log-log fit over the S0 ladder -- NaN means the estimator returned a non-finite or zero cumulant on some rung"
0.3,0.004,lecroy_ws3104z,raw,3.25,false,7,2.5238,0.1213,5,0.127,DIAGNOSTIC,"the fitted power of S0 carried by the windowed cumulant of this order at this configuration, from a log-log fit over the S0 ladder -- NaN means the estimator returned a non-finite or zero cumulant on some rung"
0.3,0.004,lecroy_ws3104z,raw,3.25,true,3,1.9465,0.4124,5,0.813,DIAGNOSTIC,"the fitted power of S0 carried by the windowed cumulant of this order at this configuration, from a log-log fit over the S0 ladder -- NaN means the estimator returned a non-finite or zero cumulant on some rung"
0.3,0.004,lecroy_ws3104z,raw,3.25,true,5,1.8292,0.3698,5,0.729,DIAGNOSTIC,"the fitted power of S0 carried by the windowed cumulant of this order at this configuration, from a log-log fit over the S0 ladder -- NaN means the estimator returned a non-finite or zero cumulant on some rung"
0.3,0.004,lecroy_ws3104z,raw,3.25,true,7,1.6243,0.3748,5,0.950,DIAGNOSTIC,"the fitted power of S0 carried by the windowed cumulant of this order at this configuration, from a log-log fit over the S0 ladder -- NaN means the estimator returned a non-finite or zero cumulant on some rung"
0.3,0.004,lecroy_ws3104z,raw,4,false,3,2.2926,0.2197,5,0.324,DIAGNOSTIC,"the fitted power of S0 carried by the windowed cumulant of this order at this configuration, from a log-log fit over the S0 ladder -- NaN means the estimator returned a non-finite or zero cumulant on some rung"
0.3,0.004,lecroy_ws3104z,raw,4,false,5,1.8097,0.3293,5,0.900,DIAGNOSTIC,"the fitted power of S0 carried by the windowed cumulant of this order at this configuration, from a log-log fit over the S0 ladder -- NaN means the estimator returned a non-finite or zero cumulant on some rung"
0.3,0.004,lecroy_ws3104z,raw,4,false,7,1.7359,0.3534,5,0.893,DIAGNOSTIC,"the fitted power of S0 carried by the windowed cumulant of this order at this configuration, from a log-log fit over the S0 ladder -- NaN means the estimator returned a non-finite or zero cumulant on some rung"
0.3,0.004,lecroy_ws3104z,raw,4,true,3,1.8249,0.5630,5,0.619,DIAGNOSTIC,"the fitted power of S0 carried by the windowed cumulant of this order at this configuration, from a log-log fit over the S0 ladder -- NaN means the estimator returned a non-finite or zero cumulant on some rung"
0.3,0.004,lecroy_ws3104z,raw,4,true,5,1.8003,0.5656,5,0.553,DIAGNOSTIC,"the fitted power of S0 carried by the windowed cumulant of this order at this configuration, from a log-log fit over the S0 ladder -- NaN means the estimator returned a non-finite or zero cumulant on some rung"
0.3,0.004,lecroy_ws3104z,raw,4,true,7,1.6572,0.5135,5,0.776,DIAGNOSTIC,"the fitted power of S0 carried by the windowed cumulant of this order at this configuration, from a log-log fit over the S0 ladder -- NaN means the estimator returned a non-finite or zero cumulant on some rung"
0.3,0.004,lecroy_ws3104z,raw,6,false,3,2.1085,0.2559,5,0.347,DIAGNOSTIC,"the fitted power of S0 carried by the windowed cumulant of this order at this configuration, from a log-log fit over the S0 ladder -- NaN means the estimator returned a non-finite or zero cumulant on some rung"
0.3,0.004,lecroy_ws3104z,raw,6,false,5,2.1110,0.3612,5,0.219,DIAGNOSTIC,"the fitted power of S0 carried by the windowed cumulant of this order at this configuration, from a log-log fit over the S0 ladder -- NaN means the estimator returned a non-finite or zero cumulant on some rung"
0.3,0.004,lecroy_ws3104z,raw,6,false,7,2.8660,0.6714,5,0.017,DIAGNOSTIC,"the fitted power of S0 carried by the windowed cumulant of this order at this configuration, from a log-log fit over the S0 ladder -- NaN means the estimator returned a non-finite or zero cumulant on some rung"
0.3,0.004,lecroy_ws3104z,raw,6,true,3,2.0780,1.3434,5,0.027,DIAGNOSTIC,"the fitted power of S0 carried by the windowed cumulant of this order at this configuration, from a log-log fit over the S0 ladder -- NaN means the estimator returned a non-finite or zero cumulant on some rung"
0.3,0.004,lecroy_ws3104z,raw,6,true,5,1.6364,0.9396,5,0.135,DIAGNOSTIC,"the fitted power of S0 carried by the windowed cumulant of this order at this configuration, from a log-log fit over the S0 ladder -- NaN means the estimator returned a non-finite or zero cumulant on some rung"
0.3,0.004,lecroy_ws3104z,raw,6,true,7,1.6304,1.0453,5,0.078,DIAGNOSTIC,"the fitted power of S0 carried by the windowed cumulant of this order at this configuration, from a log-log fit over the S0 ladder -- NaN means the estimator returned a non-finite or zero cumulant on some rung"
0.3,0.004,lecroy_ws3104z,raw,8,false,3,1.8215,0.5769,5,0.281,DIAGNOSTIC,"the fitted power of S0 carried by the windowed cumulant of this order at this configuration, from a log-log fit over the S0 ladder -- NaN means the estimator returned a non-finite or zero cumulant on some rung"
0.3,0.004,lecroy_ws3104z,raw,8,false,5,1.5366,0.6027,5,0.255,DIAGNOSTIC,"the fitted power of S0 carried by the windowed cumulant of this order at this configuration, from a log-log fit over the S0 ladder -- NaN means the estimator returned a non-finite or zero cumulant on some rung"
0.3,0.004,lecroy_ws3104z,raw,8,false,7,1.1360,0.4093,5,0.869,DIAGNOSTIC,"the fitted power of S0 carried by the windowed cumulant of this order at this configuration, from a log-log fit over the S0 ladder -- NaN means the estimator returned a non-finite or zero cumulant on some rung"
0.3,0.004,lecroy_ws3104z,raw,8,true,3,1.8581,0.9108,5,0.105,DIAGNOSTIC,"the fitted power of S0 carried by the windowed cumulant of this order at this configuration, from a log-log fit over the S0 ladder -- NaN means the estimator returned a non-finite or zero cumulant on some rung"
0.3,0.004,lecroy_ws3104z,raw,8,true,5,1.8241,0.7262,5,0.144,DIAGNOSTIC,"the fitted power of S0 carried by the windowed cumulant of this order at this configuration, from a log-log fit over the S0 ladder -- NaN means the estimator returned a non-finite or zero cumulant on some rung"
0.3,0.004,lecroy_ws3104z,raw,8,true,7,1.7915,0.5196,5,0.188,DIAGNOSTIC,"the fitted power of S0 carried by the windowed cumulant of this order at this configuration, from a log-log fit over the S0 ladder -- NaN means the estimator returned a non-finite or zero cumulant on some rung"
0.3,0.004,lecroy_ws3104z,raw,12,false,3,0.7586,0.7105,5,0.680,DIAGNOSTIC,"the fitted power of S0 carried by the windowed cumulant of this order at this configuration, from a log-log fit over the S0 ladder -- NaN means the estimator returned a non-finite or zero cumulant on some rung"
0.3,0.004,lecroy_ws3104z,raw,12,false,5,0.5206,0.8431,5,0.172,DIAGNOSTIC,"the fitted power of S0 carried by the windowed cumulant of this order at this configuration, from a log-log fit over the S0 ladder -- NaN means the estimator returned a non-finite or zero cumulant on some rung"
0.3,0.004,lecroy_ws3104z,raw,12,false,7,0.6298,0.5251,5,0.437,DIAGNOSTIC,"the fitted power of S0 carried by the windowed cumulant of this order at this configuration, from a log-log fit over the S0 ladder -- NaN means the estimator returned a non-finite or zero cumulant on some rung"
0.3,0.004,lecroy_ws3104z,raw,12,true,3,1.6253,0.9095,5,0.098,DIAGNOSTIC,"the fitted power of S0 carried by the windowed cumulant of this order at this configuration, from a log-log fit over the S0 ladder -- NaN means the estimator returned a non-finite or zero cumulant on some rung"
0.3,0.004,lecroy_ws3104z,raw,12,true,5,0.4837,0.6242,5,0.425,DIAGNOSTIC,"the fitted power of S0 carried by the windowed cumulant of this order at this configuration, from a log-log fit over the S0 ladder -- NaN means the estimator returned a non-finite or zero cumulant on some rung"
0.3,0.004,lecroy_ws3104z,raw,12,true,7,0.4207,0.6519,5,0.217,DIAGNOSTIC,"the fitted power of S0 carried by the windowed cumulant of this order at this configuration, from a log-log fit over the S0 ladder -- NaN means the estimator returned a non-finite or zero cumulant on some rung"
0.3,0.004,lecroy_ws3104z,raw,16,false,3,0.8672,0.9758,5,0.125,DIAGNOSTIC,"the fitted power of S0 carried by the windowed cumulant of this order at this configuration, from a log-log fit over the S0 ladder -- NaN means the estimator returned a non-finite or zero cumulant on some rung"
0.3,0.004,lecroy_ws3104z,raw,16,false,5,0.7305,0.7264,5,0.197,DIAGNOSTIC,"the fitted power of S0 carried by the windowed cumulant of this order at this configuration, from a log-log fit over the S0 ladder -- NaN means the estimator returned a non-finite or zero cumulant on some rung"
0.3,0.004,lecroy_ws3104z,raw,16,false,7,-0.1315,1.3238,5,0.022,DIAGNOSTIC,"the fitted power of S0 carried by the windowed cumulant of this order at this configuration, from a log-log fit over the S0 ladder -- NaN means the estimator returned a non-finite or zero cumulant on some rung"
0.3,0.004,lecroy_ws3104z,raw,16,true,3,0.8474,0.2894,5,0.739,DIAGNOSTIC,"the fitted power of S0 carried by the windowed cumulant of this order at this configuration, from a log-log fit over the S0 ladder -- NaN means the estimator returned a non-finite or zero cumulant on some rung"
0.3,0.004,lecroy_ws3104z,raw,16,true,5,1.0166,1.0530,5,0.031,DIAGNOSTIC,"the fitted power of S0 carried by the windowed cumulant of this order at this configuration, from a log-log fit over the S0 ladder -- NaN means the estimator returned a non-finite or zero cumulant on some rung"
0.3,0.004,lecroy_ws3104z,raw,16,true,7,0.8143,0.9167,5,0.040,DIAGNOSTIC,"the fitted power of S0 carried by the windowed cumulant of this order at this configuration, from a log-log fit over the S0 ladder -- NaN means the estimator returned a non-finite or zero cumulant on some rung"
0.3,0.004,agilent_3054a,hires,3.25,false,3,2.4301,0.6379,5,0.189,DIAGNOSTIC,"the fitted power of S0 carried by the windowed cumulant of this order at this configuration, from a log-log fit over the S0 ladder -- NaN means the estimator returned a non-finite or zero cumulant on some rung"
0.3,0.004,agilent_3054a,hires,3.25,false,5,2.5761,0.5297,5,0.188,DIAGNOSTIC,"the fitted power of S0 carried by the windowed cumulant of this order at this configuration, from a log-log fit over the S0 ladder -- NaN means the estimator returned a non-finite or zero cumulant on some rung"
0.3,0.004,agilent_3054a,hires,3.25,false,7,2.3662,0.3530,5,0.323,DIAGNOSTIC,"the fitted power of S0 carried by the windowed cumulant of this order at this configuration, from a log-log fit over the S0 ladder -- NaN means the estimator returned a non-finite or zero cumulant on some rung"
0.3,0.004,agilent_3054a,hires,3.25,true,3,1.9346,0.4895,5,0.734,DIAGNOSTIC,"the fitted power of S0 carried by the windowed cumulant of this order at this configuration, from a log-log fit over the S0 ladder -- NaN means the estimator returned a non-finite or zero cumulant on some rung"
0.3,0.004,agilent_3054a,hires,3.25,true,5,2.1787,0.7139,5,0.201,DIAGNOSTIC,"the fitted power of S0 carried by the windowed cumulant of this order at this configuration, from a log-log fit over the S0 ladder -- NaN means the estimator returned a non-finite or zero cumulant on some rung"
0.3,0.004,agilent_3054a,hires,3.25,true,7,1.9050,0.5584,5,0.457,DIAGNOSTIC,"the fitted power of S0 carried by the windowed cumulant of this order at this configuration, from a log-log fit over the S0 ladder -- NaN means the estimator returned a non-finite or zero cumulant on some rung"
0.3,0.004,agilent_3054a,hires,4,false,3,2.0355,0.2635,5,0.762,DIAGNOSTIC,"the fitted power of S0 carried by the windowed cumulant of this order at this configuration, from a log-log fit over the S0 ladder -- NaN means the estimator returned a non-finite or zero cumulant on some rung"
0.3,0.004,agilent_3054a,hires,4,false,5,1.7785,0.3662,5,1.154,DIAGNOSTIC,"the fitted power of S0 carried by the windowed cumulant of this order at this configuration, from a log-log fit over the S0 ladder -- NaN means the estimator returned a non-finite or zero cumulant on some rung"
0.3,0.004,agilent_3054a,hires,4,false,7,1.6637,0.4699,5,1.149,DIAGNOSTIC,"the fitted power of S0 carried by the windowed cumulant of this order at this configuration, from a log-log fit over the S0 ladder -- NaN means the estimator returned a non-finite or zero cumulant on some rung"
0.3,0.004,agilent_3054a,hires,4,true,3,3.0804,0.0770,5,0.065,DIAGNOSTIC,"the fitted power of S0 carried by the windowed cumulant of this order at this configuration, from a log-log fit over the S0 ladder -- NaN means the estimator returned a non-finite or zero cumulant on some rung"
0.3,0.004,agilent_3054a,hires,4,true,5,2.7554,0.0446,5,0.104,DIAGNOSTIC,"the fitted power of S0 carried by the windowed cumulant of this order at this configuration, from a log-log fit over the S0 ladder -- NaN means the estimator returned a non-finite or zero cumulant on some rung"
0.3,0.004,agilent_3054a,hires,4,true,7,2.5901,0.0878,5,0.129,DIAGNOSTIC,"the fitted power of S0 carried by the windowed cumulant of this order at this configuration, from a log-log fit over the S0 ladder -- NaN means the estimator returned a non-finite or zero cumulant on some rung"
0.3,0.004,agilent_3054a,hires,6,false,3,2.1414,0.6646,5,0.251,DIAGNOSTIC,"the fitted power of S0 carried by the windowed cumulant of this order at this configuration, from a log-log fit over the S0 ladder -- NaN means the estimator returned a non-finite or zero cumulant on some rung"
0.3,0.004,agilent_3054a,hires,6,false,5,2.2000,0.4900,5,0.293,DIAGNOSTIC,"the fitted power of S0 carried by the windowed cumulant of this order at this configuration, from a log-log fit over the S0 ladder -- NaN means the estimator returned a non-finite or zero cumulant on some rung"
0.3,0.004,agilent_3054a,hires,6,false,7,2.4409,1.4198,5,0.010,DIAGNOSTIC,"the fitted power of S0 carried by the windowed cumulant of this order at this configuration, from a log-log fit over the S0 ladder -- NaN means the estimator returned a non-finite or zero cumulant on some rung"
0.3,0.004,agilent_3054a,hires,6,true,3,1.8661,0.3385,5,1.049,DIAGNOSTIC,"the fitted power of S0 carried by the windowed cumulant of this order at this configuration, from a log-log fit over the S0 ladder -- NaN means the estimator returned a non-finite or zero cumulant on some rung"
0.3,0.004,agilent_3054a,hires,6,true,5,1.8508,0.2829,5,0.699,DIAGNOSTIC,"the fitted power of S0 carried by the windowed cumulant of this order at this configuration, from a log-log fit over the S0 ladder -- NaN means the estimator returned a non-finite or zero cumulant on some rung"
0.3,0.004,agilent_3054a,hires,6,true,7,2.0061,0.2677,5,0.364,DIAGNOSTIC,"the fitted power of S0 carried by the windowed cumulant of this order at this configuration, from a log-log fit over the S0 ladder -- NaN means the estimator returned a non-finite or zero cumulant on some rung"
0.3,0.004,agilent_3054a,hires,8,false,3,1.8349,0.3699,5,0.757,DIAGNOSTIC,"the fitted power of S0 carried by the windowed cumulant of this order at this configuration, from a log-log fit over the S0 ladder -- NaN means the estimator returned a non-finite or zero cumulant on some rung"
0.3,0.004,agilent_3054a,hires,8,false,5,1.5803,0.5521,5,0.787,DIAGNOSTIC,"the fitted power of S0 carried by the windowed cumulant of this order at this configuration, from a log-log fit over the S0 ladder -- NaN means the estimator returned a non-finite or zero cumulant on some rung"
0.3,0.004,agilent_3054a,hires,8,false,7,1.8085,0.5081,5,0.316,DIAGNOSTIC,"the fitted power of S0 carried by the windowed cumulant of this order at this configuration, from a log-log fit over the S0 ladder -- NaN means the estimator returned a non-finite or zero cumulant on some rung"
0.3,0.004,agilent_3054a,hires,8,true,3,1.7477,0.3743,5,1.036,DIAGNOSTIC,"the fitted power of S0 carried by the windowed cumulant of this order at this configuration, from a log-log fit over the S0 ladder -- NaN means the estimator returned a non-finite or zero cumulant on some rung"
0.3,0.004,agilent_3054a,hires,8,true,5,1.4523,0.4586,5,1.109,DIAGNOSTIC,"the fitted power of S0 carried by the windowed cumulant of this order at this configuration, from a log-log fit over the S0 ladder -- NaN means the estimator returned a non-finite or zero cumulant on some rung"
0.3,0.004,agilent_3054a,hires,8,true,7,1.2919,0.4397,5,1.090,DIAGNOSTIC,"the fitted power of S0 carried by the windowed cumulant of this order at this configuration, from a log-log fit over the S0 ladder -- NaN means the estimator returned a non-finite or zero cumulant on some rung"
0.3,0.004,agilent_3054a,hires,12,false,3,2.2653,0.1545,5,0.101,DIAGNOSTIC,"the fitted power of S0 carried by the windowed cumulant of this order at this configuration, from a log-log fit over the S0 ladder -- NaN means the estimator returned a non-finite or zero cumulant on some rung"
0.3,0.004,agilent_3054a,hires,12,false,5,1.4456,0.1738,5,0.465,DIAGNOSTIC,"the fitted power of S0 carried by the windowed cumulant of this order at this configuration, from a log-log fit over the S0 ladder -- NaN means the estimator returned a non-finite or zero cumulant on some rung"
0.3,0.004,agilent_3054a,hires,12,false,7,1.3426,0.2568,5,0.314,DIAGNOSTIC,"the fitted power of S0 carried by the windowed cumulant of this order at this configuration, from a log-log fit over the S0 ladder -- NaN means the estimator returned a non-finite or zero cumulant on some rung"
0.3,0.004,agilent_3054a,hires,12,true,3,1.4338,0.4232,5,0.677,DIAGNOSTIC,"the fitted power of S0 carried by the windowed cumulant of this order at this configuration, from a log-log fit over the S0 ladder -- NaN means the estimator returned a non-finite or zero cumulant on some rung"
0.3,0.004,agilent_3054a,hires,12,true,5,0.9168,0.7818,5,0.259,DIAGNOSTIC,"the fitted power of S0 carried by the windowed cumulant of this order at this configuration, from a log-log fit over the S0 ladder -- NaN means the estimator returned a non-finite or zero cumulant on some rung"
0.3,0.004,agilent_3054a,hires,12,true,7,0.5478,1.0437,5,0.076,DIAGNOSTIC,"the fitted power of S0 carried by the windowed cumulant of this order at this configuration, from a log-log fit over the S0 ladder -- NaN means the estimator returned a non-finite or zero cumulant on some rung"
0.3,0.004,agilent_3054a,hires,16,false,3,1.1322,0.8784,5,0.108,DIAGNOSTIC,"the fitted power of S0 carried by the windowed cumulant of this order at this configuration, from a log-log fit over the S0 ladder -- NaN means the estimator returned a non-finite or zero cumulant on some rung"
0.3,0.004,agilent_3054a,hires,16,false,5,0.9144,0.6074,5,0.140,DIAGNOSTIC,"the fitted power of S0 carried by the windowed cumulant of this order at this configuration, from a log-log fit over the S0 ladder -- NaN means the estimator returned a non-finite or zero cumulant on some rung"
0.3,0.004,agilent_3054a,hires,16,false,7,0.4411,0.4224,5,0.506,DIAGNOSTIC,"the fitted power of S0 carried by the windowed cumulant of this order at this configuration, from a log-log fit over the S0 ladder -- NaN means the estimator returned a non-finite or zero cumulant on some rung"
0.3,0.004,agilent_3054a,hires,16,true,3,1.4809,0.4815,5,0.217,DIAGNOSTIC,"the fitted power of S0 carried by the windowed cumulant of this order at this configuration, from a log-log fit over the S0 ladder -- NaN means the estimator returned a non-finite or zero cumulant on some rung"
0.3,0.004,agilent_3054a,hires,16,true,5,1.4317,0.3334,5,0.119,DIAGNOSTIC,"the fitted power of S0 carried by the windowed cumulant of this order at this configuration, from a log-log fit over the S0 ladder -- NaN means the estimator returned a non-finite or zero cumulant on some rung"
0.3,0.004,agilent_3054a,hires,16,true,7,1.9310,1.1698,5,0.005,DIAGNOSTIC,"the fitted power of S0 carried by the windowed cumulant of this order at this configuration, from a log-log fit over the S0 ladder -- NaN means the estimator returned a non-finite or zero cumulant on some rung"
0.3,0.004,rtm3004,hires,3.25,false,3,1.7976,0.2895,5,0.965,DIAGNOSTIC,"the fitted power of S0 carried by the windowed cumulant of this order at this configuration, from a log-log fit over the S0 ladder -- NaN means the estimator returned a non-finite or zero cumulant on some rung"
0.3,0.004,rtm3004,hires,3.25,false,5,1.7164,0.3046,5,0.973,DIAGNOSTIC,"the fitted power of S0 carried by the windowed cumulant of this order at this configuration, from a log-log fit over the S0 ladder -- NaN means the estimator returned a non-finite or zero cumulant on some rung"
0.3,0.004,rtm3004,hires,3.25,false,7,1.7219,0.2783,5,0.845,DIAGNOSTIC,"the fitted power of S0 carried by the windowed cumulant of this order at this configuration, from a log-log fit over the S0 ladder -- NaN means the estimator returned a non-finite or zero cumulant on some rung"
0.3,0.004,rtm3004,hires,3.25,true,3,2.4563,0.2142,5,0.194,DIAGNOSTIC,"the fitted power of S0 carried by the windowed cumulant of this order at this configuration, from a log-log fit over the S0 ladder -- NaN means the estimator returned a non-finite or zero cumulant on some rung"
0.3,0.004,rtm3004,hires,3.25,true,5,2.1715,0.2763,5,0.331,DIAGNOSTIC,"the fitted power of S0 carried by the windowed cumulant of this order at this configuration, from a log-log fit over the S0 ladder -- NaN means the estimator returned a non-finite or zero cumulant on some rung"
0.3,0.004,rtm3004,hires,3.25,true,7,2.2443,0.2693,5,0.255,DIAGNOSTIC,"the fitted power of S0 carried by the windowed cumulant of this order at this configuration, from a log-log fit over the S0 ladder -- NaN means the estimator returned a non-finite or zero cumulant on some rung"
0.3,0.004,rtm3004,hires,4,false,3,1.9571,0.6426,5,0.431,DIAGNOSTIC,"the fitted power of S0 carried by the windowed cumulant of this order at this configuration, from a log-log fit over the S0 ladder -- NaN means the estimator returned a non-finite or zero cumulant on some rung"
0.3,0.004,rtm3004,hires,4,false,5,1.9246,0.3962,5,0.839,DIAGNOSTIC,"the fitted power of S0 carried by the windowed cumulant of this order at this configuration, from a log-log fit over the S0 ladder -- NaN means the estimator returned a non-finite or zero cumulant on some rung"
0.3,0.004,rtm3004,hires,4,false,7,2.1223,0.4853,5,0.380,DIAGNOSTIC,"the fitted power of S0 carried by the windowed cumulant of this order at this configuration, from a log-log fit over the S0 ladder -- NaN means the estimator returned a non-finite or zero cumulant on some rung"
0.3,0.004,rtm3004,hires,4,true,3,1.5901,0.5471,5,1.235,DIAGNOSTIC,"the fitted power of S0 carried by the windowed cumulant of this order at this configuration, from a log-log fit over the S0 ladder -- NaN means the estimator returned a non-finite or zero cumulant on some rung"
0.3,0.004,rtm3004,hires,4,true,5,1.6872,0.5331,5,0.883,DIAGNOSTIC,"the fitted power of S0 carried by the windowed cumulant of this order at this configuration, from a log-log fit over the S0 ladder -- NaN means the estimator returned a non-finite or zero cumulant on some rung"
0.3,0.004,rtm3004,hires,4,true,7,1.7784,0.4655,5,0.882,DIAGNOSTIC,"the fitted power of S0 carried by the windowed cumulant of this order at this configuration, from a log-log fit over the S0 ladder -- NaN means the estimator returned a non-finite or zero cumulant on some rung"
0.3,0.004,rtm3004,hires,6,false,3,2.2393,0.3515,5,0.530,DIAGNOSTIC,"the fitted power of S0 carried by the windowed cumulant of this order at this configuration, from a log-log fit over the S0 ladder -- NaN means the estimator returned a non-finite or zero cumulant on some rung"
0.3,0.004,rtm3004,hires,6,false,5,2.5289,0.3714,5,0.221,DIAGNOSTIC,"the fitted power of S0 carried by the windowed cumulant of this order at this configuration, from a log-log fit over the S0 ladder -- NaN means the estimator returned a non-finite or zero cumulant on some rung"
0.3,0.004,rtm3004,hires,6,false,7,1.9338,0.9973,5,0.079,DIAGNOSTIC,"the fitted power of S0 carried by the windowed cumulant of this order at this configuration, from a log-log fit over the S0 ladder -- NaN means the estimator returned a non-finite or zero cumulant on some rung"
0.3,0.004,rtm3004,hires,6,true,3,2.3339,0.8022,5,0.124,DIAGNOSTIC,"the fitted power of S0 carried by the windowed cumulant of this order at this configuration, from a log-log fit over the S0 ladder -- NaN means the estimator returned a non-finite or zero cumulant on some rung"
0.3,0.004,rtm3004,hires,6,true,5,2.6730,0.7935,5,0.059,DIAGNOSTIC,"the fitted power of S0 carried by the windowed cumulant of this order at this configuration, from a log-log fit over the S0 ladder -- NaN means the estimator returned a non-finite or zero cumulant on some rung"
0.3,0.004,rtm3004,hires,6,true,7,1.8960,0.2789,5,0.567,DIAGNOSTIC,"the fitted power of S0 carried by the windowed cumulant of this order at this configuration, from a log-log fit over the S0 ladder -- NaN means the estimator returned a non-finite or zero cumulant on some rung"
0.3,0.004,rtm3004,hires,8,false,3,2.6193,0.2589,5,0.106,DIAGNOSTIC,"the fitted power of S0 carried by the windowed cumulant of this order at this configuration, from a log-log fit over the S0 ladder -- NaN means the estimator returned a non-finite or zero cumulant on some rung"
0.3,0.004,rtm3004,hires,8,false,5,2.2609,1.6776,5,0.011,DIAGNOSTIC,"the fitted power of S0 carried by the windowed cumulant of this order at this configuration, from a log-log fit over the S0 ladder -- NaN means the estimator returned a non-finite or zero cumulant on some rung"
0.3,0.004,rtm3004,hires,8,false,7,1.5290,0.7215,5,0.433,DIAGNOSTIC,"the fitted power of S0 carried by the windowed cumulant of this order at this configuration, from a log-log fit over the S0 ladder -- NaN means the estimator returned a non-finite or zero cumulant on some rung"
0.3,0.004,rtm3004,hires,8,true,3,2.0508,0.7084,5,0.192,DIAGNOSTIC,"the fitted power of S0 carried by the windowed cumulant of this order at this configuration, from a log-log fit over the S0 ladder -- NaN means the estimator returned a non-finite or zero cumulant on some rung"
0.3,0.004,rtm3004,hires,8,true,5,1.8391,0.5853,5,0.252,DIAGNOSTIC,"the fitted power of S0 carried by the windowed cumulant of this order at this configuration, from a log-log fit over the S0 ladder -- NaN means the estimator returned a non-finite or zero cumulant on some rung"
0.3,0.004,rtm3004,hires,8,true,7,1.6153,0.6912,5,0.190,DIAGNOSTIC,"the fitted power of S0 carried by the windowed cumulant of this order at this configuration, from a log-log fit over the S0 ladder -- NaN means the estimator returned a non-finite or zero cumulant on some rung"
0.3,0.004,rtm3004,hires,12,false,3,1.3417,0.6215,5,0.607,DIAGNOSTIC,"the fitted power of S0 carried by the windowed cumulant of this order at this configuration, from a log-log fit over the S0 ladder -- NaN means the estimator returned a non-finite or zero cumulant on some rung"
0.3,0.004,rtm3004,hires,12,false,5,1.3599,0.5630,5,0.242,DIAGNOSTIC,"the fitted power of S0 carried by the windowed cumulant of this order at this configuration, from a log-log fit over the S0 ladder -- NaN means the estimator returned a non-finite or zero cumulant on some rung"
0.3,0.004,rtm3004,hires,12,false,7,1.1492,1.0713,5,0.034,DIAGNOSTIC,"the fitted power of S0 carried by the windowed cumulant of this order at this configuration, from a log-log fit over the S0 ladder -- NaN means the estimator returned a non-finite or zero cumulant on some rung"
0.3,0.004,rtm3004,hires,12,true,3,2.2811,0.7316,5,0.063,DIAGNOSTIC,"the fitted power of S0 carried by the windowed cumulant of this order at this configuration, from a log-log fit over the S0 ladder -- NaN means the estimator returned a non-finite or zero cumulant on some rung"
0.3,0.004,rtm3004,hires,12,true,5,1.1933,0.3606,5,0.659,DIAGNOSTIC,"the fitted power of S0 carried by the windowed cumulant of this order at this configuration, from a log-log fit over the S0 ladder -- NaN means the estimator returned a non-finite or zero cumulant on some rung"
0.3,0.004,rtm3004,hires,12,true,7,1.4116,0.0904,5,0.257,DIAGNOSTIC,"the fitted power of S0 carried by the windowed cumulant of this order at this configuration, from a log-log fit over the S0 ladder -- NaN means the estimator returned a non-finite or zero cumulant on some rung"
0.3,0.004,rtm3004,hires,16,false,3,1.0471,0.3859,5,0.943,DIAGNOSTIC,"the fitted power of S0 carried by the windowed cumulant of this order at this configuration, from a log-log fit over the S0 ladder -- NaN means the estimator returned a non-finite or zero cumulant on some rung"
0.3,0.004,rtm3004,hires,16,false,5,0.8102,0.3868,5,0.603,DIAGNOSTIC,"the fitted power of S0 carried by the windowed cumulant of this order at this configuration, from a log-log fit over the S0 ladder -- NaN means the estimator returned a non-finite or zero cumulant on some rung"
0.3,0.004,rtm3004,hires,16,false,7,0.6083,0.5305,5,0.274,DIAGNOSTIC,"the fitted power of S0 carried by the windowed cumulant of this order at this configuration, from a log-log fit over the S0 ladder -- NaN means the estimator returned a non-finite or zero cumulant on some rung"
0.3,0.004,rtm3004,hires,16,true,3,1.0028,0.6543,5,0.283,DIAGNOSTIC,"the fitted power of S0 carried by the windowed cumulant of this order at this configuration, from a log-log fit over the S0 ladder -- NaN means the estimator returned a non-finite or zero cumulant on some rung"
0.3,0.004,rtm3004,hires,16,true,5,0.4000,0.5268,5,0.328,DIAGNOSTIC,"the fitted power of S0 carried by the windowed cumulant of this order at this configuration, from a log-log fit over the S0 ladder -- NaN means the estimator returned a non-finite or zero cumulant on some rung"
0.3,0.004,rtm3004,hires,16,true,7,-0.2007,0.2929,5,0.693,DIAGNOSTIC,"the fitted power of S0 carried by the windowed cumulant of this order at this configuration, from a log-log fit over the S0 ladder -- NaN means the estimator returned a non-finite or zero cumulant on some rung"
0.3,0.012,lecroy_ws3104z,raw,3.25,false,3,1.0920,0.3662,5,1.747,DIAGNOSTIC,"the fitted power of S0 carried by the windowed cumulant of this order at this configuration, from a log-log fit over the S0 ladder -- NaN means the estimator returned a non-finite or zero cumulant on some rung"
0.3,0.012,lecroy_ws3104z,raw,3.25,false,5,1.4286,0.2962,5,0.567,DIAGNOSTIC,"the fitted power of S0 carried by the windowed cumulant of this order at this configuration, from a log-log fit over the S0 ladder -- NaN means the estimator returned a non-finite or zero cumulant on some rung"
0.3,0.012,lecroy_ws3104z,raw,3.25,false,7,1.4652,0.3780,5,0.402,DIAGNOSTIC,"the fitted power of S0 carried by the windowed cumulant of this order at this configuration, from a log-log fit over the S0 ladder -- NaN means the estimator returned a non-finite or zero cumulant on some rung"
0.3,0.012,lecroy_ws3104z,raw,3.25,true,3,1.1055,0.6680,5,0.690,DIAGNOSTIC,"the fitted power of S0 carried by the windowed cumulant of this order at this configuration, from a log-log fit over the S0 ladder -- NaN means the estimator returned a non-finite or zero cumulant on some rung"
0.3,0.012,lecroy_ws3104z,raw,3.25,true,5,1.1380,1.5913,5,0.015,DIAGNOSTIC,"the fitted power of S0 carried by the windowed cumulant of this order at this configuration, from a log-log fit over the S0 ladder -- NaN means the estimator returned a non-finite or zero cumulant on some rung"
0.3,0.012,lecroy_ws3104z,raw,3.25,true,7,1.2443,0.9716,5,0.124,DIAGNOSTIC,"the fitted power of S0 carried by the windowed cumulant of this order at this configuration, from a log-log fit over the S0 ladder -- NaN means the estimator returned a non-finite or zero cumulant on some rung"
0.3,0.012,lecroy_ws3104z,raw,4,false,3,2.5728,0.3521,5,0.053,DIAGNOSTIC,"the fitted power of S0 carried by the windowed cumulant of this order at this configuration, from a log-log fit over the S0 ladder -- NaN means the estimator returned a non-finite or zero cumulant on some rung"
0.3,0.012,lecroy_ws3104z,raw,4,false,5,1.6280,0.6026,5,0.347,DIAGNOSTIC,"the fitted power of S0 carried by the windowed cumulant of this order at this configuration, from a log-log fit over the S0 ladder -- NaN means the estimator returned a non-finite or zero cumulant on some rung"
0.3,0.012,lecroy_ws3104z,raw,4,false,7,2.1265,0.2916,5,0.122,DIAGNOSTIC,"the fitted power of S0 carried by the windowed cumulant of this order at this configuration, from a log-log fit over the S0 ladder -- NaN means the estimator returned a non-finite or zero cumulant on some rung"
0.3,0.012,lecroy_ws3104z,raw,4,true,3,1.3481,0.4733,5,0.672,DIAGNOSTIC,"the fitted power of S0 carried by the windowed cumulant of this order at this configuration, from a log-log fit over the S0 ladder -- NaN means the estimator returned a non-finite or zero cumulant on some rung"
0.3,0.012,lecroy_ws3104z,raw,4,true,5,1.5685,0.5952,5,0.237,DIAGNOSTIC,"the fitted power of S0 carried by the windowed cumulant of this order at this configuration, from a log-log fit over the S0 ladder -- NaN means the estimator returned a non-finite or zero cumulant on some rung"
0.3,0.012,lecroy_ws3104z,raw,4,true,7,1.7278,0.2443,5,0.254,DIAGNOSTIC,"the fitted power of S0 carried by the windowed cumulant of this order at this configuration, from a log-log fit over the S0 ladder -- NaN means the estimator returned a non-finite or zero cumulant on some rung"
0.3,0.012,lecroy_ws3104z,raw,6,false,3,1.9934,0.4942,5,0.190,DIAGNOSTIC,"the fitted power of S0 carried by the windowed cumulant of this order at this configuration, from a log-log fit over the S0 ladder -- NaN means the estimator returned a non-finite or zero cumulant on some rung"
0.3,0.012,lecroy_ws3104z,raw,6,false,5,1.6413,0.3189,5,0.245,DIAGNOSTIC,"the fitted power of S0 carried by the windowed cumulant of this order at this configuration, from a log-log fit over the S0 ladder -- NaN means the estimator returned a non-finite or zero cumulant on some rung"
0.3,0.012,lecroy_ws3104z,raw,6,false,7,2.5008,0.5583,5,0.020,DIAGNOSTIC,"the fitted power of S0 carried by the windowed cumulant of this order at this configuration, from a log-log fit over the S0 ladder -- NaN means the estimator returned a non-finite or zero cumulant on some rung"
0.3,0.012,lecroy_ws3104z,raw,6,true,3,1.8731,0.5043,5,0.316,DIAGNOSTIC,"the fitted power of S0 carried by the windowed cumulant of this order at this configuration, from a log-log fit over the S0 ladder -- NaN means the estimator returned a non-finite or zero cumulant on some rung"
0.3,0.012,lecroy_ws3104z,raw,6,true,5,2.0023,1.4892,5,0.009,DIAGNOSTIC,"the fitted power of S0 carried by the windowed cumulant of this order at this configuration, from a log-log fit over the S0 ladder -- NaN means the estimator returned a non-finite or zero cumulant on some rung"
0.3,0.012,lecroy_ws3104z,raw,6,true,7,1.3807,0.4482,5,0.550,DIAGNOSTIC,"the fitted power of S0 carried by the windowed cumulant of this order at this configuration, from a log-log fit over the S0 ladder -- NaN means the estimator returned a non-finite or zero cumulant on some rung"
0.3,0.012,lecroy_ws3104z,raw,8,false,3,1.0806,0.5725,5,0.671,DIAGNOSTIC,"the fitted power of S0 carried by the windowed cumulant of this order at this configuration, from a log-log fit over the S0 ladder -- NaN means the estimator returned a non-finite or zero cumulant on some rung"
0.3,0.012,lecroy_ws3104z,raw,8,false,5,0.8327,0.8440,5,0.262,DIAGNOSTIC,"the fitted power of S0 carried by the windowed cumulant of this order at this configuration, from a log-log fit over the S0 ladder -- NaN means the estimator returned a non-finite or zero cumulant on some rung"
0.3,0.012,lecroy_ws3104z,raw,8,false,7,0.7285,0.8059,5,0.218,DIAGNOSTIC,"the fitted power of S0 carried by the windowed cumulant of this order at this configuration, from a log-log fit over the S0 ladder -- NaN means the estimator returned a non-finite or zero cumulant on some rung"
0.3,0.012,lecroy_ws3104z,raw,8,true,3,1.3836,0.8843,5,0.098,DIAGNOSTIC,"the fitted power of S0 carried by the windowed cumulant of this order at this configuration, from a log-log fit over the S0 ladder -- NaN means the estimator returned a non-finite or zero cumulant on some rung"
0.3,0.012,lecroy_ws3104z,raw,8,true,5,0.8315,0.5249,5,0.546,DIAGNOSTIC,"the fitted power of S0 carried by the windowed cumulant of this order at this configuration, from a log-log fit over the S0 ladder -- NaN means the estimator returned a non-finite or zero cumulant on some rung"
0.3,0.012,lecroy_ws3104z,raw,8,true,7,0.5502,0.7852,5,0.282,DIAGNOSTIC,"the fitted power of S0 carried by the windowed cumulant of this order at this configuration, from a log-log fit over the S0 ladder -- NaN means the estimator returned a non-finite or zero cumulant on some rung"
0.3,0.012,lecroy_ws3104z,raw,12,false,3,0.6414,0.3527,5,1.157,DIAGNOSTIC,"the fitted power of S0 carried by the windowed cumulant of this order at this configuration, from a log-log fit over the S0 ladder -- NaN means the estimator returned a non-finite or zero cumulant on some rung"
0.3,0.012,lecroy_ws3104z,raw,12,false,5,0.7179,0.2508,5,0.579,DIAGNOSTIC,"the fitted power of S0 carried by the windowed cumulant of this order at this configuration, from a log-log fit over the S0 ladder -- NaN means the estimator returned a non-finite or zero cumulant on some rung"
0.3,0.012,lecroy_ws3104z,raw,12,false,7,0.2768,0.3677,5,0.624,DIAGNOSTIC,"the fitted power of S0 carried by the windowed cumulant of this order at this configuration, from a log-log fit over the S0 ladder -- NaN means the estimator returned a non-finite or zero cumulant on some rung"
0.3,0.012,lecroy_ws3104z,raw,12,true,3,1.0834,0.3851,5,0.485,DIAGNOSTIC,"the fitted power of S0 carried by the windowed cumulant of this order at this configuration, from a log-log fit over the S0 ladder -- NaN means the estimator returned a non-finite or zero cumulant on some rung"
0.3,0.012,lecroy_ws3104z,raw,12,true,5,0.8034,0.2386,5,0.877,DIAGNOSTIC,"the fitted power of S0 carried by the windowed cumulant of this order at this configuration, from a log-log fit over the S0 ladder -- NaN means the estimator returned a non-finite or zero cumulant on some rung"
0.3,0.012,lecroy_ws3104z,raw,12,true,7,0.7515,0.2704,5,0.765,DIAGNOSTIC,"the fitted power of S0 carried by the windowed cumulant of this order at this configuration, from a log-log fit over the S0 ladder -- NaN means the estimator returned a non-finite or zero cumulant on some rung"
0.3,0.012,lecroy_ws3104z,raw,16,false,3,1.6171,0.3113,5,0.085,DIAGNOSTIC,"the fitted power of S0 carried by the windowed cumulant of this order at this configuration, from a log-log fit over the S0 ladder -- NaN means the estimator returned a non-finite or zero cumulant on some rung"
0.3,0.012,lecroy_ws3104z,raw,16,false,5,0.8204,0.2995,5,0.336,DIAGNOSTIC,"the fitted power of S0 carried by the windowed cumulant of this order at this configuration, from a log-log fit over the S0 ladder -- NaN means the estimator returned a non-finite or zero cumulant on some rung"
0.3,0.012,lecroy_ws3104z,raw,16,false,7,0.7338,0.7761,5,0.055,DIAGNOSTIC,"the fitted power of S0 carried by the windowed cumulant of this order at this configuration, from a log-log fit over the S0 ladder -- NaN means the estimator returned a non-finite or zero cumulant on some rung"
0.3,0.012,lecroy_ws3104z,raw,16,true,3,0.7299,0.5539,5,0.342,DIAGNOSTIC,"the fitted power of S0 carried by the windowed cumulant of this order at this configuration, from a log-log fit over the S0 ladder -- NaN means the estimator returned a non-finite or zero cumulant on some rung"
0.3,0.012,lecroy_ws3104z,raw,16,true,5,1.7903,0.1796,5,0.052,DIAGNOSTIC,"the fitted power of S0 carried by the windowed cumulant of this order at this configuration, from a log-log fit over the S0 ladder -- NaN means the estimator returned a non-finite or zero cumulant on some rung"
0.3,0.012,lecroy_ws3104z,raw,16,true,7,0.6851,0.7714,5,0.111,DIAGNOSTIC,"the fitted power of S0 carried by the windowed cumulant of this order at this configuration, from a log-log fit over the S0 ladder -- NaN means the estimator returned a non-finite or zero cumulant on some rung"
0.3,0.012,agilent_3054a,hires,3.25,false,3,1.4043,0.2896,5,0.817,DIAGNOSTIC,"the fitted power of S0 carried by the windowed cumulant of this order at this configuration, from a log-log fit over the S0 ladder -- NaN means the estimator returned a non-finite or zero cumulant on some rung"
0.3,0.012,agilent_3054a,hires,3.25,false,5,1.8809,0.2003,5,0.264,DIAGNOSTIC,"the fitted power of S0 carried by the windowed cumulant of this order at this configuration, from a log-log fit over the S0 ladder -- NaN means the estimator returned a non-finite or zero cumulant on some rung"
0.3,0.012,agilent_3054a,hires,3.25,false,7,1.6170,0.2356,5,0.370,DIAGNOSTIC,"the fitted power of S0 carried by the windowed cumulant of this order at this configuration, from a log-log fit over the S0 ladder -- NaN means the estimator returned a non-finite or zero cumulant on some rung"
0.3,0.012,agilent_3054a,hires,3.25,true,3,1.2656,0.5501,5,0.981,DIAGNOSTIC,"the fitted power of S0 carried by the windowed cumulant of this order at this configuration, from a log-log fit over the S0 ladder -- NaN means the estimator returned a non-finite or zero cumulant on some rung"
0.3,0.012,agilent_3054a,hires,3.25,true,5,1.2916,0.9050,5,0.219,DIAGNOSTIC,"the fitted power of S0 carried by the windowed cumulant of this order at this configuration, from a log-log fit over the S0 ladder -- NaN means the estimator returned a non-finite or zero cumulant on some rung"
0.3,0.012,agilent_3054a,hires,3.25,true,7,1.4397,0.5608,5,0.323,DIAGNOSTIC,"the fitted power of S0 carried by the windowed cumulant of this order at this configuration, from a log-log fit over the S0 ladder -- NaN means the estimator returned a non-finite or zero cumulant on some rung"
0.3,0.012,agilent_3054a,hires,4,false,3,1.8264,0.2810,5,0.344,DIAGNOSTIC,"the fitted power of S0 carried by the windowed cumulant of this order at this configuration, from a log-log fit over the S0 ladder -- NaN means the estimator returned a non-finite or zero cumulant on some rung"
0.3,0.012,agilent_3054a,hires,4,false,5,1.2653,0.6044,5,0.680,DIAGNOSTIC,"the fitted power of S0 carried by the windowed cumulant of this order at this configuration, from a log-log fit over the S0 ladder -- NaN means the estimator returned a non-finite or zero cumulant on some rung"
0.3,0.012,agilent_3054a,hires,4,false,7,1.1402,0.7429,5,0.379,DIAGNOSTIC,"the fitted power of S0 carried by the windowed cumulant of this order at this configuration, from a log-log fit over the S0 ladder -- NaN means the estimator returned a non-finite or zero cumulant on some rung"
0.3,0.012,agilent_3054a,hires,4,true,3,2.1631,0.7592,5,0.090,DIAGNOSTIC,"the fitted power of S0 carried by the windowed cumulant of this order at this configuration, from a log-log fit over the S0 ladder -- NaN means the estimator returned a non-finite or zero cumulant on some rung"
0.3,0.012,agilent_3054a,hires,4,true,5,1.8295,0.2333,5,0.307,DIAGNOSTIC,"the fitted power of S0 carried by the windowed cumulant of this order at this configuration, from a log-log fit over the S0 ladder -- NaN means the estimator returned a non-finite or zero cumulant on some rung"
0.3,0.012,agilent_3054a,hires,4,true,7,1.6898,0.2343,5,0.323,DIAGNOSTIC,"the fitted power of S0 carried by the windowed cumulant of this order at this configuration, from a log-log fit over the S0 ladder -- NaN means the estimator returned a non-finite or zero cumulant on some rung"
0.3,0.012,agilent_3054a,hires,6,false,3,1.1636,0.4876,5,1.361,DIAGNOSTIC,"the fitted power of S0 carried by the windowed cumulant of this order at this configuration, from a log-log fit over the S0 ladder -- NaN means the estimator returned a non-finite or zero cumulant on some rung"
0.3,0.012,agilent_3054a,hires,6,false,5,1.3389,0.5252,5,0.430,DIAGNOSTIC,"the fitted power of S0 carried by the windowed cumulant of this order at this configuration, from a log-log fit over the S0 ladder -- NaN means the estimator returned a non-finite or zero cumulant on some rung"
0.3,0.012,agilent_3054a,hires,6,false,7,0.9698,0.7086,5,0.539,DIAGNOSTIC,"the fitted power of S0 carried by the windowed cumulant of this order at this configuration, from a log-log fit over the S0 ladder -- NaN means the estimator returned a non-finite or zero cumulant on some rung"
0.3,0.012,agilent_3054a,hires,6,true,3,1.7937,0.5007,5,0.248,DIAGNOSTIC,"the fitted power of S0 carried by the windowed cumulant of this order at this configuration, from a log-log fit over the S0 ladder -- NaN means the estimator returned a non-finite or zero cumulant on some rung"
0.3,0.012,agilent_3054a,hires,6,true,5,1.1872,1.0605,5,0.085,DIAGNOSTIC,"the fitted power of S0 carried by the windowed cumulant of this order at this configuration, from a log-log fit over the S0 ladder -- NaN means the estimator returned a non-finite or zero cumulant on some rung"
0.3,0.012,agilent_3054a,hires,6,true,7,2.0669,0.7149,5,0.033,DIAGNOSTIC,"the fitted power of S0 carried by the windowed cumulant of this order at this configuration, from a log-log fit over the S0 ladder -- NaN means the estimator returned a non-finite or zero cumulant on some rung"
0.3,0.012,agilent_3054a,hires,8,false,3,1.3554,0.8623,5,0.154,DIAGNOSTIC,"the fitted power of S0 carried by the windowed cumulant of this order at this configuration, from a log-log fit over the S0 ladder -- NaN means the estimator returned a non-finite or zero cumulant on some rung"
0.3,0.012,agilent_3054a,hires,8,false,5,0.8317,1.1209,5,0.062,DIAGNOSTIC,"the fitted power of S0 carried by the windowed cumulant of this order at this configuration, from a log-log fit over the S0 ladder -- NaN means the estimator returned a non-finite or zero cumulant on some rung"
0.3,0.012,agilent_3054a,hires,8,false,7,0.7863,1.0570,5,0.067,DIAGNOSTIC,"the fitted power of S0 carried by the windowed cumulant of this order at this configuration, from a log-log fit over the S0 ladder -- NaN means the estimator returned a non-finite or zero cumulant on some rung"
0.3,0.012,agilent_3054a,hires,8,true,3,1.4171,0.6579,5,0.215,DIAGNOSTIC,"the fitted power of S0 carried by the windowed cumulant of this order at this configuration, from a log-log fit over the S0 ladder -- NaN means the estimator returned a non-finite or zero cumulant on some rung"
0.3,0.012,agilent_3054a,hires,8,true,5,1.6520,0.5005,5,0.120,DIAGNOSTIC,"the fitted power of S0 carried by the windowed cumulant of this order at this configuration, from a log-log fit over the S0 ladder -- NaN means the estimator returned a non-finite or zero cumulant on some rung"
0.3,0.012,agilent_3054a,hires,8,true,7,1.0836,0.6100,5,0.313,DIAGNOSTIC,"the fitted power of S0 carried by the windowed cumulant of this order at this configuration, from a log-log fit over the S0 ladder -- NaN means the estimator returned a non-finite or zero cumulant on some rung"
0.3,0.012,agilent_3054a,hires,12,false,3,0.9727,1.1319,5,0.084,DIAGNOSTIC,"the fitted power of S0 carried by the windowed cumulant of this order at this configuration, from a log-log fit over the S0 ladder -- NaN means the estimator returned a non-finite or zero cumulant on some rung"
0.3,0.012,agilent_3054a,hires,12,false,5,0.9013,0.6588,5,0.153,DIAGNOSTIC,"the fitted power of S0 carried by the windowed cumulant of this order at this configuration, from a log-log fit over the S0 ladder -- NaN means the estimator returned a non-finite or zero cumulant on some rung"
0.3,0.012,agilent_3054a,hires,12,false,7,1.0865,0.9398,5,0.034,DIAGNOSTIC,"the fitted power of S0 carried by the windowed cumulant of this order at this configuration, from a log-log fit over the S0 ladder -- NaN means the estimator returned a non-finite or zero cumulant on some rung"
0.3,0.012,agilent_3054a,hires,12,true,3,0.4539,0.7611,5,0.263,DIAGNOSTIC,"the fitted power of S0 carried by the windowed cumulant of this order at this configuration, from a log-log fit over the S0 ladder -- NaN means the estimator returned a non-finite or zero cumulant on some rung"
0.3,0.012,agilent_3054a,hires,12,true,5,0.1841,0.5648,5,0.445,DIAGNOSTIC,"the fitted power of S0 carried by the windowed cumulant of this order at this configuration, from a log-log fit over the S0 ladder -- NaN means the estimator returned a non-finite or zero cumulant on some rung"
0.3,0.012,agilent_3054a,hires,12,true,7,0.3047,0.5614,5,0.318,DIAGNOSTIC,"the fitted power of S0 carried by the windowed cumulant of this order at this configuration, from a log-log fit over the S0 ladder -- NaN means the estimator returned a non-finite or zero cumulant on some rung"
0.3,0.012,agilent_3054a,hires,16,false,3,2.3851,0.8676,5,0.006,DIAGNOSTIC,"the fitted power of S0 carried by the windowed cumulant of this order at this configuration, from a log-log fit over the S0 ladder -- NaN means the estimator returned a non-finite or zero cumulant on some rung"
0.3,0.012,agilent_3054a,hires,16,false,5,0.9570,0.9475,5,0.057,DIAGNOSTIC,"the fitted power of S0 carried by the windowed cumulant of this order at this configuration, from a log-log fit over the S0 ladder -- NaN means the estimator returned a non-finite or zero cumulant on some rung"
0.3,0.012,agilent_3054a,hires,16,false,7,0.7791,0.3312,5,0.188,DIAGNOSTIC,"the fitted power of S0 carried by the windowed cumulant of this order at this configuration, from a log-log fit over the S0 ladder -- NaN means the estimator returned a non-finite or zero cumulant on some rung"
0.3,0.012,agilent_3054a,hires,16,true,3,0.3004,0.5646,5,0.580,DIAGNOSTIC,"the fitted power of S0 carried by the windowed cumulant of this order at this configuration, from a log-log fit over the S0 ladder -- NaN means the estimator returned a non-finite or zero cumulant on some rung"
0.3,0.012,agilent_3054a,hires,16,true,5,0.1726,0.3281,5,0.754,DIAGNOSTIC,"the fitted power of S0 carried by the windowed cumulant of this order at this configuration, from a log-log fit over the S0 ladder -- NaN means the estimator returned a non-finite or zero cumulant on some rung"
0.3,0.012,agilent_3054a,hires,16,true,7,0.0729,0.4253,5,0.440,DIAGNOSTIC,"the fitted power of S0 carried by the windowed cumulant of this order at this configuration, from a log-log fit over the S0 ladder -- NaN means the estimator returned a non-finite or zero cumulant on some rung"
0.3,0.012,rtm3004,hires,3.25,false,3,2.3628,0.3085,5,0.061,DIAGNOSTIC,"the fitted power of S0 carried by the windowed cumulant of this order at this configuration, from a log-log fit over the S0 ladder -- NaN means the estimator returned a non-finite or zero cumulant on some rung"
0.3,0.012,rtm3004,hires,3.25,false,5,1.6266,0.3069,5,0.410,DIAGNOSTIC,"the fitted power of S0 carried by the windowed cumulant of this order at this configuration, from a log-log fit over the S0 ladder -- NaN means the estimator returned a non-finite or zero cumulant on some rung"
0.3,0.012,rtm3004,hires,3.25,false,7,1.2984,0.4994,5,0.605,DIAGNOSTIC,"the fitted power of S0 carried by the windowed cumulant of this order at this configuration, from a log-log fit over the S0 ladder -- NaN means the estimator returned a non-finite or zero cumulant on some rung"
0.3,0.012,rtm3004,hires,3.25,true,3,1.5631,0.4085,5,0.456,DIAGNOSTIC,"the fitted power of S0 carried by the windowed cumulant of this order at this configuration, from a log-log fit over the S0 ladder -- NaN means the estimator returned a non-finite or zero cumulant on some rung"
0.3,0.012,rtm3004,hires,3.25,true,5,1.2121,0.5265,5,0.841,DIAGNOSTIC,"the fitted power of S0 carried by the windowed cumulant of this order at this configuration, from a log-log fit over the S0 ladder -- NaN means the estimator returned a non-finite or zero cumulant on some rung"
0.3,0.012,rtm3004,hires,3.25,true,7,1.1781,0.4951,5,0.877,DIAGNOSTIC,"the fitted power of S0 carried by the windowed cumulant of this order at this configuration, from a log-log fit over the S0 ladder -- NaN means the estimator returned a non-finite or zero cumulant on some rung"
0.3,0.012,rtm3004,hires,4,false,3,1.7824,0.3833,5,0.492,DIAGNOSTIC,"the fitted power of S0 carried by the windowed cumulant of this order at this configuration, from a log-log fit over the S0 ladder -- NaN means the estimator returned a non-finite or zero cumulant on some rung"
0.3,0.012,rtm3004,hires,4,false,5,1.6222,0.3070,5,0.620,DIAGNOSTIC,"the fitted power of S0 carried by the windowed cumulant of this order at this configuration, from a log-log fit over the S0 ladder -- NaN means the estimator returned a non-finite or zero cumulant on some rung"
0.3,0.012,rtm3004,hires,4,false,7,1.3806,0.4815,5,0.485,DIAGNOSTIC,"the fitted power of S0 carried by the windowed cumulant of this order at this configuration, from a log-log fit over the S0 ladder -- NaN means the estimator returned a non-finite or zero cumulant on some rung"
0.3,0.012,rtm3004,hires,4,true,3,1.8472,0.2385,5,0.319,DIAGNOSTIC,"the fitted power of S0 carried by the windowed cumulant of this order at this configuration, from a log-log fit over the S0 ladder -- NaN means the estimator returned a non-finite or zero cumulant on some rung"
0.3,0.012,rtm3004,hires,4,true,5,1.4906,0.5119,5,0.459,DIAGNOSTIC,"the fitted power of S0 carried by the windowed cumulant of this order at this configuration, from a log-log fit over the S0 ladder -- NaN means the estimator returned a non-finite or zero cumulant on some rung"
0.3,0.012,rtm3004,hires,4,true,7,1.4247,0.6912,5,0.221,DIAGNOSTIC,"the fitted power of S0 carried by the windowed cumulant of this order at this configuration, from a log-log fit over the S0 ladder -- NaN means the estimator returned a non-finite or zero cumulant on some rung"
0.3,0.012,rtm3004,hires,6,false,3,1.7914,1.0212,5,0.081,DIAGNOSTIC,"the fitted power of S0 carried by the windowed cumulant of this order at this configuration, from a log-log fit over the S0 ladder -- NaN means the estimator returned a non-finite or zero cumulant on some rung"
0.3,0.012,rtm3004,hires,6,false,5,1.6174,0.4579,5,0.324,DIAGNOSTIC,"the fitted power of S0 carried by the windowed cumulant of this order at this configuration, from a log-log fit over the S0 ladder -- NaN means the estimator returned a non-finite or zero cumulant on some rung"
0.3,0.012,rtm3004,hires,6,false,7,1.3760,0.3786,5,0.392,DIAGNOSTIC,"the fitted power of S0 carried by the windowed cumulant of this order at this configuration, from a log-log fit over the S0 ladder -- NaN means the estimator returned a non-finite or zero cumulant on some rung"
0.3,0.012,rtm3004,hires,6,true,3,1.3765,0.4755,5,0.763,DIAGNOSTIC,"the fitted power of S0 carried by the windowed cumulant of this order at this configuration, from a log-log fit over the S0 ladder -- NaN means the estimator returned a non-finite or zero cumulant on some rung"
0.3,0.012,rtm3004,hires,6,true,5,1.3123,0.5015,5,0.509,DIAGNOSTIC,"the fitted power of S0 carried by the windowed cumulant of this order at this configuration, from a log-log fit over the S0 ladder -- NaN means the estimator returned a non-finite or zero cumulant on some rung"
0.3,0.012,rtm3004,hires,6,true,7,1.8033,0.4697,5,0.151,DIAGNOSTIC,"the fitted power of S0 carried by the windowed cumulant of this order at this configuration, from a log-log fit over the S0 ladder -- NaN means the estimator returned a non-finite or zero cumulant on some rung"
0.3,0.012,rtm3004,hires,8,false,3,0.9169,0.6001,5,0.744,DIAGNOSTIC,"the fitted power of S0 carried by the windowed cumulant of this order at this configuration, from a log-log fit over the S0 ladder -- NaN means the estimator returned a non-finite or zero cumulant on some rung"
0.3,0.012,rtm3004,hires,8,false,5,1.0104,0.5810,5,0.519,DIAGNOSTIC,"the fitted power of S0 carried by the windowed cumulant of this order at this configuration, from a log-log fit over the S0 ladder -- NaN means the estimator returned a non-finite or zero cumulant on some rung"
0.3,0.012,rtm3004,hires,8,false,7,1.2029,0.5537,5,0.284,DIAGNOSTIC,"the fitted power of S0 carried by the windowed cumulant of this order at this configuration, from a log-log fit over the S0 ladder -- NaN means the estimator returned a non-finite or zero cumulant on some rung"
0.3,0.012,rtm3004,hires,8,true,3,1.2126,0.4093,5,0.899,DIAGNOSTIC,"the fitted power of S0 carried by the windowed cumulant of this order at this configuration, from a log-log fit over the S0 ladder -- NaN means the estimator returned a non-finite or zero cumulant on some rung"
0.3,0.012,rtm3004,hires,8,true,5,1.1265,0.4281,5,0.634,DIAGNOSTIC,"the fitted power of S0 carried by the windowed cumulant of this order at this configuration, from a log-log fit over the S0 ladder -- NaN means the estimator returned a non-finite or zero cumulant on some rung"
0.3,0.012,rtm3004,hires,8,true,7,0.8986,0.4358,5,0.585,DIAGNOSTIC,"the fitted power of S0 carried by the windowed cumulant of this order at this configuration, from a log-log fit over the S0 ladder -- NaN means the estimator returned a non-finite or zero cumulant on some rung"
0.3,0.012,rtm3004,hires,12,false,3,1.6193,0.5956,5,0.160,DIAGNOSTIC,"the fitted power of S0 carried by the windowed cumulant of this order at this configuration, from a log-log fit over the S0 ladder -- NaN means the estimator returned a non-finite or zero cumulant on some rung"
0.3,0.012,rtm3004,hires,12,false,5,1.7701,0.0812,5,0.076,DIAGNOSTIC,"the fitted power of S0 carried by the windowed cumulant of this order at this configuration, from a log-log fit over the S0 ladder -- NaN means the estimator returned a non-finite or zero cumulant on some rung"
0.3,0.012,rtm3004,hires,12,false,7,1.7503,0.5308,5,0.032,DIAGNOSTIC,"the fitted power of S0 carried by the windowed cumulant of this order at this configuration, from a log-log fit over the S0 ladder -- NaN means the estimator returned a non-finite or zero cumulant on some rung"
0.3,0.012,rtm3004,hires,12,true,3,0.6688,0.7697,5,0.206,DIAGNOSTIC,"the fitted power of S0 carried by the windowed cumulant of this order at this configuration, from a log-log fit over the S0 ladder -- NaN means the estimator returned a non-finite or zero cumulant on some rung"
0.3,0.012,rtm3004,hires,12,true,5,0.4858,0.4260,5,0.561,DIAGNOSTIC,"the fitted power of S0 carried by the windowed cumulant of this order at this configuration, from a log-log fit over the S0 ladder -- NaN means the estimator returned a non-finite or zero cumulant on some rung"
0.3,0.012,rtm3004,hires,12,true,7,-0.1952,0.8222,5,0.091,DIAGNOSTIC,"the fitted power of S0 carried by the windowed cumulant of this order at this configuration, from a log-log fit over the S0 ladder -- NaN means the estimator returned a non-finite or zero cumulant on some rung"
0.3,0.012,rtm3004,hires,16,false,3,0.9212,0.1747,5,0.452,DIAGNOSTIC,"the fitted power of S0 carried by the windowed cumulant of this order at this configuration, from a log-log fit over the S0 ladder -- NaN means the estimator returned a non-finite or zero cumulant on some rung"
0.3,0.012,rtm3004,hires,16,false,5,1.0009,0.3256,5,0.116,DIAGNOSTIC,"the fitted power of S0 carried by the windowed cumulant of this order at this configuration, from a log-log fit over the S0 ladder -- NaN means the estimator returned a non-finite or zero cumulant on some rung"
0.3,0.012,rtm3004,hires,16,false,7,-0.4726,0.7269,5,0.074,DIAGNOSTIC,"the fitted power of S0 carried by the windowed cumulant of this order at this configuration, from a log-log fit over the S0 ladder -- NaN means the estimator returned a non-finite or zero cumulant on some rung"
0.3,0.012,rtm3004,hires,16,true,3,0.6623,0.3404,5,0.762,DIAGNOSTIC,"the fitted power of S0 carried by the windowed cumulant of this order at this configuration, from a log-log fit over the S0 ladder -- NaN means the estimator returned a non-finite or zero cumulant on some rung"
0.3,0.012,rtm3004,hires,16,true,5,0.2798,0.0650,5,1.022,DIAGNOSTIC,"the fitted power of S0 carried by the windowed cumulant of this order at this configuration, from a log-log fit over the S0 ladder -- NaN means the estimator returned a non-finite or zero cumulant on some rung"
0.3,0.012,rtm3004,hires,16,true,7,0.2851,0.1480,5,0.722,DIAGNOSTIC,"the fitted power of S0 carried by the windowed cumulant of this order at this configuration, from a log-log fit over the S0 ladder -- NaN means the estimator returned a non-finite or zero cumulant on some rung"
0.45,0.002,lecroy_ws3104z,raw,3.25,false,3,1.8077,0.3934,5,1.556,DIAGNOSTIC,"the fitted power of S0 carried by the windowed cumulant of this order at this configuration, from a log-log fit over the S0 ladder -- NaN means the estimator returned a non-finite or zero cumulant on some rung"
0.45,0.002,lecroy_ws3104z,raw,3.25,false,5,1.8535,0.3627,5,1.241,DIAGNOSTIC,"the fitted power of S0 carried by the windowed cumulant of this order at this configuration, from a log-log fit over the S0 ladder -- NaN means the estimator returned a non-finite or zero cumulant on some rung"
0.45,0.002,lecroy_ws3104z,raw,3.25,false,7,1.8872,0.4874,5,0.815,DIAGNOSTIC,"the fitted power of S0 carried by the windowed cumulant of this order at this configuration, from a log-log fit over the S0 ladder -- NaN means the estimator returned a non-finite or zero cumulant on some rung"
0.45,0.002,lecroy_ws3104z,raw,3.25,true,3,2.2520,0.3198,5,0.701,DIAGNOSTIC,"the fitted power of S0 carried by the windowed cumulant of this order at this configuration, from a log-log fit over the S0 ladder -- NaN means the estimator returned a non-finite or zero cumulant on some rung"
0.45,0.002,lecroy_ws3104z,raw,3.25,true,5,1.9059,0.3848,5,1.174,DIAGNOSTIC,"the fitted power of S0 carried by the windowed cumulant of this order at this configuration, from a log-log fit over the S0 ladder -- NaN means the estimator returned a non-finite or zero cumulant on some rung"
0.45,0.002,lecroy_ws3104z,raw,3.25,true,7,2.3668,0.7244,5,0.150,DIAGNOSTIC,"the fitted power of S0 carried by the windowed cumulant of this order at this configuration, from a log-log fit over the S0 ladder -- NaN means the estimator returned a non-finite or zero cumulant on some rung"
0.45,0.002,lecroy_ws3104z,raw,4,false,3,2.1287,0.3934,5,0.958,DIAGNOSTIC,"the fitted power of S0 carried by the windowed cumulant of this order at this configuration, from a log-log fit over the S0 ladder -- NaN means the estimator returned a non-finite or zero cumulant on some rung"
0.45,0.002,lecroy_ws3104z,raw,4,false,5,2.4062,0.6663,5,0.202,DIAGNOSTIC,"the fitted power of S0 carried by the windowed cumulant of this order at this configuration, from a log-log fit over the S0 ladder -- NaN means the estimator returned a non-finite or zero cumulant on some rung"
0.45,0.002,lecroy_ws3104z,raw,4,false,7,2.3071,0.3619,5,0.478,DIAGNOSTIC,"the fitted power of S0 carried by the windowed cumulant of this order at this configuration, from a log-log fit over the S0 ladder -- NaN means the estimator returned a non-finite or zero cumulant on some rung"
0.45,0.002,lecroy_ws3104z,raw,4,true,3,2.0078,0.3590,5,1.188,DIAGNOSTIC,"the fitted power of S0 carried by the windowed cumulant of this order at this configuration, from a log-log fit over the S0 ladder -- NaN means the estimator returned a non-finite or zero cumulant on some rung"
0.45,0.002,lecroy_ws3104z,raw,4,true,5,2.1991,0.3075,5,0.590,DIAGNOSTIC,"the fitted power of S0 carried by the windowed cumulant of this order at this configuration, from a log-log fit over the S0 ladder -- NaN means the estimator returned a non-finite or zero cumulant on some rung"
0.45,0.002,lecroy_ws3104z,raw,4,true,7,2.6625,0.1435,5,0.122,DIAGNOSTIC,"the fitted power of S0 carried by the windowed cumulant of this order at this configuration, from a log-log fit over the S0 ladder -- NaN means the estimator returned a non-finite or zero cumulant on some rung"
0.45,0.002,lecroy_ws3104z,raw,6,false,3,2.6587,0.4797,5,0.237,DIAGNOSTIC,"the fitted power of S0 carried by the windowed cumulant of this order at this configuration, from a log-log fit over the S0 ladder -- NaN means the estimator returned a non-finite or zero cumulant on some rung"
0.45,0.002,lecroy_ws3104z,raw,6,false,5,2.1408,0.3407,5,0.420,DIAGNOSTIC,"the fitted power of S0 carried by the windowed cumulant of this order at this configuration, from a log-log fit over the S0 ladder -- NaN means the estimator returned a non-finite or zero cumulant on some rung"
0.45,0.002,lecroy_ws3104z,raw,6,false,7,1.5988,0.3982,5,0.882,DIAGNOSTIC,"the fitted power of S0 carried by the windowed cumulant of this order at this configuration, from a log-log fit over the S0 ladder -- NaN means the estimator returned a non-finite or zero cumulant on some rung"
0.45,0.002,lecroy_ws3104z,raw,6,true,3,2.0338,0.2376,5,0.693,DIAGNOSTIC,"the fitted power of S0 carried by the windowed cumulant of this order at this configuration, from a log-log fit over the S0 ladder -- NaN means the estimator returned a non-finite or zero cumulant on some rung"
0.45,0.002,lecroy_ws3104z,raw,6,true,5,2.3479,0.3208,5,0.154,DIAGNOSTIC,"the fitted power of S0 carried by the windowed cumulant of this order at this configuration, from a log-log fit over the S0 ladder -- NaN means the estimator returned a non-finite or zero cumulant on some rung"
0.45,0.002,lecroy_ws3104z,raw,6,true,7,2.8579,0.4945,5,0.030,DIAGNOSTIC,"the fitted power of S0 carried by the windowed cumulant of this order at this configuration, from a log-log fit over the S0 ladder -- NaN means the estimator returned a non-finite or zero cumulant on some rung"
0.45,0.002,lecroy_ws3104z,raw,8,false,3,1.5091,0.4532,5,1.096,DIAGNOSTIC,"the fitted power of S0 carried by the windowed cumulant of this order at this configuration, from a log-log fit over the S0 ladder -- NaN means the estimator returned a non-finite or zero cumulant on some rung"
0.45,0.002,lecroy_ws3104z,raw,8,false,5,1.2065,0.5290,5,1.140,DIAGNOSTIC,"the fitted power of S0 carried by the windowed cumulant of this order at this configuration, from a log-log fit over the S0 ladder -- NaN means the estimator returned a non-finite or zero cumulant on some rung"
0.45,0.002,lecroy_ws3104z,raw,8,false,7,1.2863,0.4489,5,1.108,DIAGNOSTIC,"the fitted power of S0 carried by the windowed cumulant of this order at this configuration, from a log-log fit over the S0 ladder -- NaN means the estimator returned a non-finite or zero cumulant on some rung"
0.45,0.002,lecroy_ws3104z,raw,8,true,3,1.5441,0.4792,5,1.208,DIAGNOSTIC,"the fitted power of S0 carried by the windowed cumulant of this order at this configuration, from a log-log fit over the S0 ladder -- NaN means the estimator returned a non-finite or zero cumulant on some rung"
0.45,0.002,lecroy_ws3104z,raw,8,true,5,1.4036,0.4689,5,1.192,DIAGNOSTIC,"the fitted power of S0 carried by the windowed cumulant of this order at this configuration, from a log-log fit over the S0 ladder -- NaN means the estimator returned a non-finite or zero cumulant on some rung"
0.45,0.002,lecroy_ws3104z,raw,8,true,7,1.2797,0.4240,5,1.268,DIAGNOSTIC,"the fitted power of S0 carried by the windowed cumulant of this order at this configuration, from a log-log fit over the S0 ladder -- NaN means the estimator returned a non-finite or zero cumulant on some rung"
0.45,0.002,lecroy_ws3104z,raw,12,false,3,1.7367,0.6033,5,0.199,DIAGNOSTIC,"the fitted power of S0 carried by the windowed cumulant of this order at this configuration, from a log-log fit over the S0 ladder -- NaN means the estimator returned a non-finite or zero cumulant on some rung"
0.45,0.002,lecroy_ws3104z,raw,12,false,5,1.5949,0.6969,5,0.108,DIAGNOSTIC,"the fitted power of S0 carried by the windowed cumulant of this order at this configuration, from a log-log fit over the S0 ladder -- NaN means the estimator returned a non-finite or zero cumulant on some rung"
0.45,0.002,lecroy_ws3104z,raw,12,false,7,1.2383,0.3972,5,0.290,DIAGNOSTIC,"the fitted power of S0 carried by the windowed cumulant of this order at this configuration, from a log-log fit over the S0 ladder -- NaN means the estimator returned a non-finite or zero cumulant on some rung"
0.45,0.002,lecroy_ws3104z,raw,12,true,3,1.4141,0.9547,5,0.162,DIAGNOSTIC,"the fitted power of S0 carried by the windowed cumulant of this order at this configuration, from a log-log fit over the S0 ladder -- NaN means the estimator returned a non-finite or zero cumulant on some rung"
0.45,0.002,lecroy_ws3104z,raw,12,true,5,1.8868,0.8254,5,0.044,DIAGNOSTIC,"the fitted power of S0 carried by the windowed cumulant of this order at this configuration, from a log-log fit over the S0 ladder -- NaN means the estimator returned a non-finite or zero cumulant on some rung"
0.45,0.002,lecroy_ws3104z,raw,12,true,7,1.0891,0.6120,5,0.295,DIAGNOSTIC,"the fitted power of S0 carried by the windowed cumulant of this order at this configuration, from a log-log fit over the S0 ladder -- NaN means the estimator returned a non-finite or zero cumulant on some rung"
0.45,0.002,lecroy_ws3104z,raw,16,false,3,0.6945,1.1656,5,0.043,DIAGNOSTIC,"the fitted power of S0 carried by the windowed cumulant of this order at this configuration, from a log-log fit over the S0 ladder -- NaN means the estimator returned a non-finite or zero cumulant on some rung"
0.45,0.002,lecroy_ws3104z,raw,16,false,5,0.6724,0.5524,5,0.356,DIAGNOSTIC,"the fitted power of S0 carried by the windowed cumulant of this order at this configuration, from a log-log fit over the S0 ladder -- NaN means the estimator returned a non-finite or zero cumulant on some rung"
0.45,0.002,lecroy_ws3104z,raw,16,false,7,0.2838,0.4370,5,0.483,DIAGNOSTIC,"the fitted power of S0 carried by the windowed cumulant of this order at this configuration, from a log-log fit over the S0 ladder -- NaN means the estimator returned a non-finite or zero cumulant on some rung"
0.45,0.002,lecroy_ws3104z,raw,16,true,3,1.0939,0.5175,5,0.401,DIAGNOSTIC,"the fitted power of S0 carried by the windowed cumulant of this order at this configuration, from a log-log fit over the S0 ladder -- NaN means the estimator returned a non-finite or zero cumulant on some rung"
0.45,0.002,lecroy_ws3104z,raw,16,true,5,0.6719,0.9128,5,0.061,DIAGNOSTIC,"the fitted power of S0 carried by the windowed cumulant of this order at this configuration, from a log-log fit over the S0 ladder -- NaN means the estimator returned a non-finite or zero cumulant on some rung"
0.45,0.002,lecroy_ws3104z,raw,16,true,7,0.8025,1.3544,5,0.008,DIAGNOSTIC,"the fitted power of S0 carried by the windowed cumulant of this order at this configuration, from a log-log fit over the S0 ladder -- NaN means the estimator returned a non-finite or zero cumulant on some rung"
0.45,0.002,agilent_3054a,hires,3.25,false,3,2.4369,0.2624,5,0.598,DIAGNOSTIC,"the fitted power of S0 carried by the windowed cumulant of this order at this configuration, from a log-log fit over the S0 ladder -- NaN means the estimator returned a non-finite or zero cumulant on some rung"
0.45,0.002,agilent_3054a,hires,3.25,false,5,2.3966,0.1796,5,0.492,DIAGNOSTIC,"the fitted power of S0 carried by the windowed cumulant of this order at this configuration, from a log-log fit over the S0 ladder -- NaN means the estimator returned a non-finite or zero cumulant on some rung"
0.45,0.002,agilent_3054a,hires,3.25,false,7,2.0428,0.4845,5,0.798,DIAGNOSTIC,"the fitted power of S0 carried by the windowed cumulant of this order at this configuration, from a log-log fit over the S0 ladder -- NaN means the estimator returned a non-finite or zero cumulant on some rung"
0.45,0.002,agilent_3054a,hires,3.25,true,3,2.4432,0.3009,5,0.628,DIAGNOSTIC,"the fitted power of S0 carried by the windowed cumulant of this order at this configuration, from a log-log fit over the S0 ladder -- NaN means the estimator returned a non-finite or zero cumulant on some rung"
0.45,0.002,agilent_3054a,hires,3.25,true,5,2.6218,1.1982,5,0.042,DIAGNOSTIC,"the fitted power of S0 carried by the windowed cumulant of this order at this configuration, from a log-log fit over the S0 ladder -- NaN means the estimator returned a non-finite or zero cumulant on some rung"
0.45,0.002,agilent_3054a,hires,3.25,true,7,2.4461,0.8227,5,0.147,DIAGNOSTIC,"the fitted power of S0 carried by the windowed cumulant of this order at this configuration, from a log-log fit over the S0 ladder -- NaN means the estimator returned a non-finite or zero cumulant on some rung"
0.45,0.002,agilent_3054a,hires,4,false,3,2.5419,0.4650,5,0.564,DIAGNOSTIC,"the fitted power of S0 carried by the windowed cumulant of this order at this configuration, from a log-log fit over the S0 ladder -- NaN means the estimator returned a non-finite or zero cumulant on some rung"
0.45,0.002,agilent_3054a,hires,4,false,5,3.7851,1.0400,5,0.017,DIAGNOSTIC,"the fitted power of S0 carried by the windowed cumulant of this order at this configuration, from a log-log fit over the S0 ladder -- NaN means the estimator returned a non-finite or zero cumulant on some rung"
0.45,0.002,agilent_3054a,hires,4,false,7,2.9611,0.3472,5,0.176,DIAGNOSTIC,"the fitted power of S0 carried by the windowed cumulant of this order at this configuration, from a log-log fit over the S0 ladder -- NaN means the estimator returned a non-finite or zero cumulant on some rung"
0.45,0.002,agilent_3054a,hires,4,true,3,2.6900,0.6557,5,0.258,DIAGNOSTIC,"the fitted power of S0 carried by the windowed cumulant of this order at this configuration, from a log-log fit over the S0 ladder -- NaN means the estimator returned a non-finite or zero cumulant on some rung"
0.45,0.002,agilent_3054a,hires,4,true,5,2.9784,0.2875,5,0.180,DIAGNOSTIC,"the fitted power of S0 carried by the windowed cumulant of this order at this configuration, from a log-log fit over the S0 ladder -- NaN means the estimator returned a non-finite or zero cumulant on some rung"
0.45,0.002,agilent_3054a,hires,4,true,7,2.7276,0.1376,5,0.215,DIAGNOSTIC,"the fitted power of S0 carried by the windowed cumulant of this order at this configuration, from a log-log fit over the S0 ladder -- NaN means the estimator returned a non-finite or zero cumulant on some rung"
0.45,0.002,agilent_3054a,hires,6,false,3,2.3292,0.6147,5,0.437,DIAGNOSTIC,"the fitted power of S0 carried by the windowed cumulant of this order at this configuration, from a log-log fit over the S0 ladder -- NaN means the estimator returned a non-finite or zero cumulant on some rung"
0.45,0.002,agilent_3054a,hires,6,false,5,2.0880,0.5087,5,0.674,DIAGNOSTIC,"the fitted power of S0 carried by the windowed cumulant of this order at this configuration, from a log-log fit over the S0 ladder -- NaN means the estimator returned a non-finite or zero cumulant on some rung"
0.45,0.002,agilent_3054a,hires,6,false,7,2.0140,0.4275,5,0.810,DIAGNOSTIC,"the fitted power of S0 carried by the windowed cumulant of this order at this configuration, from a log-log fit over the S0 ladder -- NaN means the estimator returned a non-finite or zero cumulant on some rung"
0.45,0.002,agilent_3054a,hires,6,true,3,2.1499,0.4056,5,1.138,DIAGNOSTIC,"the fitted power of S0 carried by the windowed cumulant of this order at this configuration, from a log-log fit over the S0 ladder -- NaN means the estimator returned a non-finite or zero cumulant on some rung"
0.45,0.002,agilent_3054a,hires,6,true,5,2.5736,0.0987,5,0.230,DIAGNOSTIC,"the fitted power of S0 carried by the windowed cumulant of this order at this configuration, from a log-log fit over the S0 ladder -- NaN means the estimator returned a non-finite or zero cumulant on some rung"
0.45,0.002,agilent_3054a,hires,6,true,7,4.9398,0.5644,5,0.001,DIAGNOSTIC,"the fitted power of S0 carried by the windowed cumulant of this order at this configuration, from a log-log fit over the S0 ladder -- NaN means the estimator returned a non-finite or zero cumulant on some rung"
0.45,0.002,agilent_3054a,hires,8,false,3,2.2270,0.3274,5,0.616,DIAGNOSTIC,"the fitted power of S0 carried by the windowed cumulant of this order at this configuration, from a log-log fit over the S0 ladder -- NaN means the estimator returned a non-finite or zero cumulant on some rung"
0.45,0.002,agilent_3054a,hires,8,false,5,2.2571,0.3910,5,0.256,DIAGNOSTIC,"the fitted power of S0 carried by the windowed cumulant of this order at this configuration, from a log-log fit over the S0 ladder -- NaN means the estimator returned a non-finite or zero cumulant on some rung"
0.45,0.002,agilent_3054a,hires,8,false,7,1.6268,0.4627,5,1.039,DIAGNOSTIC,"the fitted power of S0 carried by the windowed cumulant of this order at this configuration, from a log-log fit over the S0 ladder -- NaN means the estimator returned a non-finite or zero cumulant on some rung"
0.45,0.002,agilent_3054a,hires,8,true,3,2.1049,0.5161,5,0.610,DIAGNOSTIC,"the fitted power of S0 carried by the windowed cumulant of this order at this configuration, from a log-log fit over the S0 ladder -- NaN means the estimator returned a non-finite or zero cumulant on some rung"
0.45,0.002,agilent_3054a,hires,8,true,5,2.3554,0.8667,5,0.090,DIAGNOSTIC,"the fitted power of S0 carried by the windowed cumulant of this order at this configuration, from a log-log fit over the S0 ladder -- NaN means the estimator returned a non-finite or zero cumulant on some rung"
0.45,0.002,agilent_3054a,hires,8,true,7,2.9455,2.0939,5,0.001,DIAGNOSTIC,"the fitted power of S0 carried by the windowed cumulant of this order at this configuration, from a log-log fit over the S0 ladder -- NaN means the estimator returned a non-finite or zero cumulant on some rung"
0.45,0.002,agilent_3054a,hires,12,false,3,1.8896,0.7609,5,0.179,DIAGNOSTIC,"the fitted power of S0 carried by the windowed cumulant of this order at this configuration, from a log-log fit over the S0 ladder -- NaN means the estimator returned a non-finite or zero cumulant on some rung"
0.45,0.002,agilent_3054a,hires,12,false,5,1.5180,0.7206,5,0.193,DIAGNOSTIC,"the fitted power of S0 carried by the windowed cumulant of this order at this configuration, from a log-log fit over the S0 ladder -- NaN means the estimator returned a non-finite or zero cumulant on some rung"
0.45,0.002,agilent_3054a,hires,12,false,7,1.2977,0.6676,5,0.237,DIAGNOSTIC,"the fitted power of S0 carried by the windowed cumulant of this order at this configuration, from a log-log fit over the S0 ladder -- NaN means the estimator returned a non-finite or zero cumulant on some rung"
0.45,0.002,agilent_3054a,hires,12,true,3,1.8091,0.2715,5,0.660,DIAGNOSTIC,"the fitted power of S0 carried by the windowed cumulant of this order at this configuration, from a log-log fit over the S0 ladder -- NaN means the estimator returned a non-finite or zero cumulant on some rung"
0.45,0.002,agilent_3054a,hires,12,true,5,1.4227,0.3764,5,0.755,DIAGNOSTIC,"the fitted power of S0 carried by the windowed cumulant of this order at this configuration, from a log-log fit over the S0 ladder -- NaN means the estimator returned a non-finite or zero cumulant on some rung"
0.45,0.002,agilent_3054a,hires,12,true,7,1.9076,0.7924,5,0.058,DIAGNOSTIC,"the fitted power of S0 carried by the windowed cumulant of this order at this configuration, from a log-log fit over the S0 ladder -- NaN means the estimator returned a non-finite or zero cumulant on some rung"
0.45,0.002,agilent_3054a,hires,16,false,3,1.2326,0.6088,5,0.625,DIAGNOSTIC,"the fitted power of S0 carried by the windowed cumulant of this order at this configuration, from a log-log fit over the S0 ladder -- NaN means the estimator returned a non-finite or zero cumulant on some rung"
0.45,0.002,agilent_3054a,hires,16,false,5,1.0506,0.7074,5,0.176,DIAGNOSTIC,"the fitted power of S0 carried by the windowed cumulant of this order at this configuration, from a log-log fit over the S0 ladder -- NaN means the estimator returned a non-finite or zero cumulant on some rung"
0.45,0.002,agilent_3054a,hires,16,false,7,0.5670,0.4769,5,0.572,DIAGNOSTIC,"the fitted power of S0 carried by the windowed cumulant of this order at this configuration, from a log-log fit over the S0 ladder -- NaN means the estimator returned a non-finite or zero cumulant on some rung"
0.45,0.002,agilent_3054a,hires,16,true,3,2.0462,0.1836,5,0.229,DIAGNOSTIC,"the fitted power of S0 carried by the windowed cumulant of this order at this configuration, from a log-log fit over the S0 ladder -- NaN means the estimator returned a non-finite or zero cumulant on some rung"
0.45,0.002,agilent_3054a,hires,16,true,5,1.7111,0.1170,5,0.165,DIAGNOSTIC,"the fitted power of S0 carried by the windowed cumulant of this order at this configuration, from a log-log fit over the S0 ladder -- NaN means the estimator returned a non-finite or zero cumulant on some rung"
0.45,0.002,agilent_3054a,hires,16,true,7,1.0995,0.2639,5,0.401,DIAGNOSTIC,"the fitted power of S0 carried by the windowed cumulant of this order at this configuration, from a log-log fit over the S0 ladder -- NaN means the estimator returned a non-finite or zero cumulant on some rung"
0.45,0.002,rtm3004,hires,3.25,false,3,2.2217,0.4227,5,0.987,DIAGNOSTIC,"the fitted power of S0 carried by the windowed cumulant of this order at this configuration, from a log-log fit over the S0 ladder -- NaN means the estimator returned a non-finite or zero cumulant on some rung"
0.45,0.002,rtm3004,hires,3.25,false,5,2.3477,0.3642,5,0.679,DIAGNOSTIC,"the fitted power of S0 carried by the windowed cumulant of this order at this configuration, from a log-log fit over the S0 ladder -- NaN means the estimator returned a non-finite or zero cumulant on some rung"
0.45,0.002,rtm3004,hires,3.25,false,7,3.9365,0.6414,5,0.028,DIAGNOSTIC,"the fitted power of S0 carried by the windowed cumulant of this order at this configuration, from a log-log fit over the S0 ladder -- NaN means the estimator returned a non-finite or zero cumulant on some rung"
0.45,0.002,rtm3004,hires,3.25,true,3,2.3988,0.3844,5,0.767,DIAGNOSTIC,"the fitted power of S0 carried by the windowed cumulant of this order at this configuration, from a log-log fit over the S0 ladder -- NaN means the estimator returned a non-finite or zero cumulant on some rung"
0.45,0.002,rtm3004,hires,3.25,true,5,2.4401,0.4609,5,0.511,DIAGNOSTIC,"the fitted power of S0 carried by the windowed cumulant of this order at this configuration, from a log-log fit over the S0 ladder -- NaN means the estimator returned a non-finite or zero cumulant on some rung"
0.45,0.002,rtm3004,hires,3.25,true,7,2.3273,0.5827,5,0.366,DIAGNOSTIC,"the fitted power of S0 carried by the windowed cumulant of this order at this configuration, from a log-log fit over the S0 ladder -- NaN means the estimator returned a non-finite or zero cumulant on some rung"
0.45,0.002,rtm3004,hires,4,false,3,2.6137,0.1455,5,0.281,DIAGNOSTIC,"the fitted power of S0 carried by the windowed cumulant of this order at this configuration, from a log-log fit over the S0 ladder -- NaN means the estimator returned a non-finite or zero cumulant on some rung"
0.45,0.002,rtm3004,hires,4,false,5,2.8150,0.2501,5,0.128,DIAGNOSTIC,"the fitted power of S0 carried by the windowed cumulant of this order at this configuration, from a log-log fit over the S0 ladder -- NaN means the estimator returned a non-finite or zero cumulant on some rung"
0.45,0.002,rtm3004,hires,4,false,7,2.3971,0.2031,5,0.308,DIAGNOSTIC,"the fitted power of S0 carried by the windowed cumulant of this order at this configuration, from a log-log fit over the S0 ladder -- NaN means the estimator returned a non-finite or zero cumulant on some rung"
0.45,0.002,rtm3004,hires,4,true,3,2.2124,0.4927,5,0.875,DIAGNOSTIC,"the fitted power of S0 carried by the windowed cumulant of this order at this configuration, from a log-log fit over the S0 ladder -- NaN means the estimator returned a non-finite or zero cumulant on some rung"
0.45,0.002,rtm3004,hires,4,true,5,2.3637,0.3563,5,0.716,DIAGNOSTIC,"the fitted power of S0 carried by the windowed cumulant of this order at this configuration, from a log-log fit over the S0 ladder -- NaN means the estimator returned a non-finite or zero cumulant on some rung"
0.45,0.002,rtm3004,hires,4,true,7,2.6685,0.1445,5,0.241,DIAGNOSTIC,"the fitted power of S0 carried by the windowed cumulant of this order at this configuration, from a log-log fit over the S0 ladder -- NaN means the estimator returned a non-finite or zero cumulant on some rung"
0.45,0.002,rtm3004,hires,6,false,3,2.2348,0.2608,5,0.728,DIAGNOSTIC,"the fitted power of S0 carried by the windowed cumulant of this order at this configuration, from a log-log fit over the S0 ladder -- NaN means the estimator returned a non-finite or zero cumulant on some rung"
0.45,0.002,rtm3004,hires,6,false,5,1.9339,0.4753,5,1.232,DIAGNOSTIC,"the fitted power of S0 carried by the windowed cumulant of this order at this configuration, from a log-log fit over the S0 ladder -- NaN means the estimator returned a non-finite or zero cumulant on some rung"
0.45,0.002,rtm3004,hires,6,false,7,1.7554,0.5280,5,1.326,DIAGNOSTIC,"the fitted power of S0 carried by the windowed cumulant of this order at this configuration, from a log-log fit over the S0 ladder -- NaN means the estimator returned a non-finite or zero cumulant on some rung"
0.45,0.002,rtm3004,hires,6,true,3,2.4302,0.3354,5,0.684,DIAGNOSTIC,"the fitted power of S0 carried by the windowed cumulant of this order at this configuration, from a log-log fit over the S0 ladder -- NaN means the estimator returned a non-finite or zero cumulant on some rung"
0.45,0.002,rtm3004,hires,6,true,5,3.0536,0.0805,5,0.077,DIAGNOSTIC,"the fitted power of S0 carried by the windowed cumulant of this order at this configuration, from a log-log fit over the S0 ladder -- NaN means the estimator returned a non-finite or zero cumulant on some rung"
0.45,0.002,rtm3004,hires,6,true,7,2.3864,0.2175,5,0.344,DIAGNOSTIC,"the fitted power of S0 carried by the windowed cumulant of this order at this configuration, from a log-log fit over the S0 ladder -- NaN means the estimator returned a non-finite or zero cumulant on some rung"
0.45,0.002,rtm3004,hires,8,false,3,2.7649,0.7253,5,0.114,DIAGNOSTIC,"the fitted power of S0 carried by the windowed cumulant of this order at this configuration, from a log-log fit over the S0 ladder -- NaN means the estimator returned a non-finite or zero cumulant on some rung"
0.45,0.002,rtm3004,hires,8,false,5,2.1579,0.4242,5,0.518,DIAGNOSTIC,"the fitted power of S0 carried by the windowed cumulant of this order at this configuration, from a log-log fit over the S0 ladder -- NaN means the estimator returned a non-finite or zero cumulant on some rung"
0.45,0.002,rtm3004,hires,8,false,7,2.4232,0.6040,5,0.130,DIAGNOSTIC,"the fitted power of S0 carried by the windowed cumulant of this order at this configuration, from a log-log fit over the S0 ladder -- NaN means the estimator returned a non-finite or zero cumulant on some rung"
0.45,0.002,rtm3004,hires,8,true,3,2.4839,0.1794,5,0.248,DIAGNOSTIC,"the fitted power of S0 carried by the windowed cumulant of this order at this configuration, from a log-log fit over the S0 ladder -- NaN means the estimator returned a non-finite or zero cumulant on some rung"
0.45,0.002,rtm3004,hires,8,true,5,1.5377,0.4274,5,1.882,DIAGNOSTIC,"the fitted power of S0 carried by the windowed cumulant of this order at this configuration, from a log-log fit over the S0 ladder -- NaN means the estimator returned a non-finite or zero cumulant on some rung"
0.45,0.002,rtm3004,hires,8,true,7,1.4493,0.5206,5,1.294,DIAGNOSTIC,"the fitted power of S0 carried by the windowed cumulant of this order at this configuration, from a log-log fit over the S0 ladder -- NaN means the estimator returned a non-finite or zero cumulant on some rung"
0.45,0.002,rtm3004,hires,12,false,3,2.5407,0.8720,5,0.048,DIAGNOSTIC,"the fitted power of S0 carried by the windowed cumulant of this order at this configuration, from a log-log fit over the S0 ladder -- NaN means the estimator returned a non-finite or zero cumulant on some rung"
0.45,0.002,rtm3004,hires,12,false,5,2.1683,0.1608,5,0.154,DIAGNOSTIC,"the fitted power of S0 carried by the windowed cumulant of this order at this configuration, from a log-log fit over the S0 ladder -- NaN means the estimator returned a non-finite or zero cumulant on some rung"
0.45,0.002,rtm3004,hires,12,false,7,2.6280,0.2551,5,0.028,DIAGNOSTIC,"the fitted power of S0 carried by the windowed cumulant of this order at this configuration, from a log-log fit over the S0 ladder -- NaN means the estimator returned a non-finite or zero cumulant on some rung"
0.45,0.002,rtm3004,hires,12,true,3,2.4877,0.6464,5,0.108,DIAGNOSTIC,"the fitted power of S0 carried by the windowed cumulant of this order at this configuration, from a log-log fit over the S0 ladder -- NaN means the estimator returned a non-finite or zero cumulant on some rung"
0.45,0.002,rtm3004,hires,12,true,5,1.3644,0.4710,5,0.686,DIAGNOSTIC,"the fitted power of S0 carried by the windowed cumulant of this order at this configuration, from a log-log fit over the S0 ladder -- NaN means the estimator returned a non-finite or zero cumulant on some rung"
0.45,0.002,rtm3004,hires,12,true,7,0.9907,0.6905,5,0.345,DIAGNOSTIC,"the fitted power of S0 carried by the windowed cumulant of this order at this configuration, from a log-log fit over the S0 ladder -- NaN means the estimator returned a non-finite or zero cumulant on some rung"
0.45,0.002,rtm3004,hires,16,false,3,2.1910,0.3340,5,0.086,DIAGNOSTIC,"the fitted power of S0 carried by the windowed cumulant of this order at this configuration, from a log-log fit over the S0 ladder -- NaN means the estimator returned a non-finite or zero cumulant on some rung"
0.45,0.002,rtm3004,hires,16,false,5,1.2304,0.6715,5,0.204,DIAGNOSTIC,"the fitted power of S0 carried by the windowed cumulant of this order at this configuration, from a log-log fit over the S0 ladder -- NaN means the estimator returned a non-finite or zero cumulant on some rung"
0.45,0.002,rtm3004,hires,16,false,7,1.2002,0.4806,5,0.166,DIAGNOSTIC,"the fitted power of S0 carried by the windowed cumulant of this order at this configuration, from a log-log fit over the S0 ladder -- NaN means the estimator returned a non-finite or zero cumulant on some rung"
0.45,0.002,rtm3004,hires,16,true,3,1.6480,0.5334,5,0.351,DIAGNOSTIC,"the fitted power of S0 carried by the windowed cumulant of this order at this configuration, from a log-log fit over the S0 ladder -- NaN means the estimator returned a non-finite or zero cumulant on some rung"
0.45,0.002,rtm3004,hires,16,true,5,1.3028,0.4361,5,0.329,DIAGNOSTIC,"the fitted power of S0 carried by the windowed cumulant of this order at this configuration, from a log-log fit over the S0 ladder -- NaN means the estimator returned a non-finite or zero cumulant on some rung"
0.45,0.002,rtm3004,hires,16,true,7,1.0684,0.5588,5,0.179,DIAGNOSTIC,"the fitted power of S0 carried by the windowed cumulant of this order at this configuration, from a log-log fit over the S0 ladder -- NaN means the estimator returned a non-finite or zero cumulant on some rung"
0.45,0.004,lecroy_ws3104z,raw,3.25,false,3,1.8491,0.8836,5,0.175,DIAGNOSTIC,"the fitted power of S0 carried by the windowed cumulant of this order at this configuration, from a log-log fit over the S0 ladder -- NaN means the estimator returned a non-finite or zero cumulant on some rung"
0.45,0.004,lecroy_ws3104z,raw,3.25,false,5,1.8340,0.8343,5,0.183,DIAGNOSTIC,"the fitted power of S0 carried by the windowed cumulant of this order at this configuration, from a log-log fit over the S0 ladder -- NaN means the estimator returned a non-finite or zero cumulant on some rung"
0.45,0.004,lecroy_ws3104z,raw,3.25,false,7,1.7079,0.4387,5,0.728,DIAGNOSTIC,"the fitted power of S0 carried by the windowed cumulant of this order at this configuration, from a log-log fit over the S0 ladder -- NaN means the estimator returned a non-finite or zero cumulant on some rung"
0.45,0.004,lecroy_ws3104z,raw,3.25,true,3,2.9003,0.5486,5,0.105,DIAGNOSTIC,"the fitted power of S0 carried by the windowed cumulant of this order at this configuration, from a log-log fit over the S0 ladder -- NaN means the estimator returned a non-finite or zero cumulant on some rung"
0.45,0.004,lecroy_ws3104z,raw,3.25,true,5,2.1178,0.1880,5,0.402,DIAGNOSTIC,"the fitted power of S0 carried by the windowed cumulant of this order at this configuration, from a log-log fit over the S0 ladder -- NaN means the estimator returned a non-finite or zero cumulant on some rung"
0.45,0.004,lecroy_ws3104z,raw,3.25,true,7,1.8611,0.2624,5,0.662,DIAGNOSTIC,"the fitted power of S0 carried by the windowed cumulant of this order at this configuration, from a log-log fit over the S0 ladder -- NaN means the estimator returned a non-finite or zero cumulant on some rung"
0.45,0.004,lecroy_ws3104z,raw,4,false,3,2.0732,0.6167,5,0.302,DIAGNOSTIC,"the fitted power of S0 carried by the windowed cumulant of this order at this configuration, from a log-log fit over the S0 ladder -- NaN means the estimator returned a non-finite or zero cumulant on some rung"
0.45,0.004,lecroy_ws3104z,raw,4,false,5,2.1529,0.4041,5,0.458,DIAGNOSTIC,"the fitted power of S0 carried by the windowed cumulant of this order at this configuration, from a log-log fit over the S0 ladder -- NaN means the estimator returned a non-finite or zero cumulant on some rung"
0.45,0.004,lecroy_ws3104z,raw,4,false,7,2.1860,0.6701,5,0.147,DIAGNOSTIC,"the fitted power of S0 carried by the windowed cumulant of this order at this configuration, from a log-log fit over the S0 ladder -- NaN means the estimator returned a non-finite or zero cumulant on some rung"
0.45,0.004,lecroy_ws3104z,raw,4,true,3,1.7162,0.3853,5,1.291,DIAGNOSTIC,"the fitted power of S0 carried by the windowed cumulant of this order at this configuration, from a log-log fit over the S0 ladder -- NaN means the estimator returned a non-finite or zero cumulant on some rung"
0.45,0.004,lecroy_ws3104z,raw,4,true,5,1.9955,0.9498,5,0.100,DIAGNOSTIC,"the fitted power of S0 carried by the windowed cumulant of this order at this configuration, from a log-log fit over the S0 ladder -- NaN means the estimator returned a non-finite or zero cumulant on some rung"
0.45,0.004,lecroy_ws3104z,raw,4,true,7,1.7396,0.5846,5,0.415,DIAGNOSTIC,"the fitted power of S0 carried by the windowed cumulant of this order at this configuration, from a log-log fit over the S0 ladder -- NaN means the estimator returned a non-finite or zero cumulant on some rung"
0.45,0.004,lecroy_ws3104z,raw,6,false,3,2.5723,0.2122,5,0.099,DIAGNOSTIC,"the fitted power of S0 carried by the windowed cumulant of this order at this configuration, from a log-log fit over the S0 ladder -- NaN means the estimator returned a non-finite or zero cumulant on some rung"
0.45,0.004,lecroy_ws3104z,raw,6,false,5,1.6199,0.4135,5,0.831,DIAGNOSTIC,"the fitted power of S0 carried by the windowed cumulant of this order at this configuration, from a log-log fit over the S0 ladder -- NaN means the estimator returned a non-finite or zero cumulant on some rung"
0.45,0.004,lecroy_ws3104z,raw,6,false,7,1.3375,0.4983,5,1.035,DIAGNOSTIC,"the fitted power of S0 carried by the windowed cumulant of this order at this configuration, from a log-log fit over the S0 ladder -- NaN means the estimator returned a non-finite or zero cumulant on some rung"
0.45,0.004,lecroy_ws3104z,raw,6,true,3,1.8133,0.6032,5,0.402,DIAGNOSTIC,"the fitted power of S0 carried by the windowed cumulant of this order at this configuration, from a log-log fit over the S0 ladder -- NaN means the estimator returned a non-finite or zero cumulant on some rung"
0.45,0.004,lecroy_ws3104z,raw,6,true,5,1.5671,0.5099,5,0.815,DIAGNOSTIC,"the fitted power of S0 carried by the windowed cumulant of this order at this configuration, from a log-log fit over the S0 ladder -- NaN means the estimator returned a non-finite or zero cumulant on some rung"
0.45,0.004,lecroy_ws3104z,raw,6,true,7,1.6155,0.6876,5,0.255,DIAGNOSTIC,"the fitted power of S0 carried by the windowed cumulant of this order at this configuration, from a log-log fit over the S0 ladder -- NaN means the estimator returned a non-finite or zero cumulant on some rung"
0.45,0.004,lecroy_ws3104z,raw,8,false,3,2.2331,0.2162,5,0.157,DIAGNOSTIC,"the fitted power of S0 carried by the windowed cumulant of this order at this configuration, from a log-log fit over the S0 ladder -- NaN means the estimator returned a non-finite or zero cumulant on some rung"
0.45,0.004,lecroy_ws3104z,raw,8,false,5,1.9712,0.4039,5,0.173,DIAGNOSTIC,"the fitted power of S0 carried by the windowed cumulant of this order at this configuration, from a log-log fit over the S0 ladder -- NaN means the estimator returned a non-finite or zero cumulant on some rung"
0.45,0.004,lecroy_ws3104z,raw,8,false,7,1.4440,0.6895,5,0.210,DIAGNOSTIC,"the fitted power of S0 carried by the windowed cumulant of this order at this configuration, from a log-log fit over the S0 ladder -- NaN means the estimator returned a non-finite or zero cumulant on some rung"
0.45,0.004,lecroy_ws3104z,raw,8,true,3,1.5328,0.5409,5,0.842,DIAGNOSTIC,"the fitted power of S0 carried by the windowed cumulant of this order at this configuration, from a log-log fit over the S0 ladder -- NaN means the estimator returned a non-finite or zero cumulant on some rung"
0.45,0.004,lecroy_ws3104z,raw,8,true,5,1.3826,0.4774,5,0.775,DIAGNOSTIC,"the fitted power of S0 carried by the windowed cumulant of this order at this configuration, from a log-log fit over the S0 ladder -- NaN means the estimator returned a non-finite or zero cumulant on some rung"
0.45,0.004,lecroy_ws3104z,raw,8,true,7,1.0575,0.5538,5,0.770,DIAGNOSTIC,"the fitted power of S0 carried by the windowed cumulant of this order at this configuration, from a log-log fit over the S0 ladder -- NaN means the estimator returned a non-finite or zero cumulant on some rung"
0.45,0.004,lecroy_ws3104z,raw,12,false,3,1.8479,0.2500,5,0.148,DIAGNOSTIC,"the fitted power of S0 carried by the windowed cumulant of this order at this configuration, from a log-log fit over the S0 ladder -- NaN means the estimator returned a non-finite or zero cumulant on some rung"
0.45,0.004,lecroy_ws3104z,raw,12,false,5,1.1869,0.3217,5,0.306,DIAGNOSTIC,"the fitted power of S0 carried by the windowed cumulant of this order at this configuration, from a log-log fit over the S0 ladder -- NaN means the estimator returned a non-finite or zero cumulant on some rung"
0.45,0.004,lecroy_ws3104z,raw,12,false,7,0.6898,0.2981,5,0.641,DIAGNOSTIC,"the fitted power of S0 carried by the windowed cumulant of this order at this configuration, from a log-log fit over the S0 ladder -- NaN means the estimator returned a non-finite or zero cumulant on some rung"
0.45,0.004,lecroy_ws3104z,raw,12,true,3,1.1985,0.2352,5,0.775,DIAGNOSTIC,"the fitted power of S0 carried by the windowed cumulant of this order at this configuration, from a log-log fit over the S0 ladder -- NaN means the estimator returned a non-finite or zero cumulant on some rung"
0.45,0.004,lecroy_ws3104z,raw,12,true,5,0.8927,0.2586,5,0.776,DIAGNOSTIC,"the fitted power of S0 carried by the windowed cumulant of this order at this configuration, from a log-log fit over the S0 ladder -- NaN means the estimator returned a non-finite or zero cumulant on some rung"
0.45,0.004,lecroy_ws3104z,raw,12,true,7,0.6852,0.2591,5,0.925,DIAGNOSTIC,"the fitted power of S0 carried by the windowed cumulant of this order at this configuration, from a log-log fit over the S0 ladder -- NaN means the estimator returned a non-finite or zero cumulant on some rung"
0.45,0.004,lecroy_ws3104z,raw,16,false,3,1.0805,0.4205,5,0.413,DIAGNOSTIC,"the fitted power of S0 carried by the windowed cumulant of this order at this configuration, from a log-log fit over the S0 ladder -- NaN means the estimator returned a non-finite or zero cumulant on some rung"
0.45,0.004,lecroy_ws3104z,raw,16,false,5,0.6633,0.5645,5,0.322,DIAGNOSTIC,"the fitted power of S0 carried by the windowed cumulant of this order at this configuration, from a log-log fit over the S0 ladder -- NaN means the estimator returned a non-finite or zero cumulant on some rung"
0.45,0.004,lecroy_ws3104z,raw,16,false,7,0.7156,0.6670,5,0.246,DIAGNOSTIC,"the fitted power of S0 carried by the windowed cumulant of this order at this configuration, from a log-log fit over the S0 ladder -- NaN means the estimator returned a non-finite or zero cumulant on some rung"
0.45,0.004,lecroy_ws3104z,raw,16,true,3,1.0701,0.8186,5,0.104,DIAGNOSTIC,"the fitted power of S0 carried by the windowed cumulant of this order at this configuration, from a log-log fit over the S0 ladder -- NaN means the estimator returned a non-finite or zero cumulant on some rung"
0.45,0.004,lecroy_ws3104z,raw,16,true,5,1.6892,0.1633,5,0.037,DIAGNOSTIC,"the fitted power of S0 carried by the windowed cumulant of this order at this configuration, from a log-log fit over the S0 ladder -- NaN means the estimator returned a non-finite or zero cumulant on some rung"
0.45,0.004,lecroy_ws3104z,raw,16,true,7,1.0279,0.2299,5,0.095,DIAGNOSTIC,"the fitted power of S0 carried by the windowed cumulant of this order at this configuration, from a log-log fit over the S0 ladder -- NaN means the estimator returned a non-finite or zero cumulant on some rung"
0.45,0.004,agilent_3054a,hires,3.25,false,3,2.0609,0.4885,5,0.542,DIAGNOSTIC,"the fitted power of S0 carried by the windowed cumulant of this order at this configuration, from a log-log fit over the S0 ladder -- NaN means the estimator returned a non-finite or zero cumulant on some rung"
0.45,0.004,agilent_3054a,hires,3.25,false,5,2.0627,0.2770,5,0.521,DIAGNOSTIC,"the fitted power of S0 carried by the windowed cumulant of this order at this configuration, from a log-log fit over the S0 ladder -- NaN means the estimator returned a non-finite or zero cumulant on some rung"
0.45,0.004,agilent_3054a,hires,3.25,false,7,1.8686,0.5069,5,0.584,DIAGNOSTIC,"the fitted power of S0 carried by the windowed cumulant of this order at this configuration, from a log-log fit over the S0 ladder -- NaN means the estimator returned a non-finite or zero cumulant on some rung"
0.45,0.004,agilent_3054a,hires,3.25,true,3,1.7793,0.6674,5,0.433,DIAGNOSTIC,"the fitted power of S0 carried by the windowed cumulant of this order at this configuration, from a log-log fit over the S0 ladder -- NaN means the estimator returned a non-finite or zero cumulant on some rung"
0.45,0.004,agilent_3054a,hires,3.25,true,5,1.7563,0.8131,5,0.246,DIAGNOSTIC,"the fitted power of S0 carried by the windowed cumulant of this order at this configuration, from a log-log fit over the S0 ladder -- NaN means the estimator returned a non-finite or zero cumulant on some rung"
0.45,0.004,agilent_3054a,hires,3.25,true,7,2.0465,1.4023,5,0.023,DIAGNOSTIC,"the fitted power of S0 carried by the windowed cumulant of this order at this configuration, from a log-log fit over the S0 ladder -- NaN means the estimator returned a non-finite or zero cumulant on some rung"
0.45,0.004,agilent_3054a,hires,4,false,3,2.0068,0.3419,5,0.823,DIAGNOSTIC,"the fitted power of S0 carried by the windowed cumulant of this order at this configuration, from a log-log fit over the S0 ladder -- NaN means the estimator returned a non-finite or zero cumulant on some rung"
0.45,0.004,agilent_3054a,hires,4,false,5,1.6676,0.4780,5,0.953,DIAGNOSTIC,"the fitted power of S0 carried by the windowed cumulant of this order at this configuration, from a log-log fit over the S0 ladder -- NaN means the estimator returned a non-finite or zero cumulant on some rung"
0.45,0.004,agilent_3054a,hires,4,false,7,1.5005,0.4453,5,1.523,DIAGNOSTIC,"the fitted power of S0 carried by the windowed cumulant of this order at this configuration, from a log-log fit over the S0 ladder -- NaN means the estimator returned a non-finite or zero cumulant on some rung"
0.45,0.004,agilent_3054a,hires,4,true,3,2.1137,0.4339,5,0.619,DIAGNOSTIC,"the fitted power of S0 carried by the windowed cumulant of this order at this configuration, from a log-log fit over the S0 ladder -- NaN means the estimator returned a non-finite or zero cumulant on some rung"
0.45,0.004,agilent_3054a,hires,4,true,5,2.5407,0.1085,5,0.171,DIAGNOSTIC,"the fitted power of S0 carried by the windowed cumulant of this order at this configuration, from a log-log fit over the S0 ladder -- NaN means the estimator returned a non-finite or zero cumulant on some rung"
0.45,0.004,agilent_3054a,hires,4,true,7,2.8531,0.3050,5,0.104,DIAGNOSTIC,"the fitted power of S0 carried by the windowed cumulant of this order at this configuration, from a log-log fit over the S0 ladder -- NaN means the estimator returned a non-finite or zero cumulant on some rung"
0.45,0.004,agilent_3054a,hires,6,false,3,2.2799,0.4843,5,0.347,DIAGNOSTIC,"the fitted power of S0 carried by the windowed cumulant of this order at this configuration, from a log-log fit over the S0 ladder -- NaN means the estimator returned a non-finite or zero cumulant on some rung"
0.45,0.004,agilent_3054a,hires,6,false,5,2.2557,0.2614,5,0.316,DIAGNOSTIC,"the fitted power of S0 carried by the windowed cumulant of this order at this configuration, from a log-log fit over the S0 ladder -- NaN means the estimator returned a non-finite or zero cumulant on some rung"
0.45,0.004,agilent_3054a,hires,6,false,7,1.8921,0.2963,5,0.378,DIAGNOSTIC,"the fitted power of S0 carried by the windowed cumulant of this order at this configuration, from a log-log fit over the S0 ladder -- NaN means the estimator returned a non-finite or zero cumulant on some rung"
0.45,0.004,agilent_3054a,hires,6,true,3,2.8446,0.1589,5,0.111,DIAGNOSTIC,"the fitted power of S0 carried by the windowed cumulant of this order at this configuration, from a log-log fit over the S0 ladder -- NaN means the estimator returned a non-finite or zero cumulant on some rung"
0.45,0.004,agilent_3054a,hires,6,true,5,2.1187,0.2614,5,0.454,DIAGNOSTIC,"the fitted power of S0 carried by the windowed cumulant of this order at this configuration, from a log-log fit over the S0 ladder -- NaN means the estimator returned a non-finite or zero cumulant on some rung"
0.45,0.004,agilent_3054a,hires,6,true,7,2.0360,0.1352,5,0.324,DIAGNOSTIC,"the fitted power of S0 carried by the windowed cumulant of this order at this configuration, from a log-log fit over the S0 ladder -- NaN means the estimator returned a non-finite or zero cumulant on some rung"
0.45,0.004,agilent_3054a,hires,8,false,3,2.0460,1.2246,5,0.037,DIAGNOSTIC,"the fitted power of S0 carried by the windowed cumulant of this order at this configuration, from a log-log fit over the S0 ladder -- NaN means the estimator returned a non-finite or zero cumulant on some rung"
0.45,0.004,agilent_3054a,hires,8,false,5,1.3643,0.5628,5,0.804,DIAGNOSTIC,"the fitted power of S0 carried by the windowed cumulant of this order at this configuration, from a log-log fit over the S0 ladder -- NaN means the estimator returned a non-finite or zero cumulant on some rung"
0.45,0.004,agilent_3054a,hires,8,false,7,1.2259,0.6356,5,0.708,DIAGNOSTIC,"the fitted power of S0 carried by the windowed cumulant of this order at this configuration, from a log-log fit over the S0 ladder -- NaN means the estimator returned a non-finite or zero cumulant on some rung"
0.45,0.004,agilent_3054a,hires,8,true,3,2.4691,1.2547,5,0.019,DIAGNOSTIC,"the fitted power of S0 carried by the windowed cumulant of this order at this configuration, from a log-log fit over the S0 ladder -- NaN means the estimator returned a non-finite or zero cumulant on some rung"
0.45,0.004,agilent_3054a,hires,8,true,5,1.6913,0.6126,5,0.303,DIAGNOSTIC,"the fitted power of S0 carried by the windowed cumulant of this order at this configuration, from a log-log fit over the S0 ladder -- NaN means the estimator returned a non-finite or zero cumulant on some rung"
0.45,0.004,agilent_3054a,hires,8,true,7,1.4003,0.6224,5,0.352,DIAGNOSTIC,"the fitted power of S0 carried by the windowed cumulant of this order at this configuration, from a log-log fit over the S0 ladder -- NaN means the estimator returned a non-finite or zero cumulant on some rung"
0.45,0.004,agilent_3054a,hires,12,false,3,2.0072,0.6220,5,0.100,DIAGNOSTIC,"the fitted power of S0 carried by the windowed cumulant of this order at this configuration, from a log-log fit over the S0 ladder -- NaN means the estimator returned a non-finite or zero cumulant on some rung"
0.45,0.004,agilent_3054a,hires,12,false,5,0.9716,0.7917,5,0.200,DIAGNOSTIC,"the fitted power of S0 carried by the windowed cumulant of this order at this configuration, from a log-log fit over the S0 ladder -- NaN means the estimator returned a non-finite or zero cumulant on some rung"
0.45,0.004,agilent_3054a,hires,12,false,7,1.1986,0.5786,5,0.176,DIAGNOSTIC,"the fitted power of S0 carried by the windowed cumulant of this order at this configuration, from a log-log fit over the S0 ladder -- NaN means the estimator returned a non-finite or zero cumulant on some rung"
0.45,0.004,agilent_3054a,hires,12,true,3,1.1783,0.5274,5,1.094,DIAGNOSTIC,"the fitted power of S0 carried by the windowed cumulant of this order at this configuration, from a log-log fit over the S0 ladder -- NaN means the estimator returned a non-finite or zero cumulant on some rung"
0.45,0.004,agilent_3054a,hires,12,true,5,0.9938,0.8767,5,0.180,DIAGNOSTIC,"the fitted power of S0 carried by the windowed cumulant of this order at this configuration, from a log-log fit over the S0 ladder -- NaN means the estimator returned a non-finite or zero cumulant on some rung"
0.45,0.004,agilent_3054a,hires,12,true,7,0.7350,0.8726,5,0.120,DIAGNOSTIC,"the fitted power of S0 carried by the windowed cumulant of this order at this configuration, from a log-log fit over the S0 ladder -- NaN means the estimator returned a non-finite or zero cumulant on some rung"
0.45,0.004,agilent_3054a,hires,16,false,3,1.2161,0.8521,5,0.116,DIAGNOSTIC,"the fitted power of S0 carried by the windowed cumulant of this order at this configuration, from a log-log fit over the S0 ladder -- NaN means the estimator returned a non-finite or zero cumulant on some rung"
0.45,0.004,agilent_3054a,hires,16,false,5,0.2849,0.7591,5,0.169,DIAGNOSTIC,"the fitted power of S0 carried by the windowed cumulant of this order at this configuration, from a log-log fit over the S0 ladder -- NaN means the estimator returned a non-finite or zero cumulant on some rung"
0.45,0.004,agilent_3054a,hires,16,false,7,0.0484,0.7697,5,0.114,DIAGNOSTIC,"the fitted power of S0 carried by the windowed cumulant of this order at this configuration, from a log-log fit over the S0 ladder -- NaN means the estimator returned a non-finite or zero cumulant on some rung"
0.45,0.004,agilent_3054a,hires,16,true,3,1.3993,0.8004,5,0.153,DIAGNOSTIC,"the fitted power of S0 carried by the windowed cumulant of this order at this configuration, from a log-log fit over the S0 ladder -- NaN means the estimator returned a non-finite or zero cumulant on some rung"
0.45,0.004,agilent_3054a,hires,16,true,5,0.8310,0.5536,5,0.213,DIAGNOSTIC,"the fitted power of S0 carried by the windowed cumulant of this order at this configuration, from a log-log fit over the S0 ladder -- NaN means the estimator returned a non-finite or zero cumulant on some rung"
0.45,0.004,agilent_3054a,hires,16,true,7,0.3631,0.2321,5,0.588,DIAGNOSTIC,"the fitted power of S0 carried by the windowed cumulant of this order at this configuration, from a log-log fit over the S0 ladder -- NaN means the estimator returned a non-finite or zero cumulant on some rung"
0.45,0.004,rtm3004,hires,3.25,false,3,2.0929,0.4474,5,0.648,DIAGNOSTIC,"the fitted power of S0 carried by the windowed cumulant of this order at this configuration, from a log-log fit over the S0 ladder -- NaN means the estimator returned a non-finite or zero cumulant on some rung"
0.45,0.004,rtm3004,hires,3.25,false,5,2.5531,0.1996,5,0.138,DIAGNOSTIC,"the fitted power of S0 carried by the windowed cumulant of this order at this configuration, from a log-log fit over the S0 ladder -- NaN means the estimator returned a non-finite or zero cumulant on some rung"
0.45,0.004,rtm3004,hires,3.25,false,7,2.7716,0.2167,5,0.098,DIAGNOSTIC,"the fitted power of S0 carried by the windowed cumulant of this order at this configuration, from a log-log fit over the S0 ladder -- NaN means the estimator returned a non-finite or zero cumulant on some rung"
0.45,0.004,rtm3004,hires,3.25,true,3,2.1725,0.2088,5,0.459,DIAGNOSTIC,"the fitted power of S0 carried by the windowed cumulant of this order at this configuration, from a log-log fit over the S0 ladder -- NaN means the estimator returned a non-finite or zero cumulant on some rung"
0.45,0.004,rtm3004,hires,3.25,true,5,1.9148,0.3733,5,0.797,DIAGNOSTIC,"the fitted power of S0 carried by the windowed cumulant of this order at this configuration, from a log-log fit over the S0 ladder -- NaN means the estimator returned a non-finite or zero cumulant on some rung"
0.45,0.004,rtm3004,hires,3.25,true,7,1.9525,0.4670,5,0.538,DIAGNOSTIC,"the fitted power of S0 carried by the windowed cumulant of this order at this configuration, from a log-log fit over the S0 ladder -- NaN means the estimator returned a non-finite or zero cumulant on some rung"
0.45,0.004,rtm3004,hires,4,false,3,1.6953,0.4253,5,1.353,DIAGNOSTIC,"the fitted power of S0 carried by the windowed cumulant of this order at this configuration, from a log-log fit over the S0 ladder -- NaN means the estimator returned a non-finite or zero cumulant on some rung"
0.45,0.004,rtm3004,hires,4,false,5,1.6686,0.3992,5,1.291,DIAGNOSTIC,"the fitted power of S0 carried by the windowed cumulant of this order at this configuration, from a log-log fit over the S0 ladder -- NaN means the estimator returned a non-finite or zero cumulant on some rung"
0.45,0.004,rtm3004,hires,4,false,7,1.9325,0.4410,5,0.571,DIAGNOSTIC,"the fitted power of S0 carried by the windowed cumulant of this order at this configuration, from a log-log fit over the S0 ladder -- NaN means the estimator returned a non-finite or zero cumulant on some rung"
0.45,0.004,rtm3004,hires,4,true,3,2.6969,0.0635,5,0.136,DIAGNOSTIC,"the fitted power of S0 carried by the windowed cumulant of this order at this configuration, from a log-log fit over the S0 ladder -- NaN means the estimator returned a non-finite or zero cumulant on some rung"
0.45,0.004,rtm3004,hires,4,true,5,2.1315,0.4313,5,0.537,DIAGNOSTIC,"the fitted power of S0 carried by the windowed cumulant of this order at this configuration, from a log-log fit over the S0 ladder -- NaN means the estimator returned a non-finite or zero cumulant on some rung"
0.45,0.004,rtm3004,hires,4,true,7,1.9355,0.4188,5,0.658,DIAGNOSTIC,"the fitted power of S0 carried by the windowed cumulant of this order at this configuration, from a log-log fit over the S0 ladder -- NaN means the estimator returned a non-finite or zero cumulant on some rung"
0.45,0.004,rtm3004,hires,6,false,3,1.8551,0.5900,5,0.533,DIAGNOSTIC,"the fitted power of S0 carried by the windowed cumulant of this order at this configuration, from a log-log fit over the S0 ladder -- NaN means the estimator returned a non-finite or zero cumulant on some rung"
0.45,0.004,rtm3004,hires,6,false,5,1.8928,0.5124,5,0.545,DIAGNOSTIC,"the fitted power of S0 carried by the windowed cumulant of this order at this configuration, from a log-log fit over the S0 ladder -- NaN means the estimator returned a non-finite or zero cumulant on some rung"
0.45,0.004,rtm3004,hires,6,false,7,1.9056,0.4335,5,0.341,DIAGNOSTIC,"the fitted power of S0 carried by the windowed cumulant of this order at this configuration, from a log-log fit over the S0 ladder -- NaN means the estimator returned a non-finite or zero cumulant on some rung"
0.45,0.004,rtm3004,hires,6,true,3,2.0179,0.5437,5,0.446,DIAGNOSTIC,"the fitted power of S0 carried by the windowed cumulant of this order at this configuration, from a log-log fit over the S0 ladder -- NaN means the estimator returned a non-finite or zero cumulant on some rung"
0.45,0.004,rtm3004,hires,6,true,5,1.6822,0.3213,5,1.072,DIAGNOSTIC,"the fitted power of S0 carried by the windowed cumulant of this order at this configuration, from a log-log fit over the S0 ladder -- NaN means the estimator returned a non-finite or zero cumulant on some rung"
0.45,0.004,rtm3004,hires,6,true,7,2.0008,0.2583,5,0.267,DIAGNOSTIC,"the fitted power of S0 carried by the windowed cumulant of this order at this configuration, from a log-log fit over the S0 ladder -- NaN means the estimator returned a non-finite or zero cumulant on some rung"
0.45,0.004,rtm3004,hires,8,false,3,1.5811,0.4020,5,1.258,DIAGNOSTIC,"the fitted power of S0 carried by the windowed cumulant of this order at this configuration, from a log-log fit over the S0 ladder -- NaN means the estimator returned a non-finite or zero cumulant on some rung"
0.45,0.004,rtm3004,hires,8,false,5,1.8061,0.8206,5,0.118,DIAGNOSTIC,"the fitted power of S0 carried by the windowed cumulant of this order at this configuration, from a log-log fit over the S0 ladder -- NaN means the estimator returned a non-finite or zero cumulant on some rung"
0.45,0.004,rtm3004,hires,8,false,7,1.6129,0.4141,5,0.516,DIAGNOSTIC,"the fitted power of S0 carried by the windowed cumulant of this order at this configuration, from a log-log fit over the S0 ladder -- NaN means the estimator returned a non-finite or zero cumulant on some rung"
0.45,0.004,rtm3004,hires,8,true,3,2.1033,0.4128,5,0.428,DIAGNOSTIC,"the fitted power of S0 carried by the windowed cumulant of this order at this configuration, from a log-log fit over the S0 ladder -- NaN means the estimator returned a non-finite or zero cumulant on some rung"
0.45,0.004,rtm3004,hires,8,true,5,2.0982,0.9838,5,0.047,DIAGNOSTIC,"the fitted power of S0 carried by the windowed cumulant of this order at this configuration, from a log-log fit over the S0 ladder -- NaN means the estimator returned a non-finite or zero cumulant on some rung"
0.45,0.004,rtm3004,hires,8,true,7,1.6655,0.7450,5,0.153,DIAGNOSTIC,"the fitted power of S0 carried by the windowed cumulant of this order at this configuration, from a log-log fit over the S0 ladder -- NaN means the estimator returned a non-finite or zero cumulant on some rung"
0.45,0.004,rtm3004,hires,12,false,3,1.5967,0.5128,5,0.428,DIAGNOSTIC,"the fitted power of S0 carried by the windowed cumulant of this order at this configuration, from a log-log fit over the S0 ladder -- NaN means the estimator returned a non-finite or zero cumulant on some rung"
0.45,0.004,rtm3004,hires,12,false,5,1.6362,0.6098,5,0.221,DIAGNOSTIC,"the fitted power of S0 carried by the windowed cumulant of this order at this configuration, from a log-log fit over the S0 ladder -- NaN means the estimator returned a non-finite or zero cumulant on some rung"
0.45,0.004,rtm3004,hires,12,false,7,1.5526,0.5477,5,0.180,DIAGNOSTIC,"the fitted power of S0 carried by the windowed cumulant of this order at this configuration, from a log-log fit over the S0 ladder -- NaN means the estimator returned a non-finite or zero cumulant on some rung"
0.45,0.004,rtm3004,hires,12,true,3,1.3334,0.5765,5,0.556,DIAGNOSTIC,"the fitted power of S0 carried by the windowed cumulant of this order at this configuration, from a log-log fit over the S0 ladder -- NaN means the estimator returned a non-finite or zero cumulant on some rung"
0.45,0.004,rtm3004,hires,12,true,5,1.3984,0.8917,5,0.086,DIAGNOSTIC,"the fitted power of S0 carried by the windowed cumulant of this order at this configuration, from a log-log fit over the S0 ladder -- NaN means the estimator returned a non-finite or zero cumulant on some rung"
0.45,0.004,rtm3004,hires,12,true,7,0.9105,0.6686,5,0.393,DIAGNOSTIC,"the fitted power of S0 carried by the windowed cumulant of this order at this configuration, from a log-log fit over the S0 ladder -- NaN means the estimator returned a non-finite or zero cumulant on some rung"
0.45,0.004,rtm3004,hires,16,false,3,1.0637,0.3937,5,0.658,DIAGNOSTIC,"the fitted power of S0 carried by the windowed cumulant of this order at this configuration, from a log-log fit over the S0 ladder -- NaN means the estimator returned a non-finite or zero cumulant on some rung"
0.45,0.004,rtm3004,hires,16,false,5,0.4659,0.7386,5,0.187,DIAGNOSTIC,"the fitted power of S0 carried by the windowed cumulant of this order at this configuration, from a log-log fit over the S0 ladder -- NaN means the estimator returned a non-finite or zero cumulant on some rung"
0.45,0.004,rtm3004,hires,16,false,7,0.6652,0.3560,5,0.346,DIAGNOSTIC,"the fitted power of S0 carried by the windowed cumulant of this order at this configuration, from a log-log fit over the S0 ladder -- NaN means the estimator returned a non-finite or zero cumulant on some rung"
0.45,0.004,rtm3004,hires,16,true,3,0.9768,0.9039,5,0.227,DIAGNOSTIC,"the fitted power of S0 carried by the windowed cumulant of this order at this configuration, from a log-log fit over the S0 ladder -- NaN means the estimator returned a non-finite or zero cumulant on some rung"
0.45,0.004,rtm3004,hires,16,true,5,0.5033,0.9330,5,0.140,DIAGNOSTIC,"the fitted power of S0 carried by the windowed cumulant of this order at this configuration, from a log-log fit over the S0 ladder -- NaN means the estimator returned a non-finite or zero cumulant on some rung"
0.45,0.004,rtm3004,hires,16,true,7,0.1343,0.8802,5,0.103,DIAGNOSTIC,"the fitted power of S0 carried by the windowed cumulant of this order at this configuration, from a log-log fit over the S0 ladder -- NaN means the estimator returned a non-finite or zero cumulant on some rung"
0.45,0.012,lecroy_ws3104z,raw,3.25,false,3,2.2119,0.2166,5,0.130,DIAGNOSTIC,"the fitted power of S0 carried by the windowed cumulant of this order at this configuration, from a log-log fit over the S0 ladder -- NaN means the estimator returned a non-finite or zero cumulant on some rung"
0.45,0.012,lecroy_ws3104z,raw,3.25,false,5,2.1201,0.2694,5,0.149,DIAGNOSTIC,"the fitted power of S0 carried by the windowed cumulant of this order at this configuration, from a log-log fit over the S0 ladder -- NaN means the estimator returned a non-finite or zero cumulant on some rung"
0.45,0.012,lecroy_ws3104z,raw,3.25,false,7,1.3229,0.5588,5,0.343,DIAGNOSTIC,"the fitted power of S0 carried by the windowed cumulant of this order at this configuration, from a log-log fit over the S0 ladder -- NaN means the estimator returned a non-finite or zero cumulant on some rung"
0.45,0.012,lecroy_ws3104z,raw,3.25,true,3,1.2884,0.5419,5,0.518,DIAGNOSTIC,"the fitted power of S0 carried by the windowed cumulant of this order at this configuration, from a log-log fit over the S0 ladder -- NaN means the estimator returned a non-finite or zero cumulant on some rung"
0.45,0.012,lecroy_ws3104z,raw,3.25,true,5,1.4973,0.9288,5,0.085,DIAGNOSTIC,"the fitted power of S0 carried by the windowed cumulant of this order at this configuration, from a log-log fit over the S0 ladder -- NaN means the estimator returned a non-finite or zero cumulant on some rung"
0.45,0.012,lecroy_ws3104z,raw,3.25,true,7,1.4570,0.3929,5,0.500,DIAGNOSTIC,"the fitted power of S0 carried by the windowed cumulant of this order at this configuration, from a log-log fit over the S0 ladder -- NaN means the estimator returned a non-finite or zero cumulant on some rung"
0.45,0.012,lecroy_ws3104z,raw,4,false,3,1.6035,0.3458,5,0.488,DIAGNOSTIC,"the fitted power of S0 carried by the windowed cumulant of this order at this configuration, from a log-log fit over the S0 ladder -- NaN means the estimator returned a non-finite or zero cumulant on some rung"
0.45,0.012,lecroy_ws3104z,raw,4,false,5,1.7973,0.4595,5,0.246,DIAGNOSTIC,"the fitted power of S0 carried by the windowed cumulant of this order at this configuration, from a log-log fit over the S0 ladder -- NaN means the estimator returned a non-finite or zero cumulant on some rung"
0.45,0.012,lecroy_ws3104z,raw,4,false,7,1.9760,0.5346,5,0.134,DIAGNOSTIC,"the fitted power of S0 carried by the windowed cumulant of this order at this configuration, from a log-log fit over the S0 ladder -- NaN means the estimator returned a non-finite or zero cumulant on some rung"
0.45,0.012,lecroy_ws3104z,raw,4,true,3,1.4944,0.4197,5,0.656,DIAGNOSTIC,"the fitted power of S0 carried by the windowed cumulant of this order at this configuration, from a log-log fit over the S0 ladder -- NaN means the estimator returned a non-finite or zero cumulant on some rung"
0.45,0.012,lecroy_ws3104z,raw,4,true,5,1.4045,0.4382,5,0.753,DIAGNOSTIC,"the fitted power of S0 carried by the windowed cumulant of this order at this configuration, from a log-log fit over the S0 ladder -- NaN means the estimator returned a non-finite or zero cumulant on some rung"
0.45,0.012,lecroy_ws3104z,raw,4,true,7,1.1944,0.7035,5,0.457,DIAGNOSTIC,"the fitted power of S0 carried by the windowed cumulant of this order at this configuration, from a log-log fit over the S0 ladder -- NaN means the estimator returned a non-finite or zero cumulant on some rung"
0.45,0.012,lecroy_ws3104z,raw,6,false,3,1.2357,0.3688,5,1.051,DIAGNOSTIC,"the fitted power of S0 carried by the windowed cumulant of this order at this configuration, from a log-log fit over the S0 ladder -- NaN means the estimator returned a non-finite or zero cumulant on some rung"
0.45,0.012,lecroy_ws3104z,raw,6,false,5,1.5915,0.6770,5,0.154,DIAGNOSTIC,"the fitted power of S0 carried by the windowed cumulant of this order at this configuration, from a log-log fit over the S0 ladder -- NaN means the estimator returned a non-finite or zero cumulant on some rung"
0.45,0.012,lecroy_ws3104z,raw,6,false,7,1.9077,0.0316,5,0.170,DIAGNOSTIC,"the fitted power of S0 carried by the windowed cumulant of this order at this configuration, from a log-log fit over the S0 ladder -- NaN means the estimator returned a non-finite or zero cumulant on some rung"
0.45,0.012,lecroy_ws3104z,raw,6,true,3,1.5491,0.8549,5,0.105,DIAGNOSTIC,"the fitted power of S0 carried by the windowed cumulant of this order at this configuration, from a log-log fit over the S0 ladder -- NaN means the estimator returned a non-finite or zero cumulant on some rung"
0.45,0.012,lecroy_ws3104z,raw,6,true,5,0.8125,1.5749,5,0.013,DIAGNOSTIC,"the fitted power of S0 carried by the windowed cumulant of this order at this configuration, from a log-log fit over the S0 ladder -- NaN means the estimator returned a non-finite or zero cumulant on some rung"
0.45,0.012,lecroy_ws3104z,raw,6,true,7,1.0120,0.8521,5,0.154,DIAGNOSTIC,"the fitted power of S0 carried by the windowed cumulant of this order at this configuration, from a log-log fit over the S0 ladder -- NaN means the estimator returned a non-finite or zero cumulant on some rung"
0.45,0.012,lecroy_ws3104z,raw,8,false,3,1.0728,0.9050,5,0.230,DIAGNOSTIC,"the fitted power of S0 carried by the windowed cumulant of this order at this configuration, from a log-log fit over the S0 ladder -- NaN means the estimator returned a non-finite or zero cumulant on some rung"
0.45,0.012,lecroy_ws3104z,raw,8,false,5,0.9512,1.2064,5,0.060,DIAGNOSTIC,"the fitted power of S0 carried by the windowed cumulant of this order at this configuration, from a log-log fit over the S0 ladder -- NaN means the estimator returned a non-finite or zero cumulant on some rung"
0.45,0.012,lecroy_ws3104z,raw,8,false,7,0.9783,1.5284,5,0.015,DIAGNOSTIC,"the fitted power of S0 carried by the windowed cumulant of this order at this configuration, from a log-log fit over the S0 ladder -- NaN means the estimator returned a non-finite or zero cumulant on some rung"
0.45,0.012,lecroy_ws3104z,raw,8,true,3,1.3709,0.4532,5,0.338,DIAGNOSTIC,"the fitted power of S0 carried by the windowed cumulant of this order at this configuration, from a log-log fit over the S0 ladder -- NaN means the estimator returned a non-finite or zero cumulant on some rung"
0.45,0.012,lecroy_ws3104z,raw,8,true,5,0.9965,0.5390,5,0.509,DIAGNOSTIC,"the fitted power of S0 carried by the windowed cumulant of this order at this configuration, from a log-log fit over the S0 ladder -- NaN means the estimator returned a non-finite or zero cumulant on some rung"
0.45,0.012,lecroy_ws3104z,raw,8,true,7,0.8012,0.4570,5,0.691,DIAGNOSTIC,"the fitted power of S0 carried by the windowed cumulant of this order at this configuration, from a log-log fit over the S0 ladder -- NaN means the estimator returned a non-finite or zero cumulant on some rung"
0.45,0.012,lecroy_ws3104z,raw,12,false,3,0.3497,0.5095,5,0.859,DIAGNOSTIC,"the fitted power of S0 carried by the windowed cumulant of this order at this configuration, from a log-log fit over the S0 ladder -- NaN means the estimator returned a non-finite or zero cumulant on some rung"
0.45,0.012,lecroy_ws3104z,raw,12,false,5,-0.0861,0.3311,5,0.828,DIAGNOSTIC,"the fitted power of S0 carried by the windowed cumulant of this order at this configuration, from a log-log fit over the S0 ladder -- NaN means the estimator returned a non-finite or zero cumulant on some rung"
0.45,0.012,lecroy_ws3104z,raw,12,false,7,-0.3361,0.3342,5,0.640,DIAGNOSTIC,"the fitted power of S0 carried by the windowed cumulant of this order at this configuration, from a log-log fit over the S0 ladder -- NaN means the estimator returned a non-finite or zero cumulant on some rung"
0.45,0.012,lecroy_ws3104z,raw,12,true,3,0.6773,0.6358,5,0.425,DIAGNOSTIC,"the fitted power of S0 carried by the windowed cumulant of this order at this configuration, from a log-log fit over the S0 ladder -- NaN means the estimator returned a non-finite or zero cumulant on some rung"
0.45,0.012,lecroy_ws3104z,raw,12,true,5,0.5424,1.3152,5,0.024,DIAGNOSTIC,"the fitted power of S0 carried by the windowed cumulant of this order at this configuration, from a log-log fit over the S0 ladder -- NaN means the estimator returned a non-finite or zero cumulant on some rung"
0.45,0.012,lecroy_ws3104z,raw,12,true,7,0.2633,1.0875,5,0.024,DIAGNOSTIC,"the fitted power of S0 carried by the windowed cumulant of this order at this configuration, from a log-log fit over the S0 ladder -- NaN means the estimator returned a non-finite or zero cumulant on some rung"
0.45,0.012,lecroy_ws3104z,raw,16,false,3,0.5062,0.4908,5,0.349,DIAGNOSTIC,"the fitted power of S0 carried by the windowed cumulant of this order at this configuration, from a log-log fit over the S0 ladder -- NaN means the estimator returned a non-finite or zero cumulant on some rung"
0.45,0.012,lecroy_ws3104z,raw,16,false,5,-0.1398,0.2130,5,0.657,DIAGNOSTIC,"the fitted power of S0 carried by the windowed cumulant of this order at this configuration, from a log-log fit over the S0 ladder -- NaN means the estimator returned a non-finite or zero cumulant on some rung"
0.45,0.012,lecroy_ws3104z,raw,16,false,7,0.1053,0.3919,5,0.384,DIAGNOSTIC,"the fitted power of S0 carried by the windowed cumulant of this order at this configuration, from a log-log fit over the S0 ladder -- NaN means the estimator returned a non-finite or zero cumulant on some rung"
0.45,0.012,lecroy_ws3104z,raw,16,true,3,0.2956,0.5458,5,0.431,DIAGNOSTIC,"the fitted power of S0 carried by the windowed cumulant of this order at this configuration, from a log-log fit over the S0 ladder -- NaN means the estimator returned a non-finite or zero cumulant on some rung"
0.45,0.012,lecroy_ws3104z,raw,16,true,5,-0.1576,0.5433,5,0.299,DIAGNOSTIC,"the fitted power of S0 carried by the windowed cumulant of this order at this configuration, from a log-log fit over the S0 ladder -- NaN means the estimator returned a non-finite or zero cumulant on some rung"
0.45,0.012,lecroy_ws3104z,raw,16,true,7,-0.0772,0.6215,5,0.217,DIAGNOSTIC,"the fitted power of S0 carried by the windowed cumulant of this order at this configuration, from a log-log fit over the S0 ladder -- NaN means the estimator returned a non-finite or zero cumulant on some rung"
0.45,0.012,agilent_3054a,hires,3.25,false,3,1.2480,0.4384,5,0.968,DIAGNOSTIC,"the fitted power of S0 carried by the windowed cumulant of this order at this configuration, from a log-log fit over the S0 ladder -- NaN means the estimator returned a non-finite or zero cumulant on some rung"
0.45,0.012,agilent_3054a,hires,3.25,false,5,1.2079,0.3341,5,1.103,DIAGNOSTIC,"the fitted power of S0 carried by the windowed cumulant of this order at this configuration, from a log-log fit over the S0 ladder -- NaN means the estimator returned a non-finite or zero cumulant on some rung"
0.45,0.012,agilent_3054a,hires,3.25,false,7,1.0469,0.4093,5,1.046,DIAGNOSTIC,"the fitted power of S0 carried by the windowed cumulant of this order at this configuration, from a log-log fit over the S0 ladder -- NaN means the estimator returned a non-finite or zero cumulant on some rung"
0.45,0.012,agilent_3054a,hires,3.25,true,3,1.5060,0.5793,5,0.413,DIAGNOSTIC,"the fitted power of S0 carried by the windowed cumulant of this order at this configuration, from a log-log fit over the S0 ladder -- NaN means the estimator returned a non-finite or zero cumulant on some rung"
0.45,0.012,agilent_3054a,hires,3.25,true,5,1.4551,0.4138,5,0.640,DIAGNOSTIC,"the fitted power of S0 carried by the windowed cumulant of this order at this configuration, from a log-log fit over the S0 ladder -- NaN means the estimator returned a non-finite or zero cumulant on some rung"
0.45,0.012,agilent_3054a,hires,3.25,true,7,2.2306,0.2007,5,0.068,DIAGNOSTIC,"the fitted power of S0 carried by the windowed cumulant of this order at this configuration, from a log-log fit over the S0 ladder -- NaN means the estimator returned a non-finite or zero cumulant on some rung"
0.45,0.012,agilent_3054a,hires,4,false,3,1.9013,0.2493,5,0.314,DIAGNOSTIC,"the fitted power of S0 carried by the windowed cumulant of this order at this configuration, from a log-log fit over the S0 ladder -- NaN means the estimator returned a non-finite or zero cumulant on some rung"
0.45,0.012,agilent_3054a,hires,4,false,5,1.7438,0.2274,5,0.332,DIAGNOSTIC,"the fitted power of S0 carried by the windowed cumulant of this order at this configuration, from a log-log fit over the S0 ladder -- NaN means the estimator returned a non-finite or zero cumulant on some rung"
0.45,0.012,agilent_3054a,hires,4,false,7,1.6757,0.1996,5,0.273,DIAGNOSTIC,"the fitted power of S0 carried by the windowed cumulant of this order at this configuration, from a log-log fit over the S0 ladder -- NaN means the estimator returned a non-finite or zero cumulant on some rung"
0.45,0.012,agilent_3054a,hires,4,true,3,1.4548,0.6256,5,0.330,DIAGNOSTIC,"the fitted power of S0 carried by the windowed cumulant of this order at this configuration, from a log-log fit over the S0 ladder -- NaN means the estimator returned a non-finite or zero cumulant on some rung"
0.45,0.012,agilent_3054a,hires,4,true,5,1.2210,0.4153,5,1.000,DIAGNOSTIC,"the fitted power of S0 carried by the windowed cumulant of this order at this configuration, from a log-log fit over the S0 ladder -- NaN means the estimator returned a non-finite or zero cumulant on some rung"
0.45,0.012,agilent_3054a,hires,4,true,7,1.2523,0.4564,5,0.677,DIAGNOSTIC,"the fitted power of S0 carried by the windowed cumulant of this order at this configuration, from a log-log fit over the S0 ladder -- NaN means the estimator returned a non-finite or zero cumulant on some rung"
0.45,0.012,agilent_3054a,hires,6,false,3,1.5074,0.5585,5,0.560,DIAGNOSTIC,"the fitted power of S0 carried by the windowed cumulant of this order at this configuration, from a log-log fit over the S0 ladder -- NaN means the estimator returned a non-finite or zero cumulant on some rung"
0.45,0.012,agilent_3054a,hires,6,false,5,1.8211,0.9235,5,0.082,DIAGNOSTIC,"the fitted power of S0 carried by the windowed cumulant of this order at this configuration, from a log-log fit over the S0 ladder -- NaN means the estimator returned a non-finite or zero cumulant on some rung"
0.45,0.012,agilent_3054a,hires,6,false,7,1.5574,0.9291,5,0.098,DIAGNOSTIC,"the fitted power of S0 carried by the windowed cumulant of this order at this configuration, from a log-log fit over the S0 ladder -- NaN means the estimator returned a non-finite or zero cumulant on some rung"
0.45,0.012,agilent_3054a,hires,6,true,3,2.0259,0.3944,5,0.112,DIAGNOSTIC,"the fitted power of S0 carried by the windowed cumulant of this order at this configuration, from a log-log fit over the S0 ladder -- NaN means the estimator returned a non-finite or zero cumulant on some rung"
0.45,0.012,agilent_3054a,hires,6,true,5,1.4626,0.2702,5,0.457,DIAGNOSTIC,"the fitted power of S0 carried by the windowed cumulant of this order at this configuration, from a log-log fit over the S0 ladder -- NaN means the estimator returned a non-finite or zero cumulant on some rung"
0.45,0.012,agilent_3054a,hires,6,true,7,1.1318,0.3651,5,0.841,DIAGNOSTIC,"the fitted power of S0 carried by the windowed cumulant of this order at this configuration, from a log-log fit over the S0 ladder -- NaN means the estimator returned a non-finite or zero cumulant on some rung"
0.45,0.012,agilent_3054a,hires,8,false,3,1.3308,0.5455,5,0.427,DIAGNOSTIC,"the fitted power of S0 carried by the windowed cumulant of this order at this configuration, from a log-log fit over the S0 ladder -- NaN means the estimator returned a non-finite or zero cumulant on some rung"
0.45,0.012,agilent_3054a,hires,8,false,5,1.6227,0.5400,5,0.150,DIAGNOSTIC,"the fitted power of S0 carried by the windowed cumulant of this order at this configuration, from a log-log fit over the S0 ladder -- NaN means the estimator returned a non-finite or zero cumulant on some rung"
0.45,0.012,agilent_3054a,hires,8,false,7,1.0870,1.0742,5,0.044,DIAGNOSTIC,"the fitted power of S0 carried by the windowed cumulant of this order at this configuration, from a log-log fit over the S0 ladder -- NaN means the estimator returned a non-finite or zero cumulant on some rung"
0.45,0.012,agilent_3054a,hires,8,true,3,1.9154,0.2631,5,0.189,DIAGNOSTIC,"the fitted power of S0 carried by the windowed cumulant of this order at this configuration, from a log-log fit over the S0 ladder -- NaN means the estimator returned a non-finite or zero cumulant on some rung"
0.45,0.012,agilent_3054a,hires,8,true,5,1.4162,0.3761,5,0.419,DIAGNOSTIC,"the fitted power of S0 carried by the windowed cumulant of this order at this configuration, from a log-log fit over the S0 ladder -- NaN means the estimator returned a non-finite or zero cumulant on some rung"
0.45,0.012,agilent_3054a,hires,8,true,7,1.2071,0.3559,5,0.394,DIAGNOSTIC,"the fitted power of S0 carried by the windowed cumulant of this order at this configuration, from a log-log fit over the S0 ladder -- NaN means the estimator returned a non-finite or zero cumulant on some rung"
0.45,0.012,agilent_3054a,hires,12,false,3,2.4159,0.4276,5,0.019,DIAGNOSTIC,"the fitted power of S0 carried by the windowed cumulant of this order at this configuration, from a log-log fit over the S0 ladder -- NaN means the estimator returned a non-finite or zero cumulant on some rung"
0.45,0.012,agilent_3054a,hires,12,false,5,1.5380,0.3781,5,0.137,DIAGNOSTIC,"the fitted power of S0 carried by the windowed cumulant of this order at this configuration, from a log-log fit over the S0 ladder -- NaN means the estimator returned a non-finite or zero cumulant on some rung"
0.45,0.012,agilent_3054a,hires,12,false,7,0.8337,0.9289,5,0.046,DIAGNOSTIC,"the fitted power of S0 carried by the windowed cumulant of this order at this configuration, from a log-log fit over the S0 ladder -- NaN means the estimator returned a non-finite or zero cumulant on some rung"
0.45,0.012,agilent_3054a,hires,12,true,3,0.5276,0.4349,5,0.969,DIAGNOSTIC,"the fitted power of S0 carried by the windowed cumulant of this order at this configuration, from a log-log fit over the S0 ladder -- NaN means the estimator returned a non-finite or zero cumulant on some rung"
0.45,0.012,agilent_3054a,hires,12,true,5,0.3825,0.9574,5,0.062,DIAGNOSTIC,"the fitted power of S0 carried by the windowed cumulant of this order at this configuration, from a log-log fit over the S0 ladder -- NaN means the estimator returned a non-finite or zero cumulant on some rung"
0.45,0.012,agilent_3054a,hires,12,true,7,0.3006,0.4104,5,0.400,DIAGNOSTIC,"the fitted power of S0 carried by the windowed cumulant of this order at this configuration, from a log-log fit over the S0 ladder -- NaN means the estimator returned a non-finite or zero cumulant on some rung"
0.45,0.012,agilent_3054a,hires,16,false,3,0.6820,0.8981,5,0.057,DIAGNOSTIC,"the fitted power of S0 carried by the windowed cumulant of this order at this configuration, from a log-log fit over the S0 ladder -- NaN means the estimator returned a non-finite or zero cumulant on some rung"
0.45,0.012,agilent_3054a,hires,16,false,5,0.8592,0.2746,5,0.232,DIAGNOSTIC,"the fitted power of S0 carried by the windowed cumulant of this order at this configuration, from a log-log fit over the S0 ladder -- NaN means the estimator returned a non-finite or zero cumulant on some rung"
0.45,0.012,agilent_3054a,hires,16,false,7,0.2002,0.6062,5,0.104,DIAGNOSTIC,"the fitted power of S0 carried by the windowed cumulant of this order at this configuration, from a log-log fit over the S0 ladder -- NaN means the estimator returned a non-finite or zero cumulant on some rung"
0.45,0.012,agilent_3054a,hires,16,true,3,0.4251,0.5412,5,0.360,DIAGNOSTIC,"the fitted power of S0 carried by the windowed cumulant of this order at this configuration, from a log-log fit over the S0 ladder -- NaN means the estimator returned a non-finite or zero cumulant on some rung"
0.45,0.012,agilent_3054a,hires,16,true,5,0.4360,0.8070,5,0.075,DIAGNOSTIC,"the fitted power of S0 carried by the windowed cumulant of this order at this configuration, from a log-log fit over the S0 ladder -- NaN means the estimator returned a non-finite or zero cumulant on some rung"
0.45,0.012,agilent_3054a,hires,16,true,7,0.5286,0.3536,5,0.256,DIAGNOSTIC,"the fitted power of S0 carried by the windowed cumulant of this order at this configuration, from a log-log fit over the S0 ladder -- NaN means the estimator returned a non-finite or zero cumulant on some rung"
0.45,0.012,rtm3004,hires,3.25,false,3,1.5470,0.2121,5,0.549,DIAGNOSTIC,"the fitted power of S0 carried by the windowed cumulant of this order at this configuration, from a log-log fit over the S0 ladder -- NaN means the estimator returned a non-finite or zero cumulant on some rung"
0.45,0.012,rtm3004,hires,3.25,false,5,2.6977,0.5280,5,0.022,DIAGNOSTIC,"the fitted power of S0 carried by the windowed cumulant of this order at this configuration, from a log-log fit over the S0 ladder -- NaN means the estimator returned a non-finite or zero cumulant on some rung"
0.45,0.012,rtm3004,hires,3.25,false,7,1.8511,0.2025,5,0.211,DIAGNOSTIC,"the fitted power of S0 carried by the windowed cumulant of this order at this configuration, from a log-log fit over the S0 ladder -- NaN means the estimator returned a non-finite or zero cumulant on some rung"
0.45,0.012,rtm3004,hires,3.25,true,3,1.6436,0.7778,5,0.150,DIAGNOSTIC,"the fitted power of S0 carried by the windowed cumulant of this order at this configuration, from a log-log fit over the S0 ladder -- NaN means the estimator returned a non-finite or zero cumulant on some rung"
0.45,0.012,rtm3004,hires,3.25,true,5,1.4338,0.6435,5,0.290,DIAGNOSTIC,"the fitted power of S0 carried by the windowed cumulant of this order at this configuration, from a log-log fit over the S0 ladder -- NaN means the estimator returned a non-finite or zero cumulant on some rung"
0.45,0.012,rtm3004,hires,3.25,true,7,1.6125,0.8167,5,0.084,DIAGNOSTIC,"the fitted power of S0 carried by the windowed cumulant of this order at this configuration, from a log-log fit over the S0 ladder -- NaN means the estimator returned a non-finite or zero cumulant on some rung"
0.45,0.012,rtm3004,hires,4,false,3,1.8654,1.1337,5,0.032,DIAGNOSTIC,"the fitted power of S0 carried by the windowed cumulant of this order at this configuration, from a log-log fit over the S0 ladder -- NaN means the estimator returned a non-finite or zero cumulant on some rung"
0.45,0.012,rtm3004,hires,4,false,5,1.0720,0.5500,5,0.635,DIAGNOSTIC,"the fitted power of S0 carried by the windowed cumulant of this order at this configuration, from a log-log fit over the S0 ladder -- NaN means the estimator returned a non-finite or zero cumulant on some rung"
0.45,0.012,rtm3004,hires,4,false,7,1.2950,0.6782,5,0.238,DIAGNOSTIC,"the fitted power of S0 carried by the windowed cumulant of this order at this configuration, from a log-log fit over the S0 ladder -- NaN means the estimator returned a non-finite or zero cumulant on some rung"
0.45,0.012,rtm3004,hires,4,true,3,2.1640,0.3001,5,0.111,DIAGNOSTIC,"the fitted power of S0 carried by the windowed cumulant of this order at this configuration, from a log-log fit over the S0 ladder -- NaN means the estimator returned a non-finite or zero cumulant on some rung"
0.45,0.012,rtm3004,hires,4,true,5,1.8102,0.4271,5,0.361,DIAGNOSTIC,"the fitted power of S0 carried by the windowed cumulant of this order at this configuration, from a log-log fit over the S0 ladder -- NaN means the estimator returned a non-finite or zero cumulant on some rung"
0.45,0.012,rtm3004,hires,4,true,7,1.4214,0.8283,5,0.119,DIAGNOSTIC,"the fitted power of S0 carried by the windowed cumulant of this order at this configuration, from a log-log fit over the S0 ladder -- NaN means the estimator returned a non-finite or zero cumulant on some rung"
0.45,0.012,rtm3004,hires,6,false,3,1.6411,0.3427,5,0.532,DIAGNOSTIC,"the fitted power of S0 carried by the windowed cumulant of this order at this configuration, from a log-log fit over the S0 ladder -- NaN means the estimator returned a non-finite or zero cumulant on some rung"
0.45,0.012,rtm3004,hires,6,false,5,1.3942,0.4511,5,0.505,DIAGNOSTIC,"the fitted power of S0 carried by the windowed cumulant of this order at this configuration, from a log-log fit over the S0 ladder -- NaN means the estimator returned a non-finite or zero cumulant on some rung"
0.45,0.012,rtm3004,hires,6,false,7,1.1065,0.5866,5,0.663,DIAGNOSTIC,"the fitted power of S0 carried by the windowed cumulant of this order at this configuration, from a log-log fit over the S0 ladder -- NaN means the estimator returned a non-finite or zero cumulant on some rung"
0.45,0.012,rtm3004,hires,6,true,3,1.6666,0.3619,5,0.373,DIAGNOSTIC,"the fitted power of S0 carried by the windowed cumulant of this order at this configuration, from a log-log fit over the S0 ladder -- NaN means the estimator returned a non-finite or zero cumulant on some rung"
0.45,0.012,rtm3004,hires,6,true,5,1.4659,0.8679,5,0.155,DIAGNOSTIC,"the fitted power of S0 carried by the windowed cumulant of this order at this configuration, from a log-log fit over the S0 ladder -- NaN means the estimator returned a non-finite or zero cumulant on some rung"
0.45,0.012,rtm3004,hires,6,true,7,2.1305,1.4913,5,0.005,DIAGNOSTIC,"the fitted power of S0 carried by the windowed cumulant of this order at this configuration, from a log-log fit over the S0 ladder -- NaN means the estimator returned a non-finite or zero cumulant on some rung"
0.45,0.012,rtm3004,hires,8,false,3,1.3837,1.1962,5,0.101,DIAGNOSTIC,"the fitted power of S0 carried by the windowed cumulant of this order at this configuration, from a log-log fit over the S0 ladder -- NaN means the estimator returned a non-finite or zero cumulant on some rung"
0.45,0.012,rtm3004,hires,8,false,5,1.5188,0.5040,5,0.242,DIAGNOSTIC,"the fitted power of S0 carried by the windowed cumulant of this order at this configuration, from a log-log fit over the S0 ladder -- NaN means the estimator returned a non-finite or zero cumulant on some rung"
0.45,0.012,rtm3004,hires,8,false,7,1.1120,0.8162,5,0.122,DIAGNOSTIC,"the fitted power of S0 carried by the windowed cumulant of this order at this configuration, from a log-log fit over the S0 ladder -- NaN means the estimator returned a non-finite or zero cumulant on some rung"
0.45,0.012,rtm3004,hires,8,true,3,1.4194,0.7902,5,0.169,DIAGNOSTIC,"the fitted power of S0 carried by the windowed cumulant of this order at this configuration, from a log-log fit over the S0 ladder -- NaN means the estimator returned a non-finite or zero cumulant on some rung"
0.45,0.012,rtm3004,hires,8,true,5,2.1582,0.6519,5,0.072,DIAGNOSTIC,"the fitted power of S0 carried by the windowed cumulant of this order at this configuration, from a log-log fit over the S0 ladder -- NaN means the estimator returned a non-finite or zero cumulant on some rung"
0.45,0.012,rtm3004,hires,8,true,7,1.8008,1.2738,5,0.011,DIAGNOSTIC,"the fitted power of S0 carried by the windowed cumulant of this order at this configuration, from a log-log fit over the S0 ladder -- NaN means the estimator returned a non-finite or zero cumulant on some rung"
0.45,0.012,rtm3004,hires,12,false,3,1.8726,0.6389,5,0.047,DIAGNOSTIC,"the fitted power of S0 carried by the windowed cumulant of this order at this configuration, from a log-log fit over the S0 ladder -- NaN means the estimator returned a non-finite or zero cumulant on some rung"
0.45,0.012,rtm3004,hires,12,false,5,1.0397,0.5690,5,0.221,DIAGNOSTIC,"the fitted power of S0 carried by the windowed cumulant of this order at this configuration, from a log-log fit over the S0 ladder -- NaN means the estimator returned a non-finite or zero cumulant on some rung"
0.45,0.012,rtm3004,hires,12,false,7,0.5444,0.5971,5,0.287,DIAGNOSTIC,"the fitted power of S0 carried by the windowed cumulant of this order at this configuration, from a log-log fit over the S0 ladder -- NaN means the estimator returned a non-finite or zero cumulant on some rung"
0.45,0.012,rtm3004,hires,12,true,3,1.6259,1.0722,5,0.015,DIAGNOSTIC,"the fitted power of S0 carried by the windowed cumulant of this order at this configuration, from a log-log fit over the S0 ladder -- NaN means the estimator returned a non-finite or zero cumulant on some rung"
0.45,0.012,rtm3004,hires,12,true,5,0.9141,0.5732,5,0.244,DIAGNOSTIC,"the fitted power of S0 carried by the windowed cumulant of this order at this configuration, from a log-log fit over the S0 ladder -- NaN means the estimator returned a non-finite or zero cumulant on some rung"
0.45,0.012,rtm3004,hires,12,true,7,0.4096,0.6038,5,0.179,DIAGNOSTIC,"the fitted power of S0 carried by the windowed cumulant of this order at this configuration, from a log-log fit over the S0 ladder -- NaN means the estimator returned a non-finite or zero cumulant on some rung"
0.45,0.012,rtm3004,hires,16,false,3,0.4571,0.7227,5,0.172,DIAGNOSTIC,"the fitted power of S0 carried by the windowed cumulant of this order at this configuration, from a log-log fit over the S0 ladder -- NaN means the estimator returned a non-finite or zero cumulant on some rung"
0.45,0.012,rtm3004,hires,16,false,5,-0.0793,0.6503,5,0.136,DIAGNOSTIC,"the fitted power of S0 carried by the windowed cumulant of this order at this configuration, from a log-log fit over the S0 ladder -- NaN means the estimator returned a non-finite or zero cumulant on some rung"
0.45,0.012,rtm3004,hires,16,false,7,0.2099,0.4997,5,0.222,DIAGNOSTIC,"the fitted power of S0 carried by the windowed cumulant of this order at this configuration, from a log-log fit over the S0 ladder -- NaN means the estimator returned a non-finite or zero cumulant on some rung"
0.45,0.012,rtm3004,hires,16,true,3,0.5616,0.6056,5,0.367,DIAGNOSTIC,"the fitted power of S0 carried by the windowed cumulant of this order at this configuration, from a log-log fit over the S0 ladder -- NaN means the estimator returned a non-finite or zero cumulant on some rung"
0.45,0.012,rtm3004,hires,16,true,5,0.5276,0.8565,5,0.108,DIAGNOSTIC,"the fitted power of S0 carried by the windowed cumulant of this order at this configuration, from a log-log fit over the S0 ladder -- NaN means the estimator returned a non-finite or zero cumulant on some rung"
0.45,0.012,rtm3004,hires,16,true,7,0.0354,0.8270,5,0.102,DIAGNOSTIC,"the fitted power of S0 carried by the windowed cumulant of this order at this configuration, from a log-log fit over the S0 ladder -- NaN means the estimator returned a non-finite or zero cumulant on some rung"
