file,role,flag,peak,temperature_C,power_mW,rf_on,bracket,repeat_idx,baseline_v,base_slope_vps,sigma_wing_v,height_v,snr,peak_pos_ms,window_start_ms,fwhm_ms,edge_margin_ms,n_half_regions,n_major,z_spike,z_step,lf_ratio,slope_frac,clip_run,comb_score,comb_period_ms,n_valid,empty_interior,axis_rebuilt,header_variant,hard_flags,zsib_height_v,zsib_fwhm_ms,zsib_sigma_wing_v
p_sweep/4121nm_125mw1.csv,p_sweep,canonical,4121,130,125,False,,1,0.002999933333333333,-0.000411600393069055,0.003216148112996296,0.33194255714285714,103.21121586455972,37.5,-464.0,64.5,467.0,1.0,1.0,3.7942857957670406,2.5336286288340517,1.019564902769511,0.0012393547739510539,1.0,0.01781832332626024,110.0,2000.0,0.0,0.0,,,-0.4403216310210894,0.9881422924901185,2.697963037906421
p_sweep/4121nm_125mw2.csv,p_sweep,canonical,4121,130,125,False,,2,0.0030552,0.0004724563322615758,0.0030423306030103827,0.3477042380952381,114.2887751091828,37.0,-464.0,62.5,468.0,1.0,1.0,5.2712211086398515,2.6850664561890554,1.1020644241914737,0.001358108565723324,1.0,0.012813727872194883,110.0,2000.0,0.0,0.0,,,2.037350043227808,-1.171875,-0.33724537973829255
p_sweep/4121nm_125mw3.csv,p_sweep,canonical,4121,130,125,False,,3,0.0029683523809523812,0.00041284393581137547,0.0028685130930244693,0.3318793904761904,115.69735947283661,36.5,-464.0,65.5,464.0,1.0,1.0,4.010094613512888,3.0373282960480354,1.068294036262741,0.001243335758967754,1.0,0.01619978427027716,110.0,2000.0,0.0,0.0,,,-0.4501955555779928,1.7786561264822132,-3.372453797383016
p_sweep/4121nm_125mw4.csv,p_sweep,canonical,4121,130,125,False,,4,0.0029209690476190474,0.00037999908296088903,0.003129239358003338,0.3182182309523809,101.69187925446047,39.5,-464.0,63.0,466.5,1.0,1.0,4.450250847879544,3.5899167164073957,1.0046744727091836,0.0011935491008252268,1.0,0.017214306972302692,110.0,2000.0,0.0,0.0,,,-2.4408710179986595,-0.6744907594765952,0.6744907594765851
p_sweep/4121nm_125mw5.csv,p_sweep,canonical,4121,130,125,False,,5,0.003041390476190476,0.0007297974374273739,0.0030423306030103827,0.3423365142857143,112.52442911594575,39.5,-464.0,63.5,464.5,1.0,1.0,4.913247003163085,2.499695250910741,1.0104926133137262,0.0021307471107212222,1.0,0.013377365588140061,110.0,2000.0,0.0,0.0,,,1.0247396653424665,-0.1686226898691488,-0.33724537973829255
p_sweep/4121nm_175mw1.csv,p_sweep,canonical,4121,130,175,False,,1,0.006957790476190476,0.0009415282409320865,0.004130210157367334,0.5910485666666666,143.10375117652873,37.0,-468.0,61.5,460.5,1.0,1.0,4.7996886020221075,1.95364953162931,0.9312723562872904,0.0015913865048278117,1.0,0.015508208391198026,110.0,1999.0,0.0,0.0,,,-1.226627908799818,-1.3833992094861658,-1.0500213124037184e-14
p_sweep/4121nm_175mw2.csv,p_sweep,canonical,4121,130,175,False,,2,0.007121933333333334,0.0010424059198415022,0.0036139994099785295,0.5731792333333333,158.59970307431195,40.5,-468.0,64.0,460.5,1.0,1.0,5.62645036562207,3.402736682001028,1.07157788606596,0.0018168200335270243,1.0,0.015275725771310807,110.0,1999.0,0.0,0.0,,,-2.4067919077952364,1.2,-6.249206792395362
p_sweep/4121nm_175mw3.csv,p_sweep,canonical,4121,130,175,False,,3,0.007520599999999999,0.0009378098156955352,0.004130210157367334,0.6170083666666666,149.38909720273367,42.5,-468.0,64.0,458.5,1.0,1.0,5.050713972061641,3.885838380470037,1.0632715131723947,0.0015184105378363152,1.0,0.0170920935572686,110.0,1999.0,0.0,0.0,,,0.9455943912285061,1.2,-1.0500213124037184e-14
p_sweep/4121nm_175mw4.csv,p_sweep,canonical,4121,130,175,False,,4,0.0072391952380952375,0.001121642936424069,0.004130210157367335,0.6022344904761905,145.8120694904457,38.5,-468.0,62.5,461.0,1.0,1.0,4.3561916769361915,2.5346169054171965,1.0099183559762732,0.0018606063106774936,1.0,0.016765896530436714,110.0,1999.0,0.0,0.0,,,-0.07655597207016755,-0.592885375494071,1.0500213124037187e-14
p_sweep/4121nm_175mw5.csv,p_sweep,canonical,4121,130,175,False,,5,0.0072391904761904755,0.000631044810692033,0.004130210157367335,0.622659957142857,150.75745141737556,41.0,-468.0,62.5,458.5,1.0,1.0,4.3967891162196535,2.650191973127483,1.0948981856527213,0.0010124527178109592,1.0,0.014988318828101619,110.0,1999.0,0.0,0.0,,,1.3520281086549457,-0.592885375494071,1.0500213124037187e-14
p_sweep/4121nm_225mw1.csv,p_sweep,canonical,4121,130,225,False,,1,0.007505571428571427,3.3509953401997196e-05,0.00619526281822531,0.989507519047619,159.72002287565138,35.5,-468.0,62.5,464.5,1.0,1.0,4.091770037325355,2.640956744803566,0.9847780515140593,3.383141896770587e-05,1.0,0.01437870025878597,110.0,1999.0,0.0,0.0,,,-0.5047257689192386,-0.592885375494071,-1.4000402621125069e-14
p_sweep/4121nm_225mw2.csv,p_sweep,canonical,4121,130,225,False,,2,0.007585971428571429,0.0008453487874512887,0.006195262818225312,0.9780502333333333,157.8706605401939,32.5,-468.0,63.0,465.5,1.0,1.0,4.782990680301438,2.621580721602393,1.0553323331652236,0.0008634560985540083,1.0,0.01630624824566978,110.0,1999.0,0.0,0.0,,,-1.0778204523413721,0.0,7.000201310562536e-15
p_sweep/4121nm_225mw3.csv,p_sweep,canonical,4121,130,225,False,,3,0.007063352380952381,-0.0001210629305314857,0.006195262818225312,0.9988341571428571,161.22546959662026,33.0,-468.0,61.5,466.0,1.0,1.0,3.825575700411618,2.4808231539703347,1.0257793145455327,0.0001210830313882194,1.0,0.01657326330679602,110.0,1999.0,0.0,0.0,,,0.19596764330222932,-1.3833992094861658,7.000201310562536e-15
p_sweep/4121nm_225mw4.csv,p_sweep,canonical,4121,130,225,False,,4,0.007666366666666666,0.0005257469888622491,0.006195262818225312,1.0003617952380952,161.47205124134794,34.0,-468.0,63.5,465.0,1.0,1.0,3.660319827547993,3.9472424009629314,1.0037613282453248,0.0005250312880535181,1.0,0.013371349292823175,110.0,1999.0,0.0,0.0,,,0.3113628415574205,0.597609561752988,7.000201310562536e-15
p_sweep/4121nm_225mw5.csv,p_sweep,canonical,4121,130,225,False,,5,0.007827180952380951,0.00022642695137274277,0.00619526281822531,1.000522580952381,161.4980042507688,33.0,-468.0,63.5,465.0,1.0,1.0,3.544925292652868,2.480159484907474,1.0490926888901433,0.000226082378076918,1.0,0.01323782011635014,110.0,1999.0,0.0,0.0,,,0.31944926433933635,0.597609561752988,-1.4000402621125069e-14
p_sweep/4121nm_025mw1.csv,p_sweep,canonical,4121,130,25,False,,1,0.0012089714285714287,-8.222120275343015e-05,0.0013275338534087001,0.01655108095238095,12.467539648712421,45.0,-468.0,60.5,453.5,2.0,1.0,5.0609632159275595,3.2584351275589505,0.9814194279315281,0.004962756317064635,1.0,0.015131937534445463,110.0,1999.0,0.0,0.0,,,-0.19704724721591738,0.25941952287561354,0.6744907594765952
p_sweep/4121nm_025mw2.csv,p_sweep,canonical,4121,130,25,False,,2,0.0011369333333333333,-3.731139085465344e-05,0.0013275338534087001,0.017102180952380953,12.882670305143476,45.5,-468.0,55.0,460.0,1.0,1.0,5.087478547276449,3.489190783135513,1.0016783291375535,0.0021794927540285153,1.0,-0.015178514809265863,110.0,1999.0,0.0,0.0,,,0.4262983401322469,-0.7756643733980845,0.6744907594765952
p_sweep/4121nm_025mw3.csv,p_sweep,canonical,4121,130,25,False,,3,0.0011201857142857142,0.00010472074875485415,0.0012353833158468073,0.016522609523809528,13.37448005964361,44.0,-468.0,61.0,454.5,2.0,1.0,5.96990198806826,2.641063282849232,1.0264823681886452,0.006331689183560549,1.0,0.007069375854760134,110.0,1999.0,0.0,0.0,,,-0.23295866277561134,0.3507351949278295,-3.4707415304430276
p_sweep/4121nm_025mw4.csv,p_sweep,canonical,4121,130,25,False,,4,0.0011687571428571427,8.797867636414232e-05,0.0013275338534087001,0.018311561904761905,13.793668506263268,70.5,-468.0,48.0,436.0,2.0,1.0,6.33218386632486,3.56520851782197,1.0161026306668066,0.004799737900289231,1.0,-0.003078703184233102,110.0,1999.0,0.0,0.0,,,4.130741901153776,-2.8665857277755293,0.6744907594765952
p_sweep/4121nm_025mw5.csv,p_sweep,canonical,4121,130,25,False,,5,0.0011871904761904762,3.576170388342023e-05,0.0012630075099850995,0.014289352380952382,11.313750922289419,61.0,-448.0,70.5,454.0,3.0,1.0,5.173365912984228,4.094464226755353,1.0602362991820635,0.00250143058121548,1.0,0.01247025666677689,110.0,2000.0,0.0,0.0,,,-5.905642915713986,2.8665857277755293,-2.4303087735923548
p_sweep/4121nm_075mw1.csv,p_sweep,canonical,4121,130,75,False,,1,0.0020638952380952376,-0.0005553614628058143,0.0021730333817780566,0.13236359999999997,60.911903659618496,44.5,-454.0,63.5,462.5,1.0,1.0,5.1759810319589885,4.627477992608543,1.0347425874832625,0.004191530763314148,1.0,0.013651765779424221,110.0,1999.0,0.0,0.0,,,-1.257791267273822,0.19762845849802368,1.348086968874309
p_sweep/4121nm_075mw2.csv,p_sweep,canonical,4121,130,75,False,,2,0.002063890476190476,0.0004212170991017884,0.0020545690957201063,0.1334009333333333,64.92891069529963,39.0,-454.0,65.0,461.5,1.0,1.0,5.451497585188234,3.8318565060016097,1.0935560307782597,0.0031543698495064506,1.0,0.019587395823180174,110.0,1999.0,0.0,0.0,,,-0.8042319950399685,1.3833992094861658,-1.8512148981647467
p_sweep/4121nm_075mw3.csv,p_sweep,canonical,4121,130,75,False,,3,0.002162585714285714,-0.00038588388322970075,0.00201504605515033,0.13558507142857143,67.28633873256871,47.5,-454.0,63.5,465.0,1.0,1.0,4.788199077011943,2.3188413067920206,1.0945481918566577,0.002843218617541962,1.0,0.013387636402341422,110.0,1999.0,0.0,0.0,,,-0.06293900987685343,0.19762845849802368,-2.77743655258825
p_sweep/4121nm_075mw4.csv,p_sweep,canonical,4121,130,75,False,,4,0.0019293000000000001,-0.0003457116119060598,0.002133615176859659,0.1383255380952381,64.83153081936322,38.5,-454.0,63.0,461.5,1.0,1.0,4.415199238835784,3.320032455414103,1.027912714767724,0.002496761661294727,1.0,0.017309779467996212,110.0,1999.0,0.0,0.0,,,1.4248085946620686,-0.39370078740157477,0.45065533044675177
p_sweep/4121nm_075mw5.csv,p_sweep,canonical,4121,130,75,False,,5,0.0021051714285714286,-0.0006327987859906748,0.0021335103412082803,0.14276202380952382,66.9141466306054,43.5,-454.0,62.0,464.5,1.0,1.0,5.408832422161804,3.7389572017454835,1.0605356070528456,0.004428110293870124,1.0,0.01728549033176874,110.0,1999.0,0.0,0.0,,,3.0741455994674767,-1.1811023622047243,0.44886464701451284
p_sweep/4154nm_125mw1.csv,p_sweep,canonical,4154,130,125,False,,1,0.00792255238095238,8.914158824224068e-05,0.004899284495881607,0.7539772523809524,153.89538064481744,39.5,-464.0,65.0,463.5,1.0,1.0,3.999202704464073,2.8837398541894403,0.9711250762771128,0.00011816937071611102,1.0,0.017381846971139554,110.0,2000.0,0.0,0.0,,,0.6828949097311937,0.19305019305019305,0.6736249176801055
p_sweep/4154nm_125mw2.csv,p_sweep,canonical,4154,130,125,False,,2,0.008345383333333333,-0.00019612037575819142,0.004899389331532984,0.7371308833333332,150.45362461584375,38.0,-464.0,65.5,465.0,1.0,1.0,4.664324012468052,2.9941107847992305,1.0407427022896258,0.00026592606550941423,1.0,0.02353249766705267,110.0,2000.0,0.0,0.0,,,-0.9866707302898909,0.5791505791505792,0.6749236803748364
p_sweep/4154nm_125mw3.csv,p_sweep,canonical,4154,130,125,False,,3,0.008115419047619046,-0.00022310493709436265,0.00473605538668494,0.7505056333333333,158.46639704495917,39.0,-464.0,64.5,465.0,1.0,1.0,4.341095490310484,2.114702887782672,1.0391362445575456,0.00029712419830268494,1.0,0.01867820995886901,110.0,2000.0,0.0,0.0,,,0.3233212322000971,-0.3846153846153846,-1.6663635293740369
p_sweep/4154nm_125mw4.csv,p_sweep,canonical,4154,130,125,False,,4,0.007996733333333332,0.00024620350619024447,0.004572721441836901,0.7333180142857143,160.36796109564332,36.0,-464.0,63.5,467.5,1.0,1.0,3.6148617288528166,1.8035992069580697,1.000721954061073,0.0003355711978204205,1.0,0.017579756565653294,110.0,2000.0,0.0,0.0,,,-1.2578028471519822,-1.1538461538461537,-3.333262006911526
p_sweep/4154nm_125mw5.csv,p_sweep,canonical,4154,130,125,False,,5,0.008100585714285714,0.0010000084129053537,0.004899389331532984,0.797031576190476,162.6797795106213,36.0,-464.0,65.0,466.0,1.0,1.0,5.614500649754106,2.273096370843914,1.006658697595371,0.0012540386586390863,1.0,0.016703373501142958,110.0,2000.0,0.0,0.0,,,3.577037620478514,0.19305019305019305,0.6749236803748364
p_sweep/4154nm_175mw1.csv,p_sweep,canonical,4154,130,175,False,,1,0.007154728571428572,0.0027398296009285513,0.009219247182244419,1.5125029666666665,164.05927043366773,34.5,-468.0,65.5,463.5,1.0,1.0,4.096235017635479,2.4799270664788793,1.081366588922437,0.0018096425803116043,1.0,0.01805247213794755,110.0,1999.0,0.0,0.0,,,-2.6748281430635976,1.372549019607843,0.0
p_sweep/4154nm_175mw2.csv,p_sweep,canonical,4154,130,175,False,,2,0.00781277619047619,0.0010950275963818126,0.009219247182244419,1.6055874428571426,174.15602501138966,35.5,-468.0,63.5,463.5,1.0,1.0,3.5429465502245208,2.063526341509539,0.9203201056743933,0.000681328552768685,1.0,0.018142391295310388,110.0,1999.0,0.0,0.0,,,0.7257606420965889,-0.7751937984496123,0.0
p_sweep/4154nm_175mw3.csv,p_sweep,canonical,4154,130,175,False,,3,0.00751367619047619,0.0006674324083010781,0.009219247182244419,1.6082196333333332,174.44153535992007,36.5,-468.0,65.0,462.0,1.0,1.0,3.6214159164464554,3.0863634055112676,0.9701380470835363,0.0004145982066583673,1.0,0.017449491315111115,110.0,1999.0,0.0,0.0,,,0.8089201515045911,0.980392156862745,0.0
p_sweep/4154nm_175mw4.csv,p_sweep,canonical,4154,130,175,False,,4,0.007633304761904762,-0.0002527605924696733,0.009219247182244419,1.5903924285714286,172.50784116455904,36.0,-468.0,64.0,464.0,1.0,1.0,3.857679114158564,2.8493670459660345,0.9668496686118342,0.0001587707708744684,1.0,0.015960113604927308,110.0,1999.0,0.0,0.0,,,0.00564322443194282,-0.19455252918287938,0.0
p_sweep/4154nm_175mw5.csv,p_sweep,canonical,4154,130,175,False,,5,0.0075734809523809515,0.00022382592556855258,0.009219247182244419,1.5748384571428573,170.82072169361925,35.5,-468.0,63.5,463.0,1.0,1.0,3.5246981746483246,2.4552626690918764,0.9424708627563366,0.0001419841499480861,1.0,0.017801887269046315,110.0,1999.0,0.0,0.0,,,-0.724393754115852,-0.7751937984496123,0.0
p_sweep/4154nm_225mw1.csv,p_sweep,canonical,4154,130,225,False,,1,0.01477057619047619,0.0005298430033442414,0.013591732529947971,2.626405952380952,193.23555305358894,32.5,-468.0,62.5,467.5,1.0,1.0,3.3307369792774852,1.825679039541134,0.971157575988383,0.00020153516628343448,1.0,0.016328224990790646,110.0,1999.0,0.0,0.0,,,-0.7524601813469619,-0.3968253968253968,1.2763078379849842e-14
p_sweep/4154nm_225mw2.csv,p_sweep,canonical,4154,130,225,False,,2,0.014873461904761904,0.0010757476165139236,0.013591732529947968,2.685159261904762,197.55827713562587,33.5,-468.0,62.5,466.5,1.0,1.0,3.8940249330275463,2.0416668483241356,0.9057409476770512,0.0004002264908991184,1.0,0.01304985414521648,110.0,1999.0,0.0,0.0,,,0.7201029147308146,-0.3968253968253968,0.0
p_sweep/4154nm_225mw3.csv,p_sweep,canonical,4154,130,225,False,,3,0.014358990476190475,0.0008188077580511194,0.013591732529947968,2.6461618714285713,194.68907776091305,33.0,-468.0,63.0,467.0,1.0,1.0,3.096799785835013,2.747989224891309,0.8769025826864129,0.00030912279370553565,1.0,0.013028715926089764,110.0,1999.0,0.0,0.0,,,-0.38201843411070013,0.199203187250996,0.0
p_sweep/4154nm_225mw4.csv,p_sweep,canonical,4154,130,225,False,,4,0.015182152380952382,0.0013004911017713968,0.013591732529947968,2.647911104761904,194.81777609495387,33.5,-468.0,63.5,465.5,1.0,1.0,3.6562280924990374,2.9337365602812584,1.0954572573879686,0.0004906473666480758,1.0,0.014643683768563015,110.0,1999.0,0.0,0.0,,,-0.3329280202947488,0.597609561752988,0.0
p_sweep/4154nm_225mw5.csv,p_sweep,canonical,4154,130,225,False,,5,0.015285052380952378,0.0008018419038336778,0.013591732529947968,2.7253913571428567,200.51831884844265,34.0,-468.0,63.0,466.5,1.0,1.0,3.3823604497853297,3.242522923616582,1.116056928365603,0.0002939174441242847,1.0,0.014364149951686745,110.0,1999.0,0.0,0.0,,,1.48004890374597,0.199203187250996,0.0
p_sweep/4154nm_025mw1.csv,p_sweep,canonical,4154,130,25,False,,1,0.001479433333333333,8.599693946020824e-05,0.001398612425043471,0.026437900000000004,18.902949470921705,44.5,-459.0,66.0,462.0,1.0,1.0,4.814044926426284,3.487210170153201,1.058311886316134,0.003247910917698377,1.0,0.0014905735190505359,110.0,1998.0,0.0,0.0,,,2.3348127936506677,1.5625,0.6727853466839956
p_sweep/4154nm_025mw2.csv,p_sweep,canonical,4154,130,25,False,,2,0.0015052666666666666,-7.372246626605017e-05,0.0014105636893006442,0.02530619047619047,17.94048058102024,57.0,-459.0,63.0,456.5,1.0,1.0,6.470310280696462,2.781049276496809,1.0431260899273993,0.0029088488303251102,1.0,0.03166998569564152,110.0,1998.0,0.0,0.0,,,0.05484568340247621,-1.2140833670578715,1.0132305795977743
p_sweep/4154nm_025mw3.csv,p_sweep,canonical,4154,130,25,False,,3,0.0015063523809523808,6.423479008125688e-05,0.001386870832089054,0.024848533333333336,17.916977384190712,43.0,-459.0,63.5,461.0,2.0,1.0,5.360674154956871,5.376310691443649,1.0077723686411666,0.002581176000842504,1.0,0.009260313784539006,110.0,1998.0,0.0,0.0,,,-0.7412561465087891,-0.7869058860560277,0.3862759975257817
p_sweep/4154nm_025mw4.csv,p_sweep,canonical,4154,130,25,False,,4,0.0015257380952380952,1.3964729708468916e-05,0.0013276386890600789,0.02563460952380952,19.308423093603814,44.0,-459.0,68.0,459.5,1.0,1.0,5.861534756200193,3.792623403951348,1.030804063629705,0.0005439436321803605,1.0,0.010595536132415593,110.0,1998.0,0.0,0.0,,,0.5745626565008062,3.125,-2.337222431313512
p_sweep/4154nm_025mw5.csv,p_sweep,canonical,4154,130,25,False,,5,0.001439585714285714,-1.273869751115305e-05,0.0012800433033341408,0.023997861904761907,18.747695364879025,41.5,-459.0,64.5,463.0,1.0,1.0,5.882456621107915,2.5338408329043145,1.035637669069798,0.0005300301133228192,1.0,0.029611343090764426,110.0,1998.0,0.0,0.0,,,-2.527015447735906,-0.11241512657943253,-4.045916447120824
p_sweep/4154nm_075mw1.csv,p_sweep,canonical,4154,130,75,False,,1,0.0016126428571428568,0.00036687872552978383,0.002739460406177267,0.2562763619047619,93.54994192538024,30.0,-470.0,63.0,468.0,1.0,1.0,5.786939939563429,2.566961565810255,1.0403566295432598,0.001430858794161013,1.0,0.017519385992935715,110.0,2000.0,0.0,0.0,,,-0.8793297911661302,0.09635582278237075,1.2835106174196271
p_sweep/4154nm_075mw2.csv,p_sweep,canonical,4154,130,75,False,,2,0.0015740595238095238,0.0001063903947081768,0.0026708978901755862,0.24689548333333333,92.43913226390781,31.5,-470.0,66.5,465.5,1.0,1.0,4.351731837243825,1.9041097595043939,1.0839767736188515,0.00043069722489518766,1.0,0.015122554419402795,110.0,2000.0,0.0,0.0,,,-1.8465003229640093,2.2932685822204237,-0.632666111186456
p_sweep/4154nm_075mw3.csv,p_sweep,canonical,4154,130,75,False,,3,0.001718392857142857,1.197087214678786e-05,0.0026708978901755862,0.2708100119047619,101.39287349804252,28.5,-470.0,61.5,468.0,1.0,1.0,4.013736279827249,3.4497665821734573,1.094860612580599,4.41818477336143e-05,1.0,0.0091257435580164,110.0,2000.0,0.0,0.0,,,0.9592756299000683,-0.770846582258966,-0.632666111186456
p_sweep/4154nm_075mw4.csv,p_sweep,canonical,4154,130,75,False,,4,0.0015084261904761906,0.0004614143973876161,0.0026708978901755862,0.27889650238095237,104.42050345946305,32.0,-470.0,60.5,467.5,1.0,1.0,6.062537656374851,2.826642432765159,1.0072491549040143,0.0016536015556013637,1.0,0.01268396988377766,110.0,2000.0,0.0,0.0,,,1.7982548424193623,-1.6187778227438285,-0.632666111186456
p_sweep/4154nm_075mw5.csv,p_sweep,canonical,4154,130,75,False,,5,0.001509990476190476,-0.00024977588360912677,0.002739355570525888,0.2627685857142857,95.92350425097997,30.0,-470.0,64.0,467.0,1.0,1.0,4.662188246306853,2.7868628294831597,1.0367077794914556,0.000950079306431148,1.0,0.01810662701344211,110.0,2000.0,0.0,0.0,,,-0.04619435019032549,0.9442870632672333,1.2815480629587326
p_sweep/4192nm_125mw1.csv,p_sweep,canonical,4192,130,125,False,,1,0.015340997619047619,0.0027721606107664176,0.0063217994494394235,1.152668092857143,182.3322777123773,92.5,-406.0,64.5,466.0,1.0,1.0,3.450107711348983,3.686511537910431,1.0661329663388148,0.002403792165004808,2.0,0.013299461639840757,110.0,2000.0,0.0,0.0,,,-1.4623912035621496,-0.19305019305019305,-0.674490759476593
p_sweep/4192nm_125mw2.csv,p_sweep,canonical,4192,130,125,False,,2,0.015197414285714283,0.003077334567382462,0.0063217994494394235,1.1835367523809524,187.21516901107972,84.5,-412.0,64.5,463.0,1.0,1.0,5.398683844207064,4.156530334366046,1.067444452051316,0.0025975173366019383,1.0,0.013736971857964986,110.0,1999.0,0.0,0.0,,,-0.12277136909549827,-0.19305019305019305,-0.674490759476593
p_sweep/4192nm_125mw3.csv,p_sweep,canonical,4192,130,125,False,,3,0.014252214285714286,0.0027416540164282273,0.0063217994494394235,1.1437784142857144,180.9260833775955,39.5,-457.5,65.0,465.0,1.0,1.0,4.184717817560341,3.183795577901357,1.0634426168690303,0.002394617985619391,1.0,0.017595334192224466,110.0,1999.0,0.0,0.0,,,-1.7048717119435213,0.38759689922480617,-0.674490759476593
p_sweep/4192nm_125mw4.csv,p_sweep,canonical,4192,130,125,False,,4,0.014718823809523808,0.0030229018769559334,0.006585146605702762,1.2290260952380951,186.6361022507462,40.5,-457.5,64.5,467.0,1.0,1.0,3.6247332715917078,2.6498884488450067,1.0630006794003886,0.0024571316970238505,1.0,0.009823459785643944,110.0,1999.0,0.0,0.0,,,2.0671112618686993,-0.19305019305019305,2.0828496567278063
p_sweep/4192nm_125mw5.csv,p_sweep,canonical,4192,130,125,False,,5,0.015227333333333332,0.003125933888359998,0.0068484937619661,1.2329923238095237,180.03846782442713,90.0,-414.0,65.0,463.0,1.0,1.0,3.885808599965081,3.8494633976699517,1.05497262551959,0.002533974349298934,1.0,0.01720293537988143,110.0,2000.0,0.0,0.0,,,2.2016835125997254,0.38759689922480617,4.1656993134556055
p_sweep/4192nm_175mw1.csv,p_sweep,canonical,4192,130,175,False,,1,0.021764876190476193,0.021635192892007892,0.011207874653247313,2.3932244190476184,213.53061959469875,63.0,-435.5,64.0,467.5,1.0,1.0,4.371632984887144,3.2479397608991554,1.2578116117226124,0.009031145398272754,1.0,0.009970599567998159,110.0,1999.0,0.0,0.0,,,0.2194619917263681,0.39370078740157477,-2.0836694813460226
p_sweep/4192nm_175mw2.csv,p_sweep,canonical,4192,130,175,False,,2,0.020348266666666663,-0.016641478042926598,0.011695150760855587,2.4149826238095233,206.49435592507484,62.5,-435.5,63.0,466.5,1.0,1.0,4.439378937999556,3.0846369466001757,1.2492874821105853,0.006884039827441392,1.0,0.016768409496782866,110.0,1999.0,0.0,0.0,,,0.8249949183909536,-0.78125,-0.00044819735027955184
p_sweep/4192nm_175mw3.csv,p_sweep,canonical,4192,130,175,False,,3,0.01952929523809524,-0.016318861711389823,0.01169525559650697,2.4071912857142856,205.82630844196711,61.0,-435.5,64.0,465.5,1.0,1.0,3.5272377994415054,2.6602513093252913,1.1395624529063324,0.00677243347731752,1.0,0.008908615001777928,110.0,1999.0,0.0,0.0,,,0.6610207700083628,0.39370078740157477,0.00022409967954489343
p_sweep/4192nm_175mw4.csv,p_sweep,canonical,4192,130,175,False,,4,0.01917514761904762,0.01853281193703097,0.01169525559650697,2.3388621238095237,199.9838399861969,61.5,-435.5,63.0,466.0,1.0,1.0,3.5451594457950826,3.0895077831827873,1.0704532480286768,0.00791593439246346,1.0,0.011924008736419857,110.0,1999.0,0.0,0.0,,,-1.2779253369781018,-0.78125,0.00022409967954489343
p_sweep/4192nm_175mw5.csv,p_sweep,canonical,4192,130,175,False,,5,0.021034438095238094,-0.014957529661409629,0.01169525559650697,2.35834049047619,201.64933301505246,62.0,-435.5,64.5,466.0,1.0,1.0,3.8080885551955235,4.121228936320087,1.053253271683732,0.0063360537598754684,1.0,0.017095656640640115,110.0,1999.0,0.0,0.0,,,-0.8721611726924099,0.7874015748031495,0.00022409967954489343
p_sweep/4192nm_225mw1.csv,p_sweep,canonical,4192,130,225,False,,1,-0.009697238095238096,0.0002954025723098344,0.01603985466094379,4.287792476190476,267.3211551368372,30.49999999999997,-468.0,62.0,468.0,1.0,1.0,3.7299906206091324,2.197598560202427,1.1141752067604076,6.88249656148739e-05,1.0,0.01344917038667856,110.0,1999.0,0.0,1.0,"jj,nj",,1.1974129408394947,-0.597609561752988,-1.8224896919243527
p_sweep/4192nm_225mw2.csv,p_sweep,canonical,4192,130,225,False,,2,-0.011559619047619048,0.0007679605331176001,0.01738479123248133,4.181335195238096,240.5168482797647,32.0,-468.0,63.5,467.5,1.0,1.0,3.6159942872555755,2.6659006974991857,1.0613708151143109,0.00018348028482820467,1.0,0.015797408258126238,110.0,1999.0,0.0,0.0,,,-0.16854038841520166,1.004016064257028,-0.05428993139996761
p_sweep/4192nm_225mw3.csv,p_sweep,canonical,4192,130,225,False,,3,-0.01012387619047619,0.00039160899185232336,0.018965188677015514,4.193682661904761,221.1252802872039,31.5,-468.0,62.0,467.5,1.0,1.0,3.1339933663030184,1.7372681663305023,0.8888841821771024,9.328731198816579e-05,1.0,0.013909941169311177,110.0,1999.0,0.0,0.0,,,0.05226468154511513,-0.597609561752988,1.9229809851771174
p_sweep/4192nm_225mw4.csv,p_sweep,canonical,4192,130,225,False,,4,-0.010841742857142858,-0.0007521276124600005,0.018965188677015514,4.156927452380952,219.1872447553795,30.5,-468.0,62.5,467.0,1.0,1.0,3.7054425598318734,2.1064301276263664,1.131944746265245,0.0001807526095787833,1.0,0.014205035256871121,110.0,1999.0,0.0,0.0,,,-0.4594219837919278,0.0,1.9229809851771174
p_sweep/4192nm_225mw5.csv,p_sweep,canonical,4192,130,225,False,,5,-0.011416042857142856,0.0007430218719710005,0.015804393787947183,4.197272023809524,265.5762745554003,31.5,-468.0,63.0,467.5,1.0,1.0,3.9395597055015896,2.4961012122799207,0.9756855158809503,0.00017684792548311486,1.0,0.014199723716106453,110.0,1999.0,0.0,0.0,,,0.11657402294095931,0.6024096385542168,-2.023472278429753
p_sweep/4192nm_025mw1.csv,p_sweep,canonical,4192,130,25,False,,1,0.0014772833333333334,5.6107579911779706e-05,0.0016120578112505393,0.042762021428571426,26.526357262212063,66.0,-442.0,63.0,457.0,1.0,1.0,6.624793699341593,2.9588551801378626,1.037340693919015,0.0013114330017232139,1.0,0.009577436396441054,110.0,2000.0,0.0,0.0,,,1.743941086340842,1.0121457489878543,4.255169007127238
p_sweep/4192nm_025mw2.csv,p_sweep,canonical,4192,130,25,False,,2,0.0013954428571428571,0.00020752964951297191,0.0014697958323296194,0.037968052380952376,25.8321948843556,62.0,-442.0,66.0,459.0,1.0,1.0,5.13972492009324,3.657656846132922,1.0507979079879435,0.00546316894548628,1.0,0.03438389703078362,110.0,2000.0,0.0,0.0,,,-1.6888209235645002,3.4412955465587043,-1.125146089923347
p_sweep/4192nm_025mw3.csv,p_sweep,canonical,4192,130,25,False,,3,0.0015634238095238095,0.00033026030364522515,0.0014856260156878055,0.040073585714285716,26.97420837486661,75.5,-442.0,61.5,454.5,1.0,1.0,4.729458788434262,4.758859958156573,1.09554003967718,0.008237225783759298,1.0,0.03016994238426086,110.0,2000.0,0.0,0.0,,,-0.47763010656315313,-0.8,-0.5055884299890959
p_sweep/4192nm_025mw4.csv,p_sweep,canonical,4192,130,25,False,,4,0.0015365119047619047,0.00033576533503342165,0.001533011730110986,0.040006459523809525,26.09664279666873,71.0,-442.0,61.5,454.0,1.0,1.0,4.402650970332639,4.40436468244553,1.0328537450963906,0.00838858165307472,1.0,0.017525986262177294,110.0,2000.0,0.0,0.0,,,-0.523822296896044,-0.8,1.594806294545193
p_sweep/4192nm_025mw5.csv,p_sweep,canonical,4192,130,25,False,,5,0.001503847619047619,9.640358883245189e-05,0.001485626015687806,0.043708171428571425,29.420709496888882,76.0,-442.0,62.0,454.5,1.0,1.0,5.423869446482233,2.6526546081991533,1.0530405982191786,0.0022045165443606157,1.0,0.0167617885567326,110.0,2000.0,0.0,0.0,,,2.350124253309254,-0.2008032128514056,-0.505588429989082
p_sweep/4192nm_075mw1.csv,p_sweep,canonical,4192,130,75,False,,1,0.003240790476190476,0.001034823706086494,0.0031345859762236562,0.41660803333333335,132.90687717401053,41.5,-459.0,65.0,465.0,1.0,1.0,4.59735392282962,3.916885459324376,1.087408855814859,0.0024802005430860975,1.0,0.018003183925000835,110.0,1998.0,0.0,0.0,,,1.3270682239361442,0.5836575875486382,-2.019644294550791
p_sweep/4192nm_075mw2.csv,p_sweep,canonical,4192,130,75,False,,2,0.0031989142857142853,2.986034972338901e-05,0.003319096722650196,0.39356783333333334,118.57678947634935,37.5,-459.0,64.0,464.5,1.0,1.0,4.1624742880523256,2.3769368105388207,1.017541179894621,7.575710379143603e-05,1.0,0.017526964092474652,110.0,1998.0,0.0,0.0,,,-1.8350716911771305,-0.5791505791505792,2.024238745201877
p_sweep/4192nm_075mw3.csv,p_sweep,canonical,4192,130,75,False,,3,0.0033831571428571427,-2.644465597952377e-05,0.0031344811405722753,0.40368509047619044,128.78848918596077,40.5,-459.0,64.5,466.0,1.0,1.0,7.268585948107032,2.72342185217423,1.1379204418773845,6.540986927311814e-05,1.0,0.020100900059470475,110.0,1998.0,0.0,0.0,,,-0.4369117323474298,0.0,-2.0211754881024153
p_sweep/4192nm_075mw4.csv,p_sweep,canonical,4192,130,75,False,,4,0.002947652380952381,0.0007081286357027148,0.003226736513785547,0.434891119047619,134.77738798617085,40.5,-459.0,64.0,466.5,1.0,1.0,5.245247835656354,3.4743194221735285,1.0521354334798068,0.0016258470494812279,1.0,0.013586031888695076,110.0,1998.0,0.0,0.0,,,3.3621892700193143,-0.5791505791505792,-0.00038323338607262745
p_sweep/4192nm_075mw5.csv,p_sweep,canonical,4192,130,75,False,,5,0.003081642857142857,-0.0008066889138082721,0.003318991886998818,0.40568679047619044,122.23193195058717,38.0,-459.0,65.5,464.5,1.0,1.0,5.548016619547531,2.2706749304031226,1.0515661551375013,0.001985469823880876,1.0,0.022959550934670173,110.0,1998.0,0.0,0.0,,,-0.2611153217375874,0.972762645914397,2.0227058116576244
p_sweep/4207nm_125mw1.csv,p_sweep,canonical,4207,130,125,False,,1,0.002352319047619047,0.0021227609703244675,0.003911522988591331,0.5358246333333333,136.98619051867098,32.5,-470.0,64.0,465.0,1.0,1.0,4.172177071264718,3.0640436123358,1.0126622678203554,0.003959690275231166,1.0,0.014591482374469488,110.0,2000.0,0.0,0.0,,,1.4468510062046622,0.196078431372549,0.6744907594766075
p_sweep/4207nm_125mw2.csv,p_sweep,canonical,4207,130,125,False,,2,0.0024223095238095236,0.0025552385169606436,0.0037930587025333798,0.5224290857142856,137.73292919652306,32.5,-470.0,64.5,462.5,1.0,1.0,4.5057873795023795,3.364057442783275,1.063399947902092,0.004888626930505386,1.0,0.013421210220948021,110.0,2000.0,0.0,0.0,,,-0.0661903515756432,0.588235294117647,-1.3489815189531658
p_sweep/4207nm_125mw3.csv,p_sweep,canonical,4207,130,125,False,,3,0.0021692523809523807,0.002701959419480866,0.003911522988591329,0.5120486142857144,130.90773485908113,32.0,-470.0,63.5,465.0,1.0,1.0,4.606441571722049,3.05307798735011,1.0559874458875282,0.0052741250819287105,1.0,0.015260919590298013,110.0,2000.0,0.0,0.0,,,-0.832078798389908,-0.390625,0.674490759476568
p_sweep/4207nm_125mw4.csv,p_sweep,canonical,4207,130,125,False,,4,0.0025057571428571427,0.002611920028952336,0.004030092110300658,0.5501166523809524,136.50225288272924,30.5,-470.0,62.5,465.0,1.0,1.0,4.167147434906167,3.481147638875145,1.099192229247864,0.0047455645227951135,1.0,0.012903794453787946,110.0,2000.0,0.0,0.0,,,2.559444528300529,-1.171875,2.024666067384599
p_sweep/4207nm_125mw5.csv,p_sweep,canonical,4207,130,125,False,,5,0.0018542738095238096,0.002864805677922527,0.0037930587025333785,0.5051005023809523,133.16443060678085,32.0,-470.0,64.0,466.0,1.0,1.0,4.700894123475185,2.6346081262459027,1.0812151374696792,0.005668917891758458,1.0,0.014325194844132269,110.0,2000.0,0.0,0.0,,,-1.3631849675326164,0.196078431372549,-1.3489815189531953
p_sweep/4207nm_175mw1.csv,p_sweep,canonical,4207,130,175,False,,1,0.013632461904761903,0.0019138413586242463,0.0068484937619661,1.0513041428571428,153.50881221439985,1165.5,660.0,64.5,463.0,1.0,1.0,4.333013594830077,2.962786264704057,1.050302938676323,0.001818624543863731,1.0,0.011169405003761781,110.0,1999.0,0.0,0.0,,,-0.3024501857040374,0.9881422924901185,1.3484447177120586
p_sweep/4207nm_175mw2.csv,p_sweep,canonical,4207,130,175,False,,2,0.013129947619047618,0.003424498157819232,0.005795000301261372,1.0380713142857143,179.13222783780733,1171.0,660.0,63.5,458.0,1.0,1.0,4.183871617714753,2.4280626010251827,1.020867610816048,0.0032956056222547834,1.0,0.016906460330347643,110.0,1999.0,0.0,0.0,,,-0.9282002562568847,-0.1686226898691488,-4.721972331272031
p_sweep/4207nm_175mw3.csv,p_sweep,canonical,4207,130,175,False,,3,0.014158909523809523,0.0016205006578082501,0.006848598597617479,1.0875209380952382,158.79466763807267,25.0,-473.0,62.5,467.0,1.0,1.0,3.665021203335055,2.677434430293804,1.0462503305940958,0.0014878517278532042,1.0,0.015276612178363442,110.0,1998.0,0.0,0.0,,,2.050048466750076,-1.171875,1.349518533889075
p_sweep/4207nm_175mw4.csv,p_sweep,canonical,4207,130,175,False,,4,0.014182842857142856,0.002426969021742695,0.006585146605702762,1.0362646523809522,157.36394562325205,26.0,-473.0,63.0,465.5,1.0,1.0,3.9304178940882806,3.109305618234555,1.0380350108231926,0.0023385228499709703,1.0,0.016084509250563962,110.0,1998.0,0.0,0.0,,,-0.981706268841654,-0.78125,-0.6742223588560381
p_sweep/4207nm_175mw5.csv,p_sweep,canonical,4207,130,175,False,,5,0.014278571428571429,0.0013302068107089828,0.006585146605702763,1.0968532952380954,166.56474956658005,26.0,-473.0,65.0,465.5,1.0,1.0,4.032890338712912,2.9606724285935715,1.0426523757228712,0.0012109290333167143,1.0,0.015011637051340962,110.0,1998.0,0.0,0.0,,,2.4967062041592647,1.3833992094861658,-0.6742223588560271
p_sweep/4207nm_225mw1.csv,p_sweep,canonical,4207,130,225,False,,1,0.004260623809523809,-0.04714132885359515,0.010272845478600525,1.9113244619047618,186.05599255690765,611.0,114.5,62.5,464.5,1.0,1.0,4.300315658677848,4.492418748986815,1.1061111927226734,0.024639556738477078,1.0,0.0035834155870918946,110.0,1999.0,0.0,0.0,,,-0.4620101756252593,-0.7874015748031495,-0.6744907594766218
p_sweep/4207nm_225mw2.csv,p_sweep,canonical,4207,130,225,False,,2,0.003686323809523809,-0.061824539018360596,0.010667971048646915,1.9228642999999999,180.24648653727726,592.5,98.5,64.0,462.5,1.0,1.0,3.9697115361749087,3.192131839730527,1.1224352487189917,0.032120162862944744,1.0,0.002365126785946499,110.0,1999.0,0.0,0.0,,,-0.09304402322610728,0.7936507936507936,1.3489815189531666
p_sweep/4207nm_225mw3.csv,p_sweep,canonical,4207,130,225,False,,3,0.004852883333333333,-0.05699153113206571,0.009680261959182328,1.9174622785714286,198.07958572366906,583.0,86.0,62.5,467.5,1.0,1.0,4.0881086865882645,2.803421948028075,1.2319964521295543,0.029707512895084946,1.0,-0.003804357486269696,110.0,2000.0,0.0,0.0,,,-0.30292933632380115,-0.7874015748031495,-2.6976051229372002
p_sweep/4207nm_225mw4.csv,p_sweep,canonical,4207,130,225,False,,4,0.0034799428571428564,-0.0624254279718658,0.010667971048646916,1.9475502142857144,182.56050802956895,578.5,86.0,63.5,460.0,1.0,1.0,4.030667199230214,3.741124550804121,1.0499508249430125,0.03203728191458398,1.0,-0.0038252366083527407,110.0,2000.0,0.0,0.0,,,0.7131405217675005,0.3968253968253968,1.3489815189531786
p_sweep/4207nm_225mw5.csv,p_sweep,canonical,4207,130,225,False,,5,0.003946552380952381,-0.062209337191872806,0.010272845478600533,1.9354361047619049,188.40311662368825,571.0,80.0,63.5,458.5,1.0,1.0,3.4085969118762662,3.119139717788502,1.054762788066191,0.032126212986465896,1.0,-0.005941357276838307,110.0,2000.0,0.0,0.0,,,0.3976957470599315,0.3968253968253968,-0.6744907594765656
p_sweep/4207nm_025mw1.csv,p_sweep,canonical,4207,130,25,False,,1,0.0013591071428571428,-0.00047149989637975857,0.0014381878834389366,0.02090977380952381,14.538972306959787,127.5,-370.0,66.5,460.5,1.0,1.0,4.153054006960346,2.786144188994979,0.9961539521430564,0.02253798394590578,1.0,0.009877541107388811,110.0,2000.0,0.0,0.0,,,-0.38497253257627057,1.4838796708485096,1.1778420725188432
p_sweep/4207nm_025mw2.csv,p_sweep,canonical,4207,130,25,False,,2,0.001366290476190476,0.0006642764155406906,0.0014329985186956897,0.0207217,14.460377822902998,184.0,-315.5,63.5,466.0,2.0,2.0,4.656878505411167,3.882741694644649,0.9941650614433016,0.032024985359557855,1.0,-0.05441341044434439,110.0,1999.0,0.0,0.0,,second structure in RF-off trace (n=2; likely sweep-retrace crossing — mask at fit time),-0.5729511623460577,0.5188390457512271,1.0104793241351158
discarded/4207nm_025mw2.csv,p_sweep,discarded,4207,130,25,False,,2,0.0012629095238095237,0.0007530864808300269,0.0013907497511900667,0.020536019047619047,14.766149718916969,186.5,-315.5,60.0,466.5,3.0,2.0,4.122771520415752,4.025017273657382,0.97889431633913,0.03663482160805761,1.0,-0.03329144511266726,110.0,1999.0,0.0,0.0,,second structure in RF-off trace (n=2; likely sweep-retrace crossing — mask at fit time),-0.2632463779853591,-0.7869058860560277,-0.677846434896877
p_sweep/4207nm_025mw3.csv,p_sweep,canonical,4207,130,25,False,,3,0.0013605380952380953,-0.0006007818982740688,0.0013908545868414454,0.019952138095238093,14.345236579007375,195.0,-315.5,63.5,452.0,2.0,2.0,5.205358345404442,3.760430211395352,1.060129254937688,0.03008104261863734,1.0,-0.057729951954688996,110.0,1999.0,0.0,0.0,,second structure in RF-off trace (n=2; likely sweep-retrace crossing — mask at fit time),-1.301216573430292,0.5188390457512271,-1.1110292220952884
p_sweep/4207nm_025mw4.csv,p_sweep,canonical,4207,130,25,False,,4,0.0013050142857142857,-0.000778093784701686,0.0013697302030886338,0.023319438095238093,17.024840397513756,158.5,-315.5,58.5,442.0,1.0,1.0,5.831090749551273,3.711228285449579,1.0366934541399775,0.03333337997864171,1.0,-0.004143536536420829,110.0,1999.0,0.0,0.0,,,3.5268595192824934,-2.2483025315886507,-1.8535578730146987
p_sweep/4207nm_025mw5.csv,p_sweep,canonical,4207,130,25,False,,5,0.0014418904761904763,0.000851753454469624,0.0014119265527685677,0.022580533333333333,15.992711015354468,191.5,-315.5,57.0,461.5,2.0,2.0,4.53236957577337,3.847772250298422,1.0074074537518198,0.037682976236839145,1.0,-0.050481874526962685,110.0,1999.0,0.0,0.0,,second structure in RF-off trace (n=2; likely sweep-retrace crossing — mask at fit time),2.485995176812248,-2.9227932910652457,6.179872515236377e-15
p_sweep/4207nm_075mw1.csv,p_sweep,canonical,4207,130,75,False,,1,0.0030561142857142855,0.0014360805901468111,0.0023278232210387335,0.19785699523809525,84.99657252744754,34.5,-470.0,61.5,462.5,1.0,1.0,5.047898341298624,2.5192209196371165,1.0771916884170325,0.00725454537568644,1.0,0.012716201667981417,110.0,2000.0,0.0,0.0,,,3.143888297679566,-2.140077821011673,6.355836994599672e-15
p_sweep/4207nm_075mw2.csv,p_sweep,canonical,4207,130,75,False,,2,0.002876042857142857,0.0016674012174710455,0.0022587889446058474,0.1869064095238095,82.7462919765725,39.0,-470.0,63.0,462.0,1.0,1.0,5.0721210533853345,2.690231909978076,1.0597963021143484,0.008916588366917458,1.0,0.010546882820280943,110.0,2000.0,0.0,0.0,,,0.13505709099258675,-0.972762645914397,-1.7214336130499621
p_sweep/4207nm_075mw3.csv,p_sweep,canonical,4207,130,75,False,,3,0.003043547619047619,0.0015171317878879813,0.0023970671687743757,0.18549936666666667,77.38596943927641,34.5,-470.0,65.0,462.5,1.0,1.0,4.577441136796292,3.5414900193561625,1.1653264813220103,0.008174546626452296,1.0,0.01354469315420052,110.0,2000.0,0.0,0.0,,,-0.23963832272861005,1.1811023622047243,1.7430611344323745
p_sweep/4207nm_075mw4.csv,p_sweep,canonical,4207,130,75,False,,4,0.003013088095238095,0.0013478799082378744,0.0023048117955611048,0.18680495952380954,81.04998416078134,35.5,-470.0,64.0,461.5,1.0,1.0,5.431411313142162,2.5928245071896674,1.173786456790108,0.007211831911304502,1.0,0.011700225948511176,110.0,2000.0,0.0,0.0,,,0.10637579277295332,0.1686226898691488,-0.6724483953298116
p_sweep/4207nm_075mw5.csv,p_sweep,canonical,4207,130,75,False,,5,0.0028666238095238095,0.0014914415079974068,0.0023508346465163613,0.17927137142857139,76.25860529758178,33.0,-470.0,64.5,461.5,1.0,1.0,4.949387822311034,2.855954315410388,1.0127456143779754,0.00831530308138106,1.0,0.01777658440024897,110.0,2000.0,0.0,0.0,,,-2.0294574164458252,0.6744907594765952,0.6744907594765783
quarantine/4154nm_eom_after1.csv,quarantine,quarantined,4154,130,,True,after,1,0.021953295238095236,-0.004482793139485505,0.005268096317431936,0.3214764142857142,61.02326056984962,203.0,-434.0,61.5,333.5,3.0,3.0,3.815514901177526,3.526893406277363,1.0588714057810644,0.013937419803785805,1.0,0.5141946811040478,144.5,2000.0,0.0,0.0,,,nan,nan,nan
quarantine/4154nm_eom_after2.csv,quarantine,quarantined,4154,130,,True,after,2,0.023846259523809525,-0.009880024962472768,0.006342871415366544,0.3996870214285714,63.013577803306944,99.5,-500.0,62.5,368.0,3.0,2.0,3.3888572045663965,3.39230374779556,0.979631752892846,0.024707044313562534,1.0,0.5183461837830432,143.5,2000.0,0.0,0.0,,,nan,nan,nan
quarantine/4154nm_eom_after3.csv,quarantine,quarantined,4154,130,,True,after,3,0.019524659523809523,0.0019913137768692276,0.005436672044848912,0.3246144976190476,59.70830959476586,-119.0,-500.0,61.5,350.0,3.0,3.0,3.262052728418088,4.465512355322959,1.0435127443167085,0.006131328497584657,1.0,0.34916191876336006,144.0,2000.0,0.0,0.0,,,nan,nan,nan
quarantine/4154nm_eom_after4.csv,quarantine,quarantined,4154,130,,True,after,4,0.020738814285714287,0.00901395103853424,0.005436776880500292,0.3105178238095238,57.11432170837033,-81.0,-500.0,61.0,388.0,2.0,2.0,3.614582227858877,3.0994981334171126,1.1241349880423213,0.02901425738620884,1.0,0.2540942433720494,144.5,2000.0,0.0,0.0,,,nan,nan,nan
quarantine/4154nm_eom_after5.csv,quarantine,quarantined,4154,130,,True,after,5,0.02349642142857143,0.006605496851917682,0.00543677688050029,0.392216788095238,72.14141700425021,50.5,-500.0,62.5,417.0,3.0,3.0,4.451350594651042,4.188971584022098,1.1765464044146094,0.016833022715714505,1.0,0.531038116909108,144.5,2000.0,0.0,0.0,,,nan,nan,nan
quarantine/4154nm_eom_before1.csv,quarantine,quarantined,4154,130,,True,before,1,0.02291923333333333,-0.00125127486312553,0.002568158951824444,0.2510269333333333,97.74587089128632,45.0,-456.0,68.5,465.0,3.0,2.0,3.628961697581936,5.342198280692436,1.063076331724518,0.004982131634589411,1.0,0.5113790895271925,143.0,2000.0,0.0,0.0,,,nan,nan,nan
quarantine/4154nm_eom_before2.csv,quarantine,quarantined,4154,130,,True,before,2,0.02772412619047619,-0.0023004501919650423,0.0027763625554625753,0.31799663571428566,114.53714324471704,200.5,-456.0,62.5,313.0,3.0,3.0,4.776911676216837,2.8425975985152854,1.0816087218028596,0.0072305795364921415,1.0,0.4958758963411472,143.5,2000.0,0.0,0.0,,,nan,nan,nan
quarantine/4154nm_eom_before3.csv,quarantine,quarantined,4154,130,,True,before,3,0.025083307142857142,0.008962689307806979,0.0026130286106145323,0.334627888095238,128.0613180949979,260.0,-456.0,61.5,253.5,3.0,3.0,3.7668127193386245,2.464297723079677,0.9448196049441404,0.026770655650205376,1.0,0.4909240654860742,144.0,2000.0,0.0,0.0,,,nan,nan,nan
quarantine/4154nm_eom_before4.csv,quarantine,quarantined,4154,130,,True,before,4,0.027946666666666665,-3.8259872228424885e-06,0.002939591664659233,0.2889846857142857,98.30776471050639,-104.0,-456.0,64.5,322.5,3.0,3.0,3.2326258487678654,4.432356212031742,1.1030322363146565,1.3232791972277262e-05,1.0,0.5093592126024548,143.0,2000.0,0.0,0.0,,,nan,nan,nan
quarantine/4154nm_eom_before5.csv,quarantine,quarantined,4154,130,,True,before,5,0.028176635714285712,0.0074095810188273695,0.002776152884159819,0.30341275476190477,109.29252365498965,255.0,-456.0,62.5,257.5,3.0,3.0,4.012265375340198,3.1794230509883885,1.100440798199974,0.024408585704083285,1.0,0.49737745941501105,143.5,2000.0,0.0,0.0,,,nan,nan,nan
quarantine/4154nm_130c_125mw1.csv,quarantine,quarantined,4154,130,125,False,,1,0.005022271428571428,0.0006549047437713228,0.004741297169253875,0.7844077523809523,165.44159211695063,39.0,-465.5,63.5,464.5,1.0,1.0,4.567921683281327,3.048803246565172,1.0309994625935377,0.0008340685530474094,1.0,0.015791552690403714,110.0,1999.0,0.0,0.0,,,nan,nan,nan
quarantine/4154nm_130c_125mw2.csv,quarantine,quarantined,4154,130,125,False,,2,0.0049791857142857145,-0.0004783738680453841,0.0047412971692538785,0.7609188857142857,160.48749077544718,35.5,-465.5,64.5,465.5,1.0,1.0,3.977745453548096,2.3221613162385277,1.0559193344686455,0.0006280505099156939,1.0,0.016794283353382317,110.0,1999.0,0.0,0.0,,,nan,nan,nan
quarantine/4154nm_130c_125mw3.csv,quarantine,quarantined,4154,130,125,False,,3,0.005036628571428571,0.0005612615297541033,0.0047412971692538785,0.7671356714285713,161.7986901144382,38.0,-465.5,65.0,466.0,1.0,1.0,5.112373975918048,2.609591773925826,1.0271226905777955,0.0007309010506318979,1.0,0.017621595678864,110.0,1999.0,0.0,0.0,,,nan,nan,nan
quarantine/4154nm_130c_125mw4.csv,quarantine,quarantined,4154,130,125,False,,4,0.005165847619047619,0.001297475893595744,0.0047412971692538785,0.7946302761904761,167.59765267265968,37.0,-465.5,64.5,464.5,1.0,1.0,4.025150444872702,2.679584987667057,1.075176322684721,0.0016311716990147114,1.0,0.015520007207500035,110.0,1999.0,0.0,0.0,,,nan,nan,nan
quarantine/4154nm_130c_125mw5.csv,quarantine,quarantined,4154,130,125,False,,5,0.005438638095238095,0.00011132650935504002,0.0047412971692538785,0.7364106095238094,155.31838297317606,34.0,-465.5,64.5,466.5,1.0,1.0,4.4994166675074725,2.2953069824479373,1.046275529250499,0.00015102333047265694,1.0,0.01666917455111782,110.0,1999.0,0.0,0.0,,,nan,nan,nan
quarantine/4154nm_130c_125mw6.csv,quarantine,quarantined,4154,130,125,False,,6,0.005208919047619047,-0.0006543426873393384,0.004741297169253878,0.763316580952381,160.99319525936858,33.0,-465.5,64.5,466.0,1.0,1.0,4.817125040636589,2.8474508943782726,1.0943710013087933,0.0008563790712320173,1.0,0.01501925859557867,110.0,1999.0,0.0,0.0,,,nan,nan,nan
quarantine/4154nm_130c_125mw7.csv,quarantine,quarantined,4154,130,125,False,,7,0.005811942857142857,-0.00027755251379016246,0.004425217680347047,0.7516439238095238,169.85467791735303,36.0,-465.5,65.5,465.5,1.0,1.0,3.7790183374312747,2.083344763461911,1.1064749829258247,0.0003688913759470998,1.0,0.016803787588425476,110.0,1999.0,0.0,0.0,,,nan,nan,nan
quarantine/4154nm_130c_125mw8.csv,quarantine,quarantined,4154,130,125,False,,8,0.005151490476190476,0.0005793364858751977,0.00474129716925388,0.7183058047619048,151.4998489063156,32.5,-465.5,64.0,467.5,1.0,1.0,4.179807758062509,2.85582440693397,1.1128648768730205,0.0008057252851815138,1.0,0.02002666750935093,110.0,1999.0,0.0,0.0,,,nan,nan,nan
quarantine/4154nm_130c_225mw1.csv,quarantine,quarantined,4154,130,225,False,,1,-0.006842238095238095,-0.04258439607951215,0.01580439378794717,2.615697514285714,165.50445081167942,32.5,-465.5,64.5,466.0,1.0,1.0,3.594037812962595,3.901924841057887,1.0912896184367178,0.01626404102580256,1.0,0.010967818186601523,110.0,1999.0,0.0,0.0,,,nan,nan,nan
quarantine/4154nm_130c_225mw2.csv,quarantine,quarantined,4154,130,225,False,,2,-0.003910923809523811,-0.07780830238546112,0.014487343499676354,2.723677904761905,188.00395702792244,32.0,-465.5,63.5,467.5,1.0,1.0,3.7781456198631465,2.3837796623585956,1.0853237384820744,0.02853879819900019,1.0,0.004244261748847888,110.0,1999.0,0.0,0.0,,,nan,nan,nan
quarantine/4154nm_130c_225mw3.csv,quarantine,quarantined,4154,130,225,False,,3,-0.007739585714285713,-0.08271163642329105,0.014487343499676354,2.7829025904761906,192.0919863975311,33.0,-465.5,64.0,467.5,1.0,1.0,4.582599873990747,3.0799938199398538,1.1070709539072179,0.029691633860863553,1.0,0.0033226644839619277,110.0,1999.0,0.0,0.0,,,nan,nan,nan
quarantine/4154nm_130c_225mw4.csv,quarantine,quarantined,4154,130,225,False,,4,-0.006722595238095238,0.08262021915284921,0.01580439378794718,2.7517348380952376,174.11201435601905,33.5,-465.5,63.5,467.5,1.0,1.0,3.7692246888540826,2.612709480464651,1.1511440016106138,0.029994750144904672,1.0,-0.0014900611589214097,110.0,1999.0,0.0,0.0,,,nan,nan,nan
quarantine/4154nm_130c_225mw6.csv,quarantine,quarantined,4154,130,225,False,,6,-0.006543128571428571,-0.07144792225812545,0.014487343499676354,2.7231993190476187,187.9709222818148,33.0,-465.5,63.0,468.0,1.0,1.0,3.774035214746125,2.9359941813485744,1.2188050596082214,0.02621052151292023,1.0,0.004810604275618849,110.0,1999.0,0.0,0.0,,,nan,nan,nan
quarantine/4154nm_130c_225mw7.csv,quarantine,quarantined,4154,130,225,False,,7,-0.0064234857142857135,-0.07775303381606212,0.015804393787947194,2.671213185714285,169.01712407035922,33.0,-465.5,63.0,466.5,1.0,1.0,3.974464370022433,2.7316819533512824,1.1106419154994405,0.029078652800029366,1.0,0.004197201821722261,110.0,1999.0,0.0,0.0,,,nan,nan,nan
quarantine/4154nm_130c_025mw1.csv,quarantine,quarantined,4154,130,25,False,,1,0.0013915619047619046,-0.00019595526314654342,0.0014328936830443108,0.02977075238095238,20.776665242672962,57.5,-434.0,55.0,465.5,1.0,1.0,4.4039086008985855,4.407324683826095,1.000234735572327,0.006578849033062449,1.0,0.010140668658021617,110.0,2000.0,0.0,0.0,,,nan,nan,nan
quarantine/4154nm_130c_025mw2.csv,quarantine,quarantined,4154,130,25,False,,2,0.0014231452380952382,8.408546112939306e-05,0.001411821717117189,0.0272553119047619,19.30506633685644,70.0,-434.0,63.5,466.5,1.0,1.0,5.011539285886125,3.723471409169043,0.9973697392984602,0.0030835610574738923,1.0,0.016499059831552858,110.0,2000.0,0.0,0.0,,,nan,nan,nan
quarantine/4154nm_130c_025mw3.csv,quarantine,quarantined,4154,130,25,False,,3,0.0014212285714285712,0.00014909583919189078,0.0014118217171171887,0.02690020952380952,19.053545640831548,66.5,-434.0,60.0,464.0,1.0,1.0,5.323699639399632,2.5986537054239,1.0266527986093317,0.005539781805059745,1.0,0.011001519567594325,110.0,2000.0,0.0,0.0,,,nan,nan,nan
quarantine/4154nm_130c_025mw4.csv,quarantine,quarantined,4154,130,25,False,,4,0.0014370214285714285,5.562885384525482e-05,0.0014328936830443112,0.0256803119047619,17.921993940403013,64.5,-434.0,67.0,462.0,1.0,1.0,4.540634625470839,3.745289513916271,0.9872352729070207,0.00216512321285405,1.0,0.010309036754004016,110.0,2000.0,0.0,0.0,,,nan,nan,nan
quarantine/4154nm_130c_025mw5.csv,quarantine,quarantined,4154,130,25,False,,5,0.0013566238095238095,-0.0001278721025665127,0.0014328936830443108,0.02609475238095238,18.211227175984018,58.0,-434.0,65.5,460.5,1.0,1.0,6.116340263031314,3.233899632704876,1.03599381291915,0.0048978493702251736,1.0,0.022690881756598183,110.0,2000.0,0.0,0.0,,,nan,nan,nan
rulers_p/4121nm_eom_after1.csv,ruler_p,canonical,4121,130,,True,after,1,0.011023454761904762,-0.007025716423325283,0.0033188870513474393,0.13632641666666667,41.07594339835076,81.0,-448.0,59.5,443.5,3.0,3.0,4.1732363246217785,3.9174932682312185,1.266878156966914,0.05151021890558228,1.0,0.4306198966408688,145.0,2000.0,0.0,0.0,,,5.467781972540707,-0.44966050631773014,-1.349748857701168
rulers_p/4121nm_eom_after2.csv,ruler_p,canonical,4121,130,,True,after,2,0.011698704761904762,0.0013627920263855782,0.0036876988728977668,0.11628350476190474,31.532809150040503,121.0,-328.0,58.0,421.0,3.0,3.0,3.3241414823984625,3.7520992932565775,1.1212138875290136,0.011713704649351281,1.0,0.40265127275239926,145.0,2000.0,0.0,0.0,,,0.4181034489851396,-1.6862268986914881,2.021939344885479
rulers_p/4121nm_eom_after3.csv,ruler_p,canonical,4121,130,,True,after,3,0.011393004761904761,0.010486818375816885,0.0033188870513474393,0.1089133238095238,32.816218848214774,212.0,-328.0,62.0,428.5,4.0,3.0,4.907266489540255,4.3823230821145795,1.1749356489508067,0.09623776595928686,1.0,0.44594711006669624,145.5,2000.0,0.0,0.0,,,-1.0752727274598806,1.011736139214893,-1.349748857701168
rulers_p/4121nm_eom_after4.csv,ruler_p,canonical,4121,130,,True,after,4,0.01088212380952381,0.00270531981921218,0.003411142424560712,0.11166038095238096,32.734013141289644,392.0,-328.0,63.0,246.5,3.0,3.0,3.5576644096186745,3.0534458797959454,1.1160708060742026,0.024215994395144658,1.0,0.3725752222877819,144.5,2000.0,0.0,0.0,,,-0.5966662026815853,1.6862268986914881,-1.0121198085888752
rulers_p/4121nm_eom_after5.csv,ruler_p,canonical,4121,130,,True,after,5,0.010622485714285713,0.0030911575858052153,0.0037799542461110377,0.12150963333333333,32.145794742977934,72.0,-328.0,60.5,370.5,3.0,3.0,3.314172874787109,4.969375556029045,0.9770325882333483,0.025426889393507453,1.0,0.40767522071837886,144.0,2000.0,0.0,0.0,,,1.9243269249401718,0.0,2.6964301043620615
rulers_p/4121nm_eom_after6.csv,ruler_p,canonical,4121,130,,True,after,6,0.011617040476190475,0.002268146851147434,0.0038719999480215524,0.11346315476190474,29.30350110667749,83.5,-328.0,60.5,382.5,3.0,3.0,3.176977884984656,2.3571203934502045,1.105646327842177,0.019980166975605812,1.0,0.4322757587072674,145.0,2000.0,0.0,0.0,,,-0.36399793604193975,0.0,3.3693879302943888
rulers_p/4121nm_eom_before1.csv,ruler_p,canonical,4121,130,,True,before,1,0.00883840476190476,0.003295857718522482,0.0029396965003106175,0.10785834761904761,36.69030037884896,826.5,88.0,61.5,227.0,2.0,2.0,4.4513098541354,4.093891879491263,1.1523972429137732,0.03052672262728507,1.0,0.30363607727114617,142.0,1999.0,0.0,0.0,,,-1.1264487684921314,1.0373443983402488,-2.022173515735044
rulers_p/4121nm_eom_before2.csv,ruler_p,canonical,4121,130,,True,before,2,0.009342838095238094,0.0032303098849483488,0.003266259554355323,0.12273892380952381,37.577823123658455,493.5,88.0,60.5,376.5,3.0,3.0,3.5565577217572577,2.8147371650225943,1.1914704347691802,0.02625274860024438,1.0,0.5133831137665636,143.5,1996.0,0.0,0.0,,,1.0586697260885376,0.0,2.0243386763224853
rulers_p/4121nm_eom_before3.csv,ruler_p,canonical,4121,130,,True,before,3,0.008986766666666667,0.0023453768904822814,0.0031029256095072813,0.11235367142857142,36.20894780213962,487.5,88.0,60.0,366.0,3.0,3.0,4.487128054779767,3.0899587825761836,1.0628098883967707,0.020854071645370093,1.0,0.4819410725853826,143.0,1999.0,0.0,0.0,,,-0.2467953524566634,-0.6172839506172839,-1.7920439567303986e-15
rulers_p/4121nm_eom_before4.csv,ruler_p,canonical,4121,130,,True,before,4,0.008971928571428572,0.0005475598706679864,0.002939696500310617,0.09101938571428571,30.96217099440991,474.5,88.0,59.49999999999994,353.0,2.0,2.0,3.4556370929917817,2.4533460477528792,1.0735200103768656,0.0060098440184425846,1.0,0.2277565369470678,144.0,1999.0,0.0,0.0,,,-3.0843684419323285,-1.0288065843621865,-2.0221735157350476
rulers_p/4121nm_eom_before5.csv,ruler_p,canonical,4121,130,,True,before,5,0.009743404761904762,0.0022153053117180154,0.003266154718703946,0.12395550000000001,37.95150893806623,623.0,88.0,61.0,428.0,3.0,3.0,3.9423647989904644,3.9847760465978066,1.1169725655625011,0.01782709963203505,1.0,0.5262622938521628,144.0,1996.0,0.0,0.0,,,1.2555096294763388,0.6224066390041494,2.023472278429787
rulers_p/4154nm_eom_after_1.csv,ruler_p,canonical,4154,130,,True,after,1,0.0236093,0.005632980334354083,0.005162841323447702,0.329011719047619,63.72687023197291,612.0,88.0,66.0,441.5,3.0,3.0,4.087962166132567,3.997090765448751,1.0243590036705474,0.017103790011824056,1.0,0.5307218683989562,144.5,1999.0,0.0,0.0,,,0.963169531552581,3.0352084176446783,0.5159609387822013
rulers_p/4154nm_eom_after_2.csv,ruler_p,canonical,4154,130,,True,after,2,0.018617661904761905,-0.02667902836812379,0.005162736487796324,0.3819765714285714,73.98722989861821,466.5,88.0,61.5,349.0,3.0,3.0,4.174110315607768,2.9923176765776875,1.185714298319365,0.06977482739341144,1.0,0.586435994093358,145.0,1999.0,0.0,0.0,,,1.9036497811987223,-0.5518560759353961,0.5149351715082887
rulers_p/4154nm_eom_after_3.csv,ruler_p,canonical,4154,130,,True,after,3,0.02303978095238095,-0.002073826320627944,0.005162736487796324,0.3068006714285714,59.425979256114815,568.5,88.0,67.0,450.5,3.0,2.0,3.8199014073884037,4.8030063221978585,1.0521578369323543,0.00675276388627349,1.0,0.5311789430376065,143.5,1999.0,0.0,0.0,,,0.287517627043816,3.7096991771212737,0.5149351715082887
rulers_p/4154nm_eom_after_4.csv,ruler_p,canonical,4154,130,,True,after,4,0.01832927619047619,-0.005494162760104212,0.005057481493812092,0.24273748571428566,47.99572396088424,632.0,88.0,59.5,426.5,3.0,3.0,3.497472016781878,4.648476577507394,1.1807865531383899,0.022611540945944166,1.0,0.3825737163754574,145.5,1999.0,0.0,0.0,,,-1.348852490641014,-1.2740381012335686,-1.019372131746742
rulers_p/4154nm_eom_after_5.csv,ruler_p,canonical,4154,130,,True,after,5,0.01867385238095238,-0.005000230091184947,0.005057481493812092,0.23083032857142857,45.64135901512504,413.0,88.0,61.5,293.0,2.0,2.0,3.6752118319035176,3.1684393686775527,1.1050334243254465,0.02164026664957083,1.0,0.2767278117379732,144.5,1999.0,0.0,0.0,,,-1.562518505001809,-0.5518560759353961,-1.019372131746742
rulers_p/4154nm_eom_before_1.csv,ruler_p,canonical,4154,130,,True,before,1,0.02711182380952381,0.014655008134012446,0.005815967431537114,0.39490212857142853,67.89964579754516,244.0,-500.0,62.0,228.0,3.0,3.0,3.1407305840584736,4.252784404260657,1.0761704734675421,0.03709192625254746,1.0,0.41154570917903976,145.5,2000.0,0.0,0.0,,,4.9155311417564835,0.0,0.539575827117057
rulers_p/4154nm_eom_before_2.csv,ruler_p,canonical,4154,130,,True,before,2,0.024381985714285716,0.009177909035941713,0.0048466569988894915,0.2699899476190476,55.706427684259495,243.5,-500.0,59.5,223.5,3.0,3.0,3.438771580832536,4.598660484651226,1.304821774463072,0.033976524542192146,1.0,0.4772116790078831,145.0,2000.0,0.0,0.0,,,-0.5693587680504574,-2.0161290322580645,-8.6329390289733
rulers_p/4154nm_eom_before_3.csv,ruler_p,canonical,4154,130,,True,before,3,0.021546790476190472,0.010144253520282103,0.005057481493812092,0.2779612285714286,54.96040448423163,253.5,-500.0,62.0,219.0,3.0,3.0,3.231275516089949,2.6640420703093897,1.1162049481420018,0.03647696279668898,1.0,0.421112465090929,145.0,2000.0,0.0,0.0,,,-0.3238320354172992,0.0,-6.833515274074326
rulers_p/4154nm_eom_before_4.csv,ruler_p,canonical,4154,130,,True,before,4,0.022925102380952377,0.014040723664544308,0.005900255295245598,0.30116295952380956,51.04236078843664,-50.5,-500.0,62.5,418.0,3.0,3.0,3.4529919611527378,1.442829949541957,1.0307899737197965,0.046598370944759396,1.0,0.4973881383030267,145.0,2000.0,0.0,0.0,,,0.6852626352120832,0.26979630379063807,0.7418559435387416
rulers_p/4154nm_eom_before_5.csv,ruler_p,canonical,4154,130,,True,before,5,0.022408240476190475,0.012824741925308572,0.0059002552952456015,0.3435271404761905,58.22241975749813,240.0,-500.0,64.5,226.5,3.0,3.0,2.8349229159347527,3.4679368446810463,1.1188624127320348,0.03731387725749239,1.0,0.5262247620307894,145.0,2000.0,0.0,0.0,,,2.692328915142972,2.0161290322580645,0.741855943538748
rulers_p/4154nm_eom_before_6.csv,ruler_p,canonical,4154,130,,True,before,6,0.02112563571428571,0.009916246118872705,0.005057376658160711,0.2846613976190476,56.286374707667996,-48.5,-500.0,57.5,422.0,3.0,3.0,3.5748025434371806,3.8871671153028404,1.0799711726577665,0.034817815407051436,1.0,0.4974892358409054,145.5,2000.0,0.0,0.0,,,-0.11894314989522078,-3.629032258064516,-6.834410064603879
rulers_p/4154nm_eom_before_7.csv,ruler_p,canonical,4154,130,,True,before,7,0.02099162380952381,0.008449477806226223,0.005900255295245599,0.25355349523809523,42.973309212977206,249.0,-500.0,62.0,220.0,3.0,3.0,2.8584098696595928,2.68063041802381,1.1538386487702084,0.033307578976155446,1.0,0.4820228773631331,144.5,2000.0,0.0,0.0,,,-1.401892713837646,0.0,0.7418559435387437
rulers_p/4192nm_eom_after1.csv,ruler_p,canonical,4192,130,,True,after,1,0.04068225,0.01458379117810754,0.007180508269882502,0.7061107833333333,98.33715898566714,117.0,-442.0,64.5,409.5,3.0,3.0,3.652087414855801,3.0477650438702315,0.995565317450117,0.02064336025815565,1.0,0.5338997271962351,145.0,2000.0,0.0,0.0,,,8.700429020795104,2.2267206477732793,1.5420049039445711
rulers_p/4192nm_eom_after2.csv,ruler_p,canonical,4192,130,,True,after,2,0.04218117142857143,0.014994375828661923,0.007027762725823712,0.7064438809523809,100.52187424548825,110.0,-442.0,63.0,415.5,3.0,3.0,3.878905345027141,5.509176038906329,1.0717230364980659,0.021214535286997283,1.0,0.5279990898336743,144.0,2000.0,0.0,0.0,,,8.71455002206097,1.0121457489878543,1.156619399412264
rulers_p/4192nm_eom_after3.csv,ruler_p,canonical,4192,130,,True,after,3,0.037493559523809526,0.011025565478065555,0.0067220619664033684,0.47657084523809523,70.8965266342351,268.5,-442.0,61.5,257.5,2.0,2.0,3.9040573941763665,2.3985950285085766,1.133016722970474,0.02312364007458512,1.0,0.25295007774260825,145.0,2000.0,0.0,0.0,,,-0.8900960402210619,-0.8,-0.00023141795082725356
rulers_p/4192nm_eom_after5.csv,ruler_p,canonical,4192,130,,True,after,5,0.0306929,0.0206198689721655,0.006187400144371905,0.49336431428571426,79.73693357047246,311.5,-442.0,62.0,214.5,3.0,3.0,4.404355068819746,2.6836938434121285,1.09590814039313,0.04177350984032487,1.0,0.4281605640838896,144.0,2000.0,0.0,0.0,,,-0.7757116345080023,-0.2008032128514056,-2.0230095589515336
rulers_p/4192nm_eom_after6.csv,ruler_p,canonical,4192,130,,True,after,6,0.02891292857142857,0.02653098825368946,0.0064166232961114745,0.5083917142857143,79.23041307315076,38.0,-442.0,61.5,448.0,2.0,2.0,3.2249672522524997,2.7836398000176983,1.0706572207434433,0.05216002152359973,1.0,0.24148286805106864,143.5,2000.0,0.0,0.0,,,-0.5782996677421535,-0.8,-1.3485187994749306
rulers_p/4192nm_eom_before1.csv,ruler_p,canonical,4192,130,,True,before,1,0.02907082857142857,-0.0041628025177114945,0.006005615124881213,0.30068104285714287,50.06665205890798,-456.0,-778.0,64.0,291.5,3.0,3.0,3.380010544153668,2.4341351555205106,1.0261078616357693,0.013837656930135922,1.0,0.40206547161467904,143.5,2000.0,0.0,0.0,,,-1.02322635490816,2.032520325203252,0.0
rulers_p/4192nm_eom_before2.csv,ruler_p,canonical,4192,130,,True,before,2,0.03051208571428571,-0.005803009699586656,0.006005615124881213,0.33521200476190477,55.81643142150823,-172.0,-778.0,61.5,362.5,3.0,3.0,2.9888195674801974,4.997258871957665,1.0780956574478913,0.017302805723967373,1.0,0.274023475125197,144.0,2000.0,0.0,0.0,,,0.34836016155706634,-0.6744907594765952,0.0
rulers_p/4192nm_eom_before3.csv,ruler_p,canonical,4192,130,,True,before,3,0.03328075238095238,-0.0073709301363103445,0.005394528112994671,0.3124498714285714,57.919778131459346,332.0,-262.0,61.0,376.5,2.0,2.0,3.3123549380218313,3.604466133956498,1.1278650869911462,0.02356716990314846,1.0,0.24282520783774175,144.0,1999.0,0.0,0.0,,,-0.4446110896548862,-0.8993210126354603,-5.087630485633466
rulers_p/4192nm_eom_before4.csv,ruler_p,canonical,4192,130,,True,before,4,0.03570156428571428,0.003610537077118243,0.005900255295245605,0.3234515309523809,54.81992130289963,26.5,-692.0,63.0,252.5,3.0,3.0,3.0066818085982523,3.1770663410213777,1.1217347335528363,0.011156947682250938,1.0,0.36553942781437115,144.5,2000.0,0.0,0.0,,,-0.22971647686699642,1.2195121951219512,-0.8771776699367805
rulers_p/4192nm_eom_before5.csv,ruler_p,canonical,4192,130,,True,before,5,0.03554775476190476,-0.00808012856076494,0.00644812640935078,0.4681464357142857,72.60193209540697,-380.0,-856.0,61.0,445.0,3.0,2.0,3.864863920395472,2.6796126885506837,0.9816203961450817,0.01725120150527745,1.0,0.5228235176126813,143.0,2000.0,0.0,0.0,,,8.298592198404112,-0.8993210126354603,3.6841462137345995
rulers_p/4192nm_eom_before6.csv,ruler_p,canonical,4192,130,,True,before,6,0.03395108333333333,0.006205441288482256,0.0060057199605325975,0.43414021666666663,72.28778889453352,-320.5,-856.0,64.5,434.5,3.0,3.0,3.5923404657639613,3.2966888823159493,1.0234804893279752,0.014286487014402027,1.0,0.5339073867489285,143.5,2000.0,0.0,0.0,,,6.348255767759517,2.4390243902439024,0.0006711350840952596
rulers_p/4207nm_eom_after1.csv,ruler_p,canonical,4207,130,,True,after,1,0.01711582380952381,0.0067250172931383675,0.004214498021075826,0.17795645238095237,42.22482760486047,535.5,-218.0,59.00000000000006,215.5,4.0,3.0,3.803111474938295,4.605926674821105,1.0570913941053126,0.03775245115284353,1.0,0.5364268959575422,141.5,1999.0,0.0,0.0,,,4.394304537344899,-0.9442870632672027,2.631510041632848
rulers_p/4207nm_eom_after2.csv,ruler_p,canonical,4207,130,,True,after,2,0.01629264761904762,0.0037279681210169776,0.004003778361804601,0.14637953333333334,36.560348776987865,250.0,-218.0,62.0,437.0,3.0,3.0,2.888924064271585,2.47187146302844,1.1141342343881715,0.025442355690635896,1.0,0.519452785035421,141.5,1999.0,0.0,0.0,,,-0.1731449258048909,2.3206751054852073,-0.6744907594766063
rulers_p/4207nm_eom_after3.csv,ruler_p,canonical,4207,130,,True,after,3,0.014876057142857141,0.005695481307480936,0.004003778361804603,0.1543718619047619,38.55654533164085,243.5,-218.0,62.0,429.0,3.0,3.0,4.066533791011728,3.4282292777671164,1.100620210276318,0.03685766146737097,1.0,0.48957613000806727,141.5,1999.0,0.0,0.0,,,1.2762147543045443,2.3206751054852073,-0.6744907594765897
rulers_p/4207nm_eom_after4.csv,ruler_p,canonical,4207,130,,True,after,4,0.016417099999999997,0.005142367187827892,0.004003778361804603,0.1430581380952381,35.73078356684015,259.5,-218.0,58.5,449.0,3.0,3.0,3.6900361269702584,3.6381491739549556,1.1123201148377735,0.035910049501833026,1.0,0.4402924516644332,142.0,1999.0,0.0,0.0,,,-0.5425032687926254,-1.2140833670578715,-0.6744907594765897
rulers_p/4207nm_eom_after5.csv,ruler_p,canonical,4207,130,,True,after,5,0.016321380952380952,0.0032067047031761426,0.004425217680347047,0.1361761142857143,30.772749302365323,242.0,-218.0,59.5,428.5,3.0,3.0,3.5176030186733147,3.383115838653337,1.0674521136638961,0.02352466888393975,1.0,0.36172581138076904,142.5,1999.0,0.0,0.0,,,-1.6930743419224956,-0.44966050631775145,5.263020083265684
rulers_p/4207nm_eom_before1.csv,ruler_p,canonical,4207,130,,True,before,1,0.020256052380952377,-0.0008680172357551126,0.004688774507913138,0.17870781904761904,38.11397173099664,521.0,-104.0,59.5,345.0,3.0,3.0,3.4938553714521015,5.049501644517445,1.06603132839198,0.004852329479149954,1.0,0.3959720508402376,143.5,1999.0,0.0,0.0,,,-0.9679877048849667,-3.515625,0.8996689701353531
rulers_p/4207nm_eom_before2.csv,ruler_p,canonical,4207,130,,True,before,2,0.01761905714285714,0.00017545389562177667,0.004109033355788833,0.14728641904761905,35.844542084361755,287.0,-104.0,64.0,361.0,2.0,2.0,4.2647870383866335,4.500638651752023,1.118776618695656,0.0011900516209134378,1.0,0.18910262930014807,142.5,1999.0,0.0,0.0,,,-4.752381260389327,0.39370078740157477,-1.349115719263481
rulers_p/4207nm_eom_before3.csv,ruler_p,canonical,4207,130,,True,before,3,0.01847811904761905,-0.0040640498476384864,0.004583205006974777,0.18491743809523808,40.34675250481453,228.5,-104.0,64.5,301.0,3.0,3.0,3.216733278715884,4.027638158210189,1.0746251174980785,0.021955667565001804,1.0,0.4787486298330567,143.5,1999.0,0.0,0.0,,,0.03639025538252246,0.7874015748031495,0.3673718205322936
rulers_p/4207nm_eom_before4.csv,ruler_p,canonical,4207,130,,True,before,4,0.018303433333333334,-0.003404106199789098,0.004161870524083707,0.19720267619047618,47.38318384709795,392.0,-104.0,64.0,464.0,3.0,3.0,4.381579062250358,3.0723879812452677,1.1692829832563518,0.017244705595701973,1.0,0.5198105333601326,143.5,1999.0,0.0,0.0,,,1.8177184770610273,0.39370078740157477,-1.1036123226240666
rulers_p/4207nm_eom_before5.csv,ruler_p,canonical,4207,130,,True,before,5,0.02033022380952381,0.0031986268263561922,0.005162736487796324,0.190129219047619,36.82721740632055,662.5,-104.0,63.0,203.5,3.0,3.0,3.388985367184094,5.031923347765369,1.1138976713961843,0.01680661297372458,1.0,0.4949551377097749,143.5,1999.0,0.0,0.0,,,0.6065971078568652,-0.78125,2.248053990517262
rulers_t/4121nm_eom_110c1.csv,ruler_t,canonical,4121,110,,True,,1,0.0037403047619047614,0.00015986914561320087,0.002015046055150329,0.023724342857142852,11.773598323723146,30.0,-328.0,58.5,336.5,5.0,3.0,4.010623339848188,4.162733429687866,1.079288072965681,0.006735242868583204,1.0,0.40462139574238953,143.5,2000.0,0.0,0.0,,,-1.4704473439434014,0.13489815189531904,1.4228212044530724
rulers_t/4121nm_eom_110c2.csv,ruler_t,canonical,4121,110,,True,,2,0.003501245238095238,0.000837288665013978,0.0017779078117316706,0.027985302380952384,15.740581258650797,100.0,-328.0,61.5,397.0,5.0,3.0,3.650301751967038,4.043637067141226,1.1145194580915627,0.029903912035307123,1.0,0.38715302674846064,145.0,2000.0,0.0,0.0,,,2.285305870996669,1.7986420252709205,-3.376433093899091
rulers_t/4121nm_eom_110c3.csv,ruler_t,canonical,4121,110,,True,,3,0.0035879333333333333,9.711658857088929e-05,0.0019676603407271496,0.02546501428571428,12.94177341415728,69.0,-328.0,54.0,372.0,4.0,3.0,4.054172401552456,4.6307386474506576,1.050095498225362,0.0038118191958391493,1.0,0.3823287758980714,145.5,2000.0,0.0,0.0,,,-0.23084690369859337,-2.2483025315886507,0.5708287998426583
rulers_t/4121nm_eom_110c4.csv,ruler_t,canonical,4121,110,,True,,4,0.003557247619047619,0.0006081461589182777,0.0019439674835155592,0.02747811428571429,14.135068882953545,393.0,-328.0,56.5,248.5,3.0,3.0,4.96700694938487,3.1009463413914333,1.0319889866296343,0.022120953407448057,1.0,0.3618094504929596,144.0,2000.0,0.0,0.0,,,1.8922464136637172,-1.1241512657943253,0.25984292094083034
rulers_t/4121nm_eom_110c5.csv,ruler_t,canonical,4121,110,,True,,5,0.0036611619047619047,0.0006028574002892693,0.0018608852297979258,0.024607857142857143,13.223737148759744,95.5,-328.0,59.5,398.5,4.0,3.0,3.7951800514767986,5.206967930063521,1.054986284909997,0.024486324351245963,1.0,0.37311453758388907,148.0,2000.0,0.0,0.0,,,-0.9975472634281588,0.5995473417569736,-1.8016264976579976
rulers_t/4121nm_eom_070c1.csv,ruler_t,canonical,4121,70,,True,,1,0.001187242857142857,3.418035656554277e-05,0.0012643179556273334,0.003966485714285714,3.1372533282718513,-131.5,-450.0,50.5,301.0,11.0,3.0,6.187651179734877,3.9211610920997715,1.096882792880467,0.008612981073956074,1.0,0.19472188401909735,148.5,2000.0,0.0,0.0,,"low-SNR ruler (3.1) — M2 pooled path, not excluded",-1.84485644897492,2.922793291065246,-1.573811772112059
rulers_t/4121nm_eom_070c2.csv,ruler_t,canonical,4121,70,,True,,2,0.0014294023809523807,-7.735698618296402e-05,0.0013064618874815779,0.005770759523809524,4.417089835612136,-113.5,-450.0,26.5,326.0,6.0,3.0,3.3232504075333935,3.668731710500129,0.9771802380452153,0.013398289665487818,1.0,0.3121661479321954,138.5,2000.0,0.0,0.0,,"low-SNR ruler (4.4) — M2 pooled path, not excluded",1.778184423427942,-4.946265569495032,-0.8431134493457437
rulers_t/4121nm_eom_070c3.csv,ruler_t,canonical,4121,70,,True,,3,0.0013461238095238094,-0.000208117545992635,0.0013907497511900667,0.005362028571428572,3.855494898949488,-198.5,-450.0,42.5,235.0,5.0,3.0,4.842595386113212,4.358111575219857,1.0506302168963888,0.03879380433144894,1.0,0.3818100989720216,147.0,2000.0,0.0,0.0,,"low-SNR ruler (3.9) — M2 pooled path, not excluded",1.19632738434158,0.14662842597317288,0.1686226898691512
rulers_t/4121nm_eom_070c4.csv,ruler_t,canonical,4121,70,,True,,4,0.0013958999999999998,0.0002297343209936523,0.001727901206024022,0.004914090476190475,2.8439649553217325,32.0,-450.0,39.0,460.0,9.0,3.0,3.1710225955496165,4.022428904658692,1.0749930475613692,0.04672674525340896,1.0,0.34599877403939705,143.5,2000.0,0.0,0.0,,"low-SNR ruler (2.8) — M2 pooled path, not excluded",0.16284358940970559,-0.6744907594765952,4.046944556859583
rulers_t/4121nm_eom_070c5.csv,ruler_t,canonical,4121,70,,True,,5,0.0013422952380952378,-3.577441723461962e-06,0.0014328936830443108,0.00412922380952381,2.8817377439691865,-3.0,-450.0,43.5,430.0,8.0,3.0,4.601178774124108,4.563911808315831,1.0686977732365681,0.0008659382895044825,1.0,0.23626620565763223,152.5,2000.0,0.0,0.0,,"low-SNR ruler (2.9) — M2 pooled path, not excluded",-1.5885956636506688,0.32258253714098034,0.8993210126354533
rulers_t/4121nm_eom_090c1.csv,ruler_t,canonical,4121,90,,True,,1,0.0020232142857142857,-0.0004945577366872546,0.0018333134534853227,0.024937066666666667,13.602183859644223,165.5,-471.5,52.5,338.5,4.0,3.0,4.588765568309351,4.053616939344569,1.0061815439953001,0.019812401576925674,1.0,0.5014926273230769,143.0,1999.0,0.0,0.0,,,0.8122133142233322,-0.7358081012471948,2.158370430325109
rulers_t/4121nm_eom_090c2.csv,ruler_t,canonical,4121,90,,True,,2,0.002155295238095238,4.968709268087753e-05,0.0017068292400968996,0.025477876190476187,14.927021164126392,44.5,-471.5,58.0,454.0,3.0,3.0,4.793214633866106,3.8885146943125517,1.0948472203437123,0.001948255231994238,1.0,0.51401771429227,146.5,1999.0,0.0,0.0,,,0.9294914509771766,4.976303317535545,-0.13526736803636416
rulers_t/4121nm_eom_090c3.csv,ruler_t,canonical,4121,90,,True,,3,0.002115095238095238,4.56055764214686e-05,0.0018332610356596335,0.023791342857142853,12.977607877092304,40.0,-471.5,58.5,460.0,4.0,3.0,4.429592863232427,5.33148157846004,1.0378733663305273,0.0019149810550255974,1.0,0.5204748816566932,146.0,1999.0,0.0,0.0,,,0.39706308875474194,5.450236966824645,2.1576992952410556
rulers_t/4121nm_eom_090c4.csv,ruler_t,canonical,4121,90,,True,,4,0.001855695238095238,0.0001149760790822311,0.0016014694104612886,0.01757072857142857,10.971629215426276,-147.5,-471.5,53.0,304.5,2.0,2.0,4.1544346439209265,4.4778465470778785,1.065084944875311,0.006537071159924601,1.0,0.23603992707132118,143.5,1999.0,0.0,0.0,,,-5.433793479959427,-0.5058680696074463,-1.797896628658704
rulers_t/4121nm_eom_090c5.csv,ruler_t,canonical,4121,90,,True,,5,0.0019466238095238093,0.0007907082777370478,0.0016226462120397897,0.01859200476190476,11.457830193639804,-37.5,-471.5,52.0,416.0,7.0,3.0,4.856111346380019,4.356337824265482,1.0303341336087448,0.04248694960953653,1.0,0.31525727691468086,146.5,1999.0,0.0,0.0,,,-4.61692097618484,-0.858442784788394,-1.5720414551580435
rulers_t/4154nm_eom_110c1.csv,ruler_t,canonical,4154,110,,True,,1,0.008135490476190476,0.004487009969891486,0.003081853643580159,0.08156736190476191,26.46698102444797,5.0,-464.0,62.5,437.0,3.0,3.0,3.855732794536556,1.7817449916256864,0.9762767998009352,0.054982365007010474,1.0,0.46431826857621994,144.5,2000.0,0.0,0.0,,,-0.6871579382337054,0.5620756328971627,-0.00011178169696146743
rulers_t/4154nm_eom_110c2.csv,ruler_t,canonical,4154,110,,True,,2,0.007959614285714286,0.009840793344171702,0.0029501276476228007,0.0959308476190476,32.517524350632165,54.5,-464.0,64.0,451.0,3.0,3.0,3.9679468390457724,2.525149983324437,1.1547523285862953,0.10253086667761964,1.0,0.420157767501732,144.5,2000.0,0.0,0.0,,,2.1569551020341593,2.2448979591836733,-0.8428339951033376
rulers_t/4154nm_eom_110c3.csv,ruler_t,canonical,4154,110,,True,,3,0.007740669047619047,0.0069019502744388835,0.0028973428971536173,0.08487915476190475,29.295515848431677,46.0,-464.0,61.0,459.5,4.0,3.0,4.370659756027004,2.8405618289254737,1.0513220774764225,0.08127436375459564,1.0,0.3986040596117229,143.5,2000.0,0.0,0.0,,,-0.06216718261417903,-0.5395926075812761,-1.281894711764347
rulers_t/4154nm_eom_110c4.csv,ruler_t,canonical,4154,110,,True,,4,0.008629635714285714,0.0008183894630028593,0.0032136320573632063,0.0738908738095238,22.992947696119096,192.0,-464.0,58.0,311.0,3.0,3.0,3.0422176442915316,2.665418530144847,1.0312668524899171,0.011070112262847924,1.0,0.3273356524414779,142.0,2000.0,0.0,0.0,,,-2.2585468664366277,-3.2258064516129035,1.4449814821627875
rulers_t/4154nm_eom_110c5.csv,ruler_t,canonical,4154,110,,True,,5,0.009637654761904762,0.002074738452509341,0.0035296591284443503,0.08951481666666666,25.36075394513212,9.0,-464.0,61.5,446.0,2.0,2.0,2.857545335540318,3.995246775168369,1.1111446342159372,0.023166009388200952,1.0,0.2602242055592078,142.5,2000.0,0.0,0.0,,,0.7723861406404612,-0.11241512657943253,3.7554955667562053
rulers_t/4154nm_eom_070c1.csv,ruler_t,canonical,4154,70,,True,,1,0.0013748142857142858,0.00013024146521725257,0.0015409268217900795,0.006268842857142857,4.068228788347265,-8.5,-465.5,57.5,433.0,10.0,3.0,4.6241283007394784,5.291408535705104,1.0700279042279865,0.020755221771715612,1.0,0.42081648929418736,146.0,1999.0,0.0,0.0,,"low-SNR ruler (4.1) — M2 pooled path, not excluded",2.5657727348463037,2.6186111838503106,2.2817020407817434
rulers_t/4154nm_eom_070c2.csv,ruler_t,canonical,4154,70,,True,,2,0.0013646333333333332,0.00015037227501610973,0.0013695729496115655,0.0055408095238095225,4.045647605248769,136.0,-465.5,44.0,373.5,6.0,3.0,5.56786697792385,5.647670591394393,1.034988706214218,0.027111905236152246,1.0,0.44624142432188174,140.5,1999.0,0.0,0.0,,"low-SNR ruler (4.0) — M2 pooled path, not excluded",1.4705481716887616,0.0,-0.38662876630788473
rulers_t/4154nm_eom_070c3.csv,ruler_t,canonical,4154,70,,True,,3,0.0013688285714285712,0.00015508133214494333,0.0012644227912787121,0.004894109523809523,3.870627417954168,159.5,-465.5,50.0,343.5,13.0,3.0,5.481226920295608,6.041145112595146,1.0956079425970442,0.03165565667443532,1.0,0.3979807408407016,140.0,1999.0,0.0,0.0,,"low-SNR ruler (3.9) — M2 pooled path, not excluded",0.0065322907900447055,1.4283333730092604,-1.6851528688197093
rulers_t/4154nm_eom_070c4.csv,ruler_t,canonical,4154,70,,True,,4,0.0013604523809523808,-0.00015627467768864695,0.0014882469069722741,0.004232461904761905,2.843924542986304,136.5,-465.5,38.0,388.5,9.0,3.0,4.493966913846347,5.616485966083978,1.066088983765056,0.03688595586301932,1.0,0.33929327377235513,145.5,1999.0,0.0,0.0,,"low-SNR ruler (2.8) — M2 pooled path, not excluded",-0.9665464218331773,-0.8993210126354602,1.605866334626233
rulers_t/4154nm_eom_070c5.csv,ruler_t,canonical,4154,70,,True,,5,0.0013652142857142856,1.5190779668673076e-06,0.001356573328840605,0.003997395238095238,2.9466857066337955,-11.5,-465.5,35.5,441.5,10.0,3.0,4.584537789355729,4.010647570959887,1.0921914557573253,0.0003796369381836654,1.0,0.3150859188663229,148.0,1999.0,0.0,0.0,,"low-SNR ruler (2.9) — M2 pooled path, not excluded",-1.2579563331658374,-1.292773955663474,-0.5694691025253577
rulers_t/4154nm_eom_090c1.csv,ruler_t,canonical,4154,90,,True,,1,0.003913819047619048,0.0023928335663654355,0.0022600469724223925,0.04732293333333333,20.93891583262584,308.0,-451.5,56.0,206.5,3.0,3.0,3.3832399254838523,2.781379299230935,1.0025990958259576,0.0505133677145768,1.0,0.461253650856868,142.5,1999.0,0.0,0.0,,,-0.745549537191433,-2.1367521367521367,-0.16489237914463326
rulers_t/4154nm_eom_090c2.csv,ruler_t,canonical,4154,90,,True,,2,0.005098266666666666,0.0003783221422592252,0.0024825082246480302,0.04995465714285715,20.12265524314213,310.0,-451.5,58.5,210.5,3.0,3.0,3.0788216224675957,5.093347120691047,1.1826737719611755,0.007565737445382646,1.0,0.46968364023909653,143.5,1999.0,0.0,0.0,,,1.9780013796937514,0.5620756328971627,1.9346053830502385
rulers_t/4154nm_eom_090c3.csv,ruler_t,canonical,4154,90,,True,,3,0.003985385714285714,0.0030090282976899946,0.0021401149872451396,0.048902414285714284,22.85036765648927,321.0,-451.5,59.0,200.0,3.0,3.0,4.459442795353589,3.0355695111810657,1.0857873722510245,0.061469751816945445,1.0,0.4514410917882606,144.5,1999.0,0.0,0.0,,,1.039378753694132,0.9442870632672333,-0.958589832192005
rulers_t/4154nm_eom_090c4.csv,ruler_t,canonical,4154,90,,True,,4,0.005308228571428571,0.000632977580190575,0.002585351998650552,0.047954419047619046,18.54850676915534,24.5,-451.5,53.5,448.5,3.0,3.0,3.3353678742782047,4.1363744525203,1.1178809376107968,0.013186367704349878,1.0,0.4320703622410172,143.0,1999.0,0.0,0.0,,,-0.08248415832153616,-4.273504273504273,2.6390774991498267
rulers_t/4154nm_eom_090c5.csv,ruler_t,canonical,4154,90,,True,,5,0.003934047619047619,0.0025907477912797375,0.0020631132013074717,0.046314247619047615,22.448718562654026,319.5,-451.5,58.5,203.5,3.0,3.0,3.038321000367518,2.8559973137728063,1.0365593276491254,0.055882523770590824,1.0,0.5035721018856177,143.5,1999.0,0.0,0.0,,,-1.805640624460721,0.5620756328971627,-1.2779024089471196
rulers_t/4192nm_eom_110c1.csv,ruler_t,canonical,4192,110,,True,,1,0.01704165,-0.0018212465248620162,0.004346224017033182,0.16907275000000002,38.901066612625364,-77.0,-414.0,57.0,308.5,3.0,3.0,3.352979492747748,3.820850776366821,1.1617169065974284,0.010766583625093843,1.0,0.39235843214828636,144.0,2000.0,0.0,0.0,,,1.1213874694124832,-4.761904761904762,2.8848607000714117
rulers_t/4192nm_eom_110c2.csv,ruler_t,canonical,4192,110,,True,,2,0.017273761904761903,-0.004835833499905015,0.004214498021075826,0.16271236666666666,38.60776914664002,-90.5,-414.0,63.0,290.0,3.0,3.0,3.7439571500788493,3.12301538448664,1.2066297500887444,0.029705274910399537,1.0,0.42832742937800844,145.0,2000.0,0.0,0.0,,,-0.7244753299723796,0.42155672467287203,1.2820185733238096
rulers_t/4192nm_eom_110c3.csv,ruler_t,canonical,4192,110,,True,,3,0.014761207142857141,-0.009068129127710529,0.004109138191440214,0.16590689761904762,40.37510784247896,-169.5,-414.0,64.5,213.0,3.0,3.0,3.265185879596187,1.8990351431874861,1.0082471986850163,0.05463061025924513,1.0,0.42315381978141703,144.0,2000.0,0.0,0.0,,,0.002174474503650696,1.4838796708485096,-0.6328954494502317
rulers_t/4192nm_eom_110c4.csv,ruler_t,canonical,4192,110,,True,,4,0.015001683333333333,-0.007680306977838005,0.004109138191440213,0.16017706904761905,38.9806965804376,120.5,-414.0,60.5,434.5,3.0,3.0,3.6011566725851747,2.8856240908979203,1.0130001174922345,0.047924880071734545,1.0,0.4642403465094841,143.0,2000.0,0.0,0.0,,,-1.5509711458344642,-1.9841269841269842,-0.6328954494502526
rulers_t/4192nm_eom_110c5.csv,ruler_t,canonical,4192,110,,True,,5,0.015061511904761904,-0.010315260273999267,0.004109138191440214,0.1814860023809524,44.16643926918974,-169.0,-414.0,63.0,213.5,3.0,3.0,3.851256969382407,5.44827391583179,1.058272697589014,0.05680935448795996,1.0,0.4233856404043816,143.5,2000.0,0.0,0.0,,,4.043856762037658,0.42155672467287203,-0.6328954494502317
rulers_t/4192nm_eom_070c1.csv,ruler_t,canonical,4192,70,,True,,1,0.0015308666666666666,1.6246933676197195e-05,0.0015474790500012495,0.00859714761904762,5.555582557993711,240.5,-445.0,50.0,297.0,6.0,2.0,3.401532317995355,4.263552918625619,1.002830148801906,0.0018869704225783683,1.0,0.22432896718146741,139.5,1998.0,0.0,0.0,,"low-SNR ruler (5.6) — M2 pooled path, not excluded",-2.707565056531367,-2.428166734115743,-0.2133328836197416
rulers_t/4192nm_eom_070c2.csv,ruler_t,canonical,4192,70,,True,,2,0.0016277857142857142,0.00011765688666314414,0.0015540836960381086,0.009018,5.802776274527536,241.5,-445.0,55.5,284.0,11.0,3.0,5.567915012890923,3.474333291821252,0.9910893077813927,0.0130273232793468,1.0,0.3576112364137786,142.5,1998.0,0.0,0.0,,"low-SNR ruler (5.8) — M2 pooled path, not excluded",-0.1921017174375608,0.9635582278237074,0.10562606682326976
rulers_t/4192nm_eom_070c3.csv,ruler_t,canonical,4192,70,,True,,3,0.0015924761904761902,0.0023279770808532674,0.001554136113863798,0.009080528571428572,5.842814210689125,-30.0,-445.0,56.0,77.0,1.0,1.0,4.4448872125802605,1.7873512737995854,0.9414525583355308,0.13408162352103184,1.0,0.08062948213526845,118.0,1047.0,0.0,0.0,,"low-SNR ruler (5.8) — M2 pooled path, not excluded; no comb in RF-on ruler (score 0.08); short/truncated export (1047 valid samples)",0.06043325403070586,1.3489815189531904,0.10816292039884581
rulers_t/4192nm_eom_070c4.csv,ruler_t,canonical,4192,70,,True,,4,0.001624490476190476,-5.393935612107951e-05,0.0015738452163229972,0.009814547619047619,6.236031038666892,65.0,-445.0,52.5,467.0,7.0,3.0,4.517915692251101,4.086958024314526,1.0425103036886758,0.0054876138134346535,1.0,0.45843145539894825,144.0,1998.0,0.0,0.0,,"low-SNR ruler (6.2) — M2 pooled path, not excluded",4.2284284620875425,-1.0791852151625523,0.7436200777421051
rulers_t/4192nm_eom_070c5.csv,ruler_t,canonical,4192,70,,True,,5,0.0016047523809523808,0.00037064316187005814,0.001465183063668956,0.009098166666666664,6.209576736359483,40.0,-445.0,53.5,468.5,3.0,3.0,4.373068500242575,2.8353944285473873,1.0019946070502395,0.04067711778496618,1.0,0.4351433898479183,146.0,1998.0,0.0,0.0,,"low-SNR ruler (6.2) — M2 pooled path, not excluded",0.13647291605643483,-0.1927116455647415,-2.8610216368450367
rulers_t/4192nm_eom_090c1.csv,ruler_t,canonical,4192,90,,True,,1,0.004386457142857143,0.005644975777877027,0.002423276081619056,0.06842785714285715,28.237747098604903,327.0,-465.5,59.0,171.5,5.0,3.0,4.334008856713924,1.8294997608761938,1.0134904697227736,0.08241279264855383,1.0,0.3346090388687485,143.5,1999.0,0.0,0.0,,,-1.4582896619227967,1.9823788546255507,-0.3941988960909149
rulers_t/4192nm_eom_090c2.csv,ruler_t,canonical,4192,90,,True,,2,0.004419947619047619,0.0061036766863516645,0.0023707534202783184,0.07532425238095239,31.772284598079196,34.0,-465.5,56.0,471.5,3.0,3.0,4.538742663111853,2.525437094451515,1.106102395760553,0.08095099276693567,1.0,0.4547585220372215,141.5,1999.0,0.0,0.0,,,0.5070908880295211,-1.2140833670578715,-0.8761938258302204
rulers_t/4192nm_eom_090c3.csv,ruler_t,canonical,4192,90,,True,,3,0.005310114285714285,0.006782165330762086,0.0026604667428634034,0.08016033333333333,30.130176800127366,43.5,-465.5,57.5,460.5,3.0,3.0,3.836997789080075,4.260876399718711,1.197730248425141,0.08452289160596459,1.0,0.5590330071948492,144.0,1999.0,0.0,0.0,,,1.7236718539284874,0.0,3.376484618654718
rulers_t/4192nm_eom_090c5.csv,ruler_t,canonical,4192,90,,True,,5,0.0049655428571428566,0.005930054128913323,0.0026867280735337726,0.07426896190476188,27.642902397293284,336.0,-465.5,56.0,170.5,3.0,3.0,2.9221178369492478,3.3359691505115037,1.0801708294131964,0.07976581229694789,1.0,0.5389413571906081,143.5,1999.0,0.0,0.0,,,0.2775099244446623,-1.2140833670578715,3.7130581948477244
rulers_t/4192nm_eom_090c6.csv,ruler_t,canonical,4192,90,,True,,6,0.00461377619047619,0.005075476228514461,0.002318021087634823,0.06369228095238096,27.47700669857535,34.5,-465.5,60.0,466.5,4.0,3.0,3.1460903975923253,2.8045243568309495,1.1665966619178383,0.07960777470156537,1.0,0.4161432740414818,143.5,1999.0,0.0,0.0,,,-2.5426220351230637,2.8634361233480177,-1.1462048501173125
rulers_t/4207nm_eom_110c1.csv,ruler_t,canonical,4207,110,,True,,1,0.0092761,0.001464292387766862,0.0028922059502360597,0.05944005238095238,20.551804886543756,-19.5,-471.5,61.5,418.0,3.0,3.0,3.2223946151469516,3.7347708787635576,1.090177633902886,0.02461014142457014,1.0,0.45336309492325627,141.5,1999.0,0.0,0.0,,,-6.090813112479479,0.3372453797382976,-0.793425671030592
rulers_t/4207nm_eom_110c2.csv,ruler_t,canonical,4207,110,,True,,2,0.010458433333333333,0.0026056080439028797,0.0035086395803429187,0.07313496190476189,20.844250379691037,-202.0,-471.5,60.0,241.5,3.0,3.0,3.119783432574521,4.667160664005993,1.1048803972770136,0.035591765799354205,1.0,0.3733274708530179,143.5,1999.0,0.0,0.0,,,4.733485177544646,-1.4170040485829958,6.479886446794649
rulers_t/4207nm_eom_110c3.csv,ruler_t,canonical,4207,110,,True,,3,0.009342857142857142,-0.0038993773491552332,0.0029869773790824196,0.06679684285714287,22.362687888069118,155.0,-471.5,62.0,342.5,3.0,3.0,3.1917355434041768,5.430596217597171,1.106600366995893,0.058318294775357306,1.0,0.3765959044207537,142.5,1999.0,0.0,0.0,,,-0.18440838644585045,1.02880658436214,-0.3176860248145987
rulers_t/4207nm_eom_110c4.csv,ruler_t,canonical,4207,110,,True,,4,0.00977142857142857,-0.0037226152453676857,0.003271606172575642,0.06857358095238095,20.960218722901764,-136.0,-471.5,63.0,303.5,3.0,3.0,3.864831216875626,3.964569762249162,1.048291503420394,0.05423214856906484,1.0,0.42657175149852444,142.5,1999.0,0.0,0.0,,,0.37975638158254804,1.8518518518518516,3.7807296199334712
rulers_t/4207nm_eom_110c5.csv,ruler_t,canonical,4207,110,,True,,5,0.008425414285714285,-0.0049426610335193,0.0028685130930244693,0.06676239047619048,23.27421500656228,-205.5,-471.5,60.0,240.5,3.0,3.0,3.5911512753817436,4.025979276138952,1.1002214491402016,0.07395958019577988,1.0,0.3753106870917821,143.5,1999.0,0.0,0.0,,,-0.19640985647066223,-1.4170040485829958,-0.9272151225189411
rulers_t/4207nm_eom_070c1.csv,ruler_t,canonical,4207,70,,True,,1,0.0012011238095238092,-0.0002468896412030109,0.0012433508253515896,0.006262271428571428,5.036608574897281,-48.0,-479.5,46.5,408.5,9.0,3.0,7.024244341922038,4.2914752853210905,1.0243527369651273,0.03938550961501088,1.0,0.41544475863965286,147.5,1999.0,0.0,0.0,,"low-SNR ruler (5.0) — M2 pooled path, not excluded",0.7660953108929841,-0.029325685194634576,-1.337600525192846
rulers_t/4207nm_eom_070c2.csv,ruler_t,canonical,4207,70,,True,,2,0.001079804761904762,-6.0249057463782504e-05,0.0012538343904894616,0.0042278,3.371896665196419,80.0,-479.5,52.5,418.0,8.0,3.0,3.671138736434816,4.768996744033346,1.0486627964390887,0.014236437013652186,1.0,0.34216280354910406,149.5,1999.0,0.0,0.0,,"low-SNR ruler (3.4) — M2 pooled path, not excluded",-1.147021320173192,1.0263989818122101,-0.9272936156244799
rulers_t/4207nm_eom_070c3.csv,ruler_t,canonical,4207,70,,True,,3,0.0010376857142857143,4.933747878396473e-05,0.0012801481389855198,0.007273995238095238,5.682151164051739,157.0,-259.0,41.0,390.5,4.0,2.0,4.875373255587411,3.5558337821917063,1.0123948081124634,0.006772546716526154,1.0,0.4079449192865188,139.0,1998.0,0.0,0.0,,"low-SNR ruler (5.7) — M2 pooled path, not excluded",1.6336278946706442,-1.911057151850353,0.6239376476928824
rulers_t/4207nm_eom_070c4.csv,ruler_t,canonical,4207,70,,True,,4,0.0009754761904761903,0.00010699372102306989,0.0012749063564165837,0.005392666666666666,4.2298531492336355,129.0,-259.0,52.5,367.5,7.0,3.0,4.343613138430789,3.726460790417613,1.0028622204883686,0.01981083516655989,1.0,0.40967586147719826,140.0,1998.0,0.0,0.0,,"low-SNR ruler (4.2) — M2 pooled path, not excluded",0.06537710514966553,1.0263989818122101,0.3123577841214598
rulers_t/4207nm_eom_070c5.csv,ruler_t,canonical,4207,70,,True,,5,0.0009776309523809525,-3.466572529256056e-05,0.0012853899215544559,0.0028358404761904756,2.2062102935745904,-124.0,-284.0,24.5,150.5,15.0,3.0,4.659986747644837,3.2430220939229635,0.9743329178814345,0.012218032967940136,1.0,0.19781368713201486,140.0,2000.0,0.0,0.0,,"low-SNR ruler (2.2) — M2 pooled path, not excluded",-2.145107301147847,-5.620756328971626,0.8312259027403602
rulers_t/4207nm_eom_090c1.csv,ruler_t,canonical,4207,90,,True,,1,0.0025934761904761903,-6.95446045424362e-05,0.0017384896068132723,0.023218452380952378,13.355531312903745,39.0,-335.5,51.0,355.5,5.0,2.0,5.520884313823166,5.217097720936171,1.0441965940912443,0.002992234744934538,1.0,0.2545809215627969,138.5,1999.0,0.0,0.0,,,0.70911679172242,0.5395926075812761,0.0
rulers_t/4207nm_eom_090c2.csv,ruler_t,canonical,4207,90,,True,,2,0.002780590476190476,-0.0002959517212910723,0.0016752737090319062,0.023725771428571428,14.162325416234156,303.5,-335.5,46.5,337.0,2.0,3.0,3.881455289928481,4.5445863173359395,1.1291948922748534,0.012461376459765684,1.0,0.3155268611997002,138.5,1999.0,0.0,0.0,,,0.9130503202410651,-1.5176042088223392,-0.810195075626257
rulers_t/4207nm_eom_090c3.csv,ruler_t,canonical,4207,90,,True,,3,0.0028485523809523806,3.575261105523371e-05,0.0017911171038053888,0.024112947619047618,13.462518764304969,30.0,-335.5,49.0,342.5,2.0,2.0,3.7132643237011163,5.152848017799996,1.1007595751195731,0.0014812315362044142,1.0,0.23645150025347836,145.5,1999.0,0.0,0.0,,,1.0686884872935012,-0.2997736708784868,0.561516353660457
rulers_t/4207nm_eom_090c4.csv,ruler_t,canonical,4207,90,,True,,4,0.00293087619047619,-0.00015894576603950713,0.0017384896068132723,0.01977649523809524,11.375676426588722,22.5,-335.5,49.0,340.5,8.0,3.0,3.4255222206513585,3.5647077922762893,1.0660070163913395,0.008029067757546766,1.0,0.3254953490066271,146.0,1999.0,0.0,0.0,,,-2.5953947975343135,-0.2997736708784868,0.0
rulers_t/4207nm_eom_090c5.csv,ruler_t,canonical,4207,90,,True,,5,0.0028586047619047618,0.0005974466979094628,0.0016489075427101585,0.021154823809523805,12.829599757154096,42.0,-335.5,61.5,354.0,5.0,2.0,4.827921616985177,3.7324868891663354,1.067021862493123,0.0282133879528155,1.0,0.24829209034537722,145.5,1999.0,0.0,0.0,,,-1.5560713384952183,4.21556724672872,-1.1481122589098516
rulers_t/4207nm_eom_090c6.csv,ruler_t,canonical,4207,90,,True,,6,0.002893542857142857,-8.217367701261073e-05,0.0018648165667246271,0.021454404761904765,11.504833850541871,-27.5,-335.5,55.5,281.5,4.0,3.0,3.1978509250131593,4.213767421686879,1.0856465722574529,0.003826323976201047,1.0,0.3403484689021645,144.5,1999.0,0.0,0.0,,,-1.330173451630626,2.1920949682989344,1.61904654416194
t_sweep/4121nm_110c1.csv,t_sweep,canonical,4121,110,,False,,1,0.0007706690476190475,0.0005510492216952283,0.0025998193185408154,0.2604372404761905,100.1751308711578,45.0,-464.0,59.5,463.5,1.0,1.0,5.40078796174651,2.2857209023340115,1.0243920340925483,0.0021148039200435823,1.0,0.0055983989204887825,110.0,2000.0,0.0,0.0,,,0.0935616565042356,-1.2295081967213115,-1.3472696134722713
t_sweep/4121nm_110c2.csv,t_sweep,canonical,4121,110,,False,,2,0.0006863166666666667,0.00048250212927421893,0.002785588092783905,0.26313926904761903,94.46452967302812,41.0,-464.0,60.0,463.5,1.0,1.0,4.901855443780978,3.3296054321940707,1.0341303970943576,0.0018327210528289088,1.0,0.008923325999977414,110.0,2000.0,0.0,0.0,,,0.6132808586928559,-0.6744907594765952,2.9429345660317527
t_sweep/4121nm_110c3.csv,t_sweep,canonical,4121,110,,False,,3,0.0005935380952380952,0.0003268479532812656,0.002785483257132524,0.2602741571428572,93.43949796732674,46.0,-464.0,61.5,462.0,1.0,1.0,4.70477522568875,3.8759525532083945,1.0422726680369914,0.0012551554595000266,1.0,0.006725134517138144,110.0,2000.0,0.0,0.0,,,0.04649490113586774,1.0373443983402488,2.940942057862428
t_sweep/4121nm_110c4.csv,t_sweep,canonical,4121,110,,False,,4,0.000801595238095238,0.00041857177189306717,0.002599819318540816,0.2575833857142857,99.07741814106447,40.5,-464.0,62.5,463.5,1.0,1.0,4.507459911959668,2.3817467317435432,1.0525512496430907,0.0016241827276514368,1.0,0.016600273348546905,110.0,2000.0,0.0,0.0,,,-0.5324087599992089,1.867219917012448,-1.3472696134722664
t_sweep/4121nm_110c5.csv,t_sweep,canonical,4121,110,,False,,5,0.0009731190476190475,9.527580742447858e-05,0.002661672352854259,0.25962746666666664,97.54298510417846,41.5,-464.0,60.5,464.0,1.0,1.0,4.980352747026168,2.1583846853009687,1.0189478564406886,0.0003667877314499584,1.0,0.003620035985394701,110.0,2000.0,0.0,0.0,,,-0.1398533134068136,-0.1686226898691488,-0.22508415519518177
t_sweep/4121nm_070c1.csv,t_sweep,canonical,4121,70,,False,,1,0.0012476333333333333,-0.0003093561824521725,0.0015172863824041787,0.022171823809523806,14.612814078244075,-0.5,-500.0,54.5,470.5,3.0,1.0,5.405044225734965,3.1918683607735088,0.9598608906350473,0.013945695537600762,1.0,-0.00014938807878308642,110.0,2000.0,0.0,0.0,,,4.674761768107093,-0.7194568101083683,3.3340703480551914
t_sweep/4121nm_070c2.csv,t_sweep,canonical,4121,70,,False,,2,0.001127990476190476,0.00013829344271288068,0.001390802169015756,0.01937975238095238,13.934226457719044,43.0,-465.5,65.0,464.5,1.0,1.0,4.568751620105076,4.935309647212297,1.0001344500761902,0.007128839757826588,1.0,0.004446668005314724,110.0,1999.0,0.0,0.0,,,-2.0441983234246957,2.428166734115743,-1.6474104311695907
t_sweep/4121nm_070c3.csv,t_sweep,canonical,4121,70,,False,,3,0.0011681999999999999,0.0006094771376953078,0.0014329461008700008,0.019911938095238092,13.895803954627974,27.5,-465.5,57.5,469.5,1.0,1.0,6.994272475182899,3.761520591368361,1.0452639152783603,0.030578020966388113,1.0,0.01846763152109031,110.0,1999.0,0.0,0.0,,,-0.48115240291562505,0.06744907594765952,0.1350325126043898
t_sweep/4121nm_070c4.csv,t_sweep,canonical,4121,70,,False,,4,0.0011863809523809522,0.0004328827566582332,0.0014119265527685677,0.020535061904761905,14.544001502412327,43.0,-465.5,59.5,464.5,1.0,1.0,6.78900023093115,4.667696235784596,1.072837744798452,0.021059097650019433,1.0,0.0028272665426012995,110.0,1999.0,0.0,0.0,,,0.9615175174564224,0.5901794145420208,-0.6731471523860071
t_sweep/4121nm_070c5.csv,t_sweep,canonical,4121,70,,False,,5,0.0013184571428571427,0.0004598543485417326,0.001443429666007872,0.020112961904761903,13.934147522676877,44.0,-465.5,49.5,470.5,2.0,1.0,5.776232990429007,3.284589592404142,0.9927303193746616,0.022840718158195564,1.0,-0.033562160473482705,110.0,1999.0,0.0,0.0,,,-0.12906830987144438,-2.428166734115743,0.671974002911363
t_sweep/4121nm_090c1.csv,t_sweep,canonical,4121,90,,False,,1,0.0005208999999999999,0.00010767635251723031,0.0018439542721002628,0.11835516666666666,64.18552154867713,48.5,-451.5,61.0,469.0,1.0,1.0,4.52717315732768,2.3615166035260717,1.0590974043176982,0.0009088633744876346,1.0,0.008119859789902597,110.0,1999.0,0.0,0.0,,,0.2543289605642009,0.6224066390041494,-1.9086729498019945
t_sweep/4121nm_090c2.csv,t_sweep,canonical,4121,90,,False,,2,0.00041469999999999994,-0.0001062780982092063,0.002107301428363601,0.11984478095238092,56.87120947165348,45.5,-451.5,59.0,467.5,2.0,1.0,4.868487527140898,3.1387089058223494,0.9938405522109212,0.0008859110865510561,1.0,0.005464865059706101,110.0,1999.0,0.0,0.0,,,0.9872025128242321,-1.2396694214876034,2.3592871369390545
t_sweep/4121nm_090c3.csv,t_sweep,canonical,4121,90,,False,,3,0.0004281761904761905,-6.90653083858261e-05,0.0019591162351397834,0.11669358095238094,59.564398915848315,48.5,-451.5,60.5,467.5,1.0,1.0,4.020243271060745,3.097933477474123,1.0632639173651484,0.0005912599691802715,1.0,0.01198528826903787,110.0,1999.0,0.0,0.0,,,-0.7983179636293963,0.20746887966804978,-1.0663232257181767e-14
t_sweep/4121nm_090c4.csv,t_sweep,canonical,4121,90,,False,,4,0.0003668428571428571,-4.398419062866932e-05,0.0019096862255147187,0.11478076190476189,60.10451370032004,43.5,-451.5,60.0,466.0,2.0,1.0,4.256949133058855,2.78597088116597,1.104151644531042,0.00038281856392014164,1.0,0.00951390440602598,110.0,1999.0,0.0,0.0,,,-1.6048226042957163,-0.4132231404958678,-0.6749679372335649
t_sweep/4121nm_090c5.csv,t_sweep,canonical,4121,90,,False,,5,0.0003847952380952381,0.00040254231800901456,0.0020085462447648503,0.1188188,59.15661653780377,57.0,-451.5,60.5,462.0,1.0,1.0,5.48825908770485,2.4230586216051853,1.0447554237704435,0.0033844793558848057,1.0,0.00914287997441364,110.0,1999.0,0.0,0.0,,,0.5507054190197733,0.20746887966804978,0.8685181422664215
t_sweep/4154nm_110c1.csv,t_sweep,canonical,4154,110,,False,,1,0.0060666619047619035,0.006551004193894211,0.00568953563597438,0.9610145857142857,168.90914253843215,84.0,-420.0,60.5,467.0,1.0,1.0,3.9602535715540124,2.8774094001953454,1.1496033078177212,0.006813349962769385,1.0,0.004611829181841121,110.0,2000.0,0.0,0.0,,,0.09280008949996742,0.0,-0.6748261601526099
t_sweep/4154nm_110c2.csv,t_sweep,canonical,4154,110,,False,,2,0.006229378571428571,0.006882721266753503,0.00568953563597438,0.9524575119047619,167.40514039185655,82.0,-414.0,60.0,466.5,1.0,1.0,3.5731528248723325,3.1076716880932205,1.120687900014061,0.0072226632895809415,1.0,0.0068270712757418205,110.0,2000.0,0.0,0.0,,,-0.5736960859776133,-0.4132231404958678,-0.6748261601526099
t_sweep/4154nm_110c3.csv,t_sweep,canonical,4154,110,,False,,3,0.006267673809523809,0.0069395579309214335,0.005900360130896979,0.9702703833333333,164.44256991239476,83.5,-414.0,60.5,466.5,1.0,1.0,4.286856973022581,4.315545690498143,1.1503684560590193,0.0071486136968617565,1.0,0.002239643984293808,110.0,2000.0,0.0,0.0,,,0.7073181020329684,0.0,1.8522613157918852
t_sweep/4154nm_110c4.csv,t_sweep,canonical,4154,110,,False,,4,0.005769949999999999,0.0077398512864883,0.00611097495451682,0.9660109785714284,158.07804577196285,87.0,-414.0,61.0,469.0,1.0,1.0,4.130795102747918,3.309340957043908,1.1567971386996316,0.008008171265595037,1.0,0.002747775375292581,110.0,2000.0,0.0,0.0,,,0.48471727251447616,0.4132231404958678,3.703140690786099
t_sweep/4154nm_110c5.csv,t_sweep,canonical,4154,110,,False,,5,0.005688583333333333,0.009176605316062094,0.005689640471625758,0.9249437595238095,162.5662929207047,84.5,-414.0,60.5,469.0,1.0,1.0,4.4901770694120255,3.138453069461474,1.1400592366281523,0.009916296984506507,1.0,0.0003839702902761598,110.0,2000.0,0.0,0.0,,,-2.001479551380206,0.0,-0.6738199581245603
t_sweep/4154nm_070c1.csv,t_sweep,canonical,4154,70,,False,,1,0.0013585714285714286,0.00013987025365359292,0.0014750376148985553,0.03265075238095238,22.13553881688496,49.0,-445.0,54.5,466.5,2.0,1.0,4.559209828511511,4.493076431900393,1.005081691173322,0.004277403676449027,1.0,0.012743861136081312,110.0,1998.0,0.0,0.0,,,-11.74030319127566,-2.6086956521739126,-2.2988624449784383
t_sweep/4154nm_070c3.csv,t_sweep,canonical,4154,70,,False,,3,0.0014608761904761902,0.00017212484852145615,0.0016199204851039433,0.042669904761904756,26.34074027353683,54.0,-445.0,57.5,467.5,1.0,1.0,5.56823627020262,3.6078942355665107,1.0257008137109234,0.004027819190309389,1.0,0.008669430554606181,110.0,1998.0,0.0,0.0,,,0.6210983399766382,0.8093889113719143,1.7980456585516427
t_sweep/4154nm_070c4.csv,t_sweep,canonical,4154,70,,False,,4,0.0016181999999999998,0.0004931145986115756,0.0015145606554683323,0.043068923809523804,28.43657905282508,56.0,-445.0,52.0,469.5,2.0,1.0,5.611389801182838,4.481756451273204,1.0616676798427955,0.011432255165957495,1.0,0.0005294422226117166,110.0,1998.0,0.0,0.0,,,0.732473032590018,-4.782608695652173,-1.4877523450655887
discarded/4154nm_070c4.csv,t_sweep,discarded,4154,70,,False,,4,0.0013938714285714284,0.00040157095608312935,0.001396096369410381,0.028666571428571427,20.533375816082305,54.0,-445.0,59.0,465.0,1.0,1.0,4.868216943269033,2.8295283550790207,1.0379728686709264,0.013987323201454321,1.0,-0.00311661054952713,110.0,1998.0,0.0,0.0,,,-3.126451318078194,1.3489815189531904,-1.9808552005922158
t_sweep/4154nm_070c5.csv,t_sweep,canonical,4154,70,,False,,5,0.0015254714285714284,-0.0005545291863069043,0.0015870545083967152,0.038028233333333335,23.96151684276457,62.5,-445.0,57.5,459.5,1.0,1.0,4.773972705593747,4.0539842930821335,1.05697729759878,0.014560166065934623,1.0,-0.006362581808383453,110.0,1998.0,0.0,0.0,,,-5.439045920622087,0.8093889113719143,1.237162759092993
t_sweep/4154nm_090c1.csv,t_sweep,canonical,4154,90,,False,,1,0.0012713857142857142,-0.0004862850205440925,0.002897447732804995,0.2847810380952381,98.28685945597505,74.5,-431.0,60.0,465.0,1.0,1.0,4.1780916681870455,3.0821668722772753,1.0848172400836935,0.001705013775709653,1.0,0.005576553510767702,110.0,1998.0,0.0,0.0,,,-0.7891242476876312,-1.2195121951219512,0.0
t_sweep/4154nm_090c2.csv,t_sweep,canonical,4154,90,,False,,2,0.0008992857142857142,0.0010889463869560494,0.002897447732804995,0.2681155714285714,92.53508472058301,74.0,-431.0,62.0,464.0,1.0,1.0,4.0056101371630675,2.5697702516511325,0.9816394422431528,0.004055389105460017,1.0,0.0007578406917908657,110.0,1998.0,0.0,0.0,,,-2.474322138606881,1.011736139214893,0.0
t_sweep/4154nm_090c3.csv,t_sweep,canonical,4154,90,,False,,3,0.0010919238095238094,0.0013309196155352455,0.002897447732804994,0.29856424285714284,103.04387529645113,76.5,-431.0,61.0,461.0,1.0,1.0,3.893981452715736,1.8837586020069546,1.02619293299156,0.0044510461915823136,1.0,0.005022498860114946,110.0,1998.0,0.0,0.0,,,1.144904262843967,0.0,-2.2451528499585338e-14
t_sweep/4154nm_090c4.csv,t_sweep,canonical,4154,90,,False,,4,0.0012616571428571428,0.001315669346889613,0.002897447732804995,0.29994615714285716,103.52081721677229,74.0,-423.0,58.5,468.0,1.0,1.0,3.954804513565353,4.598335772049029,1.1473375286579903,0.004379772207728592,1.0,0.004847311567047597,110.0,1998.0,0.0,0.0,,,1.3949430925891813,-2.4390243902439024,0.0
t_sweep/4154nm_090c5.csv,t_sweep,canonical,4154,90,,False,,5,0.0011988476190476188,0.0016462010264664856,0.002897552568456374,0.2866056428571429,98.91300885347789,72.0,-423.0,62.0,464.5,1.0,1.0,3.7437620439776516,3.03510682095964,1.0780125483439729,0.005735168744552931,1.0,0.003392315059724382,110.0,1998.0,0.0,0.0,,,-0.45072419960647164,1.011736139214893,0.0018091034083509727
t_sweep/4192nm_110c1.csv,t_sweep,canonical,4192,110,,False,,1,0.006630661904761905,-0.0002846403023722291,0.011063096618693312,1.837709357142857,166.1116611815249,895.0,398.5,62.0,467.5,1.0,1.0,4.356139923435011,2.9249192402044213,1.0328932049839548,0.00015473375099528974,1.0,0.008408779669459287,110.0,1999.0,0.0,0.0,,,0.42862242201679196,0.6122448979591836,0.0001533979439641986
t_sweep/4192nm_110c2.csv,t_sweep,canonical,4192,110,,False,,2,0.0074472380952380944,-0.0024786444054322003,0.011523954142154144,1.8188441904761903,157.8316060650514,873.0,374.0,62.0,468.5,1.0,1.0,3.5138647621746557,2.3709011849507893,0.976004144690526,0.0013613952058084125,1.0,0.010871118365635547,110.0,1999.0,0.0,0.0,,,-0.32679747062032843,0.6122448979591836,2.08310629930587
t_sweep/4192nm_110c3.csv,t_sweep,canonical,4192,110,,False,,3,0.007154109523809523,-0.00034282614184113873,0.01014117190046886,1.8239111904761902,179.85211259379844,33.0,-471.5,61.5,464.5,1.0,1.0,3.7193768625548094,2.495107100207858,1.0049066442115728,0.0001877741183274836,1.0,0.008770019983881383,110.0,1999.0,0.0,0.0,,,-0.13880569715106966,0.0,-4.166666666666685
t_sweep/4192nm_110c4.csv,t_sweep,canonical,4192,110,,False,,4,0.007489114285714285,-0.00141638977399672,0.011062991783041924,1.8384421904761905,166.1794771730984,31.0,-471.5,60.5,465.0,1.0,1.0,4.492561000854395,2.557127594123699,1.017766016179213,0.0007696588946624527,1.0,0.006894382605066486,110.0,1999.0,0.0,0.0,,,0.4487321174489328,-1.0121457489878543,-0.0003068656776610431
t_sweep/4192nm_110c5.csv,t_sweep,canonical,4192,110,,False,,5,0.007572871428571428,0.004102292302335769,0.011063096618693301,1.8202679857142854,164.5351250606074,31.0,-471.5,61.0,466.0,1.0,1.0,4.069769763404378,2.7715637485143523,1.0227676967096577,0.002251421242474512,1.0,0.008007577929314903,110.0,1999.0,0.0,0.0,,,-0.28791317828094554,-0.6072874493927125,0.00015339794391343344
t_sweep/4192nm_070c1.csv,t_sweep,canonical,4192,70,,False,,1,0.0018338404761904761,-0.00014789705599512894,0.0017383847711618943,0.06631010714285714,38.14466638391975,53.0,-450.0,57.0,471.0,1.0,1.0,4.861148320811787,2.3362280095670123,1.0369354604972876,0.002229269621728469,1.0,0.001830670752474498,110.0,2000.0,0.0,0.0,,,3.2819246757400826,-0.5058680696074465,0.6744907594765998
t_sweep/4192nm_070c2.csv,t_sweep,canonical,4192,70,,False,,2,0.0019199714285714283,0.0001056191237508928,0.001580502280185545,0.05811199047619047,36.768052286117765,50.5,-450.0,59.5,466.5,1.0,1.0,4.587819833242432,2.4741407616478717,1.0843236187272693,0.0018166012439768309,1.0,-0.004493573011721096,110.0,2000.0,0.0,0.0,,,-1.2928279372523344,1.5176042088223392,-4.5410686286334645
t_sweep/4192nm_070c3.csv,t_sweep,canonical,4192,70,,False,,3,0.0017369238095238096,0.0001185128875691344,0.0015805022801855452,0.06191313333333333,39.17307435081014,54.5,-450.0,55.5,466.5,1.0,1.0,4.3876558021706185,2.433496719908037,1.070917534130501,0.0019132230069444046,1.0,-0.001187234431932225,110.0,2000.0,0.0,0.0,,,1.1075856378743163,-1.6187778227438285,-4.541068628633458
t_sweep/4192nm_070c4.csv,t_sweep,canonical,4192,70,,False,,4,0.0017620428571428568,-0.00018687520997682637,0.0017384896068132728,0.05850680476190476,33.65381336340013,45.5,-450.0,61.5,463.5,1.0,1.0,3.7800753353772554,2.6422289243451593,1.038999118566844,0.0031924794582775824,1.0,0.007624090530566617,110.0,2000.0,0.0,0.0,,,-1.018430432963579,2.86658572777553,0.6753864975369919
t_sweep/4192nm_070c5.csv,t_sweep,canonical,4192,70,,False,,5,0.0019127976190476189,0.0005248371786223813,0.0017383847711618936,0.06083991666666665,34.997957688045524,75.5,-450.0,57.5,443.5,1.0,1.0,4.668849027283459,2.6358354528068455,1.021628630258009,0.008622213651395046,1.0,0.0058456752802626,110.0,2000.0,0.0,0.0,,,0.22356110463118387,-0.25293403480372323,0.6744907594765869
t_sweep/4192nm_090c1.csv,t_sweep,canonical,4192,90,,False,,1,0.0032253,0.0020883533359595348,0.0033188870513474397,0.3847152285714286,115.91693920865355,39.0,-465.5,62.5,465.5,1.0,1.0,4.847342269286231,2.077696279885766,1.1130775477776205,0.00542288120584815,1.0,0.002684426451137183,110.0,1999.0,0.0,0.0,,,0.09549840928147214,2.0833333333333335,-0.6744907594765936
t_sweep/4192nm_090c2.csv,t_sweep,canonical,4192,90,,False,,2,0.0030661571428571427,0.002362862795941271,0.0035032929621226037,0.3897738809523809,111.25928809454221,35.5,-465.5,60.5,466.5,1.0,1.0,3.8414794754368238,2.048600494631104,1.1544539110941017,0.00605607519769575,1.0,0.005358125133792683,110.0,1999.0,0.0,0.0,,,0.5981950124019436,-0.22483025315886507,1.3497488577011665
t_sweep/4192nm_090c3.csv,t_sweep,canonical,4192,90,,False,,3,0.003057795238095238,0.005818333805524141,0.0035032929621226037,0.37592126666666664,107.30511856447781,34.0,-465.5,59.5,469.5,1.0,1.0,3.7667204657108053,2.2412574305350934,1.0440254824694368,0.015462055454480672,1.0,-0.0033158223440050406,110.0,1999.0,0.0,0.0,,,-0.5789913762371156,-1.0791852151625523,1.3497488577011665
discarded/4192nm_090c3.csv,t_sweep,discarded,4192,90,,False,,3,0.0027646619047619046,0.003086168902193776,0.003134585976223655,0.35993300476190476,114.8263303326357,32.5,-465.5,60.0,469.0,1.0,1.0,4.760832486270183,2.530347958313252,1.0487780341835498,0.00856571276460473,1.0,0.006379126019277958,110.0,1999.0,0.0,0.0,,,-1.9007793233392645,-0.3372453797382976,-0.674490759476592
t_sweep/4192nm_090c4.csv,t_sweep,canonical,4192,90,,False,,4,0.0029154238095238094,0.0039292173615101175,0.0033188870513474393,0.4205862476190476,126.72508618462724,38.5,-465.5,59.5,464.0,1.0,1.0,4.216118156771221,3.0301552846304953,1.1052124429717294,0.009332897036861739,1.0,-0.0009675859282358848,110.0,1999.0,0.0,0.0,,,3.921338361469157,-1.0791852151625523,-0.6744907594765984
t_sweep/4192nm_090c5.csv,t_sweep,canonical,4192,90,,False,,5,0.0028149142857142855,0.004738854677788142,0.003134585976223654,0.36339195714285716,115.92981015650693,35.5,-465.5,63.0,467.5,1.0,1.0,3.953824144406873,3.320871928818059,1.0896885540741288,0.013027574579063322,1.0,0.006191828470564464,110.0,1999.0,0.0,0.0,,,-2.322789958881966,2.5,-2.0227053759175924
t_sweep/4207nm_110c1.csv,t_sweep,canonical,4207,110,,False,,1,0.004166557142857143,0.0006467749598144392,0.0047412971692538785,0.651170119047619,137.3400771565836,27.0,-471.5,61.0,468.5,1.0,1.0,3.834780003831473,2.610283425643401,1.0341783287662898,0.0009922571167725442,1.0,0.006224580435440522,110.0,1999.0,0.0,0.0,,,0.7088551969175533,-0.8064516129032259,0.0
t_sweep/4207nm_110c2.csv,t_sweep,canonical,4207,110,,False,,2,0.004238342857142857,0.0004217856574935364,0.0047412971692538785,0.6487580571428571,136.8313425595616,26.0,-471.5,62.5,465.5,1.0,1.0,3.8032204438355506,2.8448410408472733,0.9711646657468945,0.0006494930848207688,1.0,0.007306115337498376,110.0,1999.0,0.0,0.0,,,0.5210196463037351,0.8130081300813008,0.0
t_sweep/4207nm_110c3.csv,t_sweep,canonical,4207,110,,False,,3,0.00449677619047619,0.0006373242673600345,0.0047412971692538785,0.6449102428571428,136.0197894869834,27.5,-471.5,62.0,465.0,1.0,1.0,3.9154192145133573,2.9037590983545427,1.05302162107271,0.0009872489236206936,1.0,0.010935492158334685,110.0,1999.0,0.0,0.0,,,0.0713420904136278,0.4065040650406504,0.0
t_sweep/4207nm_110c4.csv,t_sweep,canonical,4207,110,,False,,4,0.004410633333333334,0.0010948909332312584,0.0047412971692538785,0.6392246809523809,134.82063201977562,25.5,-471.5,62.0,466.0,1.0,1.0,4.176188918895919,2.7154354906857487,1.0102650138777987,0.0017111292396726299,1.0,0.0072582065543191285,110.0,1999.0,0.0,0.0,,,-0.5882086658240714,0.4065040650406504,0.0
t_sweep/4207nm_110c5.csv,t_sweep,canonical,4207,110,,False,,5,0.004353190476190476,-0.0017620680142587776,0.0047412971692538785,0.6391959714285714,134.8145768153063,23.0,-471.5,61.0,465.5,1.0,1.0,3.1193370211588074,2.527145845766135,1.048106326238583,0.0027539377983098394,1.0,0.0059538440902260886,110.0,1999.0,0.0,0.0,,,-0.5904278995959363,-0.8064516129032259,0.0
t_sweep/4207nm_070c1.csv,t_sweep,canonical,4207,70,,False,,1,0.0008906166666666666,5.6344206609718755e-05,0.0014934886895412096,0.021489959523809523,14.38910095155197,8.0,-484.0,62.5,465.5,1.0,1.0,4.9098494805970665,3.4095684967646194,0.9690952939233846,0.0026205742474302604,1.0,0.02106280579920307,110.0,2000.0,0.0,0.0,,,-1.6254096915799643,2.3607176581680833,-0.820858254983384
t_sweep/4207nm_070c2.csv,t_sweep,canonical,4207,70,,False,,2,0.0011622619047619047,8.622978500688604e-05,0.0016086506525807309,0.021184690476190475,13.16923002654693,25.0,-479.5,59.5,464.0,1.0,1.0,5.636043942388447,4.12368189037654,0.9515680383256638,0.004066311722547757,1.0,-0.001644751360765766,110.0,1999.0,0.0,0.0,,,-2.0447684403907864,0.0,2.436546234364706
discarded/4207nm_070c2.csv,t_sweep,discarded,4207,70,,False,,2,0.0011195380952380952,-4.307988193491105e-06,0.0014843679878712615,0.02313652857142857,15.586787616330076,15.5,-479.5,56.5,470.0,2.0,1.0,5.17560762152165,5.5751004668561785,0.9745779644495762,0.000186012356694351,1.0,-0.005473441263886848,110.0,1999.0,0.0,0.0,,,0.4696303197003228,-2.023472278429786,-0.2590563809363297
t_sweep/4207nm_070c3.csv,t_sweep,canonical,4207,70,,False,,3,0.0010835523809523807,7.753743743326325e-05,0.0014474658385859528,0.022885671428571425,15.810854265775777,31.5,-479.5,60.5,463.0,1.0,1.0,5.188447146591528,4.0286806517165425,0.986160438818797,0.0033846461633249623,1.0,0.0010687002318390288,110.0,1999.0,0.0,0.0,,,0.9624569536925289,0.8093889113719143,-1.4063282370105203
t_sweep/4207nm_070c4.csv,t_sweep,canonical,4207,70,,False,,4,0.001142990476190476,-0.0001955099975037309,0.00150737941334889,0.023442638095238093,15.551916052214379,12.5,-479.5,57.0,465.5,1.0,1.0,4.392784919535059,4.160959542302928,0.982244754850111,0.008331591637116192,1.0,0.003928938804578381,110.0,1999.0,0.0,0.0,,,1.5512950163427799,-2.023472278429786,-0.49142311890186946
t_sweep/4207nm_070c5.csv,t_sweep,canonical,4207,70,,False,,5,0.0012347047619047618,-6.59528436576425e-05,0.0016134206747184625,0.02246065714285714,13.92114127134045,13.5,-479.5,58.5,468.0,1.0,1.0,4.081670086130305,3.3142272722958275,0.9631090222323727,0.002933435580042143,1.0,0.006815823194366107,110.0,1999.0,0.0,0.0,,,0.21638006317385736,-0.6744907594765952,2.5439454629077853
t_sweep/4207nm_090c1.csv,t_sweep,canonical,4207,90,,False,,1,0.0010886285714285715,0.0008401032000598292,0.002107301428363601,0.11842547142857143,56.197689535347244,54.5,-450.0,58.0,466.0,1.0,1.0,4.173109685038686,3.7306032591479172,1.0414803506711026,0.007090393125150073,1.0,-0.0030095643347571345,110.0,2000.0,0.0,0.0,,,-1.5179135656189051,1.327433628318584,0.6750277744124843
t_sweep/4207nm_090c2.csv,t_sweep,canonical,4207,90,,False,,2,0.0009330952380952381,0.0002264724107104535,0.0018438494364488842,0.12462311428571429,67.5885524176687,49.0,-450.0,56.5,469.5,1.0,1.0,6.903252547446759,4.21654555727372,1.0890120230565916,0.001816349846515159,1.0,0.002234932925913574,110.0,2000.0,0.0,0.0,,,0.21105446343571244,0.0,-6.248756218905461
t_sweep/4207nm_090c3.csv,t_sweep,canonical,4207,90,,False,,3,0.001112557142857143,0.0005685107783322603,0.002107196592712222,0.13111989047619044,62.22480186693115,52.0,-450.0,56.5,466.5,1.0,1.0,4.469174153262027,4.073376012068847,1.1186045830011058,0.004333640921140613,1.0,0.0015646409552629965,110.0,2000.0,0.0,0.0,,,1.5367631233305006,0.0,0.6744907594765941
t_sweep/4207nm_090c4.csv,t_sweep,canonical,4207,90,,False,,4,0.0010527357142857143,0.00040399611493420224,0.002107196592712222,0.12684855476190476,60.19777898303974,59.5,-450.0,55.5,463.5,1.0,1.0,3.924501851120273,2.980466533894315,1.0483467153461195,0.0031832772366595604,1.0,-0.0007930173727392006,110.0,2000.0,0.0,0.0,,,0.5657864991417194,-0.8849557522123893,0.6744907594765941
t_sweep/4207nm_090c5.csv,t_sweep,canonical,4207,90,,False,,5,0.0008373642857142856,0.0007060647105702014,0.0018438494364488838,0.09618331190476191,52.16440670448873,54.5,-450.0,56.5,470.5,1.0,1.0,5.64468576986169,3.645242337675933,1.1039672868018233,0.007337153028310075,1.0,-0.002661276826971016,110.0,2000.0,0.0,0.0,,,-6.136244451514598,0.0,-6.248756218905472
