rate_laser,rate_laser_err,block_chi2_red,n_blocks,scatter_pct,status
0.04257061052233977,5.030214706193779e-05,6.775693626272842,20,0.6462453990826761,MEASURED
