T,chi2_red_4peak,verdict,sigma_laser_free_common,sigma_laser_globalA_tied,status
70,0.19036938808213508,A (shared),1.040523682704316,1.478,DIAGNOSTIC
90,0.5837551909482322,A (shared),1.2462724237190876,1.634,DIAGNOSTIC
110,0.32698659646783423,A (shared),1.1475315782990032,1.057,DIAGNOSTIC
