T,chi2_red_4peak,verdict,sigma_laser_free_common,sigma_laser_globalA_tied,status
70,0.1903811248123255,A (shared),1.0405372127175936,1.478,DIAGNOSTIC
90,0.5837736541825266,A (shared),1.2462887999232926,1.634,DIAGNOSTIC
110,0.3270851070720828,A (shared),1.1475415339890966,1.057,DIAGNOSTIC
