w0_um,T_C,collection,transit_added_fwhm,nat_conv_transit,nat_conv_transit_err,status
32,110,thin,2.1578240366935475,5.65036173895151,0.00991740244564189,ENVELOPE
40,110,thin,1.6580479061762539,5.150585608434216,0.007442515701106842,ENVELOPE
50,110,thin,1.253838512728815,4.746376214986777,0.005577796873660983,ENVELOPE
65,110,thin,0.8821355386652927,4.374673240923255,0.003976861199501145,ENVELOPE
90,110,thin,0.5488293804846993,4.041367082742662,0.002597585210472416,ENVELOPE
50,110,0.3mm,1.253838512728815,4.746376214986777,0.005577796873660983,ENVELOPE
50,110,1.0mm,1.2499557251814455,4.742493427439408,0.005522691121349606,ENVELOPE
50,110,3.0mm,1.2181841920367464,4.710721894294709,0.005096884326528374,ENVELOPE
50,110,6.0mm,1.1337976770069584,4.626335379264921,0.00414910850156562,ENVELOPE
