case,quantity,value,err,unit,basis,note,status
P_4121_25mW_130C,k2@12,13.75,0.82,MHz^n,"5 repeats, the bar on the mean at the two-sided 95 per cent t-factor 2.776","this fit predicts 14.1437 at the same window, so the pull is -1.35. The statistic is compared against its own forward prediction and is not an estimator of an untruncated cumulant",DIAGNOSTIC
P_4121_25mW_130C,k2@3.25,2.71,0.16,MHz^n,"5 repeats, the bar on the mean at the two-sided 95 per cent t-factor 2.776","this fit predicts 2.70689 at the same window, so the pull is +0.00. The statistic is compared against its own forward prediction and is not an estimator of an untruncated cumulant",DIAGNOSTIC
P_4121_25mW_130C,k2@6,6.65,0.23,MHz^n,"5 repeats, the bar on the mean at the two-sided 95 per cent t-factor 2.776","this fit predicts 6.39372 at the same window, so the pull is +3.10. The statistic is compared against its own forward prediction and is not an estimator of an untruncated cumulant",DIAGNOSTIC
P_4121_25mW_130C,k3@12,-1.4,8.5,MHz^n,"5 repeats, the bar on the mean at the two-sided 95 per cent t-factor 2.776","this fit predicts 1.3208e-06 at the same window, so the pull is -0.44. The statistic is compared against its own forward prediction and is not an estimator of an untruncated cumulant",DIAGNOSTIC
P_4121_25mW_130C,k3@3.25,0.020,0.054,MHz^n,"5 repeats, the bar on the mean at the two-sided 95 per cent t-factor 2.776","this fit predicts -2.48485e-06 at the same window, so the pull is +1.02. The statistic is compared against its own forward prediction and is not an estimator of an untruncated cumulant",DIAGNOSTIC
P_4121_25mW_130C,k3@6,-0.22,0.91,MHz^n,"5 repeats, the bar on the mean at the two-sided 95 per cent t-factor 2.776","this fit predicts 3.16627e-06 at the same window, so the pull is -0.67. The statistic is compared against its own forward prediction and is not an estimator of an untruncated cumulant",DIAGNOSTIC
P_4121_25mW_130C,k4@12,179,70,MHz^n,"5 repeats, the bar on the mean at the two-sided 95 per cent t-factor 2.776","this fit predicts 208.003 at the same window, so the pull is -1.16. The statistic is compared against its own forward prediction and is not an estimator of an untruncated cumulant",DIAGNOSTIC
P_4121_25mW_130C,k4@3.25,-6.6,1.5,MHz^n,"5 repeats, the bar on the mean at the two-sided 95 per cent t-factor 2.776","this fit predicts -6.63386 at the same window, so the pull is +0.13. The statistic is compared against its own forward prediction and is not an estimator of an untruncated cumulant",DIAGNOSTIC
P_4121_25mW_130C,k4@6,-17.2,4.6,MHz^n,"5 repeats, the bar on the mean at the two-sided 95 per cent t-factor 2.776","this fit predicts -15.365 at the same window, so the pull is -1.09. The statistic is compared against its own forward prediction and is not an estimator of an untruncated cumulant",DIAGNOSTIC
P_4121_25mW_130C,k5@12,4,180,MHz^n,"5 repeats, the bar on the mean at the two-sided 95 per cent t-factor 2.776","this fit predicts 6.87811e-05 at the same window, so the pull is +0.06. The statistic is compared against its own forward prediction and is not an estimator of an untruncated cumulant",DIAGNOSTIC
P_4121_25mW_130C,k5@3.25,-0.53,0.67,MHz^n,"5 repeats, the bar on the mean at the two-sided 95 per cent t-factor 2.776","this fit predicts 3.32032e-05 at the same window, so the pull is -2.17. The statistic is compared against its own forward prediction and is not an estimator of an untruncated cumulant",DIAGNOSTIC
P_4121_25mW_130C,k5@6,7,26,MHz^n,"5 repeats, the bar on the mean at the two-sided 95 per cent t-factor 2.776","this fit predicts -5.19437e-05 at the same window, so the pull is +0.77. The statistic is compared against its own forward prediction and is not an estimator of an untruncated cumulant",DIAGNOSTIC
P_4121_25mW_130C,k6@12,-13412,4200,MHz^n,"5 repeats, the bar on the mean at the two-sided 95 per cent t-factor 2.776","this fit predicts -16237.1 at the same window, so the pull is +1.88. The statistic is compared against its own forward prediction and is not an estimator of an untruncated cumulant",DIAGNOSTIC
P_4121_25mW_130C,k6@3.25,80,32,MHz^n,"5 repeats, the bar on the mean at the two-sided 95 per cent t-factor 2.776","this fit predicts 80.972 at the same window, so the pull is -0.12. The statistic is compared against its own forward prediction and is not an estimator of an untruncated cumulant",DIAGNOSTIC
P_4121_25mW_130C,k6@6,-13,180,MHz^n,"5 repeats, the bar on the mean at the two-sided 95 per cent t-factor 2.776","this fit predicts -8.2019 at the same window, so the pull is -0.07. The statistic is compared against its own forward prediction and is not an estimator of an untruncated cumulant",DIAGNOSTIC
P_4121_25mW_130C,k7@12,11820,83000,MHz^n,"5 repeats, the bar on the mean at the two-sided 95 per cent t-factor 2.776","this fit predicts -0.0183554 at the same window, so the pull is +0.39. The statistic is compared against its own forward prediction and is not an estimator of an untruncated cumulant",DIAGNOSTIC
P_4121_25mW_130C,k7@3.25,17,18,MHz^n,"5 repeats, the bar on the mean at the two-sided 95 per cent t-factor 2.776","this fit predicts -0.000939788 at the same window, so the pull is +2.63. The statistic is compared against its own forward prediction and is not an estimator of an untruncated cumulant",DIAGNOSTIC
P_4121_25mW_130C,k7@6,-370,1100,MHz^n,"5 repeats, the bar on the mean at the two-sided 95 per cent t-factor 2.776","this fit predicts 0.00121378 at the same window, so the pull is -0.94. The statistic is compared against its own forward prediction and is not an estimator of an untruncated cumulant",DIAGNOSTIC
P_4121_25mW_130C,k4/k2@3.25,-2.41,0.40,dimensionless,"5 repeats, the bar on the mean at the two-sided 95 per cent t-factor 2.776","this fit predicts -2.45073 at the same window, so the pull is +0.26. The statistic is compared against its own forward prediction and is not an estimator of an untruncated cumulant",DIAGNOSTIC
P_4121_25mW_130C,k5/k3@3.25,,,,"admitted on having a population moment, never on signal-to-noise (O17)","the denominator changes sign in 2 of 5 repeats, so the ratio has no population moment",ARTIFACT
P_4121_25mW_130C,k6/k4@3.25,-11.9,2.1,dimensionless,"5 repeats, the bar on the mean at the two-sided 95 per cent t-factor 2.776","this fit predicts -12.2059 at the same window, so the pull is +0.43. The statistic is compared against its own forward prediction and is not an estimator of an untruncated cumulant",DIAGNOSTIC
P_4121_25mW_130C,k7/k5@3.25,-44,21,dimensionless,"5 repeats, the bar on the mean at the two-sided 95 per cent t-factor 2.776","this fit predicts -28.3041 at the same window, so the pull is -2.03. The statistic is compared against its own forward prediction and is not an estimator of an untruncated cumulant",DIAGNOSTIC
P_4121_25mW_130C,k4/k2@6,-2.57,0.61,dimensionless,"5 repeats, the bar on the mean at the two-sided 95 per cent t-factor 2.776","this fit predicts -2.40315 at the same window, so the pull is -0.78. The statistic is compared against its own forward prediction and is not an estimator of an untruncated cumulant",DIAGNOSTIC
P_4121_25mW_130C,k5/k3@6,,,,"admitted on having a population moment, never on signal-to-noise (O17)","the denominator changes sign in 1 of 5 repeats, so the ratio has no population moment",ARTIFACT
P_4121_25mW_130C,k6/k4@6,2,12,dimensionless,"5 repeats, the bar on the mean at the two-sided 95 per cent t-factor 2.776","this fit predicts 0.533802 at the same window, so the pull is +0.42. The statistic is compared against its own forward prediction and is not an estimator of an untruncated cumulant",DIAGNOSTIC
P_4121_25mW_130C,k7/k5@6,,,,"admitted on having a population moment, never on signal-to-noise (O17)","the denominator changes sign in 1 of 5 repeats, so the ratio has no population moment",ARTIFACT
P_4121_25mW_130C,k4/k2@12,13.0,5.0,dimensionless,"5 repeats, the bar on the mean at the two-sided 95 per cent t-factor 2.776","this fit predicts 14.7064 at the same window, so the pull is -0.96. The statistic is compared against its own forward prediction and is not an estimator of an untruncated cumulant",DIAGNOSTIC
P_4121_25mW_130C,k5/k3@12,,,,"admitted on having a population moment, never on signal-to-noise (O17)","the denominator changes sign in 2 of 5 repeats, so the ratio has no population moment",ARTIFACT
P_4121_25mW_130C,k6/k4@12,-81,35,dimensionless,"5 repeats, the bar on the mean at the two-sided 95 per cent t-factor 2.776","this fit predicts -78.0616 at the same window, so the pull is -0.21. The statistic is compared against its own forward prediction and is not an estimator of an untruncated cumulant",DIAGNOSTIC
P_4121_25mW_130C,k7/k5@12,,,,"admitted on having a population moment, never on signal-to-noise (O17)","the denominator changes sign in 2 of 5 repeats, so the ratio has no population moment",ARTIFACT
P_4121_75mW_130C,k2@12,14.12,0.13,MHz^n,"5 repeats, the bar on the mean at the two-sided 95 per cent t-factor 2.776","this fit predicts 14.1443 at the same window, so the pull is -0.47. The statistic is compared against its own forward prediction and is not an estimator of an untruncated cumulant",DIAGNOSTIC
P_4121_75mW_130C,k2@3.25,2.717,0.029,MHz^n,"5 repeats, the bar on the mean at the two-sided 95 per cent t-factor 2.776","this fit predicts 2.70702 at the same window, so the pull is +1.01. The statistic is compared against its own forward prediction and is not an estimator of an untruncated cumulant",DIAGNOSTIC
P_4121_75mW_130C,k2@6,6.56,0.11,MHz^n,"5 repeats, the bar on the mean at the two-sided 95 per cent t-factor 2.776","this fit predicts 6.39409 at the same window, so the pull is +4.01. The statistic is compared against its own forward prediction and is not an estimator of an untruncated cumulant",DIAGNOSTIC
P_4121_75mW_130C,k3@12,-0.1,1.4,MHz^n,"5 repeats, the bar on the mean at the two-sided 95 per cent t-factor 2.776","this fit predicts 2.56232e-05 at the same window, so the pull is -0.27. The statistic is compared against its own forward prediction and is not an estimator of an untruncated cumulant",DIAGNOSTIC
P_4121_75mW_130C,k3@3.25,0.005,0.040,MHz^n,"5 repeats, the bar on the mean at the two-sided 95 per cent t-factor 2.776","this fit predicts 2.18641e-06 at the same window, so the pull is +0.36. The statistic is compared against its own forward prediction and is not an estimator of an untruncated cumulant",DIAGNOSTIC
P_4121_75mW_130C,k3@6,-0.18,0.17,MHz^n,"5 repeats, the bar on the mean at the two-sided 95 per cent t-factor 2.776","this fit predicts 1.42542e-05 at the same window, so the pull is -2.89. The statistic is compared against its own forward prediction and is not an estimator of an untruncated cumulant",DIAGNOSTIC
P_4121_75mW_130C,k4@12,193,17,MHz^n,"5 repeats, the bar on the mean at the two-sided 95 per cent t-factor 2.776","this fit predicts 207.982 at the same window, so the pull is -2.54. The statistic is compared against its own forward prediction and is not an estimator of an untruncated cumulant",DIAGNOSTIC
P_4121_75mW_130C,k4@3.25,-6.69,0.20,MHz^n,"5 repeats, the bar on the mean at the two-sided 95 per cent t-factor 2.776","this fit predicts -6.63492 at the same window, so the pull is -0.78. The statistic is compared against its own forward prediction and is not an estimator of an untruncated cumulant",DIAGNOSTIC
P_4121_75mW_130C,k4@6,-17.7,1.5,MHz^n,"5 repeats, the bar on the mean at the two-sided 95 per cent t-factor 2.776","this fit predicts -15.3718 at the same window, so the pull is -4.46. The statistic is compared against its own forward prediction and is not an estimator of an untruncated cumulant",DIAGNOSTIC
P_4121_75mW_130C,k5@12,28,41,MHz^n,"5 repeats, the bar on the mean at the two-sided 95 per cent t-factor 2.776","this fit predicts -0.00194956 at the same window, so the pull is +1.93. The statistic is compared against its own forward prediction and is not an estimator of an untruncated cumulant",DIAGNOSTIC
P_4121_75mW_130C,k5@3.25,0.03,0.74,MHz^n,"5 repeats, the bar on the mean at the two-sided 95 per cent t-factor 2.776","this fit predicts -3.847e-05 at the same window, so the pull is +0.10. The statistic is compared against its own forward prediction and is not an estimator of an untruncated cumulant",DIAGNOSTIC
P_4121_75mW_130C,k5@6,5.9,4.8,MHz^n,"5 repeats, the bar on the mean at the two-sided 95 per cent t-factor 2.776","this fit predicts -0.000516789 at the same window, so the pull is +3.39. The statistic is compared against its own forward prediction and is not an estimator of an untruncated cumulant",DIAGNOSTIC
P_4121_75mW_130C,k6@12,-15102,830,MHz^n,"5 repeats, the bar on the mean at the two-sided 95 per cent t-factor 2.776","this fit predicts -16237.7 at the same window, so the pull is +3.80. The statistic is compared against its own forward prediction and is not an estimator of an untruncated cumulant",DIAGNOSTIC
P_4121_75mW_130C,k6@3.25,81.8,3.9,MHz^n,"5 repeats, the bar on the mean at the two-sided 95 per cent t-factor 2.776","this fit predicts 80.9941 at the same window, so the pull is +0.57. The statistic is compared against its own forward prediction and is not an estimator of an untruncated cumulant",DIAGNOSTIC
P_4121_75mW_130C,k6@6,52,38,MHz^n,"5 repeats, the bar on the mean at the two-sided 95 per cent t-factor 2.776","this fit predicts -7.97806 at the same window, so the pull is +4.33. The statistic is compared against its own forward prediction and is not an estimator of an untruncated cumulant",DIAGNOSTIC
P_4121_75mW_130C,k7@12,-1195,16000,MHz^n,"5 repeats, the bar on the mean at the two-sided 95 per cent t-factor 2.776","this fit predicts 0.000348454 at the same window, so the pull is -0.21. The statistic is compared against its own forward prediction and is not an estimator of an untruncated cumulant",DIAGNOSTIC
P_4121_75mW_130C,k7@3.25,-2,24,MHz^n,"5 repeats, the bar on the mean at the two-sided 95 per cent t-factor 2.776","this fit predicts 0.00118723 at the same window, so the pull is -0.24. The statistic is compared against its own forward prediction and is not an estimator of an untruncated cumulant",DIAGNOSTIC
P_4121_75mW_130C,k7@6,-297,210,MHz^n,"5 repeats, the bar on the mean at the two-sided 95 per cent t-factor 2.776","this fit predicts 0.0267885 at the same window, so the pull is -3.99. The statistic is compared against its own forward prediction and is not an estimator of an untruncated cumulant",DIAGNOSTIC
P_4121_75mW_130C,k4/k2@3.25,-2.462,0.048,dimensionless,"5 repeats, the bar on the mean at the two-sided 95 per cent t-factor 2.776","this fit predicts -2.45101 at the same window, so the pull is -0.62. The statistic is compared against its own forward prediction and is not an estimator of an untruncated cumulant",DIAGNOSTIC
P_4121_75mW_130C,k5/k3@3.25,,,,"admitted on having a population moment, never on signal-to-noise (O17)","the denominator changes sign in 1 of 5 repeats, so the ratio has no population moment",ARTIFACT
P_4121_75mW_130C,k6/k4@3.25,-12.22,0.23,dimensionless,"5 repeats, the bar on the mean at the two-sided 95 per cent t-factor 2.776","this fit predicts -12.2072 at the same window, so the pull is -0.19. The statistic is compared against its own forward prediction and is not an estimator of an untruncated cumulant",DIAGNOSTIC
P_4121_75mW_130C,k7/k5@3.25,,,,"admitted on having a population moment, never on signal-to-noise (O17)","the denominator changes sign in 1 of 5 repeats, so the ratio has no population moment",ARTIFACT
P_4121_75mW_130C,k4/k2@6,-2.70,0.18,dimensionless,"5 repeats, the bar on the mean at the two-sided 95 per cent t-factor 2.776","this fit predicts -2.40406 at the same window, so the pull is -4.64. The statistic is compared against its own forward prediction and is not an estimator of an untruncated cumulant",DIAGNOSTIC
P_4121_75mW_130C,k5/k3@6,-37,11,dimensionless,"5 repeats, the bar on the mean at the two-sided 95 per cent t-factor 2.776","this fit predicts -36.2552 at the same window, so the pull is -0.30. The statistic is compared against its own forward prediction and is not an estimator of an untruncated cumulant",DIAGNOSTIC
P_4121_75mW_130C,k6/k4@6,-2.8,1.9,dimensionless,"5 repeats, the bar on the mean at the two-sided 95 per cent t-factor 2.776","this fit predicts 0.519006 at the same window, so the pull is -4.81. The statistic is compared against its own forward prediction and is not an estimator of an untruncated cumulant",DIAGNOSTIC
P_4121_75mW_130C,k7/k5@6,-55,13,dimensionless,"5 repeats, the bar on the mean at the two-sided 95 per cent t-factor 2.776","this fit predicts -51.8364 at the same window, so the pull is -0.67. The statistic is compared against its own forward prediction and is not an estimator of an untruncated cumulant",DIAGNOSTIC
P_4121_75mW_130C,k4/k2@12,13.6,1.1,dimensionless,"5 repeats, the bar on the mean at the two-sided 95 per cent t-factor 2.776","this fit predicts 14.7042 at the same window, so the pull is -2.55. The statistic is compared against its own forward prediction and is not an estimator of an untruncated cumulant",DIAGNOSTIC
P_4121_75mW_130C,k5/k3@12,,,,"admitted on having a population moment, never on signal-to-noise (O17)","the denominator changes sign in 2 of 5 repeats, so the ratio has no population moment",ARTIFACT
P_4121_75mW_130C,k6/k4@12,-78.5,3.5,dimensionless,"5 repeats, the bar on the mean at the two-sided 95 per cent t-factor 2.776","this fit predicts -78.0729 at the same window, so the pull is -0.31. The statistic is compared against its own forward prediction and is not an estimator of an untruncated cumulant",DIAGNOSTIC
P_4121_75mW_130C,k7/k5@12,,,,"admitted on having a population moment, never on signal-to-noise (O17)","the denominator changes sign in 2 of 5 repeats, so the ratio has no population moment",ARTIFACT
P_4121_125mW_130C,k2@12,14.09,0.17,MHz^n,"5 repeats, the bar on the mean at the two-sided 95 per cent t-factor 2.776","this fit predicts 14.1457 at the same window, so the pull is -0.97. The statistic is compared against its own forward prediction and is not an estimator of an untruncated cumulant",DIAGNOSTIC
P_4121_125mW_130C,k2@3.25,2.704,0.029,MHz^n,"5 repeats, the bar on the mean at the two-sided 95 per cent t-factor 2.776","this fit predicts 2.7073 at the same window, so the pull is -0.31. The statistic is compared against its own forward prediction and is not an estimator of an untruncated cumulant",DIAGNOSTIC
P_4121_125mW_130C,k2@6,6.477,0.091,MHz^n,"5 repeats, the bar on the mean at the two-sided 95 per cent t-factor 2.776","this fit predicts 6.39491 at the same window, so the pull is +2.50. The statistic is compared against its own forward prediction and is not an estimator of an untruncated cumulant",DIAGNOSTIC
P_4121_125mW_130C,k3@12,-0.4,1.2,MHz^n,"5 repeats, the bar on the mean at the two-sided 95 per cent t-factor 2.776","this fit predicts 6.42865e-05 at the same window, so the pull is -0.92. The statistic is compared against its own forward prediction and is not an estimator of an untruncated cumulant",DIAGNOSTIC
P_4121_125mW_130C,k3@3.25,-0.007,0.052,MHz^n,"5 repeats, the bar on the mean at the two-sided 95 per cent t-factor 2.776","this fit predicts 4.45257e-06 at the same window, so the pull is -0.36. The statistic is compared against its own forward prediction and is not an estimator of an untruncated cumulant",DIAGNOSTIC
P_4121_125mW_130C,k3@6,-0.06,0.16,MHz^n,"5 repeats, the bar on the mean at the two-sided 95 per cent t-factor 2.776","this fit predicts 3.24699e-05 at the same window, so the pull is -1.06. The statistic is compared against its own forward prediction and is not an estimator of an untruncated cumulant",DIAGNOSTIC
P_4121_125mW_130C,k4@12,200.7,9.0,MHz^n,"5 repeats, the bar on the mean at the two-sided 95 per cent t-factor 2.776","this fit predicts 207.934 at the same window, so the pull is -2.22. The statistic is compared against its own forward prediction and is not an estimator of an untruncated cumulant",DIAGNOSTIC
P_4121_125mW_130C,k4@3.25,-6.59,0.22,MHz^n,"5 repeats, the bar on the mean at the two-sided 95 per cent t-factor 2.776","this fit predicts -6.63726 at the same window, so the pull is +0.64. The statistic is compared against its own forward prediction and is not an estimator of an untruncated cumulant",DIAGNOSTIC
P_4121_125mW_130C,k4@6,-16.3,1.2,MHz^n,"5 repeats, the bar on the mean at the two-sided 95 per cent t-factor 2.776","this fit predicts -15.3866 at the same window, so the pull is -2.13. The statistic is compared against its own forward prediction and is not an estimator of an untruncated cumulant",DIAGNOSTIC
P_4121_125mW_130C,k5@12,31,26,MHz^n,"5 repeats, the bar on the mean at the two-sided 95 per cent t-factor 2.776","this fit predicts -0.00502939 at the same window, so the pull is +3.30. The statistic is compared against its own forward prediction and is not an estimator of an untruncated cumulant",DIAGNOSTIC
P_4121_125mW_130C,k5@3.25,0.10,0.84,MHz^n,"5 repeats, the bar on the mean at the two-sided 95 per cent t-factor 2.776","this fit predicts -8.00435e-05 at the same window, so the pull is +0.33. The statistic is compared against its own forward prediction and is not an estimator of an untruncated cumulant",DIAGNOSTIC
P_4121_125mW_130C,k5@6,2.6,4.2,MHz^n,"5 repeats, the bar on the mean at the two-sided 95 per cent t-factor 2.776","this fit predicts -0.00119192 at the same window, so the pull is +1.73. The statistic is compared against its own forward prediction and is not an estimator of an untruncated cumulant",DIAGNOSTIC
P_4121_125mW_130C,k6@12,-15448,900,MHz^n,"5 repeats, the bar on the mean at the two-sided 95 per cent t-factor 2.776","this fit predicts -16239.1 at the same window, so the pull is +2.43. The statistic is compared against its own forward prediction and is not an estimator of an untruncated cumulant",DIAGNOSTIC
P_4121_125mW_130C,k6@3.25,79.8,4.3,MHz^n,"5 repeats, the bar on the mean at the two-sided 95 per cent t-factor 2.776","this fit predicts 81.0426 at the same window, so the pull is -0.79. The statistic is compared against its own forward prediction and is not an estimator of an untruncated cumulant",DIAGNOSTIC
P_4121_125mW_130C,k6@6,7,36,MHz^n,"5 repeats, the bar on the mean at the two-sided 95 per cent t-factor 2.776","this fit predicts -7.48609 at the same window, so the pull is +1.10. The statistic is compared against its own forward prediction and is not an estimator of an untruncated cumulant",DIAGNOSTIC
P_4121_125mW_130C,k7@12,342,12000,MHz^n,"5 repeats, the bar on the mean at the two-sided 95 per cent t-factor 2.776","this fit predicts 0.00608453 at the same window, so the pull is +0.08. The statistic is compared against its own forward prediction and is not an estimator of an untruncated cumulant",DIAGNOSTIC
P_4121_125mW_130C,k7@3.25,-3,25,MHz^n,"5 repeats, the bar on the mean at the two-sided 95 per cent t-factor 2.776","this fit predicts 0.00248752 at the same window, so the pull is -0.32. The statistic is compared against its own forward prediction and is not an estimator of an untruncated cumulant",DIAGNOSTIC
P_4121_125mW_130C,k7@6,-139,210,MHz^n,"5 repeats, the bar on the mean at the two-sided 95 per cent t-factor 2.776","this fit predicts 0.0620182 at the same window, so the pull is -1.85. The statistic is compared against its own forward prediction and is not an estimator of an untruncated cumulant",DIAGNOSTIC
P_4121_125mW_130C,k4/k2@3.25,-2.435,0.056,dimensionless,"5 repeats, the bar on the mean at the two-sided 95 per cent t-factor 2.776","this fit predicts -2.45162 at the same window, so the pull is +0.81. The statistic is compared against its own forward prediction and is not an estimator of an untruncated cumulant",DIAGNOSTIC
P_4121_125mW_130C,k5/k3@3.25,,,,"admitted on having a population moment, never on signal-to-noise (O17)","the denominator changes sign in 2 of 5 repeats, so the ratio has no population moment",ARTIFACT
P_4121_125mW_130C,k6/k4@3.25,-12.11,0.26,dimensionless,"5 repeats, the bar on the mean at the two-sided 95 per cent t-factor 2.776","this fit predicts -12.2103 at the same window, so the pull is +1.05. The statistic is compared against its own forward prediction and is not an estimator of an untruncated cumulant",DIAGNOSTIC
P_4121_125mW_130C,k7/k5@3.25,,,,"admitted on having a population moment, never on signal-to-noise (O17)","the denominator changes sign in 2 of 5 repeats, so the ratio has no population moment",ARTIFACT
P_4121_125mW_130C,k4/k2@6,-2.52,0.15,dimensionless,"5 repeats, the bar on the mean at the two-sided 95 per cent t-factor 2.776","this fit predicts -2.40607 at the same window, so the pull is -2.02. The statistic is compared against its own forward prediction and is not an estimator of an untruncated cumulant",DIAGNOSTIC
P_4121_125mW_130C,k5/k3@6,,,,"admitted on having a population moment, never on signal-to-noise (O17)","the denominator changes sign in 2 of 5 repeats, so the ratio has no population moment",ARTIFACT
P_4121_125mW_130C,k6/k4@6,-0.3,2.2,dimensionless,"5 repeats, the bar on the mean at the two-sided 95 per cent t-factor 2.776","this fit predicts 0.486532 at the same window, so the pull is -1.05. The statistic is compared against its own forward prediction and is not an estimator of an untruncated cumulant",DIAGNOSTIC
P_4121_125mW_130C,k7/k5@6,,,,"admitted on having a population moment, never on signal-to-noise (O17)","the denominator changes sign in 1 of 5 repeats, so the ratio has no population moment",ARTIFACT
P_4121_125mW_130C,k4/k2@12,14.25,0.64,dimensionless,"5 repeats, the bar on the mean at the two-sided 95 per cent t-factor 2.776","this fit predicts 14.6994 at the same window, so the pull is -1.96. The statistic is compared against its own forward prediction and is not an estimator of an untruncated cumulant",DIAGNOSTIC
P_4121_125mW_130C,k5/k3@12,,,,"admitted on having a population moment, never on signal-to-noise (O17)","the denominator changes sign in 2 of 5 repeats, so the ratio has no population moment",ARTIFACT
P_4121_125mW_130C,k6/k4@12,-77.0,3.3,dimensionless,"5 repeats, the bar on the mean at the two-sided 95 per cent t-factor 2.776","this fit predicts -78.0974 at the same window, so the pull is +0.96. The statistic is compared against its own forward prediction and is not an estimator of an untruncated cumulant",DIAGNOSTIC
P_4121_125mW_130C,k7/k5@12,15,560,dimensionless,"5 repeats, the bar on the mean at the two-sided 95 per cent t-factor 2.776","this fit predicts -1.2098 at the same window, so the pull is +0.08. The statistic is compared against its own forward prediction and is not an estimator of an untruncated cumulant",DIAGNOSTIC
P_4121_175mW_130C,k2@12,14.109,0.075,MHz^n,"5 repeats, the bar on the mean at the two-sided 95 per cent t-factor 2.776","this fit predicts 14.1478 at the same window, so the pull is -1.46. The statistic is compared against its own forward prediction and is not an estimator of an untruncated cumulant",DIAGNOSTIC
P_4121_175mW_130C,k2@3.25,2.698,0.014,MHz^n,"5 repeats, the bar on the mean at the two-sided 95 per cent t-factor 2.776","this fit predicts 2.7077 at the same window, so the pull is -2.00. The statistic is compared against its own forward prediction and is not an estimator of an untruncated cumulant",DIAGNOSTIC
P_4121_175mW_130C,k2@6,6.452,0.037,MHz^n,"5 repeats, the bar on the mean at the two-sided 95 per cent t-factor 2.776","this fit predicts 6.39612 at the same window, so the pull is +4.16. The statistic is compared against its own forward prediction and is not an estimator of an untruncated cumulant",DIAGNOSTIC
P_4121_175mW_130C,k3@12,0.1,1.2,MHz^n,"5 repeats, the bar on the mean at the two-sided 95 per cent t-factor 2.776","this fit predicts 0.000135423 at the same window, so the pull is +0.31. The statistic is compared against its own forward prediction and is not an estimator of an untruncated cumulant",DIAGNOSTIC
P_4121_175mW_130C,k3@3.25,-0.003,0.026,MHz^n,"5 repeats, the bar on the mean at the two-sided 95 per cent t-factor 2.776","this fit predicts 1.20956e-05 at the same window, so the pull is -0.36. The statistic is compared against its own forward prediction and is not an estimator of an untruncated cumulant",DIAGNOSTIC
P_4121_175mW_130C,k3@6,0.03,0.14,MHz^n,"5 repeats, the bar on the mean at the two-sided 95 per cent t-factor 2.776","this fit predicts 6.75831e-05 at the same window, so the pull is +0.59. The statistic is compared against its own forward prediction and is not an estimator of an untruncated cumulant",DIAGNOSTIC
P_4121_175mW_130C,k4@12,202.2,1.8,MHz^n,"5 repeats, the bar on the mean at the two-sided 95 per cent t-factor 2.776","this fit predicts 207.863 at the same window, so the pull is -8.45. The statistic is compared against its own forward prediction and is not an estimator of an untruncated cumulant",DIAGNOSTIC
P_4121_175mW_130C,k4@3.25,-6.49,0.14,MHz^n,"5 repeats, the bar on the mean at the two-sided 95 per cent t-factor 2.776","this fit predicts -6.64072 at the same window, so the pull is +2.92. The statistic is compared against its own forward prediction and is not an estimator of an untruncated cumulant",DIAGNOSTIC
P_4121_175mW_130C,k4@6,-15.88,0.68,MHz^n,"5 repeats, the bar on the mean at the two-sided 95 per cent t-factor 2.776","this fit predicts -15.4086 at the same window, so the pull is -1.90. The statistic is compared against its own forward prediction and is not an estimator of an untruncated cumulant",DIAGNOSTIC
P_4121_175mW_130C,k5@12,6,30,MHz^n,"5 repeats, the bar on the mean at the two-sided 95 per cent t-factor 2.776","this fit predicts -0.0109506 at the same window, so the pull is +0.57. The statistic is compared against its own forward prediction and is not an estimator of an untruncated cumulant",DIAGNOSTIC
P_4121_175mW_130C,k5@3.25,0.02,0.44,MHz^n,"5 repeats, the bar on the mean at the two-sided 95 per cent t-factor 2.776","this fit predicts -0.000203414 at the same window, so the pull is +0.14. The statistic is compared against its own forward prediction and is not an estimator of an untruncated cumulant",DIAGNOSTIC
P_4121_175mW_130C,k5@6,-0.8,5.0,MHz^n,"5 repeats, the bar on the mean at the two-sided 95 per cent t-factor 2.776","this fit predicts -0.00250046 at the same window, so the pull is -0.42. The statistic is compared against its own forward prediction and is not an estimator of an untruncated cumulant",DIAGNOSTIC
P_4121_175mW_130C,k6@12,-15762,260,MHz^n,"5 repeats, the bar on the mean at the two-sided 95 per cent t-factor 2.776","this fit predicts -16241.1 at the same window, so the pull is +5.07. The statistic is compared against its own forward prediction and is not an estimator of an untruncated cumulant",DIAGNOSTIC
P_4121_175mW_130C,k6@3.25,77.6,3.1,MHz^n,"5 repeats, the bar on the mean at the two-sided 95 per cent t-factor 2.776","this fit predicts 81.1146 at the same window, so the pull is -3.17. The statistic is compared against its own forward prediction and is not an estimator of an untruncated cumulant",DIAGNOSTIC
P_4121_175mW_130C,k6@6,-7,24,MHz^n,"5 repeats, the bar on the mean at the two-sided 95 per cent t-factor 2.776","this fit predicts -6.75712 at the same window, so the pull is -0.04. The statistic is compared against its own forward prediction and is not an estimator of an untruncated cumulant",DIAGNOSTIC
P_4121_175mW_130C,k7@12,-1672,11000,MHz^n,"5 repeats, the bar on the mean at the two-sided 95 per cent t-factor 2.776","this fit predicts 0.044929 at the same window, so the pull is -0.42. The statistic is compared against its own forward prediction and is not an estimator of an untruncated cumulant",DIAGNOSTIC
P_4121_175mW_130C,k7@3.25,-0,14,MHz^n,"5 repeats, the bar on the mean at the two-sided 95 per cent t-factor 2.776","this fit predicts 0.00620916 at the same window, so the pull is -0.06. The statistic is compared against its own forward prediction and is not an estimator of an untruncated cumulant",DIAGNOSTIC
P_4121_175mW_130C,k7@6,30,260,MHz^n,"5 repeats, the bar on the mean at the two-sided 95 per cent t-factor 2.776","this fit predicts 0.130293 at the same window, so the pull is +0.32. The statistic is compared against its own forward prediction and is not an estimator of an untruncated cumulant",DIAGNOSTIC
P_4121_175mW_130C,k4/k2@3.25,-2.406,0.040,dimensionless,"5 repeats, the bar on the mean at the two-sided 95 per cent t-factor 2.776","this fit predicts -2.45253 at the same window, so the pull is +3.17. The statistic is compared against its own forward prediction and is not an estimator of an untruncated cumulant",DIAGNOSTIC
P_4121_175mW_130C,k5/k3@3.25,,,,"admitted on having a population moment, never on signal-to-noise (O17)","the denominator changes sign in 2 of 5 repeats, so the ratio has no population moment",ARTIFACT
P_4121_175mW_130C,k6/k4@3.25,-11.95,0.22,dimensionless,"5 repeats, the bar on the mean at the two-sided 95 per cent t-factor 2.776","this fit predicts -12.2147 at the same window, so the pull is +3.39. The statistic is compared against its own forward prediction and is not an estimator of an untruncated cumulant",DIAGNOSTIC
P_4121_175mW_130C,k7/k5@3.25,,,,"admitted on having a population moment, never on signal-to-noise (O17)","the denominator changes sign in 2 of 5 repeats, so the ratio has no population moment",ARTIFACT
P_4121_175mW_130C,k4/k2@6,-2.461,0.093,dimensionless,"5 repeats, the bar on the mean at the two-sided 95 per cent t-factor 2.776","this fit predicts -2.40905 at the same window, so the pull is -1.55. The statistic is compared against its own forward prediction and is not an estimator of an untruncated cumulant",DIAGNOSTIC
P_4121_175mW_130C,k5/k3@6,,,,"admitted on having a population moment, never on signal-to-noise (O17)","the denominator changes sign in 2 of 5 repeats, so the ratio has no population moment",ARTIFACT
P_4121_175mW_130C,k6/k4@6,0.5,1.5,dimensionless,"5 repeats, the bar on the mean at the two-sided 95 per cent t-factor 2.776","this fit predicts 0.438529 at the same window, so the pull is +0.08. The statistic is compared against its own forward prediction and is not an estimator of an untruncated cumulant",DIAGNOSTIC
P_4121_175mW_130C,k7/k5@6,,,,"admitted on having a population moment, never on signal-to-noise (O17)","the denominator changes sign in 2 of 5 repeats, so the ratio has no population moment",ARTIFACT
P_4121_175mW_130C,k4/k2@12,14.34,0.11,dimensionless,"5 repeats, the bar on the mean at the two-sided 95 per cent t-factor 2.776","this fit predicts 14.6922 at the same window, so the pull is -8.84. The statistic is compared against its own forward prediction and is not an estimator of an untruncated cumulant",DIAGNOSTIC
P_4121_175mW_130C,k5/k3@12,,,,"admitted on having a population moment, never on signal-to-noise (O17)","the denominator changes sign in 2 of 5 repeats, so the ratio has no population moment",ARTIFACT
P_4121_175mW_130C,k6/k4@12,-77.93,0.94,dimensionless,"5 repeats, the bar on the mean at the two-sided 95 per cent t-factor 2.776","this fit predicts -78.1337 at the same window, so the pull is +0.60. The statistic is compared against its own forward prediction and is not an estimator of an untruncated cumulant",DIAGNOSTIC
P_4121_175mW_130C,k7/k5@12,,,,"admitted on having a population moment, never on signal-to-noise (O17)","the denominator changes sign in 2 of 5 repeats, so the ratio has no population moment",ARTIFACT
P_4121_225mW_130C,k2@12,14.080,0.085,MHz^n,"5 repeats, the bar on the mean at the two-sided 95 per cent t-factor 2.776","this fit predicts 14.1505 at the same window, so the pull is -2.30. The statistic is compared against its own forward prediction and is not an estimator of an untruncated cumulant",DIAGNOSTIC
P_4121_225mW_130C,k2@3.25,2.6854,0.0083,MHz^n,"5 repeats, the bar on the mean at the two-sided 95 per cent t-factor 2.776","this fit predicts 2.70824 at the same window, so the pull is -7.65. The statistic is compared against its own forward prediction and is not an estimator of an untruncated cumulant",DIAGNOSTIC
P_4121_225mW_130C,k2@6,6.403,0.033,MHz^n,"5 repeats, the bar on the mean at the two-sided 95 per cent t-factor 2.776","this fit predicts 6.39772 at the same window, so the pull is +0.47. The statistic is compared against its own forward prediction and is not an estimator of an untruncated cumulant",DIAGNOSTIC
P_4121_225mW_130C,k3@12,0.02,0.66,MHz^n,"5 repeats, the bar on the mean at the two-sided 95 per cent t-factor 2.776","this fit predicts 0.000256996 at the same window, so the pull is +0.09. The statistic is compared against its own forward prediction and is not an estimator of an untruncated cumulant",DIAGNOSTIC
P_4121_225mW_130C,k3@3.25,0.012,0.021,MHz^n,"5 repeats, the bar on the mean at the two-sided 95 per cent t-factor 2.776","this fit predicts 2.22795e-05 at the same window, so the pull is +1.55. The statistic is compared against its own forward prediction and is not an estimator of an untruncated cumulant",DIAGNOSTIC
P_4121_225mW_130C,k3@6,0.078,0.069,MHz^n,"5 repeats, the bar on the mean at the two-sided 95 per cent t-factor 2.776","this fit predicts 0.000127143 at the same window, so the pull is +3.11. The statistic is compared against its own forward prediction and is not an estimator of an untruncated cumulant",DIAGNOSTIC
P_4121_225mW_130C,k4@12,205.6,4.3,MHz^n,"5 repeats, the bar on the mean at the two-sided 95 per cent t-factor 2.776","this fit predicts 207.769 at the same window, so the pull is -1.39. The statistic is compared against its own forward prediction and is not an estimator of an untruncated cumulant",DIAGNOSTIC
P_4121_225mW_130C,k4@3.25,-6.432,0.059,MHz^n,"5 repeats, the bar on the mean at the two-sided 95 per cent t-factor 2.776","this fit predicts -6.64529 at the same window, so the pull is +10.01. The statistic is compared against its own forward prediction and is not an estimator of an untruncated cumulant",DIAGNOSTIC
P_4121_225mW_130C,k4@6,-15.07,0.59,MHz^n,"5 repeats, the bar on the mean at the two-sided 95 per cent t-factor 2.776","this fit predicts -15.4376 at the same window, so the pull is +1.75. The statistic is compared against its own forward prediction and is not an estimator of an untruncated cumulant",DIAGNOSTIC
P_4121_225mW_130C,k5@12,-11,32,MHz^n,"5 repeats, the bar on the mean at the two-sided 95 per cent t-factor 2.776","this fit predicts -0.0205367 at the same window, so the pull is -0.99. The statistic is compared against its own forward prediction and is not an estimator of an untruncated cumulant",DIAGNOSTIC
P_4121_225mW_130C,k5@3.25,-0.24,0.36,MHz^n,"5 repeats, the bar on the mean at the two-sided 95 per cent t-factor 2.776","this fit predicts -0.000377173 at the same window, so the pull is -1.82. The statistic is compared against its own forward prediction and is not an estimator of an untruncated cumulant",DIAGNOSTIC
P_4121_225mW_130C,k5@6,-2.7,2.5,MHz^n,"5 repeats, the bar on the mean at the two-sided 95 per cent t-factor 2.776","this fit predicts -0.00470727 at the same window, so the pull is -3.08. The statistic is compared against its own forward prediction and is not an estimator of an untruncated cumulant",DIAGNOSTIC
P_4121_225mW_130C,k6@12,-15928,580,MHz^n,"5 repeats, the bar on the mean at the two-sided 95 per cent t-factor 2.776","this fit predicts -16243.8 at the same window, so the pull is +1.50. The statistic is compared against its own forward prediction and is not an estimator of an untruncated cumulant",DIAGNOSTIC
P_4121_225mW_130C,k6@3.25,76.6,1.1,MHz^n,"5 repeats, the bar on the mean at the two-sided 95 per cent t-factor 2.776","this fit predicts 81.2096 at the same window, so the pull is -11.14. The statistic is compared against its own forward prediction and is not an estimator of an untruncated cumulant",DIAGNOSTIC
P_4121_225mW_130C,k6@6,-31,18,MHz^n,"5 repeats, the bar on the mean at the two-sided 95 per cent t-factor 2.776","this fit predicts -5.79264 at the same window, so the pull is -3.87. The statistic is compared against its own forward prediction and is not an estimator of an untruncated cumulant",DIAGNOSTIC
P_4121_225mW_130C,k7@12,965,4400,MHz^n,"5 repeats, the bar on the mean at the two-sided 95 per cent t-factor 2.776","this fit predicts 0.0619835 at the same window, so the pull is +0.61. The statistic is compared against its own forward prediction and is not an estimator of an untruncated cumulant",DIAGNOSTIC
P_4121_225mW_130C,k7@3.25,7,11,MHz^n,"5 repeats, the bar on the mean at the two-sided 95 per cent t-factor 2.776","this fit predicts 0.0115381 at the same window, so the pull is +1.90. The statistic is compared against its own forward prediction and is not an estimator of an untruncated cumulant",DIAGNOSTIC
P_4121_225mW_130C,k7@6,137,130,MHz^n,"5 repeats, the bar on the mean at the two-sided 95 per cent t-factor 2.776","this fit predicts 0.245606 at the same window, so the pull is +2.87. The statistic is compared against its own forward prediction and is not an estimator of an untruncated cumulant",DIAGNOSTIC
P_4121_225mW_130C,k4/k2@3.25,-2.395,0.016,dimensionless,"5 repeats, the bar on the mean at the two-sided 95 per cent t-factor 2.776","this fit predicts -2.45373 at the same window, so the pull is +10.44. The statistic is compared against its own forward prediction and is not an estimator of an untruncated cumulant",DIAGNOSTIC
P_4121_225mW_130C,k5/k3@3.25,,,,"admitted on having a population moment, never on signal-to-noise (O17)","the denominator changes sign in 1 of 5 repeats, so the ratio has no population moment",ARTIFACT
P_4121_225mW_130C,k6/k4@3.25,-11.915,0.070,dimensionless,"5 repeats, the bar on the mean at the two-sided 95 per cent t-factor 2.776","this fit predicts -12.2206 at the same window, so the pull is +12.09. The statistic is compared against its own forward prediction and is not an estimator of an untruncated cumulant",DIAGNOSTIC
P_4121_225mW_130C,k7/k5@3.25,,,,"admitted on having a population moment, never on signal-to-noise (O17)","the denominator changes sign in 1 of 5 repeats, so the ratio has no population moment",ARTIFACT
P_4121_225mW_130C,k4/k2@6,-2.353,0.080,dimensionless,"5 repeats, the bar on the mean at the two-sided 95 per cent t-factor 2.776","this fit predicts -2.41299 at the same window, so the pull is +2.09. The statistic is compared against its own forward prediction and is not an estimator of an untruncated cumulant",DIAGNOSTIC
P_4121_225mW_130C,k5/k3@6,,,,"admitted on having a population moment, never on signal-to-noise (O17)","the denominator changes sign in 1 of 5 repeats, so the ratio has no population moment",ARTIFACT
P_4121_225mW_130C,k6/k4@6,2.1,1.3,dimensionless,"5 repeats, the bar on the mean at the two-sided 95 per cent t-factor 2.776","this fit predicts 0.375228 at the same window, so the pull is +3.62. The statistic is compared against its own forward prediction and is not an estimator of an untruncated cumulant",DIAGNOSTIC
P_4121_225mW_130C,k7/k5@6,-57,34,dimensionless,"5 repeats, the bar on the mean at the two-sided 95 per cent t-factor 2.776","this fit predicts -52.176 at the same window, so the pull is -0.39. The statistic is compared against its own forward prediction and is not an estimator of an untruncated cumulant",DIAGNOSTIC
P_4121_225mW_130C,k4/k2@12,14.60,0.28,dimensionless,"5 repeats, the bar on the mean at the two-sided 95 per cent t-factor 2.776","this fit predicts 14.6828 at the same window, so the pull is -0.80. The statistic is compared against its own forward prediction and is not an estimator of an untruncated cumulant",DIAGNOSTIC
P_4121_225mW_130C,k5/k3@12,,,,"admitted on having a population moment, never on signal-to-noise (O17)","the denominator changes sign in 2 of 5 repeats, so the ratio has no population moment",ARTIFACT
P_4121_225mW_130C,k6/k4@12,-77.5,2.4,dimensionless,"5 repeats, the bar on the mean at the two-sided 95 per cent t-factor 2.776","this fit predicts -78.1818 at the same window, so the pull is +0.83. The statistic is compared against its own forward prediction and is not an estimator of an untruncated cumulant",DIAGNOSTIC
P_4121_225mW_130C,k7/k5@12,,,,"admitted on having a population moment, never on signal-to-noise (O17)","the denominator changes sign in 2 of 5 repeats, so the ratio has no population moment",ARTIFACT
P_4154_25mW_130C,k2@12,14.2,1.1,MHz^n,"5 repeats, the bar on the mean at the two-sided 95 per cent t-factor 2.776","this fit predicts 14.1609 at the same window, so the pull is +0.10. The statistic is compared against its own forward prediction and is not an estimator of an untruncated cumulant",DIAGNOSTIC
P_4154_25mW_130C,k2@3.25,2.767,0.029,MHz^n,"5 repeats, the bar on the mean at the two-sided 95 per cent t-factor 2.776","this fit predicts 2.70966 at the same window, so the pull is +5.44. The statistic is compared against its own forward prediction and is not an estimator of an untruncated cumulant",DIAGNOSTIC
P_4154_25mW_130C,k2@6,6.62,0.23,MHz^n,"5 repeats, the bar on the mean at the two-sided 95 per cent t-factor 2.776","this fit predicts 6.40389 at the same window, so the pull is +2.55. The statistic is compared against its own forward prediction and is not an estimator of an untruncated cumulant",DIAGNOSTIC
P_4154_25mW_130C,k3@12,1.2,4.3,MHz^n,"5 repeats, the bar on the mean at the two-sided 95 per cent t-factor 2.776","this fit predicts -1.135e-06 at the same window, so the pull is +0.80. The statistic is compared against its own forward prediction and is not an estimator of an untruncated cumulant",DIAGNOSTIC
P_4154_25mW_130C,k3@3.25,0.00,0.10,MHz^n,"5 repeats, the bar on the mean at the two-sided 95 per cent t-factor 2.776","this fit predicts -9.09552e-07 at the same window, so the pull is +0.02. The statistic is compared against its own forward prediction and is not an estimator of an untruncated cumulant",DIAGNOSTIC
P_4154_25mW_130C,k3@6,0.52,0.52,MHz^n,"5 repeats, the bar on the mean at the two-sided 95 per cent t-factor 2.776","this fit predicts -2.47024e-06 at the same window, so the pull is +2.76. The statistic is compared against its own forward prediction and is not an estimator of an untruncated cumulant",DIAGNOSTIC
P_4154_25mW_130C,k4@12,192,41,MHz^n,"5 repeats, the bar on the mean at the two-sided 95 per cent t-factor 2.776","this fit predicts 207.384 at the same window, so the pull is -1.01. The statistic is compared against its own forward prediction and is not an estimator of an untruncated cumulant",DIAGNOSTIC
P_4154_25mW_130C,k4@3.25,-6.99,0.13,MHz^n,"5 repeats, the bar on the mean at the two-sided 95 per cent t-factor 2.776","this fit predicts -6.65659 at the same window, so the pull is -6.90. The statistic is compared against its own forward prediction and is not an estimator of an untruncated cumulant",DIAGNOSTIC
P_4154_25mW_130C,k4@6,-18.8,2.6,MHz^n,"5 repeats, the bar on the mean at the two-sided 95 per cent t-factor 2.776","this fit predicts -15.5359 at the same window, so the pull is -3.43. The statistic is compared against its own forward prediction and is not an estimator of an untruncated cumulant",DIAGNOSTIC
P_4154_25mW_130C,k5@12,6,130,MHz^n,"5 repeats, the bar on the mean at the two-sided 95 per cent t-factor 2.776","this fit predicts 4.44244e-05 at the same window, so the pull is +0.13. The statistic is compared against its own forward prediction and is not an estimator of an untruncated cumulant",DIAGNOSTIC
P_4154_25mW_130C,k5@3.25,0.1,1.8,MHz^n,"5 repeats, the bar on the mean at the two-sided 95 per cent t-factor 2.776","this fit predicts 1.32335e-05 at the same window, so the pull is +0.16. The statistic is compared against its own forward prediction and is not an estimator of an untruncated cumulant",DIAGNOSTIC
P_4154_25mW_130C,k5@6,-13,19,MHz^n,"5 repeats, the bar on the mean at the two-sided 95 per cent t-factor 2.776","this fit predicts 5.60461e-05 at the same window, so the pull is -1.91. The statistic is compared against its own forward prediction and is not an estimator of an untruncated cumulant",DIAGNOSTIC
P_4154_25mW_130C,k6@12,-15372,4800,MHz^n,"5 repeats, the bar on the mean at the two-sided 95 per cent t-factor 2.776","this fit predicts -16254.2 at the same window, so the pull is +0.51. The statistic is compared against its own forward prediction and is not an estimator of an untruncated cumulant",DIAGNOSTIC
P_4154_25mW_130C,k6@3.25,87.2,2.1,MHz^n,"5 repeats, the bar on the mean at the two-sided 95 per cent t-factor 2.776","this fit predicts 81.4398 at the same window, so the pull is +7.84. The statistic is compared against its own forward prediction and is not an estimator of an untruncated cumulant",DIAGNOSTIC
P_4154_25mW_130C,k6@6,93,66,MHz^n,"5 repeats, the bar on the mean at the two-sided 95 per cent t-factor 2.776","this fit predicts -2.88275 at the same window, so the pull is +4.07. The statistic is compared against its own forward prediction and is not an estimator of an untruncated cumulant",DIAGNOSTIC
P_4154_25mW_130C,k7@12,-7799,38000,MHz^n,"5 repeats, the bar on the mean at the two-sided 95 per cent t-factor 2.776","this fit predicts 0.00418023 at the same window, so the pull is -0.57. The statistic is compared against its own forward prediction and is not an estimator of an untruncated cumulant",DIAGNOSTIC
P_4154_25mW_130C,k7@3.25,-5,56,MHz^n,"5 repeats, the bar on the mean at the two-sided 95 per cent t-factor 2.776","this fit predicts -0.000382035 at the same window, so the pull is -0.24. The statistic is compared against its own forward prediction and is not an estimator of an untruncated cumulant",DIAGNOSTIC
P_4154_25mW_130C,k7@6,486,1000,MHz^n,"5 repeats, the bar on the mean at the two-sided 95 per cent t-factor 2.776","this fit predicts -0.00191005 at the same window, so the pull is +1.31. The statistic is compared against its own forward prediction and is not an estimator of an untruncated cumulant",DIAGNOSTIC
P_4154_25mW_130C,k4/k2@3.25,-2.526,0.026,dimensionless,"5 repeats, the bar on the mean at the two-sided 95 per cent t-factor 2.776","this fit predicts -2.45662 at the same window, so the pull is -7.47. The statistic is compared against its own forward prediction and is not an estimator of an untruncated cumulant",DIAGNOSTIC
P_4154_25mW_130C,k5/k3@3.25,,,,"admitted on having a population moment, never on signal-to-noise (O17)","the denominator changes sign in 1 of 5 repeats, so the ratio has no population moment",ARTIFACT
P_4154_25mW_130C,k6/k4@3.25,-12.48,0.12,dimensionless,"5 repeats, the bar on the mean at the two-sided 95 per cent t-factor 2.776","this fit predicts -12.2345 at the same window, so the pull is -5.65. The statistic is compared against its own forward prediction and is not an estimator of an untruncated cumulant",DIAGNOSTIC
P_4154_25mW_130C,k7/k5@3.25,,,,"admitted on having a population moment, never on signal-to-noise (O17)","the denominator changes sign in 2 of 5 repeats, so the ratio has no population moment",ARTIFACT
P_4154_25mW_130C,k4/k2@6,-2.83,0.30,dimensionless,"5 repeats, the bar on the mean at the two-sided 95 per cent t-factor 2.776","this fit predicts -2.42601 at the same window, so the pull is -3.72. The statistic is compared against its own forward prediction and is not an estimator of an untruncated cumulant",DIAGNOSTIC
P_4154_25mW_130C,k5/k3@6,69,250,dimensionless,"5 repeats, the bar on the mean at the two-sided 95 per cent t-factor 2.776","this fit predicts -22.6885 at the same window, so the pull is +1.03. The statistic is compared against its own forward prediction and is not an estimator of an untruncated cumulant",DIAGNOSTIC
P_4154_25mW_130C,k6/k4@6,-4.8,3.1,dimensionless,"5 repeats, the bar on the mean at the two-sided 95 per cent t-factor 2.776","this fit predicts 0.185554 at the same window, so the pull is -4.49. The statistic is compared against its own forward prediction and is not an estimator of an untruncated cumulant",DIAGNOSTIC
P_4154_25mW_130C,k7/k5@6,,,,"admitted on having a population moment, never on signal-to-noise (O17)","the denominator changes sign in 2 of 5 repeats, so the ratio has no population moment",ARTIFACT
P_4154_25mW_130C,k4/k2@12,13.5,2.5,dimensionless,"5 repeats, the bar on the mean at the two-sided 95 per cent t-factor 2.776","this fit predicts 14.6448 at the same window, so the pull is -1.25. The statistic is compared against its own forward prediction and is not an estimator of an untruncated cumulant",DIAGNOSTIC
P_4154_25mW_130C,k5/k3@12,,,,"admitted on having a population moment, never on signal-to-noise (O17)","the denominator changes sign in 1 of 5 repeats, so the ratio has no population moment",ARTIFACT
P_4154_25mW_130C,k6/k4@12,-80,17,dimensionless,"5 repeats, the bar on the mean at the two-sided 95 per cent t-factor 2.776","this fit predicts -78.3774 at the same window, so the pull is -0.24. The statistic is compared against its own forward prediction and is not an estimator of an untruncated cumulant",DIAGNOSTIC
P_4154_25mW_130C,k7/k5@12,,,,"admitted on having a population moment, never on signal-to-noise (O17)","the denominator changes sign in 2 of 5 repeats, so the ratio has no population moment",ARTIFACT
P_4154_75mW_130C,k2@12,13.95,0.23,MHz^n,"5 repeats, the bar on the mean at the two-sided 95 per cent t-factor 2.776","this fit predicts 14.1616 at the same window, so the pull is -2.54. The statistic is compared against its own forward prediction and is not an estimator of an untruncated cumulant",DIAGNOSTIC
P_4154_75mW_130C,k2@3.25,2.693,0.043,MHz^n,"5 repeats, the bar on the mean at the two-sided 95 per cent t-factor 2.776","this fit predicts 2.70979 at the same window, so the pull is -1.06. The statistic is compared against its own forward prediction and is not an estimator of an untruncated cumulant",DIAGNOSTIC
P_4154_75mW_130C,k2@6,6.42,0.13,MHz^n,"5 repeats, the bar on the mean at the two-sided 95 per cent t-factor 2.776","this fit predicts 6.40427 at the same window, so the pull is +0.32. The statistic is compared against its own forward prediction and is not an estimator of an untruncated cumulant",DIAGNOSTIC
P_4154_75mW_130C,k3@12,-0.0,1.6,MHz^n,"5 repeats, the bar on the mean at the two-sided 95 per cent t-factor 2.776","this fit predicts 2.80807e-05 at the same window, so the pull is -0.02. The statistic is compared against its own forward prediction and is not an estimator of an untruncated cumulant",DIAGNOSTIC
P_4154_75mW_130C,k3@3.25,0.006,0.042,MHz^n,"5 repeats, the bar on the mean at the two-sided 95 per cent t-factor 2.776","this fit predicts 3.19364e-06 at the same window, so the pull is +0.38. The statistic is compared against its own forward prediction and is not an estimator of an untruncated cumulant",DIAGNOSTIC
P_4154_75mW_130C,k3@6,0.14,0.24,MHz^n,"5 repeats, the bar on the mean at the two-sided 95 per cent t-factor 2.776","this fit predicts 1.53501e-05 at the same window, so the pull is +1.60. The statistic is compared against its own forward prediction and is not an estimator of an untruncated cumulant",DIAGNOSTIC
P_4154_75mW_130C,k4@12,199.5,7.8,MHz^n,"5 repeats, the bar on the mean at the two-sided 95 per cent t-factor 2.776","this fit predicts 207.361 at the same window, so the pull is -2.80. The statistic is compared against its own forward prediction and is not an estimator of an untruncated cumulant",DIAGNOSTIC
P_4154_75mW_130C,k4@3.25,-6.49,0.40,MHz^n,"5 repeats, the bar on the mean at the two-sided 95 per cent t-factor 2.776","this fit predicts -6.65769 at the same window, so the pull is +1.17. The statistic is compared against its own forward prediction and is not an estimator of an untruncated cumulant",DIAGNOSTIC
P_4154_75mW_130C,k4@6,-15.5,2.8,MHz^n,"5 repeats, the bar on the mean at the two-sided 95 per cent t-factor 2.776","this fit predicts -15.5429 at the same window, so the pull is -0.00. The statistic is compared against its own forward prediction and is not an estimator of an untruncated cumulant",DIAGNOSTIC
P_4154_75mW_130C,k5@12,-29,92,MHz^n,"5 repeats, the bar on the mean at the two-sided 95 per cent t-factor 2.776","this fit predicts -0.00223347 at the same window, so the pull is -0.88. The statistic is compared against its own forward prediction and is not an estimator of an untruncated cumulant",DIAGNOSTIC
P_4154_75mW_130C,k5@3.25,-0.08,0.67,MHz^n,"5 repeats, the bar on the mean at the two-sided 95 per cent t-factor 2.776","this fit predicts -5.16456e-05 at the same window, so the pull is -0.32. The statistic is compared against its own forward prediction and is not an estimator of an untruncated cumulant",DIAGNOSTIC
P_4154_75mW_130C,k5@6,-3.8,5.7,MHz^n,"5 repeats, the bar on the mean at the two-sided 95 per cent t-factor 2.776","this fit predicts -0.000543981 at the same window, so the pull is -1.84. The statistic is compared against its own forward prediction and is not an estimator of an untruncated cumulant",DIAGNOSTIC
P_4154_75mW_130C,k6@12,-15070,730,MHz^n,"5 repeats, the bar on the mean at the two-sided 95 per cent t-factor 2.776","this fit predicts -16254.9 at the same window, so the pull is +4.49. The statistic is compared against its own forward prediction and is not an estimator of an untruncated cumulant",DIAGNOSTIC
P_4154_75mW_130C,k6@3.25,77.7,8.4,MHz^n,"5 repeats, the bar on the mean at the two-sided 95 per cent t-factor 2.776","this fit predicts 81.4626 at the same window, so the pull is -1.22. The statistic is compared against its own forward prediction and is not an estimator of an untruncated cumulant",DIAGNOSTIC
P_4154_75mW_130C,k6@6,-12,98,MHz^n,"5 repeats, the bar on the mean at the two-sided 95 per cent t-factor 2.776","this fit predicts -2.64945 at the same window, so the pull is -0.27. The statistic is compared against its own forward prediction and is not an estimator of an untruncated cumulant",DIAGNOSTIC
P_4154_75mW_130C,k7@12,2275,8200,MHz^n,"5 repeats, the bar on the mean at the two-sided 95 per cent t-factor 2.776","this fit predicts 0.00654228 at the same window, so the pull is +0.77. The statistic is compared against its own forward prediction and is not an estimator of an untruncated cumulant",DIAGNOSTIC
P_4154_75mW_130C,k7@3.25,2,20,MHz^n,"5 repeats, the bar on the mean at the two-sided 95 per cent t-factor 2.776","this fit predicts 0.00155831 at the same window, so the pull is +0.32. The statistic is compared against its own forward prediction and is not an estimator of an untruncated cumulant",DIAGNOSTIC
P_4154_75mW_130C,k7@6,138,200,MHz^n,"5 repeats, the bar on the mean at the two-sided 95 per cent t-factor 2.776","this fit predicts 0.0278068 at the same window, so the pull is +1.93. The statistic is compared against its own forward prediction and is not an estimator of an untruncated cumulant",DIAGNOSTIC
P_4154_75mW_130C,k4/k2@3.25,-2.41,0.11,dimensionless,"5 repeats, the bar on the mean at the two-sided 95 per cent t-factor 2.776","this fit predicts -2.4569 at the same window, so the pull is +1.22. The statistic is compared against its own forward prediction and is not an estimator of an untruncated cumulant",DIAGNOSTIC
P_4154_75mW_130C,k5/k3@3.25,,,,"admitted on having a population moment, never on signal-to-noise (O17)","the denominator changes sign in 2 of 5 repeats, so the ratio has no population moment",ARTIFACT
P_4154_75mW_130C,k6/k4@3.25,-11.96,0.57,dimensionless,"5 repeats, the bar on the mean at the two-sided 95 per cent t-factor 2.776","this fit predicts -12.2359 at the same window, so the pull is +1.33. The statistic is compared against its own forward prediction and is not an estimator of an untruncated cumulant",DIAGNOSTIC
P_4154_75mW_130C,k7/k5@3.25,,,,"admitted on having a population moment, never on signal-to-noise (O17)","the denominator changes sign in 2 of 5 repeats, so the ratio has no population moment",ARTIFACT
P_4154_75mW_130C,k4/k2@6,-2.42,0.39,dimensionless,"5 repeats, the bar on the mean at the two-sided 95 per cent t-factor 2.776","this fit predicts -2.42696 at the same window, so the pull is +0.07. The statistic is compared against its own forward prediction and is not an estimator of an untruncated cumulant",DIAGNOSTIC
P_4154_75mW_130C,k5/k3@6,,,,"admitted on having a population moment, never on signal-to-noise (O17)","the denominator changes sign in 1 of 5 repeats, so the ratio has no population moment",ARTIFACT
P_4154_75mW_130C,k6/k4@6,1.4,7.2,dimensionless,"5 repeats, the bar on the mean at the two-sided 95 per cent t-factor 2.776","this fit predicts 0.17046 at the same window, so the pull is +0.49. The statistic is compared against its own forward prediction and is not an estimator of an untruncated cumulant",DIAGNOSTIC
P_4154_75mW_130C,k7/k5@6,,,,"admitted on having a population moment, never on signal-to-noise (O17)","the denominator changes sign in 2 of 5 repeats, so the ratio has no population moment",ARTIFACT
P_4154_75mW_130C,k4/k2@12,14.30,0.74,dimensionless,"5 repeats, the bar on the mean at the two-sided 95 per cent t-factor 2.776","this fit predicts 14.6426 at the same window, so the pull is -1.28. The statistic is compared against its own forward prediction and is not an estimator of an untruncated cumulant",DIAGNOSTIC
P_4154_75mW_130C,k5/k3@12,,,,"admitted on having a population moment, never on signal-to-noise (O17)","the denominator changes sign in 2 of 5 repeats, so the ratio has no population moment",ARTIFACT
P_4154_75mW_130C,k6/k4@12,-75.6,4.5,dimensionless,"5 repeats, the bar on the mean at the two-sided 95 per cent t-factor 2.776","this fit predicts -78.3891 at the same window, so the pull is +1.74. The statistic is compared against its own forward prediction and is not an estimator of an untruncated cumulant",DIAGNOSTIC
P_4154_75mW_130C,k7/k5@12,,,,"admitted on having a population moment, never on signal-to-noise (O17)","the denominator changes sign in 2 of 5 repeats, so the ratio has no population moment",ARTIFACT
P_4154_125mW_130C,k2@12,14.19,0.18,MHz^n,"5 repeats, the bar on the mean at the two-sided 95 per cent t-factor 2.776","this fit predicts 14.163 at the same window, so the pull is +0.44. The statistic is compared against its own forward prediction and is not an estimator of an untruncated cumulant",DIAGNOSTIC
P_4154_125mW_130C,k2@3.25,2.716,0.010,MHz^n,"5 repeats, the bar on the mean at the two-sided 95 per cent t-factor 2.776","this fit predicts 2.71007 at the same window, so the pull is +1.56. The statistic is compared against its own forward prediction and is not an estimator of an untruncated cumulant",DIAGNOSTIC
P_4154_125mW_130C,k2@6,6.503,0.047,MHz^n,"5 repeats, the bar on the mean at the two-sided 95 per cent t-factor 2.776","this fit predicts 6.40511 at the same window, so the pull is +5.71. The statistic is compared against its own forward prediction and is not an estimator of an untruncated cumulant",DIAGNOSTIC
P_4154_125mW_130C,k3@12,0.27,0.72,MHz^n,"5 repeats, the bar on the mean at the two-sided 95 per cent t-factor 2.776","this fit predicts 6.52337e-05 at the same window, so the pull is +1.02. The statistic is compared against its own forward prediction and is not an estimator of an untruncated cumulant",DIAGNOSTIC
P_4154_125mW_130C,k3@3.25,0.004,0.017,MHz^n,"5 repeats, the bar on the mean at the two-sided 95 per cent t-factor 2.776","this fit predicts 8.90387e-06 at the same window, so the pull is +0.61. The statistic is compared against its own forward prediction and is not an estimator of an untruncated cumulant",DIAGNOSTIC
P_4154_125mW_130C,k3@6,-0.04,0.21,MHz^n,"5 repeats, the bar on the mean at the two-sided 95 per cent t-factor 2.776","this fit predicts 3.75618e-05 at the same window, so the pull is -0.51. The statistic is compared against its own forward prediction and is not an estimator of an untruncated cumulant",DIAGNOSTIC
P_4154_125mW_130C,k4@12,197.4,2.9,MHz^n,"5 repeats, the bar on the mean at the two-sided 95 per cent t-factor 2.776","this fit predicts 207.312 at the same window, so the pull is -9.54. The statistic is compared against its own forward prediction and is not an estimator of an untruncated cumulant",DIAGNOSTIC
P_4154_125mW_130C,k4@3.25,-6.685,0.099,MHz^n,"5 repeats, the bar on the mean at the two-sided 95 per cent t-factor 2.776","this fit predicts -6.66008 at the same window, so the pull is -0.69. The statistic is compared against its own forward prediction and is not an estimator of an untruncated cumulant",DIAGNOSTIC
P_4154_125mW_130C,k4@6,-16.88,0.80,MHz^n,"5 repeats, the bar on the mean at the two-sided 95 per cent t-factor 2.776","this fit predicts -15.5581 at the same window, so the pull is -4.55. The statistic is compared against its own forward prediction and is not an estimator of an untruncated cumulant",DIAGNOSTIC
P_4154_125mW_130C,k5@12,2,56,MHz^n,"5 repeats, the bar on the mean at the two-sided 95 per cent t-factor 2.776","this fit predicts -0.0051264 at the same window, so the pull is +0.11. The statistic is compared against its own forward prediction and is not an estimator of an untruncated cumulant",DIAGNOSTIC
P_4154_125mW_130C,k5@3.25,-0.03,0.30,MHz^n,"5 repeats, the bar on the mean at the two-sided 95 per cent t-factor 2.776","this fit predicts -0.000141371 at the same window, so the pull is -0.31. The statistic is compared against its own forward prediction and is not an estimator of an untruncated cumulant",DIAGNOSTIC
P_4154_125mW_130C,k5@6,1.3,6.4,MHz^n,"5 repeats, the bar on the mean at the two-sided 95 per cent t-factor 2.776","this fit predicts -0.00130317 at the same window, so the pull is +0.57. The statistic is compared against its own forward prediction and is not an estimator of an untruncated cumulant",DIAGNOSTIC
P_4154_125mW_130C,k6@12,-15704,610,MHz^n,"5 repeats, the bar on the mean at the two-sided 95 per cent t-factor 2.776","this fit predicts -16256.2 at the same window, so the pull is +2.53. The statistic is compared against its own forward prediction and is not an estimator of an untruncated cumulant",DIAGNOSTIC
P_4154_125mW_130C,k6@3.25,81.8,2.2,MHz^n,"5 repeats, the bar on the mean at the two-sided 95 per cent t-factor 2.776","this fit predicts 81.5123 at the same window, so the pull is +0.36. The statistic is compared against its own forward prediction and is not an estimator of an untruncated cumulant",DIAGNOSTIC
P_4154_125mW_130C,k6@6,30,25,MHz^n,"5 repeats, the bar on the mean at the two-sided 95 per cent t-factor 2.776","this fit predicts -2.14437 at the same window, so the pull is +3.55. The statistic is compared against its own forward prediction and is not an estimator of an untruncated cumulant",DIAGNOSTIC
P_4154_125mW_130C,k7@12,-3321,8100,MHz^n,"5 repeats, the bar on the mean at the two-sided 95 per cent t-factor 2.776","this fit predicts 0.010154 at the same window, so the pull is -1.14. The statistic is compared against its own forward prediction and is not an estimator of an untruncated cumulant",DIAGNOSTIC
P_4154_125mW_130C,k7@3.25,0.8,9.2,MHz^n,"5 repeats, the bar on the mean at the two-sided 95 per cent t-factor 2.776","this fit predicts 0.00423147 at the same window, so the pull is +0.24. The statistic is compared against its own forward prediction and is not an estimator of an untruncated cumulant",DIAGNOSTIC
P_4154_125mW_130C,k7@6,-67,300,MHz^n,"5 repeats, the bar on the mean at the two-sided 95 per cent t-factor 2.776","this fit predicts 0.0657494 at the same window, so the pull is -0.62. The statistic is compared against its own forward prediction and is not an estimator of an untruncated cumulant",DIAGNOSTIC
P_4154_125mW_130C,k4/k2@3.25,-2.461,0.028,dimensionless,"5 repeats, the bar on the mean at the two-sided 95 per cent t-factor 2.776","this fit predicts -2.45753 at the same window, so the pull is -0.38. The statistic is compared against its own forward prediction and is not an estimator of an untruncated cumulant",DIAGNOSTIC
P_4154_125mW_130C,k5/k3@3.25,,,,"admitted on having a population moment, never on signal-to-noise (O17)","the denominator changes sign in 2 of 5 repeats, so the ratio has no population moment",ARTIFACT
P_4154_125mW_130C,k6/k4@3.25,-12.24,0.15,dimensionless,"5 repeats, the bar on the mean at the two-sided 95 per cent t-factor 2.776","this fit predicts -12.239 at the same window, so the pull is +0.07. The statistic is compared against its own forward prediction and is not an estimator of an untruncated cumulant",DIAGNOSTIC
P_4154_125mW_130C,k7/k5@3.25,,,,"admitted on having a population moment, never on signal-to-noise (O17)","the denominator changes sign in 2 of 5 repeats, so the ratio has no population moment",ARTIFACT
P_4154_125mW_130C,k4/k2@6,-2.59,0.10,dimensionless,"5 repeats, the bar on the mean at the two-sided 95 per cent t-factor 2.776","this fit predicts -2.42901 at the same window, so the pull is -4.39. The statistic is compared against its own forward prediction and is not an estimator of an untruncated cumulant",DIAGNOSTIC
P_4154_125mW_130C,k5/k3@6,,,,"admitted on having a population moment, never on signal-to-noise (O17)","the denominator changes sign in 2 of 5 repeats, so the ratio has no population moment",ARTIFACT
P_4154_125mW_130C,k6/k4@6,-1.7,1.4,dimensionless,"5 repeats, the bar on the mean at the two-sided 95 per cent t-factor 2.776","this fit predicts 0.13783 at the same window, so the pull is -3.71. The statistic is compared against its own forward prediction and is not an estimator of an untruncated cumulant",DIAGNOSTIC
P_4154_125mW_130C,k7/k5@6,,,,"admitted on having a population moment, never on signal-to-noise (O17)","the denominator changes sign in 2 of 5 repeats, so the ratio has no population moment",ARTIFACT
P_4154_125mW_130C,k4/k2@12,13.91,0.34,dimensionless,"5 repeats, the bar on the mean at the two-sided 95 per cent t-factor 2.776","this fit predicts 14.6376 at the same window, so the pull is -6.01. The statistic is compared against its own forward prediction and is not an estimator of an untruncated cumulant",DIAGNOSTIC
P_4154_125mW_130C,k5/k3@12,,,,"admitted on having a population moment, never on signal-to-noise (O17)","the denominator changes sign in 1 of 5 repeats, so the ratio has no population moment",ARTIFACT
P_4154_125mW_130C,k6/k4@12,-79.6,3.8,dimensionless,"5 repeats, the bar on the mean at the two-sided 95 per cent t-factor 2.776","this fit predicts -78.4141 at the same window, so the pull is -0.85. The statistic is compared against its own forward prediction and is not an estimator of an untruncated cumulant",DIAGNOSTIC
P_4154_125mW_130C,k7/k5@12,,,,"admitted on having a population moment, never on signal-to-noise (O17)","the denominator changes sign in 2 of 5 repeats, so the ratio has no population moment",ARTIFACT
P_4154_175mW_130C,k2@12,14.127,0.034,MHz^n,"5 repeats, the bar on the mean at the two-sided 95 per cent t-factor 2.776","this fit predicts 14.1651 at the same window, so the pull is -3.11. The statistic is compared against its own forward prediction and is not an estimator of an untruncated cumulant",DIAGNOSTIC
P_4154_175mW_130C,k2@3.25,2.708,0.014,MHz^n,"5 repeats, the bar on the mean at the two-sided 95 per cent t-factor 2.776","this fit predicts 2.71048 at the same window, so the pull is -0.42. The statistic is compared against its own forward prediction and is not an estimator of an untruncated cumulant",DIAGNOSTIC
P_4154_175mW_130C,k2@6,6.452,0.022,MHz^n,"5 repeats, the bar on the mean at the two-sided 95 per cent t-factor 2.776","this fit predicts 6.40634 at the same window, so the pull is +5.74. The statistic is compared against its own forward prediction and is not an estimator of an untruncated cumulant",DIAGNOSTIC
P_4154_175mW_130C,k3@12,-0.28,0.30,MHz^n,"5 repeats, the bar on the mean at the two-sided 95 per cent t-factor 2.776","this fit predicts 0.000134302 at the same window, so the pull is -2.59. The statistic is compared against its own forward prediction and is not an estimator of an untruncated cumulant",DIAGNOSTIC
P_4154_175mW_130C,k3@3.25,-0.002,0.025,MHz^n,"5 repeats, the bar on the mean at the two-sided 95 per cent t-factor 2.776","this fit predicts 1.12859e-05 at the same window, so the pull is -0.23. The statistic is compared against its own forward prediction and is not an estimator of an untruncated cumulant",DIAGNOSTIC
P_4154_175mW_130C,k3@6,0.017,0.084,MHz^n,"5 repeats, the bar on the mean at the two-sided 95 per cent t-factor 2.776","this fit predicts 6.5243e-05 at the same window, so the pull is +0.57. The statistic is compared against its own forward prediction and is not an estimator of an untruncated cumulant",DIAGNOSTIC
P_4154_175mW_130C,k4@12,201.6,3.0,MHz^n,"5 repeats, the bar on the mean at the two-sided 95 per cent t-factor 2.776","this fit predicts 207.24 at the same window, so the pull is -5.27. The statistic is compared against its own forward prediction and is not an estimator of an untruncated cumulant",DIAGNOSTIC
P_4154_175mW_130C,k4@3.25,-6.60,0.10,MHz^n,"5 repeats, the bar on the mean at the two-sided 95 per cent t-factor 2.776","this fit predicts -6.66358 at the same window, so the pull is +1.65. The statistic is compared against its own forward prediction and is not an estimator of an untruncated cumulant",DIAGNOSTIC
P_4154_175mW_130C,k4@6,-16.04,0.54,MHz^n,"5 repeats, the bar on the mean at the two-sided 95 per cent t-factor 2.776","this fit predicts -15.5804 at the same window, so the pull is -2.35. The statistic is compared against its own forward prediction and is not an estimator of an untruncated cumulant",DIAGNOSTIC
P_4154_175mW_130C,k5@12,11,30,MHz^n,"5 repeats, the bar on the mean at the two-sided 95 per cent t-factor 2.776","this fit predicts -0.0108877 at the same window, so the pull is +1.04. The statistic is compared against its own forward prediction and is not an estimator of an untruncated cumulant",DIAGNOSTIC
P_4154_175mW_130C,k5@3.25,0.04,0.38,MHz^n,"5 repeats, the bar on the mean at the two-sided 95 per cent t-factor 2.776","this fit predicts -0.000192717 at the same window, so the pull is +0.29. The statistic is compared against its own forward prediction and is not an estimator of an untruncated cumulant",DIAGNOSTIC
P_4154_175mW_130C,k5@6,-0.9,2.8,MHz^n,"5 repeats, the bar on the mean at the two-sided 95 per cent t-factor 2.776","this fit predicts -0.00245429 at the same window, so the pull is -0.93. The statistic is compared against its own forward prediction and is not an estimator of an untruncated cumulant",DIAGNOSTIC
P_4154_175mW_130C,k6@12,-15764,130,MHz^n,"5 repeats, the bar on the mean at the two-sided 95 per cent t-factor 2.776","this fit predicts -16258.2 at the same window, so the pull is +10.85. The statistic is compared against its own forward prediction and is not an estimator of an untruncated cumulant",DIAGNOSTIC
P_4154_175mW_130C,k6@3.25,80.1,2.1,MHz^n,"5 repeats, the bar on the mean at the two-sided 95 per cent t-factor 2.776","this fit predicts 81.5852 at the same window, so the pull is -2.05. The statistic is compared against its own forward prediction and is not an estimator of an untruncated cumulant",DIAGNOSTIC
P_4154_175mW_130C,k6@6,4,24,MHz^n,"5 repeats, the bar on the mean at the two-sided 95 per cent t-factor 2.776","this fit predicts -1.4014 at the same window, so the pull is +0.64. The statistic is compared against its own forward prediction and is not an estimator of an untruncated cumulant",DIAGNOSTIC
P_4154_175mW_130C,k7@12,1849,2700,MHz^n,"5 repeats, the bar on the mean at the two-sided 95 per cent t-factor 2.776","this fit predicts 0.0516943 at the same window, so the pull is +1.88. The statistic is compared against its own forward prediction and is not an estimator of an untruncated cumulant",DIAGNOSTIC
P_4154_175mW_130C,k7@3.25,-1,11,MHz^n,"5 repeats, the bar on the mean at the two-sided 95 per cent t-factor 2.776","this fit predicts 0.00591795 at the same window, so the pull is -0.30. The statistic is compared against its own forward prediction and is not an estimator of an untruncated cumulant",DIAGNOSTIC
P_4154_175mW_130C,k7@6,59,140,MHz^n,"5 repeats, the bar on the mean at the two-sided 95 per cent t-factor 2.776","this fit predicts 0.129386 at the same window, so the pull is +1.14. The statistic is compared against its own forward prediction and is not an estimator of an untruncated cumulant",DIAGNOSTIC
P_4154_175mW_130C,k4/k2@3.25,-2.438,0.025,dimensionless,"5 repeats, the bar on the mean at the two-sided 95 per cent t-factor 2.776","this fit predicts -2.45845 at the same window, so the pull is +2.27. The statistic is compared against its own forward prediction and is not an estimator of an untruncated cumulant",DIAGNOSTIC
P_4154_175mW_130C,k5/k3@3.25,,,,"admitted on having a population moment, never on signal-to-noise (O17)","the denominator changes sign in 2 of 5 repeats, so the ratio has no population moment",ARTIFACT
P_4154_175mW_130C,k6/k4@3.25,-12.12,0.13,dimensionless,"5 repeats, the bar on the mean at the two-sided 95 per cent t-factor 2.776","this fit predicts -12.2435 at the same window, so the pull is +2.62. The statistic is compared against its own forward prediction and is not an estimator of an untruncated cumulant",DIAGNOSTIC
P_4154_175mW_130C,k7/k5@3.25,,,,"admitted on having a population moment, never on signal-to-noise (O17)","the denominator changes sign in 2 of 5 repeats, so the ratio has no population moment",ARTIFACT
P_4154_175mW_130C,k4/k2@6,-2.486,0.078,dimensionless,"5 repeats, the bar on the mean at the two-sided 95 per cent t-factor 2.776","this fit predicts -2.43202 at the same window, so the pull is -1.92. The statistic is compared against its own forward prediction and is not an estimator of an untruncated cumulant",DIAGNOSTIC
P_4154_175mW_130C,k5/k3@6,,,,"admitted on having a population moment, never on signal-to-noise (O17)","the denominator changes sign in 1 of 5 repeats, so the ratio has no population moment",ARTIFACT
P_4154_175mW_130C,k6/k4@6,-0.2,1.5,dimensionless,"5 repeats, the bar on the mean at the two-sided 95 per cent t-factor 2.776","this fit predicts 0.0899467 at the same window, so the pull is -0.61. The statistic is compared against its own forward prediction and is not an estimator of an untruncated cumulant",DIAGNOSTIC
P_4154_175mW_130C,k7/k5@6,,,,"admitted on having a population moment, never on signal-to-noise (O17)","the denominator changes sign in 1 of 5 repeats, so the ratio has no population moment",ARTIFACT
P_4154_175mW_130C,k4/k2@12,14.27,0.24,dimensionless,"5 repeats, the bar on the mean at the two-sided 95 per cent t-factor 2.776","this fit predicts 14.6304 at the same window, so the pull is -4.14. The statistic is compared against its own forward prediction and is not an estimator of an untruncated cumulant",DIAGNOSTIC
P_4154_175mW_130C,k5/k3@12,,,,"admitted on having a population moment, never on signal-to-noise (O17)","the denominator changes sign in 1 of 5 repeats, so the ratio has no population moment",ARTIFACT
P_4154_175mW_130C,k6/k4@12,-78.2,1.0,dimensionless,"5 repeats, the bar on the mean at the two-sided 95 per cent t-factor 2.776","this fit predicts -78.451 at the same window, so the pull is +0.72. The statistic is compared against its own forward prediction and is not an estimator of an untruncated cumulant",DIAGNOSTIC
P_4154_175mW_130C,k7/k5@12,,,,"admitted on having a population moment, never on signal-to-noise (O17)","the denominator changes sign in 2 of 5 repeats, so the ratio has no population moment",ARTIFACT
P_4154_225mW_130C,k2@12,13.964,0.095,MHz^n,"5 repeats, the bar on the mean at the two-sided 95 per cent t-factor 2.776","this fit predicts 14.1678 at the same window, so the pull is -5.98. The statistic is compared against its own forward prediction and is not an estimator of an untruncated cumulant",DIAGNOSTIC
P_4154_225mW_130C,k2@3.25,2.6876,0.0075,MHz^n,"5 repeats, the bar on the mean at the two-sided 95 per cent t-factor 2.776","this fit predicts 2.71102 at the same window, so the pull is -8.64. The statistic is compared against its own forward prediction and is not an estimator of an untruncated cumulant",DIAGNOSTIC
P_4154_225mW_130C,k2@6,6.410,0.019,MHz^n,"5 repeats, the bar on the mean at the two-sided 95 per cent t-factor 2.776","this fit predicts 6.40795 at the same window, so the pull is +0.26. The statistic is compared against its own forward prediction and is not an estimator of an untruncated cumulant",DIAGNOSTIC
P_4154_225mW_130C,k3@12,-0.02,0.24,MHz^n,"5 repeats, the bar on the mean at the two-sided 95 per cent t-factor 2.776","this fit predicts 0.000253137 at the same window, so the pull is -0.29. The statistic is compared against its own forward prediction and is not an estimator of an untruncated cumulant",DIAGNOSTIC
P_4154_225mW_130C,k3@3.25,-0.004,0.013,MHz^n,"5 repeats, the bar on the mean at the two-sided 95 per cent t-factor 2.776","this fit predicts 2.39404e-05 at the same window, so the pull is -0.93. The statistic is compared against its own forward prediction and is not an estimator of an untruncated cumulant",DIAGNOSTIC
P_4154_225mW_130C,k3@6,0.006,0.060,MHz^n,"5 repeats, the bar on the mean at the two-sided 95 per cent t-factor 2.776","this fit predicts 0.000128595 at the same window, so the pull is +0.27. The statistic is compared against its own forward prediction and is not an estimator of an untruncated cumulant",DIAGNOSTIC
P_4154_225mW_130C,k4@12,201.4,2.3,MHz^n,"5 repeats, the bar on the mean at the two-sided 95 per cent t-factor 2.776","this fit predicts 207.146 at the same window, so the pull is -6.91. The statistic is compared against its own forward prediction and is not an estimator of an untruncated cumulant",DIAGNOSTIC
P_4154_225mW_130C,k4@3.25,-6.432,0.074,MHz^n,"5 repeats, the bar on the mean at the two-sided 95 per cent t-factor 2.776","this fit predicts -6.66818 at the same window, so the pull is +8.91. The statistic is compared against its own forward prediction and is not an estimator of an untruncated cumulant",DIAGNOSTIC
P_4154_225mW_130C,k4@6,-15.23,0.39,MHz^n,"5 repeats, the bar on the mean at the two-sided 95 per cent t-factor 2.776","this fit predicts -15.6097 at the same window, so the pull is +2.74. The statistic is compared against its own forward prediction and is not an estimator of an untruncated cumulant",DIAGNOSTIC
P_4154_225mW_130C,k5@12,3,17,MHz^n,"5 repeats, the bar on the mean at the two-sided 95 per cent t-factor 2.776","this fit predicts -0.02031 at the same window, so the pull is +0.56. The statistic is compared against its own forward prediction and is not an estimator of an untruncated cumulant",DIAGNOSTIC
P_4154_225mW_130C,k5@3.25,0.07,0.21,MHz^n,"5 repeats, the bar on the mean at the two-sided 95 per cent t-factor 2.776","this fit predicts -0.000400353 at the same window, so the pull is +0.90. The statistic is compared against its own forward prediction and is not an estimator of an untruncated cumulant",DIAGNOSTIC
P_4154_225mW_130C,k5@6,-0.3,1.7,MHz^n,"5 repeats, the bar on the mean at the two-sided 95 per cent t-factor 2.776","this fit predicts -0.00472452 at the same window, so the pull is -0.50. The statistic is compared against its own forward prediction and is not an estimator of an untruncated cumulant",DIAGNOSTIC
P_4154_225mW_130C,k6@12,-15216,420,MHz^n,"5 repeats, the bar on the mean at the two-sided 95 per cent t-factor 2.776","this fit predicts -16260.8 at the same window, so the pull is +6.91. The statistic is compared against its own forward prediction and is not an estimator of an untruncated cumulant",DIAGNOSTIC
P_4154_225mW_130C,k6@3.25,76.5,1.6,MHz^n,"5 repeats, the bar on the mean at the two-sided 95 per cent t-factor 2.776","this fit predicts 81.681 at the same window, so the pull is -8.84. The statistic is compared against its own forward prediction and is not an estimator of an untruncated cumulant",DIAGNOSTIC
P_4154_225mW_130C,k6@6,-26,16,MHz^n,"5 repeats, the bar on the mean at the two-sided 95 per cent t-factor 2.776","this fit predicts -0.423611 at the same window, so the pull is -4.41. The statistic is compared against its own forward prediction and is not an estimator of an untruncated cumulant",DIAGNOSTIC
P_4154_225mW_130C,k7@12,-303,2200,MHz^n,"5 repeats, the bar on the mean at the two-sided 95 per cent t-factor 2.776","this fit predicts 0.0777046 at the same window, so the pull is -0.38. The statistic is compared against its own forward prediction and is not an estimator of an untruncated cumulant",DIAGNOSTIC
P_4154_225mW_130C,k7@3.25,-1.9,6.0,MHz^n,"5 repeats, the bar on the mean at the two-sided 95 per cent t-factor 2.776","this fit predicts 0.0122121 at the same window, so the pull is -0.88. The statistic is compared against its own forward prediction and is not an estimator of an untruncated cumulant",DIAGNOSTIC
P_4154_225mW_130C,k7@6,17,73,MHz^n,"5 repeats, the bar on the mean at the two-sided 95 per cent t-factor 2.776","this fit predicts 0.246148 at the same window, so the pull is +0.64. The statistic is compared against its own forward prediction and is not an estimator of an untruncated cumulant",DIAGNOSTIC
P_4154_225mW_130C,k4/k2@3.25,-2.393,0.021,dimensionless,"5 repeats, the bar on the mean at the two-sided 95 per cent t-factor 2.776","this fit predicts -2.45965 at the same window, so the pull is +8.88. The statistic is compared against its own forward prediction and is not an estimator of an untruncated cumulant",DIAGNOSTIC
P_4154_225mW_130C,k5/k3@3.25,,,,"admitted on having a population moment, never on signal-to-noise (O17)","the denominator changes sign in 2 of 5 repeats, so the ratio has no population moment",ARTIFACT
P_4154_225mW_130C,k6/k4@3.25,-11.90,0.12,dimensionless,"5 repeats, the bar on the mean at the two-sided 95 per cent t-factor 2.776","this fit predicts -12.2494 at the same window, so the pull is +8.44. The statistic is compared against its own forward prediction and is not an estimator of an untruncated cumulant",DIAGNOSTIC
P_4154_225mW_130C,k7/k5@3.25,,,,"admitted on having a population moment, never on signal-to-noise (O17)","the denominator changes sign in 2 of 5 repeats, so the ratio has no population moment",ARTIFACT
P_4154_225mW_130C,k4/k2@6,-2.376,0.056,dimensionless,"5 repeats, the bar on the mean at the two-sided 95 per cent t-factor 2.776","this fit predicts -2.43599 at the same window, so the pull is +2.98. The statistic is compared against its own forward prediction and is not an estimator of an untruncated cumulant",DIAGNOSTIC
P_4154_225mW_130C,k5/k3@6,,,,"admitted on having a population moment, never on signal-to-noise (O17)","the denominator changes sign in 2 of 5 repeats, so the ratio has no population moment",ARTIFACT
P_4154_225mW_130C,k6/k4@6,1.7,1.1,dimensionless,"5 repeats, the bar on the mean at the two-sided 95 per cent t-factor 2.776","this fit predicts 0.0271377 at the same window, so the pull is +4.27. The statistic is compared against its own forward prediction and is not an estimator of an untruncated cumulant",DIAGNOSTIC
P_4154_225mW_130C,k7/k5@6,,,,"admitted on having a population moment, never on signal-to-noise (O17)","the denominator changes sign in 2 of 5 repeats, so the ratio has no population moment",ARTIFACT
P_4154_225mW_130C,k4/k2@12,14.43,0.17,dimensionless,"5 repeats, the bar on the mean at the two-sided 95 per cent t-factor 2.776","this fit predicts 14.6209 at the same window, so the pull is -3.26. The statistic is compared against its own forward prediction and is not an estimator of an untruncated cumulant",DIAGNOSTIC
P_4154_225mW_130C,k5/k3@12,,,,"admitted on having a population moment, never on signal-to-noise (O17)","the denominator changes sign in 2 of 5 repeats, so the ratio has no population moment",ARTIFACT
P_4154_225mW_130C,k6/k4@12,-75.5,1.8,dimensionless,"5 repeats, the bar on the mean at the two-sided 95 per cent t-factor 2.776","this fit predicts -78.4996 at the same window, so the pull is +4.53. The statistic is compared against its own forward prediction and is not an estimator of an untruncated cumulant",DIAGNOSTIC
P_4154_225mW_130C,k7/k5@12,,,,"admitted on having a population moment, never on signal-to-noise (O17)","the denominator changes sign in 2 of 5 repeats, so the ratio has no population moment",ARTIFACT
P_4192_25mW_130C,k2@12,14.28,0.59,MHz^n,"5 repeats, the bar on the mean at the two-sided 95 per cent t-factor 2.776","this fit predicts 14.1609 at the same window, so the pull is +0.58. The statistic is compared against its own forward prediction and is not an estimator of an untruncated cumulant",DIAGNOSTIC
P_4192_25mW_130C,k2@3.25,2.705,0.029,MHz^n,"5 repeats, the bar on the mean at the two-sided 95 per cent t-factor 2.776","this fit predicts 2.70966 at the same window, so the pull is -0.45. The statistic is compared against its own forward prediction and is not an estimator of an untruncated cumulant",DIAGNOSTIC
P_4192_25mW_130C,k2@6,6.492,0.095,MHz^n,"5 repeats, the bar on the mean at the two-sided 95 per cent t-factor 2.776","this fit predicts 6.40389 at the same window, so the pull is +2.56. The statistic is compared against its own forward prediction and is not an estimator of an untruncated cumulant",DIAGNOSTIC
P_4192_25mW_130C,k3@12,-2.0,3.5,MHz^n,"5 repeats, the bar on the mean at the two-sided 95 per cent t-factor 2.776","this fit predicts 8.42457e-07 at the same window, so the pull is -1.62. The statistic is compared against its own forward prediction and is not an estimator of an untruncated cumulant",DIAGNOSTIC
P_4192_25mW_130C,k3@3.25,-0.013,0.074,MHz^n,"5 repeats, the bar on the mean at the two-sided 95 per cent t-factor 2.776","this fit predicts -1.91989e-06 at the same window, so the pull is -0.48. The statistic is compared against its own forward prediction and is not an estimator of an untruncated cumulant",DIAGNOSTIC
P_4192_25mW_130C,k3@6,-0.22,0.45,MHz^n,"5 repeats, the bar on the mean at the two-sided 95 per cent t-factor 2.776","this fit predicts 1.0277e-06 at the same window, so the pull is -1.38. The statistic is compared against its own forward prediction and is not an estimator of an untruncated cumulant",DIAGNOSTIC
P_4192_25mW_130C,k4@12,194,22,MHz^n,"5 repeats, the bar on the mean at the two-sided 95 per cent t-factor 2.776","this fit predicts 207.384 at the same window, so the pull is -1.75. The statistic is compared against its own forward prediction and is not an estimator of an untruncated cumulant",DIAGNOSTIC
P_4192_25mW_130C,k4@3.25,-6.58,0.38,MHz^n,"5 repeats, the bar on the mean at the two-sided 95 per cent t-factor 2.776","this fit predicts -6.65659 at the same window, so the pull is +0.59. The statistic is compared against its own forward prediction and is not an estimator of an untruncated cumulant",DIAGNOSTIC
P_4192_25mW_130C,k4@6,-15.9,1.7,MHz^n,"5 repeats, the bar on the mean at the two-sided 95 per cent t-factor 2.776","this fit predicts -15.5359 at the same window, so the pull is -0.63. The statistic is compared against its own forward prediction and is not an estimator of an untruncated cumulant",DIAGNOSTIC
P_4192_25mW_130C,k5@12,19,49,MHz^n,"5 repeats, the bar on the mean at the two-sided 95 per cent t-factor 2.776","this fit predicts 9.47095e-05 at the same window, so the pull is +1.08. The statistic is compared against its own forward prediction and is not an estimator of an untruncated cumulant",DIAGNOSTIC
P_4192_25mW_130C,k5@3.25,0.2,1.4,MHz^n,"5 repeats, the bar on the mean at the two-sided 95 per cent t-factor 2.776","this fit predicts 2.50946e-05 at the same window, so the pull is +0.43. The statistic is compared against its own forward prediction and is not an estimator of an untruncated cumulant",DIAGNOSTIC
P_4192_25mW_130C,k5@6,7,16,MHz^n,"5 repeats, the bar on the mean at the two-sided 95 per cent t-factor 2.776","this fit predicts -1.01623e-05 at the same window, so the pull is +1.19. The statistic is compared against its own forward prediction and is not an estimator of an untruncated cumulant",DIAGNOSTIC
P_4192_25mW_130C,k6@12,-16222,2700,MHz^n,"5 repeats, the bar on the mean at the two-sided 95 per cent t-factor 2.776","this fit predicts -16254.2 at the same window, so the pull is +0.03. The statistic is compared against its own forward prediction and is not an estimator of an untruncated cumulant",DIAGNOSTIC
P_4192_25mW_130C,k6@3.25,79.4,9.0,MHz^n,"5 repeats, the bar on the mean at the two-sided 95 per cent t-factor 2.776","this fit predicts 81.4399 at the same window, so the pull is -0.62. The statistic is compared against its own forward prediction and is not an estimator of an untruncated cumulant",DIAGNOSTIC
P_4192_25mW_130C,k6@6,-19,61,MHz^n,"5 repeats, the bar on the mean at the two-sided 95 per cent t-factor 2.776","this fit predicts -2.88174 at the same window, so the pull is -0.73. The statistic is compared against its own forward prediction and is not an estimator of an untruncated cumulant",DIAGNOSTIC
P_4192_25mW_130C,k7@12,13356,30000,MHz^n,"5 repeats, the bar on the mean at the two-sided 95 per cent t-factor 2.776","this fit predicts -0.0166787 at the same window, so the pull is +1.22. The statistic is compared against its own forward prediction and is not an estimator of an untruncated cumulant",DIAGNOSTIC
P_4192_25mW_130C,k7@3.25,-6,44,MHz^n,"5 repeats, the bar on the mean at the two-sided 95 per cent t-factor 2.776","this fit predicts -0.000709703 at the same window, so the pull is -0.40. The statistic is compared against its own forward prediction and is not an estimator of an untruncated cumulant",DIAGNOSTIC
P_4192_25mW_130C,k7@6,-341,850,MHz^n,"5 repeats, the bar on the mean at the two-sided 95 per cent t-factor 2.776","this fit predicts -1.57219e-05 at the same window, so the pull is -1.11. The statistic is compared against its own forward prediction and is not an estimator of an untruncated cumulant",DIAGNOSTIC
P_4192_25mW_130C,k4/k2@3.25,-2.43,0.12,dimensionless,"5 repeats, the bar on the mean at the two-sided 95 per cent t-factor 2.776","this fit predicts -2.45662 at the same window, so the pull is +0.62. The statistic is compared against its own forward prediction and is not an estimator of an untruncated cumulant",DIAGNOSTIC
P_4192_25mW_130C,k5/k3@3.25,,,,"admitted on having a population moment, never on signal-to-noise (O17)","the denominator changes sign in 2 of 5 repeats, so the ratio has no population moment",ARTIFACT
P_4192_25mW_130C,k6/k4@3.25,-12.06,0.68,dimensionless,"5 repeats, the bar on the mean at the two-sided 95 per cent t-factor 2.776","this fit predicts -12.2345 at the same window, so the pull is +0.71. The statistic is compared against its own forward prediction and is not an estimator of an untruncated cumulant",DIAGNOSTIC
P_4192_25mW_130C,k7/k5@3.25,,,,"admitted on having a population moment, never on signal-to-noise (O17)","the denominator changes sign in 2 of 5 repeats, so the ratio has no population moment",ARTIFACT
P_4192_25mW_130C,k4/k2@6,-2.45,0.23,dimensionless,"5 repeats, the bar on the mean at the two-sided 95 per cent t-factor 2.776","this fit predicts -2.42602 at the same window, so the pull is -0.30. The statistic is compared against its own forward prediction and is not an estimator of an untruncated cumulant",DIAGNOSTIC
P_4192_25mW_130C,k5/k3@6,,,,"admitted on having a population moment, never on signal-to-noise (O17)","the denominator changes sign in 1 of 5 repeats, so the ratio has no population moment",ARTIFACT
P_4192_25mW_130C,k6/k4@6,1.4,4.1,dimensionless,"5 repeats, the bar on the mean at the two-sided 95 per cent t-factor 2.776","this fit predicts 0.185488 at the same window, so the pull is +0.83. The statistic is compared against its own forward prediction and is not an estimator of an untruncated cumulant",DIAGNOSTIC
P_4192_25mW_130C,k7/k5@6,,,,"admitted on having a population moment, never on signal-to-noise (O17)","the denominator changes sign in 1 of 5 repeats, so the ratio has no population moment",ARTIFACT
P_4192_25mW_130C,k4/k2@12,13.6,1.6,dimensionless,"5 repeats, the bar on the mean at the two-sided 95 per cent t-factor 2.776","this fit predicts 14.6448 at the same window, so the pull is -1.84. The statistic is compared against its own forward prediction and is not an estimator of an untruncated cumulant",DIAGNOSTIC
P_4192_25mW_130C,k5/k3@12,,,,"admitted on having a population moment, never on signal-to-noise (O17)","the denominator changes sign in 1 of 5 repeats, so the ratio has no population moment",ARTIFACT
P_4192_25mW_130C,k6/k4@12,-84,16,dimensionless,"5 repeats, the bar on the mean at the two-sided 95 per cent t-factor 2.776","this fit predicts -78.3774 at the same window, so the pull is -1.04. The statistic is compared against its own forward prediction and is not an estimator of an untruncated cumulant",DIAGNOSTIC
P_4192_25mW_130C,k7/k5@12,,,,"admitted on having a population moment, never on signal-to-noise (O17)","the denominator changes sign in 1 of 5 repeats, so the ratio has no population moment",ARTIFACT
P_4192_75mW_130C,k2@12,14.28,0.21,MHz^n,"5 repeats, the bar on the mean at the two-sided 95 per cent t-factor 2.776","this fit predicts 14.1616 at the same window, so the pull is +1.57. The statistic is compared against its own forward prediction and is not an estimator of an untruncated cumulant",DIAGNOSTIC
P_4192_75mW_130C,k2@3.25,2.722,0.019,MHz^n,"5 repeats, the bar on the mean at the two-sided 95 per cent t-factor 2.776","this fit predicts 2.70979 at the same window, so the pull is +1.85. The statistic is compared against its own forward prediction and is not an estimator of an untruncated cumulant",DIAGNOSTIC
P_4192_75mW_130C,k2@6,6.546,0.055,MHz^n,"5 repeats, the bar on the mean at the two-sided 95 per cent t-factor 2.776","this fit predicts 6.40427 at the same window, so the pull is +7.18. The statistic is compared against its own forward prediction and is not an estimator of an untruncated cumulant",DIAGNOSTIC
P_4192_75mW_130C,k3@12,-0.3,1.0,MHz^n,"5 repeats, the bar on the mean at the two-sided 95 per cent t-factor 2.776","this fit predicts 2.65117e-05 at the same window, so the pull is -0.77. The statistic is compared against its own forward prediction and is not an estimator of an untruncated cumulant",DIAGNOSTIC
P_4192_75mW_130C,k3@3.25,0.001,0.015,MHz^n,"5 repeats, the bar on the mean at the two-sided 95 per cent t-factor 2.776","this fit predicts 4.68073e-06 at the same window, so the pull is +0.14. The statistic is compared against its own forward prediction and is not an estimator of an untruncated cumulant",DIAGNOSTIC
P_4192_75mW_130C,k3@6,-0.05,0.15,MHz^n,"5 repeats, the bar on the mean at the two-sided 95 per cent t-factor 2.776","this fit predicts 1.31787e-05 at the same window, so the pull is -0.97. The statistic is compared against its own forward prediction and is not an estimator of an untruncated cumulant",DIAGNOSTIC
P_4192_75mW_130C,k4@12,198.0,3.0,MHz^n,"5 repeats, the bar on the mean at the two-sided 95 per cent t-factor 2.776","this fit predicts 207.362 at the same window, so the pull is -8.80. The statistic is compared against its own forward prediction and is not an estimator of an untruncated cumulant",DIAGNOSTIC
P_4192_75mW_130C,k4@3.25,-6.73,0.16,MHz^n,"5 repeats, the bar on the mean at the two-sided 95 per cent t-factor 2.776","this fit predicts -6.65768 at the same window, so the pull is -1.30. The statistic is compared against its own forward prediction and is not an estimator of an untruncated cumulant",DIAGNOSTIC
P_4192_75mW_130C,k4@6,-17.5,1.0,MHz^n,"5 repeats, the bar on the mean at the two-sided 95 per cent t-factor 2.776","this fit predicts -15.5429 at the same window, so the pull is -5.39. The statistic is compared against its own forward prediction and is not an estimator of an untruncated cumulant",DIAGNOSTIC
P_4192_75mW_130C,k5@12,2,24,MHz^n,"5 repeats, the bar on the mean at the two-sided 95 per cent t-factor 2.776","this fit predicts -0.00232427 at the same window, so the pull is +0.25. The statistic is compared against its own forward prediction and is not an estimator of an untruncated cumulant",DIAGNOSTIC
P_4192_75mW_130C,k5@3.25,0.01,0.22,MHz^n,"5 repeats, the bar on the mean at the two-sided 95 per cent t-factor 2.776","this fit predicts -7.03364e-05 at the same window, so the pull is +0.10. The statistic is compared against its own forward prediction and is not an estimator of an untruncated cumulant",DIAGNOSTIC
P_4192_75mW_130C,k5@6,1.5,4.2,MHz^n,"5 repeats, the bar on the mean at the two-sided 95 per cent t-factor 2.776","this fit predicts -0.000512883 at the same window, so the pull is +1.00. The statistic is compared against its own forward prediction and is not an estimator of an untruncated cumulant",DIAGNOSTIC
P_4192_75mW_130C,k6@12,-15936,750,MHz^n,"5 repeats, the bar on the mean at the two-sided 95 per cent t-factor 2.776","this fit predicts -16254.8 at the same window, so the pull is +1.18. The statistic is compared against its own forward prediction and is not an estimator of an untruncated cumulant",DIAGNOSTIC
P_4192_75mW_130C,k6@3.25,82.8,3.3,MHz^n,"5 repeats, the bar on the mean at the two-sided 95 per cent t-factor 2.776","this fit predicts 81.4626 at the same window, so the pull is +1.08. The statistic is compared against its own forward prediction and is not an estimator of an untruncated cumulant",DIAGNOSTIC
P_4192_75mW_130C,k6@6,46,34,MHz^n,"5 repeats, the bar on the mean at the two-sided 95 per cent t-factor 2.776","this fit predicts -2.65059 at the same window, so the pull is +4.02. The statistic is compared against its own forward prediction and is not an estimator of an untruncated cumulant",DIAGNOSTIC
P_4192_75mW_130C,k7@12,2721,9900,MHz^n,"5 repeats, the bar on the mean at the two-sided 95 per cent t-factor 2.776","this fit predicts 0.0289548 at the same window, so the pull is +0.76. The statistic is compared against its own forward prediction and is not an estimator of an untruncated cumulant",DIAGNOSTIC
P_4192_75mW_130C,k7@3.25,-0.5,6.8,MHz^n,"5 repeats, the bar on the mean at the two-sided 95 per cent t-factor 2.776","this fit predicts 0.00208064 at the same window, so the pull is -0.19. The statistic is compared against its own forward prediction and is not an estimator of an untruncated cumulant",DIAGNOSTIC
P_4192_75mW_130C,k7@6,-62,190,MHz^n,"5 repeats, the bar on the mean at the two-sided 95 per cent t-factor 2.776","this fit predicts 0.027257 at the same window, so the pull is -0.89. The statistic is compared against its own forward prediction and is not an estimator of an untruncated cumulant",DIAGNOSTIC
P_4192_75mW_130C,k4/k2@3.25,-2.472,0.041,dimensionless,"5 repeats, the bar on the mean at the two-sided 95 per cent t-factor 2.776","this fit predicts -2.4569 at the same window, so the pull is -1.03. The statistic is compared against its own forward prediction and is not an estimator of an untruncated cumulant",DIAGNOSTIC
P_4192_75mW_130C,k5/k3@3.25,,,,"admitted on having a population moment, never on signal-to-noise (O17)","the denominator changes sign in 2 of 5 repeats, so the ratio has no population moment",ARTIFACT
P_4192_75mW_130C,k6/k4@3.25,-12.29,0.21,dimensionless,"5 repeats, the bar on the mean at the two-sided 95 per cent t-factor 2.776","this fit predicts -12.2359 at the same window, so the pull is -0.75. The statistic is compared against its own forward prediction and is not an estimator of an untruncated cumulant",DIAGNOSTIC
P_4192_75mW_130C,k7/k5@3.25,,,,"admitted on having a population moment, never on signal-to-noise (O17)","the denominator changes sign in 2 of 5 repeats, so the ratio has no population moment",ARTIFACT
P_4192_75mW_130C,k4/k2@6,-2.67,0.13,dimensionless,"5 repeats, the bar on the mean at the two-sided 95 per cent t-factor 2.776","this fit predicts -2.42696 at the same window, so the pull is -5.16. The statistic is compared against its own forward prediction and is not an estimator of an untruncated cumulant",DIAGNOSTIC
P_4192_75mW_130C,k5/k3@6,,,,"admitted on having a population moment, never on signal-to-noise (O17)","the denominator changes sign in 2 of 5 repeats, so the ratio has no population moment",ARTIFACT
P_4192_75mW_130C,k6/k4@6,-2.6,1.8,dimensionless,"5 repeats, the bar on the mean at the two-sided 95 per cent t-factor 2.776","this fit predicts 0.170534 at the same window, so the pull is -4.30. The statistic is compared against its own forward prediction and is not an estimator of an untruncated cumulant",DIAGNOSTIC
P_4192_75mW_130C,k7/k5@6,,,,"admitted on having a population moment, never on signal-to-noise (O17)","the denominator changes sign in 2 of 5 repeats, so the ratio has no population moment",ARTIFACT
P_4192_75mW_130C,k4/k2@12,13.87,0.39,dimensionless,"5 repeats, the bar on the mean at the two-sided 95 per cent t-factor 2.776","this fit predicts 14.6426 at the same window, so the pull is -5.57. The statistic is compared against its own forward prediction and is not an estimator of an untruncated cumulant",DIAGNOSTIC
P_4192_75mW_130C,k5/k3@12,,,,"admitted on having a population moment, never on signal-to-noise (O17)","the denominator changes sign in 2 of 5 repeats, so the ratio has no population moment",ARTIFACT
P_4192_75mW_130C,k6/k4@12,-80.5,4.6,dimensionless,"5 repeats, the bar on the mean at the two-sided 95 per cent t-factor 2.776","this fit predicts -78.3889 at the same window, so the pull is -1.28. The statistic is compared against its own forward prediction and is not an estimator of an untruncated cumulant",DIAGNOSTIC
P_4192_75mW_130C,k7/k5@12,,,,"admitted on having a population moment, never on signal-to-noise (O17)","the denominator changes sign in 2 of 5 repeats, so the ratio has no population moment",ARTIFACT
P_4192_125mW_130C,k2@12,13.98,0.19,MHz^n,"5 repeats, the bar on the mean at the two-sided 95 per cent t-factor 2.776","this fit predicts 14.163 at the same window, so the pull is -2.72. The statistic is compared against its own forward prediction and is not an estimator of an untruncated cumulant",DIAGNOSTIC
P_4192_125mW_130C,k2@3.25,2.7161,0.0059,MHz^n,"5 repeats, the bar on the mean at the two-sided 95 per cent t-factor 2.776","this fit predicts 2.71007 at the same window, so the pull is +2.85. The statistic is compared against its own forward prediction and is not an estimator of an untruncated cumulant",DIAGNOSTIC
P_4192_125mW_130C,k2@6,6.451,0.030,MHz^n,"5 repeats, the bar on the mean at the two-sided 95 per cent t-factor 2.776","this fit predicts 6.4051 at the same window, so the pull is +4.20. The statistic is compared against its own forward prediction and is not an estimator of an untruncated cumulant",DIAGNOSTIC
P_4192_125mW_130C,k3@12,0.3,1.1,MHz^n,"5 repeats, the bar on the mean at the two-sided 95 per cent t-factor 2.776","this fit predicts 6.48897e-05 at the same window, so the pull is +0.69. The statistic is compared against its own forward prediction and is not an estimator of an untruncated cumulant",DIAGNOSTIC
P_4192_125mW_130C,k3@3.25,0.002,0.010,MHz^n,"5 repeats, the bar on the mean at the two-sided 95 per cent t-factor 2.776","this fit predicts 4.53345e-06 at the same window, so the pull is +0.50. The statistic is compared against its own forward prediction and is not an estimator of an untruncated cumulant",DIAGNOSTIC
P_4192_125mW_130C,k3@6,0.071,0.092,MHz^n,"5 repeats, the bar on the mean at the two-sided 95 per cent t-factor 2.776","this fit predicts 3.21536e-05 at the same window, so the pull is +2.14. The statistic is compared against its own forward prediction and is not an estimator of an untruncated cumulant",DIAGNOSTIC
P_4192_125mW_130C,k4@12,196.7,1.4,MHz^n,"5 repeats, the bar on the mean at the two-sided 95 per cent t-factor 2.776","this fit predicts 207.313 at the same window, so the pull is -21.78. The statistic is compared against its own forward prediction and is not an estimator of an untruncated cumulant",DIAGNOSTIC
P_4192_125mW_130C,k4@3.25,-6.684,0.053,MHz^n,"5 repeats, the bar on the mean at the two-sided 95 per cent t-factor 2.776","this fit predicts -6.66006 at the same window, so the pull is -1.24. The statistic is compared against its own forward prediction and is not an estimator of an untruncated cumulant",DIAGNOSTIC
P_4192_125mW_130C,k4@6,-16.24,0.54,MHz^n,"5 repeats, the bar on the mean at the two-sided 95 per cent t-factor 2.776","this fit predicts -15.558 at the same window, so the pull is -3.54. The statistic is compared against its own forward prediction and is not an estimator of an untruncated cumulant",DIAGNOSTIC
P_4192_125mW_130C,k5@12,-14,32,MHz^n,"5 repeats, the bar on the mean at the two-sided 95 per cent t-factor 2.776","this fit predicts -0.00511842 at the same window, so the pull is -1.17. The statistic is compared against its own forward prediction and is not an estimator of an untruncated cumulant",DIAGNOSTIC
P_4192_125mW_130C,k5@3.25,-0.03,0.18,MHz^n,"5 repeats, the bar on the mean at the two-sided 95 per cent t-factor 2.776","this fit predicts -8.0802e-05 at the same window, so the pull is -0.50. The statistic is compared against its own forward prediction and is not an estimator of an untruncated cumulant",DIAGNOSTIC
P_4192_125mW_130C,k5@6,-2.0,2.7,MHz^n,"5 repeats, the bar on the mean at the two-sided 95 per cent t-factor 2.776","this fit predicts -0.00118646 at the same window, so the pull is -2.01. The statistic is compared against its own forward prediction and is not an estimator of an untruncated cumulant",DIAGNOSTIC
P_4192_125mW_130C,k6@12,-14966,810,MHz^n,"5 repeats, the bar on the mean at the two-sided 95 per cent t-factor 2.776","this fit predicts -16256.1 at the same window, so the pull is +4.40. The statistic is compared against its own forward prediction and is not an estimator of an untruncated cumulant",DIAGNOSTIC
P_4192_125mW_130C,k6@3.25,81.8,1.1,MHz^n,"5 repeats, the bar on the mean at the two-sided 95 per cent t-factor 2.776","this fit predicts 81.5121 at the same window, so the pull is +0.69. The statistic is compared against its own forward prediction and is not an estimator of an untruncated cumulant",DIAGNOSTIC
P_4192_125mW_130C,k6@6,15,19,MHz^n,"5 repeats, the bar on the mean at the two-sided 95 per cent t-factor 2.776","this fit predicts -2.14767 at the same window, so the pull is +2.48. The statistic is compared against its own forward prediction and is not an estimator of an untruncated cumulant",DIAGNOSTIC
P_4192_125mW_130C,k7@12,-1041,7300,MHz^n,"5 repeats, the bar on the mean at the two-sided 95 per cent t-factor 2.776","this fit predicts 0.0105662 at the same window, so the pull is -0.39. The statistic is compared against its own forward prediction and is not an estimator of an untruncated cumulant",DIAGNOSTIC
P_4192_125mW_130C,k7@3.25,1.0,5.6,MHz^n,"5 repeats, the bar on the mean at the two-sided 95 per cent t-factor 2.776","this fit predicts 0.00250547 at the same window, so the pull is +0.50. The statistic is compared against its own forward prediction and is not an estimator of an untruncated cumulant",DIAGNOSTIC
P_4192_125mW_130C,k7@6,82,130,MHz^n,"5 repeats, the bar on the mean at the two-sided 95 per cent t-factor 2.776","this fit predicts 0.0620865 at the same window, so the pull is +1.75. The statistic is compared against its own forward prediction and is not an estimator of an untruncated cumulant",DIAGNOSTIC
P_4192_125mW_130C,k4/k2@3.25,-2.461,0.014,dimensionless,"5 repeats, the bar on the mean at the two-sided 95 per cent t-factor 2.776","this fit predicts -2.45753 at the same window, so the pull is -0.62. The statistic is compared against its own forward prediction and is not an estimator of an untruncated cumulant",DIAGNOSTIC
P_4192_125mW_130C,k5/k3@3.25,,,,"admitted on having a population moment, never on signal-to-noise (O17)","the denominator changes sign in 2 of 5 repeats, so the ratio has no population moment",ARTIFACT
P_4192_125mW_130C,k6/k4@3.25,-12.238,0.074,dimensionless,"5 repeats, the bar on the mean at the two-sided 95 per cent t-factor 2.776","this fit predicts -12.2389 at the same window, so the pull is +0.04. The statistic is compared against its own forward prediction and is not an estimator of an untruncated cumulant",DIAGNOSTIC
P_4192_125mW_130C,k7/k5@3.25,,,,"admitted on having a population moment, never on signal-to-noise (O17)","the denominator changes sign in 2 of 5 repeats, so the ratio has no population moment",ARTIFACT
P_4192_125mW_130C,k4/k2@6,-2.518,0.073,dimensionless,"5 repeats, the bar on the mean at the two-sided 95 per cent t-factor 2.776","this fit predicts -2.429 at the same window, so the pull is -3.38. The statistic is compared against its own forward prediction and is not an estimator of an untruncated cumulant",DIAGNOSTIC
P_4192_125mW_130C,k5/k3@6,,,,"admitted on having a population moment, never on signal-to-noise (O17)","the denominator changes sign in 1 of 5 repeats, so the ratio has no population moment",ARTIFACT
P_4192_125mW_130C,k6/k4@6,-0.9,1.2,dimensionless,"5 repeats, the bar on the mean at the two-sided 95 per cent t-factor 2.776","this fit predicts 0.138043 at the same window, so the pull is -2.49. The statistic is compared against its own forward prediction and is not an estimator of an untruncated cumulant",DIAGNOSTIC
P_4192_125mW_130C,k7/k5@6,,,,"admitted on having a population moment, never on signal-to-noise (O17)","the denominator changes sign in 1 of 5 repeats, so the ratio has no population moment",ARTIFACT
P_4192_125mW_130C,k4/k2@12,14.07,0.18,dimensionless,"5 repeats, the bar on the mean at the two-sided 95 per cent t-factor 2.776","this fit predicts 14.6377 at the same window, so the pull is -8.64. The statistic is compared against its own forward prediction and is not an estimator of an untruncated cumulant",DIAGNOSTIC
P_4192_125mW_130C,k5/k3@12,,,,"admitted on having a population moment, never on signal-to-noise (O17)","the denominator changes sign in 1 of 5 repeats, so the ratio has no population moment",ARTIFACT
P_4192_125mW_130C,k6/k4@12,-76.1,3.9,dimensionless,"5 repeats, the bar on the mean at the two-sided 95 per cent t-factor 2.776","this fit predicts -78.4135 at the same window, so the pull is +1.68. The statistic is compared against its own forward prediction and is not an estimator of an untruncated cumulant",DIAGNOSTIC
P_4192_125mW_130C,k7/k5@12,,,,"admitted on having a population moment, never on signal-to-noise (O17)","the denominator changes sign in 1 of 5 repeats, so the ratio has no population moment",ARTIFACT
P_4192_175mW_130C,k2@12,13.88,0.23,MHz^n,"5 repeats, the bar on the mean at the two-sided 95 per cent t-factor 2.776","this fit predicts 14.165 at the same window, so the pull is -3.42. The statistic is compared against its own forward prediction and is not an estimator of an untruncated cumulant",DIAGNOSTIC
P_4192_175mW_130C,k2@3.25,2.705,0.011,MHz^n,"5 repeats, the bar on the mean at the two-sided 95 per cent t-factor 2.776","this fit predicts 2.71048 at the same window, so the pull is -1.36. The statistic is compared against its own forward prediction and is not an estimator of an untruncated cumulant",DIAGNOSTIC
P_4192_175mW_130C,k2@6,6.456,0.061,MHz^n,"5 repeats, the bar on the mean at the two-sided 95 per cent t-factor 2.776","this fit predicts 6.40632 at the same window, so the pull is +2.26. The statistic is compared against its own forward prediction and is not an estimator of an untruncated cumulant",DIAGNOSTIC
P_4192_175mW_130C,k3@12,-0.1,1.1,MHz^n,"5 repeats, the bar on the mean at the two-sided 95 per cent t-factor 2.776","this fit predicts 0.000134971 at the same window, so the pull is -0.27. The statistic is compared against its own forward prediction and is not an estimator of an untruncated cumulant",DIAGNOSTIC
P_4192_175mW_130C,k3@3.25,-0.005,0.020,MHz^n,"5 repeats, the bar on the mean at the two-sided 95 per cent t-factor 2.776","this fit predicts 1.24886e-05 at the same window, so the pull is -0.71. The statistic is compared against its own forward prediction and is not an estimator of an untruncated cumulant",DIAGNOSTIC
P_4192_175mW_130C,k3@6,-0.11,0.12,MHz^n,"5 repeats, the bar on the mean at the two-sided 95 per cent t-factor 2.776","this fit predicts 6.59785e-05 at the same window, so the pull is -2.55. The statistic is compared against its own forward prediction and is not an estimator of an untruncated cumulant",DIAGNOSTIC
P_4192_175mW_130C,k4@12,194.7,2.1,MHz^n,"5 repeats, the bar on the mean at the two-sided 95 per cent t-factor 2.776","this fit predicts 207.241 at the same window, so the pull is -16.55. The statistic is compared against its own forward prediction and is not an estimator of an untruncated cumulant",DIAGNOSTIC
P_4192_175mW_130C,k4@3.25,-6.57,0.11,MHz^n,"5 repeats, the bar on the mean at the two-sided 95 per cent t-factor 2.776","this fit predicts -6.66355 at the same window, so the pull is +2.48. The statistic is compared against its own forward prediction and is not an estimator of an untruncated cumulant",DIAGNOSTIC
P_4192_175mW_130C,k4@6,-16.13,0.61,MHz^n,"5 repeats, the bar on the mean at the two-sided 95 per cent t-factor 2.776","this fit predicts -15.5801 at the same window, so the pull is -2.50. The statistic is compared against its own forward prediction and is not an estimator of an untruncated cumulant",DIAGNOSTIC
P_4192_175mW_130C,k5@12,18,38,MHz^n,"5 repeats, the bar on the mean at the two-sided 95 per cent t-factor 2.776","this fit predicts -0.0108833 at the same window, so the pull is +1.33. The statistic is compared against its own forward prediction and is not an estimator of an untruncated cumulant",DIAGNOSTIC
P_4192_175mW_130C,k5@3.25,0.07,0.30,MHz^n,"5 repeats, the bar on the mean at the two-sided 95 per cent t-factor 2.776","this fit predicts -0.000209088 at the same window, so the pull is +0.67. The statistic is compared against its own forward prediction and is not an estimator of an untruncated cumulant",DIAGNOSTIC
P_4192_175mW_130C,k5@6,3.3,3.8,MHz^n,"5 repeats, the bar on the mean at the two-sided 95 per cent t-factor 2.776","this fit predicts -0.00247194 at the same window, so the pull is +2.40. The statistic is compared against its own forward prediction and is not an estimator of an untruncated cumulant",DIAGNOSTIC
P_4192_175mW_130C,k6@12,-14544,850,MHz^n,"5 repeats, the bar on the mean at the two-sided 95 per cent t-factor 2.776","this fit predicts -16258 at the same window, so the pull is +5.59. The statistic is compared against its own forward prediction and is not an estimator of an untruncated cumulant",DIAGNOSTIC
P_4192_175mW_130C,k6@3.25,79.2,2.4,MHz^n,"5 repeats, the bar on the mean at the two-sided 95 per cent t-factor 2.776","this fit predicts 81.5846 at the same window, so the pull is -2.78. The statistic is compared against its own forward prediction and is not an estimator of an untruncated cumulant",DIAGNOSTIC
P_4192_175mW_130C,k6@6,6,15,MHz^n,"5 repeats, the bar on the mean at the two-sided 95 per cent t-factor 2.776","this fit predicts -1.40833 at the same window, so the pull is +1.32. The statistic is compared against its own forward prediction and is not an estimator of an untruncated cumulant",DIAGNOSTIC
P_4192_175mW_130C,k7@12,-1056,6500,MHz^n,"5 repeats, the bar on the mean at the two-sided 95 per cent t-factor 2.776","this fit predicts 0.0461491 at the same window, so the pull is -0.45. The statistic is compared against its own forward prediction and is not an estimator of an untruncated cumulant",DIAGNOSTIC
P_4192_175mW_130C,k7@3.25,-2.0,8.8,MHz^n,"5 repeats, the bar on the mean at the two-sided 95 per cent t-factor 2.776","this fit predicts 0.00638346 at the same window, so the pull is -0.64. The statistic is compared against its own forward prediction and is not an estimator of an untruncated cumulant",DIAGNOSTIC
P_4192_175mW_130C,k7@6,-145,190,MHz^n,"5 repeats, the bar on the mean at the two-sided 95 per cent t-factor 2.776","this fit predicts 0.129983 at the same window, so the pull is -2.14. The statistic is compared against its own forward prediction and is not an estimator of an untruncated cumulant",DIAGNOSTIC
P_4192_175mW_130C,k4/k2@3.25,-2.427,0.031,dimensionless,"5 repeats, the bar on the mean at the two-sided 95 per cent t-factor 2.776","this fit predicts -2.45844 at the same window, so the pull is +2.82. The statistic is compared against its own forward prediction and is not an estimator of an untruncated cumulant",DIAGNOSTIC
P_4192_175mW_130C,k5/k3@3.25,,,,"admitted on having a population moment, never on signal-to-noise (O17)","the denominator changes sign in 2 of 5 repeats, so the ratio has no population moment",ARTIFACT
P_4192_175mW_130C,k6/k4@3.25,-12.06,0.17,dimensionless,"5 repeats, the bar on the mean at the two-sided 95 per cent t-factor 2.776","this fit predicts -12.2434 at the same window, so the pull is +3.10. The statistic is compared against its own forward prediction and is not an estimator of an untruncated cumulant",DIAGNOSTIC
P_4192_175mW_130C,k7/k5@3.25,,,,"admitted on having a population moment, never on signal-to-noise (O17)","the denominator changes sign in 2 of 5 repeats, so the ratio has no population moment",ARTIFACT
P_4192_175mW_130C,k4/k2@6,-2.498,0.073,dimensionless,"5 repeats, the bar on the mean at the two-sided 95 per cent t-factor 2.776","this fit predicts -2.43199 at the same window, so the pull is -2.51. The statistic is compared against its own forward prediction and is not an estimator of an untruncated cumulant",DIAGNOSTIC
P_4192_175mW_130C,k5/k3@6,,,,"admitted on having a population moment, never on signal-to-noise (O17)","the denominator changes sign in 1 of 5 repeats, so the ratio has no population moment",ARTIFACT
P_4192_175mW_130C,k6/k4@6,-0.34,0.91,dimensionless,"5 repeats, the bar on the mean at the two-sided 95 per cent t-factor 2.776","this fit predicts 0.0903926 at the same window, so the pull is -1.32. The statistic is compared against its own forward prediction and is not an estimator of an untruncated cumulant",DIAGNOSTIC
P_4192_175mW_130C,k7/k5@6,,,,"admitted on having a population moment, never on signal-to-noise (O17)","the denominator changes sign in 1 of 5 repeats, so the ratio has no population moment",ARTIFACT
P_4192_175mW_130C,k4/k2@12,14.03,0.31,dimensionless,"5 repeats, the bar on the mean at the two-sided 95 per cent t-factor 2.776","this fit predicts 14.6305 at the same window, so the pull is -5.29. The statistic is compared against its own forward prediction and is not an estimator of an untruncated cumulant",DIAGNOSTIC
P_4192_175mW_130C,k5/k3@12,,,,"admitted on having a population moment, never on signal-to-noise (O17)","the denominator changes sign in 2 of 5 repeats, so the ratio has no population moment",ARTIFACT
P_4192_175mW_130C,k6/k4@12,-74.7,4.5,dimensionless,"5 repeats, the bar on the mean at the two-sided 95 per cent t-factor 2.776","this fit predicts -78.4499 at the same window, so the pull is +2.32. The statistic is compared against its own forward prediction and is not an estimator of an untruncated cumulant",DIAGNOSTIC
P_4192_175mW_130C,k7/k5@12,,,,"admitted on having a population moment, never on signal-to-noise (O17)","the denominator changes sign in 1 of 5 repeats, so the ratio has no population moment",ARTIFACT
P_4192_225mW_130C,k2@12,14.033,0.059,MHz^n,"5 repeats, the bar on the mean at the two-sided 95 per cent t-factor 2.776","this fit predicts 14.1677 at the same window, so the pull is -6.35. The statistic is compared against its own forward prediction and is not an estimator of an untruncated cumulant",DIAGNOSTIC
P_4192_225mW_130C,k2@3.25,2.684,0.013,MHz^n,"5 repeats, the bar on the mean at the two-sided 95 per cent t-factor 2.776","this fit predicts 2.71101 at the same window, so the pull is -5.95. The statistic is compared against its own forward prediction and is not an estimator of an untruncated cumulant",DIAGNOSTIC
P_4192_225mW_130C,k2@6,6.406,0.035,MHz^n,"5 repeats, the bar on the mean at the two-sided 95 per cent t-factor 2.776","this fit predicts 6.40792 at the same window, so the pull is -0.16. The statistic is compared against its own forward prediction and is not an estimator of an untruncated cumulant",DIAGNOSTIC
P_4192_225mW_130C,k3@12,0.03,0.84,MHz^n,"5 repeats, the bar on the mean at the two-sided 95 per cent t-factor 2.776","this fit predicts 0.000253251 at the same window, so the pull is +0.09. The statistic is compared against its own forward prediction and is not an estimator of an untruncated cumulant",DIAGNOSTIC
P_4192_225mW_130C,k3@3.25,-0.0067,0.0097,MHz^n,"5 repeats, the bar on the mean at the two-sided 95 per cent t-factor 2.776","this fit predicts 2.29057e-05 at the same window, so the pull is -1.93. The statistic is compared against its own forward prediction and is not an estimator of an untruncated cumulant",DIAGNOSTIC
P_4192_225mW_130C,k3@6,-0.021,0.054,MHz^n,"5 repeats, the bar on the mean at the two-sided 95 per cent t-factor 2.776","this fit predicts 0.000125608 at the same window, so the pull is -1.09. The statistic is compared against its own forward prediction and is not an estimator of an untruncated cumulant",DIAGNOSTIC
P_4192_225mW_130C,k4@12,204.5,2.4,MHz^n,"5 repeats, the bar on the mean at the two-sided 95 per cent t-factor 2.776","this fit predicts 207.147 at the same window, so the pull is -3.12. The statistic is compared against its own forward prediction and is not an estimator of an untruncated cumulant",DIAGNOSTIC
P_4192_225mW_130C,k4@3.25,-6.40,0.10,MHz^n,"5 repeats, the bar on the mean at the two-sided 95 per cent t-factor 2.776","this fit predicts -6.66812 at the same window, so the pull is +7.26. The statistic is compared against its own forward prediction and is not an estimator of an untruncated cumulant",DIAGNOSTIC
P_4192_225mW_130C,k4@6,-15.19,0.73,MHz^n,"5 repeats, the bar on the mean at the two-sided 95 per cent t-factor 2.776","this fit predicts -15.6092 at the same window, so the pull is +1.60. The statistic is compared against its own forward prediction and is not an estimator of an untruncated cumulant",DIAGNOSTIC
P_4192_225mW_130C,k5@12,-1,14,MHz^n,"5 repeats, the bar on the mean at the two-sided 95 per cent t-factor 2.776","this fit predicts -0.0203635 at the same window, so the pull is -0.27. The statistic is compared against its own forward prediction and is not an estimator of an untruncated cumulant",DIAGNOSTIC
P_4192_225mW_130C,k5@3.25,0.12,0.14,MHz^n,"5 repeats, the bar on the mean at the two-sided 95 per cent t-factor 2.776","this fit predicts -0.000385161 at the same window, so the pull is +2.39. The statistic is compared against its own forward prediction and is not an estimator of an untruncated cumulant",DIAGNOSTIC
P_4192_225mW_130C,k5@6,0.7,1.4,MHz^n,"5 repeats, the bar on the mean at the two-sided 95 per cent t-factor 2.776","this fit predicts -0.0046652 at the same window, so the pull is +1.44. The statistic is compared against its own forward prediction and is not an estimator of an untruncated cumulant",DIAGNOSTIC
P_4192_225mW_130C,k6@12,-15616,190,MHz^n,"5 repeats, the bar on the mean at the two-sided 95 per cent t-factor 2.776","this fit predicts -16260.5 at the same window, so the pull is +9.29. The statistic is compared against its own forward prediction and is not an estimator of an untruncated cumulant",DIAGNOSTIC
P_4192_225mW_130C,k6@3.25,75.8,2.0,MHz^n,"5 repeats, the bar on the mean at the two-sided 95 per cent t-factor 2.776","this fit predicts 81.68 at the same window, so the pull is -7.90. The statistic is compared against its own forward prediction and is not an estimator of an untruncated cumulant",DIAGNOSTIC
P_4192_225mW_130C,k6@6,-27,26,MHz^n,"5 repeats, the bar on the mean at the two-sided 95 per cent t-factor 2.776","this fit predicts -0.436037 at the same window, so the pull is -2.83. The statistic is compared against its own forward prediction and is not an estimator of an untruncated cumulant",DIAGNOSTIC
P_4192_225mW_130C,k7@12,-244,7000,MHz^n,"5 repeats, the bar on the mean at the two-sided 95 per cent t-factor 2.776","this fit predicts 0.081158 at the same window, so the pull is -0.10. The statistic is compared against its own forward prediction and is not an estimator of an untruncated cumulant",DIAGNOSTIC
P_4192_225mW_130C,k7@3.25,-3.6,3.9,MHz^n,"5 repeats, the bar on the mean at the two-sided 95 per cent t-factor 2.776","this fit predicts 0.0117772 at the same window, so the pull is -2.57. The statistic is compared against its own forward prediction and is not an estimator of an untruncated cumulant",DIAGNOSTIC
P_4192_225mW_130C,k7@6,-37,61,MHz^n,"5 repeats, the bar on the mean at the two-sided 95 per cent t-factor 2.776","this fit predicts 0.244411 at the same window, so the pull is -1.72. The statistic is compared against its own forward prediction and is not an estimator of an untruncated cumulant",DIAGNOSTIC
P_4192_225mW_130C,k4/k2@3.25,-2.384,0.027,dimensionless,"5 repeats, the bar on the mean at the two-sided 95 per cent t-factor 2.776","this fit predicts -2.45964 at the same window, so the pull is +7.65. The statistic is compared against its own forward prediction and is not an estimator of an untruncated cumulant",DIAGNOSTIC
P_4192_225mW_130C,k5/k3@3.25,-183,470,dimensionless,"5 repeats, the bar on the mean at the two-sided 95 per cent t-factor 2.776","this fit predicts -16.8151 at the same window, so the pull is -0.99. The statistic is compared against its own forward prediction and is not an estimator of an untruncated cumulant",DIAGNOSTIC
P_4192_225mW_130C,k6/k4@3.25,-11.85,0.13,dimensionless,"5 repeats, the bar on the mean at the two-sided 95 per cent t-factor 2.776","this fit predicts -12.2493 at the same window, so the pull is +8.53. The statistic is compared against its own forward prediction and is not an estimator of an untruncated cumulant",DIAGNOSTIC
P_4192_225mW_130C,k7/k5@3.25,-31.5,5.9,dimensionless,"5 repeats, the bar on the mean at the two-sided 95 per cent t-factor 2.776","this fit predicts -30.5774 at the same window, so the pull is -0.41. The statistic is compared against its own forward prediction and is not an estimator of an untruncated cumulant",DIAGNOSTIC
P_4192_225mW_130C,k4/k2@6,-2.37,0.10,dimensionless,"5 repeats, the bar on the mean at the two-sided 95 per cent t-factor 2.776","this fit predicts -2.43593 at the same window, so the pull is +1.78. The statistic is compared against its own forward prediction and is not an estimator of an untruncated cumulant",DIAGNOSTIC
P_4192_225mW_130C,k5/k3@6,,,,"admitted on having a population moment, never on signal-to-noise (O17)","the denominator changes sign in 1 of 5 repeats, so the ratio has no population moment",ARTIFACT
P_4192_225mW_130C,k6/k4@6,1.8,1.8,dimensionless,"5 repeats, the bar on the mean at the two-sided 95 per cent t-factor 2.776","this fit predicts 0.0279345 at the same window, so the pull is +2.74. The statistic is compared against its own forward prediction and is not an estimator of an untruncated cumulant",DIAGNOSTIC
P_4192_225mW_130C,k7/k5@6,,,,"admitted on having a population moment, never on signal-to-noise (O17)","the denominator changes sign in 1 of 5 repeats, so the ratio has no population moment",ARTIFACT
P_4192_225mW_130C,k4/k2@12,14.57,0.21,dimensionless,"5 repeats, the bar on the mean at the two-sided 95 per cent t-factor 2.776","this fit predicts 14.621 at the same window, so the pull is -0.69. The statistic is compared against its own forward prediction and is not an estimator of an untruncated cumulant",DIAGNOSTIC
P_4192_225mW_130C,k5/k3@12,,,,"admitted on having a population moment, never on signal-to-noise (O17)","the denominator changes sign in 2 of 5 repeats, so the ratio has no population moment",ARTIFACT
P_4192_225mW_130C,k6/k4@12,-76.4,1.1,dimensionless,"5 repeats, the bar on the mean at the two-sided 95 per cent t-factor 2.776","this fit predicts -78.4977 at the same window, so the pull is +5.39. The statistic is compared against its own forward prediction and is not an estimator of an untruncated cumulant",DIAGNOSTIC
P_4192_225mW_130C,k7/k5@12,,,,"admitted on having a population moment, never on signal-to-noise (O17)","the denominator changes sign in 2 of 5 repeats, so the ratio has no population moment",ARTIFACT
P_4207_25mW_130C,k2@12,9.9,3.4,MHz^n,"5 repeats, the bar on the mean at the two-sided 95 per cent t-factor 2.776","this fit predicts 14.1437 at the same window, so the pull is -3.52. The statistic is compared against its own forward prediction and is not an estimator of an untruncated cumulant",DIAGNOSTIC
P_4207_25mW_130C,k2@3.25,2.679,0.069,MHz^n,"5 repeats, the bar on the mean at the two-sided 95 per cent t-factor 2.776","this fit predicts 2.7069 at the same window, so the pull is -1.11. The statistic is compared against its own forward prediction and is not an estimator of an untruncated cumulant",DIAGNOSTIC
P_4207_25mW_130C,k2@6,6.12,0.28,MHz^n,"5 repeats, the bar on the mean at the two-sided 95 per cent t-factor 2.776","this fit predicts 6.39372 at the same window, so the pull is -2.77. The statistic is compared against its own forward prediction and is not an estimator of an untruncated cumulant",DIAGNOSTIC
P_4207_25mW_130C,k3@12,1,28,MHz^n,"5 repeats, the bar on the mean at the two-sided 95 per cent t-factor 2.776","this fit predicts -2.34049e-06 at the same window, so the pull is +0.08. The statistic is compared against its own forward prediction and is not an estimator of an untruncated cumulant",DIAGNOSTIC
P_4207_25mW_130C,k3@3.25,0.026,0.063,MHz^n,"5 repeats, the bar on the mean at the two-sided 95 per cent t-factor 2.776","this fit predicts -6.05137e-08 at the same window, so the pull is +1.16. The statistic is compared against its own forward prediction and is not an estimator of an untruncated cumulant",DIAGNOSTIC
P_4207_25mW_130C,k3@6,-0.25,0.47,MHz^n,"5 repeats, the bar on the mean at the two-sided 95 per cent t-factor 2.776","this fit predicts -7.83283e-07 at the same window, so the pull is -1.51. The statistic is compared against its own forward prediction and is not an estimator of an untruncated cumulant",DIAGNOSTIC
P_4207_25mW_130C,k4@12,54,130,MHz^n,"5 repeats, the bar on the mean at the two-sided 95 per cent t-factor 2.776","this fit predicts 208.003 at the same window, so the pull is -3.16. The statistic is compared against its own forward prediction and is not an estimator of an untruncated cumulant",DIAGNOSTIC
P_4207_25mW_130C,k4@3.25,-6.54,0.67,MHz^n,"5 repeats, the bar on the mean at the two-sided 95 per cent t-factor 2.776","this fit predicts -6.63387 at the same window, so the pull is +0.39. The statistic is compared against its own forward prediction and is not an estimator of an untruncated cumulant",DIAGNOSTIC
P_4207_25mW_130C,k4@6,-13.3,1.9,MHz^n,"5 repeats, the bar on the mean at the two-sided 95 per cent t-factor 2.776","this fit predicts -15.3651 at the same window, so the pull is +3.10. The statistic is compared against its own forward prediction and is not an estimator of an untruncated cumulant",DIAGNOSTIC
P_4207_25mW_130C,k5@12,-117,1400,MHz^n,"5 repeats, the bar on the mean at the two-sided 95 per cent t-factor 2.776","this fit predicts -6.08782e-05 at the same window, so the pull is -0.24. The statistic is compared against its own forward prediction and is not an estimator of an untruncated cumulant",DIAGNOSTIC
P_4207_25mW_130C,k5@3.25,-0.34,0.72,MHz^n,"5 repeats, the bar on the mean at the two-sided 95 per cent t-factor 2.776","this fit predicts 2.87555e-06 at the same window, so the pull is -1.33. The statistic is compared against its own forward prediction and is not an estimator of an untruncated cumulant",DIAGNOSTIC
P_4207_25mW_130C,k5@6,5.8,9.8,MHz^n,"5 repeats, the bar on the mean at the two-sided 95 per cent t-factor 2.776","this fit predicts 2.22151e-05 at the same window, so the pull is +1.65. The statistic is compared against its own forward prediction and is not an estimator of an untruncated cumulant",DIAGNOSTIC
P_4207_25mW_130C,k6@12,-10323,3300,MHz^n,"5 repeats, the bar on the mean at the two-sided 95 per cent t-factor 2.776","this fit predicts -16237.1 at the same window, so the pull is +4.98. The statistic is compared against its own forward prediction and is not an estimator of an untruncated cumulant",DIAGNOSTIC
P_4207_25mW_130C,k6@3.25,80,15,MHz^n,"5 repeats, the bar on the mean at the two-sided 95 per cent t-factor 2.776","this fit predicts 80.9722 at the same window, so the pull is -0.25. The statistic is compared against its own forward prediction and is not an estimator of an untruncated cumulant",DIAGNOSTIC
P_4207_25mW_130C,k6@6,-32,42,MHz^n,"5 repeats, the bar on the mean at the two-sided 95 per cent t-factor 2.776","this fit predicts -8.19963 at the same window, so the pull is -1.56. The statistic is compared against its own forward prediction and is not an estimator of an untruncated cumulant",DIAGNOSTIC
P_4207_25mW_130C,k7@12,-44746,75000,MHz^n,"5 repeats, the bar on the mean at the two-sided 95 per cent t-factor 2.776","this fit predicts 0.0243165 at the same window, so the pull is -1.66. The statistic is compared against its own forward prediction and is not an estimator of an untruncated cumulant",DIAGNOSTIC
P_4207_25mW_130C,k7@3.25,10,19,MHz^n,"5 repeats, the bar on the mean at the two-sided 95 per cent t-factor 2.776","this fit predicts -9.31927e-05 at the same window, so the pull is +1.49. The statistic is compared against its own forward prediction and is not an estimator of an untruncated cumulant",DIAGNOSTIC
P_4207_25mW_130C,k7@6,-201,410,MHz^n,"5 repeats, the bar on the mean at the two-sided 95 per cent t-factor 2.776","this fit predicts -0.000882873 at the same window, so the pull is -1.35. The statistic is compared against its own forward prediction and is not an estimator of an untruncated cumulant",DIAGNOSTIC
P_4207_25mW_130C,k4/k2@3.25,-2.44,0.19,dimensionless,"5 repeats, the bar on the mean at the two-sided 95 per cent t-factor 2.776","this fit predicts -2.45073 at the same window, so the pull is +0.18. The statistic is compared against its own forward prediction and is not an estimator of an untruncated cumulant",DIAGNOSTIC
P_4207_25mW_130C,k5/k3@3.25,,,,"admitted on having a population moment, never on signal-to-noise (O17)","the denominator changes sign in 1 of 5 repeats, so the ratio has no population moment",ARTIFACT
P_4207_25mW_130C,k6/k4@3.25,-12.1,1.1,dimensionless,"5 repeats, the bar on the mean at the two-sided 95 per cent t-factor 2.776","this fit predicts -12.2059 at the same window, so the pull is +0.21. The statistic is compared against its own forward prediction and is not an estimator of an untruncated cumulant",DIAGNOSTIC
P_4207_25mW_130C,k7/k5@3.25,,,,"admitted on having a population moment, never on signal-to-noise (O17)","the denominator changes sign in 1 of 5 repeats, so the ratio has no population moment",ARTIFACT
P_4207_25mW_130C,k4/k2@6,-2.16,0.23,dimensionless,"5 repeats, the bar on the mean at the two-sided 95 per cent t-factor 2.776","this fit predicts -2.40316 at the same window, so the pull is +2.83. The statistic is compared against its own forward prediction and is not an estimator of an untruncated cumulant",DIAGNOSTIC
P_4207_25mW_130C,k5/k3@6,,,,"admitted on having a population moment, never on signal-to-noise (O17)","the denominator changes sign in 1 of 5 repeats, so the ratio has no population moment",ARTIFACT
P_4207_25mW_130C,k6/k4@6,2.6,3.4,dimensionless,"5 repeats, the bar on the mean at the two-sided 95 per cent t-factor 2.776","this fit predicts 0.533653 at the same window, so the pull is +1.69. The statistic is compared against its own forward prediction and is not an estimator of an untruncated cumulant",DIAGNOSTIC
P_4207_25mW_130C,k7/k5@6,,,,"admitted on having a population moment, never on signal-to-noise (O17)","the denominator changes sign in 2 of 5 repeats, so the ratio has no population moment",ARTIFACT
P_4207_25mW_130C,k4/k2@12,3,12,dimensionless,"5 repeats, the bar on the mean at the two-sided 95 per cent t-factor 2.776","this fit predicts 14.7064 at the same window, so the pull is -2.67. The statistic is compared against its own forward prediction and is not an estimator of an untruncated cumulant",DIAGNOSTIC
P_4207_25mW_130C,k5/k3@12,,,,"admitted on having a population moment, never on signal-to-noise (O17)","the denominator changes sign in 2 of 5 repeats, so the ratio has no population moment",ARTIFACT
P_4207_25mW_130C,k6/k4@12,,,,"admitted on having a population moment, never on signal-to-noise (O17)","the denominator changes sign in 2 of 5 repeats, so the ratio has no population moment",ARTIFACT
P_4207_25mW_130C,k7/k5@12,,,,"admitted on having a population moment, never on signal-to-noise (O17)","the denominator changes sign in 2 of 5 repeats, so the ratio has no population moment",ARTIFACT
P_4207_75mW_130C,k2@12,14.02,0.21,MHz^n,"5 repeats, the bar on the mean at the two-sided 95 per cent t-factor 2.776","this fit predicts 14.1443 at the same window, so the pull is -1.66. The statistic is compared against its own forward prediction and is not an estimator of an untruncated cumulant",DIAGNOSTIC
P_4207_75mW_130C,k2@3.25,2.724,0.023,MHz^n,"5 repeats, the bar on the mean at the two-sided 95 per cent t-factor 2.776","this fit predicts 2.70702 at the same window, so the pull is +2.02. The statistic is compared against its own forward prediction and is not an estimator of an untruncated cumulant",DIAGNOSTIC
P_4207_75mW_130C,k2@6,6.534,0.085,MHz^n,"5 repeats, the bar on the mean at the two-sided 95 per cent t-factor 2.776","this fit predicts 6.39409 at the same window, so the pull is +4.56. The statistic is compared against its own forward prediction and is not an estimator of an untruncated cumulant",DIAGNOSTIC
P_4207_75mW_130C,k3@12,0.3,1.2,MHz^n,"5 repeats, the bar on the mean at the two-sided 95 per cent t-factor 2.776","this fit predicts 2.60049e-05 at the same window, so the pull is +0.60. The statistic is compared against its own forward prediction and is not an estimator of an untruncated cumulant",DIAGNOSTIC
P_4207_75mW_130C,k3@3.25,-0.004,0.020,MHz^n,"5 repeats, the bar on the mean at the two-sided 95 per cent t-factor 2.776","this fit predicts 2.21185e-06 at the same window, so the pull is -0.49. The statistic is compared against its own forward prediction and is not an estimator of an untruncated cumulant",DIAGNOSTIC
P_4207_75mW_130C,k3@6,-0.10,0.15,MHz^n,"5 repeats, the bar on the mean at the two-sided 95 per cent t-factor 2.776","this fit predicts 1.30494e-05 at the same window, so the pull is -1.87. The statistic is compared against its own forward prediction and is not an estimator of an untruncated cumulant",DIAGNOSTIC
P_4207_75mW_130C,k4@12,194,11,MHz^n,"5 repeats, the bar on the mean at the two-sided 95 per cent t-factor 2.776","this fit predicts 207.982 at the same window, so the pull is -3.58. The statistic is compared against its own forward prediction and is not an estimator of an untruncated cumulant",DIAGNOSTIC
P_4207_75mW_130C,k4@3.25,-6.74,0.20,MHz^n,"5 repeats, the bar on the mean at the two-sided 95 per cent t-factor 2.776","this fit predicts -6.63492 at the same window, so the pull is -1.39. The statistic is compared against its own forward prediction and is not an estimator of an untruncated cumulant",DIAGNOSTIC
P_4207_75mW_130C,k4@6,-17.1,1.3,MHz^n,"5 repeats, the bar on the mean at the two-sided 95 per cent t-factor 2.776","this fit predicts -15.3718 at the same window, so the pull is -3.56. The statistic is compared against its own forward prediction and is not an estimator of an untruncated cumulant",DIAGNOSTIC
P_4207_75mW_130C,k5@12,12,18,MHz^n,"5 repeats, the bar on the mean at the two-sided 95 per cent t-factor 2.776","this fit predicts -0.00207333 at the same window, so the pull is +1.87. The statistic is compared against its own forward prediction and is not an estimator of an untruncated cumulant",DIAGNOSTIC
P_4207_75mW_130C,k5@3.25,-0.03,0.31,MHz^n,"5 repeats, the bar on the mean at the two-sided 95 per cent t-factor 2.776","this fit predicts -3.79825e-05 at the same window, so the pull is -0.24. The statistic is compared against its own forward prediction and is not an estimator of an untruncated cumulant",DIAGNOSTIC
P_4207_75mW_130C,k5@6,3.0,5.9,MHz^n,"5 repeats, the bar on the mean at the two-sided 95 per cent t-factor 2.776","this fit predicts -0.000491995 at the same window, so the pull is +1.42. The statistic is compared against its own forward prediction and is not an estimator of an untruncated cumulant",DIAGNOSTIC
P_4207_75mW_130C,k6@12,-14855,870,MHz^n,"5 repeats, the bar on the mean at the two-sided 95 per cent t-factor 2.776","this fit predicts -16237.7 at the same window, so the pull is +4.39. The statistic is compared against its own forward prediction and is not an estimator of an untruncated cumulant",DIAGNOSTIC
P_4207_75mW_130C,k6@3.25,82.9,4.4,MHz^n,"5 repeats, the bar on the mean at the two-sided 95 per cent t-factor 2.776","this fit predicts 80.9941 at the same window, so the pull is +1.18. The statistic is compared against its own forward prediction and is not an estimator of an untruncated cumulant",DIAGNOSTIC
P_4207_75mW_130C,k6@6,28,45,MHz^n,"5 repeats, the bar on the mean at the two-sided 95 per cent t-factor 2.776","this fit predicts -7.97821 at the same window, so the pull is +2.23. The statistic is compared against its own forward prediction and is not an estimator of an untruncated cumulant",DIAGNOSTIC
P_4207_75mW_130C,k7@12,-4290,12000,MHz^n,"5 repeats, the bar on the mean at the two-sided 95 per cent t-factor 2.776","this fit predicts 0.0091752 at the same window, so the pull is -1.03. The statistic is compared against its own forward prediction and is not an estimator of an untruncated cumulant",DIAGNOSTIC
P_4207_75mW_130C,k7@3.25,1.8,9.4,MHz^n,"5 repeats, the bar on the mean at the two-sided 95 per cent t-factor 2.776","this fit predicts 0.00116413 at the same window, so the pull is +0.53. The statistic is compared against its own forward prediction and is not an estimator of an untruncated cumulant",DIAGNOSTIC
P_4207_75mW_130C,k7@6,-129,320,MHz^n,"5 repeats, the bar on the mean at the two-sided 95 per cent t-factor 2.776","this fit predicts 0.0258506 at the same window, so the pull is -1.13. The statistic is compared against its own forward prediction and is not an estimator of an untruncated cumulant",DIAGNOSTIC
P_4207_75mW_130C,k4/k2@3.25,-2.473,0.053,dimensionless,"5 repeats, the bar on the mean at the two-sided 95 per cent t-factor 2.776","this fit predicts -2.45101 at the same window, so the pull is -1.14. The statistic is compared against its own forward prediction and is not an estimator of an untruncated cumulant",DIAGNOSTIC
P_4207_75mW_130C,k5/k3@3.25,,,,"admitted on having a population moment, never on signal-to-noise (O17)","the denominator changes sign in 1 of 5 repeats, so the ratio has no population moment",ARTIFACT
P_4207_75mW_130C,k6/k4@3.25,-12.30,0.28,dimensionless,"5 repeats, the bar on the mean at the two-sided 95 per cent t-factor 2.776","this fit predicts -12.2072 at the same window, so the pull is -0.89. The statistic is compared against its own forward prediction and is not an estimator of an untruncated cumulant",DIAGNOSTIC
P_4207_75mW_130C,k7/k5@3.25,,,,"admitted on having a population moment, never on signal-to-noise (O17)","the denominator changes sign in 2 of 5 repeats, so the ratio has no population moment",ARTIFACT
P_4207_75mW_130C,k4/k2@6,-2.61,0.17,dimensionless,"5 repeats, the bar on the mean at the two-sided 95 per cent t-factor 2.776","this fit predicts -2.40406 at the same window, so the pull is -3.34. The statistic is compared against its own forward prediction and is not an estimator of an untruncated cumulant",DIAGNOSTIC
P_4207_75mW_130C,k5/k3@6,,,,"admitted on having a population moment, never on signal-to-noise (O17)","the denominator changes sign in 1 of 5 repeats, so the ratio has no population moment",ARTIFACT
P_4207_75mW_130C,k6/k4@6,-1.5,2.6,dimensionless,"5 repeats, the bar on the mean at the two-sided 95 per cent t-factor 2.776","this fit predicts 0.519017 at the same window, so the pull is -2.21. The statistic is compared against its own forward prediction and is not an estimator of an untruncated cumulant",DIAGNOSTIC
P_4207_75mW_130C,k7/k5@6,,,,"admitted on having a population moment, never on signal-to-noise (O17)","the denominator changes sign in 1 of 5 repeats, so the ratio has no population moment",ARTIFACT
P_4207_75mW_130C,k4/k2@12,13.81,0.80,dimensionless,"5 repeats, the bar on the mean at the two-sided 95 per cent t-factor 2.776","this fit predicts 14.7042 at the same window, so the pull is -3.08. The statistic is compared against its own forward prediction and is not an estimator of an untruncated cumulant",DIAGNOSTIC
P_4207_75mW_130C,k5/k3@12,,,,"admitted on having a population moment, never on signal-to-noise (O17)","the denominator changes sign in 2 of 5 repeats, so the ratio has no population moment",ARTIFACT
P_4207_75mW_130C,k6/k4@12,-76.8,3.5,dimensionless,"5 repeats, the bar on the mean at the two-sided 95 per cent t-factor 2.776","this fit predicts -78.0726 at the same window, so the pull is +1.03. The statistic is compared against its own forward prediction and is not an estimator of an untruncated cumulant",DIAGNOSTIC
P_4207_75mW_130C,k7/k5@12,,,,"admitted on having a population moment, never on signal-to-noise (O17)","the denominator changes sign in 1 of 5 repeats, so the ratio has no population moment",ARTIFACT
P_4207_125mW_130C,k2@12,14.099,0.063,MHz^n,"5 repeats, the bar on the mean at the two-sided 95 per cent t-factor 2.776","this fit predicts 14.1457 at the same window, so the pull is -2.05. The statistic is compared against its own forward prediction and is not an estimator of an untruncated cumulant",DIAGNOSTIC
P_4207_125mW_130C,k2@3.25,2.715,0.021,MHz^n,"5 repeats, the bar on the mean at the two-sided 95 per cent t-factor 2.776","this fit predicts 2.70729 at the same window, so the pull is +1.01. The statistic is compared against its own forward prediction and is not an estimator of an untruncated cumulant",DIAGNOSTIC
P_4207_125mW_130C,k2@6,6.509,0.049,MHz^n,"5 repeats, the bar on the mean at the two-sided 95 per cent t-factor 2.776","this fit predicts 6.3949 at the same window, so the pull is +6.41. The statistic is compared against its own forward prediction and is not an estimator of an untruncated cumulant",DIAGNOSTIC
P_4207_125mW_130C,k3@12,-0.55,0.81,MHz^n,"5 repeats, the bar on the mean at the two-sided 95 per cent t-factor 2.776","this fit predicts 6.14762e-05 at the same window, so the pull is -1.89. The statistic is compared against its own forward prediction and is not an estimator of an untruncated cumulant",DIAGNOSTIC
P_4207_125mW_130C,k3@3.25,-0.003,0.043,MHz^n,"5 repeats, the bar on the mean at the two-sided 95 per cent t-factor 2.776","this fit predicts 6.18446e-06 at the same window, so the pull is -0.21. The statistic is compared against its own forward prediction and is not an estimator of an untruncated cumulant",DIAGNOSTIC
P_4207_125mW_130C,k3@6,-0.06,0.22,MHz^n,"5 repeats, the bar on the mean at the two-sided 95 per cent t-factor 2.776","this fit predicts 3.05636e-05 at the same window, so the pull is -0.81. The statistic is compared against its own forward prediction and is not an estimator of an untruncated cumulant",DIAGNOSTIC
P_4207_125mW_130C,k4@12,197.6,4.2,MHz^n,"5 repeats, the bar on the mean at the two-sided 95 per cent t-factor 2.776","this fit predicts 207.934 at the same window, so the pull is -6.79. The statistic is compared against its own forward prediction and is not an estimator of an untruncated cumulant",DIAGNOSTIC
P_4207_125mW_130C,k4@3.25,-6.66,0.20,MHz^n,"5 repeats, the bar on the mean at the two-sided 95 per cent t-factor 2.776","this fit predicts -6.63724 at the same window, so the pull is -0.38. The statistic is compared against its own forward prediction and is not an estimator of an untruncated cumulant",DIAGNOSTIC
P_4207_125mW_130C,k4@6,-17.09,0.81,MHz^n,"5 repeats, the bar on the mean at the two-sided 95 per cent t-factor 2.776","this fit predicts -15.3865 at the same window, so the pull is -5.84. The statistic is compared against its own forward prediction and is not an estimator of an untruncated cumulant",DIAGNOSTIC
P_4207_125mW_130C,k5@12,31,59,MHz^n,"5 repeats, the bar on the mean at the two-sided 95 per cent t-factor 2.776","this fit predicts -0.00507105 at the same window, so the pull is +1.47. The statistic is compared against its own forward prediction and is not an estimator of an untruncated cumulant",DIAGNOSTIC
P_4207_125mW_130C,k5@3.25,0.02,0.72,MHz^n,"5 repeats, the bar on the mean at the two-sided 95 per cent t-factor 2.776","this fit predicts -0.000101834 at the same window, so the pull is +0.07. The statistic is compared against its own forward prediction and is not an estimator of an untruncated cumulant",DIAGNOSTIC
P_4207_125mW_130C,k5@6,2.3,6.9,MHz^n,"5 repeats, the bar on the mean at the two-sided 95 per cent t-factor 2.776","this fit predicts -0.00116115 at the same window, so the pull is +0.93. The statistic is compared against its own forward prediction and is not an estimator of an untruncated cumulant",DIAGNOSTIC
P_4207_125mW_130C,k6@12,-15358,360,MHz^n,"5 repeats, the bar on the mean at the two-sided 95 per cent t-factor 2.776","this fit predicts -16238.9 at the same window, so the pull is +6.72. The statistic is compared against its own forward prediction and is not an estimator of an untruncated cumulant",DIAGNOSTIC
P_4207_125mW_130C,k6@3.25,81.3,4.2,MHz^n,"5 repeats, the bar on the mean at the two-sided 95 per cent t-factor 2.776","this fit predicts 81.0423 at the same window, so the pull is +0.18. The statistic is compared against its own forward prediction and is not an estimator of an untruncated cumulant",DIAGNOSTIC
P_4207_125mW_130C,k6@6,35,31,MHz^n,"5 repeats, the bar on the mean at the two-sided 95 per cent t-factor 2.776","this fit predicts -7.49055 at the same window, so the pull is +3.88. The statistic is compared against its own forward prediction and is not an estimator of an untruncated cumulant",DIAGNOSTIC
P_4207_125mW_130C,k7@12,2275,6500,MHz^n,"5 repeats, the bar on the mean at the two-sided 95 per cent t-factor 2.776","this fit predicts 0.0373732 at the same window, so the pull is +0.97. The statistic is compared against its own forward prediction and is not an estimator of an untruncated cumulant",DIAGNOSTIC
P_4207_125mW_130C,k7@3.25,-0,22,MHz^n,"5 repeats, the bar on the mean at the two-sided 95 per cent t-factor 2.776","this fit predicts 0.00309526 at the same window, so the pull is -0.03. The statistic is compared against its own forward prediction and is not an estimator of an untruncated cumulant",DIAGNOSTIC
P_4207_125mW_130C,k7@6,-121,340,MHz^n,"5 repeats, the bar on the mean at the two-sided 95 per cent t-factor 2.776","this fit predicts 0.0613477 at the same window, so the pull is -0.98. The statistic is compared against its own forward prediction and is not an estimator of an untruncated cumulant",DIAGNOSTIC
P_4207_125mW_130C,k4/k2@3.25,-2.454,0.054,dimensionless,"5 repeats, the bar on the mean at the two-sided 95 per cent t-factor 2.776","this fit predicts -2.45162 at the same window, so the pull is -0.13. The statistic is compared against its own forward prediction and is not an estimator of an untruncated cumulant",DIAGNOSTIC
P_4207_125mW_130C,k5/k3@3.25,,,,"admitted on having a population moment, never on signal-to-noise (O17)","the denominator changes sign in 2 of 5 repeats, so the ratio has no population moment",ARTIFACT
P_4207_125mW_130C,k6/k4@3.25,-12.20,0.28,dimensionless,"5 repeats, the bar on the mean at the two-sided 95 per cent t-factor 2.776","this fit predicts -12.2102 at the same window, so the pull is +0.12. The statistic is compared against its own forward prediction and is not an estimator of an untruncated cumulant",DIAGNOSTIC
P_4207_125mW_130C,k7/k5@3.25,,,,"admitted on having a population moment, never on signal-to-noise (O17)","the denominator changes sign in 2 of 5 repeats, so the ratio has no population moment",ARTIFACT
P_4207_125mW_130C,k4/k2@6,-2.62,0.11,dimensionless,"5 repeats, the bar on the mean at the two-sided 95 per cent t-factor 2.776","this fit predicts -2.40605 at the same window, so the pull is -5.64. The statistic is compared against its own forward prediction and is not an estimator of an untruncated cumulant",DIAGNOSTIC
P_4207_125mW_130C,k5/k3@6,,,,"admitted on having a population moment, never on signal-to-noise (O17)","the denominator changes sign in 1 of 5 repeats, so the ratio has no population moment",ARTIFACT
P_4207_125mW_130C,k6/k4@6,-2.0,1.7,dimensionless,"5 repeats, the bar on the mean at the two-sided 95 per cent t-factor 2.776","this fit predicts 0.486828 at the same window, so the pull is -4.14. The statistic is compared against its own forward prediction and is not an estimator of an untruncated cumulant",DIAGNOSTIC
P_4207_125mW_130C,k7/k5@6,,,,"admitted on having a population moment, never on signal-to-noise (O17)","the denominator changes sign in 1 of 5 repeats, so the ratio has no population moment",ARTIFACT
P_4207_125mW_130C,k4/k2@12,14.01,0.27,dimensionless,"5 repeats, the bar on the mean at the two-sided 95 per cent t-factor 2.776","this fit predicts 14.6995 at the same window, so the pull is -7.12. The statistic is compared against its own forward prediction and is not an estimator of an untruncated cumulant",DIAGNOSTIC
P_4207_125mW_130C,k5/k3@12,,,,"admitted on having a population moment, never on signal-to-noise (O17)","the denominator changes sign in 1 of 5 repeats, so the ratio has no population moment",ARTIFACT
P_4207_125mW_130C,k6/k4@12,-77.7,1.4,dimensionless,"5 repeats, the bar on the mean at the two-sided 95 per cent t-factor 2.776","this fit predicts -78.0966 at the same window, so the pull is +0.71. The statistic is compared against its own forward prediction and is not an estimator of an untruncated cumulant",DIAGNOSTIC
P_4207_125mW_130C,k7/k5@12,,,,"admitted on having a population moment, never on signal-to-noise (O17)","the denominator changes sign in 1 of 5 repeats, so the ratio has no population moment",ARTIFACT
P_4207_175mW_130C,k2@12,14.21,0.14,MHz^n,"5 repeats, the bar on the mean at the two-sided 95 per cent t-factor 2.776","this fit predicts 14.1477 at the same window, so the pull is +1.13. The statistic is compared against its own forward prediction and is not an estimator of an untruncated cumulant",DIAGNOSTIC
P_4207_175mW_130C,k2@3.25,2.721,0.016,MHz^n,"5 repeats, the bar on the mean at the two-sided 95 per cent t-factor 2.776","this fit predicts 2.7077 at the same window, so the pull is +2.31. The statistic is compared against its own forward prediction and is not an estimator of an untruncated cumulant",DIAGNOSTIC
P_4207_175mW_130C,k2@6,6.502,0.042,MHz^n,"5 repeats, the bar on the mean at the two-sided 95 per cent t-factor 2.776","this fit predicts 6.3961 at the same window, so the pull is +7.01. The statistic is compared against its own forward prediction and is not an estimator of an untruncated cumulant",DIAGNOSTIC
P_4207_175mW_130C,k3@12,-0.68,0.73,MHz^n,"5 repeats, the bar on the mean at the two-sided 95 per cent t-factor 2.776","this fit predicts 0.000132256 at the same window, so the pull is -2.58. The statistic is compared against its own forward prediction and is not an estimator of an untruncated cumulant",DIAGNOSTIC
P_4207_175mW_130C,k3@3.25,-0.016,0.024,MHz^n,"5 repeats, the bar on the mean at the two-sided 95 per cent t-factor 2.776","this fit predicts 1.34057e-05 at the same window, so the pull is -1.81. The statistic is compared against its own forward prediction and is not an estimator of an untruncated cumulant",DIAGNOSTIC
P_4207_175mW_130C,k3@6,-0.092,0.086,MHz^n,"5 repeats, the bar on the mean at the two-sided 95 per cent t-factor 2.776","this fit predicts 6.5257e-05 at the same window, so the pull is -2.99. The statistic is compared against its own forward prediction and is not an estimator of an untruncated cumulant",DIAGNOSTIC
P_4207_175mW_130C,k4@12,200.3,4.3,MHz^n,"5 repeats, the bar on the mean at the two-sided 95 per cent t-factor 2.776","this fit predicts 207.864 at the same window, so the pull is -4.85. The statistic is compared against its own forward prediction and is not an estimator of an untruncated cumulant",DIAGNOSTIC
P_4207_175mW_130C,k4@3.25,-6.71,0.12,MHz^n,"5 repeats, the bar on the mean at the two-sided 95 per cent t-factor 2.776","this fit predicts -6.64068 at the same window, so the pull is -1.64. The statistic is compared against its own forward prediction and is not an estimator of an untruncated cumulant",DIAGNOSTIC
P_4207_175mW_130C,k4@6,-16.95,0.76,MHz^n,"5 repeats, the bar on the mean at the two-sided 95 per cent t-factor 2.776","this fit predicts -15.4082 at the same window, so the pull is -5.67. The statistic is compared against its own forward prediction and is not an estimator of an untruncated cumulant",DIAGNOSTIC
P_4207_175mW_130C,k5@12,28,30,MHz^n,"5 repeats, the bar on the mean at the two-sided 95 per cent t-factor 2.776","this fit predicts -0.0108648 at the same window, so the pull is +2.54. The statistic is compared against its own forward prediction and is not an estimator of an untruncated cumulant",DIAGNOSTIC
P_4207_175mW_130C,k5@3.25,0.26,0.39,MHz^n,"5 repeats, the bar on the mean at the two-sided 95 per cent t-factor 2.776","this fit predicts -0.000220341 at the same window, so the pull is +1.87. The statistic is compared against its own forward prediction and is not an estimator of an untruncated cumulant",DIAGNOSTIC
P_4207_175mW_130C,k5@6,2.9,2.8,MHz^n,"5 repeats, the bar on the mean at the two-sided 95 per cent t-factor 2.776","this fit predicts -0.00246573 at the same window, so the pull is +2.86. The statistic is compared against its own forward prediction and is not an estimator of an untruncated cumulant",DIAGNOSTIC
P_4207_175mW_130C,k6@12,-15828,730,MHz^n,"5 repeats, the bar on the mean at the two-sided 95 per cent t-factor 2.776","this fit predicts -16240.8 at the same window, so the pull is +1.57. The statistic is compared against its own forward prediction and is not an estimator of an untruncated cumulant",DIAGNOSTIC
P_4207_175mW_130C,k6@3.25,82.4,2.5,MHz^n,"5 repeats, the bar on the mean at the two-sided 95 per cent t-factor 2.776","this fit predicts 81.1137 at the same window, so the pull is +1.36. The statistic is compared against its own forward prediction and is not an estimator of an untruncated cumulant",DIAGNOSTIC
P_4207_175mW_130C,k6@6,33,26,MHz^n,"5 repeats, the bar on the mean at the two-sided 95 per cent t-factor 2.776","this fit predicts -6.76792 at the same window, so the pull is +4.18. The statistic is compared against its own forward prediction and is not an estimator of an untruncated cumulant",DIAGNOSTIC
P_4207_175mW_130C,k7@12,3758,5300,MHz^n,"5 repeats, the bar on the mean at the two-sided 95 per cent t-factor 2.776","this fit predicts 0.0697331 at the same window, so the pull is +1.97. The statistic is compared against its own forward prediction and is not an estimator of an untruncated cumulant",DIAGNOSTIC
P_4207_175mW_130C,k7@3.25,-8,12,MHz^n,"5 repeats, the bar on the mean at the two-sided 95 per cent t-factor 2.776","this fit predicts 0.00669594 at the same window, so the pull is -1.87. The statistic is compared against its own forward prediction and is not an estimator of an untruncated cumulant",DIAGNOSTIC
P_4207_175mW_130C,k7@6,-134,150,MHz^n,"5 repeats, the bar on the mean at the two-sided 95 per cent t-factor 2.776","this fit predicts 0.129998 at the same window, so the pull is -2.46. The statistic is compared against its own forward prediction and is not an estimator of an untruncated cumulant",DIAGNOSTIC
P_4207_175mW_130C,k4/k2@3.25,-2.467,0.032,dimensionless,"5 repeats, the bar on the mean at the two-sided 95 per cent t-factor 2.776","this fit predicts -2.45252 at the same window, so the pull is -1.28. The statistic is compared against its own forward prediction and is not an estimator of an untruncated cumulant",DIAGNOSTIC
P_4207_175mW_130C,k5/k3@3.25,,,,"admitted on having a population moment, never on signal-to-noise (O17)","the denominator changes sign in 2 of 5 repeats, so the ratio has no population moment",ARTIFACT
P_4207_175mW_130C,k6/k4@3.25,-12.27,0.15,dimensionless,"5 repeats, the bar on the mean at the two-sided 95 per cent t-factor 2.776","this fit predicts -12.2147 at the same window, so the pull is -0.91. The statistic is compared against its own forward prediction and is not an estimator of an untruncated cumulant",DIAGNOSTIC
P_4207_175mW_130C,k7/k5@3.25,,,,"admitted on having a population moment, never on signal-to-noise (O17)","the denominator changes sign in 2 of 5 repeats, so the ratio has no population moment",ARTIFACT
P_4207_175mW_130C,k4/k2@6,-2.61,0.10,dimensionless,"5 repeats, the bar on the mean at the two-sided 95 per cent t-factor 2.776","this fit predicts -2.409 at the same window, so the pull is -5.50. The statistic is compared against its own forward prediction and is not an estimator of an untruncated cumulant",DIAGNOSTIC
P_4207_175mW_130C,k5/k3@6,-29,14,dimensionless,"5 repeats, the bar on the mean at the two-sided 95 per cent t-factor 2.776","this fit predicts -37.7849 at the same window, so the pull is +1.79. The statistic is compared against its own forward prediction and is not an estimator of an untruncated cumulant",DIAGNOSTIC
P_4207_175mW_130C,k6/k4@6,-1.9,1.4,dimensionless,"5 repeats, the bar on the mean at the two-sided 95 per cent t-factor 2.776","this fit predicts 0.439241 at the same window, so the pull is -4.53. The statistic is compared against its own forward prediction and is not an estimator of an untruncated cumulant",DIAGNOSTIC
P_4207_175mW_130C,k7/k5@6,-30,51,dimensionless,"5 repeats, the bar on the mean at the two-sided 95 per cent t-factor 2.776","this fit predicts -52.7218 at the same window, so the pull is +1.24. The statistic is compared against its own forward prediction and is not an estimator of an untruncated cumulant",DIAGNOSTIC
P_4207_175mW_130C,k4/k2@12,14.10,0.27,dimensionless,"5 repeats, the bar on the mean at the two-sided 95 per cent t-factor 2.776","this fit predicts 14.6924 at the same window, so the pull is -6.08. The statistic is compared against its own forward prediction and is not an estimator of an untruncated cumulant",DIAGNOSTIC
P_4207_175mW_130C,k5/k3@12,-58,75,dimensionless,"5 repeats, the bar on the mean at the two-sided 95 per cent t-factor 2.776","this fit predicts -82.1492 at the same window, so the pull is +0.88. The statistic is compared against its own forward prediction and is not an estimator of an untruncated cumulant",DIAGNOSTIC
P_4207_175mW_130C,k6/k4@12,-79.0,2.7,dimensionless,"5 repeats, the bar on the mean at the two-sided 95 per cent t-factor 2.776","this fit predicts -78.1321 at the same window, so the pull is -0.92. The statistic is compared against its own forward prediction and is not an estimator of an untruncated cumulant",DIAGNOSTIC
P_4207_175mW_130C,k7/k5@12,,,,"admitted on having a population moment, never on signal-to-noise (O17)","the denominator changes sign in 1 of 5 repeats, so the ratio has no population moment",ARTIFACT
P_4207_225mW_130C,k2@12,12.93,0.46,MHz^n,"5 repeats, the bar on the mean at the two-sided 95 per cent t-factor 2.776","this fit predicts 14.1504 at the same window, so the pull is -7.37. The statistic is compared against its own forward prediction and is not an estimator of an untruncated cumulant",DIAGNOSTIC
P_4207_225mW_130C,k2@3.25,2.6988,0.0083,MHz^n,"5 repeats, the bar on the mean at the two-sided 95 per cent t-factor 2.776","this fit predicts 2.70823 at the same window, so the pull is -3.16. The statistic is compared against its own forward prediction and is not an estimator of an untruncated cumulant",DIAGNOSTIC
P_4207_225mW_130C,k2@6,6.387,0.041,MHz^n,"5 repeats, the bar on the mean at the two-sided 95 per cent t-factor 2.776","this fit predicts 6.39768 at the same window, so the pull is -0.71. The statistic is compared against its own forward prediction and is not an estimator of an untruncated cumulant",DIAGNOSTIC
P_4207_225mW_130C,k3@12,4.4,1.3,MHz^n,"5 repeats, the bar on the mean at the two-sided 95 per cent t-factor 2.776","this fit predicts 0.000257769 at the same window, so the pull is +9.35. The statistic is compared against its own forward prediction and is not an estimator of an untruncated cumulant",DIAGNOSTIC
P_4207_225mW_130C,k3@3.25,0.019,0.014,MHz^n,"5 repeats, the bar on the mean at the two-sided 95 per cent t-factor 2.776","this fit predicts 2.26243e-05 at the same window, so the pull is +3.74. The statistic is compared against its own forward prediction and is not an estimator of an untruncated cumulant",DIAGNOSTIC
P_4207_225mW_130C,k3@6,0.133,0.061,MHz^n,"5 repeats, the bar on the mean at the two-sided 95 per cent t-factor 2.776","this fit predicts 0.000128294 at the same window, so the pull is +6.06. The statistic is compared against its own forward prediction and is not an estimator of an untruncated cumulant",DIAGNOSTIC
P_4207_225mW_130C,k4@12,175,12,MHz^n,"5 repeats, the bar on the mean at the two-sided 95 per cent t-factor 2.776","this fit predicts 207.771 at the same window, so the pull is -7.50. The statistic is compared against its own forward prediction and is not an estimator of an untruncated cumulant",DIAGNOSTIC
P_4207_225mW_130C,k4@3.25,-6.533,0.078,MHz^n,"5 repeats, the bar on the mean at the two-sided 95 per cent t-factor 2.776","this fit predicts -6.64522 at the same window, so the pull is +3.96. The statistic is compared against its own forward prediction and is not an estimator of an untruncated cumulant",DIAGNOSTIC
P_4207_225mW_130C,k4@6,-15.35,0.51,MHz^n,"5 repeats, the bar on the mean at the two-sided 95 per cent t-factor 2.776","this fit predicts -15.437 at the same window, so the pull is +0.46. The statistic is compared against its own forward prediction and is not an estimator of an untruncated cumulant",DIAGNOSTIC
P_4207_225mW_130C,k5@12,-37,17,MHz^n,"5 repeats, the bar on the mean at the two-sided 95 per cent t-factor 2.776","this fit predicts -0.0204147 at the same window, so the pull is -5.99. The statistic is compared against its own forward prediction and is not an estimator of an untruncated cumulant",DIAGNOSTIC
P_4207_225mW_130C,k5@3.25,-0.31,0.26,MHz^n,"5 repeats, the bar on the mean at the two-sided 95 per cent t-factor 2.776","this fit predicts -0.000383812 at the same window, so the pull is -3.36. The statistic is compared against its own forward prediction and is not an estimator of an untruncated cumulant",DIAGNOSTIC
P_4207_225mW_130C,k5@6,-4.2,1.9,MHz^n,"5 repeats, the bar on the mean at the two-sided 95 per cent t-factor 2.776","this fit predicts -0.00474223 at the same window, so the pull is -6.05. The statistic is compared against its own forward prediction and is not an estimator of an untruncated cumulant",DIAGNOSTIC
P_4207_225mW_130C,k6@12,-10825,1700,MHz^n,"5 repeats, the bar on the mean at the two-sided 95 per cent t-factor 2.776","this fit predicts -16243.3 at the same window, so the pull is +8.70. The statistic is compared against its own forward prediction and is not an estimator of an untruncated cumulant",DIAGNOSTIC
P_4207_225mW_130C,k6@3.25,78.7,1.6,MHz^n,"5 repeats, the bar on the mean at the two-sided 95 per cent t-factor 2.776","this fit predicts 81.2081 at the same window, so the pull is -4.33. The statistic is compared against its own forward prediction and is not an estimator of an untruncated cumulant",DIAGNOSTIC
P_4207_225mW_130C,k6@6,-10,16,MHz^n,"5 repeats, the bar on the mean at the two-sided 95 per cent t-factor 2.776","this fit predicts -5.81133 at the same window, so the pull is -0.70. The statistic is compared against its own forward prediction and is not an estimator of an untruncated cumulant",DIAGNOSTIC
P_4207_225mW_130C,k7@12,-31362,9000,MHz^n,"5 repeats, the bar on the mean at the two-sided 95 per cent t-factor 2.776","this fit predicts 0.0470482 at the same window, so the pull is -9.72. The statistic is compared against its own forward prediction and is not an estimator of an untruncated cumulant",DIAGNOSTIC
P_4207_225mW_130C,k7@3.25,9.4,8.1,MHz^n,"5 repeats, the bar on the mean at the two-sided 95 per cent t-factor 2.776","this fit predicts 0.0117379 at the same window, so the pull is +3.20. The statistic is compared against its own forward prediction and is not an estimator of an untruncated cumulant",DIAGNOSTIC
P_4207_225mW_130C,k7@6,200,90,MHz^n,"5 repeats, the bar on the mean at the two-sided 95 per cent t-factor 2.776","this fit predicts 0.247119 at the same window, so the pull is +6.15. The statistic is compared against its own forward prediction and is not an estimator of an untruncated cumulant",DIAGNOSTIC
P_4207_225mW_130C,k4/k2@3.25,-2.421,0.022,dimensionless,"5 repeats, the bar on the mean at the two-sided 95 per cent t-factor 2.776","this fit predicts -2.45371 at the same window, so the pull is +4.21. The statistic is compared against its own forward prediction and is not an estimator of an untruncated cumulant",DIAGNOSTIC
P_4207_225mW_130C,k5/k3@3.25,-15.7,2.1,dimensionless,"5 repeats, the bar on the mean at the two-sided 95 per cent t-factor 2.776","this fit predicts -16.9646 at the same window, so the pull is +1.75. The statistic is compared against its own forward prediction and is not an estimator of an untruncated cumulant",DIAGNOSTIC
P_4207_225mW_130C,k6/k4@3.25,-12.04,0.10,dimensionless,"5 repeats, the bar on the mean at the two-sided 95 per cent t-factor 2.776","this fit predicts -12.2205 at the same window, so the pull is +4.81. The statistic is compared against its own forward prediction and is not an estimator of an untruncated cumulant",DIAGNOSTIC
P_4207_225mW_130C,k7/k5@3.25,-29.5,1.8,dimensionless,"5 repeats, the bar on the mean at the two-sided 95 per cent t-factor 2.776","this fit predicts -30.5825 at the same window, so the pull is +1.61. The statistic is compared against its own forward prediction and is not an estimator of an untruncated cumulant",DIAGNOSTIC
P_4207_225mW_130C,k4/k2@6,-2.404,0.067,dimensionless,"5 repeats, the bar on the mean at the two-sided 95 per cent t-factor 2.776","this fit predicts -2.4129 at the same window, so the pull is +0.39. The statistic is compared against its own forward prediction and is not an estimator of an untruncated cumulant",DIAGNOSTIC
P_4207_225mW_130C,k5/k3@6,-32.4,7.6,dimensionless,"5 repeats, the bar on the mean at the two-sided 95 per cent t-factor 2.776","this fit predicts -36.9637 at the same window, so the pull is +1.64. The statistic is compared against its own forward prediction and is not an estimator of an untruncated cumulant",DIAGNOSTIC
P_4207_225mW_130C,k6/k4@6,0.6,1.0,dimensionless,"5 repeats, the bar on the mean at the two-sided 95 per cent t-factor 2.776","this fit predicts 0.376455 at the same window, so the pull is +0.75. The statistic is compared against its own forward prediction and is not an estimator of an untruncated cumulant",DIAGNOSTIC
P_4207_225mW_130C,k7/k5@6,-47.3,7.6,dimensionless,"5 repeats, the bar on the mean at the two-sided 95 per cent t-factor 2.776","this fit predicts -52.1103 at the same window, so the pull is +1.73. The statistic is compared against its own forward prediction and is not an estimator of an untruncated cumulant",DIAGNOSTIC
P_4207_225mW_130C,k4/k2@12,13.55,0.46,dimensionless,"5 repeats, the bar on the mean at the two-sided 95 per cent t-factor 2.776","this fit predicts 14.6831 at the same window, so the pull is -6.86. The statistic is compared against its own forward prediction and is not an estimator of an untruncated cumulant",DIAGNOSTIC
P_4207_225mW_130C,k5/k3@12,-9.6,8.0,dimensionless,"5 repeats, the bar on the mean at the two-sided 95 per cent t-factor 2.776","this fit predicts -79.1973 at the same window, so the pull is +24.11. The statistic is compared against its own forward prediction and is not an estimator of an untruncated cumulant",DIAGNOSTIC
P_4207_225mW_130C,k6/k4@12,-61.5,5.7,dimensionless,"5 repeats, the bar on the mean at the two-sided 95 per cent t-factor 2.776","this fit predicts -78.1791 at the same window, so the pull is +8.16. The statistic is compared against its own forward prediction and is not an estimator of an untruncated cumulant",DIAGNOSTIC
P_4207_225mW_130C,k7/k5@12,1011,660,dimensionless,"5 repeats, the bar on the mean at the two-sided 95 per cent t-factor 2.776","this fit predicts -2.30463 at the same window, so the pull is +4.27. The statistic is compared against its own forward prediction and is not an estimator of an untruncated cumulant",DIAGNOSTIC
T_4121_225mW_70C,k2@12,12.9,1.5,MHz^n,"5 repeats, the bar on the mean at the two-sided 95 per cent t-factor 2.776","this fit predicts 13.9231 at the same window, so the pull is -1.93. The statistic is compared against its own forward prediction and is not an estimator of an untruncated cumulant",DIAGNOSTIC
T_4121_225mW_70C,k2@3.25,2.62,0.11,MHz^n,"5 repeats, the bar on the mean at the two-sided 95 per cent t-factor 2.776","this fit predicts 2.66067 at the same window, so the pull is -1.01. The statistic is compared against its own forward prediction and is not an estimator of an untruncated cumulant",DIAGNOSTIC
T_4121_225mW_70C,k2@6,6.23,0.21,MHz^n,"5 repeats, the bar on the mean at the two-sided 95 per cent t-factor 2.776","this fit predicts 6.25275 at the same window, so the pull is -0.32. The statistic is compared against its own forward prediction and is not an estimator of an untruncated cumulant",DIAGNOSTIC
T_4121_225mW_70C,k3@12,-0.3,4.9,MHz^n,"5 repeats, the bar on the mean at the two-sided 95 per cent t-factor 2.776","this fit predicts 0.000198572 at the same window, so the pull is -0.16. The statistic is compared against its own forward prediction and is not an estimator of an untruncated cumulant",DIAGNOSTIC
T_4121_225mW_70C,k3@3.25,-0.03,0.13,MHz^n,"5 repeats, the bar on the mean at the two-sided 95 per cent t-factor 2.776","this fit predicts 2.11269e-05 at the same window, so the pull is -0.75. The statistic is compared against its own forward prediction and is not an estimator of an untruncated cumulant",DIAGNOSTIC
T_4121_225mW_70C,k3@6,0.46,0.97,MHz^n,"5 repeats, the bar on the mean at the two-sided 95 per cent t-factor 2.776","this fit predicts 0.000103134 at the same window, so the pull is +1.30. The statistic is compared against its own forward prediction and is not an estimator of an untruncated cumulant",DIAGNOSTIC
T_4121_225mW_70C,k4@12,186,27,MHz^n,"5 repeats, the bar on the mean at the two-sided 95 per cent t-factor 2.776","this fit predicts 216.476 at the same window, so the pull is -3.06. The statistic is compared against its own forward prediction and is not an estimator of an untruncated cumulant",DIAGNOSTIC
T_4121_225mW_70C,k4@3.25,-5.92,0.97,MHz^n,"5 repeats, the bar on the mean at the two-sided 95 per cent t-factor 2.776","this fit predicts -6.24963 at the same window, so the pull is +0.95. The statistic is compared against its own forward prediction and is not an estimator of an untruncated cumulant",DIAGNOSTIC
T_4121_225mW_70C,k4@6,-11.7,4.7,MHz^n,"5 repeats, the bar on the mean at the two-sided 95 per cent t-factor 2.776","this fit predicts -12.8839 at the same window, so the pull is +0.68. The statistic is compared against its own forward prediction and is not an estimator of an untruncated cumulant",DIAGNOSTIC
T_4121_225mW_70C,k5@12,-123,230,MHz^n,"5 repeats, the bar on the mean at the two-sided 95 per cent t-factor 2.776","this fit predicts -0.0158728 at the same window, so the pull is -1.51. The statistic is compared against its own forward prediction and is not an estimator of an untruncated cumulant",DIAGNOSTIC
T_4121_225mW_70C,k5@3.25,0.6,1.7,MHz^n,"5 repeats, the bar on the mean at the two-sided 95 per cent t-factor 2.776","this fit predicts -0.000350812 at the same window, so the pull is +0.97. The statistic is compared against its own forward prediction and is not an estimator of an untruncated cumulant",DIAGNOSTIC
T_4121_225mW_70C,k5@6,-14,26,MHz^n,"5 repeats, the bar on the mean at the two-sided 95 per cent t-factor 2.776","this fit predicts -0.00378227 at the same window, so the pull is -1.46. The statistic is compared against its own forward prediction and is not an estimator of an untruncated cumulant",DIAGNOSTIC
T_4121_225mW_70C,k6@12,-11850,5200,MHz^n,"5 repeats, the bar on the mean at the two-sided 95 per cent t-factor 2.776","this fit predicts -16071.7 at the same window, so the pull is +2.25. The statistic is compared against its own forward prediction and is not an estimator of an untruncated cumulant",DIAGNOSTIC
T_4121_225mW_70C,k6@3.25,67,20,MHz^n,"5 repeats, the bar on the mean at the two-sided 95 per cent t-factor 2.776","this fit predicts 73.1336 at the same window, so the pull is -0.88. The statistic is compared against its own forward prediction and is not an estimator of an untruncated cumulant",DIAGNOSTIC
T_4121_225mW_70C,k6@6,-143,160,MHz^n,"5 repeats, the bar on the mean at the two-sided 95 per cent t-factor 2.776","this fit predicts -86.7636 at the same window, so the pull is -1.01. The statistic is compared against its own forward prediction and is not an estimator of an untruncated cumulant",DIAGNOSTIC
T_4121_225mW_70C,k7@12,11417,56000,MHz^n,"5 repeats, the bar on the mean at the two-sided 95 per cent t-factor 2.776","this fit predicts -0.00107152 at the same window, so the pull is +0.57. The statistic is compared against its own forward prediction and is not an estimator of an untruncated cumulant",DIAGNOSTIC
T_4121_225mW_70C,k7@3.25,-17,45,MHz^n,"5 repeats, the bar on the mean at the two-sided 95 per cent t-factor 2.776","this fit predicts 0.0104255 at the same window, so the pull is -1.04. The statistic is compared against its own forward prediction and is not an estimator of an untruncated cumulant",DIAGNOSTIC
T_4121_225mW_70C,k7@6,620,1100,MHz^n,"5 repeats, the bar on the mean at the two-sided 95 per cent t-factor 2.776","this fit predicts 0.188497 at the same window, so the pull is +1.54. The statistic is compared against its own forward prediction and is not an estimator of an untruncated cumulant",DIAGNOSTIC
T_4121_225mW_70C,k4/k2@3.25,-2.25,0.28,dimensionless,"5 repeats, the bar on the mean at the two-sided 95 per cent t-factor 2.776","this fit predicts -2.3489 at the same window, so the pull is +0.97. The statistic is compared against its own forward prediction and is not an estimator of an untruncated cumulant",DIAGNOSTIC
T_4121_225mW_70C,k5/k3@3.25,,,,"admitted on having a population moment, never on signal-to-noise (O17)","the denominator changes sign in 2 of 5 repeats, so the ratio has no population moment",ARTIFACT
T_4121_225mW_70C,k6/k4@3.25,-11.2,1.4,dimensionless,"5 repeats, the bar on the mean at the two-sided 95 per cent t-factor 2.776","this fit predicts -11.7021 at the same window, so the pull is +1.04. The statistic is compared against its own forward prediction and is not an estimator of an untruncated cumulant",DIAGNOSTIC
T_4121_225mW_70C,k7/k5@3.25,,,,"admitted on having a population moment, never on signal-to-noise (O17)","the denominator changes sign in 2 of 5 repeats, so the ratio has no population moment",ARTIFACT
T_4121_225mW_70C,k4/k2@6,-1.87,0.71,dimensionless,"5 repeats, the bar on the mean at the two-sided 95 per cent t-factor 2.776","this fit predicts -2.06052 at the same window, so the pull is +0.73. The statistic is compared against its own forward prediction and is not an estimator of an untruncated cumulant",DIAGNOSTIC
T_4121_225mW_70C,k5/k3@6,,,,"admitted on having a population moment, never on signal-to-noise (O17)","the denominator changes sign in 2 of 5 repeats, so the ratio has no population moment",ARTIFACT
T_4121_225mW_70C,k6/k4@6,17,25,dimensionless,"5 repeats, the bar on the mean at the two-sided 95 per cent t-factor 2.776","this fit predicts 6.73425 at the same window, so the pull is +1.18. The statistic is compared against its own forward prediction and is not an estimator of an untruncated cumulant",DIAGNOSTIC
T_4121_225mW_70C,k7/k5@6,,,,"admitted on having a population moment, never on signal-to-noise (O17)","the denominator changes sign in 1 of 5 repeats, so the ratio has no population moment",ARTIFACT
T_4121_225mW_70C,k4/k2@12,14.4,1.3,dimensionless,"5 repeats, the bar on the mean at the two-sided 95 per cent t-factor 2.776","this fit predicts 15.5479 at the same window, so the pull is -2.39. The statistic is compared against its own forward prediction and is not an estimator of an untruncated cumulant",DIAGNOSTIC
T_4121_225mW_70C,k5/k3@12,,,,"admitted on having a population moment, never on signal-to-noise (O17)","the denominator changes sign in 2 of 5 repeats, so the ratio has no population moment",ARTIFACT
T_4121_225mW_70C,k6/k4@12,-62,25,dimensionless,"5 repeats, the bar on the mean at the two-sided 95 per cent t-factor 2.776","this fit predicts -74.2421 at the same window, so the pull is +1.34. The statistic is compared against its own forward prediction and is not an estimator of an untruncated cumulant",DIAGNOSTIC
T_4121_225mW_70C,k7/k5@12,,,,"admitted on having a population moment, never on signal-to-noise (O17)","the denominator changes sign in 2 of 5 repeats, so the ratio has no population moment",ARTIFACT
T_4121_225mW_90C,k2@12,13.62,0.19,MHz^n,"5 repeats, the bar on the mean at the two-sided 95 per cent t-factor 2.776","this fit predicts 13.9594 at the same window, so the pull is -5.01. The statistic is compared against its own forward prediction and is not an estimator of an untruncated cumulant",DIAGNOSTIC
T_4121_225mW_90C,k2@3.25,2.645,0.016,MHz^n,"5 repeats, the bar on the mean at the two-sided 95 per cent t-factor 2.776","this fit predicts 2.66727 at the same window, so the pull is -3.95. The statistic is compared against its own forward prediction and is not an estimator of an untruncated cumulant",DIAGNOSTIC
T_4121_225mW_90C,k2@6,6.226,0.065,MHz^n,"5 repeats, the bar on the mean at the two-sided 95 per cent t-factor 2.776","this fit predicts 6.27511 at the same window, so the pull is -2.10. The statistic is compared against its own forward prediction and is not an estimator of an untruncated cumulant",DIAGNOSTIC
T_4121_225mW_90C,k3@12,0.4,2.6,MHz^n,"5 repeats, the bar on the mean at the two-sided 95 per cent t-factor 2.776","this fit predicts 0.000211865 at the same window, so the pull is +0.44. The statistic is compared against its own forward prediction and is not an estimator of an untruncated cumulant",DIAGNOSTIC
T_4121_225mW_90C,k3@3.25,-0.008,0.050,MHz^n,"5 repeats, the bar on the mean at the two-sided 95 per cent t-factor 2.776","this fit predicts 2.25085e-05 at the same window, so the pull is -0.46. The statistic is compared against its own forward prediction and is not an estimator of an untruncated cumulant",DIAGNOSTIC
T_4121_225mW_90C,k3@6,0.05,0.27,MHz^n,"5 repeats, the bar on the mean at the two-sided 95 per cent t-factor 2.776","this fit predicts 0.000108814 at the same window, so the pull is +0.50. The statistic is compared against its own forward prediction and is not an estimator of an untruncated cumulant",DIAGNOSTIC
T_4121_225mW_90C,k4@12,215,11,MHz^n,"5 repeats, the bar on the mean at the two-sided 95 per cent t-factor 2.776","this fit predicts 215.155 at the same window, so the pull is -0.00. The statistic is compared against its own forward prediction and is not an estimator of an untruncated cumulant",DIAGNOSTIC
T_4121_225mW_90C,k4@3.25,-6.09,0.15,MHz^n,"5 repeats, the bar on the mean at the two-sided 95 per cent t-factor 2.776","this fit predicts -6.30292 at the same window, so the pull is +3.99. The statistic is compared against its own forward prediction and is not an estimator of an untruncated cumulant",DIAGNOSTIC
T_4121_225mW_90C,k4@6,-12.86,0.67,MHz^n,"5 repeats, the bar on the mean at the two-sided 95 per cent t-factor 2.776","this fit predicts -13.2556 at the same window, so the pull is +1.64. The statistic is compared against its own forward prediction and is not an estimator of an untruncated cumulant",DIAGNOSTIC
T_4121_225mW_90C,k5@12,23,19,MHz^n,"5 repeats, the bar on the mean at the two-sided 95 per cent t-factor 2.776","this fit predicts -0.0169177 at the same window, so the pull is +3.49. The statistic is compared against its own forward prediction and is not an estimator of an untruncated cumulant",DIAGNOSTIC
T_4121_225mW_90C,k5@3.25,0.14,0.75,MHz^n,"5 repeats, the bar on the mean at the two-sided 95 per cent t-factor 2.776","this fit predicts -0.000372686 at the same window, so the pull is +0.52. The statistic is compared against its own forward prediction and is not an estimator of an untruncated cumulant",DIAGNOSTIC
T_4121_225mW_90C,k5@6,-0.4,9.0,MHz^n,"5 repeats, the bar on the mean at the two-sided 95 per cent t-factor 2.776","this fit predicts -0.00399704 at the same window, so the pull is -0.11. The statistic is compared against its own forward prediction and is not an estimator of an untruncated cumulant",DIAGNOSTIC
T_4121_225mW_90C,k6@12,-14732,850,MHz^n,"5 repeats, the bar on the mean at the two-sided 95 per cent t-factor 2.776","this fit predicts -16109 at the same window, so the pull is +4.49. The statistic is compared against its own forward prediction and is not an estimator of an untruncated cumulant",DIAGNOSTIC
T_4121_225mW_90C,k6@3.25,69.7,3.1,MHz^n,"5 repeats, the bar on the mean at the two-sided 95 per cent t-factor 2.776","this fit predicts 74.1987 at the same window, so the pull is -3.99. The statistic is compared against its own forward prediction and is not an estimator of an untruncated cumulant",DIAGNOSTIC
T_4121_225mW_90C,k6@6,-83,17,MHz^n,"5 repeats, the bar on the mean at the two-sided 95 per cent t-factor 2.776","this fit predicts -75.8101 at the same window, so the pull is -1.23. The statistic is compared against its own forward prediction and is not an estimator of an untruncated cumulant",DIAGNOSTIC
T_4121_225mW_90C,k7@12,-6060,26000,MHz^n,"5 repeats, the bar on the mean at the two-sided 95 per cent t-factor 2.776","this fit predicts 0.00366717 at the same window, so the pull is -0.64. The statistic is compared against its own forward prediction and is not an estimator of an untruncated cumulant",DIAGNOSTIC
T_4121_225mW_90C,k7@3.25,-4,21,MHz^n,"5 repeats, the bar on the mean at the two-sided 95 per cent t-factor 2.776","this fit predicts 0.0111079 at the same window, so the pull is -0.54. The statistic is compared against its own forward prediction and is not an estimator of an untruncated cumulant",DIAGNOSTIC
T_4121_225mW_90C,k7@6,-22,430,MHz^n,"5 repeats, the bar on the mean at the two-sided 95 per cent t-factor 2.776","this fit predicts 0.20066 at the same window, so the pull is -0.14. The statistic is compared against its own forward prediction and is not an estimator of an untruncated cumulant",DIAGNOSTIC
T_4121_225mW_90C,k4/k2@3.25,-2.303,0.045,dimensionless,"5 repeats, the bar on the mean at the two-sided 95 per cent t-factor 2.776","this fit predicts -2.36306 at the same window, so the pull is +3.72. The statistic is compared against its own forward prediction and is not an estimator of an untruncated cumulant",DIAGNOSTIC
T_4121_225mW_90C,k5/k3@3.25,,,,"admitted on having a population moment, never on signal-to-noise (O17)","the denominator changes sign in 2 of 5 repeats, so the ratio has no population moment",ARTIFACT
T_4121_225mW_90C,k6/k4@3.25,-11.45,0.24,dimensionless,"5 repeats, the bar on the mean at the two-sided 95 per cent t-factor 2.776","this fit predicts -11.7721 at the same window, so the pull is +3.82. The statistic is compared against its own forward prediction and is not an estimator of an untruncated cumulant",DIAGNOSTIC
T_4121_225mW_90C,k7/k5@3.25,,,,"admitted on having a population moment, never on signal-to-noise (O17)","the denominator changes sign in 2 of 5 repeats, so the ratio has no population moment",ARTIFACT
T_4121_225mW_90C,k4/k2@6,-2.065,0.090,dimensionless,"5 repeats, the bar on the mean at the two-sided 95 per cent t-factor 2.776","this fit predicts -2.11241 at the same window, so the pull is +1.46. The statistic is compared against its own forward prediction and is not an estimator of an untruncated cumulant",DIAGNOSTIC
T_4121_225mW_90C,k5/k3@6,,,,"admitted on having a population moment, never on signal-to-noise (O17)","the denominator changes sign in 2 of 5 repeats, so the ratio has no population moment",ARTIFACT
T_4121_225mW_90C,k6/k4@6,6.5,1.6,dimensionless,"5 repeats, the bar on the mean at the two-sided 95 per cent t-factor 2.776","this fit predicts 5.7191 at the same window, so the pull is +1.35. The statistic is compared against its own forward prediction and is not an estimator of an untruncated cumulant",DIAGNOSTIC
T_4121_225mW_90C,k7/k5@6,,,,"admitted on having a population moment, never on signal-to-noise (O17)","the denominator changes sign in 2 of 5 repeats, so the ratio has no population moment",ARTIFACT
T_4121_225mW_90C,k4/k2@12,15.79,0.67,dimensionless,"5 repeats, the bar on the mean at the two-sided 95 per cent t-factor 2.776","this fit predicts 15.4129 at the same window, so the pull is +1.55. The statistic is compared against its own forward prediction and is not an estimator of an untruncated cumulant",DIAGNOSTIC
T_4121_225mW_90C,k5/k3@12,,,,"admitted on having a population moment, never on signal-to-noise (O17)","the denominator changes sign in 2 of 5 repeats, so the ratio has no population moment",ARTIFACT
T_4121_225mW_90C,k6/k4@12,-68.5,3.1,dimensionless,"5 repeats, the bar on the mean at the two-sided 95 per cent t-factor 2.776","this fit predicts -74.8718 at the same window, so the pull is +5.67. The statistic is compared against its own forward prediction and is not an estimator of an untruncated cumulant",DIAGNOSTIC
T_4121_225mW_90C,k7/k5@12,-74,780,dimensionless,"5 repeats, the bar on the mean at the two-sided 95 per cent t-factor 2.776","this fit predicts -0.216765 at the same window, so the pull is -0.26. The statistic is compared against its own forward prediction and is not an estimator of an untruncated cumulant",DIAGNOSTIC
T_4121_225mW_110C,k2@12,13.58,0.33,MHz^n,"5 repeats, the bar on the mean at the two-sided 95 per cent t-factor 2.776","this fit predicts 13.9957 at the same window, so the pull is -3.48. The statistic is compared against its own forward prediction and is not an estimator of an untruncated cumulant",DIAGNOSTIC
T_4121_225mW_110C,k2@3.25,2.650,0.023,MHz^n,"5 repeats, the bar on the mean at the two-sided 95 per cent t-factor 2.776","this fit predicts 2.6737 at the same window, so the pull is -2.89. The statistic is compared against its own forward prediction and is not an estimator of an untruncated cumulant",DIAGNOSTIC
T_4121_225mW_110C,k2@6,6.261,0.070,MHz^n,"5 repeats, the bar on the mean at the two-sided 95 per cent t-factor 2.776","this fit predicts 6.29723 at the same window, so the pull is -1.42. The statistic is compared against its own forward prediction and is not an estimator of an untruncated cumulant",DIAGNOSTIC
T_4121_225mW_110C,k3@12,0.4,1.6,MHz^n,"5 repeats, the bar on the mean at the two-sided 95 per cent t-factor 2.776","this fit predicts 0.000235037 at the same window, so the pull is +0.78. The statistic is compared against its own forward prediction and is not an estimator of an untruncated cumulant",DIAGNOSTIC
T_4121_225mW_110C,k3@3.25,-0.031,0.026,MHz^n,"5 repeats, the bar on the mean at the two-sided 95 per cent t-factor 2.776","this fit predicts 2.31285e-05 at the same window, so the pull is -3.39. The statistic is compared against its own forward prediction and is not an estimator of an untruncated cumulant",DIAGNOSTIC
T_4121_225mW_110C,k3@6,-0.01,0.13,MHz^n,"5 repeats, the bar on the mean at the two-sided 95 per cent t-factor 2.776","this fit predicts 0.000119624 at the same window, so the pull is -0.11. The statistic is compared against its own forward prediction and is not an estimator of an untruncated cumulant",DIAGNOSTIC
T_4121_225mW_110C,k4@12,204.4,6.7,MHz^n,"5 repeats, the bar on the mean at the two-sided 95 per cent t-factor 2.776","this fit predicts 213.841 at the same window, so the pull is -3.90. The statistic is compared against its own forward prediction and is not an estimator of an untruncated cumulant",DIAGNOSTIC
T_4121_225mW_110C,k4@3.25,-6.16,0.19,MHz^n,"5 repeats, the bar on the mean at the two-sided 95 per cent t-factor 2.776","this fit predicts -6.35489 at the same window, so the pull is +2.86. The statistic is compared against its own forward prediction and is not an estimator of an untruncated cumulant",DIAGNOSTIC
T_4121_225mW_110C,k4@6,-12.81,0.86,MHz^n,"5 repeats, the bar on the mean at the two-sided 95 per cent t-factor 2.776","this fit predicts -13.6233 at the same window, so the pull is +2.63. The statistic is compared against its own forward prediction and is not an estimator of an untruncated cumulant",DIAGNOSTIC
T_4121_225mW_110C,k5@12,-15,33,MHz^n,"5 repeats, the bar on the mean at the two-sided 95 per cent t-factor 2.776","this fit predicts -0.0187593 at the same window, so the pull is -1.25. The statistic is compared against its own forward prediction and is not an estimator of an untruncated cumulant",DIAGNOSTIC
T_4121_225mW_110C,k5@3.25,0.49,0.43,MHz^n,"5 repeats, the bar on the mean at the two-sided 95 per cent t-factor 2.776","this fit predicts -0.000389278 at the same window, so the pull is +3.16. The statistic is compared against its own forward prediction and is not an estimator of an untruncated cumulant",DIAGNOSTIC
T_4121_225mW_110C,k5@6,0.9,4.6,MHz^n,"5 repeats, the bar on the mean at the two-sided 95 per cent t-factor 2.776","this fit predicts -0.00441761 at the same window, so the pull is +0.56. The statistic is compared against its own forward prediction and is not an estimator of an untruncated cumulant",DIAGNOSTIC
T_4121_225mW_110C,k6@12,-14290,1400,MHz^n,"5 repeats, the bar on the mean at the two-sided 95 per cent t-factor 2.776","this fit predicts -16146.6 at the same window, so the pull is +3.70. The statistic is compared against its own forward prediction and is not an estimator of an untruncated cumulant",DIAGNOSTIC
T_4121_225mW_110C,k6@3.25,71.3,3.7,MHz^n,"5 repeats, the bar on the mean at the two-sided 95 per cent t-factor 2.776","this fit predicts 75.2419 at the same window, so the pull is -2.98. The statistic is compared against its own forward prediction and is not an estimator of an untruncated cumulant",DIAGNOSTIC
T_4121_225mW_110C,k6@6,-96,25,MHz^n,"5 repeats, the bar on the mean at the two-sided 95 per cent t-factor 2.776","this fit predicts -64.8922 at the same window, so the pull is -3.39. The statistic is compared against its own forward prediction and is not an estimator of an untruncated cumulant",DIAGNOSTIC
T_4121_225mW_110C,k7@12,-3287,13000,MHz^n,"5 repeats, the bar on the mean at the two-sided 95 per cent t-factor 2.776","this fit predicts 0.0145887 at the same window, so the pull is -0.68. The statistic is compared against its own forward prediction and is not an estimator of an untruncated cumulant",DIAGNOSTIC
T_4121_225mW_110C,k7@3.25,-14,13,MHz^n,"5 repeats, the bar on the mean at the two-sided 95 per cent t-factor 2.776","this fit predicts 0.0116881 at the same window, so the pull is -3.12. The statistic is compared against its own forward prediction and is not an estimator of an untruncated cumulant",DIAGNOSTIC
T_4121_225mW_110C,k7@6,-71,260,MHz^n,"5 repeats, the bar on the mean at the two-sided 95 per cent t-factor 2.776","this fit predicts 0.223724 at the same window, so the pull is -0.75. The statistic is compared against its own forward prediction and is not an estimator of an untruncated cumulant",DIAGNOSTIC
T_4121_225mW_110C,k4/k2@3.25,-2.324,0.052,dimensionless,"5 repeats, the bar on the mean at the two-sided 95 per cent t-factor 2.776","this fit predicts -2.37682 at the same window, so the pull is +2.81. The statistic is compared against its own forward prediction and is not an estimator of an untruncated cumulant",DIAGNOSTIC
T_4121_225mW_110C,k5/k3@3.25,-7,27,dimensionless,"5 repeats, the bar on the mean at the two-sided 95 per cent t-factor 2.776","this fit predicts -16.8311 at the same window, so the pull is +1.06. The statistic is compared against its own forward prediction and is not an estimator of an untruncated cumulant",DIAGNOSTIC
T_4121_225mW_110C,k6/k4@3.25,-11.56,0.25,dimensionless,"5 repeats, the bar on the mean at the two-sided 95 per cent t-factor 2.776","this fit predicts -11.84 at the same window, so the pull is +3.08. The statistic is compared against its own forward prediction and is not an estimator of an untruncated cumulant",DIAGNOSTIC
T_4121_225mW_110C,k7/k5@3.25,,,,"admitted on having a population moment, never on signal-to-noise (O17)","the denominator changes sign in 1 of 5 repeats, so the ratio has no population moment",ARTIFACT
T_4121_225mW_110C,k4/k2@6,-2.04,0.12,dimensionless,"5 repeats, the bar on the mean at the two-sided 95 per cent t-factor 2.776","this fit predicts -2.16338 at the same window, so the pull is +2.79. The statistic is compared against its own forward prediction and is not an estimator of an untruncated cumulant",DIAGNOSTIC
T_4121_225mW_110C,k5/k3@6,,,,"admitted on having a population moment, never on signal-to-noise (O17)","the denominator changes sign in 2 of 5 repeats, so the ratio has no population moment",ARTIFACT
T_4121_225mW_110C,k6/k4@6,7.5,2.4,dimensionless,"5 repeats, the bar on the mean at the two-sided 95 per cent t-factor 2.776","this fit predicts 4.76331 at the same window, so the pull is +3.16. The statistic is compared against its own forward prediction and is not an estimator of an untruncated cumulant",DIAGNOSTIC
T_4121_225mW_110C,k7/k5@6,,,,"admitted on having a population moment, never on signal-to-noise (O17)","the denominator changes sign in 2 of 5 repeats, so the ratio has no population moment",ARTIFACT
T_4121_225mW_110C,k4/k2@12,15.05,0.52,dimensionless,"5 repeats, the bar on the mean at the two-sided 95 per cent t-factor 2.776","this fit predicts 15.279 at the same window, so the pull is -1.22. The statistic is compared against its own forward prediction and is not an estimator of an untruncated cumulant",DIAGNOSTIC
T_4121_225mW_110C,k5/k3@12,,,,"admitted on having a population moment, never on signal-to-noise (O17)","the denominator changes sign in 2 of 5 repeats, so the ratio has no population moment",ARTIFACT
T_4121_225mW_110C,k6/k4@12,-69.9,6.1,dimensionless,"5 repeats, the bar on the mean at the two-sided 95 per cent t-factor 2.776","this fit predicts -75.5076 at the same window, so the pull is +2.56. The statistic is compared against its own forward prediction and is not an estimator of an untruncated cumulant",DIAGNOSTIC
T_4121_225mW_110C,k7/k5@12,,,,"admitted on having a population moment, never on signal-to-noise (O17)","the denominator changes sign in 1 of 5 repeats, so the ratio has no population moment",ARTIFACT
T_4154_225mW_70C,k2@12,13.35,0.79,MHz^n,"4 repeats, the bar on the mean at the two-sided 95 per cent t-factor 3.182","this fit predicts 13.9378 at the same window, so the pull is -2.36. The statistic is compared against its own forward prediction and is not an estimator of an untruncated cumulant",DIAGNOSTIC
T_4154_225mW_70C,k2@3.25,2.570,0.059,MHz^n,"4 repeats, the bar on the mean at the two-sided 95 per cent t-factor 3.182","this fit predicts 2.66336 at the same window, so the pull is -5.06. The statistic is compared against its own forward prediction and is not an estimator of an untruncated cumulant",DIAGNOSTIC
T_4154_225mW_70C,k2@6,5.88,0.12,MHz^n,"4 repeats, the bar on the mean at the two-sided 95 per cent t-factor 3.182","this fit predicts 6.26181 at the same window, so the pull is -10.08. The statistic is compared against its own forward prediction and is not an estimator of an untruncated cumulant",DIAGNOSTIC
T_4154_225mW_70C,k3@12,-1.0,9.7,MHz^n,"4 repeats, the bar on the mean at the two-sided 95 per cent t-factor 3.182","this fit predicts 0.000201122 at the same window, so the pull is -0.33. The statistic is compared against its own forward prediction and is not an estimator of an untruncated cumulant",DIAGNOSTIC
T_4154_225mW_70C,k3@3.25,0.05,0.11,MHz^n,"4 repeats, the bar on the mean at the two-sided 95 per cent t-factor 3.182","this fit predicts 1.98623e-05 at the same window, so the pull is +1.43. The statistic is compared against its own forward prediction and is not an estimator of an untruncated cumulant",DIAGNOSTIC
T_4154_225mW_70C,k3@6,0.02,0.70,MHz^n,"4 repeats, the bar on the mean at the two-sided 95 per cent t-factor 3.182","this fit predicts 0.000104313 at the same window, so the pull is +0.07. The statistic is compared against its own forward prediction and is not an estimator of an untruncated cumulant",DIAGNOSTIC
T_4154_225mW_70C,k4@12,232,24,MHz^n,"4 repeats, the bar on the mean at the two-sided 95 per cent t-factor 3.182","this fit predicts 215.941 at the same window, so the pull is +2.07. The statistic is compared against its own forward prediction and is not an estimator of an untruncated cumulant",DIAGNOSTIC
T_4154_225mW_70C,k4@3.25,-5.50,0.41,MHz^n,"4 repeats, the bar on the mean at the two-sided 95 per cent t-factor 3.182","this fit predicts -6.27133 at the same window, so the pull is +5.93. The statistic is compared against its own forward prediction and is not an estimator of an untruncated cumulant",DIAGNOSTIC
T_4154_225mW_70C,k4@6,-8.63,0.95,MHz^n,"4 repeats, the bar on the mean at the two-sided 95 per cent t-factor 3.182","this fit predicts -13.0345 at the same window, so the pull is +14.74. The statistic is compared against its own forward prediction and is not an estimator of an untruncated cumulant",DIAGNOSTIC
T_4154_225mW_70C,k5@12,39,210,MHz^n,"4 repeats, the bar on the mean at the two-sided 95 per cent t-factor 3.182","this fit predicts -0.0160128 at the same window, so the pull is +0.59. The statistic is compared against its own forward prediction and is not an estimator of an untruncated cumulant",DIAGNOSTIC
T_4154_225mW_70C,k5@3.25,-0.8,1.5,MHz^n,"4 repeats, the bar on the mean at the two-sided 95 per cent t-factor 3.182","this fit predicts -0.000332407 at the same window, so the pull is -1.68. The statistic is compared against its own forward prediction and is not an estimator of an untruncated cumulant",DIAGNOSTIC
T_4154_225mW_70C,k5@6,-1,13,MHz^n,"4 repeats, the bar on the mean at the two-sided 95 per cent t-factor 3.182","this fit predicts -0.00381565 at the same window, so the pull is -0.14. The statistic is compared against its own forward prediction and is not an estimator of an untruncated cumulant",DIAGNOSTIC
T_4154_225mW_70C,k6@12,-15402,4400,MHz^n,"4 repeats, the bar on the mean at the two-sided 95 per cent t-factor 3.182","this fit predicts -16086.6 at the same window, so the pull is +0.49. The statistic is compared against its own forward prediction and is not an estimator of an untruncated cumulant",DIAGNOSTIC
T_4154_225mW_70C,k6@3.25,58.4,7.0,MHz^n,"4 repeats, the bar on the mean at the two-sided 95 per cent t-factor 3.182","this fit predicts 73.5668 at the same window, so the pull is -6.85. The statistic is compared against its own forward prediction and is not an estimator of an untruncated cumulant",DIAGNOSTIC
T_4154_225mW_70C,k6@6,-179,35,MHz^n,"4 repeats, the bar on the mean at the two-sided 95 per cent t-factor 3.182","this fit predicts -82.3336 at the same window, so the pull is -8.80. The statistic is compared against its own forward prediction and is not an estimator of an untruncated cumulant",DIAGNOSTIC
T_4154_225mW_70C,k7@12,9214,79000,MHz^n,"4 repeats, the bar on the mean at the two-sided 95 per cent t-factor 3.182","this fit predicts -0.00506175 at the same window, so the pull is +0.37. The statistic is compared against its own forward prediction and is not an estimator of an untruncated cumulant",DIAGNOSTIC
T_4154_225mW_70C,k7@3.25,21,38,MHz^n,"4 repeats, the bar on the mean at the two-sided 95 per cent t-factor 3.182","this fit predicts 0.00991361 at the same window, so the pull is +1.81. The statistic is compared against its own forward prediction and is not an estimator of an untruncated cumulant",DIAGNOSTIC
T_4154_225mW_70C,k7@6,38,330,MHz^n,"4 repeats, the bar on the mean at the two-sided 95 per cent t-factor 3.182","this fit predicts 0.190312 at the same window, so the pull is +0.37. The statistic is compared against its own forward prediction and is not an estimator of an untruncated cumulant",DIAGNOSTIC
T_4154_225mW_70C,k4/k2@3.25,-2.14,0.11,dimensionless,"4 repeats, the bar on the mean at the two-sided 95 per cent t-factor 3.182","this fit predicts -2.35467 at the same window, so the pull is +6.01. The statistic is compared against its own forward prediction and is not an estimator of an untruncated cumulant",DIAGNOSTIC
T_4154_225mW_70C,k5/k3@3.25,,,,"admitted on having a population moment, never on signal-to-noise (O17)","the denominator changes sign in 1 of 4 repeats, so the ratio has no population moment",ARTIFACT
T_4154_225mW_70C,k6/k4@3.25,-10.61,0.49,dimensionless,"4 repeats, the bar on the mean at the two-sided 95 per cent t-factor 3.182","this fit predicts -11.7307 at the same window, so the pull is +7.27. The statistic is compared against its own forward prediction and is not an estimator of an untruncated cumulant",DIAGNOSTIC
T_4154_225mW_70C,k7/k5@3.25,,,,"admitted on having a population moment, never on signal-to-noise (O17)","the denominator changes sign in 1 of 4 repeats, so the ratio has no population moment",ARTIFACT
T_4154_225mW_70C,k4/k2@6,-1.47,0.14,dimensionless,"4 repeats, the bar on the mean at the two-sided 95 per cent t-factor 3.182","this fit predicts -2.08159 at the same window, so the pull is +14.04. The statistic is compared against its own forward prediction and is not an estimator of an untruncated cumulant",DIAGNOSTIC
T_4154_225mW_70C,k5/k3@6,,,,"admitted on having a population moment, never on signal-to-noise (O17)","the denominator changes sign in 1 of 4 repeats, so the ratio has no population moment",ARTIFACT
T_4154_225mW_70C,k6/k4@6,20.9,5.6,dimensionless,"4 repeats, the bar on the mean at the two-sided 95 per cent t-factor 3.182","this fit predicts 6.31657 at the same window, so the pull is +8.24. The statistic is compared against its own forward prediction and is not an estimator of an untruncated cumulant",DIAGNOSTIC
T_4154_225mW_70C,k7/k5@6,,,,"admitted on having a population moment, never on signal-to-noise (O17)","the denominator changes sign in 1 of 4 repeats, so the ratio has no population moment",ARTIFACT
T_4154_225mW_70C,k4/k2@12,17.4,1.5,dimensionless,"4 repeats, the bar on the mean at the two-sided 95 per cent t-factor 3.182","this fit predicts 15.4932 at the same window, so the pull is +3.93. The statistic is compared against its own forward prediction and is not an estimator of an untruncated cumulant",DIAGNOSTIC
T_4154_225mW_70C,k5/k3@12,,,,"admitted on having a population moment, never on signal-to-noise (O17)","the denominator changes sign in 1 of 4 repeats, so the ratio has no population moment",ARTIFACT
T_4154_225mW_70C,k6/k4@12,-66,17,dimensionless,"4 repeats, the bar on the mean at the two-sided 95 per cent t-factor 3.182","this fit predicts -74.4954 at the same window, so the pull is +1.55. The statistic is compared against its own forward prediction and is not an estimator of an untruncated cumulant",DIAGNOSTIC
T_4154_225mW_70C,k7/k5@12,,,,"admitted on having a population moment, never on signal-to-noise (O17)","the denominator changes sign in 2 of 4 repeats, so the ratio has no population moment",ARTIFACT
T_4154_225mW_90C,k2@12,13.50,0.12,MHz^n,"5 repeats, the bar on the mean at the two-sided 95 per cent t-factor 2.776","this fit predicts 13.9749 at the same window, so the pull is -10.80. The statistic is compared against its own forward prediction and is not an estimator of an untruncated cumulant",DIAGNOSTIC
T_4154_225mW_90C,k2@3.25,2.659,0.027,MHz^n,"5 repeats, the bar on the mean at the two-sided 95 per cent t-factor 2.776","this fit predicts 2.67004 at the same window, so the pull is -1.09. The statistic is compared against its own forward prediction and is not an estimator of an untruncated cumulant",DIAGNOSTIC
T_4154_225mW_90C,k2@6,6.255,0.053,MHz^n,"5 repeats, the bar on the mean at the two-sided 95 per cent t-factor 2.776","this fit predicts 6.28458 at the same window, so the pull is -1.55. The statistic is compared against its own forward prediction and is not an estimator of an untruncated cumulant",DIAGNOSTIC
T_4154_225mW_90C,k3@12,-0.08,0.85,MHz^n,"5 repeats, the bar on the mean at the two-sided 95 per cent t-factor 2.776","this fit predicts 0.000217678 at the same window, so the pull is -0.26. The statistic is compared against its own forward prediction and is not an estimator of an untruncated cumulant",DIAGNOSTIC
T_4154_225mW_90C,k3@3.25,-0.010,0.040,MHz^n,"5 repeats, the bar on the mean at the two-sided 95 per cent t-factor 2.776","this fit predicts 2.35117e-05 at the same window, so the pull is -0.70. The statistic is compared against its own forward prediction and is not an estimator of an untruncated cumulant",DIAGNOSTIC
T_4154_225mW_90C,k3@6,-0.18,0.23,MHz^n,"5 repeats, the bar on the mean at the two-sided 95 per cent t-factor 2.776","this fit predicts 0.000113036 at the same window, so the pull is -2.19. The statistic is compared against its own forward prediction and is not an estimator of an untruncated cumulant",DIAGNOSTIC
T_4154_225mW_90C,k4@12,208.3,8.6,MHz^n,"5 repeats, the bar on the mean at the two-sided 95 per cent t-factor 2.776","this fit predicts 214.593 at the same window, so the pull is -2.04. The statistic is compared against its own forward prediction and is not an estimator of an untruncated cumulant",DIAGNOSTIC
T_4154_225mW_90C,k4@3.25,-6.21,0.27,MHz^n,"5 repeats, the bar on the mean at the two-sided 95 per cent t-factor 2.776","this fit predicts -6.32526 at the same window, so the pull is +1.24. The statistic is compared against its own forward prediction and is not an estimator of an untruncated cumulant",DIAGNOSTIC
T_4154_225mW_90C,k4@6,-13.16,0.98,MHz^n,"5 repeats, the bar on the mean at the two-sided 95 per cent t-factor 2.776","this fit predicts -13.413 at the same window, so the pull is +0.70. The statistic is compared against its own forward prediction and is not an estimator of an untruncated cumulant",DIAGNOSTIC
T_4154_225mW_90C,k5@12,34,30,MHz^n,"5 repeats, the bar on the mean at the two-sided 95 per cent t-factor 2.776","this fit predicts -0.0176061 at the same window, so the pull is +3.18. The statistic is compared against its own forward prediction and is not an estimator of an untruncated cumulant",DIAGNOSTIC
T_4154_225mW_90C,k5@3.25,0.15,0.65,MHz^n,"5 repeats, the bar on the mean at the two-sided 95 per cent t-factor 2.776","this fit predicts -0.000389258 at the same window, so the pull is +0.64. The statistic is compared against its own forward prediction and is not an estimator of an untruncated cumulant",DIAGNOSTIC
T_4154_225mW_90C,k5@6,5.3,7.7,MHz^n,"5 repeats, the bar on the mean at the two-sided 95 per cent t-factor 2.776","this fit predicts -0.00416394 at the same window, so the pull is +1.92. The statistic is compared against its own forward prediction and is not an estimator of an untruncated cumulant",DIAGNOSTIC
T_4154_225mW_90C,k6@12,-13972,890,MHz^n,"5 repeats, the bar on the mean at the two-sided 95 per cent t-factor 2.776","this fit predicts -16124.9 at the same window, so the pull is +6.69. The statistic is compared against its own forward prediction and is not an estimator of an untruncated cumulant",DIAGNOSTIC
T_4154_225mW_90C,k6@3.25,72.0,5.7,MHz^n,"5 repeats, the bar on the mean at the two-sided 95 per cent t-factor 2.776","this fit predicts 74.6467 at the same window, so the pull is -1.29. The statistic is compared against its own forward prediction and is not an estimator of an untruncated cumulant",DIAGNOSTIC
T_4154_225mW_90C,k6@6,-76,38,MHz^n,"5 repeats, the bar on the mean at the two-sided 95 per cent t-factor 2.776","this fit predicts -71.1448 at the same window, so the pull is -0.32. The statistic is compared against its own forward prediction and is not an estimator of an untruncated cumulant",DIAGNOSTIC
T_4154_225mW_90C,k7@12,-2782,4800,MHz^n,"5 repeats, the bar on the mean at the two-sided 95 per cent t-factor 2.776","this fit predicts 0.0334229 at the same window, so the pull is -1.61. The statistic is compared against its own forward prediction and is not an estimator of an untruncated cumulant",DIAGNOSTIC
T_4154_225mW_90C,k7@3.25,-4,19,MHz^n,"5 repeats, the bar on the mean at the two-sided 95 per cent t-factor 2.776","this fit predicts 0.0116212 at the same window, so the pull is -0.61. The statistic is compared against its own forward prediction and is not an estimator of an untruncated cumulant",DIAGNOSTIC
T_4154_225mW_90C,k7@6,-222,360,MHz^n,"5 repeats, the bar on the mean at the two-sided 95 per cent t-factor 2.776","this fit predicts 0.20989 at the same window, so the pull is -1.73. The statistic is compared against its own forward prediction and is not an estimator of an untruncated cumulant",DIAGNOSTIC
T_4154_225mW_90C,k4/k2@3.25,-2.333,0.076,dimensionless,"5 repeats, the bar on the mean at the two-sided 95 per cent t-factor 2.776","this fit predicts -2.36898 at the same window, so the pull is +1.29. The statistic is compared against its own forward prediction and is not an estimator of an untruncated cumulant",DIAGNOSTIC
T_4154_225mW_90C,k5/k3@3.25,,,,"admitted on having a population moment, never on signal-to-noise (O17)","the denominator changes sign in 2 of 5 repeats, so the ratio has no population moment",ARTIFACT
T_4154_225mW_90C,k6/k4@3.25,-11.59,0.42,dimensionless,"5 repeats, the bar on the mean at the two-sided 95 per cent t-factor 2.776","this fit predicts -11.8014 at the same window, so the pull is +1.38. The statistic is compared against its own forward prediction and is not an estimator of an untruncated cumulant",DIAGNOSTIC
T_4154_225mW_90C,k7/k5@3.25,,,,"admitted on having a population moment, never on signal-to-noise (O17)","the denominator changes sign in 2 of 5 repeats, so the ratio has no population moment",ARTIFACT
T_4154_225mW_90C,k4/k2@6,-2.10,0.14,dimensionless,"5 repeats, the bar on the mean at the two-sided 95 per cent t-factor 2.776","this fit predicts -2.13428 at the same window, so the pull is +0.60. The statistic is compared against its own forward prediction and is not an estimator of an untruncated cumulant",DIAGNOSTIC
T_4154_225mW_90C,k5/k3@6,,,,"admitted on having a population moment, never on signal-to-noise (O17)","the denominator changes sign in 1 of 5 repeats, so the ratio has no population moment",ARTIFACT
T_4154_225mW_90C,k6/k4@6,5.9,3.3,dimensionless,"5 repeats, the bar on the mean at the two-sided 95 per cent t-factor 2.776","this fit predicts 5.30415 at the same window, so the pull is +0.47. The statistic is compared against its own forward prediction and is not an estimator of an untruncated cumulant",DIAGNOSTIC
T_4154_225mW_90C,k7/k5@6,,,,"admitted on having a population moment, never on signal-to-noise (O17)","the denominator changes sign in 1 of 5 repeats, so the ratio has no population moment",ARTIFACT
T_4154_225mW_90C,k4/k2@12,15.43,0.50,dimensionless,"5 repeats, the bar on the mean at the two-sided 95 per cent t-factor 2.776","this fit predicts 15.3556 at the same window, so the pull is +0.38. The statistic is compared against its own forward prediction and is not an estimator of an untruncated cumulant",DIAGNOSTIC
T_4154_225mW_90C,k5/k3@12,,,,"admitted on having a population moment, never on signal-to-noise (O17)","the denominator changes sign in 2 of 5 repeats, so the ratio has no population moment",ARTIFACT
T_4154_225mW_90C,k6/k4@12,-67.1,2.0,dimensionless,"5 repeats, the bar on the mean at the two-sided 95 per cent t-factor 2.776","this fit predicts -75.1421 at the same window, so the pull is +11.43. The statistic is compared against its own forward prediction and is not an estimator of an untruncated cumulant",DIAGNOSTIC
T_4154_225mW_90C,k7/k5@12,-242,380,dimensionless,"5 repeats, the bar on the mean at the two-sided 95 per cent t-factor 2.776","this fit predicts -1.89837 at the same window, so the pull is -1.77. The statistic is compared against its own forward prediction and is not an estimator of an untruncated cumulant",DIAGNOSTIC
T_4154_225mW_110C,k2@12,13.35,0.16,MHz^n,"5 repeats, the bar on the mean at the two-sided 95 per cent t-factor 2.776","this fit predicts 14.012 at the same window, so the pull is -11.20. The statistic is compared against its own forward prediction and is not an estimator of an untruncated cumulant",DIAGNOSTIC
T_4154_225mW_110C,k2@3.25,2.6459,0.0088,MHz^n,"5 repeats, the bar on the mean at the two-sided 95 per cent t-factor 2.776","this fit predicts 2.67654 at the same window, so the pull is -9.73. The statistic is compared against its own forward prediction and is not an estimator of an untruncated cumulant",DIAGNOSTIC
T_4154_225mW_110C,k2@6,6.215,0.038,MHz^n,"5 repeats, the bar on the mean at the two-sided 95 per cent t-factor 2.776","this fit predicts 6.30713 at the same window, so the pull is -6.70. The statistic is compared against its own forward prediction and is not an estimator of an untruncated cumulant",DIAGNOSTIC
T_4154_225mW_110C,k3@12,-0.97,0.93,MHz^n,"5 repeats, the bar on the mean at the two-sided 95 per cent t-factor 2.776","this fit predicts 0.000244506 at the same window, so the pull is -2.88. The statistic is compared against its own forward prediction and is not an estimator of an untruncated cumulant",DIAGNOSTIC
T_4154_225mW_110C,k3@3.25,-0.003,0.024,MHz^n,"5 repeats, the bar on the mean at the two-sided 95 per cent t-factor 2.776","this fit predicts 2.54851e-05 at the same window, so the pull is -0.36. The statistic is compared against its own forward prediction and is not an estimator of an untruncated cumulant",DIAGNOSTIC
T_4154_225mW_110C,k3@6,-0.09,0.16,MHz^n,"5 repeats, the bar on the mean at the two-sided 95 per cent t-factor 2.776","this fit predicts 0.000129556 at the same window, so the pull is -1.61. The statistic is compared against its own forward prediction and is not an estimator of an untruncated cumulant",DIAGNOSTIC
T_4154_225mW_110C,k4@12,206.3,2.5,MHz^n,"5 repeats, the bar on the mean at the two-sided 95 per cent t-factor 2.776","this fit predicts 213.25 at the same window, so the pull is -7.87. The statistic is compared against its own forward prediction and is not an estimator of an untruncated cumulant",DIAGNOSTIC
T_4154_225mW_110C,k4@3.25,-6.115,0.057,MHz^n,"5 repeats, the bar on the mean at the two-sided 95 per cent t-factor 2.776","this fit predicts -6.37793 at the same window, so the pull is +12.82. The statistic is compared against its own forward prediction and is not an estimator of an untruncated cumulant",DIAGNOSTIC
T_4154_225mW_110C,k4@6,-12.27,0.37,MHz^n,"5 repeats, the bar on the mean at the two-sided 95 per cent t-factor 2.776","this fit predicts -13.7879 at the same window, so the pull is +11.43. The statistic is compared against its own forward prediction and is not an estimator of an untruncated cumulant",DIAGNOSTIC
T_4154_225mW_110C,k5@12,17,25,MHz^n,"5 repeats, the bar on the mean at the two-sided 95 per cent t-factor 2.776","this fit predicts -0.0197627 at the same window, so the pull is +1.86. The statistic is compared against its own forward prediction and is not an estimator of an untruncated cumulant",DIAGNOSTIC
T_4154_225mW_110C,k5@3.25,0.05,0.36,MHz^n,"5 repeats, the bar on the mean at the two-sided 95 per cent t-factor 2.776","this fit predicts -0.000423219 at the same window, so the pull is +0.39. The statistic is compared against its own forward prediction and is not an estimator of an untruncated cumulant",DIAGNOSTIC
T_4154_225mW_110C,k5@6,2.5,4.8,MHz^n,"5 repeats, the bar on the mean at the two-sided 95 per cent t-factor 2.776","this fit predicts -0.00470997 at the same window, so the pull is +1.47. The statistic is compared against its own forward prediction and is not an estimator of an untruncated cumulant",DIAGNOSTIC
T_4154_225mW_110C,k6@12,-13447,700,MHz^n,"5 repeats, the bar on the mean at the two-sided 95 per cent t-factor 2.776","this fit predicts -16163.5 at the same window, so the pull is +10.74. The statistic is compared against its own forward prediction and is not an estimator of an untruncated cumulant",DIAGNOSTIC
T_4154_225mW_110C,k6@3.25,70.3,1.1,MHz^n,"5 repeats, the bar on the mean at the two-sided 95 per cent t-factor 2.776","this fit predicts 75.7058 at the same window, so the pull is -13.90. The statistic is compared against its own forward prediction and is not an estimator of an untruncated cumulant",DIAGNOSTIC
T_4154_225mW_110C,k6@6,-106,16,MHz^n,"5 repeats, the bar on the mean at the two-sided 95 per cent t-factor 2.776","this fit predicts -59.9771 at the same window, so the pull is -8.04. The statistic is compared against its own forward prediction and is not an estimator of an untruncated cumulant",DIAGNOSTIC
T_4154_225mW_110C,k7@12,7127,7500,MHz^n,"5 repeats, the bar on the mean at the two-sided 95 per cent t-factor 2.776","this fit predicts 0.0459304 at the same window, so the pull is +2.65. The statistic is compared against its own forward prediction and is not an estimator of an untruncated cumulant",DIAGNOSTIC
T_4154_225mW_110C,k7@3.25,-1,11,MHz^n,"5 repeats, the bar on the mean at the two-sided 95 per cent t-factor 2.776","this fit predicts 0.0126868 at the same window, so the pull is -0.39. The statistic is compared against its own forward prediction and is not an estimator of an untruncated cumulant",DIAGNOSTIC
T_4154_225mW_110C,k7@6,-96,210,MHz^n,"5 repeats, the bar on the mean at the two-sided 95 per cent t-factor 2.776","this fit predicts 0.237451 at the same window, so the pull is -1.30. The statistic is compared against its own forward prediction and is not an estimator of an untruncated cumulant",DIAGNOSTIC
T_4154_225mW_110C,k4/k2@3.25,-2.311,0.016,dimensionless,"5 repeats, the bar on the mean at the two-sided 95 per cent t-factor 2.776","this fit predicts -2.3829 at the same window, so the pull is +12.63. The statistic is compared against its own forward prediction and is not an estimator of an untruncated cumulant",DIAGNOSTIC
T_4154_225mW_110C,k5/k3@3.25,,,,"admitted on having a population moment, never on signal-to-noise (O17)","the denominator changes sign in 2 of 5 repeats, so the ratio has no population moment",ARTIFACT
T_4154_225mW_110C,k6/k4@3.25,-11.495,0.075,dimensionless,"5 repeats, the bar on the mean at the two-sided 95 per cent t-factor 2.776","this fit predicts -11.87 at the same window, so the pull is +13.92. The statistic is compared against its own forward prediction and is not an estimator of an untruncated cumulant",DIAGNOSTIC
T_4154_225mW_110C,k7/k5@3.25,,,,"admitted on having a population moment, never on signal-to-noise (O17)","the denominator changes sign in 2 of 5 repeats, so the ratio has no population moment",ARTIFACT
T_4154_225mW_110C,k4/k2@6,-1.975,0.054,dimensionless,"5 repeats, the bar on the mean at the two-sided 95 per cent t-factor 2.776","this fit predicts -2.18609 at the same window, so the pull is +10.94. The statistic is compared against its own forward prediction and is not an estimator of an untruncated cumulant",DIAGNOSTIC
T_4154_225mW_110C,k5/k3@6,,,,"admitted on having a population moment, never on signal-to-noise (O17)","the denominator changes sign in 2 of 5 repeats, so the ratio has no population moment",ARTIFACT
T_4154_225mW_110C,k6/k4@6,8.6,1.5,dimensionless,"5 repeats, the bar on the mean at the two-sided 95 per cent t-factor 2.776","this fit predicts 4.34996 at the same window, so the pull is +7.92. The statistic is compared against its own forward prediction and is not an estimator of an untruncated cumulant",DIAGNOSTIC
T_4154_225mW_110C,k7/k5@6,,,,"admitted on having a population moment, never on signal-to-noise (O17)","the denominator changes sign in 2 of 5 repeats, so the ratio has no population moment",ARTIFACT
T_4154_225mW_110C,k4/k2@12,15.45,0.19,dimensionless,"5 repeats, the bar on the mean at the two-sided 95 per cent t-factor 2.776","this fit predicts 15.2191 at the same window, so the pull is +3.36. The statistic is compared against its own forward prediction and is not an estimator of an untruncated cumulant",DIAGNOSTIC
T_4154_225mW_110C,k5/k3@12,,,,"admitted on having a population moment, never on signal-to-noise (O17)","the denominator changes sign in 1 of 5 repeats, so the ratio has no population moment",ARTIFACT
T_4154_225mW_110C,k6/k4@12,-65.2,3.1,dimensionless,"5 repeats, the bar on the mean at the two-sided 95 per cent t-factor 2.776","this fit predicts -75.796 at the same window, so the pull is +9.42. The statistic is compared against its own forward prediction and is not an estimator of an untruncated cumulant",DIAGNOSTIC
T_4154_225mW_110C,k7/k5@12,,,,"admitted on having a population moment, never on signal-to-noise (O17)","the denominator changes sign in 1 of 5 repeats, so the ratio has no population moment",ARTIFACT
T_4192_225mW_70C,k2@12,13.31,0.37,MHz^n,"5 repeats, the bar on the mean at the two-sided 95 per cent t-factor 2.776","this fit predicts 13.9377 at the same window, so the pull is -4.75. The statistic is compared against its own forward prediction and is not an estimator of an untruncated cumulant",DIAGNOSTIC
T_4192_225mW_70C,k2@3.25,2.619,0.028,MHz^n,"5 repeats, the bar on the mean at the two-sided 95 per cent t-factor 2.776","this fit predicts 2.66335 at the same window, so the pull is -4.34. The statistic is compared against its own forward prediction and is not an estimator of an untruncated cumulant",DIAGNOSTIC
T_4192_225mW_70C,k2@6,6.11,0.11,MHz^n,"5 repeats, the bar on the mean at the two-sided 95 per cent t-factor 2.776","this fit predicts 6.26178 at the same window, so the pull is -3.98. The statistic is compared against its own forward prediction and is not an estimator of an untruncated cumulant",DIAGNOSTIC
T_4192_225mW_70C,k3@12,-0.3,3.3,MHz^n,"5 repeats, the bar on the mean at the two-sided 95 per cent t-factor 2.776","this fit predicts 0.000199813 at the same window, so the pull is -0.21. The statistic is compared against its own forward prediction and is not an estimator of an untruncated cumulant",DIAGNOSTIC
T_4192_225mW_70C,k3@3.25,-0.050,0.052,MHz^n,"5 repeats, the bar on the mean at the two-sided 95 per cent t-factor 2.776","this fit predicts 2.18491e-05 at the same window, so the pull is -2.67. The statistic is compared against its own forward prediction and is not an estimator of an untruncated cumulant",DIAGNOSTIC
T_4192_225mW_70C,k3@6,-0.10,0.42,MHz^n,"5 repeats, the bar on the mean at the two-sided 95 per cent t-factor 2.776","this fit predicts 0.000104338 at the same window, so the pull is -0.66. The statistic is compared against its own forward prediction and is not an estimator of an untruncated cumulant",DIAGNOSTIC
T_4192_225mW_70C,k4@12,215,15,MHz^n,"5 repeats, the bar on the mean at the two-sided 95 per cent t-factor 2.776","this fit predicts 215.942 at the same window, so the pull is -0.17. The statistic is compared against its own forward prediction and is not an estimator of an untruncated cumulant",DIAGNOSTIC
T_4192_225mW_70C,k4@3.25,-5.91,0.28,MHz^n,"5 repeats, the bar on the mean at the two-sided 95 per cent t-factor 2.776","this fit predicts -6.27128 at the same window, so the pull is +3.60. The statistic is compared against its own forward prediction and is not an estimator of an untruncated cumulant",DIAGNOSTIC
T_4192_225mW_70C,k4@6,-11.5,1.3,MHz^n,"5 repeats, the bar on the mean at the two-sided 95 per cent t-factor 2.776","this fit predicts -13.0341 at the same window, so the pull is +3.12. The statistic is compared against its own forward prediction and is not an estimator of an untruncated cumulant",DIAGNOSTIC
T_4192_225mW_70C,k5@12,24,120,MHz^n,"5 repeats, the bar on the mean at the two-sided 95 per cent t-factor 2.776","this fit predicts -0.0159815 at the same window, so the pull is +0.54. The statistic is compared against its own forward prediction and is not an estimator of an untruncated cumulant",DIAGNOSTIC
T_4192_225mW_70C,k5@3.25,0.71,0.82,MHz^n,"5 repeats, the bar on the mean at the two-sided 95 per cent t-factor 2.776","this fit predicts -0.000359986 at the same window, so the pull is +2.40. The statistic is compared against its own forward prediction and is not an estimator of an untruncated cumulant",DIAGNOSTIC
T_4192_225mW_70C,k5@6,5.0,9.1,MHz^n,"5 repeats, the bar on the mean at the two-sided 95 per cent t-factor 2.776","this fit predicts -0.00381898 at the same window, so the pull is +1.53. The statistic is compared against its own forward prediction and is not an estimator of an untruncated cumulant",DIAGNOSTIC
T_4192_225mW_70C,k6@12,-13929,1600,MHz^n,"5 repeats, the bar on the mean at the two-sided 95 per cent t-factor 2.776","this fit predicts -16086.3 at the same window, so the pull is +3.64. The statistic is compared against its own forward prediction and is not an estimator of an untruncated cumulant",DIAGNOSTIC
T_4192_225mW_70C,k6@3.25,66.3,5.7,MHz^n,"5 repeats, the bar on the mean at the two-sided 95 per cent t-factor 2.776","this fit predicts 73.5657 at the same window, so the pull is -3.57. The statistic is compared against its own forward prediction and is not an estimator of an untruncated cumulant",DIAGNOSTIC
T_4192_225mW_70C,k6@6,-115,45,MHz^n,"5 repeats, the bar on the mean at the two-sided 95 per cent t-factor 2.776","this fit predicts -82.3446 at the same window, so the pull is -2.01. The statistic is compared against its own forward prediction and is not an estimator of an untruncated cumulant",DIAGNOSTIC
T_4192_225mW_70C,k7@12,-263,28000,MHz^n,"5 repeats, the bar on the mean at the two-sided 95 per cent t-factor 2.776","this fit predicts 0.00293484 at the same window, so the pull is -0.03. The statistic is compared against its own forward prediction and is not an estimator of an untruncated cumulant",DIAGNOSTIC
T_4192_225mW_70C,k7@3.25,-20,25,MHz^n,"5 repeats, the bar on the mean at the two-sided 95 per cent t-factor 2.776","this fit predicts 0.0106944 at the same window, so the pull is -2.22. The statistic is compared against its own forward prediction and is not an estimator of an untruncated cumulant",DIAGNOSTIC
T_4192_225mW_70C,k7@6,-258,270,MHz^n,"5 repeats, the bar on the mean at the two-sided 95 per cent t-factor 2.776","this fit predicts 0.190638 at the same window, so the pull is -2.63. The statistic is compared against its own forward prediction and is not an estimator of an untruncated cumulant",DIAGNOSTIC
T_4192_225mW_70C,k4/k2@3.25,-2.254,0.085,dimensionless,"5 repeats, the bar on the mean at the two-sided 95 per cent t-factor 2.776","this fit predicts -2.35465 at the same window, so the pull is +3.27. The statistic is compared against its own forward prediction and is not an estimator of an untruncated cumulant",DIAGNOSTIC
T_4192_225mW_70C,k5/k3@3.25,-12.8,9.0,dimensionless,"5 repeats, the bar on the mean at the two-sided 95 per cent t-factor 2.776","this fit predicts -16.476 at the same window, so the pull is +1.13. The statistic is compared against its own forward prediction and is not an estimator of an untruncated cumulant",DIAGNOSTIC
T_4192_225mW_70C,k6/k4@3.25,-11.21,0.44,dimensionless,"5 repeats, the bar on the mean at the two-sided 95 per cent t-factor 2.776","this fit predicts -11.7306 at the same window, so the pull is +3.25. The statistic is compared against its own forward prediction and is not an estimator of an untruncated cumulant",DIAGNOSTIC
T_4192_225mW_70C,k7/k5@3.25,-6,62,dimensionless,"5 repeats, the bar on the mean at the two-sided 95 per cent t-factor 2.776","this fit predicts -29.7077 at the same window, so the pull is +1.07. The statistic is compared against its own forward prediction and is not an estimator of an untruncated cumulant",DIAGNOSTIC
T_4192_225mW_70C,k4/k2@6,-1.89,0.20,dimensionless,"5 repeats, the bar on the mean at the two-sided 95 per cent t-factor 2.776","this fit predicts -2.08153 at the same window, so the pull is +2.75. The statistic is compared against its own forward prediction and is not an estimator of an untruncated cumulant",DIAGNOSTIC
T_4192_225mW_70C,k5/k3@6,,,,"admitted on having a population moment, never on signal-to-noise (O17)","the denominator changes sign in 2 of 5 repeats, so the ratio has no population moment",ARTIFACT
T_4192_225mW_70C,k6/k4@6,10.2,4.6,dimensionless,"5 repeats, the bar on the mean at the two-sided 95 per cent t-factor 2.776","this fit predicts 6.31763 at the same window, so the pull is +2.36. The statistic is compared against its own forward prediction and is not an estimator of an untruncated cumulant",DIAGNOSTIC
T_4192_225mW_70C,k7/k5@6,,,,"admitted on having a population moment, never on signal-to-noise (O17)","the denominator changes sign in 1 of 5 repeats, so the ratio has no population moment",ARTIFACT
T_4192_225mW_70C,k4/k2@12,16.15,0.87,dimensionless,"5 repeats, the bar on the mean at the two-sided 95 per cent t-factor 2.776","this fit predicts 15.4934 at the same window, so the pull is +2.09. The statistic is compared against its own forward prediction and is not an estimator of an untruncated cumulant",DIAGNOSTIC
T_4192_225mW_70C,k5/k3@12,,,,"admitted on having a population moment, never on signal-to-noise (O17)","the denominator changes sign in 2 of 5 repeats, so the ratio has no population moment",ARTIFACT
T_4192_225mW_70C,k6/k4@12,-64.7,5.1,dimensionless,"5 repeats, the bar on the mean at the two-sided 95 per cent t-factor 2.776","this fit predicts -74.4935 at the same window, so the pull is +5.35. The statistic is compared against its own forward prediction and is not an estimator of an untruncated cumulant",DIAGNOSTIC
T_4192_225mW_70C,k7/k5@12,,,,"admitted on having a population moment, never on signal-to-noise (O17)","the denominator changes sign in 1 of 5 repeats, so the ratio has no population moment",ARTIFACT
T_4192_225mW_90C,k2@12,13.33,0.33,MHz^n,"5 repeats, the bar on the mean at the two-sided 95 per cent t-factor 2.776","this fit predicts 13.9748 at the same window, so the pull is -5.50. The statistic is compared against its own forward prediction and is not an estimator of an untruncated cumulant",DIAGNOSTIC
T_4192_225mW_90C,k2@3.25,2.667,0.027,MHz^n,"5 repeats, the bar on the mean at the two-sided 95 per cent t-factor 2.776","this fit predicts 2.67003 at the same window, so the pull is -0.36. The statistic is compared against its own forward prediction and is not an estimator of an untruncated cumulant",DIAGNOSTIC
T_4192_225mW_90C,k2@6,6.257,0.065,MHz^n,"5 repeats, the bar on the mean at the two-sided 95 per cent t-factor 2.776","this fit predicts 6.28455 at the same window, so the pull is -1.16. The statistic is compared against its own forward prediction and is not an estimator of an untruncated cumulant",DIAGNOSTIC
T_4192_225mW_90C,k3@12,-0.64,0.69,MHz^n,"5 repeats, the bar on the mean at the two-sided 95 per cent t-factor 2.776","this fit predicts 0.000219444 at the same window, so the pull is -2.58. The statistic is compared against its own forward prediction and is not an estimator of an untruncated cumulant",DIAGNOSTIC
T_4192_225mW_90C,k3@3.25,0.001,0.027,MHz^n,"5 repeats, the bar on the mean at the two-sided 95 per cent t-factor 2.776","this fit predicts 2.27766e-05 at the same window, so the pull is +0.08. The statistic is compared against its own forward prediction and is not an estimator of an untruncated cumulant",DIAGNOSTIC
T_4192_225mW_90C,k3@6,-0.097,0.065,MHz^n,"5 repeats, the bar on the mean at the two-sided 95 per cent t-factor 2.776","this fit predicts 0.000113532 at the same window, so the pull is -4.16. The statistic is compared against its own forward prediction and is not an estimator of an untruncated cumulant",DIAGNOSTIC
T_4192_225mW_90C,k4@12,200.6,8.2,MHz^n,"5 repeats, the bar on the mean at the two-sided 95 per cent t-factor 2.776","this fit predicts 214.594 at the same window, so the pull is -4.76. The statistic is compared against its own forward prediction and is not an estimator of an untruncated cumulant",DIAGNOSTIC
T_4192_225mW_90C,k4@3.25,-6.26,0.25,MHz^n,"5 repeats, the bar on the mean at the two-sided 95 per cent t-factor 2.776","this fit predicts -6.32521 at the same window, so the pull is +0.69. The statistic is compared against its own forward prediction and is not an estimator of an untruncated cumulant",DIAGNOSTIC
T_4192_225mW_90C,k4@6,-13.25,0.86,MHz^n,"5 repeats, the bar on the mean at the two-sided 95 per cent t-factor 2.776","this fit predicts -13.4126 at the same window, so the pull is +0.52. The statistic is compared against its own forward prediction and is not an estimator of an untruncated cumulant",DIAGNOSTIC
T_4192_225mW_90C,k5@12,31,16,MHz^n,"5 repeats, the bar on the mean at the two-sided 95 per cent t-factor 2.776","this fit predicts -0.0175953 at the same window, so the pull is +5.34. The statistic is compared against its own forward prediction and is not an estimator of an untruncated cumulant",DIAGNOSTIC
T_4192_225mW_90C,k5@3.25,0.04,0.38,MHz^n,"5 repeats, the bar on the mean at the two-sided 95 per cent t-factor 2.776","this fit predicts -0.000379589 at the same window, so the pull is +0.27. The statistic is compared against its own forward prediction and is not an estimator of an untruncated cumulant",DIAGNOSTIC
T_4192_225mW_90C,k5@6,3.4,2.1,MHz^n,"5 repeats, the bar on the mean at the two-sided 95 per cent t-factor 2.776","this fit predicts -0.00416849 at the same window, so the pull is +4.49. The statistic is compared against its own forward prediction and is not an estimator of an untruncated cumulant",DIAGNOSTIC
T_4192_225mW_90C,k6@12,-13071,1300,MHz^n,"5 repeats, the bar on the mean at the two-sided 95 per cent t-factor 2.776","this fit predicts -16124.6 at the same window, so the pull is +6.70. The statistic is compared against its own forward prediction and is not an estimator of an untruncated cumulant",DIAGNOSTIC
T_4192_225mW_90C,k6@3.25,73.2,5.2,MHz^n,"5 repeats, the bar on the mean at the two-sided 95 per cent t-factor 2.776","this fit predicts 74.6456 at the same window, so the pull is -0.80. The statistic is compared against its own forward prediction and is not an estimator of an untruncated cumulant",DIAGNOSTIC
T_4192_225mW_90C,k6@6,-71,30,MHz^n,"5 repeats, the bar on the mean at the two-sided 95 per cent t-factor 2.776","this fit predicts -71.1567 at the same window, so the pull is +0.05. The statistic is compared against its own forward prediction and is not an estimator of an untruncated cumulant",DIAGNOSTIC
T_4192_225mW_90C,k7@12,3538,5600,MHz^n,"5 repeats, the bar on the mean at the two-sided 95 per cent t-factor 2.776","this fit predicts 0.0175247 at the same window, so the pull is +1.76. The statistic is compared against its own forward prediction and is not an estimator of an untruncated cumulant",DIAGNOSTIC
T_4192_225mW_90C,k7@3.25,-2,10,MHz^n,"5 repeats, the bar on the mean at the two-sided 95 per cent t-factor 2.776","this fit predicts 0.011348 at the same window, so the pull is -0.41. The statistic is compared against its own forward prediction and is not an estimator of an untruncated cumulant",DIAGNOSTIC
T_4192_225mW_90C,k7@6,-165,110,MHz^n,"5 repeats, the bar on the mean at the two-sided 95 per cent t-factor 2.776","this fit predicts 0.209808 at the same window, so the pull is -4.16. The statistic is compared against its own forward prediction and is not an estimator of an untruncated cumulant",DIAGNOSTIC
T_4192_225mW_90C,k4/k2@3.25,-2.349,0.069,dimensionless,"5 repeats, the bar on the mean at the two-sided 95 per cent t-factor 2.776","this fit predicts -2.36897 at the same window, so the pull is +0.82. The statistic is compared against its own forward prediction and is not an estimator of an untruncated cumulant",DIAGNOSTIC
T_4192_225mW_90C,k5/k3@3.25,,,,"admitted on having a population moment, never on signal-to-noise (O17)","the denominator changes sign in 2 of 5 repeats, so the ratio has no population moment",ARTIFACT
T_4192_225mW_90C,k6/k4@3.25,-11.67,0.37,dimensionless,"5 repeats, the bar on the mean at the two-sided 95 per cent t-factor 2.776","this fit predicts -11.8013 at the same window, so the pull is +0.96. The statistic is compared against its own forward prediction and is not an estimator of an untruncated cumulant",DIAGNOSTIC
T_4192_225mW_90C,k7/k5@3.25,,,,"admitted on having a population moment, never on signal-to-noise (O17)","the denominator changes sign in 2 of 5 repeats, so the ratio has no population moment",ARTIFACT
T_4192_225mW_90C,k4/k2@6,-2.12,0.12,dimensionless,"5 repeats, the bar on the mean at the two-sided 95 per cent t-factor 2.776","this fit predicts -2.13422 at the same window, so the pull is +0.38. The statistic is compared against its own forward prediction and is not an estimator of an untruncated cumulant",DIAGNOSTIC
T_4192_225mW_90C,k5/k3@6,-35.7,9.6,dimensionless,"5 repeats, the bar on the mean at the two-sided 95 per cent t-factor 2.776","this fit predicts -36.7165 at the same window, so the pull is +0.29. The statistic is compared against its own forward prediction and is not an estimator of an untruncated cumulant",DIAGNOSTIC
T_4192_225mW_90C,k6/k4@6,5.4,2.7,dimensionless,"5 repeats, the bar on the mean at the two-sided 95 per cent t-factor 2.776","this fit predicts 5.30522 at the same window, so the pull is +0.11. The statistic is compared against its own forward prediction and is not an estimator of an untruncated cumulant",DIAGNOSTIC
T_4192_225mW_90C,k7/k5@6,-45,13,dimensionless,"5 repeats, the bar on the mean at the two-sided 95 per cent t-factor 2.776","this fit predicts -50.3319 at the same window, so the pull is +1.04. The statistic is compared against its own forward prediction and is not an estimator of an untruncated cumulant",DIAGNOSTIC
T_4192_225mW_90C,k4/k2@12,15.05,0.44,dimensionless,"5 repeats, the bar on the mean at the two-sided 95 per cent t-factor 2.776","this fit predicts 15.3558 at the same window, so the pull is -1.93. The statistic is compared against its own forward prediction and is not an estimator of an untruncated cumulant",DIAGNOSTIC
T_4192_225mW_90C,k5/k3@12,-77,73,dimensionless,"5 repeats, the bar on the mean at the two-sided 95 per cent t-factor 2.776","this fit predicts -80.1814 at the same window, so the pull is +0.11. The statistic is compared against its own forward prediction and is not an estimator of an untruncated cumulant",DIAGNOSTIC
T_4192_225mW_90C,k6/k4@12,-65.1,4.7,dimensionless,"5 repeats, the bar on the mean at the two-sided 95 per cent t-factor 2.776","this fit predicts -75.1403 at the same window, so the pull is +5.91. The statistic is compared against its own forward prediction and is not an estimator of an untruncated cumulant",DIAGNOSTIC
T_4192_225mW_90C,k7/k5@12,111,140,dimensionless,"5 repeats, the bar on the mean at the two-sided 95 per cent t-factor 2.776","this fit predicts -0.995982 at the same window, so the pull is +2.19. The statistic is compared against its own forward prediction and is not an estimator of an untruncated cumulant",DIAGNOSTIC
T_4192_225mW_110C,k2@12,13.729,0.095,MHz^n,"5 repeats, the bar on the mean at the two-sided 95 per cent t-factor 2.776","this fit predicts 14.0119 at the same window, so the pull is -8.23. The statistic is compared against its own forward prediction and is not an estimator of an untruncated cumulant",DIAGNOSTIC
T_4192_225mW_110C,k2@3.25,2.669,0.016,MHz^n,"5 repeats, the bar on the mean at the two-sided 95 per cent t-factor 2.776","this fit predicts 2.67653 at the same window, so the pull is -1.38. The statistic is compared against its own forward prediction and is not an estimator of an untruncated cumulant",DIAGNOSTIC
T_4192_225mW_110C,k2@6,6.306,0.056,MHz^n,"5 repeats, the bar on the mean at the two-sided 95 per cent t-factor 2.776","this fit predicts 6.3071 at the same window, so the pull is -0.08. The statistic is compared against its own forward prediction and is not an estimator of an untruncated cumulant",DIAGNOSTIC
T_4192_225mW_110C,k3@12,-0.21,0.55,MHz^n,"5 repeats, the bar on the mean at the two-sided 95 per cent t-factor 2.776","this fit predicts 0.000246502 at the same window, so the pull is -1.06. The statistic is compared against its own forward prediction and is not an estimator of an untruncated cumulant",DIAGNOSTIC
T_4192_225mW_110C,k3@3.25,0.010,0.011,MHz^n,"5 repeats, the bar on the mean at the two-sided 95 per cent t-factor 2.776","this fit predicts 2.43503e-05 at the same window, so the pull is +2.53. The statistic is compared against its own forward prediction and is not an estimator of an untruncated cumulant",DIAGNOSTIC
T_4192_225mW_110C,k3@6,0.042,0.055,MHz^n,"5 repeats, the bar on the mean at the two-sided 95 per cent t-factor 2.776","this fit predicts 0.000125436 at the same window, so the pull is +2.12. The statistic is compared against its own forward prediction and is not an estimator of an untruncated cumulant",DIAGNOSTIC
T_4192_225mW_110C,k4@12,207.1,2.8,MHz^n,"5 repeats, the bar on the mean at the two-sided 95 per cent t-factor 2.776","this fit predicts 213.252 at the same window, so the pull is -6.07. The statistic is compared against its own forward prediction and is not an estimator of an untruncated cumulant",DIAGNOSTIC
T_4192_225mW_110C,k4@3.25,-6.28,0.14,MHz^n,"5 repeats, the bar on the mean at the two-sided 95 per cent t-factor 2.776","this fit predicts -6.37787 at the same window, so the pull is +1.91. The statistic is compared against its own forward prediction and is not an estimator of an untruncated cumulant",DIAGNOSTIC
T_4192_225mW_110C,k4@6,-13.68,0.97,MHz^n,"5 repeats, the bar on the mean at the two-sided 95 per cent t-factor 2.776","this fit predicts -13.7875 at the same window, so the pull is +0.30. The statistic is compared against its own forward prediction and is not an estimator of an untruncated cumulant",DIAGNOSTIC
T_4192_225mW_110C,k5@12,-5,20,MHz^n,"5 repeats, the bar on the mean at the two-sided 95 per cent t-factor 2.776","this fit predicts -0.0197226 at the same window, so the pull is -0.66. The statistic is compared against its own forward prediction and is not an estimator of an untruncated cumulant",DIAGNOSTIC
T_4192_225mW_110C,k5@3.25,-0.20,0.19,MHz^n,"5 repeats, the bar on the mean at the two-sided 95 per cent t-factor 2.776","this fit predicts -0.000410084 at the same window, so the pull is -2.89. The statistic is compared against its own forward prediction and is not an estimator of an untruncated cumulant",DIAGNOSTIC
T_4192_225mW_110C,k5@6,-1.5,1.2,MHz^n,"5 repeats, the bar on the mean at the two-sided 95 per cent t-factor 2.776","this fit predicts -0.0046353 at the same window, so the pull is -3.43. The statistic is compared against its own forward prediction and is not an estimator of an untruncated cumulant",DIAGNOSTIC
T_4192_225mW_110C,k6@12,-14720,210,MHz^n,"5 repeats, the bar on the mean at the two-sided 95 per cent t-factor 2.776","this fit predicts -16163.2 at the same window, so the pull is +19.46. The statistic is compared against its own forward prediction and is not an estimator of an untruncated cumulant",DIAGNOSTIC
T_4192_225mW_110C,k6@3.25,73.5,2.9,MHz^n,"5 repeats, the bar on the mean at the two-sided 95 per cent t-factor 2.776","this fit predicts 75.7046 at the same window, so the pull is -2.11. The statistic is compared against its own forward prediction and is not an estimator of an untruncated cumulant",DIAGNOSTIC
T_4192_225mW_110C,k6@6,-67,30,MHz^n,"5 repeats, the bar on the mean at the two-sided 95 per cent t-factor 2.776","this fit predicts -59.9897 at the same window, so the pull is -0.67. The statistic is compared against its own forward prediction and is not an estimator of an untruncated cumulant",DIAGNOSTIC
T_4192_225mW_110C,k7@12,2991,5300,MHz^n,"5 repeats, the bar on the mean at the two-sided 95 per cent t-factor 2.776","this fit predicts 0.0253244 at the same window, so the pull is +1.57. The statistic is compared against its own forward prediction and is not an estimator of an untruncated cumulant",DIAGNOSTIC
T_4192_225mW_110C,k7@3.25,6.2,5.8,MHz^n,"5 repeats, the bar on the mean at the two-sided 95 per cent t-factor 2.776","this fit predicts 0.0123309 at the same window, so the pull is +2.93. The statistic is compared against its own forward prediction and is not an estimator of an untruncated cumulant",DIAGNOSTIC
T_4192_225mW_110C,k7@6,77,48,MHz^n,"5 repeats, the bar on the mean at the two-sided 95 per cent t-factor 2.776","this fit predicts 0.23561 at the same window, so the pull is +4.48. The statistic is compared against its own forward prediction and is not an estimator of an untruncated cumulant",DIAGNOSTIC
T_4192_225mW_110C,k4/k2@3.25,-2.353,0.040,dimensionless,"5 repeats, the bar on the mean at the two-sided 95 per cent t-factor 2.776","this fit predicts -2.38289 at the same window, so the pull is +2.09. The statistic is compared against its own forward prediction and is not an estimator of an untruncated cumulant",DIAGNOSTIC
T_4192_225mW_110C,k5/k3@3.25,-23,11,dimensionless,"5 repeats, the bar on the mean at the two-sided 95 per cent t-factor 2.776","this fit predicts -16.841 at the same window, so the pull is -1.39. The statistic is compared against its own forward prediction and is not an estimator of an untruncated cumulant",DIAGNOSTIC
T_4192_225mW_110C,k6/k4@3.25,-11.70,0.20,dimensionless,"5 repeats, the bar on the mean at the two-sided 95 per cent t-factor 2.776","this fit predicts -11.8699 at the same window, so the pull is +2.34. The statistic is compared against its own forward prediction and is not an estimator of an untruncated cumulant",DIAGNOSTIC
T_4192_225mW_110C,k7/k5@3.25,-30.3,3.8,dimensionless,"5 repeats, the bar on the mean at the two-sided 95 per cent t-factor 2.776","this fit predicts -30.0692 at the same window, so the pull is -0.19. The statistic is compared against its own forward prediction and is not an estimator of an untruncated cumulant",DIAGNOSTIC
T_4192_225mW_110C,k4/k2@6,-2.17,0.13,dimensionless,"5 repeats, the bar on the mean at the two-sided 95 per cent t-factor 2.776","this fit predicts -2.18603 at the same window, so the pull is +0.34. The statistic is compared against its own forward prediction and is not an estimator of an untruncated cumulant",DIAGNOSTIC
T_4192_225mW_110C,k5/k3@6,,,,"admitted on having a population moment, never on signal-to-noise (O17)","the denominator changes sign in 1 of 5 repeats, so the ratio has no population moment",ARTIFACT
T_4192_225mW_110C,k6/k4@6,5.0,2.6,dimensionless,"5 repeats, the bar on the mean at the two-sided 95 per cent t-factor 2.776","this fit predicts 4.35103 at the same window, so the pull is +0.71. The statistic is compared against its own forward prediction and is not an estimator of an untruncated cumulant",DIAGNOSTIC
T_4192_225mW_110C,k7/k5@6,,,,"admitted on having a population moment, never on signal-to-noise (O17)","the denominator changes sign in 1 of 5 repeats, so the ratio has no population moment",ARTIFACT
T_4192_225mW_110C,k4/k2@12,15.08,0.30,dimensionless,"5 repeats, the bar on the mean at the two-sided 95 per cent t-factor 2.776","this fit predicts 15.2193 at the same window, so the pull is -1.26. The statistic is compared against its own forward prediction and is not an estimator of an untruncated cumulant",DIAGNOSTIC
T_4192_225mW_110C,k5/k3@12,,,,"admitted on having a population moment, never on signal-to-noise (O17)","the denominator changes sign in 2 of 5 repeats, so the ratio has no population moment",ARTIFACT
T_4192_225mW_110C,k6/k4@12,-71.1,1.7,dimensionless,"5 repeats, the bar on the mean at the two-sided 95 per cent t-factor 2.776","this fit predicts -75.7941 at the same window, so the pull is +7.60. The statistic is compared against its own forward prediction and is not an estimator of an untruncated cumulant",DIAGNOSTIC
T_4192_225mW_110C,k7/k5@12,,,,"admitted on having a population moment, never on signal-to-noise (O17)","the denominator changes sign in 2 of 5 repeats, so the ratio has no population moment",ARTIFACT
T_4207_225mW_70C,k2@12,13.79,0.54,MHz^n,"5 repeats, the bar on the mean at the two-sided 95 per cent t-factor 2.776","this fit predicts 13.923 at the same window, so the pull is -0.68. The statistic is compared against its own forward prediction and is not an estimator of an untruncated cumulant",DIAGNOSTIC
T_4207_225mW_70C,k2@3.25,2.625,0.053,MHz^n,"5 repeats, the bar on the mean at the two-sided 95 per cent t-factor 2.776","this fit predicts 2.66066 at the same window, so the pull is -1.88. The statistic is compared against its own forward prediction and is not an estimator of an untruncated cumulant",DIAGNOSTIC
T_4207_225mW_70C,k2@6,6.09,0.25,MHz^n,"5 repeats, the bar on the mean at the two-sided 95 per cent t-factor 2.776","this fit predicts 6.2527 at the same window, so the pull is -1.80. The statistic is compared against its own forward prediction and is not an estimator of an untruncated cumulant",DIAGNOSTIC
T_4207_225mW_70C,k3@12,-1.4,7.3,MHz^n,"5 repeats, the bar on the mean at the two-sided 95 per cent t-factor 2.776","this fit predicts 0.000198766 at the same window, so the pull is -0.53. The statistic is compared against its own forward prediction and is not an estimator of an untruncated cumulant",DIAGNOSTIC
T_4207_225mW_70C,k3@3.25,-0.06,0.13,MHz^n,"5 repeats, the bar on the mean at the two-sided 95 per cent t-factor 2.776","this fit predicts 2.15439e-05 at the same window, so the pull is -1.22. The statistic is compared against its own forward prediction and is not an estimator of an untruncated cumulant",DIAGNOSTIC
T_4207_225mW_70C,k3@6,-0.39,0.34,MHz^n,"5 repeats, the bar on the mean at the two-sided 95 per cent t-factor 2.776","this fit predicts 0.000103463 at the same window, so the pull is -3.24. The statistic is compared against its own forward prediction and is not an estimator of an untruncated cumulant",DIAGNOSTIC
T_4207_225mW_70C,k4@12,230,35,MHz^n,"5 repeats, the bar on the mean at the two-sided 95 per cent t-factor 2.776","this fit predicts 216.478 at the same window, so the pull is +1.04. The statistic is compared against its own forward prediction and is not an estimator of an untruncated cumulant",DIAGNOSTIC
T_4207_225mW_70C,k4@3.25,-5.96,0.31,MHz^n,"5 repeats, the bar on the mean at the two-sided 95 per cent t-factor 2.776","this fit predicts -6.24954 at the same window, so the pull is +2.54. The statistic is compared against its own forward prediction and is not an estimator of an untruncated cumulant",DIAGNOSTIC
T_4207_225mW_70C,k4@6,-11.4,2.5,MHz^n,"5 repeats, the bar on the mean at the two-sided 95 per cent t-factor 2.776","this fit predicts -12.8832 at the same window, so the pull is +1.69. The statistic is compared against its own forward prediction and is not an estimator of an untruncated cumulant",DIAGNOSTIC
T_4207_225mW_70C,k5@12,89,150,MHz^n,"5 repeats, the bar on the mean at the two-sided 95 per cent t-factor 2.776","this fit predicts -0.0158532 at the same window, so the pull is +1.68. The statistic is compared against its own forward prediction and is not an estimator of an untruncated cumulant",DIAGNOSTIC
T_4207_225mW_70C,k5@3.25,1.0,2.1,MHz^n,"5 repeats, the bar on the mean at the two-sided 95 per cent t-factor 2.776","this fit predicts -0.000355997 at the same window, so the pull is +1.26. The statistic is compared against its own forward prediction and is not an estimator of an untruncated cumulant",DIAGNOSTIC
T_4207_225mW_70C,k5@6,13,13,MHz^n,"5 repeats, the bar on the mean at the two-sided 95 per cent t-factor 2.776","this fit predicts -0.00378993 at the same window, so the pull is +2.69. The statistic is compared against its own forward prediction and is not an estimator of an untruncated cumulant",DIAGNOSTIC
T_4207_225mW_70C,k6@12,-16540,4200,MHz^n,"5 repeats, the bar on the mean at the two-sided 95 per cent t-factor 2.776","this fit predicts -16071.2 at the same window, so the pull is -0.31. The statistic is compared against its own forward prediction and is not an estimator of an untruncated cumulant",DIAGNOSTIC
T_4207_225mW_70C,k6@3.25,67.3,5.7,MHz^n,"5 repeats, the bar on the mean at the two-sided 95 per cent t-factor 2.776","this fit predicts 73.1318 at the same window, so the pull is -2.88. The statistic is compared against its own forward prediction and is not an estimator of an untruncated cumulant",DIAGNOSTIC
T_4207_225mW_70C,k6@6,-112,41,MHz^n,"5 repeats, the bar on the mean at the two-sided 95 per cent t-factor 2.776","this fit predicts -86.7824 at the same window, so the pull is -1.69. The statistic is compared against its own forward prediction and is not an estimator of an untruncated cumulant",DIAGNOSTIC
T_4207_225mW_70C,k7@12,9713,79000,MHz^n,"5 repeats, the bar on the mean at the two-sided 95 per cent t-factor 2.776","this fit predicts -0.0043201 at the same window, so the pull is +0.34. The statistic is compared against its own forward prediction and is not an estimator of an untruncated cumulant",DIAGNOSTIC
T_4207_225mW_70C,k7@3.25,-29,62,MHz^n,"5 repeats, the bar on the mean at the two-sided 95 per cent t-factor 2.776","this fit predicts 0.0105691 at the same window, so the pull is -1.28. The statistic is compared against its own forward prediction and is not an estimator of an untruncated cumulant",DIAGNOSTIC
T_4207_225mW_70C,k7@6,-561,740,MHz^n,"5 repeats, the bar on the mean at the two-sided 95 per cent t-factor 2.776","this fit predicts 0.188786 at the same window, so the pull is -2.11. The statistic is compared against its own forward prediction and is not an estimator of an untruncated cumulant",DIAGNOSTIC
T_4207_225mW_70C,k4/k2@3.25,-2.271,0.076,dimensionless,"5 repeats, the bar on the mean at the two-sided 95 per cent t-factor 2.776","this fit predicts -2.34887 at the same window, so the pull is +2.85. The statistic is compared against its own forward prediction and is not an estimator of an untruncated cumulant",DIAGNOSTIC
T_4207_225mW_70C,k5/k3@3.25,,,,"admitted on having a population moment, never on signal-to-noise (O17)","the denominator changes sign in 1 of 5 repeats, so the ratio has no population moment",ARTIFACT
T_4207_225mW_70C,k6/k4@3.25,-11.27,0.39,dimensionless,"5 repeats, the bar on the mean at the two-sided 95 per cent t-factor 2.776","this fit predicts -11.7019 at the same window, so the pull is +3.10. The statistic is compared against its own forward prediction and is not an estimator of an untruncated cumulant",DIAGNOSTIC
T_4207_225mW_70C,k7/k5@3.25,,,,"admitted on having a population moment, never on signal-to-noise (O17)","the denominator changes sign in 1 of 5 repeats, so the ratio has no population moment",ARTIFACT
T_4207_225mW_70C,k4/k2@6,-1.86,0.33,dimensionless,"5 repeats, the bar on the mean at the two-sided 95 per cent t-factor 2.776","this fit predicts -2.06042 at the same window, so the pull is +1.71. The statistic is compared against its own forward prediction and is not an estimator of an untruncated cumulant",DIAGNOSTIC
T_4207_225mW_70C,k5/k3@6,-31,11,dimensionless,"5 repeats, the bar on the mean at the two-sided 95 per cent t-factor 2.776","this fit predicts -36.6308 at the same window, so the pull is +1.42. The statistic is compared against its own forward prediction and is not an estimator of an untruncated cumulant",DIAGNOSTIC
T_4207_225mW_70C,k6/k4@6,10.4,5.1,dimensionless,"5 repeats, the bar on the mean at the two-sided 95 per cent t-factor 2.776","this fit predicts 6.73608 at the same window, so the pull is +2.01. The statistic is compared against its own forward prediction and is not an estimator of an untruncated cumulant",DIAGNOSTIC
T_4207_225mW_70C,k7/k5@6,-36,19,dimensionless,"5 repeats, the bar on the mean at the two-sided 95 per cent t-factor 2.776","this fit predicts -49.8126 at the same window, so the pull is +2.00. The statistic is compared against its own forward prediction and is not an estimator of an untruncated cumulant",DIAGNOSTIC
T_4207_225mW_70C,k4/k2@12,16.6,2.1,dimensionless,"5 repeats, the bar on the mean at the two-sided 95 per cent t-factor 2.776","this fit predicts 15.5482 at the same window, so the pull is +1.46. The statistic is compared against its own forward prediction and is not an estimator of an untruncated cumulant",DIAGNOSTIC
T_4207_225mW_70C,k5/k3@12,,,,"admitted on having a population moment, never on signal-to-noise (O17)","the denominator changes sign in 2 of 5 repeats, so the ratio has no population moment",ARTIFACT
T_4207_225mW_70C,k6/k4@12,-72,12,dimensionless,"5 repeats, the bar on the mean at the two-sided 95 per cent t-factor 2.776","this fit predicts -74.2394 at the same window, so the pull is +0.58. The statistic is compared against its own forward prediction and is not an estimator of an untruncated cumulant",DIAGNOSTIC
T_4207_225mW_70C,k7/k5@12,,,,"admitted on having a population moment, never on signal-to-noise (O17)","the denominator changes sign in 1 of 5 repeats, so the ratio has no population moment",ARTIFACT
T_4207_225mW_90C,k2@12,13.30,0.24,MHz^n,"5 repeats, the bar on the mean at the two-sided 95 per cent t-factor 2.776","this fit predicts 13.9593 at the same window, so the pull is -7.56. The statistic is compared against its own forward prediction and is not an estimator of an untruncated cumulant",DIAGNOSTIC
T_4207_225mW_90C,k2@3.25,2.588,0.016,MHz^n,"5 repeats, the bar on the mean at the two-sided 95 per cent t-factor 2.776","this fit predicts 2.66726 at the same window, so the pull is -13.87. The statistic is compared against its own forward prediction and is not an estimator of an untruncated cumulant",DIAGNOSTIC
T_4207_225mW_90C,k2@6,6.11,0.12,MHz^n,"5 repeats, the bar on the mean at the two-sided 95 per cent t-factor 2.776","this fit predicts 6.27507 at the same window, so the pull is -3.76. The statistic is compared against its own forward prediction and is not an estimator of an untruncated cumulant",DIAGNOSTIC
T_4207_225mW_90C,k3@12,-1.7,1.6,MHz^n,"5 repeats, the bar on the mean at the two-sided 95 per cent t-factor 2.776","this fit predicts 0.00020912 at the same window, so the pull is -3.02. The statistic is compared against its own forward prediction and is not an estimator of an untruncated cumulant",DIAGNOSTIC
T_4207_225mW_90C,k3@3.25,-0.013,0.047,MHz^n,"5 repeats, the bar on the mean at the two-sided 95 per cent t-factor 2.776","this fit predicts 2.25644e-05 at the same window, so the pull is -0.80. The statistic is compared against its own forward prediction and is not an estimator of an untruncated cumulant",DIAGNOSTIC
T_4207_225mW_90C,k3@6,-0.05,0.14,MHz^n,"5 repeats, the bar on the mean at the two-sided 95 per cent t-factor 2.776","this fit predicts 0.000109315 at the same window, so the pull is -0.99. The statistic is compared against its own forward prediction and is not an estimator of an untruncated cumulant",DIAGNOSTIC
T_4207_225mW_90C,k4@12,219.4,4.5,MHz^n,"5 repeats, the bar on the mean at the two-sided 95 per cent t-factor 2.776","this fit predicts 215.156 at the same window, so the pull is +2.62. The statistic is compared against its own forward prediction and is not an estimator of an untruncated cumulant",DIAGNOSTIC
T_4207_225mW_90C,k4@3.25,-5.63,0.15,MHz^n,"5 repeats, the bar on the mean at the two-sided 95 per cent t-factor 2.776","this fit predicts -6.30286 at the same window, so the pull is +12.19. The statistic is compared against its own forward prediction and is not an estimator of an untruncated cumulant",DIAGNOSTIC
T_4207_225mW_90C,k4@6,-9.8,1.4,MHz^n,"5 repeats, the bar on the mean at the two-sided 95 per cent t-factor 2.776","this fit predicts -13.255 at the same window, so the pull is +6.68. The statistic is compared against its own forward prediction and is not an estimator of an untruncated cumulant",DIAGNOSTIC
T_4207_225mW_90C,k5@12,3,64,MHz^n,"5 repeats, the bar on the mean at the two-sided 95 per cent t-factor 2.776","this fit predicts -0.0168859 at the same window, so the pull is +0.13. The statistic is compared against its own forward prediction and is not an estimator of an untruncated cumulant",DIAGNOSTIC
T_4207_225mW_90C,k5@3.25,0.14,0.73,MHz^n,"5 repeats, the bar on the mean at the two-sided 95 per cent t-factor 2.776","this fit predicts -0.000372588 at the same window, so the pull is +0.52. The statistic is compared against its own forward prediction and is not an estimator of an untruncated cumulant",DIAGNOSTIC
T_4207_225mW_90C,k5@6,1.6,3.5,MHz^n,"5 repeats, the bar on the mean at the two-sided 95 per cent t-factor 2.776","this fit predicts -0.00400401 at the same window, so the pull is +1.27. The statistic is compared against its own forward prediction and is not an estimator of an untruncated cumulant",DIAGNOSTIC
T_4207_225mW_90C,k6@12,-13986,850,MHz^n,"5 repeats, the bar on the mean at the two-sided 95 per cent t-factor 2.776","this fit predicts -16108.5 at the same window, so the pull is +6.90. The statistic is compared against its own forward prediction and is not an estimator of an untruncated cumulant",DIAGNOSTIC
T_4207_225mW_90C,k6@3.25,60.7,3.4,MHz^n,"5 repeats, the bar on the mean at the two-sided 95 per cent t-factor 2.776","this fit predicts 74.1975 at the same window, so the pull is -11.15. The statistic is compared against its own forward prediction and is not an estimator of an untruncated cumulant",DIAGNOSTIC
T_4207_225mW_90C,k6@6,-192,19,MHz^n,"5 repeats, the bar on the mean at the two-sided 95 per cent t-factor 2.776","this fit predicts -75.8239 at the same window, so the pull is -16.68. The statistic is compared against its own forward prediction and is not an estimator of an untruncated cumulant",DIAGNOSTIC
T_4207_225mW_90C,k7@12,15921,15000,MHz^n,"5 repeats, the bar on the mean at the two-sided 95 per cent t-factor 2.776","this fit predicts 0.0245862 at the same window, so the pull is +2.98. The statistic is compared against its own forward prediction and is not an estimator of an untruncated cumulant",DIAGNOSTIC
T_4207_225mW_90C,k7@3.25,-3,20,MHz^n,"5 repeats, the bar on the mean at the two-sided 95 per cent t-factor 2.776","this fit predicts 0.0111001 at the same window, so the pull is -0.41. The statistic is compared against its own forward prediction and is not an estimator of an untruncated cumulant",DIAGNOSTIC
T_4207_225mW_90C,k7@6,-74,170,MHz^n,"5 repeats, the bar on the mean at the two-sided 95 per cent t-factor 2.776","this fit predicts 0.20078 at the same window, so the pull is -1.22. The statistic is compared against its own forward prediction and is not an estimator of an untruncated cumulant",DIAGNOSTIC
T_4207_225mW_90C,k4/k2@3.25,-2.174,0.051,dimensionless,"5 repeats, the bar on the mean at the two-sided 95 per cent t-factor 2.776","this fit predicts -2.36304 at the same window, so the pull is +10.36. The statistic is compared against its own forward prediction and is not an estimator of an untruncated cumulant",DIAGNOSTIC
T_4207_225mW_90C,k5/k3@3.25,,,,"admitted on having a population moment, never on signal-to-noise (O17)","the denominator changes sign in 2 of 5 repeats, so the ratio has no population moment",ARTIFACT
T_4207_225mW_90C,k6/k4@3.25,-10.78,0.31,dimensionless,"5 repeats, the bar on the mean at the two-sided 95 per cent t-factor 2.776","this fit predicts -11.772 at the same window, so the pull is +8.92. The statistic is compared against its own forward prediction and is not an estimator of an untruncated cumulant",DIAGNOSTIC
T_4207_225mW_90C,k7/k5@3.25,,,,"admitted on having a population moment, never on signal-to-noise (O17)","the denominator changes sign in 2 of 5 repeats, so the ratio has no population moment",ARTIFACT
T_4207_225mW_90C,k4/k2@6,-1.60,0.21,dimensionless,"5 repeats, the bar on the mean at the two-sided 95 per cent t-factor 2.776","this fit predicts -2.11233 at the same window, so the pull is +6.91. The statistic is compared against its own forward prediction and is not an estimator of an untruncated cumulant",DIAGNOSTIC
T_4207_225mW_90C,k5/k3@6,,,,"admitted on having a population moment, never on signal-to-noise (O17)","the denominator changes sign in 2 of 5 repeats, so the ratio has no population moment",ARTIFACT
T_4207_225mW_90C,k6/k4@6,20.0,5.1,dimensionless,"5 repeats, the bar on the mean at the two-sided 95 per cent t-factor 2.776","this fit predicts 5.72038 at the same window, so the pull is +7.82. The statistic is compared against its own forward prediction and is not an estimator of an untruncated cumulant",DIAGNOSTIC
T_4207_225mW_90C,k7/k5@6,,,,"admitted on having a population moment, never on signal-to-noise (O17)","the denominator changes sign in 2 of 5 repeats, so the ratio has no population moment",ARTIFACT
T_4207_225mW_90C,k4/k2@12,16.49,0.31,dimensionless,"5 repeats, the bar on the mean at the two-sided 95 per cent t-factor 2.776","this fit predicts 15.4131 at the same window, so the pull is +9.60. The statistic is compared against its own forward prediction and is not an estimator of an untruncated cumulant",DIAGNOSTIC
T_4207_225mW_90C,k5/k3@12,-39,140,dimensionless,"5 repeats, the bar on the mean at the two-sided 95 per cent t-factor 2.776","this fit predicts -80.7473 at the same window, so the pull is +0.81. The statistic is compared against its own forward prediction and is not an estimator of an untruncated cumulant",DIAGNOSTIC
T_4207_225mW_90C,k6/k4@12,-63.7,2.9,dimensionless,"5 repeats, the bar on the mean at the two-sided 95 per cent t-factor 2.776","this fit predicts -74.8692 at the same window, so the pull is +10.57. The statistic is compared against its own forward prediction and is not an estimator of an untruncated cumulant",DIAGNOSTIC
T_4207_225mW_90C,k7/k5@12,,,,"admitted on having a population moment, never on signal-to-noise (O17)","the denominator changes sign in 2 of 5 repeats, so the ratio has no population moment",ARTIFACT
T_4207_225mW_110C,k2@12,13.73,0.12,MHz^n,"5 repeats, the bar on the mean at the two-sided 95 per cent t-factor 2.776","this fit predicts 13.9955 at the same window, so the pull is -6.04. The statistic is compared against its own forward prediction and is not an estimator of an untruncated cumulant",DIAGNOSTIC
T_4207_225mW_110C,k2@3.25,2.6759,0.0058,MHz^n,"5 repeats, the bar on the mean at the two-sided 95 per cent t-factor 2.776","this fit predicts 2.67369 at the same window, so the pull is +1.08. The statistic is compared against its own forward prediction and is not an estimator of an untruncated cumulant",DIAGNOSTIC
T_4207_225mW_110C,k2@6,6.331,0.021,MHz^n,"5 repeats, the bar on the mean at the two-sided 95 per cent t-factor 2.776","this fit predicts 6.29718 at the same window, so the pull is +4.46. The statistic is compared against its own forward prediction and is not an estimator of an untruncated cumulant",DIAGNOSTIC
T_4207_225mW_110C,k3@12,0.12,0.92,MHz^n,"5 repeats, the bar on the mean at the two-sided 95 per cent t-factor 2.776","this fit predicts 0.000234175 at the same window, so the pull is +0.36. The statistic is compared against its own forward prediction and is not an estimator of an untruncated cumulant",DIAGNOSTIC
T_4207_225mW_110C,k3@3.25,0.0025,0.0096,MHz^n,"5 repeats, the bar on the mean at the two-sided 95 per cent t-factor 2.776","this fit predicts 2.4671e-05 at the same window, so the pull is +0.73. The statistic is compared against its own forward prediction and is not an estimator of an untruncated cumulant",DIAGNOSTIC
T_4207_225mW_110C,k3@6,0.00,0.18,MHz^n,"5 repeats, the bar on the mean at the two-sided 95 per cent t-factor 2.776","this fit predicts 0.000120551 at the same window, so the pull is +0.02. The statistic is compared against its own forward prediction and is not an estimator of an untruncated cumulant",DIAGNOSTIC
T_4207_225mW_110C,k4@12,205.0,4.8,MHz^n,"5 repeats, the bar on the mean at the two-sided 95 per cent t-factor 2.776","this fit predicts 213.842 at the same window, so the pull is -5.14. The statistic is compared against its own forward prediction and is not an estimator of an untruncated cumulant",DIAGNOSTIC
T_4207_225mW_110C,k4@3.25,-6.353,0.076,MHz^n,"5 repeats, the bar on the mean at the two-sided 95 per cent t-factor 2.776","this fit predicts -6.35481 at the same window, so the pull is +0.08. The statistic is compared against its own forward prediction and is not an estimator of an untruncated cumulant",DIAGNOSTIC
T_4207_225mW_110C,k4@6,-14.24,0.28,MHz^n,"5 repeats, the bar on the mean at the two-sided 95 per cent t-factor 2.776","this fit predicts -13.6227 at the same window, so the pull is -6.22. The statistic is compared against its own forward prediction and is not an estimator of an untruncated cumulant",DIAGNOSTIC
T_4207_225mW_110C,k5@12,12,33,MHz^n,"5 repeats, the bar on the mean at the two-sided 95 per cent t-factor 2.776","this fit predicts -0.018822 at the same window, so the pull is +1.03. The statistic is compared against its own forward prediction and is not an estimator of an untruncated cumulant",DIAGNOSTIC
T_4207_225mW_110C,k5@3.25,0.01,0.19,MHz^n,"5 repeats, the bar on the mean at the two-sided 95 per cent t-factor 2.776","this fit predicts -0.000409541 at the same window, so the pull is +0.12. The statistic is compared against its own forward prediction and is not an estimator of an untruncated cumulant",DIAGNOSTIC
T_4207_225mW_110C,k5@6,0.1,4.6,MHz^n,"5 repeats, the bar on the mean at the two-sided 95 per cent t-factor 2.776","this fit predicts -0.00444158 at the same window, so the pull is +0.09. The statistic is compared against its own forward prediction and is not an estimator of an untruncated cumulant",DIAGNOSTIC
T_4207_225mW_110C,k6@12,-14563,600,MHz^n,"5 repeats, the bar on the mean at the two-sided 95 per cent t-factor 2.776","this fit predicts -16146.1 at the same window, so the pull is +7.30. The statistic is compared against its own forward prediction and is not an estimator of an untruncated cumulant",DIAGNOSTIC
T_4207_225mW_110C,k6@3.25,75.0,1.7,MHz^n,"5 repeats, the bar on the mean at the two-sided 95 per cent t-factor 2.776","this fit predicts 75.2404 at the same window, so the pull is -0.36. The statistic is compared against its own forward prediction and is not an estimator of an untruncated cumulant",DIAGNOSTIC
T_4207_225mW_110C,k6@6,-48,11,MHz^n,"5 repeats, the bar on the mean at the two-sided 95 per cent t-factor 2.776","this fit predicts -64.9094 at the same window, so the pull is +4.34. The statistic is compared against its own forward prediction and is not an estimator of an untruncated cumulant",DIAGNOSTIC
T_4207_225mW_110C,k7@12,-2350,7700,MHz^n,"5 repeats, the bar on the mean at the two-sided 95 per cent t-factor 2.776","this fit predicts 0.0296849 at the same window, so the pull is -0.85. The statistic is compared against its own forward prediction and is not an estimator of an untruncated cumulant",DIAGNOSTIC
T_4207_225mW_110C,k7@3.25,-0.7,5.9,MHz^n,"5 repeats, the bar on the mean at the two-sided 95 per cent t-factor 2.776","this fit predicts 0.0122527 at the same window, so the pull is -0.35. The statistic is compared against its own forward prediction and is not an estimator of an untruncated cumulant",DIAGNOSTIC
T_4207_225mW_110C,k7@6,-13,180,MHz^n,"5 repeats, the bar on the mean at the two-sided 95 per cent t-factor 2.776","this fit predicts 0.224778 at the same window, so the pull is -0.20. The statistic is compared against its own forward prediction and is not an estimator of an untruncated cumulant",DIAGNOSTIC
T_4207_225mW_110C,k4/k2@3.25,-2.374,0.024,dimensionless,"5 repeats, the bar on the mean at the two-sided 95 per cent t-factor 2.776","this fit predicts -2.3768 at the same window, so the pull is +0.33. The statistic is compared against its own forward prediction and is not an estimator of an untruncated cumulant",DIAGNOSTIC
T_4207_225mW_110C,k5/k3@3.25,,,,"admitted on having a population moment, never on signal-to-noise (O17)","the denominator changes sign in 2 of 5 repeats, so the ratio has no population moment",ARTIFACT
T_4207_225mW_110C,k6/k4@3.25,-11.81,0.13,dimensionless,"5 repeats, the bar on the mean at the two-sided 95 per cent t-factor 2.776","this fit predicts -11.8399 at the same window, so the pull is +0.71. The statistic is compared against its own forward prediction and is not an estimator of an untruncated cumulant",DIAGNOSTIC
T_4207_225mW_110C,k7/k5@3.25,,,,"admitted on having a population moment, never on signal-to-noise (O17)","the denominator changes sign in 2 of 5 repeats, so the ratio has no population moment",ARTIFACT
T_4207_225mW_110C,k4/k2@6,-2.250,0.039,dimensionless,"5 repeats, the bar on the mean at the two-sided 95 per cent t-factor 2.776","this fit predicts -2.1633 at the same window, so the pull is -6.23. The statistic is compared against its own forward prediction and is not an estimator of an untruncated cumulant",DIAGNOSTIC
T_4207_225mW_110C,k5/k3@6,,,,"admitted on having a population moment, never on signal-to-noise (O17)","the denominator changes sign in 2 of 5 repeats, so the ratio has no population moment",ARTIFACT
T_4207_225mW_110C,k6/k4@6,3.39,0.80,dimensionless,"5 repeats, the bar on the mean at the two-sided 95 per cent t-factor 2.776","this fit predicts 4.76481 at the same window, so the pull is -4.77. The statistic is compared against its own forward prediction and is not an estimator of an untruncated cumulant",DIAGNOSTIC
T_4207_225mW_110C,k7/k5@6,,,,"admitted on having a population moment, never on signal-to-noise (O17)","the denominator changes sign in 2 of 5 repeats, so the ratio has no population moment",ARTIFACT
T_4207_225mW_110C,k4/k2@12,14.93,0.33,dimensionless,"5 repeats, the bar on the mean at the two-sided 95 per cent t-factor 2.776","this fit predicts 15.2793 at the same window, so the pull is -2.91. The statistic is compared against its own forward prediction and is not an estimator of an untruncated cumulant",DIAGNOSTIC
T_4207_225mW_110C,k5/k3@12,,,,"admitted on having a population moment, never on signal-to-noise (O17)","the denominator changes sign in 2 of 5 repeats, so the ratio has no population moment",ARTIFACT
T_4207_225mW_110C,k6/k4@12,-71.1,2.5,dimensionless,"5 repeats, the bar on the mean at the two-sided 95 per cent t-factor 2.776","this fit predicts -75.5049 at the same window, so the pull is +4.88. The statistic is compared against its own forward prediction and is not an estimator of an untruncated cumulant",DIAGNOSTIC
T_4207_225mW_110C,k7/k5@12,,,,"admitted on having a population moment, never on signal-to-noise (O17)","the denominator changes sign in 1 of 5 repeats, so the ratio has no population moment",ARTIFACT
k3_vs_P_P_4121_130C,slope_data_minus_model,0.00157,0.00037,MHz^3 per mW,"5 power rungs at one temperature, the bar from the rungs' own repeat spreads","data slope 0.001571 against this fit's 6.026e-07, a difference of +4.2 of its own bar. The transit is the only term carrying an odd power of the waist, so a slope mismatch here is a waist statement and an even order's is not -- BUT read the four peaks together before reading any one of them: they share the physics, so slopes that disagree in SIGN across them are scatter and not a channel, whatever each one's own bar says",DIAGNOSTIC
k3_vs_P_P_4154_130C,slope_data_minus_model,-0.00074,0.00041,MHz^3 per mW,"5 power rungs at one temperature, the bar from the rungs' own repeat spreads","data slope -0.0007437 against this fit's 6.24e-07, a difference of -1.8 of its own bar. The transit is the only term carrying an odd power of the waist, so a slope mismatch here is a waist statement and an even order's is not -- BUT read the four peaks together before reading any one of them: they share the physics, so slopes that disagree in SIGN across them are scatter and not a channel, whatever each one's own bar says",DIAGNOSTIC
k3_vs_P_P_4192_130C,slope_data_minus_model,-0.00017,0.00028,MHz^3 per mW,"5 power rungs at one temperature, the bar from the rungs' own repeat spreads","data slope -0.0001692 against this fit's 6.039e-07, a difference of -0.6 of its own bar. The transit is the only term carrying an odd power of the waist, so a slope mismatch here is a waist statement and an even order's is not -- BUT read the four peaks together before reading any one of them: they share the physics, so slopes that disagree in SIGN across them are scatter and not a channel, whatever each one's own bar says",DIAGNOSTIC
k3_vs_P_P_4207_130C,slope_data_minus_model,0.00195,0.00034,MHz^3 per mW,"5 power rungs at one temperature, the bar from the rungs' own repeat spreads","data slope 0.001954 against this fit's 6.207e-07, a difference of +5.8 of its own bar. The transit is the only term carrying an odd power of the waist, so a slope mismatch here is a waist statement and an even order's is not -- BUT read the four peaks together before reading any one of them: they share the physics, so slopes that disagree in SIGN across them are scatter and not a channel, whatever each one's own bar says",DIAGNOSTIC
moment_refusal_P,exceedance_fraction,0.2923,,fraction,"145 of 496 admitted statistics clear their own two-sided 95 per cent t-point (2.776 at 4 dof), at w0=64 um","expectation 0.05 under a correct model at ANY number of repeats. Over the 271 statistics whose own model prediction clears three times their bar -- the only ones this test can fail -- it is 0.402, and the rest are dead channels that can only near-pass. Clustered on the 20 conditions, the fraction carries sd 0.0374, so it sits +6.5 sigma from 0.05. REFUSED: the model does not describe this session's higher moments at this waist. The sigma above is CLUSTER-ROBUST on condition and needs no independence assumption between the statistics of one condition, which is what the sentence retracted here -- that no p-value could be quoted -- had mistaken for an obstacle.",DIAGNOSTIC
moment_refusal_P,mean_square_pull,13.37,,dimensionless,496 admitted statistics at w0=64 um,"a DIAGNOSTIC and not a test. Its expectation is nu/(nu-2) = 2 at 4 degrees of freedom and NOT one, and its variance does not exist below five degrees of freedom, so no sigma may be taken from it. The exceedance row above is the test",DIAGNOSTIC
moment_refusal_T,exceedance_fraction,0.3675,,fraction,"111 of 302 admitted statistics clear their own two-sided 95 per cent t-point (2.776 at 4 dof), at w0=64 um","expectation 0.05 under a correct model at ANY number of repeats. Over the 186 statistics whose own model prediction clears three times their bar -- the only ones this test can fail -- it is 0.505, and the rest are dead channels that can only near-pass. Clustered on the 12 conditions, the fraction carries sd 0.0562, so it sits +5.7 sigma from 0.05. REFUSED: the model does not describe this session's higher moments at this waist. The sigma above is CLUSTER-ROBUST on condition and needs no independence assumption between the statistics of one condition, which is what the sentence retracted here -- that no p-value could be quoted -- had mistaken for an obstacle.",DIAGNOSTIC
moment_refusal_T,mean_square_pull,20.46,,dimensionless,302 admitted statistics at w0=64 um,"a DIAGNOSTIC and not a test. Its expectation is nu/(nu-2) = 2 at 4 degrees of freedom and NOT one, and its variance does not exist below five degrees of freedom, so no sigma may be taken from it. The exceedance row above is the test",DIAGNOSTIC
