row_kind,sessions,sigma_l_arm,power_scale_arm,form,m2,depletion_cycles,propagation,peak,w0_um,w0_err_parabola_um,bound_kind,w0_bound95_um,w0_lo_um,w0_hi_um,w0_lo_overdispersed_um,w0_hi_overdispersed_um,w0_shift_um,chi2,dchi2,chi2_red,n_eff,n_traces,start_spread_chi2,chi2_red_by_session,session_verdicts,nfev,beta_rel,beta_rel_err_hessian,sigma_l_shared,sigma_l_shared_err_hessian,sigma_l_P,sigma_l_P_err_hessian,sigma_l_T,sigma_l_T_err_hessian,sigma_l_E,sigma_l_E_err_hessian,sigma_l_M,sigma_l_M_err_hessian,sigma_l_Q,sigma_l_Q_err_hessian,omega_scale,omega_scale_err_hessian,gamma_l,gamma_l_err_hessian,lograte_E_4121,lograte_E_4121_err_hessian,lograte_E_4154,lograte_E_4154_err_hessian,lograte_E_4192,lograte_E_4192_err_hessian,lograte_E_4207,lograte_E_4207_err_hessian,power_scale_P,power_scale_P_err_hessian,power_scale_T,power_scale_T_err_hessian,power_scale_E,power_scale_E_err_hessian,power_scale_M,power_scale_M_err_hessian,power_scale_Q,power_scale_Q_err_hessian,beta_khz_per_1e12,beta_err_khz_hessian,beta_pull_vs_theory_hessian,beta_fixed_rel,dchi2_beta_0,dchi2_beta_theory,dchi2_beta_5x,dchi2_beta_20x,beta_profile_1sigma_hi_khz,beta_profile_ub95_khz,omega_scale_pull,s0_225_mhz,omega_225_mhz,transit_130_mhz,transit_130_depleted_mhz,z_ratio,licensed,w0_licence_edge_um,power_ratio_pred,power_ratio_pred_fitted_omega,power_ratio_meas,power_ratio_bar,power_arm_pull,power_arm_refused,power_arm_pooled_pull,power_arm_pooled_refused,power_lo_w,power_hi_w,width_slope_per_w,width_slope_err_lsq_per_w,width_slope_sign,noise_a_v,noise_b_v,noise_tau_int,at_bound,seconds,note,status
grid,PT,session,False,gaussian,1,0,,,40,,,,,,,,,76000,86,0.90,86000,159,0.027,P:0.905 T:0.885,"P:WING-LAW(core +0, wing -18) T:WING-LAW(core -5, wing -12)",240,1.402,0.034,,,0.2001,0.0075,0.43,0.13,,,,,,,0.025,0.031,0,,,,,,,,,,,,,,,,,,,,4.90,0.12,3.6,,610,90,10000,200000,4.9,4.9,-4.9,0.92,0.029,1.5,1.5,0.67,False,40,1.0841,1.0075,0.9956,0.0188,4.7,True,4.7,True,,,,,,,,,sigma_l_P,820,"the whitened profile likelihood over 159 traces of sessions PT at this waist with beta_self, the laser widths (session), the Omega scale (prior 1 +- 0.2) refit from 2 starts, gamma_l pinned at zero, Delta_alpha pinned at -1131.8 a.u. and rho at 0.94, the density law Steck, the collection window on at z_ratio 0.667 (M2 1), depletion at 0 cycles through companion_transit_mhz (transit at 130 C 1.5320 to 1.5320 MHz). the _err_hessian bars are conditional, every other parameter pinned, at a bound: sigma_l_P. the dchi2_beta columns are the beta profile, chi2 with beta pinned at 0, theory, 5x and 20x theory and everything else refit, above the free minimum. the power-arm check reads the model's width ratio across each session's ladder at the TIED Omega (scale 1) with everything else fitted: P against the archive's 0.9956 +- 0.0188, refused at pull +4.72, pooled over 1 sessions refused at pull +4.72. centres profiled per trace and re-profiled after each inner fit, outer passes [1, 1], last centre move 0.011 MHz",DIAGNOSTIC
beta_profile,PT,session,False,gaussian,1,0,,,40,,,,,,,,,77000,610,0.90,86000,159,0.027,P:0.905 T:0.885,"P:WING-LAW(core +0, wing -18) T:WING-LAW(core -5, wing -12)",240,0,,,,0.70,,0.20,,,,,,,,0.42,,0,,,,,,,,,,,,,,,,,,,,0,,,0,,,,,,,-2.9,0.92,0.48,1.5,1.5,0.67,False,40,,,0.9956,0.0188,,False,,False,,,,,,,,,,820,"beta_self pinned at 0 times theory (0.00 kHz per 1e12 cm^-3) with everything else refit warm from the free minimum at this waist: dchi2 is against the free minimum, and the dchi2_beta columns of the grid row read every point against the lowest of the free and the fixed fits. the summary reads the profile these rows make and never a Hessian bar at a rail",DIAGNOSTIC
beta_profile,PT,session,False,gaussian,1,0,,,40,,,,,,,,,77000,90,0.90,86000,159,0.027,P:0.905 T:0.885,"P:WING-LAW(core +0, wing -18) T:WING-LAW(core -5, wing -12)",240,1.0,,,,0.37,,0.36,,,,,,,,0.19,,0,,,,,,,,,,,,,,,,,,,,3.5,,,1.0,,,,,,,-4.1,0.92,0.22,1.5,1.5,0.67,False,40,,,0.9956,0.0188,,False,,False,,,,,,,,,,820,"beta_self pinned at 1 times theory (3.50 kHz per 1e12 cm^-3) with everything else refit warm from the free minimum at this waist: dchi2 is against the free minimum, and the dchi2_beta columns of the grid row read every point against the lowest of the free and the fixed fits. the summary reads the profile these rows make and never a Hessian bar at a rail",DIAGNOSTIC
beta_profile,PT,session,False,gaussian,1,0,,,40,,,,,,,,,87000,10000,0.90,86000,159,0.027,P:0.905 T:0.885,"P:WING-LAW(core +0, wing -18) T:WING-LAW(core -5, wing -12)",240,5.0,,,,0.20,,0.28,,,,,,,,0.0012,,0,,,,,,,,,,,,,,,,,,,,17,,,5.0,,,,,,,-5.0,0.92,0.0014,1.5,1.5,0.67,False,40,,,0.9956,0.0188,,False,,False,,,,,,,,,,820,"beta_self pinned at 5 times theory (17.49 kHz per 1e12 cm^-3) with everything else refit warm from the free minimum at this waist: dchi2 is against the free minimum, and the dchi2_beta columns of the grid row read every point against the lowest of the free and the fixed fits. the summary reads the profile these rows make and never a Hessian bar at a rail",DIAGNOSTIC
beta_profile,PT,session,False,gaussian,1,0,,,40,,,,,,,,,280000,200000,0.90,86000,159,0.027,P:0.905 T:0.885,"P:WING-LAW(core +0, wing -18) T:WING-LAW(core -5, wing -12)",240,20,,,,0.20,,0.20,,,,,,,,0.00030,,0,,,,,,,,,,,,,,,,,,,,70,,,20,,,,,,,-5.0,0.92,0.00034,1.5,1.5,0.67,False,40,,,0.9956,0.0188,,False,,False,,,,,,,,,,820,"beta_self pinned at 20 times theory (69.94 kHz per 1e12 cm^-3) with everything else refit warm from the free minimum at this waist: dchi2 is against the free minimum, and the dchi2_beta columns of the grid row read every point against the lowest of the free and the fixed fits. the summary reads the profile these rows make and never a Hessian bar at a rail",DIAGNOSTIC
grid,PT,session,False,gaussian,1,0,,,42,,,,,,,,,76000,0,0.90,86000,159,0.22,P:0.901 T:0.886,"P:WING-LAW(core -0, wing -19) T:WING-LAW(core -5, wing -12)",138,2.095,0.034,,,0.466,0.031,0.913,0.054,,,,,,,0.071,0.042,0,,,,,,,,,,,,,,,,,,,,7.33,0.12,9.8,,860,260,6000,190000,7.3,7.3,-4.6,0.84,0.074,1.5,1.5,0.60,True,40,1.0695,1.0065,0.9956,0.0188,3.9,True,3.9,True,,,,,,,,,,300,"the whitened profile likelihood over 159 traces of sessions PT at this waist with beta_self, the laser widths (session), the Omega scale (prior 1 +- 0.2) refit from 2 starts, gamma_l pinned at zero, Delta_alpha pinned at -1131.8 a.u. and rho at 0.94, the density law Steck, the collection window on at z_ratio 0.605 (M2 1), depletion at 0 cycles through companion_transit_mhz (transit at 130 C 1.4590 to 1.4590 MHz). the _err_hessian bars are conditional, every other parameter pinned. the dchi2_beta columns are the beta profile, chi2 with beta pinned at 0, theory, 5x and 20x theory and everything else refit, above the free minimum. the power-arm check reads the model's width ratio across each session's ladder at the TIED Omega (scale 1) with everything else fitted: P against the archive's 0.9956 +- 0.0188, refused at pull +3.94, pooled over 1 sessions refused at pull +3.94. centres profiled per trace and re-profiled after each inner fit, outer passes [1, 1], last centre move 0.009 MHz",DIAGNOSTIC
beta_profile,PT,session,False,gaussian,1,0,,,42,,,,,,,,,77000,860,0.90,86000,159,0.22,P:0.901 T:0.886,"P:WING-LAW(core -0, wing -19) T:WING-LAW(core -5, wing -12)",138,0,,,,0.99,,0.41,,,,,,,,0.60,,0,,,,,,,,,,,,,,,,,,,,0,,,0,,,,,,,-2.0,0.84,0.63,1.5,1.5,0.60,True,40,,,0.9956,0.0188,,False,,False,,,,,,,,,,300,"beta_self pinned at 0 times theory (0.00 kHz per 1e12 cm^-3) with everything else refit warm from the free minimum at this waist: dchi2 is against the free minimum, and the dchi2_beta columns of the grid row read every point against the lowest of the free and the fixed fits. the summary reads the profile these rows make and never a Hessian bar at a rail",DIAGNOSTIC
beta_profile,PT,session,False,gaussian,1,0,,,42,,,,,,,,,77000,260,0.90,86000,159,0.22,P:0.901 T:0.886,"P:WING-LAW(core -0, wing -19) T:WING-LAW(core -5, wing -12)",138,1.0,,,,0.82,,0.74,,,,,,,,0.41,,0,,,,,,,,,,,,,,,,,,,,3.5,,,1.0,,,,,,,-3.0,0.84,0.42,1.5,1.5,0.60,True,40,,,0.9956,0.0188,,False,,False,,,,,,,,,,300,"beta_self pinned at 1 times theory (3.50 kHz per 1e12 cm^-3) with everything else refit warm from the free minimum at this waist: dchi2 is against the free minimum, and the dchi2_beta columns of the grid row read every point against the lowest of the free and the fixed fits. the summary reads the profile these rows make and never a Hessian bar at a rail",DIAGNOSTIC
beta_profile,PT,session,False,gaussian,1,0,,,42,,,,,,,,,82000,6000,0.90,86000,159,0.22,P:0.901 T:0.886,"P:WING-LAW(core -0, wing -19) T:WING-LAW(core -5, wing -12)",138,5.0,,,,0.20,,0.66,,,,,,,,0.0029,,0,,,,,,,,,,,,,,,,,,,,17,,,5.0,,,,,,,-5.0,0.84,0.0030,1.5,1.5,0.60,True,40,,,0.9956,0.0188,,False,,False,,,,,,,,,,300,"beta_self pinned at 5 times theory (17.49 kHz per 1e12 cm^-3) with everything else refit warm from the free minimum at this waist: dchi2 is against the free minimum, and the dchi2_beta columns of the grid row read every point against the lowest of the free and the fixed fits. the summary reads the profile these rows make and never a Hessian bar at a rail",DIAGNOSTIC
beta_profile,PT,session,False,gaussian,1,0,,,42,,,,,,,,,260000,190000,0.90,86000,159,0.22,P:0.901 T:0.886,"P:WING-LAW(core -0, wing -19) T:WING-LAW(core -5, wing -12)",138,20,,,,0.20,,0.22,,,,,,,,0.00077,,0,,,,,,,,,,,,,,,,,,,,70,,,20,,,,,,,-5.0,0.84,0.00080,1.5,1.5,0.60,True,40,,,0.9956,0.0188,,False,,False,,,,,,,,,,300,"beta_self pinned at 20 times theory (69.94 kHz per 1e12 cm^-3) with everything else refit warm from the free minimum at this waist: dchi2 is against the free minimum, and the dchi2_beta columns of the grid row read every point against the lowest of the free and the fixed fits. the summary reads the profile these rows make and never a Hessian bar at a rail",DIAGNOSTIC
grid,PT,session,False,gaussian,1,0,,,44,,,,,,,,,76000,36,0.90,86000,159,0.043,P:0.901 T:0.886,"P:WING-LAW(core -0, wing -19) T:WING-LAW(core -5, wing -12)",138,2.425,0.034,,,0.792,0.019,1.180,0.041,,,,,,,0.187,0.031,0,,,,,,,,,,,,,,,,,,,,8.48,0.12,13,,1000,360,3300,180000,8.5,8.5,-4.1,0.76,0.18,1.4,1.4,0.55,True,40,1.0572,1.0069,0.9956,0.0188,3.3,True,3.3,True,,,,,,,,,,200,"the whitened profile likelihood over 159 traces of sessions PT at this waist with beta_self, the laser widths (session), the Omega scale (prior 1 +- 0.2) refit from 2 starts, gamma_l pinned at zero, Delta_alpha pinned at -1131.8 a.u. and rho at 0.94, the density law Steck, the collection window on at z_ratio 0.551 (M2 1), depletion at 0 cycles through companion_transit_mhz (transit at 130 C 1.3927 to 1.3927 MHz). the _err_hessian bars are conditional, every other parameter pinned. the dchi2_beta columns are the beta profile, chi2 with beta pinned at 0, theory, 5x and 20x theory and everything else refit, above the free minimum. the power-arm check reads the model's width ratio across each session's ladder at the TIED Omega (scale 1) with everything else fitted: P against the archive's 0.9956 +- 0.0188, refused at pull +3.29, pooled over 1 sessions refused at pull +3.29. centres profiled per trace and re-profiled after each inner fit, outer passes [1, 1], last centre move 0.006 MHz",DIAGNOSTIC
beta_profile,PT,session,False,gaussian,1,0,,,44,,,,,,,,,77000,1000,0.90,86000,159,0.043,P:0.901 T:0.886,"P:WING-LAW(core -0, wing -19) T:WING-LAW(core -5, wing -12)",138,0,,,,1.2,,0.73,,,,,,,,0.76,,0,,,,,,,,,,,,,,,,,,,,0,,,0,,,,,,,-1.2,0.76,0.72,1.4,1.4,0.55,True,40,,,0.9956,0.0188,,False,,False,,,,,,,,,,200,"beta_self pinned at 0 times theory (0.00 kHz per 1e12 cm^-3) with everything else refit warm from the free minimum at this waist: dchi2 is against the free minimum, and the dchi2_beta columns of the grid row read every point against the lowest of the free and the fixed fits. the summary reads the profile these rows make and never a Hessian bar at a rail",DIAGNOSTIC
beta_profile,PT,session,False,gaussian,1,0,,,44,,,,,,,,,77000,360,0.90,86000,159,0.043,P:0.901 T:0.886,"P:WING-LAW(core -0, wing -19) T:WING-LAW(core -5, wing -12)",138,1.0,,,,1.1,,0.96,,,,,,,,0.58,,0,,,,,,,,,,,,,,,,,,,,3.5,,,1.0,,,,,,,-2.1,0.76,0.55,1.4,1.4,0.55,True,40,,,0.9956,0.0188,,False,,False,,,,,,,,,,200,"beta_self pinned at 1 times theory (3.50 kHz per 1e12 cm^-3) with everything else refit warm from the free minimum at this waist: dchi2 is against the free minimum, and the dchi2_beta columns of the grid row read every point against the lowest of the free and the fixed fits. the summary reads the profile these rows make and never a Hessian bar at a rail",DIAGNOSTIC
beta_profile,PT,session,False,gaussian,1,0,,,44,,,,,,,,,80000,3300,0.90,86000,159,0.043,P:0.901 T:0.886,"P:WING-LAW(core -0, wing -19) T:WING-LAW(core -5, wing -12)",138,5.0,,,,0.20,,1.0,,,,,,,,0.0044,,0,,,,,,,,,,,,,,,,,,,,17,,,5.0,,,,,,,-5.0,0.76,0.0042,1.4,1.4,0.55,True,40,,,0.9956,0.0188,,False,,False,,,,,,,,,,200,"beta_self pinned at 5 times theory (17.49 kHz per 1e12 cm^-3) with everything else refit warm from the free minimum at this waist: dchi2 is against the free minimum, and the dchi2_beta columns of the grid row read every point against the lowest of the free and the fixed fits. the summary reads the profile these rows make and never a Hessian bar at a rail",DIAGNOSTIC
beta_profile,PT,session,False,gaussian,1,0,,,44,,,,,,,,,250000,180000,0.90,86000,159,0.043,P:0.901 T:0.886,"P:WING-LAW(core -0, wing -19) T:WING-LAW(core -5, wing -12)",138,20,,,,0.20,,0.35,,,,,,,,0.0022,,0,,,,,,,,,,,,,,,,,,,,70,,,20,,,,,,,-5.0,0.76,0.0021,1.4,1.4,0.55,True,40,,,0.9956,0.0188,,False,,False,,,,,,,,,,200,"beta_self pinned at 20 times theory (69.94 kHz per 1e12 cm^-3) with everything else refit warm from the free minimum at this waist: dchi2 is against the free minimum, and the dchi2_beta columns of the grid row read every point against the lowest of the free and the fixed fits. the summary reads the profile these rows make and never a Hessian bar at a rail",DIAGNOSTIC
grid,PT,session,False,gaussian,1,0,,,46,,,,,,,,,76000,120,0.90,86000,159,0.033,P:0.901 T:0.886,"P:WING-LAW(core +0, wing -19) T:WING-LAW(core -5, wing -12)",102,2.618,0.034,,,1.030,0.016,1.374,0.036,,,,,,,0.303,0.024,0,,,,,,,,,,,,,,,,,,,,9.16,0.12,14,,1200,460,1800,160000,9.2,9.2,-3.5,0.70,0.26,1.3,1.3,0.50,True,40,1.0473,1.0081,0.9956,0.0188,2.8,True,2.8,True,,,,,,,,,,370,"the whitened profile likelihood over 159 traces of sessions PT at this waist with beta_self, the laser widths (session), the Omega scale (prior 1 +- 0.2) refit from 2 starts, gamma_l pinned at zero, Delta_alpha pinned at -1131.8 a.u. and rho at 0.94, the density law Steck, the collection window on at z_ratio 0.504 (M2 1), depletion at 0 cycles through companion_transit_mhz (transit at 130 C 1.3321 to 1.3321 MHz). the _err_hessian bars are conditional, every other parameter pinned. the dchi2_beta columns are the beta profile, chi2 with beta pinned at 0, theory, 5x and 20x theory and everything else refit, above the free minimum. the power-arm check reads the model's width ratio across each session's ladder at the TIED Omega (scale 1) with everything else fitted: P against the archive's 0.9956 +- 0.0188, refused at pull +2.76, pooled over 1 sessions refused at pull +2.76. centres profiled per trace and re-profiled after each inner fit, outer passes [1, 1], last centre move 0.004 MHz",DIAGNOSTIC
beta_profile,PT,session,False,gaussian,1,0,,,46,,,,,,,,,78000,1200,0.90,86000,159,0.033,P:0.901 T:0.886,"P:WING-LAW(core +0, wing -19) T:WING-LAW(core -5, wing -12)",102,0,,,,1.4,,0.95,,,,,,,,0.91,,0,,,,,,,,,,,,,,,,,,,,0,,,0,,,,,,,-0.46,0.70,0.79,1.3,1.3,0.50,True,40,,,0.9956,0.0188,,False,,False,,,,,,,,,,370,"beta_self pinned at 0 times theory (0.00 kHz per 1e12 cm^-3) with everything else refit warm from the free minimum at this waist: dchi2 is against the free minimum, and the dchi2_beta columns of the grid row read every point against the lowest of the free and the fixed fits. the summary reads the profile these rows make and never a Hessian bar at a rail",DIAGNOSTIC
beta_profile,PT,session,False,gaussian,1,0,,,46,,,,,,,,,77000,460,0.90,86000,159,0.033,P:0.901 T:0.886,"P:WING-LAW(core +0, wing -19) T:WING-LAW(core -5, wing -12)",102,1.0,,,,1.3,,1.1,,,,,,,,0.73,,0,,,,,,,,,,,,,,,,,,,,3.5,,,1.0,,,,,,,-1.4,0.70,0.63,1.3,1.3,0.50,True,40,,,0.9956,0.0188,,False,,False,,,,,,,,,,370,"beta_self pinned at 1 times theory (3.50 kHz per 1e12 cm^-3) with everything else refit warm from the free minimum at this waist: dchi2 is against the free minimum, and the dchi2_beta columns of the grid row read every point against the lowest of the free and the fixed fits. the summary reads the profile these rows make and never a Hessian bar at a rail",DIAGNOSTIC
beta_profile,PT,session,False,gaussian,1,0,,,46,,,,,,,,,78000,1800,0.90,86000,159,0.033,P:0.901 T:0.886,"P:WING-LAW(core +0, wing -19) T:WING-LAW(core -5, wing -12)",102,5.0,,,,0.20,,1.3,,,,,,,,0.0085,,0,,,,,,,,,,,,,,,,,,,,17,,,5.0,,,,,,,-5.0,0.70,0.0074,1.3,1.3,0.50,True,40,,,0.9956,0.0188,,False,,False,,,,,,,,,,370,"beta_self pinned at 5 times theory (17.49 kHz per 1e12 cm^-3) with everything else refit warm from the free minimum at this waist: dchi2 is against the free minimum, and the dchi2_beta columns of the grid row read every point against the lowest of the free and the fixed fits. the summary reads the profile these rows make and never a Hessian bar at a rail",DIAGNOSTIC
beta_profile,PT,session,False,gaussian,1,0,,,46,,,,,,,,,240000,160000,0.90,86000,159,0.033,P:0.901 T:0.886,"P:WING-LAW(core +0, wing -19) T:WING-LAW(core -5, wing -12)",102,20,,,,0.20,,0.21,,,,,,,,0.00075,,0,,,,,,,,,,,,,,,,,,,,70,,,20,,,,,,,-5.0,0.70,0.00066,1.3,1.3,0.50,True,40,,,0.9956,0.0188,,False,,False,,,,,,,,,,370,"beta_self pinned at 20 times theory (69.94 kHz per 1e12 cm^-3) with everything else refit warm from the free minimum at this waist: dchi2 is against the free minimum, and the dchi2_beta columns of the grid row read every point against the lowest of the free and the fixed fits. the summary reads the profile these rows make and never a Hessian bar at a rail",DIAGNOSTIC
grid,PT,session,False,gaussian,1,0,,,48,,,,,,,,,77000,220,0.90,86000,159,0.38,P:0.902 T:0.886,"P:WING-LAW(core +1, wing -19) T:WING-LAW(core -5, wing -12)",90,2.780,0.034,,,1.191,0.013,1.515,0.033,,,,,,,0.432,0.020,0,,,,,,,,,,,,,,,,,,,,9.72,0.12,16,,1300,540,1100,160000,9.7,9.7,-2.8,0.64,0.35,1.3,1.3,0.46,True,40,1.0394,1.0100,0.9956,0.0188,2.3,True,2.3,True,,,,,,,,,,200,"the whitened profile likelihood over 159 traces of sessions PT at this waist with beta_self, the laser widths (session), the Omega scale (prior 1 +- 0.2) refit from 2 starts, gamma_l pinned at zero, Delta_alpha pinned at -1131.8 a.u. and rho at 0.94, the density law Steck, the collection window on at z_ratio 0.463 (M2 1), depletion at 0 cycles through companion_transit_mhz (transit at 130 C 1.2766 to 1.2766 MHz). the _err_hessian bars are conditional, every other parameter pinned. the dchi2_beta columns are the beta profile, chi2 with beta pinned at 0, theory, 5x and 20x theory and everything else refit, above the free minimum. the power-arm check reads the model's width ratio across each session's ladder at the TIED Omega (scale 1) with everything else fitted: P against the archive's 0.9956 +- 0.0188, refused at pull +2.34, pooled over 1 sessions refused at pull +2.34. centres profiled per trace and re-profiled after each inner fit, outer passes [1, 1], last centre move 0.008 MHz",DIAGNOSTIC
beta_profile,PT,session,False,gaussian,1,0,,,48,,,,,,,,,78000,1300,0.90,86000,159,0.38,P:0.902 T:0.886,"P:WING-LAW(core +1, wing -19) T:WING-LAW(core -5, wing -12)",90,0,,,,1.5,,1.1,,,,,,,,1.1,,0,,,,,,,,,,,,,,,,,,,,0,,,0,,,,,,,0.27,0.64,0.84,1.3,1.3,0.46,True,40,,,0.9956,0.0188,,False,,False,,,,,,,,,,200,"beta_self pinned at 0 times theory (0.00 kHz per 1e12 cm^-3) with everything else refit warm from the free minimum at this waist: dchi2 is against the free minimum, and the dchi2_beta columns of the grid row read every point against the lowest of the free and the fixed fits. the summary reads the profile these rows make and never a Hessian bar at a rail",DIAGNOSTIC
beta_profile,PT,session,False,gaussian,1,0,,,48,,,,,,,,,77000,540,0.90,86000,159,0.38,P:0.902 T:0.886,"P:WING-LAW(core +1, wing -19) T:WING-LAW(core -5, wing -12)",90,1.0,,,,1.4,,1.3,,,,,,,,0.88,,0,,,,,,,,,,,,,,,,,,,,3.5,,,1.0,,,,,,,-0.61,0.64,0.70,1.3,1.3,0.46,True,40,,,0.9956,0.0188,,False,,False,,,,,,,,,,200,"beta_self pinned at 1 times theory (3.50 kHz per 1e12 cm^-3) with everything else refit warm from the free minimum at this waist: dchi2 is against the free minimum, and the dchi2_beta columns of the grid row read every point against the lowest of the free and the fixed fits. the summary reads the profile these rows make and never a Hessian bar at a rail",DIAGNOSTIC
beta_profile,PT,session,False,gaussian,1,0,,,48,,,,,,,,,78000,1100,0.90,86000,159,0.38,P:0.902 T:0.886,"P:WING-LAW(core +1, wing -19) T:WING-LAW(core -5, wing -12)",90,5.0,,,,0.25,,1.5,,,,,,,,0.018,,0,,,,,,,,,,,,,,,,,,,,17,,,5.0,,,,,,,-4.9,0.64,0.015,1.3,1.3,0.46,True,40,,,0.9956,0.0188,,False,,False,,,,,,,,,,200,"beta_self pinned at 5 times theory (17.49 kHz per 1e12 cm^-3) with everything else refit warm from the free minimum at this waist: dchi2 is against the free minimum, and the dchi2_beta columns of the grid row read every point against the lowest of the free and the fixed fits. the summary reads the profile these rows make and never a Hessian bar at a rail",DIAGNOSTIC
beta_profile,PT,session,False,gaussian,1,0,,,48,,,,,,,,,230000,160000,0.90,86000,159,0.38,P:0.902 T:0.886,"P:WING-LAW(core +1, wing -19) T:WING-LAW(core -5, wing -12)",90,20,,,,0.20,,0.41,,,,,,,,0.00080,,0,,,,,,,,,,,,,,,,,,,,70,,,20,,,,,,,-5.0,0.64,0.00064,1.3,1.3,0.46,True,40,,,0.9956,0.0188,,False,,False,,,,,,,,,,200,"beta_self pinned at 20 times theory (69.94 kHz per 1e12 cm^-3) with everything else refit warm from the free minimum at this waist: dchi2 is against the free minimum, and the dchi2_beta columns of the grid row read every point against the lowest of the free and the fixed fits. the summary reads the profile these rows make and never a Hessian bar at a rail",DIAGNOSTIC
grid,PT,session,False,gaussian,1,0,,,50,,,,,,,,,77000,340,0.90,86000,159,0.040,P:0.904 T:0.886,"P:WING-LAW(core +1, wing -19) T:WING-LAW(core -4, wing -12)",72,2.907,0.034,,,1.330,0.012,1.636,0.030,,,,,,,0.544,0.019,0,,,,,,,,,,,,,,,,,,,,10.16,0.12,17,,1400,620,940,150000,10,10,-2.3,0.59,0.40,1.2,1.2,0.43,True,40,1.0336,1.0120,0.9956,0.0188,2.0,True,2.0,True,,,,,,,,,,150,"the whitened profile likelihood over 159 traces of sessions PT at this waist with beta_self, the laser widths (session), the Omega scale (prior 1 +- 0.2) refit from 2 starts, gamma_l pinned at zero, Delta_alpha pinned at -1131.8 a.u. and rho at 0.94, the density law Steck, the collection window on at z_ratio 0.427 (M2 1), depletion at 0 cycles through companion_transit_mhz (transit at 130 C 1.2256 to 1.2256 MHz). the _err_hessian bars are conditional, every other parameter pinned. the dchi2_beta columns are the beta profile, chi2 with beta pinned at 0, theory, 5x and 20x theory and everything else refit, above the free minimum. the power-arm check reads the model's width ratio across each session's ladder at the TIED Omega (scale 1) with everything else fitted: P against the archive's 0.9956 +- 0.0188, refused at pull +2.03, pooled over 1 sessions refused at pull +2.03. centres profiled per trace and re-profiled after each inner fit, outer passes [1, 1], last centre move 0.003 MHz",DIAGNOSTIC
beta_profile,PT,session,False,gaussian,1,0,,,50,,,,,,,,,78000,1400,0.90,86000,159,0.040,P:0.904 T:0.886,"P:WING-LAW(core +1, wing -19) T:WING-LAW(core -4, wing -12)",72,0,,,,1.7,,1.2,,,,,,,,1.2,,0,,,,,,,,,,,,,,,,,,,,0,,,0,,,,,,,1.0,0.59,0.88,1.2,1.2,0.43,True,40,,,0.9956,0.0188,,False,,False,,,,,,,,,,150,"beta_self pinned at 0 times theory (0.00 kHz per 1e12 cm^-3) with everything else refit warm from the free minimum at this waist: dchi2 is against the free minimum, and the dchi2_beta columns of the grid row read every point against the lowest of the free and the fixed fits. the summary reads the profile these rows make and never a Hessian bar at a rail",DIAGNOSTIC
beta_profile,PT,session,False,gaussian,1,0,,,50,,,,,,,,,77000,620,0.90,86000,159,0.040,P:0.904 T:0.886,"P:WING-LAW(core +1, wing -19) T:WING-LAW(core -4, wing -12)",72,1.0,,,,1.5,,1.4,,,,,,,,1.0,,0,,,,,,,,,,,,,,,,,,,,3.5,,,1.0,,,,,,,0.091,0.59,0.75,1.2,1.2,0.43,True,40,,,0.9956,0.0188,,False,,False,,,,,,,,,,150,"beta_self pinned at 1 times theory (3.50 kHz per 1e12 cm^-3) with everything else refit warm from the free minimum at this waist: dchi2 is against the free minimum, and the dchi2_beta columns of the grid row read every point against the lowest of the free and the fixed fits. the summary reads the profile these rows make and never a Hessian bar at a rail",DIAGNOSTIC
beta_profile,PT,session,False,gaussian,1,0,,,50,,,,,,,,,78000,940,0.90,86000,159,0.040,P:0.904 T:0.886,"P:WING-LAW(core +1, wing -19) T:WING-LAW(core -4, wing -12)",72,5.0,,,,0.74,,1.7,,,,,,,,0.033,,0,,,,,,,,,,,,,,,,,,,,17,,,5.0,,,,,,,-4.8,0.59,0.024,1.2,1.2,0.43,True,40,,,0.9956,0.0188,,False,,False,,,,,,,,,,150,"beta_self pinned at 5 times theory (17.49 kHz per 1e12 cm^-3) with everything else refit warm from the free minimum at this waist: dchi2 is against the free minimum, and the dchi2_beta columns of the grid row read every point against the lowest of the free and the fixed fits. the summary reads the profile these rows make and never a Hessian bar at a rail",DIAGNOSTIC
beta_profile,PT,session,False,gaussian,1,0,,,50,,,,,,,,,220000,150000,0.90,86000,159,0.040,P:0.904 T:0.886,"P:WING-LAW(core +1, wing -19) T:WING-LAW(core -4, wing -12)",72,20,,,,0.20,,0.77,,,,,,,,0.0026,,0,,,,,,,,,,,,,,,,,,,,70,,,20,,,,,,,-5.0,0.59,0.0019,1.2,1.2,0.43,True,40,,,0.9956,0.0188,,False,,False,,,,,,,,,,150,"beta_self pinned at 20 times theory (69.94 kHz per 1e12 cm^-3) with everything else refit warm from the free minimum at this waist: dchi2 is against the free minimum, and the dchi2_beta columns of the grid row read every point against the lowest of the free and the fixed fits. the summary reads the profile these rows make and never a Hessian bar at a rail",DIAGNOSTIC
grid,PT,session,False,gaussian,1,0,,,52,,,,,,,,,77000,450,0.90,86000,159,0.017,P:0.905 T:0.886,"P:WING-LAW(core +2, wing -19) T:WING-LAW(core -4, wing -12)",66,3.014,0.034,,,1.449,0.011,1.741,0.029,,,,,,,0.651,0.019,0,,,,,,,,,,,,,,,,,,,,10.54,0.12,18,,1500,690,790,140000,11,11,-1.7,0.55,0.44,1.2,1.2,0.39,True,40,1.0287,1.0137,0.9956,0.0188,1.8,True,1.8,True,,,,,,,,,,150,"the whitened profile likelihood over 159 traces of sessions PT at this waist with beta_self, the laser widths (session), the Omega scale (prior 1 +- 0.2) refit from 2 starts, gamma_l pinned at zero, Delta_alpha pinned at -1131.8 a.u. and rho at 0.94, the density law Steck, the collection window on at z_ratio 0.395 (M2 1), depletion at 0 cycles through companion_transit_mhz (transit at 130 C 1.1784 to 1.1784 MHz). the _err_hessian bars are conditional, every other parameter pinned. the dchi2_beta columns are the beta profile, chi2 with beta pinned at 0, theory, 5x and 20x theory and everything else refit, above the free minimum. the power-arm check reads the model's width ratio across each session's ladder at the TIED Omega (scale 1) with everything else fitted: P against the archive's 0.9956 +- 0.0188, refused at pull +1.77, pooled over 1 sessions refused at pull +1.77. centres profiled per trace and re-profiled after each inner fit, outer passes [1, 1], last centre move 0.004 MHz",DIAGNOSTIC
beta_profile,PT,session,False,gaussian,1,0,,,52,,,,,,,,,78000,1500,0.90,86000,159,0.017,P:0.905 T:0.886,"P:WING-LAW(core +2, wing -19) T:WING-LAW(core -4, wing -12)",66,0,,,,1.8,,1.4,,,,,,,,1.3,,0,,,,,,,,,,,,,,,,,,,,0,,,0,,,,,,,1.7,0.55,0.92,1.2,1.2,0.39,True,40,,,0.9956,0.0188,,False,,False,,,,,,,,,,150,"beta_self pinned at 0 times theory (0.00 kHz per 1e12 cm^-3) with everything else refit warm from the free minimum at this waist: dchi2 is against the free minimum, and the dchi2_beta columns of the grid row read every point against the lowest of the free and the fixed fits. the summary reads the profile these rows make and never a Hessian bar at a rail",DIAGNOSTIC
beta_profile,PT,session,False,gaussian,1,0,,,52,,,,,,,,,78000,690,0.90,86000,159,0.017,P:0.905 T:0.886,"P:WING-LAW(core +2, wing -19) T:WING-LAW(core -4, wing -12)",66,1.0,,,,1.7,,1.5,,,,,,,,1.2,,0,,,,,,,,,,,,,,,,,,,,3.5,,,1.0,,,,,,,0.79,0.55,0.79,1.2,1.2,0.39,True,40,,,0.9956,0.0188,,False,,False,,,,,,,,,,150,"beta_self pinned at 1 times theory (3.50 kHz per 1e12 cm^-3) with everything else refit warm from the free minimum at this waist: dchi2 is against the free minimum, and the dchi2_beta columns of the grid row read every point against the lowest of the free and the fixed fits. the summary reads the profile these rows make and never a Hessian bar at a rail",DIAGNOSTIC
beta_profile,PT,session,False,gaussian,1,0,,,52,,,,,,,,,78000,790,0.90,86000,159,0.017,P:0.905 T:0.886,"P:WING-LAW(core +2, wing -19) T:WING-LAW(core -4, wing -12)",66,5.0,,,,1.0,,1.8,,,,,,,,0.046,,0,,,,,,,,,,,,,,,,,,,,17,,,5.0,,,,,,,-4.8,0.55,0.031,1.2,1.2,0.39,True,40,,,0.9956,0.0188,,False,,False,,,,,,,,,,150,"beta_self pinned at 5 times theory (17.49 kHz per 1e12 cm^-3) with everything else refit warm from the free minimum at this waist: dchi2 is against the free minimum, and the dchi2_beta columns of the grid row read every point against the lowest of the free and the fixed fits. the summary reads the profile these rows make and never a Hessian bar at a rail",DIAGNOSTIC
beta_profile,PT,session,False,gaussian,1,0,,,52,,,,,,,,,220000,140000,0.90,86000,159,0.017,P:0.905 T:0.886,"P:WING-LAW(core +2, wing -19) T:WING-LAW(core -4, wing -12)",66,20,,,,0.20,,1.0,,,,,,,,0.0029,,0,,,,,,,,,,,,,,,,,,,,70,,,20,,,,,,,-5.0,0.55,0.0019,1.2,1.2,0.39,True,40,,,0.9956,0.0188,,False,,False,,,,,,,,,,150,"beta_self pinned at 20 times theory (69.94 kHz per 1e12 cm^-3) with everything else refit warm from the free minimum at this waist: dchi2 is against the free minimum, and the dchi2_beta columns of the grid row read every point against the lowest of the free and the fixed fits. the summary reads the profile these rows make and never a Hessian bar at a rail",DIAGNOSTIC
grid,PT,session,False,gaussian,1,0,,,54,,,,,,,,,77000,570,0.90,86000,159,0.054,P:0.907 T:0.886,"P:WING-LAW(core +2, wing -19) T:WING-LAW(core -4, wing -12)",60,3.107,0.034,,,1.552,0.010,1.834,0.027,,,,,,,0.752,0.019,0,,,,,,,,,,,,,,,,,,,,10.86,0.12,19,,1600,750,680,130000,11,11,-1.2,0.51,0.48,1.1,1.1,0.37,True,40,1.0246,1.0150,0.9956,0.0188,1.5,True,1.5,True,,,,,,,,,,140,"the whitened profile likelihood over 159 traces of sessions PT at this waist with beta_self, the laser widths (session), the Omega scale (prior 1 +- 0.2) refit from 2 starts, gamma_l pinned at zero, Delta_alpha pinned at -1131.8 a.u. and rho at 0.94, the density law Steck, the collection window on at z_ratio 0.366 (M2 1), depletion at 0 cycles through companion_transit_mhz (transit at 130 C 1.1348 to 1.1348 MHz). the _err_hessian bars are conditional, every other parameter pinned. the dchi2_beta columns are the beta profile, chi2 with beta pinned at 0, theory, 5x and 20x theory and everything else refit, above the free minimum. the power-arm check reads the model's width ratio across each session's ladder at the TIED Omega (scale 1) with everything else fitted: P against the archive's 0.9956 +- 0.0188, refused at pull +1.55, pooled over 1 sessions refused at pull +1.55. centres profiled per trace and re-profiled after each inner fit, outer passes [1, 1], last centre move 0.006 MHz",DIAGNOSTIC
beta_profile,PT,session,False,gaussian,1,0,,,54,,,,,,,,,79000,1600,0.90,86000,159,0.054,P:0.907 T:0.886,"P:WING-LAW(core +2, wing -19) T:WING-LAW(core -4, wing -12)",60,0,,,,1.9,,1.5,,,,,,,,1.5,,0,,,,,,,,,,,,,,,,,,,,0,,,0,,,,,,,2.5,0.51,0.94,1.1,1.1,0.37,True,40,,,0.9956,0.0188,,False,,False,,,,,,,,,,140,"beta_self pinned at 0 times theory (0.00 kHz per 1e12 cm^-3) with everything else refit warm from the free minimum at this waist: dchi2 is against the free minimum, and the dchi2_beta columns of the grid row read every point against the lowest of the free and the fixed fits. the summary reads the profile these rows make and never a Hessian bar at a rail",DIAGNOSTIC
beta_profile,PT,session,False,gaussian,1,0,,,54,,,,,,,,,78000,750,0.90,86000,159,0.054,P:0.907 T:0.886,"P:WING-LAW(core +2, wing -19) T:WING-LAW(core -4, wing -12)",60,1.0,,,,1.8,,1.6,,,,,,,,1.3,,0,,,,,,,,,,,,,,,,,,,,3.5,,,1.0,,,,,,,1.5,0.51,0.82,1.1,1.1,0.37,True,40,,,0.9956,0.0188,,False,,False,,,,,,,,,,140,"beta_self pinned at 1 times theory (3.50 kHz per 1e12 cm^-3) with everything else refit warm from the free minimum at this waist: dchi2 is against the free minimum, and the dchi2_beta columns of the grid row read every point against the lowest of the free and the fixed fits. the summary reads the profile these rows make and never a Hessian bar at a rail",DIAGNOSTIC
beta_profile,PT,session,False,gaussian,1,0,,,54,,,,,,,,,78000,680,0.90,86000,159,0.054,P:0.907 T:0.886,"P:WING-LAW(core +2, wing -19) T:WING-LAW(core -4, wing -12)",60,5.0,,,,1.2,,1.9,,,,,,,,0.066,,0,,,,,,,,,,,,,,,,,,,,17,,,5.0,,,,,,,-4.7,0.51,0.042,1.1,1.1,0.37,True,40,,,0.9956,0.0188,,False,,False,,,,,,,,,,140,"beta_self pinned at 5 times theory (17.49 kHz per 1e12 cm^-3) with everything else refit warm from the free minimum at this waist: dchi2 is against the free minimum, and the dchi2_beta columns of the grid row read every point against the lowest of the free and the fixed fits. the summary reads the profile these rows make and never a Hessian bar at a rail",DIAGNOSTIC
beta_profile,PT,session,False,gaussian,1,0,,,54,,,,,,,,,210000,130000,0.90,86000,159,0.054,P:0.907 T:0.886,"P:WING-LAW(core +2, wing -19) T:WING-LAW(core -4, wing -12)",60,20,,,,0.20,,1.2,,,,,,,,0.0028,,0,,,,,,,,,,,,,,,,,,,,70,,,20,,,,,,,-5.0,0.51,0.0018,1.1,1.1,0.37,True,40,,,0.9956,0.0188,,False,,False,,,,,,,,,,140,"beta_self pinned at 20 times theory (69.94 kHz per 1e12 cm^-3) with everything else refit warm from the free minimum at this waist: dchi2 is against the free minimum, and the dchi2_beta columns of the grid row read every point against the lowest of the free and the fixed fits. the summary reads the profile these rows make and never a Hessian bar at a rail",DIAGNOSTIC
grid,PT,session,False,gaussian,1,0,,,56,,,,,,,,,77000,680,0.91,86000,159,0.12,P:0.908 T:0.886,"P:WING-LAW(core +3, wing -19) T:WING-LAW(core -4, wing -12)",60,3.186,0.034,,,1.6427,0.0096,1.915,0.026,,,,,,,0.852,0.019,0,,,,,,,,,,,,,,,,,,,,11.14,0.12,20,,1700,810,610,130000,11,11,-0.74,0.47,0.50,1.1,1.1,0.34,True,40,1.0212,1.0160,0.9956,0.0188,1.4,True,1.4,True,,,,,,,,,,200,"the whitened profile likelihood over 159 traces of sessions PT at this waist with beta_self, the laser widths (session), the Omega scale (prior 1 +- 0.2) refit from 2 starts, gamma_l pinned at zero, Delta_alpha pinned at -1131.8 a.u. and rho at 0.94, the density law Steck, the collection window on at z_ratio 0.340 (M2 1), depletion at 0 cycles through companion_transit_mhz (transit at 130 C 1.0943 to 1.0943 MHz). the _err_hessian bars are conditional, every other parameter pinned. the dchi2_beta columns are the beta profile, chi2 with beta pinned at 0, theory, 5x and 20x theory and everything else refit, above the free minimum. the power-arm check reads the model's width ratio across each session's ladder at the TIED Omega (scale 1) with everything else fitted: P against the archive's 0.9956 +- 0.0188, refused at pull +1.37, pooled over 1 sessions refused at pull +1.37. centres profiled per trace and re-profiled after each inner fit, outer passes [1, 1], last centre move 0.006 MHz",DIAGNOSTIC
beta_profile,PT,session,False,gaussian,1,0,,,56,,,,,,,,,79000,1700,0.91,86000,159,0.12,P:0.908 T:0.886,"P:WING-LAW(core +3, wing -19) T:WING-LAW(core -4, wing -12)",60,0,,,,1.9,,1.6,,,,,,,,1.6,,0,,,,,,,,,,,,,,,,,,,,0,,,0,,,,,,,3.2,0.47,0.97,1.1,1.1,0.34,True,40,,,0.9956,0.0188,,False,,False,,,,,,,,,,200,"beta_self pinned at 0 times theory (0.00 kHz per 1e12 cm^-3) with everything else refit warm from the free minimum at this waist: dchi2 is against the free minimum, and the dchi2_beta columns of the grid row read every point against the lowest of the free and the fixed fits. the summary reads the profile these rows make and never a Hessian bar at a rail",DIAGNOSTIC
beta_profile,PT,session,False,gaussian,1,0,,,56,,,,,,,,,78000,810,0.91,86000,159,0.12,P:0.908 T:0.886,"P:WING-LAW(core +3, wing -19) T:WING-LAW(core -4, wing -12)",60,1.0,,,,1.9,,1.7,,,,,,,,1.4,,0,,,,,,,,,,,,,,,,,,,,3.5,,,1.0,,,,,,,2.2,0.47,0.84,1.1,1.1,0.34,True,40,,,0.9956,0.0188,,False,,False,,,,,,,,,,200,"beta_self pinned at 1 times theory (3.50 kHz per 1e12 cm^-3) with everything else refit warm from the free minimum at this waist: dchi2 is against the free minimum, and the dchi2_beta columns of the grid row read every point against the lowest of the free and the fixed fits. the summary reads the profile these rows make and never a Hessian bar at a rail",DIAGNOSTIC
beta_profile,PT,session,False,gaussian,1,0,,,56,,,,,,,,,78000,610,0.91,86000,159,0.12,P:0.908 T:0.886,"P:WING-LAW(core +3, wing -19) T:WING-LAW(core -4, wing -12)",60,5.0,,,,1.4,,2.0,,,,,,,,0.099,,0,,,,,,,,,,,,,,,,,,,,17,,,5.0,,,,,,,-4.5,0.47,0.058,1.1,1.1,0.34,True,40,,,0.9956,0.0188,,False,,False,,,,,,,,,,200,"beta_self pinned at 5 times theory (17.49 kHz per 1e12 cm^-3) with everything else refit warm from the free minimum at this waist: dchi2 is against the free minimum, and the dchi2_beta columns of the grid row read every point against the lowest of the free and the fixed fits. the summary reads the profile these rows make and never a Hessian bar at a rail",DIAGNOSTIC
beta_profile,PT,session,False,gaussian,1,0,,,56,,,,,,,,,210000,130000,0.91,86000,159,0.12,P:0.908 T:0.886,"P:WING-LAW(core +3, wing -19) T:WING-LAW(core -4, wing -12)",60,20,,,,0.20,,1.3,,,,,,,,0.0029,,0,,,,,,,,,,,,,,,,,,,,70,,,20,,,,,,,-5.0,0.47,0.0017,1.1,1.1,0.34,True,40,,,0.9956,0.0188,,False,,False,,,,,,,,,,200,"beta_self pinned at 20 times theory (69.94 kHz per 1e12 cm^-3) with everything else refit warm from the free minimum at this waist: dchi2 is against the free minimum, and the dchi2_beta columns of the grid row read every point against the lowest of the free and the fixed fits. the summary reads the profile these rows make and never a Hessian bar at a rail",DIAGNOSTIC
grid,PT,session,False,gaussian,1,0,,,58,,,,,,,,,77000,790,0.91,86000,159,0.18,P:0.909 T:0.886,"P:WING-LAW(core +3, wing -19) T:WING-LAW(core -4, wing -12)",78,3.255,0.034,,,1.7241,0.0092,1.988,0.025,,,,,,,0.952,0.020,0,,,,,,,,,,,,,,,,,,,,11.38,0.12,20,,1800,860,550,120000,11,11,-0.24,0.44,0.52,1.1,1.1,0.32,True,40,1.0183,1.0168,0.9956,0.0188,1.2,True,1.2,True,,,,,,,,,,210,"the whitened profile likelihood over 159 traces of sessions PT at this waist with beta_self, the laser widths (session), the Omega scale (prior 1 +- 0.2) refit from 2 starts, gamma_l pinned at zero, Delta_alpha pinned at -1131.8 a.u. and rho at 0.94, the density law Steck, the collection window on at z_ratio 0.317 (M2 1), depletion at 0 cycles through companion_transit_mhz (transit at 130 C 1.0565 to 1.0565 MHz). the _err_hessian bars are conditional, every other parameter pinned. the dchi2_beta columns are the beta profile, chi2 with beta pinned at 0, theory, 5x and 20x theory and everything else refit, above the free minimum. the power-arm check reads the model's width ratio across each session's ladder at the TIED Omega (scale 1) with everything else fitted: P against the archive's 0.9956 +- 0.0188, refused at pull +1.21, pooled over 1 sessions refused at pull +1.21. centres profiled per trace and re-profiled after each inner fit, outer passes [1, 1], last centre move 0.008 MHz",DIAGNOSTIC
beta_profile,PT,session,False,gaussian,1,0,,,58,,,,,,,,,79000,1800,0.91,86000,159,0.18,P:0.909 T:0.886,"P:WING-LAW(core +3, wing -19) T:WING-LAW(core -4, wing -12)",78,0,,,,2.0,,1.6,,,,,,,,1.8,,0,,,,,,,,,,,,,,,,,,,,0,,,0,,,,,,,4.0,0.44,0.98,1.1,1.1,0.32,True,40,,,0.9956,0.0188,,False,,False,,,,,,,,,,210,"beta_self pinned at 0 times theory (0.00 kHz per 1e12 cm^-3) with everything else refit warm from the free minimum at this waist: dchi2 is against the free minimum, and the dchi2_beta columns of the grid row read every point against the lowest of the free and the fixed fits. the summary reads the profile these rows make and never a Hessian bar at a rail",DIAGNOSTIC
beta_profile,PT,session,False,gaussian,1,0,,,58,,,,,,,,,78000,860,0.91,86000,159,0.18,P:0.909 T:0.886,"P:WING-LAW(core +3, wing -19) T:WING-LAW(core -4, wing -12)",78,1.0,,,,1.9,,1.8,,,,,,,,1.6,,0,,,,,,,,,,,,,,,,,,,,3.5,,,1.0,,,,,,,2.9,0.44,0.87,1.1,1.1,0.32,True,40,,,0.9956,0.0188,,False,,False,,,,,,,,,,210,"beta_self pinned at 1 times theory (3.50 kHz per 1e12 cm^-3) with everything else refit warm from the free minimum at this waist: dchi2 is against the free minimum, and the dchi2_beta columns of the grid row read every point against the lowest of the free and the fixed fits. the summary reads the profile these rows make and never a Hessian bar at a rail",DIAGNOSTIC
beta_profile,PT,session,False,gaussian,1,0,,,58,,,,,,,,,78000,550,0.91,86000,159,0.18,P:0.909 T:0.886,"P:WING-LAW(core +3, wing -19) T:WING-LAW(core -4, wing -12)",78,5.0,,,,1.5,,2.1,,,,,,,,0.15,,0,,,,,,,,,,,,,,,,,,,,17,,,5.0,,,,,,,-4.3,0.44,0.082,1.1,1.1,0.32,True,40,,,0.9956,0.0188,,False,,False,,,,,,,,,,210,"beta_self pinned at 5 times theory (17.49 kHz per 1e12 cm^-3) with everything else refit warm from the free minimum at this waist: dchi2 is against the free minimum, and the dchi2_beta columns of the grid row read every point against the lowest of the free and the fixed fits. the summary reads the profile these rows make and never a Hessian bar at a rail",DIAGNOSTIC
beta_profile,PT,session,False,gaussian,1,0,,,58,,,,,,,,,200000,120000,0.91,86000,159,0.18,P:0.909 T:0.886,"P:WING-LAW(core +3, wing -19) T:WING-LAW(core -4, wing -12)",78,20,,,,0.20,,1.4,,,,,,,,0.0029,,0,,,,,,,,,,,,,,,,,,,,70,,,20,,,,,,,-5.0,0.44,0.0016,1.1,1.1,0.32,True,40,,,0.9956,0.0188,,False,,False,,,,,,,,,,210,"beta_self pinned at 20 times theory (69.94 kHz per 1e12 cm^-3) with everything else refit warm from the free minimum at this waist: dchi2 is against the free minimum, and the dchi2_beta columns of the grid row read every point against the lowest of the free and the fixed fits. the summary reads the profile these rows make and never a Hessian bar at a rail",DIAGNOSTIC
grid,PT,session,False,gaussian,1,0,,,60,,,,,,,,,77000,890,0.91,86000,159,0.25,P:0.910 T:0.886,"P:WING-LAW(core +4, wing -19) T:WING-LAW(core -4, wing -12)",72,3.315,0.034,,,1.7973,0.0088,2.054,0.025,,,,,,,1.051,0.021,0,,,,,,,,,,,,,,,,,,,,11.59,0.12,21,,1900,900,500,120000,12,12,0.25,0.41,0.54,1.0,1.0,0.30,True,40,1.0159,1.0174,0.9956,0.0188,1.1,True,1.1,True,,,,,,,,,,180,"the whitened profile likelihood over 159 traces of sessions PT at this waist with beta_self, the laser widths (session), the Omega scale (prior 1 +- 0.2) refit from 2 starts, gamma_l pinned at zero, Delta_alpha pinned at -1131.8 a.u. and rho at 0.94, the density law Steck, the collection window on at z_ratio 0.296 (M2 1), depletion at 0 cycles through companion_transit_mhz (transit at 130 C 1.0213 to 1.0213 MHz). the _err_hessian bars are conditional, every other parameter pinned. the dchi2_beta columns are the beta profile, chi2 with beta pinned at 0, theory, 5x and 20x theory and everything else refit, above the free minimum. the power-arm check reads the model's width ratio across each session's ladder at the TIED Omega (scale 1) with everything else fitted: P against the archive's 0.9956 +- 0.0188, refused at pull +1.09, pooled over 1 sessions refused at pull +1.09. centres profiled per trace and re-profiled after each inner fit, outer passes [1, 1], last centre move 0.008 MHz",DIAGNOSTIC
beta_profile,PT,session,False,gaussian,1,0,,,60,,,,,,,,,79000,1900,0.91,86000,159,0.25,P:0.910 T:0.886,"P:WING-LAW(core +4, wing -19) T:WING-LAW(core -4, wing -12)",72,0,,,,2.1,,1.7,,,,,,,,2.0,,0,,,,,,,,,,,,,,,,,,,,0,,,0,,,,,,,4.8,0.41,1.0,1.0,1.0,0.30,True,40,,,0.9956,0.0188,,False,,False,,,,,,,,,,180,"beta_self pinned at 0 times theory (0.00 kHz per 1e12 cm^-3) with everything else refit warm from the free minimum at this waist: dchi2 is against the free minimum, and the dchi2_beta columns of the grid row read every point against the lowest of the free and the fixed fits. the summary reads the profile these rows make and never a Hessian bar at a rail",DIAGNOSTIC
beta_profile,PT,session,False,gaussian,1,0,,,60,,,,,,,,,78000,900,0.91,86000,159,0.25,P:0.910 T:0.886,"P:WING-LAW(core +4, wing -19) T:WING-LAW(core -4, wing -12)",72,1.0,,,,2.0,,1.8,,,,,,,,1.7,,0,,,,,,,,,,,,,,,,,,,,3.5,,,1.0,,,,,,,3.6,0.41,0.88,1.0,1.0,0.30,True,40,,,0.9956,0.0188,,False,,False,,,,,,,,,,180,"beta_self pinned at 1 times theory (3.50 kHz per 1e12 cm^-3) with everything else refit warm from the free minimum at this waist: dchi2 is against the free minimum, and the dchi2_beta columns of the grid row read every point against the lowest of the free and the fixed fits. the summary reads the profile these rows make and never a Hessian bar at a rail",DIAGNOSTIC
beta_profile,PT,session,False,gaussian,1,0,,,60,,,,,,,,,78000,500,0.91,86000,159,0.25,P:0.910 T:0.886,"P:WING-LAW(core +4, wing -19) T:WING-LAW(core -4, wing -12)",72,5.0,,,,1.6,,2.2,,,,,,,,0.21,,0,,,,,,,,,,,,,,,,,,,,17,,,5.0,,,,,,,-4.0,0.41,0.11,1.0,1.0,0.30,True,40,,,0.9956,0.0188,,False,,False,,,,,,,,,,180,"beta_self pinned at 5 times theory (17.49 kHz per 1e12 cm^-3) with everything else refit warm from the free minimum at this waist: dchi2 is against the free minimum, and the dchi2_beta columns of the grid row read every point against the lowest of the free and the fixed fits. the summary reads the profile these rows make and never a Hessian bar at a rail",DIAGNOSTIC
beta_profile,PT,session,False,gaussian,1,0,,,60,,,,,,,,,200000,120000,0.91,86000,159,0.25,P:0.910 T:0.886,"P:WING-LAW(core +4, wing -19) T:WING-LAW(core -4, wing -12)",72,20,,,,0.20,,1.5,,,,,,,,0.0041,,0,,,,,,,,,,,,,,,,,,,,70,,,20,,,,,,,-5.0,0.41,0.0021,1.0,1.0,0.30,True,40,,,0.9956,0.0188,,False,,False,,,,,,,,,,180,"beta_self pinned at 20 times theory (69.94 kHz per 1e12 cm^-3) with everything else refit warm from the free minimum at this waist: dchi2 is against the free minimum, and the dchi2_beta columns of the grid row read every point against the lowest of the free and the fixed fits. the summary reads the profile these rows make and never a Hessian bar at a rail",DIAGNOSTIC
grid,PT,session,False,gaussian,1,0,,,62,,,,,,,,,77000,980,0.91,86000,159,0.0014,P:0.911 T:0.886,"P:WING-LAW(core +4, wing -19) T:WING-LAW(core -4, wing -12)",84,3.369,0.034,,,1.8632,0.0085,2.114,0.024,,,,,,,1.149,0.022,0,,,,,,,,,,,,,,,,,,,,11.78,0.12,21,,1900,950,460,120000,12,12,0.75,0.38,0.55,0.99,0.99,0.28,True,40,1.0139,1.0179,0.9956,0.0188,0.98,False,0.98,False,,,,,,,,,,180,"the whitened profile likelihood over 159 traces of sessions PT at this waist with beta_self, the laser widths (session), the Omega scale (prior 1 +- 0.2) refit from 2 starts, gamma_l pinned at zero, Delta_alpha pinned at -1131.8 a.u. and rho at 0.94, the density law Steck, the collection window on at z_ratio 0.278 (M2 1), depletion at 0 cycles through companion_transit_mhz (transit at 130 C 0.9884 to 0.9884 MHz). the _err_hessian bars are conditional, every other parameter pinned. the dchi2_beta columns are the beta profile, chi2 with beta pinned at 0, theory, 5x and 20x theory and everything else refit, above the free minimum. the power-arm check reads the model's width ratio across each session's ladder at the TIED Omega (scale 1) with everything else fitted: P against the archive's 0.9956 +- 0.0188, passes at pull +0.98, pooled over 1 sessions passes at pull +0.98. centres profiled per trace and re-profiled after each inner fit, outer passes [1, 1], last centre move 0.009 MHz",DIAGNOSTIC
beta_profile,PT,session,False,gaussian,1,0,,,62,,,,,,,,,79000,1900,0.91,86000,159,0.0014,P:0.911 T:0.886,"P:WING-LAW(core +4, wing -19) T:WING-LAW(core -4, wing -12)",84,0,,,,2.2,,1.8,,,,,,,,2.1,,0,,,,,,,,,,,,,,,,,,,,0,,,0,,,,,,,5.5,0.38,1.0,0.99,0.99,0.28,True,40,,,0.9956,0.0188,,False,,False,,,,,,,,,,180,"beta_self pinned at 0 times theory (0.00 kHz per 1e12 cm^-3) with everything else refit warm from the free minimum at this waist: dchi2 is against the free minimum, and the dchi2_beta columns of the grid row read every point against the lowest of the free and the fixed fits. the summary reads the profile these rows make and never a Hessian bar at a rail",DIAGNOSTIC
beta_profile,PT,session,False,gaussian,1,0,,,62,,,,,,,,,78000,950,0.91,86000,159,0.0014,P:0.911 T:0.886,"P:WING-LAW(core +4, wing -19) T:WING-LAW(core -4, wing -12)",84,1.0,,,,2.1,,1.9,,,,,,,,1.9,,0,,,,,,,,,,,,,,,,,,,,3.5,,,1.0,,,,,,,4.4,0.38,0.90,0.99,0.99,0.28,True,40,,,0.9956,0.0188,,False,,False,,,,,,,,,,180,"beta_self pinned at 1 times theory (3.50 kHz per 1e12 cm^-3) with everything else refit warm from the free minimum at this waist: dchi2 is against the free minimum, and the dchi2_beta columns of the grid row read every point against the lowest of the free and the fixed fits. the summary reads the profile these rows make and never a Hessian bar at a rail",DIAGNOSTIC
beta_profile,PT,session,False,gaussian,1,0,,,62,,,,,,,,,78000,460,0.91,86000,159,0.0014,P:0.911 T:0.886,"P:WING-LAW(core +4, wing -19) T:WING-LAW(core -4, wing -12)",84,5.0,,,,1.7,,2.2,,,,,,,,0.31,,0,,,,,,,,,,,,,,,,,,,,17,,,5.0,,,,,,,-3.5,0.38,0.15,0.99,0.99,0.28,True,40,,,0.9956,0.0188,,False,,False,,,,,,,,,,180,"beta_self pinned at 5 times theory (17.49 kHz per 1e12 cm^-3) with everything else refit warm from the free minimum at this waist: dchi2 is against the free minimum, and the dchi2_beta columns of the grid row read every point against the lowest of the free and the fixed fits. the summary reads the profile these rows make and never a Hessian bar at a rail",DIAGNOSTIC
beta_profile,PT,session,False,gaussian,1,0,,,62,,,,,,,,,190000,120000,0.91,86000,159,0.0014,P:0.911 T:0.886,"P:WING-LAW(core +4, wing -19) T:WING-LAW(core -4, wing -12)",84,20,,,,0.20,,1.6,,,,,,,,0.0039,,0,,,,,,,,,,,,,,,,,,,,70,,,20,,,,,,,-5.0,0.38,0.0018,0.99,0.99,0.28,True,40,,,0.9956,0.0188,,False,,False,,,,,,,,,,180,"beta_self pinned at 20 times theory (69.94 kHz per 1e12 cm^-3) with everything else refit warm from the free minimum at this waist: dchi2 is against the free minimum, and the dchi2_beta columns of the grid row read every point against the lowest of the free and the fixed fits. the summary reads the profile these rows make and never a Hessian bar at a rail",DIAGNOSTIC
grid,PT,session,False,gaussian,1,0,,,64,,,,,,,,,77000,1100,0.91,86000,159,0.00020,P:0.912 T:0.886,"P:WING-LAW(core +4, wing -19) T:WING-LAW(core -4, wing -12)",66,3.416,0.034,,,1.9226,0.0083,2.168,0.023,,,,,,,1.248,0.023,0,,,,,,,,,,,,,,,,,,,,11.95,0.12,22,,2000,980,430,110000,12,12,1.2,0.36,0.56,0.96,0.96,0.26,True,40,1.0123,1.0184,0.9956,0.0188,0.89,False,0.89,False,,,,,,,,,,220,"the whitened profile likelihood over 159 traces of sessions PT at this waist with beta_self, the laser widths (session), the Omega scale (prior 1 +- 0.2) refit from 2 starts, gamma_l pinned at zero, Delta_alpha pinned at -1131.8 a.u. and rho at 0.94, the density law Steck, the collection window on at z_ratio 0.261 (M2 1), depletion at 0 cycles through companion_transit_mhz (transit at 130 C 0.9575 to 0.9575 MHz). the _err_hessian bars are conditional, every other parameter pinned. the dchi2_beta columns are the beta profile, chi2 with beta pinned at 0, theory, 5x and 20x theory and everything else refit, above the free minimum. the power-arm check reads the model's width ratio across each session's ladder at the TIED Omega (scale 1) with everything else fitted: P against the archive's 0.9956 +- 0.0188, passes at pull +0.89, pooled over 1 sessions passes at pull +0.89. centres profiled per trace and re-profiled after each inner fit, outer passes [1, 1], last centre move 0.010 MHz",DIAGNOSTIC
beta_profile,PT,session,False,gaussian,1,0,,,64,,,,,,,,,79000,2000,0.91,86000,159,0.00020,P:0.912 T:0.886,"P:WING-LAW(core +4, wing -19) T:WING-LAW(core -4, wing -12)",66,0,,,,2.2,,1.8,,,,,,,,2.3,,0,,,,,,,,,,,,,,,,,,,,0,,,0,,,,,,,6.4,0.36,1.0,0.96,0.96,0.26,True,40,,,0.9956,0.0188,,False,,False,,,,,,,,,,220,"beta_self pinned at 0 times theory (0.00 kHz per 1e12 cm^-3) with everything else refit warm from the free minimum at this waist: dchi2 is against the free minimum, and the dchi2_beta columns of the grid row read every point against the lowest of the free and the fixed fits. the summary reads the profile these rows make and never a Hessian bar at a rail",DIAGNOSTIC
beta_profile,PT,session,False,gaussian,1,0,,,64,,,,,,,,,78000,980,0.91,86000,159,0.00020,P:0.912 T:0.886,"P:WING-LAW(core +4, wing -19) T:WING-LAW(core -4, wing -12)",66,1.0,,,,2.1,,1.9,,,,,,,,2.0,,0,,,,,,,,,,,,,,,,,,,,3.5,,,1.0,,,,,,,5.1,0.36,0.91,0.96,0.96,0.26,True,40,,,0.9956,0.0188,,False,,False,,,,,,,,,,220,"beta_self pinned at 1 times theory (3.50 kHz per 1e12 cm^-3) with everything else refit warm from the free minimum at this waist: dchi2 is against the free minimum, and the dchi2_beta columns of the grid row read every point against the lowest of the free and the fixed fits. the summary reads the profile these rows make and never a Hessian bar at a rail",DIAGNOSTIC
beta_profile,PT,session,False,gaussian,1,0,,,64,,,,,,,,,78000,430,0.91,86000,159,0.00020,P:0.912 T:0.886,"P:WING-LAW(core +4, wing -19) T:WING-LAW(core -4, wing -12)",66,5.0,,,,1.8,,2.3,,,,,,,,0.39,,0,,,,,,,,,,,,,,,,,,,,17,,,5.0,,,,,,,-3.0,0.36,0.18,0.96,0.96,0.26,True,40,,,0.9956,0.0188,,False,,False,,,,,,,,,,220,"beta_self pinned at 5 times theory (17.49 kHz per 1e12 cm^-3) with everything else refit warm from the free minimum at this waist: dchi2 is against the free minimum, and the dchi2_beta columns of the grid row read every point against the lowest of the free and the fixed fits. the summary reads the profile these rows make and never a Hessian bar at a rail",DIAGNOSTIC
beta_profile,PT,session,False,gaussian,1,0,,,64,,,,,,,,,190000,110000,0.91,86000,159,0.00020,P:0.912 T:0.886,"P:WING-LAW(core +4, wing -19) T:WING-LAW(core -4, wing -12)",66,20,,,,0.20,,1.7,,,,,,,,0.0030,,0,,,,,,,,,,,,,,,,,,,,70,,,20,,,,,,,-5.0,0.36,0.0013,0.96,0.96,0.26,True,40,,,0.9956,0.0188,,False,,False,,,,,,,,,,220,"beta_self pinned at 20 times theory (69.94 kHz per 1e12 cm^-3) with everything else refit warm from the free minimum at this waist: dchi2 is against the free minimum, and the dchi2_beta columns of the grid row read every point against the lowest of the free and the fixed fits. the summary reads the profile these rows make and never a Hessian bar at a rail",DIAGNOSTIC
grid,PT,session,False,gaussian,1,0,,,66,,,,,,,,,78000,1100,0.91,86000,159,0.0000026,P:0.913 T:0.887,"P:WING-LAW(core +5, wing -19) T:WING-LAW(core -4, wing -12)",66,3.459,0.034,,,1.9765,0.0081,2.218,0.023,,,,,,,1.346,0.024,0,,,,,,,,,,,,,,,,,,,,12.10,0.12,22,,2000,1000,410,110000,12,12,1.7,0.34,0.57,0.93,0.93,0.24,True,40,1.0109,1.0188,0.9956,0.0188,0.82,False,0.82,False,,,,,,,,,,220,"the whitened profile likelihood over 159 traces of sessions PT at this waist with beta_self, the laser widths (session), the Omega scale (prior 1 +- 0.2) refit from 2 starts, gamma_l pinned at zero, Delta_alpha pinned at -1131.8 a.u. and rho at 0.94, the density law Steck, the collection window on at z_ratio 0.245 (M2 1), depletion at 0 cycles through companion_transit_mhz (transit at 130 C 0.9285 to 0.9285 MHz). the _err_hessian bars are conditional, every other parameter pinned. the dchi2_beta columns are the beta profile, chi2 with beta pinned at 0, theory, 5x and 20x theory and everything else refit, above the free minimum. the power-arm check reads the model's width ratio across each session's ladder at the TIED Omega (scale 1) with everything else fitted: P against the archive's 0.9956 +- 0.0188, passes at pull +0.82, pooled over 1 sessions passes at pull +0.82. centres profiled per trace and re-profiled after each inner fit, outer passes [1, 1], last centre move 0.016 MHz",DIAGNOSTIC
beta_profile,PT,session,False,gaussian,1,0,,,66,,,,,,,,,80000,2000,0.91,86000,159,0.0000026,P:0.913 T:0.887,"P:WING-LAW(core +5, wing -19) T:WING-LAW(core -4, wing -12)",66,0,,,,2.3,,1.9,,,,,,,,2.4,,0,,,,,,,,,,,,,,,,,,,,0,,,0,,,,,,,7.2,0.34,1.0,0.93,0.93,0.24,True,40,,,0.9956,0.0188,,False,,False,,,,,,,,,,220,"beta_self pinned at 0 times theory (0.00 kHz per 1e12 cm^-3) with everything else refit warm from the free minimum at this waist: dchi2 is against the free minimum, and the dchi2_beta columns of the grid row read every point against the lowest of the free and the fixed fits. the summary reads the profile these rows make and never a Hessian bar at a rail",DIAGNOSTIC
beta_profile,PT,session,False,gaussian,1,0,,,66,,,,,,,,,79000,1000,0.91,86000,159,0.0000026,P:0.913 T:0.887,"P:WING-LAW(core +5, wing -19) T:WING-LAW(core -4, wing -12)",66,1.0,,,,2.2,,2.0,,,,,,,,2.2,,0,,,,,,,,,,,,,,,,,,,,3.5,,,1.0,,,,,,,5.8,0.34,0.92,0.93,0.93,0.24,True,40,,,0.9956,0.0188,,False,,False,,,,,,,,,,220,"beta_self pinned at 1 times theory (3.50 kHz per 1e12 cm^-3) with everything else refit warm from the free minimum at this waist: dchi2 is against the free minimum, and the dchi2_beta columns of the grid row read every point against the lowest of the free and the fixed fits. the summary reads the profile these rows make and never a Hessian bar at a rail",DIAGNOSTIC
beta_profile,PT,session,False,gaussian,1,0,,,66,,,,,,,,,78000,410,0.91,86000,159,0.0000026,P:0.913 T:0.887,"P:WING-LAW(core +5, wing -19) T:WING-LAW(core -4, wing -12)",66,5.0,,,,1.8,,2.3,,,,,,,,0.48,,0,,,,,,,,,,,,,,,,,,,,17,,,5.0,,,,,,,-2.6,0.34,0.21,0.93,0.93,0.24,True,40,,,0.9956,0.0188,,False,,False,,,,,,,,,,220,"beta_self pinned at 5 times theory (17.49 kHz per 1e12 cm^-3) with everything else refit warm from the free minimum at this waist: dchi2 is against the free minimum, and the dchi2_beta columns of the grid row read every point against the lowest of the free and the fixed fits. the summary reads the profile these rows make and never a Hessian bar at a rail",DIAGNOSTIC
beta_profile,PT,session,False,gaussian,1,0,,,66,,,,,,,,,190000,110000,0.91,86000,159,0.0000026,P:0.913 T:0.887,"P:WING-LAW(core +5, wing -19) T:WING-LAW(core -4, wing -12)",66,20,,,,0.20,,1.8,,,,,,,,0.0030,,0,,,,,,,,,,,,,,,,,,,,70,,,20,,,,,,,-5.0,0.34,0.0013,0.93,0.93,0.24,True,40,,,0.9956,0.0188,,False,,False,,,,,,,,,,220,"beta_self pinned at 20 times theory (69.94 kHz per 1e12 cm^-3) with everything else refit warm from the free minimum at this waist: dchi2 is against the free minimum, and the dchi2_beta columns of the grid row read every point against the lowest of the free and the fixed fits. the summary reads the profile these rows make and never a Hessian bar at a rail",DIAGNOSTIC
grid,PT,session,False,gaussian,1,0,,,68,,,,,,,,,78000,1200,0.91,86000,159,0.00030,P:0.914 T:0.887,"P:WING-LAW(core +5, wing -19) T:WING-LAW(core -4, wing -12)",96,3.499,0.034,,,2.0257,0.0079,2.264,0.022,,,,,,,1.444,0.025,0,,,,,,,,,,,,,,,,,,,,12.24,0.12,22,,2100,1100,390,110000,12,12,2.2,0.32,0.58,0.90,0.90,0.23,True,40,1.0097,1.0190,0.9956,0.0188,0.75,False,0.75,False,,,,,,,,,,280,"the whitened profile likelihood over 159 traces of sessions PT at this waist with beta_self, the laser widths (session), the Omega scale (prior 1 +- 0.2) refit from 2 starts, gamma_l pinned at zero, Delta_alpha pinned at -1131.8 a.u. and rho at 0.94, the density law Steck, the collection window on at z_ratio 0.231 (M2 1), depletion at 0 cycles through companion_transit_mhz (transit at 130 C 0.9012 to 0.9012 MHz). the _err_hessian bars are conditional, every other parameter pinned. the dchi2_beta columns are the beta profile, chi2 with beta pinned at 0, theory, 5x and 20x theory and everything else refit, above the free minimum. the power-arm check reads the model's width ratio across each session's ladder at the TIED Omega (scale 1) with everything else fitted: P against the archive's 0.9956 +- 0.0188, passes at pull +0.75, pooled over 1 sessions passes at pull +0.75. centres profiled per trace and re-profiled after each inner fit, outer passes [1, 1], last centre move 0.011 MHz",DIAGNOSTIC
beta_profile,PT,session,False,gaussian,1,0,,,68,,,,,,,,,80000,2100,0.91,86000,159,0.00030,P:0.914 T:0.887,"P:WING-LAW(core +5, wing -19) T:WING-LAW(core -4, wing -12)",96,0,,,,2.3,,1.9,,,,,,,,2.6,,0,,,,,,,,,,,,,,,,,,,,0,,,0,,,,,,,8.0,0.32,1.0,0.90,0.90,0.23,True,40,,,0.9956,0.0188,,False,,False,,,,,,,,,,280,"beta_self pinned at 0 times theory (0.00 kHz per 1e12 cm^-3) with everything else refit warm from the free minimum at this waist: dchi2 is against the free minimum, and the dchi2_beta columns of the grid row read every point against the lowest of the free and the fixed fits. the summary reads the profile these rows make and never a Hessian bar at a rail",DIAGNOSTIC
beta_profile,PT,session,False,gaussian,1,0,,,68,,,,,,,,,79000,1100,0.91,86000,159,0.00030,P:0.914 T:0.887,"P:WING-LAW(core +5, wing -19) T:WING-LAW(core -4, wing -12)",96,1.0,,,,2.2,,2.0,,,,,,,,2.3,,0,,,,,,,,,,,,,,,,,,,,3.5,,,1.0,,,,,,,6.6,0.32,0.93,0.90,0.90,0.23,True,40,,,0.9956,0.0188,,False,,False,,,,,,,,,,280,"beta_self pinned at 1 times theory (3.50 kHz per 1e12 cm^-3) with everything else refit warm from the free minimum at this waist: dchi2 is against the free minimum, and the dchi2_beta columns of the grid row read every point against the lowest of the free and the fixed fits. the summary reads the profile these rows make and never a Hessian bar at a rail",DIAGNOSTIC
beta_profile,PT,session,False,gaussian,1,0,,,68,,,,,,,,,78000,390,0.91,86000,159,0.00030,P:0.914 T:0.887,"P:WING-LAW(core +5, wing -19) T:WING-LAW(core -4, wing -12)",96,5.0,,,,1.9,,2.4,,,,,,,,0.58,,0,,,,,,,,,,,,,,,,,,,,17,,,5.0,,,,,,,-2.1,0.32,0.23,0.90,0.90,0.23,True,40,,,0.9956,0.0188,,False,,False,,,,,,,,,,280,"beta_self pinned at 5 times theory (17.49 kHz per 1e12 cm^-3) with everything else refit warm from the free minimum at this waist: dchi2 is against the free minimum, and the dchi2_beta columns of the grid row read every point against the lowest of the free and the fixed fits. the summary reads the profile these rows make and never a Hessian bar at a rail",DIAGNOSTIC
beta_profile,PT,session,False,gaussian,1,0,,,68,,,,,,,,,180000,110000,0.91,86000,159,0.00030,P:0.914 T:0.887,"P:WING-LAW(core +5, wing -19) T:WING-LAW(core -4, wing -12)",96,20,,,,0.20,,1.8,,,,,,,,0.0060,,0,,,,,,,,,,,,,,,,,,,,70,,,20,,,,,,,-5.0,0.32,0.0024,0.90,0.90,0.23,True,40,,,0.9956,0.0188,,False,,False,,,,,,,,,,280,"beta_self pinned at 20 times theory (69.94 kHz per 1e12 cm^-3) with everything else refit warm from the free minimum at this waist: dchi2 is against the free minimum, and the dchi2_beta columns of the grid row read every point against the lowest of the free and the fixed fits. the summary reads the profile these rows make and never a Hessian bar at a rail",DIAGNOSTIC
grid,PT,session,False,gaussian,1,0,,,70,,,,,,,,,78000,1300,0.91,86000,159,0.00010,P:0.915 T:0.887,"P:WING-LAW(core +5, wing -19) T:WING-LAW(core -4, wing -12)",72,3.534,0.034,,,2.0712,0.0077,2.306,0.022,,,,,,,1.543,0.026,0,,,,,,,,,,,,,,,,,,,,12.36,0.12,23,,2100,1100,370,100000,12,12,2.7,0.30,0.58,0.88,0.88,0.22,True,40,1.0087,1.0192,0.9956,0.0188,0.70,False,0.70,False,,,,,,,,,,280,"the whitened profile likelihood over 159 traces of sessions PT at this waist with beta_self, the laser widths (session), the Omega scale (prior 1 +- 0.2) refit from 2 starts, gamma_l pinned at zero, Delta_alpha pinned at -1131.8 a.u. and rho at 0.94, the density law Steck, the collection window on at z_ratio 0.218 (M2 1), depletion at 0 cycles through companion_transit_mhz (transit at 130 C 0.8754 to 0.8754 MHz). the _err_hessian bars are conditional, every other parameter pinned. the dchi2_beta columns are the beta profile, chi2 with beta pinned at 0, theory, 5x and 20x theory and everything else refit, above the free minimum. the power-arm check reads the model's width ratio across each session's ladder at the TIED Omega (scale 1) with everything else fitted: P against the archive's 0.9956 +- 0.0188, passes at pull +0.70, pooled over 1 sessions passes at pull +0.70. centres profiled per trace and re-profiled after each inner fit, outer passes [1, 1], last centre move 0.012 MHz",DIAGNOSTIC
beta_profile,PT,session,False,gaussian,1,0,,,70,,,,,,,,,80000,2100,0.91,86000,159,0.00010,P:0.915 T:0.887,"P:WING-LAW(core +5, wing -19) T:WING-LAW(core -4, wing -12)",72,0,,,,2.4,,2.0,,,,,,,,2.8,,0,,,,,,,,,,,,,,,,,,,,0,,,0,,,,,,,8.9,0.30,1.0,0.88,0.88,0.22,True,40,,,0.9956,0.0188,,False,,False,,,,,,,,,,280,"beta_self pinned at 0 times theory (0.00 kHz per 1e12 cm^-3) with everything else refit warm from the free minimum at this waist: dchi2 is against the free minimum, and the dchi2_beta columns of the grid row read every point against the lowest of the free and the fixed fits. the summary reads the profile these rows make and never a Hessian bar at a rail",DIAGNOSTIC
beta_profile,PT,session,False,gaussian,1,0,,,70,,,,,,,,,79000,1100,0.91,86000,159,0.00010,P:0.915 T:0.887,"P:WING-LAW(core +5, wing -19) T:WING-LAW(core -4, wing -12)",72,1.0,,,,2.3,,2.1,,,,,,,,2.5,,0,,,,,,,,,,,,,,,,,,,,3.5,,,1.0,,,,,,,7.4,0.30,0.93,0.88,0.88,0.22,True,40,,,0.9956,0.0188,,False,,False,,,,,,,,,,280,"beta_self pinned at 1 times theory (3.50 kHz per 1e12 cm^-3) with everything else refit warm from the free minimum at this waist: dchi2 is against the free minimum, and the dchi2_beta columns of the grid row read every point against the lowest of the free and the fixed fits. the summary reads the profile these rows make and never a Hessian bar at a rail",DIAGNOSTIC
beta_profile,PT,session,False,gaussian,1,0,,,70,,,,,,,,,78000,370,0.91,86000,159,0.00010,P:0.915 T:0.887,"P:WING-LAW(core +5, wing -19) T:WING-LAW(core -4, wing -12)",72,5.0,,,,1.9,,2.4,,,,,,,,0.67,,0,,,,,,,,,,,,,,,,,,,,17,,,5.0,,,,,,,-1.6,0.30,0.25,0.88,0.88,0.22,True,40,,,0.9956,0.0188,,False,,False,,,,,,,,,,280,"beta_self pinned at 5 times theory (17.49 kHz per 1e12 cm^-3) with everything else refit warm from the free minimum at this waist: dchi2 is against the free minimum, and the dchi2_beta columns of the grid row read every point against the lowest of the free and the fixed fits. the summary reads the profile these rows make and never a Hessian bar at a rail",DIAGNOSTIC
beta_profile,PT,session,False,gaussian,1,0,,,70,,,,,,,,,180000,100000,0.91,86000,159,0.00010,P:0.915 T:0.887,"P:WING-LAW(core +5, wing -19) T:WING-LAW(core -4, wing -12)",72,20,,,,0.20,,1.9,,,,,,,,0.012,,0,,,,,,,,,,,,,,,,,,,,70,,,20,,,,,,,-4.9,0.30,0.0044,0.88,0.88,0.22,True,40,,,0.9956,0.0188,,False,,False,,,,,,,,,,280,"beta_self pinned at 20 times theory (69.94 kHz per 1e12 cm^-3) with everything else refit warm from the free minimum at this waist: dchi2 is against the free minimum, and the dchi2_beta columns of the grid row read every point against the lowest of the free and the fixed fits. the summary reads the profile these rows make and never a Hessian bar at a rail",DIAGNOSTIC
grid,PT,session,False,gaussian,1,0,,,72,,,,,,,,,78000,1300,0.91,86000,159,0.000072,P:0.916 T:0.887,"P:WING-LAW(core +6, wing -19) T:WING-LAW(core -4, wing -12)",72,3.568,0.034,,,2.1129,0.0076,2.345,0.022,,,,,,,1.641,0.028,0,,,,,,,,,,,,,,,,,,,,12.48,0.12,23,,2100,1100,350,100000,12,13,3.2,0.28,0.58,0.85,0.85,0.21,True,40,1.0078,1.0193,0.9956,0.0188,0.65,False,0.65,False,,,,,,,,,,320,"the whitened profile likelihood over 159 traces of sessions PT at this waist with beta_self, the laser widths (session), the Omega scale (prior 1 +- 0.2) refit from 2 starts, gamma_l pinned at zero, Delta_alpha pinned at -1131.8 a.u. and rho at 0.94, the density law Steck, the collection window on at z_ratio 0.206 (M2 1), depletion at 0 cycles through companion_transit_mhz (transit at 130 C 0.8511 to 0.8511 MHz). the _err_hessian bars are conditional, every other parameter pinned. the dchi2_beta columns are the beta profile, chi2 with beta pinned at 0, theory, 5x and 20x theory and everything else refit, above the free minimum. the power-arm check reads the model's width ratio across each session's ladder at the TIED Omega (scale 1) with everything else fitted: P against the archive's 0.9956 +- 0.0188, passes at pull +0.65, pooled over 1 sessions passes at pull +0.65. centres profiled per trace and re-profiled after each inner fit, outer passes [1, 1], last centre move 0.019 MHz",DIAGNOSTIC
beta_profile,PT,session,False,gaussian,1,0,,,72,,,,,,,,,80000,2100,0.91,86000,159,0.000072,P:0.916 T:0.887,"P:WING-LAW(core +6, wing -19) T:WING-LAW(core -4, wing -12)",72,0,,,,2.4,,2.0,,,,,,,,2.9,,0,,,,,,,,,,,,,,,,,,,,0,,,0,,,,,,,9.7,0.28,1.0,0.85,0.85,0.21,True,40,,,0.9956,0.0188,,False,,False,,,,,,,,,,320,"beta_self pinned at 0 times theory (0.00 kHz per 1e12 cm^-3) with everything else refit warm from the free minimum at this waist: dchi2 is against the free minimum, and the dchi2_beta columns of the grid row read every point against the lowest of the free and the fixed fits. the summary reads the profile these rows make and never a Hessian bar at a rail",DIAGNOSTIC
beta_profile,PT,session,False,gaussian,1,0,,,72,,,,,,,,,79000,1100,0.91,86000,159,0.000072,P:0.916 T:0.887,"P:WING-LAW(core +6, wing -19) T:WING-LAW(core -4, wing -12)",72,1.0,,,,2.3,,2.1,,,,,,,,2.6,,0,,,,,,,,,,,,,,,,,,,,3.5,,,1.0,,,,,,,8.2,0.28,0.94,0.85,0.85,0.21,True,40,,,0.9956,0.0188,,False,,False,,,,,,,,,,320,"beta_self pinned at 1 times theory (3.50 kHz per 1e12 cm^-3) with everything else refit warm from the free minimum at this waist: dchi2 is against the free minimum, and the dchi2_beta columns of the grid row read every point against the lowest of the free and the fixed fits. the summary reads the profile these rows make and never a Hessian bar at a rail",DIAGNOSTIC
beta_profile,PT,session,False,gaussian,1,0,,,72,,,,,,,,,78000,350,0.91,86000,159,0.000072,P:0.916 T:0.887,"P:WING-LAW(core +6, wing -19) T:WING-LAW(core -4, wing -12)",72,5.0,,,,2.0,,2.4,,,,,,,,0.76,,0,,,,,,,,,,,,,,,,,,,,17,,,5.0,,,,,,,-1.2,0.28,0.27,0.85,0.85,0.21,True,40,,,0.9956,0.0188,,False,,False,,,,,,,,,,320,"beta_self pinned at 5 times theory (17.49 kHz per 1e12 cm^-3) with everything else refit warm from the free minimum at this waist: dchi2 is against the free minimum, and the dchi2_beta columns of the grid row read every point against the lowest of the free and the fixed fits. the summary reads the profile these rows make and never a Hessian bar at a rail",DIAGNOSTIC
beta_profile,PT,session,False,gaussian,1,0,,,72,,,,,,,,,180000,100000,0.91,86000,159,0.000072,P:0.916 T:0.887,"P:WING-LAW(core +6, wing -19) T:WING-LAW(core -4, wing -12)",72,20,,,,0.20,,1.9,,,,,,,,0.011,,0,,,,,,,,,,,,,,,,,,,,70,,,20,,,,,,,-4.9,0.28,0.0041,0.85,0.85,0.21,True,40,,,0.9956,0.0188,,False,,False,,,,,,,,,,320,"beta_self pinned at 20 times theory (69.94 kHz per 1e12 cm^-3) with everything else refit warm from the free minimum at this waist: dchi2 is against the free minimum, and the dchi2_beta columns of the grid row read every point against the lowest of the free and the fixed fits. the summary reads the profile these rows make and never a Hessian bar at a rail",DIAGNOSTIC
grid,PT,session,False,gaussian,1,0,,,74,,,,,,,,,78000,1400,0.91,86000,159,0.000083,P:0.916 T:0.887,"P:WING-LAW(core +6, wing -19) T:WING-LAW(core -4, wing -12)",72,3.599,0.034,,,2.1516,0.0074,2.381,0.021,,,,,,,1.739,0.029,0,,,,,,,,,,,,,,,,,,,,12.59,0.12,23,,2200,1100,340,99000,13,13,3.7,0.27,0.59,0.83,0.83,0.19,True,40,1.0070,1.0193,0.9956,0.0188,0.61,False,0.61,False,,,,,,,,,,280,"the whitened profile likelihood over 159 traces of sessions PT at this waist with beta_self, the laser widths (session), the Omega scale (prior 1 +- 0.2) refit from 2 starts, gamma_l pinned at zero, Delta_alpha pinned at -1131.8 a.u. and rho at 0.94, the density law Steck, the collection window on at z_ratio 0.195 (M2 1), depletion at 0 cycles through companion_transit_mhz (transit at 130 C 0.8281 to 0.8281 MHz). the _err_hessian bars are conditional, every other parameter pinned. the dchi2_beta columns are the beta profile, chi2 with beta pinned at 0, theory, 5x and 20x theory and everything else refit, above the free minimum. the power-arm check reads the model's width ratio across each session's ladder at the TIED Omega (scale 1) with everything else fitted: P against the archive's 0.9956 +- 0.0188, passes at pull +0.61, pooled over 1 sessions passes at pull +0.61. centres profiled per trace and re-profiled after each inner fit, outer passes [1, 1], last centre move 0.019 MHz",DIAGNOSTIC
beta_profile,PT,session,False,gaussian,1,0,,,74,,,,,,,,,80000,2200,0.91,86000,159,0.000083,P:0.916 T:0.887,"P:WING-LAW(core +6, wing -19) T:WING-LAW(core -4, wing -12)",72,0,,,,2.5,,2.1,,,,,,,,3.0,,0,,,,,,,,,,,,,,,,,,,,0,,,0,,,,,,,10,0.27,1.0,0.83,0.83,0.19,True,40,,,0.9956,0.0188,,False,,False,,,,,,,,,,280,"beta_self pinned at 0 times theory (0.00 kHz per 1e12 cm^-3) with everything else refit warm from the free minimum at this waist: dchi2 is against the free minimum, and the dchi2_beta columns of the grid row read every point against the lowest of the free and the fixed fits. the summary reads the profile these rows make and never a Hessian bar at a rail",DIAGNOSTIC
beta_profile,PT,session,False,gaussian,1,0,,,74,,,,,,,,,79000,1100,0.91,86000,159,0.000083,P:0.916 T:0.887,"P:WING-LAW(core +6, wing -19) T:WING-LAW(core -4, wing -12)",72,1.0,,,,2.4,,2.2,,,,,,,,2.8,,0,,,,,,,,,,,,,,,,,,,,3.5,,,1.0,,,,,,,9.0,0.27,0.94,0.83,0.83,0.19,True,40,,,0.9956,0.0188,,False,,False,,,,,,,,,,280,"beta_self pinned at 1 times theory (3.50 kHz per 1e12 cm^-3) with everything else refit warm from the free minimum at this waist: dchi2 is against the free minimum, and the dchi2_beta columns of the grid row read every point against the lowest of the free and the fixed fits. the summary reads the profile these rows make and never a Hessian bar at a rail",DIAGNOSTIC
beta_profile,PT,session,False,gaussian,1,0,,,74,,,,,,,,,78000,340,0.91,86000,159,0.000083,P:0.916 T:0.887,"P:WING-LAW(core +6, wing -19) T:WING-LAW(core -4, wing -12)",72,5.0,,,,2.0,,2.5,,,,,,,,0.84,,0,,,,,,,,,,,,,,,,,,,,17,,,5.0,,,,,,,-0.78,0.27,0.28,0.83,0.83,0.19,True,40,,,0.9956,0.0188,,False,,False,,,,,,,,,,280,"beta_self pinned at 5 times theory (17.49 kHz per 1e12 cm^-3) with everything else refit warm from the free minimum at this waist: dchi2 is against the free minimum, and the dchi2_beta columns of the grid row read every point against the lowest of the free and the fixed fits. the summary reads the profile these rows make and never a Hessian bar at a rail",DIAGNOSTIC
beta_profile,PT,session,False,gaussian,1,0,,,74,,,,,,,,,180000,99000,0.91,86000,159,0.000083,P:0.916 T:0.887,"P:WING-LAW(core +6, wing -19) T:WING-LAW(core -4, wing -12)",72,20,,,,0.20,,2.0,,,,,,,,0.00050,,0,,,,,,,,,,,,,,,,,,,,70,,,20,,,,,,,-5.0,0.27,0.00017,0.83,0.83,0.19,True,40,,,0.9956,0.0188,,False,,False,,,,,,,,,,280,"beta_self pinned at 20 times theory (69.94 kHz per 1e12 cm^-3) with everything else refit warm from the free minimum at this waist: dchi2 is against the free minimum, and the dchi2_beta columns of the grid row read every point against the lowest of the free and the fixed fits. the summary reads the profile these rows make and never a Hessian bar at a rail",DIAGNOSTIC
grid,PT,session,False,gaussian,1,0,,,76,,,,,,,,,78000,1400,0.92,86000,159,0.00014,P:0.917 T:0.888,"P:WING-LAW(core +6, wing -19) T:WING-LAW(core -4, wing -12)",72,3.629,0.034,,,2.1876,0.0073,2.416,0.021,,,,,,,1.836,0.031,0,,,,,,,,,,,,,,,,,,,,12.69,0.12,24,,2300,1200,320,97000,13,13,4.2,0.26,0.59,0.81,0.81,0.18,True,40,1.0062,1.0192,0.9956,0.0188,0.57,False,0.57,False,,,,,,,,,,260,"the whitened profile likelihood over 159 traces of sessions PT at this waist with beta_self, the laser widths (session), the Omega scale (prior 1 +- 0.2) refit from 2 starts, gamma_l pinned at zero, Delta_alpha pinned at -1131.8 a.u. and rho at 0.94, the density law Steck, the collection window on at z_ratio 0.185 (M2 1), depletion at 0 cycles through companion_transit_mhz (transit at 130 C 0.8063 to 0.8063 MHz). the _err_hessian bars are conditional, every other parameter pinned. the dchi2_beta columns are the beta profile, chi2 with beta pinned at 0, theory, 5x and 20x theory and everything else refit, above the free minimum. the power-arm check reads the model's width ratio across each session's ladder at the TIED Omega (scale 1) with everything else fitted: P against the archive's 0.9956 +- 0.0188, passes at pull +0.57, pooled over 1 sessions passes at pull +0.57. centres profiled per trace and re-profiled after each inner fit, outer passes [1, 1], last centre move 0.020 MHz",DIAGNOSTIC
beta_profile,PT,session,False,gaussian,1,0,,,76,,,,,,,,,80000,2300,0.92,86000,159,0.00014,P:0.917 T:0.888,"P:WING-LAW(core +6, wing -19) T:WING-LAW(core -4, wing -12)",72,0,,,,2.6,,2.2,,,,,,,,3.0,,0,,,,,,,,,,,,,,,,,,,,0,,,0,,,,,,,10,0.26,0.96,0.81,0.81,0.18,True,40,,,0.9956,0.0188,,False,,False,,,,,,,,,,260,"beta_self pinned at 0 times theory (0.00 kHz per 1e12 cm^-3) with everything else refit warm from the free minimum at this waist: dchi2 is against the free minimum, and the dchi2_beta columns of the grid row read every point against the lowest of the free and the fixed fits. the summary reads the profile these rows make and never a Hessian bar at a rail",DIAGNOSTIC
beta_profile,PT,session,False,gaussian,1,0,,,76,,,,,,,,,79000,1200,0.92,86000,159,0.00014,P:0.917 T:0.888,"P:WING-LAW(core +6, wing -19) T:WING-LAW(core -4, wing -12)",72,1.0,,,,2.4,,2.2,,,,,,,,3.0,,0,,,,,,,,,,,,,,,,,,,,3.5,,,1.0,,,,,,,9.8,0.26,0.94,0.81,0.81,0.18,True,40,,,0.9956,0.0188,,False,,False,,,,,,,,,,260,"beta_self pinned at 1 times theory (3.50 kHz per 1e12 cm^-3) with everything else refit warm from the free minimum at this waist: dchi2 is against the free minimum, and the dchi2_beta columns of the grid row read every point against the lowest of the free and the fixed fits. the summary reads the profile these rows make and never a Hessian bar at a rail",DIAGNOSTIC
beta_profile,PT,session,False,gaussian,1,0,,,76,,,,,,,,,78000,320,0.92,86000,159,0.00014,P:0.917 T:0.888,"P:WING-LAW(core +6, wing -19) T:WING-LAW(core -4, wing -12)",72,5.0,,,,2.1,,2.5,,,,,,,,0.93,,0,,,,,,,,,,,,,,,,,,,,17,,,5.0,,,,,,,-0.37,0.26,0.30,0.81,0.81,0.18,True,40,,,0.9956,0.0188,,False,,False,,,,,,,,,,260,"beta_self pinned at 5 times theory (17.49 kHz per 1e12 cm^-3) with everything else refit warm from the free minimum at this waist: dchi2 is against the free minimum, and the dchi2_beta columns of the grid row read every point against the lowest of the free and the fixed fits. the summary reads the profile these rows make and never a Hessian bar at a rail",DIAGNOSTIC
beta_profile,PT,session,False,gaussian,1,0,,,76,,,,,,,,,180000,97000,0.92,86000,159,0.00014,P:0.917 T:0.888,"P:WING-LAW(core +6, wing -19) T:WING-LAW(core -4, wing -12)",72,20,,,,0.20,,2.0,,,,,,,,0.0093,,0,,,,,,,,,,,,,,,,,,,,70,,,20,,,,,,,-5.0,0.26,0.0030,0.81,0.81,0.18,True,40,,,0.9956,0.0188,,False,,False,,,,,,,,,,260,"beta_self pinned at 20 times theory (69.94 kHz per 1e12 cm^-3) with everything else refit warm from the free minimum at this waist: dchi2 is against the free minimum, and the dchi2_beta columns of the grid row read every point against the lowest of the free and the fixed fits. the summary reads the profile these rows make and never a Hessian bar at a rail",DIAGNOSTIC
grid,PT,session,False,gaussian,1,0,,,78,,,,,,,,,78000,1500,0.92,86000,159,0.00040,P:0.917 T:0.888,"P:WING-LAW(core +6, wing -19) T:WING-LAW(core -4, wing -12)",84,3.657,0.034,,,2.2211,0.0072,2.448,0.021,,,,,,,1.932,0.032,0,,,,,,,,,,,,,,,,,,,,12.79,0.12,24,,2400,1200,310,95000,13,13,4.7,0.24,0.59,0.79,0.79,0.18,True,40,1.0056,1.0190,0.9956,0.0188,0.53,False,0.53,False,,,,,,,,,,290,"the whitened profile likelihood over 159 traces of sessions PT at this waist with beta_self, the laser widths (session), the Omega scale (prior 1 +- 0.2) refit from 2 starts, gamma_l pinned at zero, Delta_alpha pinned at -1131.8 a.u. and rho at 0.94, the density law Steck, the collection window on at z_ratio 0.175 (M2 1), depletion at 0 cycles through companion_transit_mhz (transit at 130 C 0.7856 to 0.7856 MHz). the _err_hessian bars are conditional, every other parameter pinned. the dchi2_beta columns are the beta profile, chi2 with beta pinned at 0, theory, 5x and 20x theory and everything else refit, above the free minimum. the power-arm check reads the model's width ratio across each session's ladder at the TIED Omega (scale 1) with everything else fitted: P against the archive's 0.9956 +- 0.0188, passes at pull +0.53, pooled over 1 sessions passes at pull +0.53. centres profiled per trace and re-profiled after each inner fit, outer passes [1, 2], last centre move 0.000 MHz",DIAGNOSTIC
beta_profile,PT,session,False,gaussian,1,0,,,78,,,,,,,,,80000,2400,0.92,86000,159,0.00040,P:0.917 T:0.888,"P:WING-LAW(core +6, wing -19) T:WING-LAW(core -4, wing -12)",84,0,,,,2.6,,2.3,,,,,,,,3.0,,0,,,,,,,,,,,,,,,,,,,,0,,,0,,,,,,,10,0.24,0.91,0.79,0.79,0.18,True,40,,,0.9956,0.0188,,False,,False,,,,,,,,,,290,"beta_self pinned at 0 times theory (0.00 kHz per 1e12 cm^-3) with everything else refit warm from the free minimum at this waist: dchi2 is against the free minimum, and the dchi2_beta columns of the grid row read every point against the lowest of the free and the fixed fits. the summary reads the profile these rows make and never a Hessian bar at a rail",DIAGNOSTIC
beta_profile,PT,session,False,gaussian,1,0,,,78,,,,,,,,,79000,1200,0.92,86000,159,0.00040,P:0.917 T:0.888,"P:WING-LAW(core +6, wing -19) T:WING-LAW(core -4, wing -12)",84,1.0,,,,2.5,,2.3,,,,,,,,3.0,,0,,,,,,,,,,,,,,,,,,,,3.5,,,1.0,,,,,,,10,0.24,0.91,0.79,0.79,0.18,True,40,,,0.9956,0.0188,,False,,False,,,,,,,,,,290,"beta_self pinned at 1 times theory (3.50 kHz per 1e12 cm^-3) with everything else refit warm from the free minimum at this waist: dchi2 is against the free minimum, and the dchi2_beta columns of the grid row read every point against the lowest of the free and the fixed fits. the summary reads the profile these rows make and never a Hessian bar at a rail",DIAGNOSTIC
beta_profile,PT,session,False,gaussian,1,0,,,78,,,,,,,,,78000,310,0.92,86000,159,0.00040,P:0.917 T:0.888,"P:WING-LAW(core +6, wing -19) T:WING-LAW(core -4, wing -12)",84,5.0,,,,2.1,,2.5,,,,,,,,1.0,,0,,,,,,,,,,,,,,,,,,,,17,,,5.0,,,,,,,0.030,0.24,0.30,0.79,0.79,0.18,True,40,,,0.9956,0.0188,,False,,False,,,,,,,,,,290,"beta_self pinned at 5 times theory (17.49 kHz per 1e12 cm^-3) with everything else refit warm from the free minimum at this waist: dchi2 is against the free minimum, and the dchi2_beta columns of the grid row read every point against the lowest of the free and the fixed fits. the summary reads the profile these rows make and never a Hessian bar at a rail",DIAGNOSTIC
beta_profile,PT,session,False,gaussian,1,0,,,78,,,,,,,,,170000,95000,0.92,86000,159,0.00040,P:0.917 T:0.888,"P:WING-LAW(core +6, wing -19) T:WING-LAW(core -4, wing -12)",84,20,,,,0.20,,2.1,,,,,,,,0.0094,,0,,,,,,,,,,,,,,,,,,,,70,,,20,,,,,,,-5.0,0.24,0.0029,0.79,0.79,0.18,True,40,,,0.9956,0.0188,,False,,False,,,,,,,,,,290,"beta_self pinned at 20 times theory (69.94 kHz per 1e12 cm^-3) with everything else refit warm from the free minimum at this waist: dchi2 is against the free minimum, and the dchi2_beta columns of the grid row read every point against the lowest of the free and the fixed fits. the summary reads the profile these rows make and never a Hessian bar at a rail",DIAGNOSTIC
grid,PT,session,False,gaussian,1,0,,,80,,,,,,,,,78000,1500,0.92,86000,159,0.00032,P:0.917 T:0.888,"P:WING-LAW(core +6, wing -19) T:WING-LAW(core -3, wing -12)",108,3.685,0.034,,,2.2522,0.0071,2.478,0.021,,,,,,,2.028,0.034,0,,,,,,,,,,,,,,,,,,,,12.89,0.12,24,,2600,1300,300,94000,13,13,5.1,0.23,0.58,0.77,0.77,0.17,True,40,1.0050,1.0187,0.9956,0.0188,0.50,False,0.50,False,,,,,,,,,,290,"the whitened profile likelihood over 159 traces of sessions PT at this waist with beta_self, the laser widths (session), the Omega scale (prior 1 +- 0.2) refit from 2 starts, gamma_l pinned at zero, Delta_alpha pinned at -1131.8 a.u. and rho at 0.94, the density law Steck, the collection window on at z_ratio 0.167 (M2 1), depletion at 0 cycles through companion_transit_mhz (transit at 130 C 0.7660 to 0.7660 MHz). the _err_hessian bars are conditional, every other parameter pinned. the dchi2_beta columns are the beta profile, chi2 with beta pinned at 0, theory, 5x and 20x theory and everything else refit, above the free minimum. the power-arm check reads the model's width ratio across each session's ladder at the TIED Omega (scale 1) with everything else fitted: P against the archive's 0.9956 +- 0.0188, passes at pull +0.50, pooled over 1 sessions passes at pull +0.50. centres profiled per trace and re-profiled after each inner fit, outer passes [1, 2], last centre move 0.000 MHz",DIAGNOSTIC
beta_profile,PT,session,False,gaussian,1,0,,,80,,,,,,,,,80000,2600,0.92,86000,159,0.00032,P:0.917 T:0.888,"P:WING-LAW(core +6, wing -19) T:WING-LAW(core -3, wing -12)",108,0,,,,2.7,,2.4,,,,,,,,3.0,,0,,,,,,,,,,,,,,,,,,,,0,,,0,,,,,,,10,0.23,0.86,0.77,0.77,0.17,True,40,,,0.9956,0.0188,,False,,False,,,,,,,,,,290,"beta_self pinned at 0 times theory (0.00 kHz per 1e12 cm^-3) with everything else refit warm from the free minimum at this waist: dchi2 is against the free minimum, and the dchi2_beta columns of the grid row read every point against the lowest of the free and the fixed fits. the summary reads the profile these rows make and never a Hessian bar at a rail",DIAGNOSTIC
beta_profile,PT,session,False,gaussian,1,0,,,80,,,,,,,,,79000,1300,0.92,86000,159,0.00032,P:0.917 T:0.888,"P:WING-LAW(core +6, wing -19) T:WING-LAW(core -3, wing -12)",108,1.0,,,,2.5,,2.3,,,,,,,,3.0,,0,,,,,,,,,,,,,,,,,,,,3.5,,,1.0,,,,,,,10,0.23,0.86,0.77,0.77,0.17,True,40,,,0.9956,0.0188,,False,,False,,,,,,,,,,290,"beta_self pinned at 1 times theory (3.50 kHz per 1e12 cm^-3) with everything else refit warm from the free minimum at this waist: dchi2 is against the free minimum, and the dchi2_beta columns of the grid row read every point against the lowest of the free and the fixed fits. the summary reads the profile these rows make and never a Hessian bar at a rail",DIAGNOSTIC
beta_profile,PT,session,False,gaussian,1,0,,,80,,,,,,,,,78000,300,0.92,86000,159,0.00032,P:0.917 T:0.888,"P:WING-LAW(core +6, wing -19) T:WING-LAW(core -3, wing -12)",108,5.0,,,,2.1,,2.6,,,,,,,,1.1,,0,,,,,,,,,,,,,,,,,,,,17,,,5.0,,,,,,,0.41,0.23,0.31,0.77,0.77,0.17,True,40,,,0.9956,0.0188,,False,,False,,,,,,,,,,290,"beta_self pinned at 5 times theory (17.49 kHz per 1e12 cm^-3) with everything else refit warm from the free minimum at this waist: dchi2 is against the free minimum, and the dchi2_beta columns of the grid row read every point against the lowest of the free and the fixed fits. the summary reads the profile these rows make and never a Hessian bar at a rail",DIAGNOSTIC
beta_profile,PT,session,False,gaussian,1,0,,,80,,,,,,,,,170000,94000,0.92,86000,159,0.00032,P:0.917 T:0.888,"P:WING-LAW(core +6, wing -19) T:WING-LAW(core -3, wing -12)",108,20,,,,0.20,,2.1,,,,,,,,0.0087,,0,,,,,,,,,,,,,,,,,,,,70,,,20,,,,,,,-5.0,0.23,0.0025,0.77,0.77,0.17,True,40,,,0.9956,0.0188,,False,,False,,,,,,,,,,290,"beta_self pinned at 20 times theory (69.94 kHz per 1e12 cm^-3) with everything else refit warm from the free minimum at this waist: dchi2 is against the free minimum, and the dchi2_beta columns of the grid row read every point against the lowest of the free and the fixed fits. the summary reads the profile these rows make and never a Hessian bar at a rail",DIAGNOSTIC
grid,PT,session,False,gaussian,1,0,,,82,,,,,,,,,78000,1600,0.92,86000,159,0.000093,P:0.918 T:0.888,"P:WING-LAW(core +7, wing -19) T:WING-LAW(core -3, wing -12)",114,3.713,0.034,,,2.2812,0.0070,2.506,0.020,,,,,,,2.120,0.036,0,,,,,,,,,,,,,,,,,,,,12.98,0.12,24,,2700,1400,290,92000,13,13,5.6,0.22,0.58,0.75,0.75,0.16,True,40,1.0045,1.0185,0.9956,0.0188,0.47,False,0.47,False,,,,,,,,,,350,"the whitened profile likelihood over 159 traces of sessions PT at this waist with beta_self, the laser widths (session), the Omega scale (prior 1 +- 0.2) refit from 2 starts, gamma_l pinned at zero, Delta_alpha pinned at -1131.8 a.u. and rho at 0.94, the density law Steck, the collection window on at z_ratio 0.159 (M2 1), depletion at 0 cycles through companion_transit_mhz (transit at 130 C 0.7473 to 0.7473 MHz). the _err_hessian bars are conditional, every other parameter pinned. the dchi2_beta columns are the beta profile, chi2 with beta pinned at 0, theory, 5x and 20x theory and everything else refit, above the free minimum. the power-arm check reads the model's width ratio across each session's ladder at the TIED Omega (scale 1) with everything else fitted: P against the archive's 0.9956 +- 0.0188, passes at pull +0.47, pooled over 1 sessions passes at pull +0.47. centres profiled per trace and re-profiled after each inner fit, outer passes [1, 2], last centre move 0.016 MHz",DIAGNOSTIC
beta_profile,PT,session,False,gaussian,1,0,,,82,,,,,,,,,81000,2700,0.92,86000,159,0.000093,P:0.918 T:0.888,"P:WING-LAW(core +7, wing -19) T:WING-LAW(core -3, wing -12)",114,0,,,,2.7,,2.5,,,,,,,,3.0,,0,,,,,,,,,,,,,,,,,,,,0,,,0,,,,,,,10,0.22,0.82,0.75,0.75,0.16,True,40,,,0.9956,0.0188,,False,,False,,,,,,,,,,350,"beta_self pinned at 0 times theory (0.00 kHz per 1e12 cm^-3) with everything else refit warm from the free minimum at this waist: dchi2 is against the free minimum, and the dchi2_beta columns of the grid row read every point against the lowest of the free and the fixed fits. the summary reads the profile these rows make and never a Hessian bar at a rail",DIAGNOSTIC
beta_profile,PT,session,False,gaussian,1,0,,,82,,,,,,,,,79000,1400,0.92,86000,159,0.000093,P:0.918 T:0.888,"P:WING-LAW(core +7, wing -19) T:WING-LAW(core -3, wing -12)",114,1.0,,,,2.6,,2.4,,,,,,,,3.0,,0,,,,,,,,,,,,,,,,,,,,3.5,,,1.0,,,,,,,10,0.22,0.82,0.75,0.75,0.16,True,40,,,0.9956,0.0188,,False,,False,,,,,,,,,,350,"beta_self pinned at 1 times theory (3.50 kHz per 1e12 cm^-3) with everything else refit warm from the free minimum at this waist: dchi2 is against the free minimum, and the dchi2_beta columns of the grid row read every point against the lowest of the free and the fixed fits. the summary reads the profile these rows make and never a Hessian bar at a rail",DIAGNOSTIC
beta_profile,PT,session,False,gaussian,1,0,,,82,,,,,,,,,78000,290,0.92,86000,159,0.000093,P:0.918 T:0.888,"P:WING-LAW(core +7, wing -19) T:WING-LAW(core -3, wing -12)",114,5.0,,,,2.2,,2.6,,,,,,,,1.2,,0,,,,,,,,,,,,,,,,,,,,17,,,5.0,,,,,,,0.77,0.22,0.32,0.75,0.75,0.16,True,40,,,0.9956,0.0188,,False,,False,,,,,,,,,,350,"beta_self pinned at 5 times theory (17.49 kHz per 1e12 cm^-3) with everything else refit warm from the free minimum at this waist: dchi2 is against the free minimum, and the dchi2_beta columns of the grid row read every point against the lowest of the free and the fixed fits. the summary reads the profile these rows make and never a Hessian bar at a rail",DIAGNOSTIC
beta_profile,PT,session,False,gaussian,1,0,,,82,,,,,,,,,170000,92000,0.92,86000,159,0.000093,P:0.918 T:0.888,"P:WING-LAW(core +7, wing -19) T:WING-LAW(core -3, wing -12)",114,20,,,,0.20,,2.1,,,,,,,,0.014,,0,,,,,,,,,,,,,,,,,,,,70,,,20,,,,,,,-4.9,0.22,0.0039,0.75,0.75,0.16,True,40,,,0.9956,0.0188,,False,,False,,,,,,,,,,350,"beta_self pinned at 20 times theory (69.94 kHz per 1e12 cm^-3) with everything else refit warm from the free minimum at this waist: dchi2 is against the free minimum, and the dchi2_beta columns of the grid row read every point against the lowest of the free and the fixed fits. the summary reads the profile these rows make and never a Hessian bar at a rail",DIAGNOSTIC
grid,PT,session,False,gaussian,1,0,,,84,,,,,,,,,78000,1600,0.92,86000,159,0.00014,P:0.918 T:0.888,"P:WING-LAW(core +7, wing -19) T:WING-LAW(core -3, wing -12)",114,3.740,0.034,,,2.3084,0.0070,2.534,0.020,,,,,,,2.209,0.038,0,,,,,,,,,,,,,,,,,,,,13.08,0.12,25,,2900,1400,270,91000,13,13,6.0,0.21,0.58,0.73,0.73,0.15,True,40,1.0041,1.0182,0.9956,0.0188,0.45,False,0.45,False,,,,,,,,,,300,"the whitened profile likelihood over 159 traces of sessions PT at this waist with beta_self, the laser widths (session), the Omega scale (prior 1 +- 0.2) refit from 2 starts, gamma_l pinned at zero, Delta_alpha pinned at -1131.8 a.u. and rho at 0.94, the density law Steck, the collection window on at z_ratio 0.151 (M2 1), depletion at 0 cycles through companion_transit_mhz (transit at 130 C 0.7295 to 0.7295 MHz). the _err_hessian bars are conditional, every other parameter pinned. the dchi2_beta columns are the beta profile, chi2 with beta pinned at 0, theory, 5x and 20x theory and everything else refit, above the free minimum. the power-arm check reads the model's width ratio across each session's ladder at the TIED Omega (scale 1) with everything else fitted: P against the archive's 0.9956 +- 0.0188, passes at pull +0.45, pooled over 1 sessions passes at pull +0.45. centres profiled per trace and re-profiled after each inner fit, outer passes [1, 2], last centre move 0.000 MHz",DIAGNOSTIC
beta_profile,PT,session,False,gaussian,1,0,,,84,,,,,,,,,81000,2900,0.92,86000,159,0.00014,P:0.918 T:0.888,"P:WING-LAW(core +7, wing -19) T:WING-LAW(core -3, wing -12)",114,0,,,,2.8,,2.5,,,,,,,,3.0,,0,,,,,,,,,,,,,,,,,,,,0,,,0,,,,,,,10,0.21,0.78,0.73,0.73,0.15,True,40,,,0.9956,0.0188,,False,,False,,,,,,,,,,300,"beta_self pinned at 0 times theory (0.00 kHz per 1e12 cm^-3) with everything else refit warm from the free minimum at this waist: dchi2 is against the free minimum, and the dchi2_beta columns of the grid row read every point against the lowest of the free and the fixed fits. the summary reads the profile these rows make and never a Hessian bar at a rail",DIAGNOSTIC
beta_profile,PT,session,False,gaussian,1,0,,,84,,,,,,,,,79000,1400,0.92,86000,159,0.00014,P:0.918 T:0.888,"P:WING-LAW(core +7, wing -19) T:WING-LAW(core -3, wing -12)",114,1.0,,,,2.6,,2.5,,,,,,,,3.0,,0,,,,,,,,,,,,,,,,,,,,3.5,,,1.0,,,,,,,10,0.21,0.78,0.73,0.73,0.15,True,40,,,0.9956,0.0188,,False,,False,,,,,,,,,,300,"beta_self pinned at 1 times theory (3.50 kHz per 1e12 cm^-3) with everything else refit warm from the free minimum at this waist: dchi2 is against the free minimum, and the dchi2_beta columns of the grid row read every point against the lowest of the free and the fixed fits. the summary reads the profile these rows make and never a Hessian bar at a rail",DIAGNOSTIC
beta_profile,PT,session,False,gaussian,1,0,,,84,,,,,,,,,78000,270,0.92,86000,159,0.00014,P:0.918 T:0.888,"P:WING-LAW(core +7, wing -19) T:WING-LAW(core -3, wing -12)",114,5.0,,,,2.2,,2.6,,,,,,,,1.2,,0,,,,,,,,,,,,,,,,,,,,17,,,5.0,,,,,,,1.1,0.21,0.32,0.73,0.73,0.15,True,40,,,0.9956,0.0188,,False,,False,,,,,,,,,,300,"beta_self pinned at 5 times theory (17.49 kHz per 1e12 cm^-3) with everything else refit warm from the free minimum at this waist: dchi2 is against the free minimum, and the dchi2_beta columns of the grid row read every point against the lowest of the free and the fixed fits. the summary reads the profile these rows make and never a Hessian bar at a rail",DIAGNOSTIC
beta_profile,PT,session,False,gaussian,1,0,,,84,,,,,,,,,170000,91000,0.92,86000,159,0.00014,P:0.918 T:0.888,"P:WING-LAW(core +7, wing -19) T:WING-LAW(core -3, wing -12)",114,20,,,,0.20,,2.2,,,,,,,,0.016,,0,,,,,,,,,,,,,,,,,,,,70,,,20,,,,,,,-4.9,0.21,0.0042,0.73,0.73,0.15,True,40,,,0.9956,0.0188,,False,,False,,,,,,,,,,300,"beta_self pinned at 20 times theory (69.94 kHz per 1e12 cm^-3) with everything else refit warm from the free minimum at this waist: dchi2 is against the free minimum, and the dchi2_beta columns of the grid row read every point against the lowest of the free and the fixed fits. the summary reads the profile these rows make and never a Hessian bar at a rail",DIAGNOSTIC
grid,PT,session,False,gaussian,1,0,,,86,,,,,,,,,78000,1700,0.92,86000,159,0.00016,P:0.918 T:0.889,"P:WING-LAW(core +7, wing -19) T:WING-LAW(core -3, wing -12)",114,3.768,0.034,,,2.3339,0.0069,2.560,0.020,,,,,,,2.295,0.040,0,,,,,,,,,,,,,,,,,,,,13.18,0.12,25,,3100,1500,260,90000,13,13,6.5,0.20,0.57,0.71,0.71,0.14,True,40,1.0037,1.0178,0.9956,0.0188,0.43,False,0.43,False,,,,,,,,,,310,"the whitened profile likelihood over 159 traces of sessions PT at this waist with beta_self, the laser widths (session), the Omega scale (prior 1 +- 0.2) refit from 2 starts, gamma_l pinned at zero, Delta_alpha pinned at -1131.8 a.u. and rho at 0.94, the density law Steck, the collection window on at z_ratio 0.144 (M2 1), depletion at 0 cycles through companion_transit_mhz (transit at 130 C 0.7125 to 0.7125 MHz). the _err_hessian bars are conditional, every other parameter pinned. the dchi2_beta columns are the beta profile, chi2 with beta pinned at 0, theory, 5x and 20x theory and everything else refit, above the free minimum. the power-arm check reads the model's width ratio across each session's ladder at the TIED Omega (scale 1) with everything else fitted: P against the archive's 0.9956 +- 0.0188, passes at pull +0.43, pooled over 1 sessions passes at pull +0.43. centres profiled per trace and re-profiled after each inner fit, outer passes [1, 2], last centre move 0.000 MHz",DIAGNOSTIC
beta_profile,PT,session,False,gaussian,1,0,,,86,,,,,,,,,81000,3100,0.92,86000,159,0.00016,P:0.918 T:0.889,"P:WING-LAW(core +7, wing -19) T:WING-LAW(core -3, wing -12)",114,0,,,,2.8,,2.6,,,,,,,,3.0,,0,,,,,,,,,,,,,,,,,,,,0,,,0,,,,,,,10,0.20,0.75,0.71,0.71,0.14,True,40,,,0.9956,0.0188,,False,,False,,,,,,,,,,310,"beta_self pinned at 0 times theory (0.00 kHz per 1e12 cm^-3) with everything else refit warm from the free minimum at this waist: dchi2 is against the free minimum, and the dchi2_beta columns of the grid row read every point against the lowest of the free and the fixed fits. the summary reads the profile these rows make and never a Hessian bar at a rail",DIAGNOSTIC
beta_profile,PT,session,False,gaussian,1,0,,,86,,,,,,,,,80000,1500,0.92,86000,159,0.00016,P:0.918 T:0.889,"P:WING-LAW(core +7, wing -19) T:WING-LAW(core -3, wing -12)",114,1.0,,,,2.7,,2.5,,,,,,,,3.0,,0,,,,,,,,,,,,,,,,,,,,3.5,,,1.0,,,,,,,10,0.20,0.75,0.71,0.71,0.14,True,40,,,0.9956,0.0188,,False,,False,,,,,,,,,,310,"beta_self pinned at 1 times theory (3.50 kHz per 1e12 cm^-3) with everything else refit warm from the free minimum at this waist: dchi2 is against the free minimum, and the dchi2_beta columns of the grid row read every point against the lowest of the free and the fixed fits. the summary reads the profile these rows make and never a Hessian bar at a rail",DIAGNOSTIC
beta_profile,PT,session,False,gaussian,1,0,,,86,,,,,,,,,78000,260,0.92,86000,159,0.00016,P:0.918 T:0.889,"P:WING-LAW(core +7, wing -19) T:WING-LAW(core -3, wing -12)",114,5.0,,,,2.2,,2.6,,,,,,,,1.3,,0,,,,,,,,,,,,,,,,,,,,17,,,5.0,,,,,,,1.4,0.20,0.32,0.71,0.71,0.14,True,40,,,0.9956,0.0188,,False,,False,,,,,,,,,,310,"beta_self pinned at 5 times theory (17.49 kHz per 1e12 cm^-3) with everything else refit warm from the free minimum at this waist: dchi2 is against the free minimum, and the dchi2_beta columns of the grid row read every point against the lowest of the free and the fixed fits. the summary reads the profile these rows make and never a Hessian bar at a rail",DIAGNOSTIC
beta_profile,PT,session,False,gaussian,1,0,,,86,,,,,,,,,170000,90000,0.92,86000,159,0.00016,P:0.918 T:0.889,"P:WING-LAW(core +7, wing -19) T:WING-LAW(core -3, wing -12)",114,20,,,,0.20,,2.2,,,,,,,,0.014,,0,,,,,,,,,,,,,,,,,,,,70,,,20,,,,,,,-4.9,0.20,0.0034,0.71,0.71,0.14,True,40,,,0.9956,0.0188,,False,,False,,,,,,,,,,310,"beta_self pinned at 20 times theory (69.94 kHz per 1e12 cm^-3) with everything else refit warm from the free minimum at this waist: dchi2 is against the free minimum, and the dchi2_beta columns of the grid row read every point against the lowest of the free and the fixed fits. the summary reads the profile these rows make and never a Hessian bar at a rail",DIAGNOSTIC
grid,PT,session,False,gaussian,1,0,,,88,,,,,,,,,78000,1700,0.92,86000,159,0.000011,P:0.918 T:0.889,"P:WING-LAW(core +7, wing -19) T:WING-LAW(core -3, wing -12)",114,3.796,0.034,,,2.3579,0.0068,2.584,0.020,,,,,,,2.378,0.042,0,,,,,,,,,,,,,,,,,,,,13.28,0.12,25,,3200,1700,250,89000,13,13,6.9,0.19,0.57,0.70,0.70,0.14,True,40,1.0034,1.0174,0.9956,0.0188,0.42,False,0.42,False,,,,,,,,,,270,"the whitened profile likelihood over 159 traces of sessions PT at this waist with beta_self, the laser widths (session), the Omega scale (prior 1 +- 0.2) refit from 2 starts, gamma_l pinned at zero, Delta_alpha pinned at -1131.8 a.u. and rho at 0.94, the density law Steck, the collection window on at z_ratio 0.138 (M2 1), depletion at 0 cycles through companion_transit_mhz (transit at 130 C 0.6963 to 0.6963 MHz). the _err_hessian bars are conditional, every other parameter pinned. the dchi2_beta columns are the beta profile, chi2 with beta pinned at 0, theory, 5x and 20x theory and everything else refit, above the free minimum. the power-arm check reads the model's width ratio across each session's ladder at the TIED Omega (scale 1) with everything else fitted: P against the archive's 0.9956 +- 0.0188, passes at pull +0.42, pooled over 1 sessions passes at pull +0.42. centres profiled per trace and re-profiled after each inner fit, outer passes [1, 2], last centre move 0.000 MHz",DIAGNOSTIC
beta_profile,PT,session,False,gaussian,1,0,,,88,,,,,,,,,81000,3200,0.92,86000,159,0.000011,P:0.918 T:0.889,"P:WING-LAW(core +7, wing -19) T:WING-LAW(core -3, wing -12)",114,0,,,,2.9,,2.6,,,,,,,,3.0,,0,,,,,,,,,,,,,,,,,,,,0,,,0,,,,,,,10,0.19,0.71,0.70,0.70,0.14,True,40,,,0.9956,0.0188,,False,,False,,,,,,,,,,270,"beta_self pinned at 0 times theory (0.00 kHz per 1e12 cm^-3) with everything else refit warm from the free minimum at this waist: dchi2 is against the free minimum, and the dchi2_beta columns of the grid row read every point against the lowest of the free and the fixed fits. the summary reads the profile these rows make and never a Hessian bar at a rail",DIAGNOSTIC
beta_profile,PT,session,False,gaussian,1,0,,,88,,,,,,,,,80000,1700,0.92,86000,159,0.000011,P:0.918 T:0.889,"P:WING-LAW(core +7, wing -19) T:WING-LAW(core -3, wing -12)",114,1.0,,,,2.7,,2.6,,,,,,,,3.0,,0,,,,,,,,,,,,,,,,,,,,3.5,,,1.0,,,,,,,10,0.19,0.71,0.70,0.70,0.14,True,40,,,0.9956,0.0188,,False,,False,,,,,,,,,,270,"beta_self pinned at 1 times theory (3.50 kHz per 1e12 cm^-3) with everything else refit warm from the free minimum at this waist: dchi2 is against the free minimum, and the dchi2_beta columns of the grid row read every point against the lowest of the free and the fixed fits. the summary reads the profile these rows make and never a Hessian bar at a rail",DIAGNOSTIC
beta_profile,PT,session,False,gaussian,1,0,,,88,,,,,,,,,78000,250,0.92,86000,159,0.000011,P:0.918 T:0.889,"P:WING-LAW(core +7, wing -19) T:WING-LAW(core -3, wing -12)",114,5.0,,,,2.3,,2.7,,,,,,,,1.4,,0,,,,,,,,,,,,,,,,,,,,17,,,5.0,,,,,,,1.8,0.19,0.32,0.70,0.70,0.14,True,40,,,0.9956,0.0188,,False,,False,,,,,,,,,,270,"beta_self pinned at 5 times theory (17.49 kHz per 1e12 cm^-3) with everything else refit warm from the free minimum at this waist: dchi2 is against the free minimum, and the dchi2_beta columns of the grid row read every point against the lowest of the free and the fixed fits. the summary reads the profile these rows make and never a Hessian bar at a rail",DIAGNOSTIC
beta_profile,PT,session,False,gaussian,1,0,,,88,,,,,,,,,170000,89000,0.92,86000,159,0.000011,P:0.918 T:0.889,"P:WING-LAW(core +7, wing -19) T:WING-LAW(core -3, wing -12)",114,20,,,,0.20,,2.2,,,,,,,,0.015,,0,,,,,,,,,,,,,,,,,,,,70,,,20,,,,,,,-4.9,0.19,0.0035,0.70,0.70,0.14,True,40,,,0.9956,0.0188,,False,,False,,,,,,,,,,270,"beta_self pinned at 20 times theory (69.94 kHz per 1e12 cm^-3) with everything else refit warm from the free minimum at this waist: dchi2 is against the free minimum, and the dchi2_beta columns of the grid row read every point against the lowest of the free and the fixed fits. the summary reads the profile these rows make and never a Hessian bar at a rail",DIAGNOSTIC
grid,PT,session,False,gaussian,1,0,,,90,,,,,,,,,78000,1700,0.92,86000,159,0.00035,P:0.918 T:0.889,"P:WING-LAW(core +7, wing -19) T:WING-LAW(core -3, wing -12)",120,3.824,0.034,,,2.3805,0.0068,2.608,0.020,,,,,,,2.456,0.045,0,,,,,,,,,,,,,,,,,,,,13.37,0.12,25,,3400,1800,240,87000,13,13,7.3,0.18,0.56,0.68,0.68,0.13,True,40,1.0031,1.0169,0.9956,0.0188,0.40,False,0.40,False,,,,,,,,,,210,"the whitened profile likelihood over 159 traces of sessions PT at this waist with beta_self, the laser widths (session), the Omega scale (prior 1 +- 0.2) refit from 2 starts, gamma_l pinned at zero, Delta_alpha pinned at -1131.8 a.u. and rho at 0.94, the density law Steck, the collection window on at z_ratio 0.132 (M2 1), depletion at 0 cycles through companion_transit_mhz (transit at 130 C 0.6809 to 0.6809 MHz). the _err_hessian bars are conditional, every other parameter pinned. the dchi2_beta columns are the beta profile, chi2 with beta pinned at 0, theory, 5x and 20x theory and everything else refit, above the free minimum. the power-arm check reads the model's width ratio across each session's ladder at the TIED Omega (scale 1) with everything else fitted: P against the archive's 0.9956 +- 0.0188, passes at pull +0.40, pooled over 1 sessions passes at pull +0.40. centres profiled per trace and re-profiled after each inner fit, outer passes [1, 2], last centre move 0.000 MHz",DIAGNOSTIC
beta_profile,PT,session,False,gaussian,1,0,,,90,,,,,,,,,81000,3400,0.92,86000,159,0.00035,P:0.918 T:0.889,"P:WING-LAW(core +7, wing -19) T:WING-LAW(core -3, wing -12)",120,0,,,,2.9,,2.7,,,,,,,,3.0,,0,,,,,,,,,,,,,,,,,,,,0,,,0,,,,,,,10,0.18,0.68,0.68,0.68,0.13,True,40,,,0.9956,0.0188,,False,,False,,,,,,,,,,210,"beta_self pinned at 0 times theory (0.00 kHz per 1e12 cm^-3) with everything else refit warm from the free minimum at this waist: dchi2 is against the free minimum, and the dchi2_beta columns of the grid row read every point against the lowest of the free and the fixed fits. the summary reads the profile these rows make and never a Hessian bar at a rail",DIAGNOSTIC
beta_profile,PT,session,False,gaussian,1,0,,,90,,,,,,,,,80000,1800,0.92,86000,159,0.00035,P:0.918 T:0.889,"P:WING-LAW(core +7, wing -19) T:WING-LAW(core -3, wing -12)",120,1.0,,,,2.8,,2.6,,,,,,,,3.0,,0,,,,,,,,,,,,,,,,,,,,3.5,,,1.0,,,,,,,10,0.18,0.68,0.68,0.68,0.13,True,40,,,0.9956,0.0188,,False,,False,,,,,,,,,,210,"beta_self pinned at 1 times theory (3.50 kHz per 1e12 cm^-3) with everything else refit warm from the free minimum at this waist: dchi2 is against the free minimum, and the dchi2_beta columns of the grid row read every point against the lowest of the free and the fixed fits. the summary reads the profile these rows make and never a Hessian bar at a rail",DIAGNOSTIC
beta_profile,PT,session,False,gaussian,1,0,,,90,,,,,,,,,78000,240,0.92,86000,159,0.00035,P:0.918 T:0.889,"P:WING-LAW(core +7, wing -19) T:WING-LAW(core -3, wing -12)",120,5.0,,,,2.3,,2.7,,,,,,,,1.4,,0,,,,,,,,,,,,,,,,,,,,17,,,5.0,,,,,,,2.0,0.18,0.32,0.68,0.68,0.13,True,40,,,0.9956,0.0188,,False,,False,,,,,,,,,,210,"beta_self pinned at 5 times theory (17.49 kHz per 1e12 cm^-3) with everything else refit warm from the free minimum at this waist: dchi2 is against the free minimum, and the dchi2_beta columns of the grid row read every point against the lowest of the free and the fixed fits. the summary reads the profile these rows make and never a Hessian bar at a rail",DIAGNOSTIC
beta_profile,PT,session,False,gaussian,1,0,,,90,,,,,,,,,170000,87000,0.92,86000,159,0.00035,P:0.918 T:0.889,"P:WING-LAW(core +7, wing -19) T:WING-LAW(core -3, wing -12)",120,20,,,,0.20,,2.2,,,,,,,,0.015,,0,,,,,,,,,,,,,,,,,,,,70,,,20,,,,,,,-4.9,0.18,0.0035,0.68,0.68,0.13,True,40,,,0.9956,0.0188,,False,,False,,,,,,,,,,210,"beta_self pinned at 20 times theory (69.94 kHz per 1e12 cm^-3) with everything else refit warm from the free minimum at this waist: dchi2 is against the free minimum, and the dchi2_beta columns of the grid row read every point against the lowest of the free and the fixed fits. the summary reads the profile these rows make and never a Hessian bar at a rail",DIAGNOSTIC
grid,PT,session,False,lorentzian,1,0,,,40,,,,,,,,,77000,800,0.90,86000,159,0.66,P:0.907 T:0.882,"P:WING-LAW(core +2, wing -19) T:WING-LAW(core -3, wing -13)",228,0.0000,0.0030,,,0.20000,0.00083,0.2000,0.0024,,,,,,,0.006,0.014,0,,,,,,,,,,,,,,,,,,,,0.000,0.010,-9.4,,0.058,1300,21000,230000,0.0026,0.0070,-5.0,0.92,0.0072,1.5,1.5,0.67,False,40,1.0826,1.0066,0.9956,0.0188,4.6,True,4.6,True,,,,,,,,,beta_rel sigma_l_P sigma_l_T omega_scale,32,"the whitened profile likelihood over 159 traces of sessions PT at this waist with beta_self, the laser widths (session), the Omega scale (prior 1 +- 0.2) refit from 2 starts, gamma_l pinned at zero, Delta_alpha pinned at -1131.8 a.u. and rho at 0.94, the density law Steck, the collection window on at z_ratio 0.667 (M2 1), depletion at 0 cycles through companion_transit_mhz (transit at 130 C 1.5320 to 1.5320 MHz). the _err_hessian bars are conditional, every other parameter pinned, at a bound: beta_rel sigma_l_P sigma_l_T omega_scale. the dchi2_beta columns are the beta profile, chi2 with beta pinned at 0, theory, 5x and 20x theory and everything else refit, above the free minimum. the power-arm check reads the model's width ratio across each session's ladder at the TIED Omega (scale 1) with everything else fitted: P against the archive's 0.9956 +- 0.0188, refused at pull +4.64, pooled over 1 sessions refused at pull +4.64. centres profiled per trace and re-profiled after each inner fit, outer passes [1, 1, 1], last centre move 0.000 MHz",DIAGNOSTIC
beta_profile,PT,session,False,lorentzian,1,0,,,40,,,,,,,,,77000,0.058,0.90,86000,159,0.66,P:0.907 T:0.882,"P:WING-LAW(core +2, wing -19) T:WING-LAW(core -3, wing -13)",228,0,,,,0.20,,0.20,,,,,,,,0.0039,,0,,,,,,,,,,,,,,,,,,,,0,,,0,,,,,,,-5.0,0.92,0.0045,1.5,1.5,0.67,False,40,,,0.9956,0.0188,,False,,False,,,,,,,,,,32,"beta_self pinned at 0 times theory (0.00 kHz per 1e12 cm^-3) with everything else refit warm from the free minimum at this waist: dchi2 is against the free minimum, and the dchi2_beta columns of the grid row read every point against the lowest of the free and the fixed fits. the summary reads the profile these rows make and never a Hessian bar at a rail",DIAGNOSTIC
beta_profile,PT,session,False,lorentzian,1,0,,,40,,,,,,,,,78000,1300,0.90,86000,159,0.66,P:0.907 T:0.882,"P:WING-LAW(core +2, wing -19) T:WING-LAW(core -3, wing -13)",228,1.0,,,,0.20,,0.20,,,,,,,,0.0029,,0,,,,,,,,,,,,,,,,,,,,3.5,,,1.0,,,,,,,-5.0,0.92,0.0034,1.5,1.5,0.67,False,40,,,0.9956,0.0188,,False,,False,,,,,,,,,,32,"beta_self pinned at 1 times theory (3.50 kHz per 1e12 cm^-3) with everything else refit warm from the free minimum at this waist: dchi2 is against the free minimum, and the dchi2_beta columns of the grid row read every point against the lowest of the free and the fixed fits. the summary reads the profile these rows make and never a Hessian bar at a rail",DIAGNOSTIC
beta_profile,PT,session,False,lorentzian,1,0,,,40,,,,,,,,,98000,21000,0.90,86000,159,0.66,P:0.907 T:0.882,"P:WING-LAW(core +2, wing -19) T:WING-LAW(core -3, wing -13)",228,5.0,,,,0.20,,0.20,,,,,,,,0.00072,,0,,,,,,,,,,,,,,,,,,,,17,,,5.0,,,,,,,-5.0,0.92,0.00083,1.5,1.5,0.67,False,40,,,0.9956,0.0188,,False,,False,,,,,,,,,,32,"beta_self pinned at 5 times theory (17.49 kHz per 1e12 cm^-3) with everything else refit warm from the free minimum at this waist: dchi2 is against the free minimum, and the dchi2_beta columns of the grid row read every point against the lowest of the free and the fixed fits. the summary reads the profile these rows make and never a Hessian bar at a rail",DIAGNOSTIC
beta_profile,PT,session,False,lorentzian,1,0,,,40,,,,,,,,,310000,230000,0.90,86000,159,0.66,P:0.907 T:0.882,"P:WING-LAW(core +2, wing -19) T:WING-LAW(core -3, wing -13)",228,20,,,,0.20,,0.20,,,,,,,,0.00057,,0,,,,,,,,,,,,,,,,,,,,70,,,20,,,,,,,-5.0,0.92,0.00066,1.5,1.5,0.67,False,40,,,0.9956,0.0188,,False,,False,,,,,,,,,,32,"beta_self pinned at 20 times theory (69.94 kHz per 1e12 cm^-3) with everything else refit warm from the free minimum at this waist: dchi2 is against the free minimum, and the dchi2_beta columns of the grid row read every point against the lowest of the free and the fixed fits. the summary reads the profile these rows make and never a Hessian bar at a rail",DIAGNOSTIC
grid,PT,session,False,lorentzian,1,0,,,42,,,,,,,,,76000,240,0.89,86000,159,0.26,P:0.901 T:0.877,"P:WING-LAW(core -0, wing -19) T:WING-LAW(core -4, wing -13)",228,0.542,0.034,,,0.2000,0.0020,0.222,0.012,,,,,,,0.017,0.024,0,,,,,,,,,,,,,,,,,,,,1.90,0.12,-4.1,,56,180,15000,220000,1.9,1.9,-4.9,0.84,0.018,1.5,1.5,0.60,True,40,1.0692,1.0054,0.9956,0.0188,3.9,True,3.9,True,,,,,,,,,sigma_l_P,32,"the whitened profile likelihood over 159 traces of sessions PT at this waist with beta_self, the laser widths (session), the Omega scale (prior 1 +- 0.2) refit from 2 starts, gamma_l pinned at zero, Delta_alpha pinned at -1131.8 a.u. and rho at 0.94, the density law Steck, the collection window on at z_ratio 0.605 (M2 1), depletion at 0 cycles through companion_transit_mhz (transit at 130 C 1.4590 to 1.4590 MHz). the _err_hessian bars are conditional, every other parameter pinned, at a bound: sigma_l_P. the dchi2_beta columns are the beta profile, chi2 with beta pinned at 0, theory, 5x and 20x theory and everything else refit, above the free minimum. the power-arm check reads the model's width ratio across each session's ladder at the TIED Omega (scale 1) with everything else fitted: P against the archive's 0.9956 +- 0.0188, refused at pull +3.93, pooled over 1 sessions refused at pull +3.93. centres profiled per trace and re-profiled after each inner fit, outer passes [1, 1], last centre move 0.005 MHz",DIAGNOSTIC
beta_profile,PT,session,False,lorentzian,1,0,,,42,,,,,,,,,76000,56,0.89,86000,159,0.26,P:0.901 T:0.877,"P:WING-LAW(core -0, wing -19) T:WING-LAW(core -4, wing -13)",228,0,,,,0.25,,0.23,,,,,,,,0.015,,0,,,,,,,,,,,,,,,,,,,,0,,,0,,,,,,,-4.9,0.84,0.016,1.5,1.5,0.60,True,40,,,0.9956,0.0188,,False,,False,,,,,,,,,,32,"beta_self pinned at 0 times theory (0.00 kHz per 1e12 cm^-3) with everything else refit warm from the free minimum at this waist: dchi2 is against the free minimum, and the dchi2_beta columns of the grid row read every point against the lowest of the free and the fixed fits. the summary reads the profile these rows make and never a Hessian bar at a rail",DIAGNOSTIC
beta_profile,PT,session,False,lorentzian,1,0,,,42,,,,,,,,,76000,180,0.89,86000,159,0.26,P:0.901 T:0.877,"P:WING-LAW(core -0, wing -19) T:WING-LAW(core -4, wing -13)",228,1.0,,,,0.20,,0.21,,,,,,,,0.012,,0,,,,,,,,,,,,,,,,,,,,3.5,,,1.0,,,,,,,-4.9,0.84,0.012,1.5,1.5,0.60,True,40,,,0.9956,0.0188,,False,,False,,,,,,,,,,32,"beta_self pinned at 1 times theory (3.50 kHz per 1e12 cm^-3) with everything else refit warm from the free minimum at this waist: dchi2 is against the free minimum, and the dchi2_beta columns of the grid row read every point against the lowest of the free and the fixed fits. the summary reads the profile these rows make and never a Hessian bar at a rail",DIAGNOSTIC
beta_profile,PT,session,False,lorentzian,1,0,,,42,,,,,,,,,91000,15000,0.89,86000,159,0.26,P:0.901 T:0.877,"P:WING-LAW(core -0, wing -19) T:WING-LAW(core -4, wing -13)",228,5.0,,,,0.20,,0.20,,,,,,,,0.00088,,0,,,,,,,,,,,,,,,,,,,,17,,,5.0,,,,,,,-5.0,0.84,0.00092,1.5,1.5,0.60,True,40,,,0.9956,0.0188,,False,,False,,,,,,,,,,32,"beta_self pinned at 5 times theory (17.49 kHz per 1e12 cm^-3) with everything else refit warm from the free minimum at this waist: dchi2 is against the free minimum, and the dchi2_beta columns of the grid row read every point against the lowest of the free and the fixed fits. the summary reads the profile these rows make and never a Hessian bar at a rail",DIAGNOSTIC
beta_profile,PT,session,False,lorentzian,1,0,,,42,,,,,,,,,290000,220000,0.89,86000,159,0.26,P:0.901 T:0.877,"P:WING-LAW(core -0, wing -19) T:WING-LAW(core -4, wing -13)",228,20,,,,0.20,,0.20,,,,,,,,0.00057,,0,,,,,,,,,,,,,,,,,,,,70,,,20,,,,,,,-5.0,0.84,0.00059,1.5,1.5,0.60,True,40,,,0.9956,0.0188,,False,,False,,,,,,,,,,32,"beta_self pinned at 20 times theory (69.94 kHz per 1e12 cm^-3) with everything else refit warm from the free minimum at this waist: dchi2 is against the free minimum, and the dchi2_beta columns of the grid row read every point against the lowest of the free and the fixed fits. the summary reads the profile these rows make and never a Hessian bar at a rail",DIAGNOSTIC
grid,PT,session,False,lorentzian,1,0,,,44,,,,,,,,,76000,52,0.89,86000,159,0.11,P:0.899 T:0.875,"P:WING-LAW(core -0, wing -19) T:WING-LAW(core -5, wing -13)",156,0.860,0.034,,,0.2518,0.0037,0.298,0.012,,,,,,,0.019,0.029,0,,,,,,,,,,,,,,,,,,,,3.01,0.12,-1.3,,66,1.7,11000,200000,3.3,3.5,-4.9,0.76,0.019,1.4,1.4,0.55,True,40,1.0580,1.0045,0.9956,0.0188,3.3,True,3.3,True,,,,,,,,,,39,"the whitened profile likelihood over 159 traces of sessions PT at this waist with beta_self, the laser widths (session), the Omega scale (prior 1 +- 0.2) refit from 2 starts, gamma_l pinned at zero, Delta_alpha pinned at -1131.8 a.u. and rho at 0.94, the density law Steck, the collection window on at z_ratio 0.551 (M2 1), depletion at 0 cycles through companion_transit_mhz (transit at 130 C 1.3927 to 1.3927 MHz). the _err_hessian bars are conditional, every other parameter pinned. the dchi2_beta columns are the beta profile, chi2 with beta pinned at 0, theory, 5x and 20x theory and everything else refit, above the free minimum. the power-arm check reads the model's width ratio across each session's ladder at the TIED Omega (scale 1) with everything else fitted: P against the archive's 0.9956 +- 0.0188, refused at pull +3.33, pooled over 1 sessions refused at pull +3.33. centres profiled per trace and re-profiled after each inner fit, outer passes [1, 1], last centre move 0.006 MHz",DIAGNOSTIC
beta_profile,PT,session,False,lorentzian,1,0,,,44,,,,,,,,,76000,66,0.89,86000,159,0.11,P:0.899 T:0.875,"P:WING-LAW(core -0, wing -19) T:WING-LAW(core -5, wing -13)",156,0,,,,0.34,,0.32,,,,,,,,0.023,,0,,,,,,,,,,,,,,,,,,,,0,,,0,,,,,,,-4.9,0.76,0.022,1.4,1.4,0.55,True,40,,,0.9956,0.0188,,False,,False,,,,,,,,,,39,"beta_self pinned at 0 times theory (0.00 kHz per 1e12 cm^-3) with everything else refit warm from the free minimum at this waist: dchi2 is against the free minimum, and the dchi2_beta columns of the grid row read every point against the lowest of the free and the fixed fits. the summary reads the profile these rows make and never a Hessian bar at a rail",DIAGNOSTIC
beta_profile,PT,session,False,lorentzian,1,0,,,44,,,,,,,,,76000,1.7,0.89,86000,159,0.11,P:0.899 T:0.875,"P:WING-LAW(core -0, wing -19) T:WING-LAW(core -5, wing -13)",156,1.0,,,,0.24,,0.29,,,,,,,,0.021,,0,,,,,,,,,,,,,,,,,,,,3.5,,,1.0,,,,,,,-4.9,0.76,0.020,1.4,1.4,0.55,True,40,,,0.9956,0.0188,,False,,False,,,,,,,,,,39,"beta_self pinned at 1 times theory (3.50 kHz per 1e12 cm^-3) with everything else refit warm from the free minimum at this waist: dchi2 is against the free minimum, and the dchi2_beta columns of the grid row read every point against the lowest of the free and the fixed fits. the summary reads the profile these rows make and never a Hessian bar at a rail",DIAGNOSTIC
beta_profile,PT,session,False,lorentzian,1,0,,,44,,,,,,,,,87000,11000,0.89,86000,159,0.11,P:0.899 T:0.875,"P:WING-LAW(core -0, wing -19) T:WING-LAW(core -5, wing -13)",156,5.0,,,,0.20,,0.22,,,,,,,,0.0019,,0,,,,,,,,,,,,,,,,,,,,17,,,5.0,,,,,,,-5.0,0.76,0.0019,1.4,1.4,0.55,True,40,,,0.9956,0.0188,,False,,False,,,,,,,,,,39,"beta_self pinned at 5 times theory (17.49 kHz per 1e12 cm^-3) with everything else refit warm from the free minimum at this waist: dchi2 is against the free minimum, and the dchi2_beta columns of the grid row read every point against the lowest of the free and the fixed fits. the summary reads the profile these rows make and never a Hessian bar at a rail",DIAGNOSTIC
beta_profile,PT,session,False,lorentzian,1,0,,,44,,,,,,,,,280000,200000,0.89,86000,159,0.11,P:0.899 T:0.875,"P:WING-LAW(core -0, wing -19) T:WING-LAW(core -5, wing -13)",156,20,,,,0.20,,0.20,,,,,,,,0.00072,,0,,,,,,,,,,,,,,,,,,,,70,,,20,,,,,,,-5.0,0.76,0.00069,1.4,1.4,0.55,True,40,,,0.9956,0.0188,,False,,False,,,,,,,,,,39,"beta_self pinned at 20 times theory (69.94 kHz per 1e12 cm^-3) with everything else refit warm from the free minimum at this waist: dchi2 is against the free minimum, and the dchi2_beta columns of the grid row read every point against the lowest of the free and the fixed fits. the summary reads the profile these rows make and never a Hessian bar at a rail",DIAGNOSTIC
grid,PT,session,False,lorentzian,1,0,,,46,,,,,,,,,76000,0,0.89,86000,159,0.0044,P:0.899 T:0.873,"P:WING-LAW(core -0, wing -19) T:WING-LAW(core -5, wing -14)",180,0.860,0.034,,,0.3305,0.0037,0.372,0.012,,,,,,,0.024,0.031,0,,,,,,,,,,,,,,,,,,,,3.01,0.12,-1.3,,66,1.7,7400,190000,3.3,3.5,-4.9,0.70,0.021,1.3,1.3,0.50,True,40,1.0491,1.0040,0.9956,0.0188,2.9,True,2.9,True,,,,,,,,,,40,"the whitened profile likelihood over 159 traces of sessions PT at this waist with beta_self, the laser widths (session), the Omega scale (prior 1 +- 0.2) refit from 2 starts, gamma_l pinned at zero, Delta_alpha pinned at -1131.8 a.u. and rho at 0.94, the density law Steck, the collection window on at z_ratio 0.504 (M2 1), depletion at 0 cycles through companion_transit_mhz (transit at 130 C 1.3321 to 1.3321 MHz). the _err_hessian bars are conditional, every other parameter pinned. the dchi2_beta columns are the beta profile, chi2 with beta pinned at 0, theory, 5x and 20x theory and everything else refit, above the free minimum. the power-arm check reads the model's width ratio across each session's ladder at the TIED Omega (scale 1) with everything else fitted: P against the archive's 0.9956 +- 0.0188, refused at pull +2.86, pooled over 1 sessions refused at pull +2.86. centres profiled per trace and re-profiled after each inner fit, outer passes [1, 1], last centre move 0.005 MHz",DIAGNOSTIC
beta_profile,PT,session,False,lorentzian,1,0,,,46,,,,,,,,,76000,66,0.89,86000,159,0.0044,P:0.899 T:0.873,"P:WING-LAW(core -0, wing -19) T:WING-LAW(core -5, wing -14)",180,0,,,,0.42,,0.39,,,,,,,,0.025,,0,,,,,,,,,,,,,,,,,,,,0,,,0,,,,,,,-4.9,0.70,0.021,1.3,1.3,0.50,True,40,,,0.9956,0.0188,,False,,False,,,,,,,,,,40,"beta_self pinned at 0 times theory (0.00 kHz per 1e12 cm^-3) with everything else refit warm from the free minimum at this waist: dchi2 is against the free minimum, and the dchi2_beta columns of the grid row read every point against the lowest of the free and the fixed fits. the summary reads the profile these rows make and never a Hessian bar at a rail",DIAGNOSTIC
beta_profile,PT,session,False,lorentzian,1,0,,,46,,,,,,,,,76000,1.7,0.89,86000,159,0.0044,P:0.899 T:0.873,"P:WING-LAW(core -0, wing -19) T:WING-LAW(core -5, wing -14)",180,1.0,,,,0.32,,0.37,,,,,,,,0.026,,0,,,,,,,,,,,,,,,,,,,,3.5,,,1.0,,,,,,,-4.9,0.70,0.022,1.3,1.3,0.50,True,40,,,0.9956,0.0188,,False,,False,,,,,,,,,,40,"beta_self pinned at 1 times theory (3.50 kHz per 1e12 cm^-3) with everything else refit warm from the free minimum at this waist: dchi2 is against the free minimum, and the dchi2_beta columns of the grid row read every point against the lowest of the free and the fixed fits. the summary reads the profile these rows make and never a Hessian bar at a rail",DIAGNOSTIC
beta_profile,PT,session,False,lorentzian,1,0,,,46,,,,,,,,,83000,7400,0.89,86000,159,0.0044,P:0.899 T:0.873,"P:WING-LAW(core -0, wing -19) T:WING-LAW(core -5, wing -14)",180,5.0,,,,0.20,,0.28,,,,,,,,0.0026,,0,,,,,,,,,,,,,,,,,,,,17,,,5.0,,,,,,,-5.0,0.70,0.0023,1.3,1.3,0.50,True,40,,,0.9956,0.0188,,False,,False,,,,,,,,,,40,"beta_self pinned at 5 times theory (17.49 kHz per 1e12 cm^-3) with everything else refit warm from the free minimum at this waist: dchi2 is against the free minimum, and the dchi2_beta columns of the grid row read every point against the lowest of the free and the fixed fits. the summary reads the profile these rows make and never a Hessian bar at a rail",DIAGNOSTIC
beta_profile,PT,session,False,lorentzian,1,0,,,46,,,,,,,,,270000,190000,0.89,86000,159,0.0044,P:0.899 T:0.873,"P:WING-LAW(core -0, wing -19) T:WING-LAW(core -5, wing -14)",180,20,,,,0.20,,0.21,,,,,,,,0.0020,,0,,,,,,,,,,,,,,,,,,,,70,,,20,,,,,,,-5.0,0.70,0.0017,1.3,1.3,0.50,True,40,,,0.9956,0.0188,,False,,False,,,,,,,,,,40,"beta_self pinned at 20 times theory (69.94 kHz per 1e12 cm^-3) with everything else refit warm from the free minimum at this waist: dchi2 is against the free minimum, and the dchi2_beta columns of the grid row read every point against the lowest of the free and the fixed fits. the summary reads the profile these rows make and never a Hessian bar at a rail",DIAGNOSTIC
grid,PT,session,False,lorentzian,1,0,,,48,,,,,,,,,76000,41,0.89,86000,159,0.0042,P:0.901 T:0.871,"P:WING-LAW(core +0, wing -19) T:WING-LAW(core -5, wing -14)",168,0.863,0.034,,,0.4009,0.0037,0.438,0.012,,,,,,,0.031,0.034,0,,,,,,,,,,,,,,,,,,,,3.02,0.12,-1.2,,67,1.7,5000,180000,3.3,3.5,-4.8,0.64,0.025,1.3,1.3,0.46,True,40,1.0420,1.0036,0.9956,0.0188,2.5,True,2.5,True,,,,,,,,,,45,"the whitened profile likelihood over 159 traces of sessions PT at this waist with beta_self, the laser widths (session), the Omega scale (prior 1 +- 0.2) refit from 2 starts, gamma_l pinned at zero, Delta_alpha pinned at -1131.8 a.u. and rho at 0.94, the density law Steck, the collection window on at z_ratio 0.463 (M2 1), depletion at 0 cycles through companion_transit_mhz (transit at 130 C 1.2766 to 1.2766 MHz). the _err_hessian bars are conditional, every other parameter pinned. the dchi2_beta columns are the beta profile, chi2 with beta pinned at 0, theory, 5x and 20x theory and everything else refit, above the free minimum. the power-arm check reads the model's width ratio across each session's ladder at the TIED Omega (scale 1) with everything else fitted: P against the archive's 0.9956 +- 0.0188, refused at pull +2.47, pooled over 1 sessions refused at pull +2.47. centres profiled per trace and re-profiled after each inner fit, outer passes [1, 1], last centre move 0.004 MHz",DIAGNOSTIC
beta_profile,PT,session,False,lorentzian,1,0,,,48,,,,,,,,,76000,67,0.89,86000,159,0.0042,P:0.901 T:0.871,"P:WING-LAW(core +0, wing -19) T:WING-LAW(core -5, wing -14)",168,0,,,,0.49,,0.46,,,,,,,,0.030,,0,,,,,,,,,,,,,,,,,,,,0,,,0,,,,,,,-4.8,0.64,0.024,1.3,1.3,0.46,True,40,,,0.9956,0.0188,,False,,False,,,,,,,,,,45,"beta_self pinned at 0 times theory (0.00 kHz per 1e12 cm^-3) with everything else refit warm from the free minimum at this waist: dchi2 is against the free minimum, and the dchi2_beta columns of the grid row read every point against the lowest of the free and the fixed fits. the summary reads the profile these rows make and never a Hessian bar at a rail",DIAGNOSTIC
beta_profile,PT,session,False,lorentzian,1,0,,,48,,,,,,,,,76000,1.7,0.89,86000,159,0.0042,P:0.901 T:0.871,"P:WING-LAW(core +0, wing -19) T:WING-LAW(core -5, wing -14)",168,1.0,,,,0.39,,0.44,,,,,,,,0.031,,0,,,,,,,,,,,,,,,,,,,,3.5,,,1.0,,,,,,,-4.8,0.64,0.025,1.3,1.3,0.46,True,40,,,0.9956,0.0188,,False,,False,,,,,,,,,,45,"beta_self pinned at 1 times theory (3.50 kHz per 1e12 cm^-3) with everything else refit warm from the free minimum at this waist: dchi2 is against the free minimum, and the dchi2_beta columns of the grid row read every point against the lowest of the free and the fixed fits. the summary reads the profile these rows make and never a Hessian bar at a rail",DIAGNOSTIC
beta_profile,PT,session,False,lorentzian,1,0,,,48,,,,,,,,,81000,5000,0.89,86000,159,0.0042,P:0.901 T:0.871,"P:WING-LAW(core +0, wing -19) T:WING-LAW(core -5, wing -14)",168,5.0,,,,0.20,,0.35,,,,,,,,0.0045,,0,,,,,,,,,,,,,,,,,,,,17,,,5.0,,,,,,,-5.0,0.64,0.0036,1.3,1.3,0.46,True,40,,,0.9956,0.0188,,False,,False,,,,,,,,,,45,"beta_self pinned at 5 times theory (17.49 kHz per 1e12 cm^-3) with everything else refit warm from the free minimum at this waist: dchi2 is against the free minimum, and the dchi2_beta columns of the grid row read every point against the lowest of the free and the fixed fits. the summary reads the profile these rows make and never a Hessian bar at a rail",DIAGNOSTIC
beta_profile,PT,session,False,lorentzian,1,0,,,48,,,,,,,,,260000,180000,0.89,86000,159,0.0042,P:0.901 T:0.871,"P:WING-LAW(core +0, wing -19) T:WING-LAW(core -5, wing -14)",168,20,,,,0.20,,0.20,,,,,,,,0.0018,,0,,,,,,,,,,,,,,,,,,,,70,,,20,,,,,,,-5.0,0.64,0.0014,1.3,1.3,0.46,True,40,,,0.9956,0.0188,,False,,False,,,,,,,,,,45,"beta_self pinned at 20 times theory (69.94 kHz per 1e12 cm^-3) with everything else refit warm from the free minimum at this waist: dchi2 is against the free minimum, and the dchi2_beta columns of the grid row read every point against the lowest of the free and the fixed fits. the summary reads the profile these rows make and never a Hessian bar at a rail",DIAGNOSTIC
grid,PT,session,False,lorentzian,1,0,,,50,,,,,,,,,76000,150,0.89,86000,159,0.0079,P:0.903 T:0.870,"P:WING-LAW(core +1, wing -19) T:WING-LAW(core -5, wing -14)",150,0.865,0.034,,,0.4645,0.0037,0.498,0.012,,,,,,,0.035,0.038,0,,,,,,,,,,,,,,,,,,,,3.03,0.12,-1.2,,67,1.6,3300,170000,3.3,3.5,-4.8,0.59,0.026,1.2,1.2,0.43,True,40,1.0360,1.0032,0.9956,0.0188,2.2,True,2.2,True,,,,,,,,,,49,"the whitened profile likelihood over 159 traces of sessions PT at this waist with beta_self, the laser widths (session), the Omega scale (prior 1 +- 0.2) refit from 2 starts, gamma_l pinned at zero, Delta_alpha pinned at -1131.8 a.u. and rho at 0.94, the density law Steck, the collection window on at z_ratio 0.427 (M2 1), depletion at 0 cycles through companion_transit_mhz (transit at 130 C 1.2256 to 1.2256 MHz). the _err_hessian bars are conditional, every other parameter pinned. the dchi2_beta columns are the beta profile, chi2 with beta pinned at 0, theory, 5x and 20x theory and everything else refit, above the free minimum. the power-arm check reads the model's width ratio across each session's ladder at the TIED Omega (scale 1) with everything else fitted: P against the archive's 0.9956 +- 0.0188, refused at pull +2.16, pooled over 1 sessions refused at pull +2.16. centres profiled per trace and re-profiled after each inner fit, outer passes [1, 1], last centre move 0.003 MHz",DIAGNOSTIC
beta_profile,PT,session,False,lorentzian,1,0,,,50,,,,,,,,,76000,67,0.89,86000,159,0.0079,P:0.903 T:0.870,"P:WING-LAW(core +1, wing -19) T:WING-LAW(core -5, wing -14)",150,0,,,,0.55,,0.52,,,,,,,,0.034,,0,,,,,,,,,,,,,,,,,,,,0,,,0,,,,,,,-4.8,0.59,0.025,1.2,1.2,0.43,True,40,,,0.9956,0.0188,,False,,False,,,,,,,,,,49,"beta_self pinned at 0 times theory (0.00 kHz per 1e12 cm^-3) with everything else refit warm from the free minimum at this waist: dchi2 is against the free minimum, and the dchi2_beta columns of the grid row read every point against the lowest of the free and the fixed fits. the summary reads the profile these rows make and never a Hessian bar at a rail",DIAGNOSTIC
beta_profile,PT,session,False,lorentzian,1,0,,,50,,,,,,,,,76000,1.6,0.89,86000,159,0.0079,P:0.903 T:0.870,"P:WING-LAW(core +1, wing -19) T:WING-LAW(core -5, wing -14)",150,1.0,,,,0.45,,0.50,,,,,,,,0.039,,0,,,,,,,,,,,,,,,,,,,,3.5,,,1.0,,,,,,,-4.8,0.59,0.029,1.2,1.2,0.43,True,40,,,0.9956,0.0188,,False,,False,,,,,,,,,,49,"beta_self pinned at 1 times theory (3.50 kHz per 1e12 cm^-3) with everything else refit warm from the free minimum at this waist: dchi2 is against the free minimum, and the dchi2_beta columns of the grid row read every point against the lowest of the free and the fixed fits. the summary reads the profile these rows make and never a Hessian bar at a rail",DIAGNOSTIC
beta_profile,PT,session,False,lorentzian,1,0,,,50,,,,,,,,,79000,3300,0.89,86000,159,0.0079,P:0.903 T:0.870,"P:WING-LAW(core +1, wing -19) T:WING-LAW(core -5, wing -14)",150,5.0,,,,0.20,,0.41,,,,,,,,0.011,,0,,,,,,,,,,,,,,,,,,,,17,,,5.0,,,,,,,-4.9,0.59,0.0084,1.2,1.2,0.43,True,40,,,0.9956,0.0188,,False,,False,,,,,,,,,,49,"beta_self pinned at 5 times theory (17.49 kHz per 1e12 cm^-3) with everything else refit warm from the free minimum at this waist: dchi2 is against the free minimum, and the dchi2_beta columns of the grid row read every point against the lowest of the free and the fixed fits. the summary reads the profile these rows make and never a Hessian bar at a rail",DIAGNOSTIC
beta_profile,PT,session,False,lorentzian,1,0,,,50,,,,,,,,,250000,170000,0.89,86000,159,0.0079,P:0.903 T:0.870,"P:WING-LAW(core +1, wing -19) T:WING-LAW(core -5, wing -14)",150,20,,,,0.20,,0.20,,,,,,,,0.00076,,0,,,,,,,,,,,,,,,,,,,,70,,,20,,,,,,,-5.0,0.59,0.00056,1.2,1.2,0.43,True,40,,,0.9956,0.0188,,False,,False,,,,,,,,,,49,"beta_self pinned at 20 times theory (69.94 kHz per 1e12 cm^-3) with everything else refit warm from the free minimum at this waist: dchi2 is against the free minimum, and the dchi2_beta columns of the grid row read every point against the lowest of the free and the fixed fits. the summary reads the profile these rows make and never a Hessian bar at a rail",DIAGNOSTIC
grid,PT,session,False,lorentzian,1,0,,,52,,,,,,,,,76000,330,0.90,86000,159,0.0020,P:0.906 T:0.869,"P:WING-LAW(core +1, wing -18) T:WING-LAW(core -5, wing -14)",144,0.871,0.034,,,0.5215,0.0037,0.553,0.012,,,,,,,0.043,0.041,0,,,,,,,,,,,,,,,,,,,,3.05,0.12,-1.2,,67,1.6,2300,170000,3.3,3.5,-4.8,0.55,0.029,1.2,1.2,0.39,True,40,1.0311,1.0029,0.9956,0.0188,1.9,True,1.9,True,,,,,,,,,,54,"the whitened profile likelihood over 159 traces of sessions PT at this waist with beta_self, the laser widths (session), the Omega scale (prior 1 +- 0.2) refit from 2 starts, gamma_l pinned at zero, Delta_alpha pinned at -1131.8 a.u. and rho at 0.94, the density law Steck, the collection window on at z_ratio 0.395 (M2 1), depletion at 0 cycles through companion_transit_mhz (transit at 130 C 1.1784 to 1.1784 MHz). the _err_hessian bars are conditional, every other parameter pinned. the dchi2_beta columns are the beta profile, chi2 with beta pinned at 0, theory, 5x and 20x theory and everything else refit, above the free minimum. the power-arm check reads the model's width ratio across each session's ladder at the TIED Omega (scale 1) with everything else fitted: P against the archive's 0.9956 +- 0.0188, refused at pull +1.90, pooled over 1 sessions refused at pull +1.90. centres profiled per trace and re-profiled after each inner fit, outer passes [1, 1], last centre move 0.001 MHz",DIAGNOSTIC
beta_profile,PT,session,False,lorentzian,1,0,,,52,,,,,,,,,76000,67,0.90,86000,159,0.0020,P:0.906 T:0.869,"P:WING-LAW(core +1, wing -18) T:WING-LAW(core -5, wing -14)",144,0,,,,0.61,,0.57,,,,,,,,0.041,,0,,,,,,,,,,,,,,,,,,,,0,,,0,,,,,,,-4.8,0.55,0.028,1.2,1.2,0.39,True,40,,,0.9956,0.0188,,False,,False,,,,,,,,,,54,"beta_self pinned at 0 times theory (0.00 kHz per 1e12 cm^-3) with everything else refit warm from the free minimum at this waist: dchi2 is against the free minimum, and the dchi2_beta columns of the grid row read every point against the lowest of the free and the fixed fits. the summary reads the profile these rows make and never a Hessian bar at a rail",DIAGNOSTIC
beta_profile,PT,session,False,lorentzian,1,0,,,52,,,,,,,,,76000,1.6,0.90,86000,159,0.0020,P:0.906 T:0.869,"P:WING-LAW(core +1, wing -18) T:WING-LAW(core -5, wing -14)",144,1.0,,,,0.51,,0.55,,,,,,,,0.042,,0,,,,,,,,,,,,,,,,,,,,3.5,,,1.0,,,,,,,-4.8,0.55,0.029,1.2,1.2,0.39,True,40,,,0.9956,0.0188,,False,,False,,,,,,,,,,54,"beta_self pinned at 1 times theory (3.50 kHz per 1e12 cm^-3) with everything else refit warm from the free minimum at this waist: dchi2 is against the free minimum, and the dchi2_beta columns of the grid row read every point against the lowest of the free and the fixed fits. the summary reads the profile these rows make and never a Hessian bar at a rail",DIAGNOSTIC
beta_profile,PT,session,False,lorentzian,1,0,,,52,,,,,,,,,78000,2300,0.90,86000,159,0.0020,P:0.906 T:0.869,"P:WING-LAW(core +1, wing -18) T:WING-LAW(core -5, wing -14)",144,5.0,,,,0.20,,0.46,,,,,,,,0.011,,0,,,,,,,,,,,,,,,,,,,,17,,,5.0,,,,,,,-4.9,0.55,0.0075,1.2,1.2,0.39,True,40,,,0.9956,0.0188,,False,,False,,,,,,,,,,54,"beta_self pinned at 5 times theory (17.49 kHz per 1e12 cm^-3) with everything else refit warm from the free minimum at this waist: dchi2 is against the free minimum, and the dchi2_beta columns of the grid row read every point against the lowest of the free and the fixed fits. the summary reads the profile these rows make and never a Hessian bar at a rail",DIAGNOSTIC
beta_profile,PT,session,False,lorentzian,1,0,,,52,,,,,,,,,240000,170000,0.90,86000,159,0.0020,P:0.906 T:0.869,"P:WING-LAW(core +1, wing -18) T:WING-LAW(core -5, wing -14)",144,20,,,,0.20,,0.21,,,,,,,,0.00088,,0,,,,,,,,,,,,,,,,,,,,70,,,20,,,,,,,-5.0,0.55,0.00060,1.2,1.2,0.39,True,40,,,0.9956,0.0188,,False,,False,,,,,,,,,,54,"beta_self pinned at 20 times theory (69.94 kHz per 1e12 cm^-3) with everything else refit warm from the free minimum at this waist: dchi2 is against the free minimum, and the dchi2_beta columns of the grid row read every point against the lowest of the free and the fixed fits. the summary reads the profile these rows make and never a Hessian bar at a rail",DIAGNOSTIC
grid,PT,session,False,lorentzian,1,0,,,54,,,,,,,,,76000,540,0.90,86000,159,0.00034,P:0.910 T:0.868,"P:WING-LAW(core +2, wing -18) T:WING-LAW(core -5, wing -14)",138,0.870,0.034,,,0.5737,0.0037,0.602,0.012,,,,,,,0.050,0.044,0,,,,,,,,,,,,,,,,,,,,3.04,0.12,-1.2,,67,1.5,1700,160000,3.3,3.5,-4.7,0.51,0.032,1.1,1.1,0.37,True,40,1.0271,1.0026,0.9956,0.0188,1.7,True,1.7,True,,,,,,,,,,55,"the whitened profile likelihood over 159 traces of sessions PT at this waist with beta_self, the laser widths (session), the Omega scale (prior 1 +- 0.2) refit from 2 starts, gamma_l pinned at zero, Delta_alpha pinned at -1131.8 a.u. and rho at 0.94, the density law Steck, the collection window on at z_ratio 0.366 (M2 1), depletion at 0 cycles through companion_transit_mhz (transit at 130 C 1.1348 to 1.1348 MHz). the _err_hessian bars are conditional, every other parameter pinned. the dchi2_beta columns are the beta profile, chi2 with beta pinned at 0, theory, 5x and 20x theory and everything else refit, above the free minimum. the power-arm check reads the model's width ratio across each session's ladder at the TIED Omega (scale 1) with everything else fitted: P against the archive's 0.9956 +- 0.0188, refused at pull +1.68, pooled over 1 sessions refused at pull +1.68. centres profiled per trace and re-profiled after each inner fit, outer passes [1, 1], last centre move 0.001 MHz",DIAGNOSTIC
beta_profile,PT,session,False,lorentzian,1,0,,,54,,,,,,,,,76000,67,0.90,86000,159,0.00034,P:0.910 T:0.868,"P:WING-LAW(core +2, wing -18) T:WING-LAW(core -5, wing -14)",138,0,,,,0.66,,0.62,,,,,,,,0.049,,0,,,,,,,,,,,,,,,,,,,,0,,,0,,,,,,,-4.8,0.51,0.031,1.1,1.1,0.37,True,40,,,0.9956,0.0188,,False,,False,,,,,,,,,,55,"beta_self pinned at 0 times theory (0.00 kHz per 1e12 cm^-3) with everything else refit warm from the free minimum at this waist: dchi2 is against the free minimum, and the dchi2_beta columns of the grid row read every point against the lowest of the free and the fixed fits. the summary reads the profile these rows make and never a Hessian bar at a rail",DIAGNOSTIC
beta_profile,PT,session,False,lorentzian,1,0,,,54,,,,,,,,,76000,1.5,0.90,86000,159,0.00034,P:0.910 T:0.868,"P:WING-LAW(core +2, wing -18) T:WING-LAW(core -5, wing -14)",138,1.0,,,,0.56,,0.60,,,,,,,,0.049,,0,,,,,,,,,,,,,,,,,,,,3.5,,,1.0,,,,,,,-4.8,0.51,0.031,1.1,1.1,0.37,True,40,,,0.9956,0.0188,,False,,False,,,,,,,,,,55,"beta_self pinned at 1 times theory (3.50 kHz per 1e12 cm^-3) with everything else refit warm from the free minimum at this waist: dchi2 is against the free minimum, and the dchi2_beta columns of the grid row read every point against the lowest of the free and the fixed fits. the summary reads the profile these rows make and never a Hessian bar at a rail",DIAGNOSTIC
beta_profile,PT,session,False,lorentzian,1,0,,,54,,,,,,,,,78000,1700,0.90,86000,159,0.00034,P:0.910 T:0.868,"P:WING-LAW(core +2, wing -18) T:WING-LAW(core -5, wing -14)",138,5.0,,,,0.20,,0.51,,,,,,,,0.023,,0,,,,,,,,,,,,,,,,,,,,17,,,5.0,,,,,,,-4.9,0.51,0.014,1.1,1.1,0.37,True,40,,,0.9956,0.0188,,False,,False,,,,,,,,,,55,"beta_self pinned at 5 times theory (17.49 kHz per 1e12 cm^-3) with everything else refit warm from the free minimum at this waist: dchi2 is against the free minimum, and the dchi2_beta columns of the grid row read every point against the lowest of the free and the fixed fits. the summary reads the profile these rows make and never a Hessian bar at a rail",DIAGNOSTIC
beta_profile,PT,session,False,lorentzian,1,0,,,54,,,,,,,,,240000,160000,0.90,86000,159,0.00034,P:0.910 T:0.868,"P:WING-LAW(core +2, wing -18) T:WING-LAW(core -5, wing -14)",138,20,,,,0.20,,0.22,,,,,,,,0.00091,,0,,,,,,,,,,,,,,,,,,,,70,,,20,,,,,,,-5.0,0.51,0.00057,1.1,1.1,0.37,True,40,,,0.9956,0.0188,,False,,False,,,,,,,,,,55,"beta_self pinned at 20 times theory (69.94 kHz per 1e12 cm^-3) with everything else refit warm from the free minimum at this waist: dchi2 is against the free minimum, and the dchi2_beta columns of the grid row read every point against the lowest of the free and the fixed fits. the summary reads the profile these rows make and never a Hessian bar at a rail",DIAGNOSTIC
grid,PT,session,False,lorentzian,1,0,,,56,,,,,,,,,77000,790,0.90,86000,159,0.0013,P:0.915 T:0.868,"P:WING-LAW(core +3, wing -18) T:WING-LAW(core -5, wing -14)",144,0.871,0.034,,,0.6211,0.0037,0.646,0.012,,,,,,,0.056,0.047,0,,,,,,,,,,,,,,,,,,,,3.04,0.12,-1.2,,68,1.5,1500,150000,3.3,3.5,-4.7,0.47,0.033,1.1,1.1,0.34,True,40,1.0236,1.0023,0.9956,0.0188,1.5,True,1.5,True,,,,,,,,,,60,"the whitened profile likelihood over 159 traces of sessions PT at this waist with beta_self, the laser widths (session), the Omega scale (prior 1 +- 0.2) refit from 2 starts, gamma_l pinned at zero, Delta_alpha pinned at -1131.8 a.u. and rho at 0.94, the density law Steck, the collection window on at z_ratio 0.340 (M2 1), depletion at 0 cycles through companion_transit_mhz (transit at 130 C 1.0943 to 1.0943 MHz). the _err_hessian bars are conditional, every other parameter pinned. the dchi2_beta columns are the beta profile, chi2 with beta pinned at 0, theory, 5x and 20x theory and everything else refit, above the free minimum. the power-arm check reads the model's width ratio across each session's ladder at the TIED Omega (scale 1) with everything else fitted: P against the archive's 0.9956 +- 0.0188, refused at pull +1.50, pooled over 1 sessions refused at pull +1.50. centres profiled per trace and re-profiled after each inner fit, outer passes [1, 1], last centre move 0.002 MHz",DIAGNOSTIC
beta_profile,PT,session,False,lorentzian,1,0,,,56,,,,,,,,,77000,68,0.90,86000,159,0.0013,P:0.915 T:0.868,"P:WING-LAW(core +3, wing -18) T:WING-LAW(core -5, wing -14)",144,0,,,,0.71,,0.67,,,,,,,,0.057,,0,,,,,,,,,,,,,,,,,,,,0,,,0,,,,,,,-4.7,0.47,0.034,1.1,1.1,0.34,True,40,,,0.9956,0.0188,,False,,False,,,,,,,,,,60,"beta_self pinned at 0 times theory (0.00 kHz per 1e12 cm^-3) with everything else refit warm from the free minimum at this waist: dchi2 is against the free minimum, and the dchi2_beta columns of the grid row read every point against the lowest of the free and the fixed fits. the summary reads the profile these rows make and never a Hessian bar at a rail",DIAGNOSTIC
beta_profile,PT,session,False,lorentzian,1,0,,,56,,,,,,,,,77000,1.5,0.90,86000,159,0.0013,P:0.915 T:0.868,"P:WING-LAW(core +3, wing -18) T:WING-LAW(core -5, wing -14)",144,1.0,,,,0.61,,0.64,,,,,,,,0.058,,0,,,,,,,,,,,,,,,,,,,,3.5,,,1.0,,,,,,,-4.7,0.47,0.034,1.1,1.1,0.34,True,40,,,0.9956,0.0188,,False,,False,,,,,,,,,,60,"beta_self pinned at 1 times theory (3.50 kHz per 1e12 cm^-3) with everything else refit warm from the free minimum at this waist: dchi2 is against the free minimum, and the dchi2_beta columns of the grid row read every point against the lowest of the free and the fixed fits. the summary reads the profile these rows make and never a Hessian bar at a rail",DIAGNOSTIC
beta_profile,PT,session,False,lorentzian,1,0,,,56,,,,,,,,,78000,1500,0.90,86000,159,0.0013,P:0.915 T:0.868,"P:WING-LAW(core +3, wing -18) T:WING-LAW(core -5, wing -14)",144,5.0,,,,0.20,,0.55,,,,,,,,0.052,,0,,,,,,,,,,,,,,,,,,,,17,,,5.0,,,,,,,-4.7,0.47,0.030,1.1,1.1,0.34,True,40,,,0.9956,0.0188,,False,,False,,,,,,,,,,60,"beta_self pinned at 5 times theory (17.49 kHz per 1e12 cm^-3) with everything else refit warm from the free minimum at this waist: dchi2 is against the free minimum, and the dchi2_beta columns of the grid row read every point against the lowest of the free and the fixed fits. the summary reads the profile these rows make and never a Hessian bar at a rail",DIAGNOSTIC
beta_profile,PT,session,False,lorentzian,1,0,,,56,,,,,,,,,230000,150000,0.90,86000,159,0.0013,P:0.915 T:0.868,"P:WING-LAW(core +3, wing -18) T:WING-LAW(core -5, wing -14)",144,20,,,,0.20,,0.26,,,,,,,,0.0033,,0,,,,,,,,,,,,,,,,,,,,70,,,20,,,,,,,-5.0,0.47,0.0019,1.1,1.1,0.34,True,40,,,0.9956,0.0188,,False,,False,,,,,,,,,,60,"beta_self pinned at 20 times theory (69.94 kHz per 1e12 cm^-3) with everything else refit warm from the free minimum at this waist: dchi2 is against the free minimum, and the dchi2_beta columns of the grid row read every point against the lowest of the free and the fixed fits. the summary reads the profile these rows make and never a Hessian bar at a rail",DIAGNOSTIC
grid,PT,session,False,lorentzian,1,0,,,58,,,,,,,,,77000,1100,0.90,86000,159,0.037,P:0.919 T:0.867,"P:WING-LAW(core +4, wing -17) T:WING-LAW(core -5, wing -14)",144,0.878,0.034,,,0.6638,0.0037,0.687,0.012,,,,,,,0.067,0.050,0,,,,,,,,,,,,,,,,,,,,3.07,0.12,-1.1,,68,1.5,1500,150000,3.4,3.5,-4.7,0.44,0.036,1.1,1.1,0.32,True,40,1.0207,1.0021,0.9956,0.0188,1.3,True,1.3,True,,,,,,,,,,56,"the whitened profile likelihood over 159 traces of sessions PT at this waist with beta_self, the laser widths (session), the Omega scale (prior 1 +- 0.2) refit from 2 starts, gamma_l pinned at zero, Delta_alpha pinned at -1131.8 a.u. and rho at 0.94, the density law Steck, the collection window on at z_ratio 0.317 (M2 1), depletion at 0 cycles through companion_transit_mhz (transit at 130 C 1.0565 to 1.0565 MHz). the _err_hessian bars are conditional, every other parameter pinned. the dchi2_beta columns are the beta profile, chi2 with beta pinned at 0, theory, 5x and 20x theory and everything else refit, above the free minimum. the power-arm check reads the model's width ratio across each session's ladder at the TIED Omega (scale 1) with everything else fitted: P against the archive's 0.9956 +- 0.0188, refused at pull +1.34, pooled over 1 sessions refused at pull +1.34. centres profiled per trace and re-profiled after each inner fit, outer passes [1, 1], last centre move 0.002 MHz",DIAGNOSTIC
beta_profile,PT,session,False,lorentzian,1,0,,,58,,,,,,,,,77000,68,0.90,86000,159,0.037,P:0.919 T:0.867,"P:WING-LAW(core +4, wing -17) T:WING-LAW(core -5, wing -14)",144,0,,,,0.75,,0.71,,,,,,,,0.065,,0,,,,,,,,,,,,,,,,,,,,0,,,0,,,,,,,-4.7,0.44,0.036,1.1,1.1,0.32,True,40,,,0.9956,0.0188,,False,,False,,,,,,,,,,56,"beta_self pinned at 0 times theory (0.00 kHz per 1e12 cm^-3) with everything else refit warm from the free minimum at this waist: dchi2 is against the free minimum, and the dchi2_beta columns of the grid row read every point against the lowest of the free and the fixed fits. the summary reads the profile these rows make and never a Hessian bar at a rail",DIAGNOSTIC
beta_profile,PT,session,False,lorentzian,1,0,,,58,,,,,,,,,77000,1.5,0.90,86000,159,0.037,P:0.919 T:0.867,"P:WING-LAW(core +4, wing -17) T:WING-LAW(core -5, wing -14)",144,1.0,,,,0.65,,0.68,,,,,,,,0.066,,0,,,,,,,,,,,,,,,,,,,,3.5,,,1.0,,,,,,,-4.7,0.44,0.036,1.1,1.1,0.32,True,40,,,0.9956,0.0188,,False,,False,,,,,,,,,,56,"beta_self pinned at 1 times theory (3.50 kHz per 1e12 cm^-3) with everything else refit warm from the free minimum at this waist: dchi2 is against the free minimum, and the dchi2_beta columns of the grid row read every point against the lowest of the free and the fixed fits. the summary reads the profile these rows make and never a Hessian bar at a rail",DIAGNOSTIC
beta_profile,PT,session,False,lorentzian,1,0,,,58,,,,,,,,,78000,1500,0.90,86000,159,0.037,P:0.919 T:0.867,"P:WING-LAW(core +4, wing -17) T:WING-LAW(core -5, wing -14)",144,5.0,,,,0.24,,0.59,,,,,,,,0.075,,0,,,,,,,,,,,,,,,,,,,,17,,,5.0,,,,,,,-4.6,0.44,0.041,1.1,1.1,0.32,True,40,,,0.9956,0.0188,,False,,False,,,,,,,,,,56,"beta_self pinned at 5 times theory (17.49 kHz per 1e12 cm^-3) with everything else refit warm from the free minimum at this waist: dchi2 is against the free minimum, and the dchi2_beta columns of the grid row read every point against the lowest of the free and the fixed fits. the summary reads the profile these rows make and never a Hessian bar at a rail",DIAGNOSTIC
beta_profile,PT,session,False,lorentzian,1,0,,,58,,,,,,,,,230000,150000,0.90,86000,159,0.037,P:0.919 T:0.867,"P:WING-LAW(core +4, wing -17) T:WING-LAW(core -5, wing -14)",144,20,,,,0.20,,0.29,,,,,,,,0.0030,,0,,,,,,,,,,,,,,,,,,,,70,,,20,,,,,,,-5.0,0.44,0.0017,1.1,1.1,0.32,True,40,,,0.9956,0.0188,,False,,False,,,,,,,,,,56,"beta_self pinned at 20 times theory (69.94 kHz per 1e12 cm^-3) with everything else refit warm from the free minimum at this waist: dchi2 is against the free minimum, and the dchi2_beta columns of the grid row read every point against the lowest of the free and the fixed fits. the summary reads the profile these rows make and never a Hessian bar at a rail",DIAGNOSTIC
grid,PT,session,False,lorentzian,1,0,,,60,,,,,,,,,77000,1400,0.91,86000,159,0.011,P:0.924 T:0.867,"P:WING-LAW(core +4, wing -16) T:WING-LAW(core -5, wing -14)",132,0.869,0.034,,,0.7046,0.0037,0.724,0.012,,,,,,,0.074,0.054,0,,,,,,,,,,,,,,,,,,,,3.04,0.12,-1.2,,68,1.4,1500,140000,3.4,3.5,-4.6,0.41,0.038,1.0,1.0,0.30,True,40,1.0182,1.0019,0.9956,0.0188,1.2,True,1.2,True,,,,,,,,,,58,"the whitened profile likelihood over 159 traces of sessions PT at this waist with beta_self, the laser widths (session), the Omega scale (prior 1 +- 0.2) refit from 2 starts, gamma_l pinned at zero, Delta_alpha pinned at -1131.8 a.u. and rho at 0.94, the density law Steck, the collection window on at z_ratio 0.296 (M2 1), depletion at 0 cycles through companion_transit_mhz (transit at 130 C 1.0213 to 1.0213 MHz). the _err_hessian bars are conditional, every other parameter pinned. the dchi2_beta columns are the beta profile, chi2 with beta pinned at 0, theory, 5x and 20x theory and everything else refit, above the free minimum. the power-arm check reads the model's width ratio across each session's ladder at the TIED Omega (scale 1) with everything else fitted: P against the archive's 0.9956 +- 0.0188, refused at pull +1.20, pooled over 1 sessions refused at pull +1.20. centres profiled per trace and re-profiled after each inner fit, outer passes [1, 1], last centre move 0.002 MHz",DIAGNOSTIC
beta_profile,PT,session,False,lorentzian,1,0,,,60,,,,,,,,,77000,68,0.91,86000,159,0.011,P:0.924 T:0.867,"P:WING-LAW(core +4, wing -16) T:WING-LAW(core -5, wing -14)",132,0,,,,0.79,,0.74,,,,,,,,0.075,,0,,,,,,,,,,,,,,,,,,,,0,,,0,,,,,,,-4.6,0.41,0.038,1.0,1.0,0.30,True,40,,,0.9956,0.0188,,False,,False,,,,,,,,,,58,"beta_self pinned at 0 times theory (0.00 kHz per 1e12 cm^-3) with everything else refit warm from the free minimum at this waist: dchi2 is against the free minimum, and the dchi2_beta columns of the grid row read every point against the lowest of the free and the fixed fits. the summary reads the profile these rows make and never a Hessian bar at a rail",DIAGNOSTIC
beta_profile,PT,session,False,lorentzian,1,0,,,60,,,,,,,,,77000,1.4,0.91,86000,159,0.011,P:0.924 T:0.867,"P:WING-LAW(core +4, wing -16) T:WING-LAW(core -5, wing -14)",132,1.0,,,,0.69,,0.72,,,,,,,,0.075,,0,,,,,,,,,,,,,,,,,,,,3.5,,,1.0,,,,,,,-4.6,0.41,0.038,1.0,1.0,0.30,True,40,,,0.9956,0.0188,,False,,False,,,,,,,,,,58,"beta_self pinned at 1 times theory (3.50 kHz per 1e12 cm^-3) with everything else refit warm from the free minimum at this waist: dchi2 is against the free minimum, and the dchi2_beta columns of the grid row read every point against the lowest of the free and the fixed fits. the summary reads the profile these rows make and never a Hessian bar at a rail",DIAGNOSTIC
beta_profile,PT,session,False,lorentzian,1,0,,,60,,,,,,,,,79000,1500,0.91,86000,159,0.011,P:0.924 T:0.867,"P:WING-LAW(core +4, wing -16) T:WING-LAW(core -5, wing -14)",132,5.0,,,,0.28,,0.63,,,,,,,,0.075,,0,,,,,,,,,,,,,,,,,,,,17,,,5.0,,,,,,,-4.6,0.41,0.038,1.0,1.0,0.30,True,40,,,0.9956,0.0188,,False,,False,,,,,,,,,,58,"beta_self pinned at 5 times theory (17.49 kHz per 1e12 cm^-3) with everything else refit warm from the free minimum at this waist: dchi2 is against the free minimum, and the dchi2_beta columns of the grid row read every point against the lowest of the free and the fixed fits. the summary reads the profile these rows make and never a Hessian bar at a rail",DIAGNOSTIC
beta_profile,PT,session,False,lorentzian,1,0,,,60,,,,,,,,,220000,140000,0.91,86000,159,0.011,P:0.924 T:0.867,"P:WING-LAW(core +4, wing -16) T:WING-LAW(core -5, wing -14)",132,20,,,,0.20,,0.32,,,,,,,,0.0030,,0,,,,,,,,,,,,,,,,,,,,70,,,20,,,,,,,-5.0,0.41,0.0015,1.0,1.0,0.30,True,40,,,0.9956,0.0188,,False,,False,,,,,,,,,,58,"beta_self pinned at 20 times theory (69.94 kHz per 1e12 cm^-3) with everything else refit warm from the free minimum at this waist: dchi2 is against the free minimum, and the dchi2_beta columns of the grid row read every point against the lowest of the free and the fixed fits. the summary reads the profile these rows make and never a Hessian bar at a rail",DIAGNOSTIC
grid,PT,session,False,lorentzian,1,0,,,62,,,,,,,,,77000,1700,0.91,86000,159,0.015,P:0.929 T:0.867,"P:WING-LAW(core +5, wing -16) T:WING-LAW(core -5, wing -14)",144,0.875,0.034,,,0.7406,0.0037,0.758,0.012,,,,,,,0.084,0.057,0,,,,,,,,,,,,,,,,,,,,3.06,0.12,-1.1,,68,1.4,1500,140000,3.4,3.5,-4.6,0.38,0.040,0.99,0.99,0.28,True,40,1.0160,1.0017,0.9956,0.0188,1.1,True,1.1,True,,,,,,,,,,58,"the whitened profile likelihood over 159 traces of sessions PT at this waist with beta_self, the laser widths (session), the Omega scale (prior 1 +- 0.2) refit from 2 starts, gamma_l pinned at zero, Delta_alpha pinned at -1131.8 a.u. and rho at 0.94, the density law Steck, the collection window on at z_ratio 0.278 (M2 1), depletion at 0 cycles through companion_transit_mhz (transit at 130 C 0.9884 to 0.9884 MHz). the _err_hessian bars are conditional, every other parameter pinned. the dchi2_beta columns are the beta profile, chi2 with beta pinned at 0, theory, 5x and 20x theory and everything else refit, above the free minimum. the power-arm check reads the model's width ratio across each session's ladder at the TIED Omega (scale 1) with everything else fitted: P against the archive's 0.9956 +- 0.0188, refused at pull +1.09, pooled over 1 sessions refused at pull +1.09. centres profiled per trace and re-profiled after each inner fit, outer passes [1, 1], last centre move 0.002 MHz",DIAGNOSTIC
beta_profile,PT,session,False,lorentzian,1,0,,,62,,,,,,,,,78000,68,0.91,86000,159,0.015,P:0.929 T:0.867,"P:WING-LAW(core +5, wing -16) T:WING-LAW(core -5, wing -14)",144,0,,,,0.83,,0.78,,,,,,,,0.085,,0,,,,,,,,,,,,,,,,,,,,0,,,0,,,,,,,-4.6,0.38,0.041,0.99,0.99,0.28,True,40,,,0.9956,0.0188,,False,,False,,,,,,,,,,58,"beta_self pinned at 0 times theory (0.00 kHz per 1e12 cm^-3) with everything else refit warm from the free minimum at this waist: dchi2 is against the free minimum, and the dchi2_beta columns of the grid row read every point against the lowest of the free and the fixed fits. the summary reads the profile these rows make and never a Hessian bar at a rail",DIAGNOSTIC
beta_profile,PT,session,False,lorentzian,1,0,,,62,,,,,,,,,77000,1.4,0.91,86000,159,0.015,P:0.929 T:0.867,"P:WING-LAW(core +5, wing -16) T:WING-LAW(core -5, wing -14)",144,1.0,,,,0.73,,0.76,,,,,,,,0.085,,0,,,,,,,,,,,,,,,,,,,,3.5,,,1.0,,,,,,,-4.6,0.38,0.041,0.99,0.99,0.28,True,40,,,0.9956,0.0188,,False,,False,,,,,,,,,,58,"beta_self pinned at 1 times theory (3.50 kHz per 1e12 cm^-3) with everything else refit warm from the free minimum at this waist: dchi2 is against the free minimum, and the dchi2_beta columns of the grid row read every point against the lowest of the free and the fixed fits. the summary reads the profile these rows make and never a Hessian bar at a rail",DIAGNOSTIC
beta_profile,PT,session,False,lorentzian,1,0,,,62,,,,,,,,,79000,1500,0.91,86000,159,0.015,P:0.929 T:0.867,"P:WING-LAW(core +5, wing -16) T:WING-LAW(core -5, wing -14)",144,5.0,,,,0.32,,0.67,,,,,,,,0.092,,0,,,,,,,,,,,,,,,,,,,,17,,,5.0,,,,,,,-4.5,0.38,0.044,0.99,0.99,0.28,True,40,,,0.9956,0.0188,,False,,False,,,,,,,,,,58,"beta_self pinned at 5 times theory (17.49 kHz per 1e12 cm^-3) with everything else refit warm from the free minimum at this waist: dchi2 is against the free minimum, and the dchi2_beta columns of the grid row read every point against the lowest of the free and the fixed fits. the summary reads the profile these rows make and never a Hessian bar at a rail",DIAGNOSTIC
beta_profile,PT,session,False,lorentzian,1,0,,,62,,,,,,,,,220000,140000,0.91,86000,159,0.015,P:0.929 T:0.867,"P:WING-LAW(core +5, wing -16) T:WING-LAW(core -5, wing -14)",144,20,,,,0.20,,0.35,,,,,,,,0.0029,,0,,,,,,,,,,,,,,,,,,,,70,,,20,,,,,,,-5.0,0.38,0.0014,0.99,0.99,0.28,True,40,,,0.9956,0.0188,,False,,False,,,,,,,,,,58,"beta_self pinned at 20 times theory (69.94 kHz per 1e12 cm^-3) with everything else refit warm from the free minimum at this waist: dchi2 is against the free minimum, and the dchi2_beta columns of the grid row read every point against the lowest of the free and the fixed fits. the summary reads the profile these rows make and never a Hessian bar at a rail",DIAGNOSTIC
grid,PT,session,False,lorentzian,1,0,,,64,,,,,,,,,78000,2000,0.91,86000,159,0.15,P:0.935 T:0.868,"P:WING-LAW(core +6, wing -15) T:WING-LAW(core -5, wing -14)",114,0.878,0.034,,,0.7739,0.0037,0.790,0.012,,,,,,,0.092,0.061,0,,,,,,,,,,,,,,,,,,,,3.07,0.12,-1.1,,68,1.4,1500,140000,3.4,3.5,-4.5,0.36,0.041,0.96,0.96,0.26,True,40,1.0142,1.0015,0.9956,0.0188,0.99,False,0.99,False,,,,,,,,,,59,"the whitened profile likelihood over 159 traces of sessions PT at this waist with beta_self, the laser widths (session), the Omega scale (prior 1 +- 0.2) refit from 2 starts, gamma_l pinned at zero, Delta_alpha pinned at -1131.8 a.u. and rho at 0.94, the density law Steck, the collection window on at z_ratio 0.261 (M2 1), depletion at 0 cycles through companion_transit_mhz (transit at 130 C 0.9575 to 0.9575 MHz). the _err_hessian bars are conditional, every other parameter pinned. the dchi2_beta columns are the beta profile, chi2 with beta pinned at 0, theory, 5x and 20x theory and everything else refit, above the free minimum. the power-arm check reads the model's width ratio across each session's ladder at the TIED Omega (scale 1) with everything else fitted: P against the archive's 0.9956 +- 0.0188, passes at pull +0.99, pooled over 1 sessions passes at pull +0.99. centres profiled per trace and re-profiled after each inner fit, outer passes [1, 1], last centre move 0.001 MHz",DIAGNOSTIC
beta_profile,PT,session,False,lorentzian,1,0,,,64,,,,,,,,,78000,68,0.91,86000,159,0.15,P:0.935 T:0.868,"P:WING-LAW(core +6, wing -15) T:WING-LAW(core -5, wing -14)",114,0,,,,0.86,,0.81,,,,,,,,0.10,,0,,,,,,,,,,,,,,,,,,,,0,,,0,,,,,,,-4.5,0.36,0.046,0.96,0.96,0.26,True,40,,,0.9956,0.0188,,False,,False,,,,,,,,,,59,"beta_self pinned at 0 times theory (0.00 kHz per 1e12 cm^-3) with everything else refit warm from the free minimum at this waist: dchi2 is against the free minimum, and the dchi2_beta columns of the grid row read every point against the lowest of the free and the fixed fits. the summary reads the profile these rows make and never a Hessian bar at a rail",DIAGNOSTIC
beta_profile,PT,session,False,lorentzian,1,0,,,64,,,,,,,,,78000,1.4,0.91,86000,159,0.15,P:0.935 T:0.868,"P:WING-LAW(core +6, wing -15) T:WING-LAW(core -5, wing -14)",114,1.0,,,,0.76,,0.79,,,,,,,,0.096,,0,,,,,,,,,,,,,,,,,,,,3.5,,,1.0,,,,,,,-4.5,0.36,0.043,0.96,0.96,0.26,True,40,,,0.9956,0.0188,,False,,False,,,,,,,,,,59,"beta_self pinned at 1 times theory (3.50 kHz per 1e12 cm^-3) with everything else refit warm from the free minimum at this waist: dchi2 is against the free minimum, and the dchi2_beta columns of the grid row read every point against the lowest of the free and the fixed fits. the summary reads the profile these rows make and never a Hessian bar at a rail",DIAGNOSTIC
beta_profile,PT,session,False,lorentzian,1,0,,,64,,,,,,,,,79000,1500,0.91,86000,159,0.15,P:0.935 T:0.868,"P:WING-LAW(core +6, wing -15) T:WING-LAW(core -5, wing -14)",114,5.0,,,,0.35,,0.70,,,,,,,,0.091,,0,,,,,,,,,,,,,,,,,,,,17,,,5.0,,,,,,,-4.5,0.36,0.041,0.96,0.96,0.26,True,40,,,0.9956,0.0188,,False,,False,,,,,,,,,,59,"beta_self pinned at 5 times theory (17.49 kHz per 1e12 cm^-3) with everything else refit warm from the free minimum at this waist: dchi2 is against the free minimum, and the dchi2_beta columns of the grid row read every point against the lowest of the free and the fixed fits. the summary reads the profile these rows make and never a Hessian bar at a rail",DIAGNOSTIC
beta_profile,PT,session,False,lorentzian,1,0,,,64,,,,,,,,,210000,140000,0.91,86000,159,0.15,P:0.935 T:0.868,"P:WING-LAW(core +6, wing -15) T:WING-LAW(core -5, wing -14)",114,20,,,,0.20,,0.38,,,,,,,,0.0029,,0,,,,,,,,,,,,,,,,,,,,70,,,20,,,,,,,-5.0,0.36,0.0013,0.96,0.96,0.26,True,40,,,0.9956,0.0188,,False,,False,,,,,,,,,,59,"beta_self pinned at 20 times theory (69.94 kHz per 1e12 cm^-3) with everything else refit warm from the free minimum at this waist: dchi2 is against the free minimum, and the dchi2_beta columns of the grid row read every point against the lowest of the free and the fixed fits. the summary reads the profile these rows make and never a Hessian bar at a rail",DIAGNOSTIC
grid,PT,session,False,lorentzian,1,0,,,66,,,,,,,,,78000,2300,0.92,86000,159,0.0041,P:0.940 T:0.868,"P:WING-LAW(core +7, wing -15) T:WING-LAW(core -5, wing -14)",108,0.877,0.034,,,0.8045,0.0037,0.819,0.012,,,,,,,0.112,0.064,0,,,,,,,,,,,,,,,,,,,,3.07,0.12,-1.1,,68,1.4,1500,130000,3.4,3.5,-4.4,0.34,0.047,0.93,0.93,0.24,True,40,1.0127,1.0015,0.9956,0.0188,0.91,False,0.91,False,,,,,,,,,,62,"the whitened profile likelihood over 159 traces of sessions PT at this waist with beta_self, the laser widths (session), the Omega scale (prior 1 +- 0.2) refit from 2 starts, gamma_l pinned at zero, Delta_alpha pinned at -1131.8 a.u. and rho at 0.94, the density law Steck, the collection window on at z_ratio 0.245 (M2 1), depletion at 0 cycles through companion_transit_mhz (transit at 130 C 0.9285 to 0.9285 MHz). the _err_hessian bars are conditional, every other parameter pinned. the dchi2_beta columns are the beta profile, chi2 with beta pinned at 0, theory, 5x and 20x theory and everything else refit, above the free minimum. the power-arm check reads the model's width ratio across each session's ladder at the TIED Omega (scale 1) with everything else fitted: P against the archive's 0.9956 +- 0.0188, passes at pull +0.91, pooled over 1 sessions passes at pull +0.91. centres profiled per trace and re-profiled after each inner fit, outer passes [1, 1], last centre move 0.000 MHz",DIAGNOSTIC
beta_profile,PT,session,False,lorentzian,1,0,,,66,,,,,,,,,78000,68,0.92,86000,159,0.0041,P:0.940 T:0.868,"P:WING-LAW(core +7, wing -15) T:WING-LAW(core -5, wing -14)",108,0,,,,0.89,,0.84,,,,,,,,0.11,,0,,,,,,,,,,,,,,,,,,,,0,,,0,,,,,,,-4.5,0.34,0.045,0.93,0.93,0.24,True,40,,,0.9956,0.0188,,False,,False,,,,,,,,,,62,"beta_self pinned at 0 times theory (0.00 kHz per 1e12 cm^-3) with everything else refit warm from the free minimum at this waist: dchi2 is against the free minimum, and the dchi2_beta columns of the grid row read every point against the lowest of the free and the fixed fits. the summary reads the profile these rows make and never a Hessian bar at a rail",DIAGNOSTIC
beta_profile,PT,session,False,lorentzian,1,0,,,66,,,,,,,,,78000,1.4,0.92,86000,159,0.0041,P:0.940 T:0.868,"P:WING-LAW(core +7, wing -15) T:WING-LAW(core -5, wing -14)",108,1.0,,,,0.79,,0.82,,,,,,,,0.11,,0,,,,,,,,,,,,,,,,,,,,3.5,,,1.0,,,,,,,-4.4,0.34,0.048,0.93,0.93,0.24,True,40,,,0.9956,0.0188,,False,,False,,,,,,,,,,62,"beta_self pinned at 1 times theory (3.50 kHz per 1e12 cm^-3) with everything else refit warm from the free minimum at this waist: dchi2 is against the free minimum, and the dchi2_beta columns of the grid row read every point against the lowest of the free and the fixed fits. the summary reads the profile these rows make and never a Hessian bar at a rail",DIAGNOSTIC
beta_profile,PT,session,False,lorentzian,1,0,,,66,,,,,,,,,80000,1500,0.92,86000,159,0.0041,P:0.940 T:0.868,"P:WING-LAW(core +7, wing -15) T:WING-LAW(core -5, wing -14)",108,5.0,,,,0.38,,0.73,,,,,,,,0.10,,0,,,,,,,,,,,,,,,,,,,,17,,,5.0,,,,,,,-4.5,0.34,0.042,0.93,0.93,0.24,True,40,,,0.9956,0.0188,,False,,False,,,,,,,,,,62,"beta_self pinned at 5 times theory (17.49 kHz per 1e12 cm^-3) with everything else refit warm from the free minimum at this waist: dchi2 is against the free minimum, and the dchi2_beta columns of the grid row read every point against the lowest of the free and the fixed fits. the summary reads the profile these rows make and never a Hessian bar at a rail",DIAGNOSTIC
beta_profile,PT,session,False,lorentzian,1,0,,,66,,,,,,,,,210000,130000,0.92,86000,159,0.0041,P:0.940 T:0.868,"P:WING-LAW(core +7, wing -15) T:WING-LAW(core -5, wing -14)",108,20,,,,0.20,,0.41,,,,,,,,0.0034,,0,,,,,,,,,,,,,,,,,,,,70,,,20,,,,,,,-5.0,0.34,0.0014,0.93,0.93,0.24,True,40,,,0.9956,0.0188,,False,,False,,,,,,,,,,62,"beta_self pinned at 20 times theory (69.94 kHz per 1e12 cm^-3) with everything else refit warm from the free minimum at this waist: dchi2 is against the free minimum, and the dchi2_beta columns of the grid row read every point against the lowest of the free and the fixed fits. the summary reads the profile these rows make and never a Hessian bar at a rail",DIAGNOSTIC
grid,PT,session,False,lorentzian,1,0,,,68,,,,,,,,,78000,2600,0.92,86000,159,0.065,P:0.945 T:0.868,"P:WING-LAW(core +8, wing -14) T:WING-LAW(core -5, wing -14)",102,0.889,0.034,,,0.8315,0.0037,0.845,0.012,,,,,,,0.142,0.067,0,,,,,,,,,,,,,,,,,,,,3.11,0.12,-1.0,,68,1.3,1500,130000,3.4,3.5,-4.3,0.32,0.056,0.90,0.90,0.23,True,40,1.0114,1.0015,0.9956,0.0188,0.85,False,0.85,False,,,,,,,,,,62,"the whitened profile likelihood over 159 traces of sessions PT at this waist with beta_self, the laser widths (session), the Omega scale (prior 1 +- 0.2) refit from 2 starts, gamma_l pinned at zero, Delta_alpha pinned at -1131.8 a.u. and rho at 0.94, the density law Steck, the collection window on at z_ratio 0.231 (M2 1), depletion at 0 cycles through companion_transit_mhz (transit at 130 C 0.9012 to 0.9012 MHz). the _err_hessian bars are conditional, every other parameter pinned. the dchi2_beta columns are the beta profile, chi2 with beta pinned at 0, theory, 5x and 20x theory and everything else refit, above the free minimum. the power-arm check reads the model's width ratio across each session's ladder at the TIED Omega (scale 1) with everything else fitted: P against the archive's 0.9956 +- 0.0188, passes at pull +0.85, pooled over 1 sessions passes at pull +0.85. centres profiled per trace and re-profiled after each inner fit, outer passes [1, 1], last centre move 0.000 MHz",DIAGNOSTIC
beta_profile,PT,session,False,lorentzian,1,0,,,68,,,,,,,,,78000,68,0.92,86000,159,0.065,P:0.945 T:0.868,"P:WING-LAW(core +8, wing -14) T:WING-LAW(core -5, wing -14)",102,0,,,,0.92,,0.87,,,,,,,,0.15,,0,,,,,,,,,,,,,,,,,,,,0,,,0,,,,,,,-4.3,0.32,0.058,0.90,0.90,0.23,True,40,,,0.9956,0.0188,,False,,False,,,,,,,,,,62,"beta_self pinned at 0 times theory (0.00 kHz per 1e12 cm^-3) with everything else refit warm from the free minimum at this waist: dchi2 is against the free minimum, and the dchi2_beta columns of the grid row read every point against the lowest of the free and the fixed fits. the summary reads the profile these rows make and never a Hessian bar at a rail",DIAGNOSTIC
beta_profile,PT,session,False,lorentzian,1,0,,,68,,,,,,,,,78000,1.3,0.92,86000,159,0.065,P:0.945 T:0.868,"P:WING-LAW(core +8, wing -14) T:WING-LAW(core -5, wing -14)",102,1.0,,,,0.82,,0.84,,,,,,,,0.13,,0,,,,,,,,,,,,,,,,,,,,3.5,,,1.0,,,,,,,-4.3,0.32,0.052,0.90,0.90,0.23,True,40,,,0.9956,0.0188,,False,,False,,,,,,,,,,62,"beta_self pinned at 1 times theory (3.50 kHz per 1e12 cm^-3) with everything else refit warm from the free minimum at this waist: dchi2 is against the free minimum, and the dchi2_beta columns of the grid row read every point against the lowest of the free and the fixed fits. the summary reads the profile these rows make and never a Hessian bar at a rail",DIAGNOSTIC
beta_profile,PT,session,False,lorentzian,1,0,,,68,,,,,,,,,80000,1500,0.92,86000,159,0.065,P:0.945 T:0.868,"P:WING-LAW(core +8, wing -14) T:WING-LAW(core -5, wing -14)",102,5.0,,,,0.41,,0.75,,,,,,,,0.14,,0,,,,,,,,,,,,,,,,,,,,17,,,5.0,,,,,,,-4.3,0.32,0.054,0.90,0.90,0.23,True,40,,,0.9956,0.0188,,False,,False,,,,,,,,,,62,"beta_self pinned at 5 times theory (17.49 kHz per 1e12 cm^-3) with everything else refit warm from the free minimum at this waist: dchi2 is against the free minimum, and the dchi2_beta columns of the grid row read every point against the lowest of the free and the fixed fits. the summary reads the profile these rows make and never a Hessian bar at a rail",DIAGNOSTIC
beta_profile,PT,session,False,lorentzian,1,0,,,68,,,,,,,,,210000,130000,0.92,86000,159,0.065,P:0.945 T:0.868,"P:WING-LAW(core +8, wing -14) T:WING-LAW(core -5, wing -14)",102,20,,,,0.20,,0.44,,,,,,,,0.0040,,0,,,,,,,,,,,,,,,,,,,,70,,,20,,,,,,,-5.0,0.32,0.0016,0.90,0.90,0.23,True,40,,,0.9956,0.0188,,False,,False,,,,,,,,,,62,"beta_self pinned at 20 times theory (69.94 kHz per 1e12 cm^-3) with everything else refit warm from the free minimum at this waist: dchi2 is against the free minimum, and the dchi2_beta columns of the grid row read every point against the lowest of the free and the fixed fits. the summary reads the profile these rows make and never a Hessian bar at a rail",DIAGNOSTIC
grid,PT,session,False,lorentzian,1,0,,,70,,,,,,,,,79000,2900,0.93,86000,159,0.0033,P:0.950 T:0.869,"P:WING-LAW(core +9, wing -14) T:WING-LAW(core -4, wing -14)",96,0.878,0.034,,,0.8591,0.0037,0.870,0.012,,,,,,,0.134,0.071,0,,,,,,,,,,,,,,,,,,,,3.07,0.12,-1.1,,69,1.4,1500,130000,3.4,3.5,-4.3,0.30,0.050,0.88,0.88,0.22,True,40,1.0103,1.0013,0.9956,0.0188,0.78,False,0.78,False,,,,,,,,,,62,"the whitened profile likelihood over 159 traces of sessions PT at this waist with beta_self, the laser widths (session), the Omega scale (prior 1 +- 0.2) refit from 2 starts, gamma_l pinned at zero, Delta_alpha pinned at -1131.8 a.u. and rho at 0.94, the density law Steck, the collection window on at z_ratio 0.218 (M2 1), depletion at 0 cycles through companion_transit_mhz (transit at 130 C 0.8754 to 0.8754 MHz). the _err_hessian bars are conditional, every other parameter pinned. the dchi2_beta columns are the beta profile, chi2 with beta pinned at 0, theory, 5x and 20x theory and everything else refit, above the free minimum. the power-arm check reads the model's width ratio across each session's ladder at the TIED Omega (scale 1) with everything else fitted: P against the archive's 0.9956 +- 0.0188, passes at pull +0.78, pooled over 1 sessions passes at pull +0.78. centres profiled per trace and re-profiled after each inner fit, outer passes [1, 1], last centre move 0.001 MHz",DIAGNOSTIC
beta_profile,PT,session,False,lorentzian,1,0,,,70,,,,,,,,,79000,69,0.93,86000,159,0.0033,P:0.950 T:0.869,"P:WING-LAW(core +9, wing -14) T:WING-LAW(core -4, wing -14)",96,0,,,,0.95,,0.89,,,,,,,,0.14,,0,,,,,,,,,,,,,,,,,,,,0,,,0,,,,,,,-4.3,0.30,0.051,0.88,0.88,0.22,True,40,,,0.9956,0.0188,,False,,False,,,,,,,,,,62,"beta_self pinned at 0 times theory (0.00 kHz per 1e12 cm^-3) with everything else refit warm from the free minimum at this waist: dchi2 is against the free minimum, and the dchi2_beta columns of the grid row read every point against the lowest of the free and the fixed fits. the summary reads the profile these rows make and never a Hessian bar at a rail",DIAGNOSTIC
beta_profile,PT,session,False,lorentzian,1,0,,,70,,,,,,,,,79000,1.4,0.93,86000,159,0.0033,P:0.950 T:0.869,"P:WING-LAW(core +9, wing -14) T:WING-LAW(core -4, wing -14)",96,1.0,,,,0.85,,0.87,,,,,,,,0.14,,0,,,,,,,,,,,,,,,,,,,,3.5,,,1.0,,,,,,,-4.3,0.30,0.052,0.88,0.88,0.22,True,40,,,0.9956,0.0188,,False,,False,,,,,,,,,,62,"beta_self pinned at 1 times theory (3.50 kHz per 1e12 cm^-3) with everything else refit warm from the free minimum at this waist: dchi2 is against the free minimum, and the dchi2_beta columns of the grid row read every point against the lowest of the free and the fixed fits. the summary reads the profile these rows make and never a Hessian bar at a rail",DIAGNOSTIC
beta_profile,PT,session,False,lorentzian,1,0,,,70,,,,,,,,,80000,1500,0.93,86000,159,0.0033,P:0.950 T:0.869,"P:WING-LAW(core +9, wing -14) T:WING-LAW(core -4, wing -14)",96,5.0,,,,0.43,,0.78,,,,,,,,0.16,,0,,,,,,,,,,,,,,,,,,,,17,,,5.0,,,,,,,-4.2,0.30,0.059,0.88,0.88,0.22,True,40,,,0.9956,0.0188,,False,,False,,,,,,,,,,62,"beta_self pinned at 5 times theory (17.49 kHz per 1e12 cm^-3) with everything else refit warm from the free minimum at this waist: dchi2 is against the free minimum, and the dchi2_beta columns of the grid row read every point against the lowest of the free and the fixed fits. the summary reads the profile these rows make and never a Hessian bar at a rail",DIAGNOSTIC
beta_profile,PT,session,False,lorentzian,1,0,,,70,,,,,,,,,200000,130000,0.93,86000,159,0.0033,P:0.950 T:0.869,"P:WING-LAW(core +9, wing -14) T:WING-LAW(core -4, wing -14)",96,20,,,,0.20,,0.46,,,,,,,,0.0069,,0,,,,,,,,,,,,,,,,,,,,70,,,20,,,,,,,-5.0,0.30,0.0026,0.88,0.88,0.22,True,40,,,0.9956,0.0188,,False,,False,,,,,,,,,,62,"beta_self pinned at 20 times theory (69.94 kHz per 1e12 cm^-3) with everything else refit warm from the free minimum at this waist: dchi2 is against the free minimum, and the dchi2_beta columns of the grid row read every point against the lowest of the free and the fixed fits. the summary reads the profile these rows make and never a Hessian bar at a rail",DIAGNOSTIC
grid,PT,session,False,lorentzian,1,0,,,72,,,,,,,,,79000,3200,0.93,86000,159,0.0045,P:0.955 T:0.869,"P:WING-LAW(core +10, wing -13) T:WING-LAW(core -4, wing -14)",120,0.880,0.034,,,0.8834,0.0037,0.893,0.012,,,,,,,0.151,0.075,0,,,,,,,,,,,,,,,,,,,,3.08,0.12,-1.1,,69,1.4,1500,120000,3.4,3.5,-4.2,0.28,0.054,0.85,0.85,0.21,True,40,1.0093,1.0013,0.9956,0.0188,0.73,False,0.73,False,,,,,,,,,,71,"the whitened profile likelihood over 159 traces of sessions PT at this waist with beta_self, the laser widths (session), the Omega scale (prior 1 +- 0.2) refit from 2 starts, gamma_l pinned at zero, Delta_alpha pinned at -1131.8 a.u. and rho at 0.94, the density law Steck, the collection window on at z_ratio 0.206 (M2 1), depletion at 0 cycles through companion_transit_mhz (transit at 130 C 0.8511 to 0.8511 MHz). the _err_hessian bars are conditional, every other parameter pinned. the dchi2_beta columns are the beta profile, chi2 with beta pinned at 0, theory, 5x and 20x theory and everything else refit, above the free minimum. the power-arm check reads the model's width ratio across each session's ladder at the TIED Omega (scale 1) with everything else fitted: P against the archive's 0.9956 +- 0.0188, passes at pull +0.73, pooled over 1 sessions passes at pull +0.73. centres profiled per trace and re-profiled after each inner fit, outer passes [1, 1], last centre move 0.001 MHz",DIAGNOSTIC
beta_profile,PT,session,False,lorentzian,1,0,,,72,,,,,,,,,79000,69,0.93,86000,159,0.0045,P:0.955 T:0.869,"P:WING-LAW(core +10, wing -13) T:WING-LAW(core -4, wing -14)",120,0,,,,0.97,,0.91,,,,,,,,0.15,,0,,,,,,,,,,,,,,,,,,,,0,,,0,,,,,,,-4.3,0.28,0.053,0.85,0.85,0.21,True,40,,,0.9956,0.0188,,False,,False,,,,,,,,,,71,"beta_self pinned at 0 times theory (0.00 kHz per 1e12 cm^-3) with everything else refit warm from the free minimum at this waist: dchi2 is against the free minimum, and the dchi2_beta columns of the grid row read every point against the lowest of the free and the fixed fits. the summary reads the profile these rows make and never a Hessian bar at a rail",DIAGNOSTIC
beta_profile,PT,session,False,lorentzian,1,0,,,72,,,,,,,,,79000,1.4,0.93,86000,159,0.0045,P:0.955 T:0.869,"P:WING-LAW(core +10, wing -13) T:WING-LAW(core -4, wing -14)",120,1.0,,,,0.87,,0.89,,,,,,,,0.15,,0,,,,,,,,,,,,,,,,,,,,3.5,,,1.0,,,,,,,-4.2,0.28,0.054,0.85,0.85,0.21,True,40,,,0.9956,0.0188,,False,,False,,,,,,,,,,71,"beta_self pinned at 1 times theory (3.50 kHz per 1e12 cm^-3) with everything else refit warm from the free minimum at this waist: dchi2 is against the free minimum, and the dchi2_beta columns of the grid row read every point against the lowest of the free and the fixed fits. the summary reads the profile these rows make and never a Hessian bar at a rail",DIAGNOSTIC
beta_profile,PT,session,False,lorentzian,1,0,,,72,,,,,,,,,81000,1500,0.93,86000,159,0.0045,P:0.955 T:0.869,"P:WING-LAW(core +10, wing -13) T:WING-LAW(core -4, wing -14)",120,5.0,,,,0.46,,0.80,,,,,,,,0.15,,0,,,,,,,,,,,,,,,,,,,,17,,,5.0,,,,,,,-4.2,0.28,0.054,0.85,0.85,0.21,True,40,,,0.9956,0.0188,,False,,False,,,,,,,,,,71,"beta_self pinned at 5 times theory (17.49 kHz per 1e12 cm^-3) with everything else refit warm from the free minimum at this waist: dchi2 is against the free minimum, and the dchi2_beta columns of the grid row read every point against the lowest of the free and the fixed fits. the summary reads the profile these rows make and never a Hessian bar at a rail",DIAGNOSTIC
beta_profile,PT,session,False,lorentzian,1,0,,,72,,,,,,,,,200000,120000,0.93,86000,159,0.0045,P:0.955 T:0.869,"P:WING-LAW(core +10, wing -13) T:WING-LAW(core -4, wing -14)",120,20,,,,0.20,,0.48,,,,,,,,0.0043,,0,,,,,,,,,,,,,,,,,,,,70,,,20,,,,,,,-5.0,0.28,0.0015,0.85,0.85,0.21,True,40,,,0.9956,0.0188,,False,,False,,,,,,,,,,71,"beta_self pinned at 20 times theory (69.94 kHz per 1e12 cm^-3) with everything else refit warm from the free minimum at this waist: dchi2 is against the free minimum, and the dchi2_beta columns of the grid row read every point against the lowest of the free and the fixed fits. the summary reads the profile these rows make and never a Hessian bar at a rail",DIAGNOSTIC
grid,PT,session,False,lorentzian,1,0,,,74,,,,,,,,,79000,3500,0.93,86000,159,0.0057,P:0.960 T:0.869,"P:WING-LAW(core +11, wing -13) T:WING-LAW(core -4, wing -14)",108,0.882,0.034,,,0.9060,0.0037,0.914,0.012,,,,,,,0.164,0.078,0,,,,,,,,,,,,,,,,,,,,3.08,0.12,-1.1,,69,1.3,1500,120000,3.4,3.5,-4.2,0.27,0.055,0.83,0.83,0.19,True,40,1.0084,1.0013,0.9956,0.0188,0.68,False,0.68,False,,,,,,,,,,69,"the whitened profile likelihood over 159 traces of sessions PT at this waist with beta_self, the laser widths (session), the Omega scale (prior 1 +- 0.2) refit from 2 starts, gamma_l pinned at zero, Delta_alpha pinned at -1131.8 a.u. and rho at 0.94, the density law Steck, the collection window on at z_ratio 0.195 (M2 1), depletion at 0 cycles through companion_transit_mhz (transit at 130 C 0.8281 to 0.8281 MHz). the _err_hessian bars are conditional, every other parameter pinned. the dchi2_beta columns are the beta profile, chi2 with beta pinned at 0, theory, 5x and 20x theory and everything else refit, above the free minimum. the power-arm check reads the model's width ratio across each session's ladder at the TIED Omega (scale 1) with everything else fitted: P against the archive's 0.9956 +- 0.0188, passes at pull +0.68, pooled over 1 sessions passes at pull +0.68. centres profiled per trace and re-profiled after each inner fit, outer passes [1, 1], last centre move 0.001 MHz",DIAGNOSTIC
beta_profile,PT,session,False,lorentzian,1,0,,,74,,,,,,,,,79000,69,0.93,86000,159,0.0057,P:0.960 T:0.869,"P:WING-LAW(core +11, wing -13) T:WING-LAW(core -4, wing -14)",108,0,,,,1.0,,0.93,,,,,,,,0.17,,0,,,,,,,,,,,,,,,,,,,,0,,,0,,,,,,,-4.2,0.27,0.056,0.83,0.83,0.19,True,40,,,0.9956,0.0188,,False,,False,,,,,,,,,,69,"beta_self pinned at 0 times theory (0.00 kHz per 1e12 cm^-3) with everything else refit warm from the free minimum at this waist: dchi2 is against the free minimum, and the dchi2_beta columns of the grid row read every point against the lowest of the free and the fixed fits. the summary reads the profile these rows make and never a Hessian bar at a rail",DIAGNOSTIC
beta_profile,PT,session,False,lorentzian,1,0,,,74,,,,,,,,,79000,1.3,0.93,86000,159,0.0057,P:0.960 T:0.869,"P:WING-LAW(core +11, wing -13) T:WING-LAW(core -4, wing -14)",108,1.0,,,,0.89,,0.91,,,,,,,,0.17,,0,,,,,,,,,,,,,,,,,,,,3.5,,,1.0,,,,,,,-4.2,0.27,0.057,0.83,0.83,0.19,True,40,,,0.9956,0.0188,,False,,False,,,,,,,,,,69,"beta_self pinned at 1 times theory (3.50 kHz per 1e12 cm^-3) with everything else refit warm from the free minimum at this waist: dchi2 is against the free minimum, and the dchi2_beta columns of the grid row read every point against the lowest of the free and the fixed fits. the summary reads the profile these rows make and never a Hessian bar at a rail",DIAGNOSTIC
beta_profile,PT,session,False,lorentzian,1,0,,,74,,,,,,,,,81000,1500,0.93,86000,159,0.0057,P:0.960 T:0.869,"P:WING-LAW(core +11, wing -13) T:WING-LAW(core -4, wing -14)",108,5.0,,,,0.48,,0.82,,,,,,,,0.16,,0,,,,,,,,,,,,,,,,,,,,17,,,5.0,,,,,,,-4.2,0.27,0.055,0.83,0.83,0.19,True,40,,,0.9956,0.0188,,False,,False,,,,,,,,,,69,"beta_self pinned at 5 times theory (17.49 kHz per 1e12 cm^-3) with everything else refit warm from the free minimum at this waist: dchi2 is against the free minimum, and the dchi2_beta columns of the grid row read every point against the lowest of the free and the fixed fits. the summary reads the profile these rows make and never a Hessian bar at a rail",DIAGNOSTIC
beta_profile,PT,session,False,lorentzian,1,0,,,74,,,,,,,,,200000,120000,0.93,86000,159,0.0057,P:0.960 T:0.869,"P:WING-LAW(core +11, wing -13) T:WING-LAW(core -4, wing -14)",108,20,,,,0.20,,0.50,,,,,,,,0.010,,0,,,,,,,,,,,,,,,,,,,,70,,,20,,,,,,,-4.9,0.27,0.0034,0.83,0.83,0.19,True,40,,,0.9956,0.0188,,False,,False,,,,,,,,,,69,"beta_self pinned at 20 times theory (69.94 kHz per 1e12 cm^-3) with everything else refit warm from the free minimum at this waist: dchi2 is against the free minimum, and the dchi2_beta columns of the grid row read every point against the lowest of the free and the fixed fits. the summary reads the profile these rows make and never a Hessian bar at a rail",DIAGNOSTIC
grid,PT,session,False,lorentzian,1,0,,,76,,,,,,,,,80000,3800,0.94,86000,159,0.011,P:0.965 T:0.870,"P:WING-LAW(core +12, wing -12) T:WING-LAW(core -4, wing -14)",114,0.884,0.034,,,0.9269,0.0036,0.934,0.012,,,,,,,0.177,0.082,0,,,,,,,,,,,,,,,,,,,,3.09,0.12,-1.0,,69,1.3,1500,120000,3.4,3.5,-4.1,0.26,0.057,0.81,0.81,0.18,True,40,1.0076,1.0012,0.9956,0.0188,0.64,False,0.64,False,,,,,,,,,,73,"the whitened profile likelihood over 159 traces of sessions PT at this waist with beta_self, the laser widths (session), the Omega scale (prior 1 +- 0.2) refit from 2 starts, gamma_l pinned at zero, Delta_alpha pinned at -1131.8 a.u. and rho at 0.94, the density law Steck, the collection window on at z_ratio 0.185 (M2 1), depletion at 0 cycles through companion_transit_mhz (transit at 130 C 0.8063 to 0.8063 MHz). the _err_hessian bars are conditional, every other parameter pinned. the dchi2_beta columns are the beta profile, chi2 with beta pinned at 0, theory, 5x and 20x theory and everything else refit, above the free minimum. the power-arm check reads the model's width ratio across each session's ladder at the TIED Omega (scale 1) with everything else fitted: P against the archive's 0.9956 +- 0.0188, passes at pull +0.64, pooled over 1 sessions passes at pull +0.64. centres profiled per trace and re-profiled after each inner fit, outer passes [1, 1], last centre move 0.001 MHz",DIAGNOSTIC
beta_profile,PT,session,False,lorentzian,1,0,,,76,,,,,,,,,80000,69,0.94,86000,159,0.011,P:0.965 T:0.870,"P:WING-LAW(core +12, wing -12) T:WING-LAW(core -4, wing -14)",114,0,,,,1.0,,0.95,,,,,,,,0.19,,0,,,,,,,,,,,,,,,,,,,,0,,,0,,,,,,,-4.1,0.26,0.059,0.81,0.81,0.18,True,40,,,0.9956,0.0188,,False,,False,,,,,,,,,,73,"beta_self pinned at 0 times theory (0.00 kHz per 1e12 cm^-3) with everything else refit warm from the free minimum at this waist: dchi2 is against the free minimum, and the dchi2_beta columns of the grid row read every point against the lowest of the free and the fixed fits. the summary reads the profile these rows make and never a Hessian bar at a rail",DIAGNOSTIC
beta_profile,PT,session,False,lorentzian,1,0,,,76,,,,,,,,,80000,1.3,0.94,86000,159,0.011,P:0.965 T:0.870,"P:WING-LAW(core +12, wing -12) T:WING-LAW(core -4, wing -14)",114,1.0,,,,0.92,,0.93,,,,,,,,0.18,,0,,,,,,,,,,,,,,,,,,,,3.5,,,1.0,,,,,,,-4.1,0.26,0.056,0.81,0.81,0.18,True,40,,,0.9956,0.0188,,False,,False,,,,,,,,,,73,"beta_self pinned at 1 times theory (3.50 kHz per 1e12 cm^-3) with everything else refit warm from the free minimum at this waist: dchi2 is against the free minimum, and the dchi2_beta columns of the grid row read every point against the lowest of the free and the fixed fits. the summary reads the profile these rows make and never a Hessian bar at a rail",DIAGNOSTIC
beta_profile,PT,session,False,lorentzian,1,0,,,76,,,,,,,,,81000,1500,0.94,86000,159,0.011,P:0.965 T:0.870,"P:WING-LAW(core +12, wing -12) T:WING-LAW(core -4, wing -14)",114,5.0,,,,0.50,,0.84,,,,,,,,0.17,,0,,,,,,,,,,,,,,,,,,,,17,,,5.0,,,,,,,-4.1,0.26,0.056,0.81,0.81,0.18,True,40,,,0.9956,0.0188,,False,,False,,,,,,,,,,73,"beta_self pinned at 5 times theory (17.49 kHz per 1e12 cm^-3) with everything else refit warm from the free minimum at this waist: dchi2 is against the free minimum, and the dchi2_beta columns of the grid row read every point against the lowest of the free and the fixed fits. the summary reads the profile these rows make and never a Hessian bar at a rail",DIAGNOSTIC
beta_profile,PT,session,False,lorentzian,1,0,,,76,,,,,,,,,200000,120000,0.94,86000,159,0.011,P:0.965 T:0.870,"P:WING-LAW(core +12, wing -12) T:WING-LAW(core -4, wing -14)",114,20,,,,0.20,,0.52,,,,,,,,0.011,,0,,,,,,,,,,,,,,,,,,,,70,,,20,,,,,,,-4.9,0.26,0.0035,0.81,0.81,0.18,True,40,,,0.9956,0.0188,,False,,False,,,,,,,,,,73,"beta_self pinned at 20 times theory (69.94 kHz per 1e12 cm^-3) with everything else refit warm from the free minimum at this waist: dchi2 is against the free minimum, and the dchi2_beta columns of the grid row read every point against the lowest of the free and the fixed fits. the summary reads the profile these rows make and never a Hessian bar at a rail",DIAGNOSTIC
grid,PT,session,False,lorentzian,1,0,,,78,,,,,,,,,80000,4100,0.94,86000,159,0.045,P:0.969 T:0.870,"P:WING-LAW(core +12, wing -12) T:WING-LAW(core -4, wing -14)",102,0.889,0.034,,,0.9462,0.0036,0.952,0.012,,,,,,,0.198,0.085,0,,,,,,,,,,,,,,,,,,,,3.11,0.12,-1.0,,69,1.3,1500,120000,3.4,3.5,-4.0,0.24,0.060,0.79,0.79,0.18,True,40,1.0068,1.0011,0.9956,0.0188,0.60,False,0.60,False,,,,,,,,,,76,"the whitened profile likelihood over 159 traces of sessions PT at this waist with beta_self, the laser widths (session), the Omega scale (prior 1 +- 0.2) refit from 2 starts, gamma_l pinned at zero, Delta_alpha pinned at -1131.8 a.u. and rho at 0.94, the density law Steck, the collection window on at z_ratio 0.175 (M2 1), depletion at 0 cycles through companion_transit_mhz (transit at 130 C 0.7856 to 0.7856 MHz). the _err_hessian bars are conditional, every other parameter pinned. the dchi2_beta columns are the beta profile, chi2 with beta pinned at 0, theory, 5x and 20x theory and everything else refit, above the free minimum. the power-arm check reads the model's width ratio across each session's ladder at the TIED Omega (scale 1) with everything else fitted: P against the archive's 0.9956 +- 0.0188, passes at pull +0.60, pooled over 1 sessions passes at pull +0.60. centres profiled per trace and re-profiled after each inner fit, outer passes [1, 1], last centre move 0.001 MHz",DIAGNOSTIC
beta_profile,PT,session,False,lorentzian,1,0,,,78,,,,,,,,,80000,69,0.94,86000,159,0.045,P:0.969 T:0.870,"P:WING-LAW(core +12, wing -12) T:WING-LAW(core -4, wing -14)",102,0,,,,1.0,,0.97,,,,,,,,0.20,,0,,,,,,,,,,,,,,,,,,,,0,,,0,,,,,,,-4.0,0.24,0.061,0.79,0.79,0.18,True,40,,,0.9956,0.0188,,False,,False,,,,,,,,,,76,"beta_self pinned at 0 times theory (0.00 kHz per 1e12 cm^-3) with everything else refit warm from the free minimum at this waist: dchi2 is against the free minimum, and the dchi2_beta columns of the grid row read every point against the lowest of the free and the fixed fits. the summary reads the profile these rows make and never a Hessian bar at a rail",DIAGNOSTIC
beta_profile,PT,session,False,lorentzian,1,0,,,78,,,,,,,,,80000,1.3,0.94,86000,159,0.045,P:0.969 T:0.870,"P:WING-LAW(core +12, wing -12) T:WING-LAW(core -4, wing -14)",102,1.0,,,,0.93,,0.95,,,,,,,,0.20,,0,,,,,,,,,,,,,,,,,,,,3.5,,,1.0,,,,,,,-4.0,0.24,0.061,0.79,0.79,0.18,True,40,,,0.9956,0.0188,,False,,False,,,,,,,,,,76,"beta_self pinned at 1 times theory (3.50 kHz per 1e12 cm^-3) with everything else refit warm from the free minimum at this waist: dchi2 is against the free minimum, and the dchi2_beta columns of the grid row read every point against the lowest of the free and the fixed fits. the summary reads the profile these rows make and never a Hessian bar at a rail",DIAGNOSTIC
beta_profile,PT,session,False,lorentzian,1,0,,,78,,,,,,,,,81000,1500,0.94,86000,159,0.045,P:0.969 T:0.870,"P:WING-LAW(core +12, wing -12) T:WING-LAW(core -4, wing -14)",102,5.0,,,,0.52,,0.86,,,,,,,,0.19,,0,,,,,,,,,,,,,,,,,,,,17,,,5.0,,,,,,,-4.1,0.24,0.057,0.79,0.79,0.18,True,40,,,0.9956,0.0188,,False,,False,,,,,,,,,,76,"beta_self pinned at 5 times theory (17.49 kHz per 1e12 cm^-3) with everything else refit warm from the free minimum at this waist: dchi2 is against the free minimum, and the dchi2_beta columns of the grid row read every point against the lowest of the free and the fixed fits. the summary reads the profile these rows make and never a Hessian bar at a rail",DIAGNOSTIC
beta_profile,PT,session,False,lorentzian,1,0,,,78,,,,,,,,,200000,120000,0.94,86000,159,0.045,P:0.969 T:0.870,"P:WING-LAW(core +12, wing -12) T:WING-LAW(core -4, wing -14)",102,20,,,,0.20,,0.54,,,,,,,,0.011,,0,,,,,,,,,,,,,,,,,,,,70,,,20,,,,,,,-4.9,0.24,0.0034,0.79,0.79,0.18,True,40,,,0.9956,0.0188,,False,,False,,,,,,,,,,76,"beta_self pinned at 20 times theory (69.94 kHz per 1e12 cm^-3) with everything else refit warm from the free minimum at this waist: dchi2 is against the free minimum, and the dchi2_beta columns of the grid row read every point against the lowest of the free and the fixed fits. the summary reads the profile these rows make and never a Hessian bar at a rail",DIAGNOSTIC
grid,PT,session,False,lorentzian,1,0,,,80,,,,,,,,,80000,4400,0.94,86000,159,0.051,P:0.974 T:0.871,"P:WING-LAW(core +13, wing -11) T:WING-LAW(core -4, wing -14)",102,0.883,0.034,,,0.9653,0.0036,0.970,0.012,,,,,,,0.215,0.089,0,,,,,,,,,,,,,,,,,,,,3.09,0.12,-1.0,,69,1.3,1500,110000,3.4,3.5,-3.9,0.23,0.062,0.77,0.77,0.17,True,40,1.0061,1.0009,0.9956,0.0188,0.56,False,0.56,False,,,,,,,,,,78,"the whitened profile likelihood over 159 traces of sessions PT at this waist with beta_self, the laser widths (session), the Omega scale (prior 1 +- 0.2) refit from 2 starts, gamma_l pinned at zero, Delta_alpha pinned at -1131.8 a.u. and rho at 0.94, the density law Steck, the collection window on at z_ratio 0.167 (M2 1), depletion at 0 cycles through companion_transit_mhz (transit at 130 C 0.7660 to 0.7660 MHz). the _err_hessian bars are conditional, every other parameter pinned. the dchi2_beta columns are the beta profile, chi2 with beta pinned at 0, theory, 5x and 20x theory and everything else refit, above the free minimum. the power-arm check reads the model's width ratio across each session's ladder at the TIED Omega (scale 1) with everything else fitted: P against the archive's 0.9956 +- 0.0188, passes at pull +0.56, pooled over 1 sessions passes at pull +0.56. centres profiled per trace and re-profiled after each inner fit, outer passes [1, 1], last centre move 0.004 MHz",DIAGNOSTIC
beta_profile,PT,session,False,lorentzian,1,0,,,80,,,,,,,,,80000,69,0.94,86000,159,0.051,P:0.974 T:0.871,"P:WING-LAW(core +13, wing -11) T:WING-LAW(core -4, wing -14)",102,0,,,,1.1,,0.99,,,,,,,,0.22,,0,,,,,,,,,,,,,,,,,,,,0,,,0,,,,,,,-3.9,0.23,0.063,0.77,0.77,0.17,True,40,,,0.9956,0.0188,,False,,False,,,,,,,,,,78,"beta_self pinned at 0 times theory (0.00 kHz per 1e12 cm^-3) with everything else refit warm from the free minimum at this waist: dchi2 is against the free minimum, and the dchi2_beta columns of the grid row read every point against the lowest of the free and the fixed fits. the summary reads the profile these rows make and never a Hessian bar at a rail",DIAGNOSTIC
beta_profile,PT,session,False,lorentzian,1,0,,,80,,,,,,,,,80000,1.3,0.94,86000,159,0.051,P:0.974 T:0.871,"P:WING-LAW(core +13, wing -11) T:WING-LAW(core -4, wing -14)",102,1.0,,,,0.95,,0.97,,,,,,,,0.22,,0,,,,,,,,,,,,,,,,,,,,3.5,,,1.0,,,,,,,-3.9,0.23,0.063,0.77,0.77,0.17,True,40,,,0.9956,0.0188,,False,,False,,,,,,,,,,78,"beta_self pinned at 1 times theory (3.50 kHz per 1e12 cm^-3) with everything else refit warm from the free minimum at this waist: dchi2 is against the free minimum, and the dchi2_beta columns of the grid row read every point against the lowest of the free and the fixed fits. the summary reads the profile these rows make and never a Hessian bar at a rail",DIAGNOSTIC
beta_profile,PT,session,False,lorentzian,1,0,,,80,,,,,,,,,82000,1500,0.94,86000,159,0.051,P:0.974 T:0.871,"P:WING-LAW(core +13, wing -11) T:WING-LAW(core -4, wing -14)",102,5.0,,,,0.54,,0.88,,,,,,,,0.22,,0,,,,,,,,,,,,,,,,,,,,17,,,5.0,,,,,,,-3.9,0.23,0.064,0.77,0.77,0.17,True,40,,,0.9956,0.0188,,False,,False,,,,,,,,,,78,"beta_self pinned at 5 times theory (17.49 kHz per 1e12 cm^-3) with everything else refit warm from the free minimum at this waist: dchi2 is against the free minimum, and the dchi2_beta columns of the grid row read every point against the lowest of the free and the fixed fits. the summary reads the profile these rows make and never a Hessian bar at a rail",DIAGNOSTIC
beta_profile,PT,session,False,lorentzian,1,0,,,80,,,,,,,,,190000,110000,0.94,86000,159,0.051,P:0.974 T:0.871,"P:WING-LAW(core +13, wing -11) T:WING-LAW(core -4, wing -14)",102,20,,,,0.20,,0.56,,,,,,,,0.012,,0,,,,,,,,,,,,,,,,,,,,70,,,20,,,,,,,-4.9,0.23,0.0033,0.77,0.77,0.17,True,40,,,0.9956,0.0188,,False,,False,,,,,,,,,,78,"beta_self pinned at 20 times theory (69.94 kHz per 1e12 cm^-3) with everything else refit warm from the free minimum at this waist: dchi2 is against the free minimum, and the dchi2_beta columns of the grid row read every point against the lowest of the free and the fixed fits. the summary reads the profile these rows make and never a Hessian bar at a rail",DIAGNOSTIC
grid,PT,session,False,lorentzian,1,0,,,82,,,,,,,,,80000,4700,0.95,86000,159,0.013,P:0.979 T:0.871,"P:WING-LAW(core +14, wing -11) T:WING-LAW(core -4, wing -14)",102,0.889,0.033,,,0.9819,0.0036,0.986,0.012,,,,,,,0.233,0.092,0,,,,,,,,,,,,,,,,,,,,3.11,0.12,-0.99,,69,1.3,1500,110000,3.4,3.5,-3.8,0.22,0.064,0.75,0.75,0.16,True,40,1.0056,1.0009,0.9956,0.0188,0.53,False,0.53,False,,,,,,,,,,80,"the whitened profile likelihood over 159 traces of sessions PT at this waist with beta_self, the laser widths (session), the Omega scale (prior 1 +- 0.2) refit from 2 starts, gamma_l pinned at zero, Delta_alpha pinned at -1131.8 a.u. and rho at 0.94, the density law Steck, the collection window on at z_ratio 0.159 (M2 1), depletion at 0 cycles through companion_transit_mhz (transit at 130 C 0.7473 to 0.7473 MHz). the _err_hessian bars are conditional, every other parameter pinned. the dchi2_beta columns are the beta profile, chi2 with beta pinned at 0, theory, 5x and 20x theory and everything else refit, above the free minimum. the power-arm check reads the model's width ratio across each session's ladder at the TIED Omega (scale 1) with everything else fitted: P against the archive's 0.9956 +- 0.0188, passes at pull +0.53, pooled over 1 sessions passes at pull +0.53. centres profiled per trace and re-profiled after each inner fit, outer passes [1, 1], last centre move 0.005 MHz",DIAGNOSTIC
beta_profile,PT,session,False,lorentzian,1,0,,,82,,,,,,,,,81000,69,0.95,86000,159,0.013,P:0.979 T:0.871,"P:WING-LAW(core +14, wing -11) T:WING-LAW(core -4, wing -14)",102,0,,,,1.1,,1.0,,,,,,,,0.24,,0,,,,,,,,,,,,,,,,,,,,0,,,0,,,,,,,-3.8,0.22,0.065,0.75,0.75,0.16,True,40,,,0.9956,0.0188,,False,,False,,,,,,,,,,80,"beta_self pinned at 0 times theory (0.00 kHz per 1e12 cm^-3) with everything else refit warm from the free minimum at this waist: dchi2 is against the free minimum, and the dchi2_beta columns of the grid row read every point against the lowest of the free and the fixed fits. the summary reads the profile these rows make and never a Hessian bar at a rail",DIAGNOSTIC
beta_profile,PT,session,False,lorentzian,1,0,,,82,,,,,,,,,80000,1.3,0.95,86000,159,0.013,P:0.979 T:0.871,"P:WING-LAW(core +14, wing -11) T:WING-LAW(core -4, wing -14)",102,1.0,,,,0.97,,0.98,,,,,,,,0.24,,0,,,,,,,,,,,,,,,,,,,,3.5,,,1.0,,,,,,,-3.8,0.22,0.065,0.75,0.75,0.16,True,40,,,0.9956,0.0188,,False,,False,,,,,,,,,,80,"beta_self pinned at 1 times theory (3.50 kHz per 1e12 cm^-3) with everything else refit warm from the free minimum at this waist: dchi2 is against the free minimum, and the dchi2_beta columns of the grid row read every point against the lowest of the free and the fixed fits. the summary reads the profile these rows make and never a Hessian bar at a rail",DIAGNOSTIC
beta_profile,PT,session,False,lorentzian,1,0,,,82,,,,,,,,,82000,1500,0.95,86000,159,0.013,P:0.979 T:0.871,"P:WING-LAW(core +14, wing -11) T:WING-LAW(core -4, wing -14)",102,5.0,,,,0.56,,0.89,,,,,,,,0.23,,0,,,,,,,,,,,,,,,,,,,,17,,,5.0,,,,,,,-3.8,0.22,0.063,0.75,0.75,0.16,True,40,,,0.9956,0.0188,,False,,False,,,,,,,,,,80,"beta_self pinned at 5 times theory (17.49 kHz per 1e12 cm^-3) with everything else refit warm from the free minimum at this waist: dchi2 is against the free minimum, and the dchi2_beta columns of the grid row read every point against the lowest of the free and the fixed fits. the summary reads the profile these rows make and never a Hessian bar at a rail",DIAGNOSTIC
beta_profile,PT,session,False,lorentzian,1,0,,,82,,,,,,,,,190000,110000,0.95,86000,159,0.013,P:0.979 T:0.871,"P:WING-LAW(core +14, wing -11) T:WING-LAW(core -4, wing -14)",102,20,,,,0.20,,0.57,,,,,,,,0.012,,0,,,,,,,,,,,,,,,,,,,,70,,,20,,,,,,,-4.9,0.22,0.0032,0.75,0.75,0.16,True,40,,,0.9956,0.0188,,False,,False,,,,,,,,,,80,"beta_self pinned at 20 times theory (69.94 kHz per 1e12 cm^-3) with everything else refit warm from the free minimum at this waist: dchi2 is against the free minimum, and the dchi2_beta columns of the grid row read every point against the lowest of the free and the fixed fits. the summary reads the profile these rows make and never a Hessian bar at a rail",DIAGNOSTIC
grid,PT,session,False,lorentzian,1,0,,,84,,,,,,,,,81000,5000,0.95,86000,159,0.024,P:0.983 T:0.872,"P:WING-LAW(core +15, wing -10) T:WING-LAW(core -4, wing -14)",114,0.885,0.033,,,0.9985,0.0036,1.001,0.012,,,,,,,0.250,0.096,0,,,,,,,,,,,,,,,,,,,,3.09,0.12,-1.0,,69,1.3,1500,110000,3.4,3.5,-3.8,0.21,0.065,0.73,0.73,0.15,True,40,1.0051,1.0008,0.9956,0.0188,0.51,False,0.51,False,,,,,,,,,,84,"the whitened profile likelihood over 159 traces of sessions PT at this waist with beta_self, the laser widths (session), the Omega scale (prior 1 +- 0.2) refit from 2 starts, gamma_l pinned at zero, Delta_alpha pinned at -1131.8 a.u. and rho at 0.94, the density law Steck, the collection window on at z_ratio 0.151 (M2 1), depletion at 0 cycles through companion_transit_mhz (transit at 130 C 0.7295 to 0.7295 MHz). the _err_hessian bars are conditional, every other parameter pinned. the dchi2_beta columns are the beta profile, chi2 with beta pinned at 0, theory, 5x and 20x theory and everything else refit, above the free minimum. the power-arm check reads the model's width ratio across each session's ladder at the TIED Omega (scale 1) with everything else fitted: P against the archive's 0.9956 +- 0.0188, passes at pull +0.51, pooled over 1 sessions passes at pull +0.51. centres profiled per trace and re-profiled after each inner fit, outer passes [1, 1], last centre move 0.005 MHz",DIAGNOSTIC
beta_profile,PT,session,False,lorentzian,1,0,,,84,,,,,,,,,81000,69,0.95,86000,159,0.024,P:0.983 T:0.872,"P:WING-LAW(core +15, wing -10) T:WING-LAW(core -4, wing -14)",114,0,,,,1.1,,1.0,,,,,,,,0.26,,0,,,,,,,,,,,,,,,,,,,,0,,,0,,,,,,,-3.7,0.21,0.067,0.73,0.73,0.15,True,40,,,0.9956,0.0188,,False,,False,,,,,,,,,,84,"beta_self pinned at 0 times theory (0.00 kHz per 1e12 cm^-3) with everything else refit warm from the free minimum at this waist: dchi2 is against the free minimum, and the dchi2_beta columns of the grid row read every point against the lowest of the free and the fixed fits. the summary reads the profile these rows make and never a Hessian bar at a rail",DIAGNOSTIC
beta_profile,PT,session,False,lorentzian,1,0,,,84,,,,,,,,,81000,1.3,0.95,86000,159,0.024,P:0.983 T:0.872,"P:WING-LAW(core +15, wing -10) T:WING-LAW(core -4, wing -14)",114,1.0,,,,0.99,,1.0,,,,,,,,0.25,,0,,,,,,,,,,,,,,,,,,,,3.5,,,1.0,,,,,,,-3.7,0.21,0.066,0.73,0.73,0.15,True,40,,,0.9956,0.0188,,False,,False,,,,,,,,,,84,"beta_self pinned at 1 times theory (3.50 kHz per 1e12 cm^-3) with everything else refit warm from the free minimum at this waist: dchi2 is against the free minimum, and the dchi2_beta columns of the grid row read every point against the lowest of the free and the fixed fits. the summary reads the profile these rows make and never a Hessian bar at a rail",DIAGNOSTIC
beta_profile,PT,session,False,lorentzian,1,0,,,84,,,,,,,,,82000,1500,0.95,86000,159,0.024,P:0.983 T:0.872,"P:WING-LAW(core +15, wing -10) T:WING-LAW(core -4, wing -14)",114,5.0,,,,0.58,,0.91,,,,,,,,0.25,,0,,,,,,,,,,,,,,,,,,,,17,,,5.0,,,,,,,-3.8,0.21,0.065,0.73,0.73,0.15,True,40,,,0.9956,0.0188,,False,,False,,,,,,,,,,84,"beta_self pinned at 5 times theory (17.49 kHz per 1e12 cm^-3) with everything else refit warm from the free minimum at this waist: dchi2 is against the free minimum, and the dchi2_beta columns of the grid row read every point against the lowest of the free and the fixed fits. the summary reads the profile these rows make and never a Hessian bar at a rail",DIAGNOSTIC
beta_profile,PT,session,False,lorentzian,1,0,,,84,,,,,,,,,190000,110000,0.95,86000,159,0.024,P:0.983 T:0.872,"P:WING-LAW(core +15, wing -10) T:WING-LAW(core -4, wing -14)",114,20,,,,0.20,,0.59,,,,,,,,0.011,,0,,,,,,,,,,,,,,,,,,,,70,,,20,,,,,,,-4.9,0.21,0.0030,0.73,0.73,0.15,True,40,,,0.9956,0.0188,,False,,False,,,,,,,,,,84,"beta_self pinned at 20 times theory (69.94 kHz per 1e12 cm^-3) with everything else refit warm from the free minimum at this waist: dchi2 is against the free minimum, and the dchi2_beta columns of the grid row read every point against the lowest of the free and the fixed fits. the summary reads the profile these rows make and never a Hessian bar at a rail",DIAGNOSTIC
grid,PT,session,False,lorentzian,1,0,,,86,,,,,,,,,81000,5200,0.95,86000,159,0.014,P:0.987 T:0.872,"P:WING-LAW(core +16, wing -10) T:WING-LAW(core -4, wing -14)",120,0.885,0.033,,,1.0136,0.0036,1.015,0.012,,,,,,,0.268,0.099,0,,,,,,,,,,,,,,,,,,,,3.09,0.12,-1.0,,69,1.3,1500,110000,3.4,3.5,-3.7,0.20,0.067,0.71,0.71,0.14,True,40,1.0046,1.0008,0.9956,0.0188,0.48,False,0.48,False,,,,,,,,,,89,"the whitened profile likelihood over 159 traces of sessions PT at this waist with beta_self, the laser widths (session), the Omega scale (prior 1 +- 0.2) refit from 2 starts, gamma_l pinned at zero, Delta_alpha pinned at -1131.8 a.u. and rho at 0.94, the density law Steck, the collection window on at z_ratio 0.144 (M2 1), depletion at 0 cycles through companion_transit_mhz (transit at 130 C 0.7125 to 0.7125 MHz). the _err_hessian bars are conditional, every other parameter pinned. the dchi2_beta columns are the beta profile, chi2 with beta pinned at 0, theory, 5x and 20x theory and everything else refit, above the free minimum. the power-arm check reads the model's width ratio across each session's ladder at the TIED Omega (scale 1) with everything else fitted: P against the archive's 0.9956 +- 0.0188, passes at pull +0.48, pooled over 1 sessions passes at pull +0.48. centres profiled per trace and re-profiled after each inner fit, outer passes [1, 1], last centre move 0.002 MHz",DIAGNOSTIC
beta_profile,PT,session,False,lorentzian,1,0,,,86,,,,,,,,,81000,69,0.95,86000,159,0.014,P:0.987 T:0.872,"P:WING-LAW(core +16, wing -10) T:WING-LAW(core -4, wing -14)",120,0,,,,1.1,,1.0,,,,,,,,0.28,,0,,,,,,,,,,,,,,,,,,,,0,,,0,,,,,,,-3.6,0.20,0.069,0.71,0.71,0.14,True,40,,,0.9956,0.0188,,False,,False,,,,,,,,,,89,"beta_self pinned at 0 times theory (0.00 kHz per 1e12 cm^-3) with everything else refit warm from the free minimum at this waist: dchi2 is against the free minimum, and the dchi2_beta columns of the grid row read every point against the lowest of the free and the fixed fits. the summary reads the profile these rows make and never a Hessian bar at a rail",DIAGNOSTIC
beta_profile,PT,session,False,lorentzian,1,0,,,86,,,,,,,,,81000,1.3,0.95,86000,159,0.014,P:0.987 T:0.872,"P:WING-LAW(core +16, wing -10) T:WING-LAW(core -4, wing -14)",120,1.0,,,,1.0,,1.0,,,,,,,,0.27,,0,,,,,,,,,,,,,,,,,,,,3.5,,,1.0,,,,,,,-3.6,0.20,0.067,0.71,0.71,0.14,True,40,,,0.9956,0.0188,,False,,False,,,,,,,,,,89,"beta_self pinned at 1 times theory (3.50 kHz per 1e12 cm^-3) with everything else refit warm from the free minimum at this waist: dchi2 is against the free minimum, and the dchi2_beta columns of the grid row read every point against the lowest of the free and the fixed fits. the summary reads the profile these rows make and never a Hessian bar at a rail",DIAGNOSTIC
beta_profile,PT,session,False,lorentzian,1,0,,,86,,,,,,,,,83000,1500,0.95,86000,159,0.014,P:0.987 T:0.872,"P:WING-LAW(core +16, wing -10) T:WING-LAW(core -4, wing -14)",120,5.0,,,,0.59,,0.92,,,,,,,,0.27,,0,,,,,,,,,,,,,,,,,,,,17,,,5.0,,,,,,,-3.7,0.20,0.066,0.71,0.71,0.14,True,40,,,0.9956,0.0188,,False,,False,,,,,,,,,,89,"beta_self pinned at 5 times theory (17.49 kHz per 1e12 cm^-3) with everything else refit warm from the free minimum at this waist: dchi2 is against the free minimum, and the dchi2_beta columns of the grid row read every point against the lowest of the free and the fixed fits. the summary reads the profile these rows make and never a Hessian bar at a rail",DIAGNOSTIC
beta_profile,PT,session,False,lorentzian,1,0,,,86,,,,,,,,,190000,110000,0.95,86000,159,0.014,P:0.987 T:0.872,"P:WING-LAW(core +16, wing -10) T:WING-LAW(core -4, wing -14)",120,20,,,,0.20,,0.60,,,,,,,,0.011,,0,,,,,,,,,,,,,,,,,,,,70,,,20,,,,,,,-4.9,0.20,0.0028,0.71,0.71,0.14,True,40,,,0.9956,0.0188,,False,,False,,,,,,,,,,89,"beta_self pinned at 20 times theory (69.94 kHz per 1e12 cm^-3) with everything else refit warm from the free minimum at this waist: dchi2 is against the free minimum, and the dchi2_beta columns of the grid row read every point against the lowest of the free and the fixed fits. the summary reads the profile these rows make and never a Hessian bar at a rail",DIAGNOSTIC
grid,PT,session,False,lorentzian,1,0,,,88,,,,,,,,,81000,5500,0.96,86000,159,0.0051,P:0.991 T:0.873,"P:WING-LAW(core +16, wing -9) T:WING-LAW(core -4, wing -14)",114,0.885,0.033,,,1.0277,0.0036,1.029,0.012,,,,,,,0.29,0.10,0,,,,,,,,,,,,,,,,,,,,3.10,0.12,-1.0,,69,1.3,1500,110000,3.4,3.5,-3.6,0.19,0.068,0.70,0.70,0.14,True,40,1.0043,1.0008,0.9956,0.0188,0.46,False,0.46,False,,,,,,,,,,95,"the whitened profile likelihood over 159 traces of sessions PT at this waist with beta_self, the laser widths (session), the Omega scale (prior 1 +- 0.2) refit from 2 starts, gamma_l pinned at zero, Delta_alpha pinned at -1131.8 a.u. and rho at 0.94, the density law Steck, the collection window on at z_ratio 0.138 (M2 1), depletion at 0 cycles through companion_transit_mhz (transit at 130 C 0.6963 to 0.6963 MHz). the _err_hessian bars are conditional, every other parameter pinned. the dchi2_beta columns are the beta profile, chi2 with beta pinned at 0, theory, 5x and 20x theory and everything else refit, above the free minimum. the power-arm check reads the model's width ratio across each session's ladder at the TIED Omega (scale 1) with everything else fitted: P against the archive's 0.9956 +- 0.0188, passes at pull +0.46, pooled over 1 sessions passes at pull +0.46. centres profiled per trace and re-profiled after each inner fit, outer passes [1, 1], last centre move 0.002 MHz",DIAGNOSTIC
beta_profile,PT,session,False,lorentzian,1,0,,,88,,,,,,,,,81000,69,0.96,86000,159,0.0051,P:0.991 T:0.873,"P:WING-LAW(core +16, wing -9) T:WING-LAW(core -4, wing -14)",114,0,,,,1.1,,1.0,,,,,,,,0.30,,0,,,,,,,,,,,,,,,,,,,,0,,,0,,,,,,,-3.5,0.19,0.070,0.70,0.70,0.14,True,40,,,0.9956,0.0188,,False,,False,,,,,,,,,,95,"beta_self pinned at 0 times theory (0.00 kHz per 1e12 cm^-3) with everything else refit warm from the free minimum at this waist: dchi2 is against the free minimum, and the dchi2_beta columns of the grid row read every point against the lowest of the free and the fixed fits. the summary reads the profile these rows make and never a Hessian bar at a rail",DIAGNOSTIC
beta_profile,PT,session,False,lorentzian,1,0,,,88,,,,,,,,,81000,1.3,0.96,86000,159,0.0051,P:0.991 T:0.873,"P:WING-LAW(core +16, wing -9) T:WING-LAW(core -4, wing -14)",114,1.0,,,,1.0,,1.0,,,,,,,,0.29,,0,,,,,,,,,,,,,,,,,,,,3.5,,,1.0,,,,,,,-3.6,0.19,0.068,0.70,0.70,0.14,True,40,,,0.9956,0.0188,,False,,False,,,,,,,,,,95,"beta_self pinned at 1 times theory (3.50 kHz per 1e12 cm^-3) with everything else refit warm from the free minimum at this waist: dchi2 is against the free minimum, and the dchi2_beta columns of the grid row read every point against the lowest of the free and the fixed fits. the summary reads the profile these rows make and never a Hessian bar at a rail",DIAGNOSTIC
beta_profile,PT,session,False,lorentzian,1,0,,,88,,,,,,,,,83000,1500,0.96,86000,159,0.0051,P:0.991 T:0.873,"P:WING-LAW(core +16, wing -9) T:WING-LAW(core -4, wing -14)",114,5.0,,,,0.60,,0.94,,,,,,,,0.28,,0,,,,,,,,,,,,,,,,,,,,17,,,5.0,,,,,,,-3.6,0.19,0.068,0.70,0.70,0.14,True,40,,,0.9956,0.0188,,False,,False,,,,,,,,,,95,"beta_self pinned at 5 times theory (17.49 kHz per 1e12 cm^-3) with everything else refit warm from the free minimum at this waist: dchi2 is against the free minimum, and the dchi2_beta columns of the grid row read every point against the lowest of the free and the fixed fits. the summary reads the profile these rows make and never a Hessian bar at a rail",DIAGNOSTIC
beta_profile,PT,session,False,lorentzian,1,0,,,88,,,,,,,,,190000,110000,0.96,86000,159,0.0051,P:0.991 T:0.873,"P:WING-LAW(core +16, wing -9) T:WING-LAW(core -4, wing -14)",114,20,,,,0.20,,0.62,,,,,,,,0.014,,0,,,,,,,,,,,,,,,,,,,,70,,,20,,,,,,,-4.9,0.19,0.0034,0.70,0.70,0.14,True,40,,,0.9956,0.0188,,False,,False,,,,,,,,,,95,"beta_self pinned at 20 times theory (69.94 kHz per 1e12 cm^-3) with everything else refit warm from the free minimum at this waist: dchi2 is against the free minimum, and the dchi2_beta columns of the grid row read every point against the lowest of the free and the fixed fits. the summary reads the profile these rows make and never a Hessian bar at a rail",DIAGNOSTIC
grid,PT,session,False,lorentzian,1,0,,,90,,,,,,,,,82000,5700,0.96,86000,159,0.000022,P:0.995 T:0.873,"P:WING-LAW(core +17, wing -9) T:WING-LAW(core -3, wing -14)",108,0.886,0.033,,,1.0410,0.0036,1.041,0.012,,,,,,,0.30,0.11,0,,,,,,,,,,,,,,,,,,,,3.10,0.12,-1.0,,69,1.3,1500,100000,3.4,3.5,-3.5,0.18,0.069,0.68,0.68,0.13,True,40,1.0039,1.0008,0.9956,0.0188,0.45,False,0.45,False,,,,,,,,,,90,"the whitened profile likelihood over 159 traces of sessions PT at this waist with beta_self, the laser widths (session), the Omega scale (prior 1 +- 0.2) refit from 2 starts, gamma_l pinned at zero, Delta_alpha pinned at -1131.8 a.u. and rho at 0.94, the density law Steck, the collection window on at z_ratio 0.132 (M2 1), depletion at 0 cycles through companion_transit_mhz (transit at 130 C 0.6809 to 0.6809 MHz). the _err_hessian bars are conditional, every other parameter pinned. the dchi2_beta columns are the beta profile, chi2 with beta pinned at 0, theory, 5x and 20x theory and everything else refit, above the free minimum. the power-arm check reads the model's width ratio across each session's ladder at the TIED Omega (scale 1) with everything else fitted: P against the archive's 0.9956 +- 0.0188, passes at pull +0.45, pooled over 1 sessions passes at pull +0.45. centres profiled per trace and re-profiled after each inner fit, outer passes [1, 1], last centre move 0.005 MHz",DIAGNOSTIC
beta_profile,PT,session,False,lorentzian,1,0,,,90,,,,,,,,,82000,69,0.96,86000,159,0.000022,P:0.995 T:0.873,"P:WING-LAW(core +17, wing -9) T:WING-LAW(core -3, wing -14)",108,0,,,,1.1,,1.1,,,,,,,,0.31,,0,,,,,,,,,,,,,,,,,,,,0,,,0,,,,,,,-3.4,0.18,0.071,0.68,0.68,0.13,True,40,,,0.9956,0.0188,,False,,False,,,,,,,,,,90,"beta_self pinned at 0 times theory (0.00 kHz per 1e12 cm^-3) with everything else refit warm from the free minimum at this waist: dchi2 is against the free minimum, and the dchi2_beta columns of the grid row read every point against the lowest of the free and the fixed fits. the summary reads the profile these rows make and never a Hessian bar at a rail",DIAGNOSTIC
beta_profile,PT,session,False,lorentzian,1,0,,,90,,,,,,,,,82000,1.3,0.96,86000,159,0.000022,P:0.995 T:0.873,"P:WING-LAW(core +17, wing -9) T:WING-LAW(core -3, wing -14)",108,1.0,,,,1.0,,1.0,,,,,,,,0.30,,0,,,,,,,,,,,,,,,,,,,,3.5,,,1.0,,,,,,,-3.5,0.18,0.069,0.68,0.68,0.13,True,40,,,0.9956,0.0188,,False,,False,,,,,,,,,,90,"beta_self pinned at 1 times theory (3.50 kHz per 1e12 cm^-3) with everything else refit warm from the free minimum at this waist: dchi2 is against the free minimum, and the dchi2_beta columns of the grid row read every point against the lowest of the free and the fixed fits. the summary reads the profile these rows make and never a Hessian bar at a rail",DIAGNOSTIC
beta_profile,PT,session,False,lorentzian,1,0,,,90,,,,,,,,,83000,1500,0.96,86000,159,0.000022,P:0.995 T:0.873,"P:WING-LAW(core +17, wing -9) T:WING-LAW(core -3, wing -14)",108,5.0,,,,0.62,,0.95,,,,,,,,0.30,,0,,,,,,,,,,,,,,,,,,,,17,,,5.0,,,,,,,-3.5,0.18,0.069,0.68,0.68,0.13,True,40,,,0.9956,0.0188,,False,,False,,,,,,,,,,90,"beta_self pinned at 5 times theory (17.49 kHz per 1e12 cm^-3) with everything else refit warm from the free minimum at this waist: dchi2 is against the free minimum, and the dchi2_beta columns of the grid row read every point against the lowest of the free and the fixed fits. the summary reads the profile these rows make and never a Hessian bar at a rail",DIAGNOSTIC
beta_profile,PT,session,False,lorentzian,1,0,,,90,,,,,,,,,190000,100000,0.96,86000,159,0.000022,P:0.995 T:0.873,"P:WING-LAW(core +17, wing -9) T:WING-LAW(core -3, wing -14)",108,20,,,,0.20,,0.63,,,,,,,,0.015,,0,,,,,,,,,,,,,,,,,,,,70,,,20,,,,,,,-4.9,0.18,0.0033,0.68,0.68,0.13,True,40,,,0.9956,0.0188,,False,,False,,,,,,,,,,90,"beta_self pinned at 20 times theory (69.94 kHz per 1e12 cm^-3) with everything else refit warm from the free minimum at this waist: dchi2 is against the free minimum, and the dchi2_beta columns of the grid row read every point against the lowest of the free and the fixed fits. the summary reads the profile these rows make and never a Hessian bar at a rail",DIAGNOSTIC
grid,PT,session,False,mixed,1,0,,,40,,,,,,,,,76000,700,0.90,86000,159,0.25,P:0.905 T:0.882,"P:WING-LAW(core +0, wing -18) T:WING-LAW(core -4, wing -13)",231,0.636,0.034,,,0.2000,0.0060,0.200,0.013,,,,,,,0.013,0.023,0.0871,0.0036,,,,,,,,,,,,,,,,,,,2.22,0.12,-3.3,,53,17,10000,200000,2.3,2.4,-4.9,0.92,0.015,1.5,1.5,0.67,False,40,1.0839,1.0075,0.9956,0.0188,4.7,True,4.7,True,,,,,,,,,sigma_l_P sigma_l_T,1200,"the whitened profile likelihood over 159 traces of sessions PT at this waist with beta_self, the laser widths (session), the Omega scale (prior 1 +- 0.2) refit from 2 starts, gamma_l free and shared, Delta_alpha pinned at -1131.8 a.u. and rho at 0.94, the density law Steck, the collection window on at z_ratio 0.667 (M2 1), depletion at 0 cycles through companion_transit_mhz (transit at 130 C 1.5320 to 1.5320 MHz). the _err_hessian bars are conditional, every other parameter pinned, at a bound: sigma_l_P sigma_l_T. the dchi2_beta columns are the beta profile, chi2 with beta pinned at 0, theory, 5x and 20x theory and everything else refit, above the free minimum. the power-arm check reads the model's width ratio across each session's ladder at the TIED Omega (scale 1) with everything else fitted: P against the archive's 0.9956 +- 0.0188, refused at pull +4.71, pooled over 1 sessions refused at pull +4.71. centres profiled per trace and re-profiled after each inner fit, outer passes [1, 1], last centre move 0.013 MHz",DIAGNOSTIC
beta_profile,PT,session,False,mixed,1,0,,,40,,,,,,,,,76000,53,0.90,86000,159,0.25,P:0.905 T:0.882,"P:WING-LAW(core +0, wing -18) T:WING-LAW(core -4, wing -13)",231,0,,,,0.20,,0.20,,,,,,,,0.013,,0.15,,,,,,,,,,,,,,,,,,,,0,,,0,,,,,,,-4.9,0.92,0.015,1.5,1.5,0.67,False,40,,,0.9956,0.0188,,False,,False,,,,,,,,,,1200,"beta_self pinned at 0 times theory (0.00 kHz per 1e12 cm^-3) with everything else refit warm from the free minimum at this waist: dchi2 is against the free minimum, and the dchi2_beta columns of the grid row read every point against the lowest of the free and the fixed fits. the summary reads the profile these rows make and never a Hessian bar at a rail",DIAGNOSTIC
beta_profile,PT,session,False,mixed,1,0,,,40,,,,,,,,,76000,17,0.90,86000,159,0.25,P:0.905 T:0.882,"P:WING-LAW(core +0, wing -18) T:WING-LAW(core -4, wing -13)",231,1.0,,,,0.20,,0.20,,,,,,,,0.015,,0.052,,,,,,,,,,,,,,,,,,,,3.5,,,1.0,,,,,,,-4.9,0.92,0.018,1.5,1.5,0.67,False,40,,,0.9956,0.0188,,False,,False,,,,,,,,,,1200,"beta_self pinned at 1 times theory (3.50 kHz per 1e12 cm^-3) with everything else refit warm from the free minimum at this waist: dchi2 is against the free minimum, and the dchi2_beta columns of the grid row read every point against the lowest of the free and the fixed fits. the summary reads the profile these rows make and never a Hessian bar at a rail",DIAGNOSTIC
beta_profile,PT,session,False,mixed,1,0,,,40,,,,,,,,,87000,10000,0.90,86000,159,0.25,P:0.905 T:0.882,"P:WING-LAW(core +0, wing -18) T:WING-LAW(core -4, wing -13)",231,5.0,,,,0.20,,0.20,,,,,,,,0.0014,,0.0000000017,,,,,,,,,,,,,,,,,,,,17,,,5.0,,,,,,,-5.0,0.92,0.0016,1.5,1.5,0.67,False,40,,,0.9956,0.0188,,False,,False,,,,,,,,,,1200,"beta_self pinned at 5 times theory (17.49 kHz per 1e12 cm^-3) with everything else refit warm from the free minimum at this waist: dchi2 is against the free minimum, and the dchi2_beta columns of the grid row read every point against the lowest of the free and the fixed fits. the summary reads the profile these rows make and never a Hessian bar at a rail",DIAGNOSTIC
beta_profile,PT,session,False,mixed,1,0,,,40,,,,,,,,,280000,200000,0.90,86000,159,0.25,P:0.905 T:0.882,"P:WING-LAW(core +0, wing -18) T:WING-LAW(core -4, wing -13)",231,20,,,,0.20,,0.20,,,,,,,,0.00059,,0.0000060,,,,,,,,,,,,,,,,,,,,70,,,20,,,,,,,-5.0,0.92,0.00068,1.5,1.5,0.67,False,40,,,0.9956,0.0188,,False,,False,,,,,,,,,,1200,"beta_self pinned at 20 times theory (69.94 kHz per 1e12 cm^-3) with everything else refit warm from the free minimum at this waist: dchi2 is against the free minimum, and the dchi2_beta columns of the grid row read every point against the lowest of the free and the fixed fits. the summary reads the profile these rows make and never a Hessian bar at a rail",DIAGNOSTIC
grid,PT,session,False,mixed,1,0,,,42,,,,,,,,,76000,370,0.89,86000,159,0.31,P:0.901 T:0.878,"P:WING-LAW(core -0, wing -19) T:WING-LAW(core -5, wing -13)",252,0.657,0.034,,,0.205,0.019,0.200,0.015,,,,,,,0.016,0.026,0.1837,0.0036,,,,,,,,,,,,,,,,,,,2.30,0.12,-3.1,,58,15,6300,190000,2.4,2.5,-4.9,0.84,0.017,1.5,1.5,0.60,True,40,1.0699,1.0062,0.9956,0.0188,4.0,True,4.0,True,,,,,,,,,sigma_l_P sigma_l_T,1200,"the whitened profile likelihood over 159 traces of sessions PT at this waist with beta_self, the laser widths (session), the Omega scale (prior 1 +- 0.2) refit from 2 starts, gamma_l free and shared, Delta_alpha pinned at -1131.8 a.u. and rho at 0.94, the density law Steck, the collection window on at z_ratio 0.605 (M2 1), depletion at 0 cycles through companion_transit_mhz (transit at 130 C 1.4590 to 1.4590 MHz). the _err_hessian bars are conditional, every other parameter pinned, at a bound: sigma_l_P sigma_l_T. the dchi2_beta columns are the beta profile, chi2 with beta pinned at 0, theory, 5x and 20x theory and everything else refit, above the free minimum. the power-arm check reads the model's width ratio across each session's ladder at the TIED Omega (scale 1) with everything else fitted: P against the archive's 0.9956 +- 0.0188, refused at pull +3.96, pooled over 1 sessions refused at pull +3.96. centres profiled per trace and re-profiled after each inner fit, outer passes [1, 1], last centre move 0.011 MHz",DIAGNOSTIC
beta_profile,PT,session,False,mixed,1,0,,,42,,,,,,,,,76000,58,0.89,86000,159,0.31,P:0.901 T:0.878,"P:WING-LAW(core -0, wing -19) T:WING-LAW(core -5, wing -13)",252,0,,,,0.24,,0.20,,,,,,,,0.023,,0.25,,,,,,,,,,,,,,,,,,,,0,,,0,,,,,,,-4.9,0.84,0.024,1.5,1.5,0.60,True,40,,,0.9956,0.0188,,False,,False,,,,,,,,,,1200,"beta_self pinned at 0 times theory (0.00 kHz per 1e12 cm^-3) with everything else refit warm from the free minimum at this waist: dchi2 is against the free minimum, and the dchi2_beta columns of the grid row read every point against the lowest of the free and the fixed fits. the summary reads the profile these rows make and never a Hessian bar at a rail",DIAGNOSTIC
beta_profile,PT,session,False,mixed,1,0,,,42,,,,,,,,,76000,15,0.89,86000,159,0.31,P:0.901 T:0.878,"P:WING-LAW(core -0, wing -19) T:WING-LAW(core -5, wing -13)",252,1.0,,,,0.20,,0.20,,,,,,,,0.018,,0.15,,,,,,,,,,,,,,,,,,,,3.5,,,1.0,,,,,,,-4.9,0.84,0.018,1.5,1.5,0.60,True,40,,,0.9956,0.0188,,False,,False,,,,,,,,,,1200,"beta_self pinned at 1 times theory (3.50 kHz per 1e12 cm^-3) with everything else refit warm from the free minimum at this waist: dchi2 is against the free minimum, and the dchi2_beta columns of the grid row read every point against the lowest of the free and the fixed fits. the summary reads the profile these rows make and never a Hessian bar at a rail",DIAGNOSTIC
beta_profile,PT,session,False,mixed,1,0,,,42,,,,,,,,,82000,6300,0.89,86000,159,0.31,P:0.901 T:0.878,"P:WING-LAW(core -0, wing -19) T:WING-LAW(core -5, wing -13)",252,5.0,,,,0.20,,0.60,,,,,,,,0.0028,,0.000014,,,,,,,,,,,,,,,,,,,,17,,,5.0,,,,,,,-5.0,0.84,0.0029,1.5,1.5,0.60,True,40,,,0.9956,0.0188,,False,,False,,,,,,,,,,1200,"beta_self pinned at 5 times theory (17.49 kHz per 1e12 cm^-3) with everything else refit warm from the free minimum at this waist: dchi2 is against the free minimum, and the dchi2_beta columns of the grid row read every point against the lowest of the free and the fixed fits. the summary reads the profile these rows make and never a Hessian bar at a rail",DIAGNOSTIC
beta_profile,PT,session,False,mixed,1,0,,,42,,,,,,,,,260000,190000,0.89,86000,159,0.31,P:0.901 T:0.878,"P:WING-LAW(core -0, wing -19) T:WING-LAW(core -5, wing -13)",252,20,,,,0.20,,0.20,,,,,,,,0.0000069,,0.0000000060,,,,,,,,,,,,,,,,,,,,70,,,20,,,,,,,-5.0,0.84,0.0000072,1.5,1.5,0.60,True,40,,,0.9956,0.0188,,False,,False,,,,,,,,,,1200,"beta_self pinned at 20 times theory (69.94 kHz per 1e12 cm^-3) with everything else refit warm from the free minimum at this waist: dchi2 is against the free minimum, and the dchi2_beta columns of the grid row read every point against the lowest of the free and the fixed fits. the summary reads the profile these rows make and never a Hessian bar at a rail",DIAGNOSTIC
grid,PT,session,False,mixed,1,0,,,44,,,,,,,,,76000,190,0.89,86000,159,2.5,P:0.899 T:0.875,"P:WING-LAW(core -0, wing -19) T:WING-LAW(core -5, wing -13)",196,0.641,0.034,,,0.383,0.034,0.21,0.15,,,,,,,0.030,0.029,0.2630,0.0036,,,,,,,,,,,,,,,,,,,2.24,0.12,-3.2,,51,15,3900,180000,2.3,2.5,-4.8,0.76,0.029,1.4,1.4,0.55,True,40,1.0583,1.0052,0.9956,0.0188,3.3,True,3.3,True,,,,,,,,,sigma_l_T,730,"the whitened profile likelihood over 159 traces of sessions PT at this waist with beta_self, the laser widths (session), the Omega scale (prior 1 +- 0.2) refit from 2 starts, gamma_l free and shared, Delta_alpha pinned at -1131.8 a.u. and rho at 0.94, the density law Steck, the collection window on at z_ratio 0.551 (M2 1), depletion at 0 cycles through companion_transit_mhz (transit at 130 C 1.3927 to 1.3927 MHz). the _err_hessian bars are conditional, every other parameter pinned, at a bound: sigma_l_T. the dchi2_beta columns are the beta profile, chi2 with beta pinned at 0, theory, 5x and 20x theory and everything else refit, above the free minimum. the power-arm check reads the model's width ratio across each session's ladder at the TIED Omega (scale 1) with everything else fitted: P against the archive's 0.9956 +- 0.0188, refused at pull +3.34, pooled over 1 sessions refused at pull +3.34. centres profiled per trace and re-profiled after each inner fit, outer passes [1, 1], last centre move 0.008 MHz",DIAGNOSTIC
beta_profile,PT,session,False,mixed,1,0,,,44,,,,,,,,,76000,51,0.89,86000,159,2.5,P:0.899 T:0.875,"P:WING-LAW(core -0, wing -19) T:WING-LAW(core -5, wing -13)",196,0,,,,0.47,,0.20,,,,,,,,0.022,,0.32,,,,,,,,,,,,,,,,,,,,0,,,0,,,,,,,-4.9,0.76,0.021,1.4,1.4,0.55,True,40,,,0.9956,0.0188,,False,,False,,,,,,,,,,730,"beta_self pinned at 0 times theory (0.00 kHz per 1e12 cm^-3) with everything else refit warm from the free minimum at this waist: dchi2 is against the free minimum, and the dchi2_beta columns of the grid row read every point against the lowest of the free and the fixed fits. the summary reads the profile these rows make and never a Hessian bar at a rail",DIAGNOSTIC
beta_profile,PT,session,False,mixed,1,0,,,44,,,,,,,,,76000,15,0.89,86000,159,2.5,P:0.899 T:0.875,"P:WING-LAW(core -0, wing -19) T:WING-LAW(core -5, wing -13)",196,1.0,,,,0.33,,0.25,,,,,,,,0.021,,0.23,,,,,,,,,,,,,,,,,,,,3.5,,,1.0,,,,,,,-4.9,0.76,0.020,1.4,1.4,0.55,True,40,,,0.9956,0.0188,,False,,False,,,,,,,,,,730,"beta_self pinned at 1 times theory (3.50 kHz per 1e12 cm^-3) with everything else refit warm from the free minimum at this waist: dchi2 is against the free minimum, and the dchi2_beta columns of the grid row read every point against the lowest of the free and the fixed fits. the summary reads the profile these rows make and never a Hessian bar at a rail",DIAGNOSTIC
beta_profile,PT,session,False,mixed,1,0,,,44,,,,,,,,,80000,3900,0.89,86000,159,2.5,P:0.899 T:0.875,"P:WING-LAW(core -0, wing -19) T:WING-LAW(core -5, wing -13)",196,5.0,,,,0.20,,1.0,,,,,,,,0.0030,,0.000022,,,,,,,,,,,,,,,,,,,,17,,,5.0,,,,,,,-5.0,0.76,0.0029,1.4,1.4,0.55,True,40,,,0.9956,0.0188,,False,,False,,,,,,,,,,730,"beta_self pinned at 5 times theory (17.49 kHz per 1e12 cm^-3) with everything else refit warm from the free minimum at this waist: dchi2 is against the free minimum, and the dchi2_beta columns of the grid row read every point against the lowest of the free and the fixed fits. the summary reads the profile these rows make and never a Hessian bar at a rail",DIAGNOSTIC
beta_profile,PT,session,False,mixed,1,0,,,44,,,,,,,,,250000,180000,0.89,86000,159,2.5,P:0.899 T:0.875,"P:WING-LAW(core -0, wing -19) T:WING-LAW(core -5, wing -13)",196,20,,,,0.20,,0.20,,,,,,,,0.00037,,0.000000065,,,,,,,,,,,,,,,,,,,,70,,,20,,,,,,,-5.0,0.76,0.00035,1.4,1.4,0.55,True,40,,,0.9956,0.0188,,False,,False,,,,,,,,,,730,"beta_self pinned at 20 times theory (69.94 kHz per 1e12 cm^-3) with everything else refit warm from the free minimum at this waist: dchi2 is against the free minimum, and the dchi2_beta columns of the grid row read every point against the lowest of the free and the fixed fits. the summary reads the profile these rows make and never a Hessian bar at a rail",DIAGNOSTIC
grid,PT,session,False,mixed,1,0,,,46,,,,,,,,,76000,88,0.89,86000,159,0.41,P:0.898 T:0.873,"P:WING-LAW(core -0, wing -19) T:WING-LAW(core -5, wing -14)",210,0.591,0.034,,,0.625,0.025,0.37,0.12,,,,,,,0.033,0.032,0.3212,0.0036,,,,,,,,,,,,,,,,,,,2.07,0.12,-3.7,,39,18,2500,170000,2.1,2.3,-4.8,0.70,0.029,1.3,1.3,0.50,True,40,1.0488,1.0044,0.9956,0.0188,2.8,True,2.8,True,,,,,,,,,,480,"the whitened profile likelihood over 159 traces of sessions PT at this waist with beta_self, the laser widths (session), the Omega scale (prior 1 +- 0.2) refit from 2 starts, gamma_l free and shared, Delta_alpha pinned at -1131.8 a.u. and rho at 0.94, the density law Steck, the collection window on at z_ratio 0.504 (M2 1), depletion at 0 cycles through companion_transit_mhz (transit at 130 C 1.3321 to 1.3321 MHz). the _err_hessian bars are conditional, every other parameter pinned. the dchi2_beta columns are the beta profile, chi2 with beta pinned at 0, theory, 5x and 20x theory and everything else refit, above the free minimum. the power-arm check reads the model's width ratio across each session's ladder at the TIED Omega (scale 1) with everything else fitted: P against the archive's 0.9956 +- 0.0188, refused at pull +2.84, pooled over 1 sessions refused at pull +2.84. centres profiled per trace and re-profiled after each inner fit, outer passes [1, 1], last centre move 0.006 MHz",DIAGNOSTIC
beta_profile,PT,session,False,mixed,1,0,,,46,,,,,,,,,76000,39,0.89,86000,159,0.41,P:0.898 T:0.873,"P:WING-LAW(core -0, wing -19) T:WING-LAW(core -5, wing -14)",210,0,,,,0.68,,0.26,,,,,,,,0.025,,0.37,,,,,,,,,,,,,,,,,,,,0,,,0,,,,,,,-4.9,0.70,0.022,1.3,1.3,0.50,True,40,,,0.9956,0.0188,,False,,False,,,,,,,,,,480,"beta_self pinned at 0 times theory (0.00 kHz per 1e12 cm^-3) with everything else refit warm from the free minimum at this waist: dchi2 is against the free minimum, and the dchi2_beta columns of the grid row read every point against the lowest of the free and the fixed fits. the summary reads the profile these rows make and never a Hessian bar at a rail",DIAGNOSTIC
beta_profile,PT,session,False,mixed,1,0,,,46,,,,,,,,,76000,18,0.89,86000,159,0.41,P:0.898 T:0.873,"P:WING-LAW(core -0, wing -19) T:WING-LAW(core -5, wing -14)",210,1.0,,,,0.59,,0.53,,,,,,,,0.026,,0.29,,,,,,,,,,,,,,,,,,,,3.5,,,1.0,,,,,,,-4.9,0.70,0.022,1.3,1.3,0.50,True,40,,,0.9956,0.0188,,False,,False,,,,,,,,,,480,"beta_self pinned at 1 times theory (3.50 kHz per 1e12 cm^-3) with everything else refit warm from the free minimum at this waist: dchi2 is against the free minimum, and the dchi2_beta columns of the grid row read every point against the lowest of the free and the fixed fits. the summary reads the profile these rows make and never a Hessian bar at a rail",DIAGNOSTIC
beta_profile,PT,session,False,mixed,1,0,,,46,,,,,,,,,78000,2500,0.89,86000,159,0.41,P:0.898 T:0.873,"P:WING-LAW(core -0, wing -19) T:WING-LAW(core -5, wing -14)",210,5.0,,,,0.20,,1.3,,,,,,,,0.011,,0.0000076,,,,,,,,,,,,,,,,,,,,17,,,5.0,,,,,,,-4.9,0.70,0.0096,1.3,1.3,0.50,True,40,,,0.9956,0.0188,,False,,False,,,,,,,,,,480,"beta_self pinned at 5 times theory (17.49 kHz per 1e12 cm^-3) with everything else refit warm from the free minimum at this waist: dchi2 is against the free minimum, and the dchi2_beta columns of the grid row read every point against the lowest of the free and the fixed fits. the summary reads the profile these rows make and never a Hessian bar at a rail",DIAGNOSTIC
beta_profile,PT,session,False,mixed,1,0,,,46,,,,,,,,,240000,170000,0.89,86000,159,0.41,P:0.898 T:0.873,"P:WING-LAW(core -0, wing -19) T:WING-LAW(core -5, wing -14)",210,20,,,,0.20,,0.20,,,,,,,,0.00073,,0.0000000031,,,,,,,,,,,,,,,,,,,,70,,,20,,,,,,,-5.0,0.70,0.00064,1.3,1.3,0.50,True,40,,,0.9956,0.0188,,False,,False,,,,,,,,,,480,"beta_self pinned at 20 times theory (69.94 kHz per 1e12 cm^-3) with everything else refit warm from the free minimum at this waist: dchi2 is against the free minimum, and the dchi2_beta columns of the grid row read every point against the lowest of the free and the fixed fits. the summary reads the profile these rows make and never a Hessian bar at a rail",DIAGNOSTIC
grid,PT,session,False,mixed,1,0,,,48,,,,,,,,,76000,34,0.89,86000,159,0.27,P:0.898 T:0.872,"P:WING-LAW(core -0, wing -19) T:WING-LAW(core -5, wing -14)",245,0.584,0.034,,,0.833,0.019,0.621,0.075,,,,,,,0.033,0.035,0.3602,0.0036,,,,,,,,,,,,,,,,,,,2.04,0.12,-3.7,,35,18,2000,160000,2.1,2.3,-4.8,0.64,0.026,1.3,1.3,0.46,True,40,1.0408,1.0036,0.9956,0.0188,2.4,True,2.4,True,,,,,,,,,,410,"the whitened profile likelihood over 159 traces of sessions PT at this waist with beta_self, the laser widths (session), the Omega scale (prior 1 +- 0.2) refit from 2 starts, gamma_l free and shared, Delta_alpha pinned at -1131.8 a.u. and rho at 0.94, the density law Steck, the collection window on at z_ratio 0.463 (M2 1), depletion at 0 cycles through companion_transit_mhz (transit at 130 C 1.2766 to 1.2766 MHz). the _err_hessian bars are conditional, every other parameter pinned. the dchi2_beta columns are the beta profile, chi2 with beta pinned at 0, theory, 5x and 20x theory and everything else refit, above the free minimum. the power-arm check reads the model's width ratio across each session's ladder at the TIED Omega (scale 1) with everything else fitted: P against the archive's 0.9956 +- 0.0188, refused at pull +2.41, pooled over 1 sessions refused at pull +2.41. centres profiled per trace and re-profiled after each inner fit, outer passes [1, 1], last centre move 0.016 MHz",DIAGNOSTIC
beta_profile,PT,session,False,mixed,1,0,,,48,,,,,,,,,76000,35,0.89,86000,159,0.27,P:0.898 T:0.872,"P:WING-LAW(core -0, wing -19) T:WING-LAW(core -5, wing -14)",245,0,,,,0.86,,0.43,,,,,,,,0.051,,0.41,,,,,,,,,,,,,,,,,,,,0,,,0,,,,,,,-4.7,0.64,0.041,1.3,1.3,0.46,True,40,,,0.9956,0.0188,,False,,False,,,,,,,,,,410,"beta_self pinned at 0 times theory (0.00 kHz per 1e12 cm^-3) with everything else refit warm from the free minimum at this waist: dchi2 is against the free minimum, and the dchi2_beta columns of the grid row read every point against the lowest of the free and the fixed fits. the summary reads the profile these rows make and never a Hessian bar at a rail",DIAGNOSTIC
beta_profile,PT,session,False,mixed,1,0,,,48,,,,,,,,,76000,18,0.89,86000,159,0.27,P:0.898 T:0.872,"P:WING-LAW(core -0, wing -19) T:WING-LAW(core -5, wing -14)",245,1.0,,,,0.80,,0.76,,,,,,,,0.039,,0.32,,,,,,,,,,,,,,,,,,,,3.5,,,1.0,,,,,,,-4.8,0.64,0.031,1.3,1.3,0.46,True,40,,,0.9956,0.0188,,False,,False,,,,,,,,,,410,"beta_self pinned at 1 times theory (3.50 kHz per 1e12 cm^-3) with everything else refit warm from the free minimum at this waist: dchi2 is against the free minimum, and the dchi2_beta columns of the grid row read every point against the lowest of the free and the fixed fits. the summary reads the profile these rows make and never a Hessian bar at a rail",DIAGNOSTIC
beta_profile,PT,session,False,mixed,1,0,,,48,,,,,,,,,78000,2000,0.89,86000,159,0.27,P:0.898 T:0.872,"P:WING-LAW(core -0, wing -19) T:WING-LAW(core -5, wing -14)",245,5.0,,,,0.23,,1.5,,,,,,,,0.030,,0.00099,,,,,,,,,,,,,,,,,,,,17,,,5.0,,,,,,,-4.8,0.64,0.024,1.3,1.3,0.46,True,40,,,0.9956,0.0188,,False,,False,,,,,,,,,,410,"beta_self pinned at 5 times theory (17.49 kHz per 1e12 cm^-3) with everything else refit warm from the free minimum at this waist: dchi2 is against the free minimum, and the dchi2_beta columns of the grid row read every point against the lowest of the free and the fixed fits. the summary reads the profile these rows make and never a Hessian bar at a rail",DIAGNOSTIC
beta_profile,PT,session,False,mixed,1,0,,,48,,,,,,,,,230000,160000,0.89,86000,159,0.27,P:0.898 T:0.872,"P:WING-LAW(core -0, wing -19) T:WING-LAW(core -5, wing -14)",245,20,,,,0.20,,0.31,,,,,,,,0.00080,,0.00000029,,,,,,,,,,,,,,,,,,,,70,,,20,,,,,,,-5.0,0.64,0.00064,1.3,1.3,0.46,True,40,,,0.9956,0.0188,,False,,False,,,,,,,,,,410,"beta_self pinned at 20 times theory (69.94 kHz per 1e12 cm^-3) with everything else refit warm from the free minimum at this waist: dchi2 is against the free minimum, and the dchi2_beta columns of the grid row read every point against the lowest of the free and the fixed fits. the summary reads the profile these rows make and never a Hessian bar at a rail",DIAGNOSTIC
grid,PT,session,False,mixed,1,0,,,50,,,,,,,,,76000,7.9,0.89,86000,159,0.22,P:0.898 T:0.871,"P:WING-LAW(core -0, wing -19) T:WING-LAW(core -5, wing -14)",210,0.600,0.034,,,0.984,0.015,0.805,0.058,,,,,,,0.033,0.038,0.3924,0.0036,,,,,,,,,,,,,,,,,,,2.10,0.12,-3.6,,35,17,2000,150000,2.2,2.3,-4.8,0.59,0.025,1.2,1.2,0.43,True,40,1.0344,1.0030,0.9956,0.0188,2.1,True,2.1,True,,,,,,,,,,250,"the whitened profile likelihood over 159 traces of sessions PT at this waist with beta_self, the laser widths (session), the Omega scale (prior 1 +- 0.2) refit from 2 starts, gamma_l free and shared, Delta_alpha pinned at -1131.8 a.u. and rho at 0.94, the density law Steck, the collection window on at z_ratio 0.427 (M2 1), depletion at 0 cycles through companion_transit_mhz (transit at 130 C 1.2256 to 1.2256 MHz). the _err_hessian bars are conditional, every other parameter pinned. the dchi2_beta columns are the beta profile, chi2 with beta pinned at 0, theory, 5x and 20x theory and everything else refit, above the free minimum. the power-arm check reads the model's width ratio across each session's ladder at the TIED Omega (scale 1) with everything else fitted: P against the archive's 0.9956 +- 0.0188, refused at pull +2.07, pooled over 1 sessions refused at pull +2.07. centres profiled per trace and re-profiled after each inner fit, outer passes [1, 1], last centre move 0.002 MHz",DIAGNOSTIC
beta_profile,PT,session,False,mixed,1,0,,,50,,,,,,,,,76000,35,0.89,86000,159,0.22,P:0.898 T:0.871,"P:WING-LAW(core -0, wing -19) T:WING-LAW(core -5, wing -14)",210,0,,,,1.0,,0.62,,,,,,,,0.043,,0.45,,,,,,,,,,,,,,,,,,,,0,,,0,,,,,,,-4.8,0.59,0.032,1.2,1.2,0.43,True,40,,,0.9956,0.0188,,False,,False,,,,,,,,,,250,"beta_self pinned at 0 times theory (0.00 kHz per 1e12 cm^-3) with everything else refit warm from the free minimum at this waist: dchi2 is against the free minimum, and the dchi2_beta columns of the grid row read every point against the lowest of the free and the fixed fits. the summary reads the profile these rows make and never a Hessian bar at a rail",DIAGNOSTIC
beta_profile,PT,session,False,mixed,1,0,,,50,,,,,,,,,76000,17,0.89,86000,159,0.22,P:0.898 T:0.871,"P:WING-LAW(core -0, wing -19) T:WING-LAW(core -5, wing -14)",210,1.0,,,,0.96,,0.90,,,,,,,,0.037,,0.36,,,,,,,,,,,,,,,,,,,,3.5,,,1.0,,,,,,,-4.8,0.59,0.028,1.2,1.2,0.43,True,40,,,0.9956,0.0188,,False,,False,,,,,,,,,,250,"beta_self pinned at 1 times theory (3.50 kHz per 1e12 cm^-3) with everything else refit warm from the free minimum at this waist: dchi2 is against the free minimum, and the dchi2_beta columns of the grid row read every point against the lowest of the free and the fixed fits. the summary reads the profile these rows make and never a Hessian bar at a rail",DIAGNOSTIC
beta_profile,PT,session,False,mixed,1,0,,,50,,,,,,,,,78000,2000,0.89,86000,159,0.22,P:0.898 T:0.871,"P:WING-LAW(core -0, wing -19) T:WING-LAW(core -5, wing -14)",210,5.0,,,,0.74,,1.7,,,,,,,,0.045,,0.0021,,,,,,,,,,,,,,,,,,,,17,,,5.0,,,,,,,-4.8,0.59,0.033,1.2,1.2,0.43,True,40,,,0.9956,0.0188,,False,,False,,,,,,,,,,250,"beta_self pinned at 5 times theory (17.49 kHz per 1e12 cm^-3) with everything else refit warm from the free minimum at this waist: dchi2 is against the free minimum, and the dchi2_beta columns of the grid row read every point against the lowest of the free and the fixed fits. the summary reads the profile these rows make and never a Hessian bar at a rail",DIAGNOSTIC
beta_profile,PT,session,False,mixed,1,0,,,50,,,,,,,,,220000,150000,0.89,86000,159,0.22,P:0.898 T:0.871,"P:WING-LAW(core -0, wing -19) T:WING-LAW(core -5, wing -14)",210,20,,,,0.20,,0.68,,,,,,,,0.00071,,0.00000038,,,,,,,,,,,,,,,,,,,,70,,,20,,,,,,,-5.0,0.59,0.00052,1.2,1.2,0.43,True,40,,,0.9956,0.0188,,False,,False,,,,,,,,,,250,"beta_self pinned at 20 times theory (69.94 kHz per 1e12 cm^-3) with everything else refit warm from the free minimum at this waist: dchi2 is against the free minimum, and the dchi2_beta columns of the grid row read every point against the lowest of the free and the fixed fits. the summary reads the profile these rows make and never a Hessian bar at a rail",DIAGNOSTIC
grid,PT,session,False,mixed,1,0,,,52,,,,,,,,,76000,0,0.89,86000,159,0.13,P:0.898 T:0.870,"P:WING-LAW(core -0, wing -19) T:WING-LAW(core -5, wing -14)",175,0.596,0.034,,,1.131,0.014,0.961,0.048,,,,,,,0.049,0.041,0.4167,0.0036,,,,,,,,,,,,,,,,,,,2.09,0.12,-3.6,,35,17,2000,140000,2.2,2.3,-4.8,0.55,0.033,1.2,1.2,0.39,True,40,1.0292,1.0025,0.9956,0.0188,1.8,True,1.8,True,,,,,,,,,,240,"the whitened profile likelihood over 159 traces of sessions PT at this waist with beta_self, the laser widths (session), the Omega scale (prior 1 +- 0.2) refit from 2 starts, gamma_l free and shared, Delta_alpha pinned at -1131.8 a.u. and rho at 0.94, the density law Steck, the collection window on at z_ratio 0.395 (M2 1), depletion at 0 cycles through companion_transit_mhz (transit at 130 C 1.1784 to 1.1784 MHz). the _err_hessian bars are conditional, every other parameter pinned. the dchi2_beta columns are the beta profile, chi2 with beta pinned at 0, theory, 5x and 20x theory and everything else refit, above the free minimum. the power-arm check reads the model's width ratio across each session's ladder at the TIED Omega (scale 1) with everything else fitted: P against the archive's 0.9956 +- 0.0188, refused at pull +1.79, pooled over 1 sessions refused at pull +1.79. centres profiled per trace and re-profiled after each inner fit, outer passes [1, 1], last centre move 0.013 MHz",DIAGNOSTIC
beta_profile,PT,session,False,mixed,1,0,,,52,,,,,,,,,76000,35,0.89,86000,159,0.13,P:0.898 T:0.870,"P:WING-LAW(core -0, wing -19) T:WING-LAW(core -5, wing -14)",175,0,,,,1.2,,0.81,,,,,,,,0.047,,0.47,,,,,,,,,,,,,,,,,,,,0,,,0,,,,,,,-4.8,0.55,0.032,1.2,1.2,0.39,True,40,,,0.9956,0.0188,,False,,False,,,,,,,,,,240,"beta_self pinned at 0 times theory (0.00 kHz per 1e12 cm^-3) with everything else refit warm from the free minimum at this waist: dchi2 is against the free minimum, and the dchi2_beta columns of the grid row read every point against the lowest of the free and the fixed fits. the summary reads the profile these rows make and never a Hessian bar at a rail",DIAGNOSTIC
beta_profile,PT,session,False,mixed,1,0,,,52,,,,,,,,,76000,17,0.89,86000,159,0.13,P:0.898 T:0.870,"P:WING-LAW(core -0, wing -19) T:WING-LAW(core -5, wing -14)",175,1.0,,,,1.1,,1.1,,,,,,,,0.048,,0.38,,,,,,,,,,,,,,,,,,,,3.5,,,1.0,,,,,,,-4.8,0.55,0.033,1.2,1.2,0.39,True,40,,,0.9956,0.0188,,False,,False,,,,,,,,,,240,"beta_self pinned at 1 times theory (3.50 kHz per 1e12 cm^-3) with everything else refit warm from the free minimum at this waist: dchi2 is against the free minimum, and the dchi2_beta columns of the grid row read every point against the lowest of the free and the fixed fits. the summary reads the profile these rows make and never a Hessian bar at a rail",DIAGNOSTIC
beta_profile,PT,session,False,mixed,1,0,,,52,,,,,,,,,78000,2000,0.89,86000,159,0.13,P:0.898 T:0.870,"P:WING-LAW(core -0, wing -19) T:WING-LAW(core -5, wing -14)",175,5.0,,,,1.0,,1.8,,,,,,,,0.048,,0.0024,,,,,,,,,,,,,,,,,,,,17,,,5.0,,,,,,,-4.8,0.55,0.033,1.2,1.2,0.39,True,40,,,0.9956,0.0188,,False,,False,,,,,,,,,,240,"beta_self pinned at 5 times theory (17.49 kHz per 1e12 cm^-3) with everything else refit warm from the free minimum at this waist: dchi2 is against the free minimum, and the dchi2_beta columns of the grid row read every point against the lowest of the free and the fixed fits. the summary reads the profile these rows make and never a Hessian bar at a rail",DIAGNOSTIC
beta_profile,PT,session,False,mixed,1,0,,,52,,,,,,,,,220000,140000,0.89,86000,159,0.13,P:0.898 T:0.870,"P:WING-LAW(core -0, wing -19) T:WING-LAW(core -5, wing -14)",175,20,,,,0.20,,0.95,,,,,,,,0.0029,,0.00000043,,,,,,,,,,,,,,,,,,,,70,,,20,,,,,,,-5.0,0.55,0.0019,1.2,1.2,0.39,True,40,,,0.9956,0.0188,,False,,False,,,,,,,,,,240,"beta_self pinned at 20 times theory (69.94 kHz per 1e12 cm^-3) with everything else refit warm from the free minimum at this waist: dchi2 is against the free minimum, and the dchi2_beta columns of the grid row read every point against the lowest of the free and the fixed fits. the summary reads the profile these rows make and never a Hessian bar at a rail",DIAGNOSTIC
grid,PT,session,False,mixed,1,0,,,54,,,,,,,,,76000,6.1,0.89,86000,159,0.022,P:0.898 T:0.870,"P:WING-LAW(core -0, wing -19) T:WING-LAW(core -5, wing -14)",203,0.599,0.034,,,1.240,0.012,1.077,0.043,,,,,,,0.053,0.044,0.4401,0.0035,,,,,,,,,,,,,,,,,,,2.10,0.12,-3.6,,36,16,1900,140000,2.2,2.3,-4.7,0.51,0.033,1.1,1.1,0.37,True,40,1.0252,1.0023,0.9956,0.0188,1.6,True,1.6,True,,,,,,,,,,230,"the whitened profile likelihood over 159 traces of sessions PT at this waist with beta_self, the laser widths (session), the Omega scale (prior 1 +- 0.2) refit from 2 starts, gamma_l free and shared, Delta_alpha pinned at -1131.8 a.u. and rho at 0.94, the density law Steck, the collection window on at z_ratio 0.366 (M2 1), depletion at 0 cycles through companion_transit_mhz (transit at 130 C 1.1348 to 1.1348 MHz). the _err_hessian bars are conditional, every other parameter pinned. the dchi2_beta columns are the beta profile, chi2 with beta pinned at 0, theory, 5x and 20x theory and everything else refit, above the free minimum. the power-arm check reads the model's width ratio across each session's ladder at the TIED Omega (scale 1) with everything else fitted: P against the archive's 0.9956 +- 0.0188, refused at pull +1.58, pooled over 1 sessions refused at pull +1.58. centres profiled per trace and re-profiled after each inner fit, outer passes [1, 2], last centre move 0.001 MHz",DIAGNOSTIC
beta_profile,PT,session,False,mixed,1,0,,,54,,,,,,,,,76000,36,0.89,86000,159,0.022,P:0.898 T:0.870,"P:WING-LAW(core -0, wing -19) T:WING-LAW(core -5, wing -14)",203,0,,,,1.3,,0.93,,,,,,,,0.038,,0.50,,,,,,,,,,,,,,,,,,,,0,,,0,,,,,,,-4.8,0.51,0.024,1.1,1.1,0.37,True,40,,,0.9956,0.0188,,False,,False,,,,,,,,,,230,"beta_self pinned at 0 times theory (0.00 kHz per 1e12 cm^-3) with everything else refit warm from the free minimum at this waist: dchi2 is against the free minimum, and the dchi2_beta columns of the grid row read every point against the lowest of the free and the fixed fits. the summary reads the profile these rows make and never a Hessian bar at a rail",DIAGNOSTIC
beta_profile,PT,session,False,mixed,1,0,,,54,,,,,,,,,76000,16,0.89,86000,159,0.022,P:0.898 T:0.870,"P:WING-LAW(core -0, wing -19) T:WING-LAW(core -5, wing -14)",203,1.0,,,,1.2,,1.2,,,,,,,,0.052,,0.40,,,,,,,,,,,,,,,,,,,,3.5,,,1.0,,,,,,,-4.7,0.51,0.033,1.1,1.1,0.37,True,40,,,0.9956,0.0188,,False,,False,,,,,,,,,,230,"beta_self pinned at 1 times theory (3.50 kHz per 1e12 cm^-3) with everything else refit warm from the free minimum at this waist: dchi2 is against the free minimum, and the dchi2_beta columns of the grid row read every point against the lowest of the free and the fixed fits. the summary reads the profile these rows make and never a Hessian bar at a rail",DIAGNOSTIC
beta_profile,PT,session,False,mixed,1,0,,,54,,,,,,,,,78000,1900,0.89,86000,159,0.022,P:0.898 T:0.870,"P:WING-LAW(core -0, wing -19) T:WING-LAW(core -5, wing -14)",203,5.0,,,,1.1,,1.9,,,,,,,,0.059,,0.026,,,,,,,,,,,,,,,,,,,,17,,,5.0,,,,,,,-4.7,0.51,0.037,1.1,1.1,0.37,True,40,,,0.9956,0.0188,,False,,False,,,,,,,,,,230,"beta_self pinned at 5 times theory (17.49 kHz per 1e12 cm^-3) with everything else refit warm from the free minimum at this waist: dchi2 is against the free minimum, and the dchi2_beta columns of the grid row read every point against the lowest of the free and the fixed fits. the summary reads the profile these rows make and never a Hessian bar at a rail",DIAGNOSTIC
beta_profile,PT,session,False,mixed,1,0,,,54,,,,,,,,,210000,140000,0.89,86000,159,0.022,P:0.898 T:0.870,"P:WING-LAW(core -0, wing -19) T:WING-LAW(core -5, wing -14)",203,20,,,,0.20,,1.2,,,,,,,,0.0029,,0.00000056,,,,,,,,,,,,,,,,,,,,70,,,20,,,,,,,-5.0,0.51,0.0018,1.1,1.1,0.37,True,40,,,0.9956,0.0188,,False,,False,,,,,,,,,,230,"beta_self pinned at 20 times theory (69.94 kHz per 1e12 cm^-3) with everything else refit warm from the free minimum at this waist: dchi2 is against the free minimum, and the dchi2_beta columns of the grid row read every point against the lowest of the free and the fixed fits. the summary reads the profile these rows make and never a Hessian bar at a rail",DIAGNOSTIC
grid,PT,session,False,mixed,1,0,,,56,,,,,,,,,76000,21,0.89,86000,159,0.012,P:0.899 T:0.869,"P:WING-LAW(core +0, wing -19) T:WING-LAW(core -5, wing -14)",189,0.601,0.034,,,1.338,0.012,1.177,0.041,,,,,,,0.055,0.047,0.4598,0.0035,,,,,,,,,,,,,,,,,,,2.10,0.12,-3.6,,36,16,1900,130000,2.2,2.3,-4.7,0.47,0.032,1.1,1.1,0.34,True,40,1.0217,1.0020,0.9956,0.0188,1.4,True,1.4,True,,,,,,,,,,310,"the whitened profile likelihood over 159 traces of sessions PT at this waist with beta_self, the laser widths (session), the Omega scale (prior 1 +- 0.2) refit from 2 starts, gamma_l free and shared, Delta_alpha pinned at -1131.8 a.u. and rho at 0.94, the density law Steck, the collection window on at z_ratio 0.340 (M2 1), depletion at 0 cycles through companion_transit_mhz (transit at 130 C 1.0943 to 1.0943 MHz). the _err_hessian bars are conditional, every other parameter pinned. the dchi2_beta columns are the beta profile, chi2 with beta pinned at 0, theory, 5x and 20x theory and everything else refit, above the free minimum. the power-arm check reads the model's width ratio across each session's ladder at the TIED Omega (scale 1) with everything else fitted: P against the archive's 0.9956 +- 0.0188, refused at pull +1.39, pooled over 1 sessions refused at pull +1.39. centres profiled per trace and re-profiled after each inner fit, outer passes [1, 2], last centre move 0.002 MHz",DIAGNOSTIC
beta_profile,PT,session,False,mixed,1,0,,,56,,,,,,,,,76000,36,0.89,86000,159,0.012,P:0.899 T:0.869,"P:WING-LAW(core +0, wing -19) T:WING-LAW(core -5, wing -14)",189,0,,,,1.4,,1.0,,,,,,,,0.060,,0.52,,,,,,,,,,,,,,,,,,,,0,,,0,,,,,,,-4.7,0.47,0.035,1.1,1.1,0.34,True,40,,,0.9956,0.0188,,False,,False,,,,,,,,,,310,"beta_self pinned at 0 times theory (0.00 kHz per 1e12 cm^-3) with everything else refit warm from the free minimum at this waist: dchi2 is against the free minimum, and the dchi2_beta columns of the grid row read every point against the lowest of the free and the fixed fits. the summary reads the profile these rows make and never a Hessian bar at a rail",DIAGNOSTIC
beta_profile,PT,session,False,mixed,1,0,,,56,,,,,,,,,76000,16,0.89,86000,159,0.012,P:0.899 T:0.869,"P:WING-LAW(core +0, wing -19) T:WING-LAW(core -5, wing -14)",189,1.0,,,,1.3,,1.3,,,,,,,,0.061,,0.42,,,,,,,,,,,,,,,,,,,,3.5,,,1.0,,,,,,,-4.7,0.47,0.036,1.1,1.1,0.34,True,40,,,0.9956,0.0188,,False,,False,,,,,,,,,,310,"beta_self pinned at 1 times theory (3.50 kHz per 1e12 cm^-3) with everything else refit warm from the free minimum at this waist: dchi2 is against the free minimum, and the dchi2_beta columns of the grid row read every point against the lowest of the free and the fixed fits. the summary reads the profile these rows make and never a Hessian bar at a rail",DIAGNOSTIC
beta_profile,PT,session,False,mixed,1,0,,,56,,,,,,,,,78000,1900,0.89,86000,159,0.012,P:0.899 T:0.869,"P:WING-LAW(core +0, wing -19) T:WING-LAW(core -5, wing -14)",189,5.0,,,,1.2,,1.9,,,,,,,,0.058,,0.042,,,,,,,,,,,,,,,,,,,,17,,,5.0,,,,,,,-4.7,0.47,0.034,1.1,1.1,0.34,True,40,,,0.9956,0.0188,,False,,False,,,,,,,,,,310,"beta_self pinned at 5 times theory (17.49 kHz per 1e12 cm^-3) with everything else refit warm from the free minimum at this waist: dchi2 is against the free minimum, and the dchi2_beta columns of the grid row read every point against the lowest of the free and the fixed fits. the summary reads the profile these rows make and never a Hessian bar at a rail",DIAGNOSTIC
beta_profile,PT,session,False,mixed,1,0,,,56,,,,,,,,,210000,130000,0.89,86000,159,0.012,P:0.899 T:0.869,"P:WING-LAW(core +0, wing -19) T:WING-LAW(core -5, wing -14)",189,20,,,,0.20,,1.3,,,,,,,,0.0029,,0.00000000014,,,,,,,,,,,,,,,,,,,,70,,,20,,,,,,,-5.0,0.47,0.0017,1.1,1.1,0.34,True,40,,,0.9956,0.0188,,False,,False,,,,,,,,,,310,"beta_self pinned at 20 times theory (69.94 kHz per 1e12 cm^-3) with everything else refit warm from the free minimum at this waist: dchi2 is against the free minimum, and the dchi2_beta columns of the grid row read every point against the lowest of the free and the fixed fits. the summary reads the profile these rows make and never a Hessian bar at a rail",DIAGNOSTIC
grid,PT,session,False,mixed,1,0,,,58,,,,,,,,,76000,40,0.89,86000,159,0.014,P:0.899 T:0.869,"P:WING-LAW(core +0, wing -19) T:WING-LAW(core -5, wing -14)",217,0.606,0.034,,,1.426,0.011,1.268,0.038,,,,,,,0.065,0.050,0.4761,0.0035,,,,,,,,,,,,,,,,,,,2.12,0.12,-3.5,,36,16,1900,130000,2.2,2.4,-4.7,0.44,0.036,1.1,1.1,0.32,True,40,1.0188,1.0018,0.9956,0.0188,1.2,True,1.2,True,,,,,,,,,,260,"the whitened profile likelihood over 159 traces of sessions PT at this waist with beta_self, the laser widths (session), the Omega scale (prior 1 +- 0.2) refit from 2 starts, gamma_l free and shared, Delta_alpha pinned at -1131.8 a.u. and rho at 0.94, the density law Steck, the collection window on at z_ratio 0.317 (M2 1), depletion at 0 cycles through companion_transit_mhz (transit at 130 C 1.0565 to 1.0565 MHz). the _err_hessian bars are conditional, every other parameter pinned. the dchi2_beta columns are the beta profile, chi2 with beta pinned at 0, theory, 5x and 20x theory and everything else refit, above the free minimum. the power-arm check reads the model's width ratio across each session's ladder at the TIED Omega (scale 1) with everything else fitted: P against the archive's 0.9956 +- 0.0188, refused at pull +1.24, pooled over 1 sessions refused at pull +1.24. centres profiled per trace and re-profiled after each inner fit, outer passes [1, 2], last centre move 0.002 MHz",DIAGNOSTIC
beta_profile,PT,session,False,mixed,1,0,,,58,,,,,,,,,76000,36,0.89,86000,159,0.014,P:0.899 T:0.869,"P:WING-LAW(core +0, wing -19) T:WING-LAW(core -5, wing -14)",217,0,,,,1.4,,1.1,,,,,,,,0.065,,0.53,,,,,,,,,,,,,,,,,,,,0,,,0,,,,,,,-4.7,0.44,0.036,1.1,1.1,0.32,True,40,,,0.9956,0.0188,,False,,False,,,,,,,,,,260,"beta_self pinned at 0 times theory (0.00 kHz per 1e12 cm^-3) with everything else refit warm from the free minimum at this waist: dchi2 is against the free minimum, and the dchi2_beta columns of the grid row read every point against the lowest of the free and the fixed fits. the summary reads the profile these rows make and never a Hessian bar at a rail",DIAGNOSTIC
beta_profile,PT,session,False,mixed,1,0,,,58,,,,,,,,,76000,16,0.89,86000,159,0.014,P:0.899 T:0.869,"P:WING-LAW(core +0, wing -19) T:WING-LAW(core -5, wing -14)",217,1.0,,,,1.4,,1.3,,,,,,,,0.070,,0.44,,,,,,,,,,,,,,,,,,,,3.5,,,1.0,,,,,,,-4.7,0.44,0.038,1.1,1.1,0.32,True,40,,,0.9956,0.0188,,False,,False,,,,,,,,,,260,"beta_self pinned at 1 times theory (3.50 kHz per 1e12 cm^-3) with everything else refit warm from the free minimum at this waist: dchi2 is against the free minimum, and the dchi2_beta columns of the grid row read every point against the lowest of the free and the fixed fits. the summary reads the profile these rows make and never a Hessian bar at a rail",DIAGNOSTIC
beta_profile,PT,session,False,mixed,1,0,,,58,,,,,,,,,78000,1900,0.89,86000,159,0.014,P:0.899 T:0.869,"P:WING-LAW(core +0, wing -19) T:WING-LAW(core -5, wing -14)",217,5.0,,,,1.3,,2.0,,,,,,,,0.070,,0.060,,,,,,,,,,,,,,,,,,,,17,,,5.0,,,,,,,-4.7,0.44,0.038,1.1,1.1,0.32,True,40,,,0.9956,0.0188,,False,,False,,,,,,,,,,260,"beta_self pinned at 5 times theory (17.49 kHz per 1e12 cm^-3) with everything else refit warm from the free minimum at this waist: dchi2 is against the free minimum, and the dchi2_beta columns of the grid row read every point against the lowest of the free and the fixed fits. the summary reads the profile these rows make and never a Hessian bar at a rail",DIAGNOSTIC
beta_profile,PT,session,False,mixed,1,0,,,58,,,,,,,,,200000,130000,0.89,86000,159,0.014,P:0.899 T:0.869,"P:WING-LAW(core +0, wing -19) T:WING-LAW(core -5, wing -14)",217,20,,,,0.20,,1.4,,,,,,,,0.0029,,0.0000000025,,,,,,,,,,,,,,,,,,,,70,,,20,,,,,,,-5.0,0.44,0.0016,1.1,1.1,0.32,True,40,,,0.9956,0.0188,,False,,False,,,,,,,,,,260,"beta_self pinned at 20 times theory (69.94 kHz per 1e12 cm^-3) with everything else refit warm from the free minimum at this waist: dchi2 is against the free minimum, and the dchi2_beta columns of the grid row read every point against the lowest of the free and the fixed fits. the summary reads the profile these rows make and never a Hessian bar at a rail",DIAGNOSTIC
grid,PT,session,False,mixed,1,0,,,60,,,,,,,,,76000,62,0.89,86000,159,0.15,P:0.900 T:0.869,"P:WING-LAW(core +0, wing -19) T:WING-LAW(core -5, wing -14)",168,0.629,0.034,,,1.504,0.010,1.352,0.036,,,,,,,0.088,0.053,0.4881,0.0035,,,,,,,,,,,,,,,,,,,2.20,0.12,-3.3,,37,16,1900,120000,2.3,2.4,-4.6,0.41,0.045,1.0,1.0,0.30,True,40,1.0164,1.0016,0.9956,0.0188,1.1,True,1.1,True,,,,,,,,,,230,"the whitened profile likelihood over 159 traces of sessions PT at this waist with beta_self, the laser widths (session), the Omega scale (prior 1 +- 0.2) refit from 2 starts, gamma_l free and shared, Delta_alpha pinned at -1131.8 a.u. and rho at 0.94, the density law Steck, the collection window on at z_ratio 0.296 (M2 1), depletion at 0 cycles through companion_transit_mhz (transit at 130 C 1.0213 to 1.0213 MHz). the _err_hessian bars are conditional, every other parameter pinned. the dchi2_beta columns are the beta profile, chi2 with beta pinned at 0, theory, 5x and 20x theory and everything else refit, above the free minimum. the power-arm check reads the model's width ratio across each session's ladder at the TIED Omega (scale 1) with everything else fitted: P against the archive's 0.9956 +- 0.0188, refused at pull +1.11, pooled over 1 sessions refused at pull +1.11. centres profiled per trace and re-profiled after each inner fit, outer passes [1, 1], last centre move 0.003 MHz",DIAGNOSTIC
beta_profile,PT,session,False,mixed,1,0,,,60,,,,,,,,,76000,37,0.89,86000,159,0.15,P:0.900 T:0.869,"P:WING-LAW(core +0, wing -19) T:WING-LAW(core -5, wing -14)",168,0,,,,1.5,,1.2,,,,,,,,0.090,,0.55,,,,,,,,,,,,,,,,,,,,0,,,0,,,,,,,-4.5,0.41,0.046,1.0,1.0,0.30,True,40,,,0.9956,0.0188,,False,,False,,,,,,,,,,230,"beta_self pinned at 0 times theory (0.00 kHz per 1e12 cm^-3) with everything else refit warm from the free minimum at this waist: dchi2 is against the free minimum, and the dchi2_beta columns of the grid row read every point against the lowest of the free and the fixed fits. the summary reads the profile these rows make and never a Hessian bar at a rail",DIAGNOSTIC
beta_profile,PT,session,False,mixed,1,0,,,60,,,,,,,,,76000,16,0.89,86000,159,0.15,P:0.900 T:0.869,"P:WING-LAW(core +0, wing -19) T:WING-LAW(core -5, wing -14)",168,1.0,,,,1.5,,1.4,,,,,,,,0.074,,0.45,,,,,,,,,,,,,,,,,,,,3.5,,,1.0,,,,,,,-4.6,0.41,0.038,1.0,1.0,0.30,True,40,,,0.9956,0.0188,,False,,False,,,,,,,,,,230,"beta_self pinned at 1 times theory (3.50 kHz per 1e12 cm^-3) with everything else refit warm from the free minimum at this waist: dchi2 is against the free minimum, and the dchi2_beta columns of the grid row read every point against the lowest of the free and the fixed fits. the summary reads the profile these rows make and never a Hessian bar at a rail",DIAGNOSTIC
beta_profile,PT,session,False,mixed,1,0,,,60,,,,,,,,,78000,1900,0.89,86000,159,0.15,P:0.900 T:0.869,"P:WING-LAW(core +0, wing -19) T:WING-LAW(core -5, wing -14)",168,5.0,,,,1.4,,2.0,,,,,,,,0.079,,0.074,,,,,,,,,,,,,,,,,,,,17,,,5.0,,,,,,,-4.6,0.41,0.040,1.0,1.0,0.30,True,40,,,0.9956,0.0188,,False,,False,,,,,,,,,,230,"beta_self pinned at 5 times theory (17.49 kHz per 1e12 cm^-3) with everything else refit warm from the free minimum at this waist: dchi2 is against the free minimum, and the dchi2_beta columns of the grid row read every point against the lowest of the free and the fixed fits. the summary reads the profile these rows make and never a Hessian bar at a rail",DIAGNOSTIC
beta_profile,PT,session,False,mixed,1,0,,,60,,,,,,,,,200000,120000,0.89,86000,159,0.15,P:0.900 T:0.869,"P:WING-LAW(core +0, wing -19) T:WING-LAW(core -5, wing -14)",168,20,,,,0.20,,1.5,,,,,,,,0.00012,,0.00000000000015,,,,,,,,,,,,,,,,,,,,70,,,20,,,,,,,-5.0,0.41,0.000061,1.0,1.0,0.30,True,40,,,0.9956,0.0188,,False,,False,,,,,,,,,,230,"beta_self pinned at 20 times theory (69.94 kHz per 1e12 cm^-3) with everything else refit warm from the free minimum at this waist: dchi2 is against the free minimum, and the dchi2_beta columns of the grid row read every point against the lowest of the free and the fixed fits. the summary reads the profile these rows make and never a Hessian bar at a rail",DIAGNOSTIC
grid,PT,session,False,mixed,1,0,,,62,,,,,,,,,76000,86,0.89,86000,159,1.3,P:0.900 T:0.868,"P:WING-LAW(core +1, wing -19) T:WING-LAW(core -5, wing -14)",175,0.614,0.034,,,1.5740,0.0099,1.420,0.034,,,,,,,0.090,0.057,0.5023,0.0035,,,,,,,,,,,,,,,,,,,2.15,0.12,-3.5,,37,15,1900,120000,2.2,2.4,-4.5,0.38,0.043,0.99,0.99,0.28,True,40,1.0143,1.0014,0.9956,0.0188,1.0,False,1.0,False,,,,,,,,,,300,"the whitened profile likelihood over 159 traces of sessions PT at this waist with beta_self, the laser widths (session), the Omega scale (prior 1 +- 0.2) refit from 2 starts, gamma_l free and shared, Delta_alpha pinned at -1131.8 a.u. and rho at 0.94, the density law Steck, the collection window on at z_ratio 0.278 (M2 1), depletion at 0 cycles through companion_transit_mhz (transit at 130 C 0.9884 to 0.9884 MHz). the _err_hessian bars are conditional, every other parameter pinned. the dchi2_beta columns are the beta profile, chi2 with beta pinned at 0, theory, 5x and 20x theory and everything else refit, above the free minimum. the power-arm check reads the model's width ratio across each session's ladder at the TIED Omega (scale 1) with everything else fitted: P against the archive's 0.9956 +- 0.0188, passes at pull +1.00, pooled over 1 sessions passes at pull +1.00. centres profiled per trace and re-profiled after each inner fit, outer passes [1, 1], last centre move 0.003 MHz",DIAGNOSTIC
beta_profile,PT,session,False,mixed,1,0,,,62,,,,,,,,,76000,37,0.89,86000,159,1.3,P:0.900 T:0.868,"P:WING-LAW(core +1, wing -19) T:WING-LAW(core -5, wing -14)",175,0,,,,1.6,,1.3,,,,,,,,0.11,,0.56,,,,,,,,,,,,,,,,,,,,0,,,0,,,,,,,-4.4,0.38,0.054,0.99,0.99,0.28,True,40,,,0.9956,0.0188,,False,,False,,,,,,,,,,300,"beta_self pinned at 0 times theory (0.00 kHz per 1e12 cm^-3) with everything else refit warm from the free minimum at this waist: dchi2 is against the free minimum, and the dchi2_beta columns of the grid row read every point against the lowest of the free and the fixed fits. the summary reads the profile these rows make and never a Hessian bar at a rail",DIAGNOSTIC
beta_profile,PT,session,False,mixed,1,0,,,62,,,,,,,,,76000,15,0.89,86000,159,1.3,P:0.900 T:0.868,"P:WING-LAW(core +1, wing -19) T:WING-LAW(core -5, wing -14)",175,1.0,,,,1.6,,1.5,,,,,,,,0.084,,0.47,,,,,,,,,,,,,,,,,,,,3.5,,,1.0,,,,,,,-4.6,0.38,0.040,0.99,0.99,0.28,True,40,,,0.9956,0.0188,,False,,False,,,,,,,,,,300,"beta_self pinned at 1 times theory (3.50 kHz per 1e12 cm^-3) with everything else refit warm from the free minimum at this waist: dchi2 is against the free minimum, and the dchi2_beta columns of the grid row read every point against the lowest of the free and the fixed fits. the summary reads the profile these rows make and never a Hessian bar at a rail",DIAGNOSTIC
beta_profile,PT,session,False,mixed,1,0,,,62,,,,,,,,,78000,1900,0.89,86000,159,1.3,P:0.900 T:0.868,"P:WING-LAW(core +1, wing -19) T:WING-LAW(core -5, wing -14)",175,5.0,,,,1.5,,2.1,,,,,,,,0.095,,0.086,,,,,,,,,,,,,,,,,,,,17,,,5.0,,,,,,,-4.5,0.38,0.045,0.99,0.99,0.28,True,40,,,0.9956,0.0188,,False,,False,,,,,,,,,,300,"beta_self pinned at 5 times theory (17.49 kHz per 1e12 cm^-3) with everything else refit warm from the free minimum at this waist: dchi2 is against the free minimum, and the dchi2_beta columns of the grid row read every point against the lowest of the free and the fixed fits. the summary reads the profile these rows make and never a Hessian bar at a rail",DIAGNOSTIC
beta_profile,PT,session,False,mixed,1,0,,,62,,,,,,,,,190000,120000,0.89,86000,159,1.3,P:0.900 T:0.868,"P:WING-LAW(core +1, wing -19) T:WING-LAW(core -5, wing -14)",175,20,,,,0.20,,1.6,,,,,,,,0.0032,,0.000000000095,,,,,,,,,,,,,,,,,,,,70,,,20,,,,,,,-5.0,0.38,0.0015,0.99,0.99,0.28,True,40,,,0.9956,0.0188,,False,,False,,,,,,,,,,300,"beta_self pinned at 20 times theory (69.94 kHz per 1e12 cm^-3) with everything else refit warm from the free minimum at this waist: dchi2 is against the free minimum, and the dchi2_beta columns of the grid row read every point against the lowest of the free and the fixed fits. the summary reads the profile these rows make and never a Hessian bar at a rail",DIAGNOSTIC
grid,PT,session,False,mixed,1,0,,,64,,,,,,,,,76000,110,0.89,86000,159,0.090,P:0.901 T:0.868,"P:WING-LAW(core +1, wing -19) T:WING-LAW(core -5, wing -14)",154,0.616,0.034,,,1.6365,0.0095,1.484,0.032,,,,,,,0.100,0.060,0.5131,0.0035,,,,,,,,,,,,,,,,,,,2.16,0.12,-3.4,,37,15,1900,110000,2.2,2.4,-4.5,0.36,0.045,0.96,0.96,0.26,True,40,1.0126,1.0013,0.9956,0.0188,0.91,False,0.91,False,,,,,,,,,,300,"the whitened profile likelihood over 159 traces of sessions PT at this waist with beta_self, the laser widths (session), the Omega scale (prior 1 +- 0.2) refit from 2 starts, gamma_l free and shared, Delta_alpha pinned at -1131.8 a.u. and rho at 0.94, the density law Steck, the collection window on at z_ratio 0.261 (M2 1), depletion at 0 cycles through companion_transit_mhz (transit at 130 C 0.9575 to 0.9575 MHz). the _err_hessian bars are conditional, every other parameter pinned. the dchi2_beta columns are the beta profile, chi2 with beta pinned at 0, theory, 5x and 20x theory and everything else refit, above the free minimum. the power-arm check reads the model's width ratio across each session's ladder at the TIED Omega (scale 1) with everything else fitted: P against the archive's 0.9956 +- 0.0188, passes at pull +0.91, pooled over 1 sessions passes at pull +0.91. centres profiled per trace and re-profiled after each inner fit, outer passes [1, 1], last centre move 0.004 MHz",DIAGNOSTIC
beta_profile,PT,session,False,mixed,1,0,,,64,,,,,,,,,76000,37,0.89,86000,159,0.090,P:0.901 T:0.868,"P:WING-LAW(core +1, wing -19) T:WING-LAW(core -5, wing -14)",154,0,,,,1.6,,1.4,,,,,,,,0.091,,0.57,,,,,,,,,,,,,,,,,,,,0,,,0,,,,,,,-4.5,0.36,0.041,0.96,0.96,0.26,True,40,,,0.9956,0.0188,,False,,False,,,,,,,,,,300,"beta_self pinned at 0 times theory (0.00 kHz per 1e12 cm^-3) with everything else refit warm from the free minimum at this waist: dchi2 is against the free minimum, and the dchi2_beta columns of the grid row read every point against the lowest of the free and the fixed fits. the summary reads the profile these rows make and never a Hessian bar at a rail",DIAGNOSTIC
beta_profile,PT,session,False,mixed,1,0,,,64,,,,,,,,,76000,15,0.89,86000,159,0.090,P:0.901 T:0.868,"P:WING-LAW(core +1, wing -19) T:WING-LAW(core -5, wing -14)",154,1.0,,,,1.6,,1.5,,,,,,,,0.095,,0.48,,,,,,,,,,,,,,,,,,,,3.5,,,1.0,,,,,,,-4.5,0.36,0.043,0.96,0.96,0.26,True,40,,,0.9956,0.0188,,False,,False,,,,,,,,,,300,"beta_self pinned at 1 times theory (3.50 kHz per 1e12 cm^-3) with everything else refit warm from the free minimum at this waist: dchi2 is against the free minimum, and the dchi2_beta columns of the grid row read every point against the lowest of the free and the fixed fits. the summary reads the profile these rows make and never a Hessian bar at a rail",DIAGNOSTIC
beta_profile,PT,session,False,mixed,1,0,,,64,,,,,,,,,78000,1900,0.89,86000,159,0.090,P:0.901 T:0.868,"P:WING-LAW(core +1, wing -19) T:WING-LAW(core -5, wing -14)",154,5.0,,,,1.6,,2.1,,,,,,,,0.12,,0.098,,,,,,,,,,,,,,,,,,,,17,,,5.0,,,,,,,-4.4,0.36,0.055,0.96,0.96,0.26,True,40,,,0.9956,0.0188,,False,,False,,,,,,,,,,300,"beta_self pinned at 5 times theory (17.49 kHz per 1e12 cm^-3) with everything else refit warm from the free minimum at this waist: dchi2 is against the free minimum, and the dchi2_beta columns of the grid row read every point against the lowest of the free and the fixed fits. the summary reads the profile these rows make and never a Hessian bar at a rail",DIAGNOSTIC
beta_profile,PT,session,False,mixed,1,0,,,64,,,,,,,,,190000,110000,0.89,86000,159,0.090,P:0.901 T:0.868,"P:WING-LAW(core +1, wing -19) T:WING-LAW(core -5, wing -14)",154,20,,,,0.20,,1.7,,,,,,,,0.0040,,0.0000000000029,,,,,,,,,,,,,,,,,,,,70,,,20,,,,,,,-5.0,0.36,0.0018,0.96,0.96,0.26,True,40,,,0.9956,0.0188,,False,,False,,,,,,,,,,300,"beta_self pinned at 20 times theory (69.94 kHz per 1e12 cm^-3) with everything else refit warm from the free minimum at this waist: dchi2 is against the free minimum, and the dchi2_beta columns of the grid row read every point against the lowest of the free and the fixed fits. the summary reads the profile these rows make and never a Hessian bar at a rail",DIAGNOSTIC
grid,PT,session,False,mixed,1,0,,,66,,,,,,,,,76000,140,0.89,86000,159,0.32,P:0.901 T:0.868,"P:WING-LAW(core +1, wing -19) T:WING-LAW(core -5, wing -14)",154,0.611,0.034,,,1.6930,0.0092,1.540,0.031,,,,,,,0.097,0.064,0.5233,0.0035,,,,,,,,,,,,,,,,,,,2.14,0.12,-3.5,,37,15,1900,110000,2.2,2.4,-4.5,0.34,0.041,0.93,0.93,0.24,True,40,1.0112,1.0012,0.9956,0.0188,0.83,False,0.83,False,,,,,,,,,,320,"the whitened profile likelihood over 159 traces of sessions PT at this waist with beta_self, the laser widths (session), the Omega scale (prior 1 +- 0.2) refit from 2 starts, gamma_l free and shared, Delta_alpha pinned at -1131.8 a.u. and rho at 0.94, the density law Steck, the collection window on at z_ratio 0.245 (M2 1), depletion at 0 cycles through companion_transit_mhz (transit at 130 C 0.9285 to 0.9285 MHz). the _err_hessian bars are conditional, every other parameter pinned. the dchi2_beta columns are the beta profile, chi2 with beta pinned at 0, theory, 5x and 20x theory and everything else refit, above the free minimum. the power-arm check reads the model's width ratio across each session's ladder at the TIED Omega (scale 1) with everything else fitted: P against the archive's 0.9956 +- 0.0188, passes at pull +0.83, pooled over 1 sessions passes at pull +0.83. centres profiled per trace and re-profiled after each inner fit, outer passes [1, 1], last centre move 0.004 MHz",DIAGNOSTIC
beta_profile,PT,session,False,mixed,1,0,,,66,,,,,,,,,76000,37,0.89,86000,159,0.32,P:0.901 T:0.868,"P:WING-LAW(core +1, wing -19) T:WING-LAW(core -5, wing -14)",154,0,,,,1.7,,1.4,,,,,,,,0.11,,0.58,,,,,,,,,,,,,,,,,,,,0,,,0,,,,,,,-4.5,0.34,0.046,0.93,0.93,0.24,True,40,,,0.9956,0.0188,,False,,False,,,,,,,,,,320,"beta_self pinned at 0 times theory (0.00 kHz per 1e12 cm^-3) with everything else refit warm from the free minimum at this waist: dchi2 is against the free minimum, and the dchi2_beta columns of the grid row read every point against the lowest of the free and the fixed fits. the summary reads the profile these rows make and never a Hessian bar at a rail",DIAGNOSTIC
beta_profile,PT,session,False,mixed,1,0,,,66,,,,,,,,,76000,15,0.89,86000,159,0.32,P:0.901 T:0.868,"P:WING-LAW(core +1, wing -19) T:WING-LAW(core -5, wing -14)",154,1.0,,,,1.7,,1.6,,,,,,,,0.11,,0.49,,,,,,,,,,,,,,,,,,,,3.5,,,1.0,,,,,,,-4.5,0.34,0.046,0.93,0.93,0.24,True,40,,,0.9956,0.0188,,False,,False,,,,,,,,,,320,"beta_self pinned at 1 times theory (3.50 kHz per 1e12 cm^-3) with everything else refit warm from the free minimum at this waist: dchi2 is against the free minimum, and the dchi2_beta columns of the grid row read every point against the lowest of the free and the fixed fits. the summary reads the profile these rows make and never a Hessian bar at a rail",DIAGNOSTIC
beta_profile,PT,session,False,mixed,1,0,,,66,,,,,,,,,78000,1900,0.89,86000,159,0.32,P:0.901 T:0.868,"P:WING-LAW(core +1, wing -19) T:WING-LAW(core -5, wing -14)",154,5.0,,,,1.6,,2.2,,,,,,,,0.12,,0.11,,,,,,,,,,,,,,,,,,,,17,,,5.0,,,,,,,-4.4,0.34,0.050,0.93,0.93,0.24,True,40,,,0.9956,0.0188,,False,,False,,,,,,,,,,320,"beta_self pinned at 5 times theory (17.49 kHz per 1e12 cm^-3) with everything else refit warm from the free minimum at this waist: dchi2 is against the free minimum, and the dchi2_beta columns of the grid row read every point against the lowest of the free and the fixed fits. the summary reads the profile these rows make and never a Hessian bar at a rail",DIAGNOSTIC
beta_profile,PT,session,False,mixed,1,0,,,66,,,,,,,,,190000,110000,0.89,86000,159,0.32,P:0.901 T:0.868,"P:WING-LAW(core +1, wing -19) T:WING-LAW(core -5, wing -14)",154,20,,,,0.20,,1.8,,,,,,,,0.0037,,0.000000000095,,,,,,,,,,,,,,,,,,,,70,,,20,,,,,,,-5.0,0.34,0.0016,0.93,0.93,0.24,True,40,,,0.9956,0.0188,,False,,False,,,,,,,,,,320,"beta_self pinned at 20 times theory (69.94 kHz per 1e12 cm^-3) with everything else refit warm from the free minimum at this waist: dchi2 is against the free minimum, and the dchi2_beta columns of the grid row read every point against the lowest of the free and the fixed fits. the summary reads the profile these rows make and never a Hessian bar at a rail",DIAGNOSTIC
grid,PT,session,False,mixed,1,0,,,68,,,,,,,,,76000,160,0.89,86000,159,0.053,P:0.902 T:0.868,"P:WING-LAW(core +1, wing -19) T:WING-LAW(core -5, wing -14)",175,0.612,0.034,,,1.7450,0.0090,1.593,0.030,,,,,,,0.118,0.067,0.5312,0.0035,,,,,,,,,,,,,,,,,,,2.14,0.12,-3.5,,37,15,1900,110000,2.2,2.4,-4.4,0.32,0.047,0.90,0.90,0.23,True,40,1.0100,1.0012,0.9956,0.0188,0.77,False,0.77,False,,,,,,,,,,330,"the whitened profile likelihood over 159 traces of sessions PT at this waist with beta_self, the laser widths (session), the Omega scale (prior 1 +- 0.2) refit from 2 starts, gamma_l free and shared, Delta_alpha pinned at -1131.8 a.u. and rho at 0.94, the density law Steck, the collection window on at z_ratio 0.231 (M2 1), depletion at 0 cycles through companion_transit_mhz (transit at 130 C 0.9012 to 0.9012 MHz). the _err_hessian bars are conditional, every other parameter pinned. the dchi2_beta columns are the beta profile, chi2 with beta pinned at 0, theory, 5x and 20x theory and everything else refit, above the free minimum. the power-arm check reads the model's width ratio across each session's ladder at the TIED Omega (scale 1) with everything else fitted: P against the archive's 0.9956 +- 0.0188, passes at pull +0.77, pooled over 1 sessions passes at pull +0.77. centres profiled per trace and re-profiled after each inner fit, outer passes [1, 1], last centre move 0.005 MHz",DIAGNOSTIC
beta_profile,PT,session,False,mixed,1,0,,,68,,,,,,,,,76000,37,0.89,86000,159,0.053,P:0.902 T:0.868,"P:WING-LAW(core +1, wing -19) T:WING-LAW(core -5, wing -14)",175,0,,,,1.8,,1.5,,,,,,,,0.12,,0.59,,,,,,,,,,,,,,,,,,,,0,,,0,,,,,,,-4.4,0.32,0.047,0.90,0.90,0.23,True,40,,,0.9956,0.0188,,False,,False,,,,,,,,,,330,"beta_self pinned at 0 times theory (0.00 kHz per 1e12 cm^-3) with everything else refit warm from the free minimum at this waist: dchi2 is against the free minimum, and the dchi2_beta columns of the grid row read every point against the lowest of the free and the fixed fits. the summary reads the profile these rows make and never a Hessian bar at a rail",DIAGNOSTIC
beta_profile,PT,session,False,mixed,1,0,,,68,,,,,,,,,76000,15,0.89,86000,159,0.053,P:0.902 T:0.868,"P:WING-LAW(core +1, wing -19) T:WING-LAW(core -5, wing -14)",175,1.0,,,,1.7,,1.7,,,,,,,,0.12,,0.49,,,,,,,,,,,,,,,,,,,,3.5,,,1.0,,,,,,,-4.4,0.32,0.049,0.90,0.90,0.23,True,40,,,0.9956,0.0188,,False,,False,,,,,,,,,,330,"beta_self pinned at 1 times theory (3.50 kHz per 1e12 cm^-3) with everything else refit warm from the free minimum at this waist: dchi2 is against the free minimum, and the dchi2_beta columns of the grid row read every point against the lowest of the free and the fixed fits. the summary reads the profile these rows make and never a Hessian bar at a rail",DIAGNOSTIC
beta_profile,PT,session,False,mixed,1,0,,,68,,,,,,,,,78000,1900,0.89,86000,159,0.053,P:0.902 T:0.868,"P:WING-LAW(core +1, wing -19) T:WING-LAW(core -5, wing -14)",175,5.0,,,,1.7,,2.2,,,,,,,,0.13,,0.11,,,,,,,,,,,,,,,,,,,,17,,,5.0,,,,,,,-4.4,0.32,0.051,0.90,0.90,0.23,True,40,,,0.9956,0.0188,,False,,False,,,,,,,,,,330,"beta_self pinned at 5 times theory (17.49 kHz per 1e12 cm^-3) with everything else refit warm from the free minimum at this waist: dchi2 is against the free minimum, and the dchi2_beta columns of the grid row read every point against the lowest of the free and the fixed fits. the summary reads the profile these rows make and never a Hessian bar at a rail",DIAGNOSTIC
beta_profile,PT,session,False,mixed,1,0,,,68,,,,,,,,,180000,110000,0.89,86000,159,0.053,P:0.902 T:0.868,"P:WING-LAW(core +1, wing -19) T:WING-LAW(core -5, wing -14)",175,20,,,,0.20,,1.8,,,,,,,,0.0073,,0.00000011,,,,,,,,,,,,,,,,,,,,70,,,20,,,,,,,-5.0,0.32,0.0029,0.90,0.90,0.23,True,40,,,0.9956,0.0188,,False,,False,,,,,,,,,,330,"beta_self pinned at 20 times theory (69.94 kHz per 1e12 cm^-3) with everything else refit warm from the free minimum at this waist: dchi2 is against the free minimum, and the dchi2_beta columns of the grid row read every point against the lowest of the free and the fixed fits. the summary reads the profile these rows make and never a Hessian bar at a rail",DIAGNOSTIC
grid,PT,session,False,mixed,1,0,,,70,,,,,,,,,76000,180,0.89,86000,159,0.16,P:0.902 T:0.868,"P:WING-LAW(core +1, wing -19) T:WING-LAW(core -5, wing -14)",168,0.620,0.034,,,1.7924,0.0087,1.641,0.029,,,,,,,0.135,0.070,0.5377,0.0035,,,,,,,,,,,,,,,,,,,2.17,0.12,-3.4,,38,15,1900,110000,2.3,2.4,-4.3,0.30,0.051,0.88,0.88,0.22,True,40,1.0089,1.0011,0.9956,0.0188,0.71,False,0.71,False,,,,,,,,,,310,"the whitened profile likelihood over 159 traces of sessions PT at this waist with beta_self, the laser widths (session), the Omega scale (prior 1 +- 0.2) refit from 2 starts, gamma_l free and shared, Delta_alpha pinned at -1131.8 a.u. and rho at 0.94, the density law Steck, the collection window on at z_ratio 0.218 (M2 1), depletion at 0 cycles through companion_transit_mhz (transit at 130 C 0.8754 to 0.8754 MHz). the _err_hessian bars are conditional, every other parameter pinned. the dchi2_beta columns are the beta profile, chi2 with beta pinned at 0, theory, 5x and 20x theory and everything else refit, above the free minimum. the power-arm check reads the model's width ratio across each session's ladder at the TIED Omega (scale 1) with everything else fitted: P against the archive's 0.9956 +- 0.0188, passes at pull +0.71, pooled over 1 sessions passes at pull +0.71. centres profiled per trace and re-profiled after each inner fit, outer passes [1, 1], last centre move 0.005 MHz",DIAGNOSTIC
beta_profile,PT,session,False,mixed,1,0,,,70,,,,,,,,,76000,38,0.89,86000,159,0.16,P:0.902 T:0.868,"P:WING-LAW(core +1, wing -19) T:WING-LAW(core -5, wing -14)",168,0,,,,1.8,,1.5,,,,,,,,0.14,,0.60,,,,,,,,,,,,,,,,,,,,0,,,0,,,,,,,-4.3,0.30,0.052,0.88,0.88,0.22,True,40,,,0.9956,0.0188,,False,,False,,,,,,,,,,310,"beta_self pinned at 0 times theory (0.00 kHz per 1e12 cm^-3) with everything else refit warm from the free minimum at this waist: dchi2 is against the free minimum, and the dchi2_beta columns of the grid row read every point against the lowest of the free and the fixed fits. the summary reads the profile these rows make and never a Hessian bar at a rail",DIAGNOSTIC
beta_profile,PT,session,False,mixed,1,0,,,70,,,,,,,,,76000,15,0.89,86000,159,0.16,P:0.902 T:0.868,"P:WING-LAW(core +1, wing -19) T:WING-LAW(core -5, wing -14)",168,1.0,,,,1.8,,1.7,,,,,,,,0.13,,0.50,,,,,,,,,,,,,,,,,,,,3.5,,,1.0,,,,,,,-4.3,0.30,0.050,0.88,0.88,0.22,True,40,,,0.9956,0.0188,,False,,False,,,,,,,,,,310,"beta_self pinned at 1 times theory (3.50 kHz per 1e12 cm^-3) with everything else refit warm from the free minimum at this waist: dchi2 is against the free minimum, and the dchi2_beta columns of the grid row read every point against the lowest of the free and the fixed fits. the summary reads the profile these rows make and never a Hessian bar at a rail",DIAGNOSTIC
beta_profile,PT,session,False,mixed,1,0,,,70,,,,,,,,,78000,1900,0.89,86000,159,0.16,P:0.902 T:0.868,"P:WING-LAW(core +1, wing -19) T:WING-LAW(core -5, wing -14)",168,5.0,,,,1.7,,2.2,,,,,,,,0.14,,0.12,,,,,,,,,,,,,,,,,,,,17,,,5.0,,,,,,,-4.3,0.30,0.053,0.88,0.88,0.22,True,40,,,0.9956,0.0188,,False,,False,,,,,,,,,,310,"beta_self pinned at 5 times theory (17.49 kHz per 1e12 cm^-3) with everything else refit warm from the free minimum at this waist: dchi2 is against the free minimum, and the dchi2_beta columns of the grid row read every point against the lowest of the free and the fixed fits. the summary reads the profile these rows make and never a Hessian bar at a rail",DIAGNOSTIC
beta_profile,PT,session,False,mixed,1,0,,,70,,,,,,,,,180000,110000,0.89,86000,159,0.16,P:0.902 T:0.868,"P:WING-LAW(core +1, wing -19) T:WING-LAW(core -5, wing -14)",168,20,,,,0.20,,1.9,,,,,,,,0.0080,,0.000000000085,,,,,,,,,,,,,,,,,,,,70,,,20,,,,,,,-5.0,0.30,0.0030,0.88,0.88,0.22,True,40,,,0.9956,0.0188,,False,,False,,,,,,,,,,310,"beta_self pinned at 20 times theory (69.94 kHz per 1e12 cm^-3) with everything else refit warm from the free minimum at this waist: dchi2 is against the free minimum, and the dchi2_beta columns of the grid row read every point against the lowest of the free and the fixed fits. the summary reads the profile these rows make and never a Hessian bar at a rail",DIAGNOSTIC
grid,PT,session,False,mixed,1,0,,,72,,,,,,,,,76000,210,0.89,86000,159,0.00021,P:0.903 T:0.867,"P:WING-LAW(core +1, wing -19) T:WING-LAW(core -5, wing -14)",196,0.617,0.034,,,1.8361,0.0085,1.684,0.029,,,,,,,0.145,0.074,0.5444,0.0035,,,,,,,,,,,,,,,,,,,2.16,0.12,-3.4,,38,15,1900,100000,2.2,2.4,-4.3,0.28,0.052,0.85,0.85,0.21,True,40,1.0080,1.0011,0.9956,0.0188,0.66,False,0.66,False,,,,,,,,,,350,"the whitened profile likelihood over 159 traces of sessions PT at this waist with beta_self, the laser widths (session), the Omega scale (prior 1 +- 0.2) refit from 2 starts, gamma_l free and shared, Delta_alpha pinned at -1131.8 a.u. and rho at 0.94, the density law Steck, the collection window on at z_ratio 0.206 (M2 1), depletion at 0 cycles through companion_transit_mhz (transit at 130 C 0.8511 to 0.8511 MHz). the _err_hessian bars are conditional, every other parameter pinned. the dchi2_beta columns are the beta profile, chi2 with beta pinned at 0, theory, 5x and 20x theory and everything else refit, above the free minimum. the power-arm check reads the model's width ratio across each session's ladder at the TIED Omega (scale 1) with everything else fitted: P against the archive's 0.9956 +- 0.0188, passes at pull +0.66, pooled over 1 sessions passes at pull +0.66. centres profiled per trace and re-profiled after each inner fit, outer passes [1, 1], last centre move 0.012 MHz",DIAGNOSTIC
beta_profile,PT,session,False,mixed,1,0,,,72,,,,,,,,,76000,38,0.89,86000,159,0.00021,P:0.903 T:0.867,"P:WING-LAW(core +1, wing -19) T:WING-LAW(core -5, wing -14)",196,0,,,,1.8,,1.6,,,,,,,,0.15,,0.60,,,,,,,,,,,,,,,,,,,,0,,,0,,,,,,,-4.3,0.28,0.052,0.85,0.85,0.21,True,40,,,0.9956,0.0188,,False,,False,,,,,,,,,,350,"beta_self pinned at 0 times theory (0.00 kHz per 1e12 cm^-3) with everything else refit warm from the free minimum at this waist: dchi2 is against the free minimum, and the dchi2_beta columns of the grid row read every point against the lowest of the free and the fixed fits. the summary reads the profile these rows make and never a Hessian bar at a rail",DIAGNOSTIC
beta_profile,PT,session,False,mixed,1,0,,,72,,,,,,,,,76000,15,0.89,86000,159,0.00021,P:0.903 T:0.867,"P:WING-LAW(core +1, wing -19) T:WING-LAW(core -5, wing -14)",196,1.0,,,,1.8,,1.7,,,,,,,,0.15,,0.51,,,,,,,,,,,,,,,,,,,,3.5,,,1.0,,,,,,,-4.3,0.28,0.053,0.85,0.85,0.21,True,40,,,0.9956,0.0188,,False,,False,,,,,,,,,,350,"beta_self pinned at 1 times theory (3.50 kHz per 1e12 cm^-3) with everything else refit warm from the free minimum at this waist: dchi2 is against the free minimum, and the dchi2_beta columns of the grid row read every point against the lowest of the free and the fixed fits. the summary reads the profile these rows make and never a Hessian bar at a rail",DIAGNOSTIC
beta_profile,PT,session,False,mixed,1,0,,,72,,,,,,,,,78000,1900,0.89,86000,159,0.00021,P:0.903 T:0.867,"P:WING-LAW(core +1, wing -19) T:WING-LAW(core -5, wing -14)",196,5.0,,,,1.8,,2.3,,,,,,,,0.15,,0.13,,,,,,,,,,,,,,,,,,,,17,,,5.0,,,,,,,-4.2,0.28,0.055,0.85,0.85,0.21,True,40,,,0.9956,0.0188,,False,,False,,,,,,,,,,350,"beta_self pinned at 5 times theory (17.49 kHz per 1e12 cm^-3) with everything else refit warm from the free minimum at this waist: dchi2 is against the free minimum, and the dchi2_beta columns of the grid row read every point against the lowest of the free and the fixed fits. the summary reads the profile these rows make and never a Hessian bar at a rail",DIAGNOSTIC
beta_profile,PT,session,False,mixed,1,0,,,72,,,,,,,,,180000,100000,0.89,86000,159,0.00021,P:0.903 T:0.867,"P:WING-LAW(core +1, wing -19) T:WING-LAW(core -5, wing -14)",196,20,,,,0.20,,1.9,,,,,,,,0.011,,0.0000000000025,,,,,,,,,,,,,,,,,,,,70,,,20,,,,,,,-4.9,0.28,0.0040,0.85,0.85,0.21,True,40,,,0.9956,0.0188,,False,,False,,,,,,,,,,350,"beta_self pinned at 20 times theory (69.94 kHz per 1e12 cm^-3) with everything else refit warm from the free minimum at this waist: dchi2 is against the free minimum, and the dchi2_beta columns of the grid row read every point against the lowest of the free and the fixed fits. the summary reads the profile these rows make and never a Hessian bar at a rail",DIAGNOSTIC
grid,PT,session,False,mixed,1,0,,,74,,,,,,,,,76000,230,0.89,86000,159,0.031,P:0.903 T:0.867,"P:WING-LAW(core +2, wing -19) T:WING-LAW(core -5, wing -14)",168,0.620,0.034,,,1.8762,0.0084,1.725,0.028,,,,,,,0.167,0.077,0.5497,0.0035,,,,,,,,,,,,,,,,,,,2.17,0.12,-3.4,,38,15,1900,100000,2.3,2.4,-4.2,0.27,0.056,0.83,0.83,0.19,True,40,1.0071,1.0010,0.9956,0.0188,0.62,False,0.62,False,,,,,,,,,,310,"the whitened profile likelihood over 159 traces of sessions PT at this waist with beta_self, the laser widths (session), the Omega scale (prior 1 +- 0.2) refit from 2 starts, gamma_l free and shared, Delta_alpha pinned at -1131.8 a.u. and rho at 0.94, the density law Steck, the collection window on at z_ratio 0.195 (M2 1), depletion at 0 cycles through companion_transit_mhz (transit at 130 C 0.8281 to 0.8281 MHz). the _err_hessian bars are conditional, every other parameter pinned. the dchi2_beta columns are the beta profile, chi2 with beta pinned at 0, theory, 5x and 20x theory and everything else refit, above the free minimum. the power-arm check reads the model's width ratio across each session's ladder at the TIED Omega (scale 1) with everything else fitted: P against the archive's 0.9956 +- 0.0188, passes at pull +0.62, pooled over 1 sessions passes at pull +0.62. centres profiled per trace and re-profiled after each inner fit, outer passes [1, 1], last centre move 0.007 MHz",DIAGNOSTIC
beta_profile,PT,session,False,mixed,1,0,,,74,,,,,,,,,76000,38,0.89,86000,159,0.031,P:0.903 T:0.867,"P:WING-LAW(core +2, wing -19) T:WING-LAW(core -5, wing -14)",168,0,,,,1.9,,1.6,,,,,,,,0.16,,0.61,,,,,,,,,,,,,,,,,,,,0,,,0,,,,,,,-4.2,0.27,0.053,0.83,0.83,0.19,True,40,,,0.9956,0.0188,,False,,False,,,,,,,,,,310,"beta_self pinned at 0 times theory (0.00 kHz per 1e12 cm^-3) with everything else refit warm from the free minimum at this waist: dchi2 is against the free minimum, and the dchi2_beta columns of the grid row read every point against the lowest of the free and the fixed fits. the summary reads the profile these rows make and never a Hessian bar at a rail",DIAGNOSTIC
beta_profile,PT,session,False,mixed,1,0,,,74,,,,,,,,,76000,15,0.89,86000,159,0.031,P:0.903 T:0.867,"P:WING-LAW(core +2, wing -19) T:WING-LAW(core -5, wing -14)",168,1.0,,,,1.9,,1.8,,,,,,,,0.16,,0.51,,,,,,,,,,,,,,,,,,,,3.5,,,1.0,,,,,,,-4.2,0.27,0.054,0.83,0.83,0.19,True,40,,,0.9956,0.0188,,False,,False,,,,,,,,,,310,"beta_self pinned at 1 times theory (3.50 kHz per 1e12 cm^-3) with everything else refit warm from the free minimum at this waist: dchi2 is against the free minimum, and the dchi2_beta columns of the grid row read every point against the lowest of the free and the fixed fits. the summary reads the profile these rows make and never a Hessian bar at a rail",DIAGNOSTIC
beta_profile,PT,session,False,mixed,1,0,,,74,,,,,,,,,78000,1900,0.89,86000,159,0.031,P:0.903 T:0.867,"P:WING-LAW(core +2, wing -19) T:WING-LAW(core -5, wing -14)",168,5.0,,,,1.8,,2.3,,,,,,,,0.17,,0.13,,,,,,,,,,,,,,,,,,,,17,,,5.0,,,,,,,-4.1,0.27,0.058,0.83,0.83,0.19,True,40,,,0.9956,0.0188,,False,,False,,,,,,,,,,310,"beta_self pinned at 5 times theory (17.49 kHz per 1e12 cm^-3) with everything else refit warm from the free minimum at this waist: dchi2 is against the free minimum, and the dchi2_beta columns of the grid row read every point against the lowest of the free and the fixed fits. the summary reads the profile these rows make and never a Hessian bar at a rail",DIAGNOSTIC
beta_profile,PT,session,False,mixed,1,0,,,74,,,,,,,,,180000,100000,0.89,86000,159,0.031,P:0.903 T:0.867,"P:WING-LAW(core +2, wing -19) T:WING-LAW(core -5, wing -14)",168,20,,,,0.20,,2.0,,,,,,,,0.00026,,0.0000000000043,,,,,,,,,,,,,,,,,,,,70,,,20,,,,,,,-5.0,0.27,0.000087,0.83,0.83,0.19,True,40,,,0.9956,0.0188,,False,,False,,,,,,,,,,310,"beta_self pinned at 20 times theory (69.94 kHz per 1e12 cm^-3) with everything else refit warm from the free minimum at this waist: dchi2 is against the free minimum, and the dchi2_beta columns of the grid row read every point against the lowest of the free and the fixed fits. the summary reads the profile these rows make and never a Hessian bar at a rail",DIAGNOSTIC
grid,PT,session,False,mixed,1,0,,,76,,,,,,,,,76000,240,0.89,86000,159,0.055,P:0.903 T:0.867,"P:WING-LAW(core +2, wing -19) T:WING-LAW(core -5, wing -14)",147,0.618,0.034,,,1.9135,0.0082,1.761,0.027,,,,,,,0.179,0.081,0.5549,0.0035,,,,,,,,,,,,,,,,,,,2.16,0.12,-3.4,,38,15,1900,99000,2.3,2.4,-4.1,0.26,0.057,0.81,0.81,0.18,True,40,1.0064,1.0009,0.9956,0.0188,0.58,False,0.58,False,,,,,,,,,,290,"the whitened profile likelihood over 159 traces of sessions PT at this waist with beta_self, the laser widths (session), the Omega scale (prior 1 +- 0.2) refit from 2 starts, gamma_l free and shared, Delta_alpha pinned at -1131.8 a.u. and rho at 0.94, the density law Steck, the collection window on at z_ratio 0.185 (M2 1), depletion at 0 cycles through companion_transit_mhz (transit at 130 C 0.8063 to 0.8063 MHz). the _err_hessian bars are conditional, every other parameter pinned. the dchi2_beta columns are the beta profile, chi2 with beta pinned at 0, theory, 5x and 20x theory and everything else refit, above the free minimum. the power-arm check reads the model's width ratio across each session's ladder at the TIED Omega (scale 1) with everything else fitted: P against the archive's 0.9956 +- 0.0188, passes at pull +0.58, pooled over 1 sessions passes at pull +0.58. centres profiled per trace and re-profiled after each inner fit, outer passes [1, 1], last centre move 0.013 MHz",DIAGNOSTIC
beta_profile,PT,session,False,mixed,1,0,,,76,,,,,,,,,76000,38,0.89,86000,159,0.055,P:0.903 T:0.867,"P:WING-LAW(core +2, wing -19) T:WING-LAW(core -5, wing -14)",147,0,,,,1.9,,1.7,,,,,,,,0.17,,0.61,,,,,,,,,,,,,,,,,,,,0,,,0,,,,,,,-4.1,0.26,0.056,0.81,0.81,0.18,True,40,,,0.9956,0.0188,,False,,False,,,,,,,,,,290,"beta_self pinned at 0 times theory (0.00 kHz per 1e12 cm^-3) with everything else refit warm from the free minimum at this waist: dchi2 is against the free minimum, and the dchi2_beta columns of the grid row read every point against the lowest of the free and the fixed fits. the summary reads the profile these rows make and never a Hessian bar at a rail",DIAGNOSTIC
beta_profile,PT,session,False,mixed,1,0,,,76,,,,,,,,,76000,15,0.89,86000,159,0.055,P:0.903 T:0.867,"P:WING-LAW(core +2, wing -19) T:WING-LAW(core -5, wing -14)",147,1.0,,,,1.9,,1.8,,,,,,,,0.18,,0.52,,,,,,,,,,,,,,,,,,,,3.5,,,1.0,,,,,,,-4.1,0.26,0.057,0.81,0.81,0.18,True,40,,,0.9956,0.0188,,False,,False,,,,,,,,,,290,"beta_self pinned at 1 times theory (3.50 kHz per 1e12 cm^-3) with everything else refit warm from the free minimum at this waist: dchi2 is against the free minimum, and the dchi2_beta columns of the grid row read every point against the lowest of the free and the fixed fits. the summary reads the profile these rows make and never a Hessian bar at a rail",DIAGNOSTIC
beta_profile,PT,session,False,mixed,1,0,,,76,,,,,,,,,78000,1900,0.89,86000,159,0.055,P:0.903 T:0.867,"P:WING-LAW(core +2, wing -19) T:WING-LAW(core -5, wing -14)",147,5.0,,,,1.8,,2.3,,,,,,,,0.18,,0.14,,,,,,,,,,,,,,,,,,,,17,,,5.0,,,,,,,-4.1,0.26,0.057,0.81,0.81,0.18,True,40,,,0.9956,0.0188,,False,,False,,,,,,,,,,290,"beta_self pinned at 5 times theory (17.49 kHz per 1e12 cm^-3) with everything else refit warm from the free minimum at this waist: dchi2 is against the free minimum, and the dchi2_beta columns of the grid row read every point against the lowest of the free and the fixed fits. the summary reads the profile these rows make and never a Hessian bar at a rail",DIAGNOSTIC
beta_profile,PT,session,False,mixed,1,0,,,76,,,,,,,,,180000,99000,0.89,86000,159,0.055,P:0.903 T:0.867,"P:WING-LAW(core +2, wing -19) T:WING-LAW(core -5, wing -14)",147,20,,,,0.20,,2.0,,,,,,,,0.0090,,0.000000000075,,,,,,,,,,,,,,,,,,,,70,,,20,,,,,,,-5.0,0.26,0.0029,0.81,0.81,0.18,True,40,,,0.9956,0.0188,,False,,False,,,,,,,,,,290,"beta_self pinned at 20 times theory (69.94 kHz per 1e12 cm^-3) with everything else refit warm from the free minimum at this waist: dchi2 is against the free minimum, and the dchi2_beta columns of the grid row read every point against the lowest of the free and the fixed fits. the summary reads the profile these rows make and never a Hessian bar at a rail",DIAGNOSTIC
grid,PT,session,False,mixed,1,0,,,78,,,,,,,,,76000,260,0.89,86000,159,0.028,P:0.904 T:0.867,"P:WING-LAW(core +2, wing -19) T:WING-LAW(core -5, wing -14)",154,0.619,0.034,,,1.9480,0.0081,1.796,0.027,,,,,,,0.181,0.084,0.5593,0.0035,,,,,,,,,,,,,,,,,,,2.17,0.12,-3.4,,38,14,1900,97000,2.3,2.4,-4.1,0.24,0.055,0.79,0.79,0.18,True,40,1.0057,1.0008,0.9956,0.0188,0.54,False,0.54,False,,,,,,,,,,340,"the whitened profile likelihood over 159 traces of sessions PT at this waist with beta_self, the laser widths (session), the Omega scale (prior 1 +- 0.2) refit from 2 starts, gamma_l free and shared, Delta_alpha pinned at -1131.8 a.u. and rho at 0.94, the density law Steck, the collection window on at z_ratio 0.175 (M2 1), depletion at 0 cycles through companion_transit_mhz (transit at 130 C 0.7856 to 0.7856 MHz). the _err_hessian bars are conditional, every other parameter pinned. the dchi2_beta columns are the beta profile, chi2 with beta pinned at 0, theory, 5x and 20x theory and everything else refit, above the free minimum. the power-arm check reads the model's width ratio across each session's ladder at the TIED Omega (scale 1) with everything else fitted: P against the archive's 0.9956 +- 0.0188, passes at pull +0.54, pooled over 1 sessions passes at pull +0.54. centres profiled per trace and re-profiled after each inner fit, outer passes [1, 1], last centre move 0.013 MHz",DIAGNOSTIC
beta_profile,PT,session,False,mixed,1,0,,,78,,,,,,,,,76000,38,0.89,86000,159,0.028,P:0.904 T:0.867,"P:WING-LAW(core +2, wing -19) T:WING-LAW(core -5, wing -14)",154,0,,,,2.0,,1.7,,,,,,,,0.19,,0.62,,,,,,,,,,,,,,,,,,,,0,,,0,,,,,,,-4.1,0.24,0.057,0.79,0.79,0.18,True,40,,,0.9956,0.0188,,False,,False,,,,,,,,,,340,"beta_self pinned at 0 times theory (0.00 kHz per 1e12 cm^-3) with everything else refit warm from the free minimum at this waist: dchi2 is against the free minimum, and the dchi2_beta columns of the grid row read every point against the lowest of the free and the fixed fits. the summary reads the profile these rows make and never a Hessian bar at a rail",DIAGNOSTIC
beta_profile,PT,session,False,mixed,1,0,,,78,,,,,,,,,76000,14,0.89,86000,159,0.028,P:0.904 T:0.867,"P:WING-LAW(core +2, wing -19) T:WING-LAW(core -5, wing -14)",154,1.0,,,,1.9,,1.9,,,,,,,,0.19,,0.52,,,,,,,,,,,,,,,,,,,,3.5,,,1.0,,,,,,,-4.0,0.24,0.058,0.79,0.79,0.18,True,40,,,0.9956,0.0188,,False,,False,,,,,,,,,,340,"beta_self pinned at 1 times theory (3.50 kHz per 1e12 cm^-3) with everything else refit warm from the free minimum at this waist: dchi2 is against the free minimum, and the dchi2_beta columns of the grid row read every point against the lowest of the free and the fixed fits. the summary reads the profile these rows make and never a Hessian bar at a rail",DIAGNOSTIC
beta_profile,PT,session,False,mixed,1,0,,,78,,,,,,,,,78000,1900,0.89,86000,159,0.028,P:0.904 T:0.867,"P:WING-LAW(core +2, wing -19) T:WING-LAW(core -5, wing -14)",154,5.0,,,,1.9,,2.4,,,,,,,,0.21,,0.14,,,,,,,,,,,,,,,,,,,,17,,,5.0,,,,,,,-4.0,0.24,0.063,0.79,0.79,0.18,True,40,,,0.9956,0.0188,,False,,False,,,,,,,,,,340,"beta_self pinned at 5 times theory (17.49 kHz per 1e12 cm^-3) with everything else refit warm from the free minimum at this waist: dchi2 is against the free minimum, and the dchi2_beta columns of the grid row read every point against the lowest of the free and the fixed fits. the summary reads the profile these rows make and never a Hessian bar at a rail",DIAGNOSTIC
beta_profile,PT,session,False,mixed,1,0,,,78,,,,,,,,,170000,97000,0.89,86000,159,0.028,P:0.904 T:0.867,"P:WING-LAW(core +2, wing -19) T:WING-LAW(core -5, wing -14)",154,20,,,,0.20,,2.1,,,,,,,,0.0090,,0.0000000000033,,,,,,,,,,,,,,,,,,,,70,,,20,,,,,,,-5.0,0.24,0.0027,0.79,0.79,0.18,True,40,,,0.9956,0.0188,,False,,False,,,,,,,,,,340,"beta_self pinned at 20 times theory (69.94 kHz per 1e12 cm^-3) with everything else refit warm from the free minimum at this waist: dchi2 is against the free minimum, and the dchi2_beta columns of the grid row read every point against the lowest of the free and the fixed fits. the summary reads the profile these rows make and never a Hessian bar at a rail",DIAGNOSTIC
grid,PT,session,False,mixed,1,0,,,80,,,,,,,,,76000,280,0.89,86000,159,0.016,P:0.904 T:0.867,"P:WING-LAW(core +2, wing -19) T:WING-LAW(core -5, wing -14)",161,0.627,0.034,,,1.9800,0.0079,1.829,0.026,,,,,,,0.209,0.088,0.5624,0.0035,,,,,,,,,,,,,,,,,,,2.19,0.12,-3.3,,38,14,1900,96000,2.3,2.4,-4.0,0.23,0.060,0.77,0.77,0.17,True,40,1.0051,1.0007,0.9956,0.0188,0.51,False,0.51,False,,,,,,,,,,330,"the whitened profile likelihood over 159 traces of sessions PT at this waist with beta_self, the laser widths (session), the Omega scale (prior 1 +- 0.2) refit from 2 starts, gamma_l free and shared, Delta_alpha pinned at -1131.8 a.u. and rho at 0.94, the density law Steck, the collection window on at z_ratio 0.167 (M2 1), depletion at 0 cycles through companion_transit_mhz (transit at 130 C 0.7660 to 0.7660 MHz). the _err_hessian bars are conditional, every other parameter pinned. the dchi2_beta columns are the beta profile, chi2 with beta pinned at 0, theory, 5x and 20x theory and everything else refit, above the free minimum. the power-arm check reads the model's width ratio across each session's ladder at the TIED Omega (scale 1) with everything else fitted: P against the archive's 0.9956 +- 0.0188, passes at pull +0.51, pooled over 1 sessions passes at pull +0.51. centres profiled per trace and re-profiled after each inner fit, outer passes [1, 1], last centre move 0.015 MHz",DIAGNOSTIC
beta_profile,PT,session,False,mixed,1,0,,,80,,,,,,,,,76000,38,0.89,86000,159,0.016,P:0.904 T:0.867,"P:WING-LAW(core +2, wing -19) T:WING-LAW(core -5, wing -14)",161,0,,,,2.0,,1.7,,,,,,,,0.21,,0.62,,,,,,,,,,,,,,,,,,,,0,,,0,,,,,,,-4.0,0.23,0.059,0.77,0.77,0.17,True,40,,,0.9956,0.0188,,False,,False,,,,,,,,,,330,"beta_self pinned at 0 times theory (0.00 kHz per 1e12 cm^-3) with everything else refit warm from the free minimum at this waist: dchi2 is against the free minimum, and the dchi2_beta columns of the grid row read every point against the lowest of the free and the fixed fits. the summary reads the profile these rows make and never a Hessian bar at a rail",DIAGNOSTIC
beta_profile,PT,session,False,mixed,1,0,,,80,,,,,,,,,76000,14,0.89,86000,159,0.016,P:0.904 T:0.867,"P:WING-LAW(core +2, wing -19) T:WING-LAW(core -5, wing -14)",161,1.0,,,,2.0,,1.9,,,,,,,,0.21,,0.53,,,,,,,,,,,,,,,,,,,,3.5,,,1.0,,,,,,,-3.9,0.23,0.061,0.77,0.77,0.17,True,40,,,0.9956,0.0188,,False,,False,,,,,,,,,,330,"beta_self pinned at 1 times theory (3.50 kHz per 1e12 cm^-3) with everything else refit warm from the free minimum at this waist: dchi2 is against the free minimum, and the dchi2_beta columns of the grid row read every point against the lowest of the free and the fixed fits. the summary reads the profile these rows make and never a Hessian bar at a rail",DIAGNOSTIC
beta_profile,PT,session,False,mixed,1,0,,,80,,,,,,,,,78000,1900,0.89,86000,159,0.016,P:0.904 T:0.867,"P:WING-LAW(core +2, wing -19) T:WING-LAW(core -5, wing -14)",161,5.0,,,,1.9,,2.4,,,,,,,,0.21,,0.15,,,,,,,,,,,,,,,,,,,,17,,,5.0,,,,,,,-3.9,0.23,0.061,0.77,0.77,0.17,True,40,,,0.9956,0.0188,,False,,False,,,,,,,,,,330,"beta_self pinned at 5 times theory (17.49 kHz per 1e12 cm^-3) with everything else refit warm from the free minimum at this waist: dchi2 is against the free minimum, and the dchi2_beta columns of the grid row read every point against the lowest of the free and the fixed fits. the summary reads the profile these rows make and never a Hessian bar at a rail",DIAGNOSTIC
beta_profile,PT,session,False,mixed,1,0,,,80,,,,,,,,,170000,96000,0.89,86000,159,0.016,P:0.904 T:0.867,"P:WING-LAW(core +2, wing -19) T:WING-LAW(core -5, wing -14)",161,20,,,,0.20,,2.1,,,,,,,,0.0086,,0.0000000000039,,,,,,,,,,,,,,,,,,,,70,,,20,,,,,,,-5.0,0.23,0.0025,0.77,0.77,0.17,True,40,,,0.9956,0.0188,,False,,False,,,,,,,,,,330,"beta_self pinned at 20 times theory (69.94 kHz per 1e12 cm^-3) with everything else refit warm from the free minimum at this waist: dchi2 is against the free minimum, and the dchi2_beta columns of the grid row read every point against the lowest of the free and the fixed fits. the summary reads the profile these rows make and never a Hessian bar at a rail",DIAGNOSTIC
grid,PT,session,False,mixed,1,0,,,82,,,,,,,,,76000,290,0.89,86000,159,0.0035,P:0.904 T:0.867,"P:WING-LAW(core +2, wing -19) T:WING-LAW(core -5, wing -14)",133,0.622,0.034,,,2.0098,0.0078,1.858,0.026,,,,,,,0.223,0.091,0.5663,0.0035,,,,,,,,,,,,,,,,,,,2.18,0.12,-3.4,,38,14,1900,94000,2.3,2.4,-3.9,0.22,0.061,0.75,0.75,0.16,True,40,1.0046,1.0007,0.9956,0.0188,0.48,False,0.48,False,,,,,,,,,,320,"the whitened profile likelihood over 159 traces of sessions PT at this waist with beta_self, the laser widths (session), the Omega scale (prior 1 +- 0.2) refit from 2 starts, gamma_l free and shared, Delta_alpha pinned at -1131.8 a.u. and rho at 0.94, the density law Steck, the collection window on at z_ratio 0.159 (M2 1), depletion at 0 cycles through companion_transit_mhz (transit at 130 C 0.7473 to 0.7473 MHz). the _err_hessian bars are conditional, every other parameter pinned. the dchi2_beta columns are the beta profile, chi2 with beta pinned at 0, theory, 5x and 20x theory and everything else refit, above the free minimum. the power-arm check reads the model's width ratio across each session's ladder at the TIED Omega (scale 1) with everything else fitted: P against the archive's 0.9956 +- 0.0188, passes at pull +0.48, pooled over 1 sessions passes at pull +0.48. centres profiled per trace and re-profiled after each inner fit, outer passes [1, 1], last centre move 0.008 MHz",DIAGNOSTIC
beta_profile,PT,session,False,mixed,1,0,,,82,,,,,,,,,76000,38,0.89,86000,159,0.0035,P:0.904 T:0.867,"P:WING-LAW(core +2, wing -19) T:WING-LAW(core -5, wing -14)",133,0,,,,2.0,,1.8,,,,,,,,0.22,,0.63,,,,,,,,,,,,,,,,,,,,0,,,0,,,,,,,-3.9,0.22,0.060,0.75,0.75,0.16,True,40,,,0.9956,0.0188,,False,,False,,,,,,,,,,320,"beta_self pinned at 0 times theory (0.00 kHz per 1e12 cm^-3) with everything else refit warm from the free minimum at this waist: dchi2 is against the free minimum, and the dchi2_beta columns of the grid row read every point against the lowest of the free and the fixed fits. the summary reads the profile these rows make and never a Hessian bar at a rail",DIAGNOSTIC
beta_profile,PT,session,False,mixed,1,0,,,82,,,,,,,,,76000,14,0.89,86000,159,0.0035,P:0.904 T:0.867,"P:WING-LAW(core +2, wing -19) T:WING-LAW(core -5, wing -14)",133,1.0,,,,2.0,,1.9,,,,,,,,0.23,,0.53,,,,,,,,,,,,,,,,,,,,3.5,,,1.0,,,,,,,-3.8,0.22,0.063,0.75,0.75,0.16,True,40,,,0.9956,0.0188,,False,,False,,,,,,,,,,320,"beta_self pinned at 1 times theory (3.50 kHz per 1e12 cm^-3) with everything else refit warm from the free minimum at this waist: dchi2 is against the free minimum, and the dchi2_beta columns of the grid row read every point against the lowest of the free and the fixed fits. the summary reads the profile these rows make and never a Hessian bar at a rail",DIAGNOSTIC
beta_profile,PT,session,False,mixed,1,0,,,82,,,,,,,,,78000,1900,0.89,86000,159,0.0035,P:0.904 T:0.867,"P:WING-LAW(core +2, wing -19) T:WING-LAW(core -5, wing -14)",133,5.0,,,,1.9,,2.4,,,,,,,,0.24,,0.15,,,,,,,,,,,,,,,,,,,,17,,,5.0,,,,,,,-3.8,0.22,0.065,0.75,0.75,0.16,True,40,,,0.9956,0.0188,,False,,False,,,,,,,,,,320,"beta_self pinned at 5 times theory (17.49 kHz per 1e12 cm^-3) with everything else refit warm from the free minimum at this waist: dchi2 is against the free minimum, and the dchi2_beta columns of the grid row read every point against the lowest of the free and the fixed fits. the summary reads the profile these rows make and never a Hessian bar at a rail",DIAGNOSTIC
beta_profile,PT,session,False,mixed,1,0,,,82,,,,,,,,,170000,94000,0.89,86000,159,0.0035,P:0.904 T:0.867,"P:WING-LAW(core +2, wing -19) T:WING-LAW(core -5, wing -14)",133,20,,,,0.20,,2.1,,,,,,,,0.0093,,0.00000000000047,,,,,,,,,,,,,,,,,,,,70,,,20,,,,,,,-5.0,0.22,0.0025,0.75,0.75,0.16,True,40,,,0.9956,0.0188,,False,,False,,,,,,,,,,320,"beta_self pinned at 20 times theory (69.94 kHz per 1e12 cm^-3) with everything else refit warm from the free minimum at this waist: dchi2 is against the free minimum, and the dchi2_beta columns of the grid row read every point against the lowest of the free and the fixed fits. the summary reads the profile these rows make and never a Hessian bar at a rail",DIAGNOSTIC
grid,PT,session,False,mixed,1,0,,,84,,,,,,,,,76000,310,0.89,86000,159,0.019,P:0.905 T:0.867,"P:WING-LAW(core +2, wing -19) T:WING-LAW(core -5, wing -14)",147,0.632,0.034,,,2.0372,0.0077,1.887,0.026,,,,,,,0.243,0.094,0.5684,0.0035,,,,,,,,,,,,,,,,,,,2.21,0.12,-3.3,,38,14,1900,93000,2.3,2.5,-3.8,0.21,0.064,0.73,0.73,0.15,True,40,1.0042,1.0007,0.9956,0.0188,0.46,False,0.46,False,,,,,,,,,,320,"the whitened profile likelihood over 159 traces of sessions PT at this waist with beta_self, the laser widths (session), the Omega scale (prior 1 +- 0.2) refit from 2 starts, gamma_l free and shared, Delta_alpha pinned at -1131.8 a.u. and rho at 0.94, the density law Steck, the collection window on at z_ratio 0.151 (M2 1), depletion at 0 cycles through companion_transit_mhz (transit at 130 C 0.7295 to 0.7295 MHz). the _err_hessian bars are conditional, every other parameter pinned. the dchi2_beta columns are the beta profile, chi2 with beta pinned at 0, theory, 5x and 20x theory and everything else refit, above the free minimum. the power-arm check reads the model's width ratio across each session's ladder at the TIED Omega (scale 1) with everything else fitted: P against the archive's 0.9956 +- 0.0188, passes at pull +0.46, pooled over 1 sessions passes at pull +0.46. centres profiled per trace and re-profiled after each inner fit, outer passes [1, 1], last centre move 0.015 MHz",DIAGNOSTIC
beta_profile,PT,session,False,mixed,1,0,,,84,,,,,,,,,76000,38,0.89,86000,159,0.019,P:0.905 T:0.867,"P:WING-LAW(core +2, wing -19) T:WING-LAW(core -5, wing -14)",147,0,,,,2.0,,1.8,,,,,,,,0.24,,0.63,,,,,,,,,,,,,,,,,,,,0,,,0,,,,,,,-3.8,0.21,0.062,0.73,0.73,0.15,True,40,,,0.9956,0.0188,,False,,False,,,,,,,,,,320,"beta_self pinned at 0 times theory (0.00 kHz per 1e12 cm^-3) with everything else refit warm from the free minimum at this waist: dchi2 is against the free minimum, and the dchi2_beta columns of the grid row read every point against the lowest of the free and the fixed fits. the summary reads the profile these rows make and never a Hessian bar at a rail",DIAGNOSTIC
beta_profile,PT,session,False,mixed,1,0,,,84,,,,,,,,,76000,14,0.89,86000,159,0.019,P:0.905 T:0.867,"P:WING-LAW(core +2, wing -19) T:WING-LAW(core -5, wing -14)",147,1.0,,,,2.0,,1.9,,,,,,,,0.25,,0.53,,,,,,,,,,,,,,,,,,,,3.5,,,1.0,,,,,,,-3.8,0.21,0.065,0.73,0.73,0.15,True,40,,,0.9956,0.0188,,False,,False,,,,,,,,,,320,"beta_self pinned at 1 times theory (3.50 kHz per 1e12 cm^-3) with everything else refit warm from the free minimum at this waist: dchi2 is against the free minimum, and the dchi2_beta columns of the grid row read every point against the lowest of the free and the fixed fits. the summary reads the profile these rows make and never a Hessian bar at a rail",DIAGNOSTIC
beta_profile,PT,session,False,mixed,1,0,,,84,,,,,,,,,78000,1900,0.89,86000,159,0.019,P:0.905 T:0.867,"P:WING-LAW(core +2, wing -19) T:WING-LAW(core -5, wing -14)",147,5.0,,,,2.0,,2.4,,,,,,,,0.26,,0.15,,,,,,,,,,,,,,,,,,,,17,,,5.0,,,,,,,-3.7,0.21,0.067,0.73,0.73,0.15,True,40,,,0.9956,0.0188,,False,,False,,,,,,,,,,320,"beta_self pinned at 5 times theory (17.49 kHz per 1e12 cm^-3) with everything else refit warm from the free minimum at this waist: dchi2 is against the free minimum, and the dchi2_beta columns of the grid row read every point against the lowest of the free and the fixed fits. the summary reads the profile these rows make and never a Hessian bar at a rail",DIAGNOSTIC
beta_profile,PT,session,False,mixed,1,0,,,84,,,,,,,,,170000,93000,0.89,86000,159,0.019,P:0.905 T:0.867,"P:WING-LAW(core +2, wing -19) T:WING-LAW(core -5, wing -14)",147,20,,,,0.20,,2.2,,,,,,,,0.011,,0.000000000012,,,,,,,,,,,,,,,,,,,,70,,,20,,,,,,,-4.9,0.21,0.0029,0.73,0.73,0.15,True,40,,,0.9956,0.0188,,False,,False,,,,,,,,,,320,"beta_self pinned at 20 times theory (69.94 kHz per 1e12 cm^-3) with everything else refit warm from the free minimum at this waist: dchi2 is against the free minimum, and the dchi2_beta columns of the grid row read every point against the lowest of the free and the fixed fits. the summary reads the profile these rows make and never a Hessian bar at a rail",DIAGNOSTIC
grid,PT,session,False,mixed,1,0,,,86,,,,,,,,,76000,320,0.89,86000,159,0.016,P:0.905 T:0.867,"P:WING-LAW(core +2, wing -19) T:WING-LAW(core -5, wing -14)",147,0.622,0.034,,,2.0626,0.0076,1.911,0.025,,,,,,,0.256,0.098,0.5725,0.0035,,,,,,,,,,,,,,,,,,,2.18,0.12,-3.4,,38,14,1900,92000,2.3,2.4,-3.7,0.20,0.064,0.71,0.71,0.14,True,40,1.0038,1.0006,0.9956,0.0188,0.44,False,0.44,False,,,,,,,,,,310,"the whitened profile likelihood over 159 traces of sessions PT at this waist with beta_self, the laser widths (session), the Omega scale (prior 1 +- 0.2) refit from 2 starts, gamma_l free and shared, Delta_alpha pinned at -1131.8 a.u. and rho at 0.94, the density law Steck, the collection window on at z_ratio 0.144 (M2 1), depletion at 0 cycles through companion_transit_mhz (transit at 130 C 0.7125 to 0.7125 MHz). the _err_hessian bars are conditional, every other parameter pinned. the dchi2_beta columns are the beta profile, chi2 with beta pinned at 0, theory, 5x and 20x theory and everything else refit, above the free minimum. the power-arm check reads the model's width ratio across each session's ladder at the TIED Omega (scale 1) with everything else fitted: P against the archive's 0.9956 +- 0.0188, passes at pull +0.44, pooled over 1 sessions passes at pull +0.44. centres profiled per trace and re-profiled after each inner fit, outer passes [1, 1], last centre move 0.016 MHz",DIAGNOSTIC
beta_profile,PT,session,False,mixed,1,0,,,86,,,,,,,,,76000,38,0.89,86000,159,0.016,P:0.905 T:0.867,"P:WING-LAW(core +2, wing -19) T:WING-LAW(core -5, wing -14)",147,0,,,,2.1,,1.8,,,,,,,,0.25,,0.63,,,,,,,,,,,,,,,,,,,,0,,,0,,,,,,,-3.7,0.20,0.063,0.71,0.71,0.14,True,40,,,0.9956,0.0188,,False,,False,,,,,,,,,,310,"beta_self pinned at 0 times theory (0.00 kHz per 1e12 cm^-3) with everything else refit warm from the free minimum at this waist: dchi2 is against the free minimum, and the dchi2_beta columns of the grid row read every point against the lowest of the free and the fixed fits. the summary reads the profile these rows make and never a Hessian bar at a rail",DIAGNOSTIC
beta_profile,PT,session,False,mixed,1,0,,,86,,,,,,,,,76000,14,0.89,86000,159,0.016,P:0.905 T:0.867,"P:WING-LAW(core +2, wing -19) T:WING-LAW(core -5, wing -14)",147,1.0,,,,2.1,,2.0,,,,,,,,0.27,,0.54,,,,,,,,,,,,,,,,,,,,3.5,,,1.0,,,,,,,-3.7,0.20,0.066,0.71,0.71,0.14,True,40,,,0.9956,0.0188,,False,,False,,,,,,,,,,310,"beta_self pinned at 1 times theory (3.50 kHz per 1e12 cm^-3) with everything else refit warm from the free minimum at this waist: dchi2 is against the free minimum, and the dchi2_beta columns of the grid row read every point against the lowest of the free and the fixed fits. the summary reads the profile these rows make and never a Hessian bar at a rail",DIAGNOSTIC
beta_profile,PT,session,False,mixed,1,0,,,86,,,,,,,,,78000,1900,0.89,86000,159,0.016,P:0.905 T:0.867,"P:WING-LAW(core +2, wing -19) T:WING-LAW(core -5, wing -14)",147,5.0,,,,2.0,,2.5,,,,,,,,0.27,,0.16,,,,,,,,,,,,,,,,,,,,17,,,5.0,,,,,,,-3.6,0.20,0.068,0.71,0.71,0.14,True,40,,,0.9956,0.0188,,False,,False,,,,,,,,,,310,"beta_self pinned at 5 times theory (17.49 kHz per 1e12 cm^-3) with everything else refit warm from the free minimum at this waist: dchi2 is against the free minimum, and the dchi2_beta columns of the grid row read every point against the lowest of the free and the fixed fits. the summary reads the profile these rows make and never a Hessian bar at a rail",DIAGNOSTIC
beta_profile,PT,session,False,mixed,1,0,,,86,,,,,,,,,170000,92000,0.89,86000,159,0.016,P:0.905 T:0.867,"P:WING-LAW(core +2, wing -19) T:WING-LAW(core -5, wing -14)",147,20,,,,0.20,,2.2,,,,,,,,0.014,,0.000000000033,,,,,,,,,,,,,,,,,,,,70,,,20,,,,,,,-4.9,0.20,0.0035,0.71,0.71,0.14,True,40,,,0.9956,0.0188,,False,,False,,,,,,,,,,310,"beta_self pinned at 20 times theory (69.94 kHz per 1e12 cm^-3) with everything else refit warm from the free minimum at this waist: dchi2 is against the free minimum, and the dchi2_beta columns of the grid row read every point against the lowest of the free and the fixed fits. the summary reads the profile these rows make and never a Hessian bar at a rail",DIAGNOSTIC
grid,PT,session,False,mixed,1,0,,,88,,,,,,,,,76000,330,0.89,86000,159,0.011,P:0.905 T:0.867,"P:WING-LAW(core +2, wing -19) T:WING-LAW(core -5, wing -14)",140,0.630,0.034,,,2.0869,0.0075,1.936,0.025,,,,,,,0.28,0.10,0.5739,0.0035,,,,,,,,,,,,,,,,,,,2.20,0.12,-3.3,,38,14,1900,91000,2.3,2.4,-3.6,0.19,0.067,0.70,0.70,0.14,True,40,1.0035,1.0006,0.9956,0.0188,0.42,False,0.42,False,,,,,,,,,,270,"the whitened profile likelihood over 159 traces of sessions PT at this waist with beta_self, the laser widths (session), the Omega scale (prior 1 +- 0.2) refit from 2 starts, gamma_l free and shared, Delta_alpha pinned at -1131.8 a.u. and rho at 0.94, the density law Steck, the collection window on at z_ratio 0.138 (M2 1), depletion at 0 cycles through companion_transit_mhz (transit at 130 C 0.6963 to 0.6963 MHz). the _err_hessian bars are conditional, every other parameter pinned. the dchi2_beta columns are the beta profile, chi2 with beta pinned at 0, theory, 5x and 20x theory and everything else refit, above the free minimum. the power-arm check reads the model's width ratio across each session's ladder at the TIED Omega (scale 1) with everything else fitted: P against the archive's 0.9956 +- 0.0188, passes at pull +0.42, pooled over 1 sessions passes at pull +0.42. centres profiled per trace and re-profiled after each inner fit, outer passes [1, 1], last centre move 0.016 MHz",DIAGNOSTIC
beta_profile,PT,session,False,mixed,1,0,,,88,,,,,,,,,76000,38,0.89,86000,159,0.011,P:0.905 T:0.867,"P:WING-LAW(core +2, wing -19) T:WING-LAW(core -5, wing -14)",140,0,,,,2.1,,1.8,,,,,,,,0.27,,0.63,,,,,,,,,,,,,,,,,,,,0,,,0,,,,,,,-3.6,0.19,0.064,0.70,0.70,0.14,True,40,,,0.9956,0.0188,,False,,False,,,,,,,,,,270,"beta_self pinned at 0 times theory (0.00 kHz per 1e12 cm^-3) with everything else refit warm from the free minimum at this waist: dchi2 is against the free minimum, and the dchi2_beta columns of the grid row read every point against the lowest of the free and the fixed fits. the summary reads the profile these rows make and never a Hessian bar at a rail",DIAGNOSTIC
beta_profile,PT,session,False,mixed,1,0,,,88,,,,,,,,,76000,14,0.89,86000,159,0.011,P:0.905 T:0.867,"P:WING-LAW(core +2, wing -19) T:WING-LAW(core -5, wing -14)",140,1.0,,,,2.1,,2.0,,,,,,,,0.28,,0.54,,,,,,,,,,,,,,,,,,,,3.5,,,1.0,,,,,,,-3.6,0.19,0.067,0.70,0.70,0.14,True,40,,,0.9956,0.0188,,False,,False,,,,,,,,,,270,"beta_self pinned at 1 times theory (3.50 kHz per 1e12 cm^-3) with everything else refit warm from the free minimum at this waist: dchi2 is against the free minimum, and the dchi2_beta columns of the grid row read every point against the lowest of the free and the fixed fits. the summary reads the profile these rows make and never a Hessian bar at a rail",DIAGNOSTIC
beta_profile,PT,session,False,mixed,1,0,,,88,,,,,,,,,78000,1900,0.89,86000,159,0.011,P:0.905 T:0.867,"P:WING-LAW(core +2, wing -19) T:WING-LAW(core -5, wing -14)",140,5.0,,,,2.0,,2.5,,,,,,,,0.29,,0.16,,,,,,,,,,,,,,,,,,,,17,,,5.0,,,,,,,-3.6,0.19,0.068,0.70,0.70,0.14,True,40,,,0.9956,0.0188,,False,,False,,,,,,,,,,270,"beta_self pinned at 5 times theory (17.49 kHz per 1e12 cm^-3) with everything else refit warm from the free minimum at this waist: dchi2 is against the free minimum, and the dchi2_beta columns of the grid row read every point against the lowest of the free and the fixed fits. the summary reads the profile these rows make and never a Hessian bar at a rail",DIAGNOSTIC
beta_profile,PT,session,False,mixed,1,0,,,88,,,,,,,,,170000,91000,0.89,86000,159,0.011,P:0.905 T:0.867,"P:WING-LAW(core +2, wing -19) T:WING-LAW(core -5, wing -14)",140,20,,,,0.20,,2.2,,,,,,,,0.016,,0.0000000045,,,,,,,,,,,,,,,,,,,,70,,,20,,,,,,,-4.9,0.19,0.0038,0.70,0.70,0.14,True,40,,,0.9956,0.0188,,False,,False,,,,,,,,,,270,"beta_self pinned at 20 times theory (69.94 kHz per 1e12 cm^-3) with everything else refit warm from the free minimum at this waist: dchi2 is against the free minimum, and the dchi2_beta columns of the grid row read every point against the lowest of the free and the fixed fits. the summary reads the profile these rows make and never a Hessian bar at a rail",DIAGNOSTIC
grid,PT,session,False,mixed,1,0,,,90,,,,,,,,,76000,340,0.89,86000,159,0.025,P:0.905 T:0.867,"P:WING-LAW(core +2, wing -19) T:WING-LAW(core -5, wing -14)",133,0.623,0.034,,,2.1094,0.0075,1.957,0.025,,,,,,,0.29,0.10,0.5770,0.0035,,,,,,,,,,,,,,,,,,,2.18,0.12,-3.4,,39,14,1900,90000,2.3,2.4,-3.6,0.18,0.066,0.68,0.68,0.13,True,40,1.0032,1.0006,0.9956,0.0188,0.41,False,0.41,False,,,,,,,,,,190,"the whitened profile likelihood over 159 traces of sessions PT at this waist with beta_self, the laser widths (session), the Omega scale (prior 1 +- 0.2) refit from 2 starts, gamma_l free and shared, Delta_alpha pinned at -1131.8 a.u. and rho at 0.94, the density law Steck, the collection window on at z_ratio 0.132 (M2 1), depletion at 0 cycles through companion_transit_mhz (transit at 130 C 0.6809 to 0.6809 MHz). the _err_hessian bars are conditional, every other parameter pinned. the dchi2_beta columns are the beta profile, chi2 with beta pinned at 0, theory, 5x and 20x theory and everything else refit, above the free minimum. the power-arm check reads the model's width ratio across each session's ladder at the TIED Omega (scale 1) with everything else fitted: P against the archive's 0.9956 +- 0.0188, passes at pull +0.41, pooled over 1 sessions passes at pull +0.41. centres profiled per trace and re-profiled after each inner fit, outer passes [1, 1], last centre move 0.017 MHz",DIAGNOSTIC
beta_profile,PT,session,False,mixed,1,0,,,90,,,,,,,,,76000,39,0.89,86000,159,0.025,P:0.905 T:0.867,"P:WING-LAW(core +2, wing -19) T:WING-LAW(core -5, wing -14)",133,0,,,,2.1,,1.9,,,,,,,,0.29,,0.64,,,,,,,,,,,,,,,,,,,,0,,,0,,,,,,,-3.6,0.18,0.066,0.68,0.68,0.13,True,40,,,0.9956,0.0188,,False,,False,,,,,,,,,,190,"beta_self pinned at 0 times theory (0.00 kHz per 1e12 cm^-3) with everything else refit warm from the free minimum at this waist: dchi2 is against the free minimum, and the dchi2_beta columns of the grid row read every point against the lowest of the free and the fixed fits. the summary reads the profile these rows make and never a Hessian bar at a rail",DIAGNOSTIC
beta_profile,PT,session,False,mixed,1,0,,,90,,,,,,,,,76000,14,0.89,86000,159,0.025,P:0.905 T:0.867,"P:WING-LAW(core +2, wing -19) T:WING-LAW(core -5, wing -14)",133,1.0,,,,2.1,,2.0,,,,,,,,0.30,,0.54,,,,,,,,,,,,,,,,,,,,3.5,,,1.0,,,,,,,-3.5,0.18,0.069,0.68,0.68,0.13,True,40,,,0.9956,0.0188,,False,,False,,,,,,,,,,190,"beta_self pinned at 1 times theory (3.50 kHz per 1e12 cm^-3) with everything else refit warm from the free minimum at this waist: dchi2 is against the free minimum, and the dchi2_beta columns of the grid row read every point against the lowest of the free and the fixed fits. the summary reads the profile these rows make and never a Hessian bar at a rail",DIAGNOSTIC
beta_profile,PT,session,False,mixed,1,0,,,90,,,,,,,,,78000,1900,0.89,86000,159,0.025,P:0.905 T:0.867,"P:WING-LAW(core +2, wing -19) T:WING-LAW(core -5, wing -14)",133,5.0,,,,2.0,,2.5,,,,,,,,0.30,,0.16,,,,,,,,,,,,,,,,,,,,17,,,5.0,,,,,,,-3.5,0.18,0.069,0.68,0.68,0.13,True,40,,,0.9956,0.0188,,False,,False,,,,,,,,,,190,"beta_self pinned at 5 times theory (17.49 kHz per 1e12 cm^-3) with everything else refit warm from the free minimum at this waist: dchi2 is against the free minimum, and the dchi2_beta columns of the grid row read every point against the lowest of the free and the fixed fits. the summary reads the profile these rows make and never a Hessian bar at a rail",DIAGNOSTIC
beta_profile,PT,session,False,mixed,1,0,,,90,,,,,,,,,170000,90000,0.89,86000,159,0.025,P:0.905 T:0.867,"P:WING-LAW(core +2, wing -19) T:WING-LAW(core -5, wing -14)",133,20,,,,0.20,,2.2,,,,,,,,0.016,,0.000000011,,,,,,,,,,,,,,,,,,,,70,,,20,,,,,,,-4.9,0.18,0.0036,0.68,0.68,0.13,True,40,,,0.9956,0.0188,,False,,False,,,,,,,,,,190,"beta_self pinned at 20 times theory (69.94 kHz per 1e12 cm^-3) with everything else refit warm from the free minimum at this waist: dchi2 is against the free minimum, and the dchi2_beta columns of the grid row read every point against the lowest of the free and the fixed fits. the summary reads the profile these rows make and never a Hessian bar at a rail",DIAGNOSTIC
arm,PT,session,False,gaussian,1,3,,,40,,,,,,,,,78000,1500,0.92,86000,159,0,P:0.928 T:0.889,"P:WING-LAW(core +6, wing -17) T:WING-LAW(core -3, wing -12)",72,0.184,0.035,,,0.2000,0.0041,0.2001,0.0083,,,,,,,0.011,0.016,0,,,,,,,,,,,,,,,,,,,,0.64,0.12,-7.3,,,,,,,,-4.9,0.92,0.013,1.5,1.6,0.67,False,40,1.1200,1.0416,0.9956,0.0188,6.6,True,6.6,True,,,,,,,,,sigma_l_P sigma_l_T,240,"the whitened profile likelihood over 159 traces of sessions PT at this waist with beta_self, the laser widths (session), the Omega scale (prior 1 +- 0.2) refit from 2 starts, gamma_l pinned at zero, Delta_alpha pinned at -1131.8 a.u. and rho at 0.94, the density law Steck, the collection window on at z_ratio 0.667 (M2 1), depletion at 3 cycles through companion_transit_mhz (transit at 130 C 1.5320 to 1.6412 MHz). the _err_hessian bars are conditional, every other parameter pinned, at a bound: sigma_l_P sigma_l_T. the dchi2_beta columns are the beta profile, chi2 with beta pinned at 0, theory, 5x and 20x theory and everything else refit, above the free minimum. the power-arm check reads the model's width ratio across each session's ladder at the TIED Omega (scale 1) with everything else fitted: P against the archive's 0.9956 +- 0.0188, refused at pull +6.63, pooled over 1 sessions refused at pull +6.63. centres profiled per trace and re-profiled after each inner fit, outer passes [1], last centre move 0.001 MHz. dchi2 is against the base arm (M2 1, no depletion) at the same waist, warm-started from it",DIAGNOSTIC
arm,PT,session,False,gaussian,1,3,,,42,,,,,,,,,77000,730,0.91,86000,159,0,P:0.916 T:0.885,"P:WING-LAW(core +3, wing -18) T:WING-LAW(core -5, wing -12)",114,1.284,0.034,,,0.2023,0.0095,0.29,0.13,,,,,,,0.018,0.024,0,,,,,,,,,,,,,,,,,,,,4.49,0.12,2.5,,,,,,,,-4.9,0.84,0.018,1.5,1.5,0.60,True,40,1.0986,1.0336,0.9956,0.0188,5.5,True,5.5,True,,,,,,,,,sigma_l_P,190,"the whitened profile likelihood over 159 traces of sessions PT at this waist with beta_self, the laser widths (session), the Omega scale (prior 1 +- 0.2) refit from 2 starts, gamma_l pinned at zero, Delta_alpha pinned at -1131.8 a.u. and rho at 0.94, the density law Steck, the collection window on at z_ratio 0.605 (M2 1), depletion at 3 cycles through companion_transit_mhz (transit at 130 C 1.4590 to 1.5464 MHz). the _err_hessian bars are conditional, every other parameter pinned, at a bound: sigma_l_P. the dchi2_beta columns are the beta profile, chi2 with beta pinned at 0, theory, 5x and 20x theory and everything else refit, above the free minimum. the power-arm check reads the model's width ratio across each session's ladder at the TIED Omega (scale 1) with everything else fitted: P against the archive's 0.9956 +- 0.0188, refused at pull +5.49, pooled over 1 sessions refused at pull +5.49. centres profiled per trace and re-profiled after each inner fit, outer passes [1], last centre move 0.003 MHz. dchi2 is against the base arm (M2 1, no depletion) at the same waist, warm-started from it",DIAGNOSTIC
arm,PT,session,False,gaussian,1,3,,,90,,,,,,,,,78000,5.4,0.92,86000,159,0,P:0.918 T:0.889,"P:WING-LAW(core +7, wing -19) T:WING-LAW(core -3, wing -12)",18,3.827,0.034,,,2.3783,0.0068,2.606,0.020,,,,,,,2.444,0.045,0,,,,,,,,,,,,,,,,,,,,13.39,0.12,25,,,,,,,,7.2,0.18,0.56,0.68,0.68,0.13,True,40,1.0036,1.0172,0.9956,0.0188,0.43,False,0.43,False,,,,,,,,,,20,"the whitened profile likelihood over 159 traces of sessions PT at this waist with beta_self, the laser widths (session), the Omega scale (prior 1 +- 0.2) refit from 2 starts, gamma_l pinned at zero, Delta_alpha pinned at -1131.8 a.u. and rho at 0.94, the density law Steck, the collection window on at z_ratio 0.132 (M2 1), depletion at 3 cycles through companion_transit_mhz (transit at 130 C 0.6809 to 0.6830 MHz). the _err_hessian bars are conditional, every other parameter pinned. the dchi2_beta columns are the beta profile, chi2 with beta pinned at 0, theory, 5x and 20x theory and everything else refit, above the free minimum. the power-arm check reads the model's width ratio across each session's ladder at the TIED Omega (scale 1) with everything else fitted: P against the archive's 0.9956 +- 0.0188, passes at pull +0.43, pooled over 1 sessions passes at pull +0.43. centres profiled per trace and re-profiled after each inner fit, outer passes [1], last centre move 0.000 MHz. dchi2 is against the base arm (M2 1, no depletion) at the same waist, warm-started from it",DIAGNOSTIC
arm,PT,session,False,gaussian,1.5,0,,,40,,,,,,,,,76000,1.0,0.90,86000,159,0,P:0.905 T:0.885,"P:WING-LAW(core +0, wing -18) T:WING-LAW(core -5, wing -12)",18,1.401,0.034,,,0.2000,0.0075,0.43,0.11,,,,,,,0.025,0.031,0,,,,,,,,,,,,,,,,,,,,4.90,0.12,3.6,,,,,,,,-4.9,0.92,0.029,1.5,1.5,1.0,False,49,1.0841,1.0076,0.9956,0.0188,4.7,True,4.7,True,,,,,,,,,sigma_l_P,100,"the whitened profile likelihood over 159 traces of sessions PT at this waist with beta_self, the laser widths (session), the Omega scale (prior 1 +- 0.2) refit from 2 starts, gamma_l pinned at zero, Delta_alpha pinned at -1131.8 a.u. and rho at 0.94, the density law Steck, the collection window on at z_ratio 1.001 (M2 1.5), depletion at 0 cycles through companion_transit_mhz (transit at 130 C 1.5320 to 1.5320 MHz). the _err_hessian bars are conditional, every other parameter pinned, at a bound: sigma_l_P. the dchi2_beta columns are the beta profile, chi2 with beta pinned at 0, theory, 5x and 20x theory and everything else refit, above the free minimum. the power-arm check reads the model's width ratio across each session's ladder at the TIED Omega (scale 1) with everything else fitted: P against the archive's 0.9956 +- 0.0188, refused at pull +4.72, pooled over 1 sessions refused at pull +4.72. centres profiled per trace and re-profiled after each inner fit, outer passes [1], last centre move 0.001 MHz. dchi2 is against the base arm (M2 1, no depletion) at the same waist, warm-started from it",DIAGNOSTIC
arm,PT,session,False,gaussian,1.5,0,,,42,,,,,,,,,76000,-0.42,0.90,86000,159,0,P:0.901 T:0.886,"P:WING-LAW(core -0, wing -19) T:WING-LAW(core -5, wing -12)",24,2.096,0.034,,,0.465,0.032,0.914,0.053,,,,,,,0.071,0.042,0,,,,,,,,,,,,,,,,,,,,7.33,0.12,9.8,,,,,,,,-4.6,0.84,0.074,1.5,1.5,0.91,False,49,1.0694,1.0064,0.9956,0.0188,3.9,True,3.9,True,,,,,,,,,,26,"the whitened profile likelihood over 159 traces of sessions PT at this waist with beta_self, the laser widths (session), the Omega scale (prior 1 +- 0.2) refit from 2 starts, gamma_l pinned at zero, Delta_alpha pinned at -1131.8 a.u. and rho at 0.94, the density law Steck, the collection window on at z_ratio 0.907 (M2 1.5), depletion at 0 cycles through companion_transit_mhz (transit at 130 C 1.4590 to 1.4590 MHz). the _err_hessian bars are conditional, every other parameter pinned. the dchi2_beta columns are the beta profile, chi2 with beta pinned at 0, theory, 5x and 20x theory and everything else refit, above the free minimum. the power-arm check reads the model's width ratio across each session's ladder at the TIED Omega (scale 1) with everything else fitted: P against the archive's 0.9956 +- 0.0188, refused at pull +3.94, pooled over 1 sessions refused at pull +3.94. centres profiled per trace and re-profiled after each inner fit, outer passes [1], last centre move 0.001 MHz. dchi2 is against the base arm (M2 1, no depletion) at the same waist, warm-started from it",DIAGNOSTIC
arm,PT,session,False,gaussian,1.5,0,,,90,,,,,,,,,78000,-0.013,0.92,86000,159,0,P:0.918 T:0.889,"P:WING-LAW(core +7, wing -19) T:WING-LAW(core -3, wing -12)",36,3.824,0.034,,,2.3805,0.0068,2.608,0.020,,,,,,,2.456,0.045,0,,,,,,,,,,,,,,,,,,,,13.37,0.12,25,,,,,,,,7.3,0.18,0.56,0.68,0.68,0.20,True,49,1.0031,1.0169,0.9956,0.0188,0.40,False,0.40,False,,,,,,,,,,17,"the whitened profile likelihood over 159 traces of sessions PT at this waist with beta_self, the laser widths (session), the Omega scale (prior 1 +- 0.2) refit from 2 starts, gamma_l pinned at zero, Delta_alpha pinned at -1131.8 a.u. and rho at 0.94, the density law Steck, the collection window on at z_ratio 0.198 (M2 1.5), depletion at 0 cycles through companion_transit_mhz (transit at 130 C 0.6809 to 0.6809 MHz). the _err_hessian bars are conditional, every other parameter pinned. the dchi2_beta columns are the beta profile, chi2 with beta pinned at 0, theory, 5x and 20x theory and everything else refit, above the free minimum. the power-arm check reads the model's width ratio across each session's ladder at the TIED Omega (scale 1) with everything else fitted: P against the archive's 0.9956 +- 0.0188, passes at pull +0.40, pooled over 1 sessions passes at pull +0.40. centres profiled per trace and re-profiled after each inner fit, outer passes [1], last centre move 0.000 MHz. dchi2 is against the base arm (M2 1, no depletion) at the same waist, warm-started from it",DIAGNOSTIC
arm,PT,session,False,gaussian,1.5,3,,,40,,,,,,,,,78000,1500,0.92,86000,159,0,P:0.928 T:0.889,"P:WING-LAW(core +6, wing -17) T:WING-LAW(core -3, wing -12)",72,0.183,0.035,,,0.2000,0.0041,0.2001,0.0083,,,,,,,0.011,0.016,0,,,,,,,,,,,,,,,,,,,,0.64,0.12,-7.3,,,,,,,,-4.9,0.92,0.013,1.5,1.6,1.0,False,49,1.1200,1.0417,0.9956,0.0188,6.6,True,6.6,True,,,,,,,,,sigma_l_P sigma_l_T,240,"the whitened profile likelihood over 159 traces of sessions PT at this waist with beta_self, the laser widths (session), the Omega scale (prior 1 +- 0.2) refit from 2 starts, gamma_l pinned at zero, Delta_alpha pinned at -1131.8 a.u. and rho at 0.94, the density law Steck, the collection window on at z_ratio 1.001 (M2 1.5), depletion at 3 cycles through companion_transit_mhz (transit at 130 C 1.5320 to 1.6412 MHz). the _err_hessian bars are conditional, every other parameter pinned, at a bound: sigma_l_P sigma_l_T. the dchi2_beta columns are the beta profile, chi2 with beta pinned at 0, theory, 5x and 20x theory and everything else refit, above the free minimum. the power-arm check reads the model's width ratio across each session's ladder at the TIED Omega (scale 1) with everything else fitted: P against the archive's 0.9956 +- 0.0188, refused at pull +6.63, pooled over 1 sessions refused at pull +6.63. centres profiled per trace and re-profiled after each inner fit, outer passes [1], last centre move 0.001 MHz. dchi2 is against the base arm (M2 1, no depletion) at the same waist, warm-started from it",DIAGNOSTIC
arm,PT,session,False,gaussian,1.5,3,,,42,,,,,,,,,77000,730,0.91,86000,159,0,P:0.916 T:0.885,"P:WING-LAW(core +3, wing -18) T:WING-LAW(core -5, wing -12)",132,1.285,0.034,,,0.203,0.010,0.28,0.14,,,,,,,0.018,0.024,0,,,,,,,,,,,,,,,,,,,,4.49,0.12,2.5,,,,,,,,-4.9,0.84,0.019,1.5,1.5,0.91,False,49,1.0985,1.0336,0.9956,0.0188,5.5,True,5.5,True,,,,,,,,,sigma_l_P,180,"the whitened profile likelihood over 159 traces of sessions PT at this waist with beta_self, the laser widths (session), the Omega scale (prior 1 +- 0.2) refit from 2 starts, gamma_l pinned at zero, Delta_alpha pinned at -1131.8 a.u. and rho at 0.94, the density law Steck, the collection window on at z_ratio 0.907 (M2 1.5), depletion at 3 cycles through companion_transit_mhz (transit at 130 C 1.4590 to 1.5464 MHz). the _err_hessian bars are conditional, every other parameter pinned, at a bound: sigma_l_P. the dchi2_beta columns are the beta profile, chi2 with beta pinned at 0, theory, 5x and 20x theory and everything else refit, above the free minimum. the power-arm check reads the model's width ratio across each session's ladder at the TIED Omega (scale 1) with everything else fitted: P against the archive's 0.9956 +- 0.0188, refused at pull +5.49, pooled over 1 sessions refused at pull +5.49. centres profiled per trace and re-profiled after each inner fit, outer passes [1], last centre move 0.002 MHz. dchi2 is against the base arm (M2 1, no depletion) at the same waist, warm-started from it",DIAGNOSTIC
arm,PT,session,False,gaussian,1.5,3,,,90,,,,,,,,,78000,5.4,0.92,86000,159,0,P:0.918 T:0.889,"P:WING-LAW(core +7, wing -19) T:WING-LAW(core -3, wing -12)",18,3.827,0.034,,,2.3783,0.0068,2.606,0.020,,,,,,,2.444,0.045,0,,,,,,,,,,,,,,,,,,,,13.39,0.12,25,,,,,,,,7.2,0.18,0.56,0.68,0.68,0.20,True,49,1.0036,1.0172,0.9956,0.0188,0.43,False,0.43,False,,,,,,,,,,20,"the whitened profile likelihood over 159 traces of sessions PT at this waist with beta_self, the laser widths (session), the Omega scale (prior 1 +- 0.2) refit from 2 starts, gamma_l pinned at zero, Delta_alpha pinned at -1131.8 a.u. and rho at 0.94, the density law Steck, the collection window on at z_ratio 0.198 (M2 1.5), depletion at 3 cycles through companion_transit_mhz (transit at 130 C 0.6809 to 0.6830 MHz). the _err_hessian bars are conditional, every other parameter pinned. the dchi2_beta columns are the beta profile, chi2 with beta pinned at 0, theory, 5x and 20x theory and everything else refit, above the free minimum. the power-arm check reads the model's width ratio across each session's ladder at the TIED Omega (scale 1) with everything else fitted: P against the archive's 0.9956 +- 0.0188, passes at pull +0.43, pooled over 1 sessions passes at pull +0.43. centres profiled per trace and re-profiled after each inner fit, outer passes [1], last centre move 0.000 MHz. dchi2 is against the base arm (M2 1, no depletion) at the same waist, warm-started from it",DIAGNOSTIC
arm,PT,session,False,gaussian,2,0,,,40,,,,,,,,,76000,7.7,0.90,86000,159,0,P:0.905 T:0.885,"P:WING-LAW(core +0, wing -18) T:WING-LAW(core -5, wing -12)",24,1.391,0.034,,,0.2000,0.0072,0.41,0.15,,,,,,,0.026,0.031,0,,,,,,,,,,,,,,,,,,,,4.86,0.12,3.5,,,,,,,,-4.9,0.92,0.029,1.5,1.5,1.3,False,57,1.0846,1.0081,0.9956,0.0188,4.7,True,4.7,True,,,,,,,,,sigma_l_P,120,"the whitened profile likelihood over 159 traces of sessions PT at this waist with beta_self, the laser widths (session), the Omega scale (prior 1 +- 0.2) refit from 2 starts, gamma_l pinned at zero, Delta_alpha pinned at -1131.8 a.u. and rho at 0.94, the density law Steck, the collection window on at z_ratio 1.334 (M2 2), depletion at 0 cycles through companion_transit_mhz (transit at 130 C 1.5320 to 1.5320 MHz). the _err_hessian bars are conditional, every other parameter pinned, at a bound: sigma_l_P. the dchi2_beta columns are the beta profile, chi2 with beta pinned at 0, theory, 5x and 20x theory and everything else refit, above the free minimum. the power-arm check reads the model's width ratio across each session's ladder at the TIED Omega (scale 1) with everything else fitted: P against the archive's 0.9956 +- 0.0188, refused at pull +4.74, pooled over 1 sessions refused at pull +4.74. centres profiled per trace and re-profiled after each inner fit, outer passes [1], last centre move 0.001 MHz. dchi2 is against the base arm (M2 1, no depletion) at the same waist, warm-started from it",DIAGNOSTIC
arm,PT,session,False,gaussian,2,0,,,42,,,,,,,,,76000,2.3,0.90,86000,159,0,P:0.901 T:0.886,"P:WING-LAW(core -0, wing -19) T:WING-LAW(core -5, wing -12)",24,2.093,0.034,,,0.468,0.030,0.912,0.053,,,,,,,0.071,0.041,0,,,,,,,,,,,,,,,,,,,,7.32,0.12,9.8,,,,,,,,-4.6,0.84,0.074,1.5,1.5,1.2,False,57,1.0697,1.0067,0.9956,0.0188,3.9,True,3.9,True,,,,,,,,,,25,"the whitened profile likelihood over 159 traces of sessions PT at this waist with beta_self, the laser widths (session), the Omega scale (prior 1 +- 0.2) refit from 2 starts, gamma_l pinned at zero, Delta_alpha pinned at -1131.8 a.u. and rho at 0.94, the density law Steck, the collection window on at z_ratio 1.210 (M2 2), depletion at 0 cycles through companion_transit_mhz (transit at 130 C 1.4590 to 1.4590 MHz). the _err_hessian bars are conditional, every other parameter pinned. the dchi2_beta columns are the beta profile, chi2 with beta pinned at 0, theory, 5x and 20x theory and everything else refit, above the free minimum. the power-arm check reads the model's width ratio across each session's ladder at the TIED Omega (scale 1) with everything else fitted: P against the archive's 0.9956 +- 0.0188, refused at pull +3.95, pooled over 1 sessions refused at pull +3.95. centres profiled per trace and re-profiled after each inner fit, outer passes [1], last centre move 0.001 MHz. dchi2 is against the base arm (M2 1, no depletion) at the same waist, warm-started from it",DIAGNOSTIC
arm,PT,session,False,gaussian,2,0,,,90,,,,,,,,,78000,-0.038,0.92,86000,159,0,P:0.918 T:0.889,"P:WING-LAW(core +7, wing -19) T:WING-LAW(core -3, wing -12)",36,3.824,0.034,,,2.3805,0.0068,2.608,0.020,,,,,,,2.456,0.045,0,,,,,,,,,,,,,,,,,,,,13.37,0.12,25,,,,,,,,7.3,0.18,0.56,0.68,0.68,0.26,True,57,1.0031,1.0169,0.9956,0.0188,0.40,False,0.40,False,,,,,,,,,,18,"the whitened profile likelihood over 159 traces of sessions PT at this waist with beta_self, the laser widths (session), the Omega scale (prior 1 +- 0.2) refit from 2 starts, gamma_l pinned at zero, Delta_alpha pinned at -1131.8 a.u. and rho at 0.94, the density law Steck, the collection window on at z_ratio 0.264 (M2 2), depletion at 0 cycles through companion_transit_mhz (transit at 130 C 0.6809 to 0.6809 MHz). the _err_hessian bars are conditional, every other parameter pinned. the dchi2_beta columns are the beta profile, chi2 with beta pinned at 0, theory, 5x and 20x theory and everything else refit, above the free minimum. the power-arm check reads the model's width ratio across each session's ladder at the TIED Omega (scale 1) with everything else fitted: P against the archive's 0.9956 +- 0.0188, passes at pull +0.40, pooled over 1 sessions passes at pull +0.40. centres profiled per trace and re-profiled after each inner fit, outer passes [1], last centre move 0.000 MHz. dchi2 is against the base arm (M2 1, no depletion) at the same waist, warm-started from it",DIAGNOSTIC
arm,PT,session,False,gaussian,2,3,,,40,,,,,,,,,78000,1500,0.92,86000,159,0,P:0.928 T:0.889,"P:WING-LAW(core +6, wing -17) T:WING-LAW(core -3, wing -12)",72,0.177,0.035,,,0.2000,0.0040,0.2001,0.0082,,,,,,,0.011,0.016,0,,,,,,,,,,,,,,,,,,,,0.62,0.12,-7.4,,,,,,,,-4.9,0.92,0.013,1.5,1.6,1.3,False,57,1.1205,1.0422,0.9956,0.0188,6.7,True,6.7,True,,,,,,,,,sigma_l_P sigma_l_T,240,"the whitened profile likelihood over 159 traces of sessions PT at this waist with beta_self, the laser widths (session), the Omega scale (prior 1 +- 0.2) refit from 2 starts, gamma_l pinned at zero, Delta_alpha pinned at -1131.8 a.u. and rho at 0.94, the density law Steck, the collection window on at z_ratio 1.334 (M2 2), depletion at 3 cycles through companion_transit_mhz (transit at 130 C 1.5320 to 1.6412 MHz). the _err_hessian bars are conditional, every other parameter pinned, at a bound: sigma_l_P sigma_l_T. the dchi2_beta columns are the beta profile, chi2 with beta pinned at 0, theory, 5x and 20x theory and everything else refit, above the free minimum. the power-arm check reads the model's width ratio across each session's ladder at the TIED Omega (scale 1) with everything else fitted: P against the archive's 0.9956 +- 0.0188, refused at pull +6.66, pooled over 1 sessions refused at pull +6.66. centres profiled per trace and re-profiled after each inner fit, outer passes [1], last centre move 0.001 MHz. dchi2 is against the base arm (M2 1, no depletion) at the same waist, warm-started from it",DIAGNOSTIC
arm,PT,session,False,gaussian,2,3,,,42,,,,,,,,,77000,740,0.91,86000,159,0,P:0.916 T:0.885,"P:WING-LAW(core +3, wing -18) T:WING-LAW(core -5, wing -12)",108,1.279,0.034,,,0.203,0.011,0.28,0.17,,,,,,,0.017,0.024,0,,,,,,,,,,,,,,,,,,,,4.47,0.12,2.5,,,,,,,,-4.9,0.84,0.018,1.5,1.5,1.2,False,57,1.0988,1.0338,0.9956,0.0188,5.5,True,5.5,True,,,,,,,,,sigma_l_P sigma_l_T,150,"the whitened profile likelihood over 159 traces of sessions PT at this waist with beta_self, the laser widths (session), the Omega scale (prior 1 +- 0.2) refit from 2 starts, gamma_l pinned at zero, Delta_alpha pinned at -1131.8 a.u. and rho at 0.94, the density law Steck, the collection window on at z_ratio 1.210 (M2 2), depletion at 3 cycles through companion_transit_mhz (transit at 130 C 1.4590 to 1.5464 MHz). the _err_hessian bars are conditional, every other parameter pinned, at a bound: sigma_l_P sigma_l_T. the dchi2_beta columns are the beta profile, chi2 with beta pinned at 0, theory, 5x and 20x theory and everything else refit, above the free minimum. the power-arm check reads the model's width ratio across each session's ladder at the TIED Omega (scale 1) with everything else fitted: P against the archive's 0.9956 +- 0.0188, refused at pull +5.50, pooled over 1 sessions refused at pull +5.50. centres profiled per trace and re-profiled after each inner fit, outer passes [1], last centre move 0.003 MHz. dchi2 is against the base arm (M2 1, no depletion) at the same waist, warm-started from it",DIAGNOSTIC
arm,PT,session,False,gaussian,2,3,,,90,,,,,,,,,78000,5.4,0.92,86000,159,0,P:0.918 T:0.889,"P:WING-LAW(core +7, wing -19) T:WING-LAW(core -3, wing -12)",18,3.827,0.034,,,2.3783,0.0068,2.606,0.020,,,,,,,2.444,0.045,0,,,,,,,,,,,,,,,,,,,,13.39,0.12,25,,,,,,,,7.2,0.18,0.56,0.68,0.68,0.26,True,57,1.0036,1.0172,0.9956,0.0188,0.43,False,0.43,False,,,,,,,,,,20,"the whitened profile likelihood over 159 traces of sessions PT at this waist with beta_self, the laser widths (session), the Omega scale (prior 1 +- 0.2) refit from 2 starts, gamma_l pinned at zero, Delta_alpha pinned at -1131.8 a.u. and rho at 0.94, the density law Steck, the collection window on at z_ratio 0.264 (M2 2), depletion at 3 cycles through companion_transit_mhz (transit at 130 C 0.6809 to 0.6830 MHz). the _err_hessian bars are conditional, every other parameter pinned. the dchi2_beta columns are the beta profile, chi2 with beta pinned at 0, theory, 5x and 20x theory and everything else refit, above the free minimum. the power-arm check reads the model's width ratio across each session's ladder at the TIED Omega (scale 1) with everything else fitted: P against the archive's 0.9956 +- 0.0188, passes at pull +0.43, pooled over 1 sessions passes at pull +0.43. centres profiled per trace and re-profiled after each inner fit, outer passes [1], last centre move 0.000 MHz. dchi2 is against the base arm (M2 1, no depletion) at the same waist, warm-started from it",DIAGNOSTIC
arm,PT,session,False,lorentzian,1,3,,,40,,,,,,,,,81000,4100,0.95,86000,159,0,P:0.969 T:0.900,"P:WING-LAW(core +23, wing -16) T:WING-LAW(core +1, wing -13)",72,0.0000,0.0014,,,0.20000,0.00044,0.2000,0.0014,,,,,,,0.0000,0.0076,0,,,,,,,,,,,,,,,,,,,,0.0000,0.0049,-9.4,,,,,,,,-5.0,0.92,0.000026,1.5,1.6,0.67,False,40,1.1154,1.0393,0.9956,0.0188,6.4,True,6.4,True,,,,,,,,,beta_rel sigma_l_P sigma_l_T omega_scale,4.2,"the whitened profile likelihood over 159 traces of sessions PT at this waist with beta_self, the laser widths (session), the Omega scale (prior 1 +- 0.2) refit from 2 starts, gamma_l pinned at zero, Delta_alpha pinned at -1131.8 a.u. and rho at 0.94, the density law Steck, the collection window on at z_ratio 0.667 (M2 1), depletion at 3 cycles through companion_transit_mhz (transit at 130 C 1.5320 to 1.6412 MHz). the _err_hessian bars are conditional, every other parameter pinned, at a bound: beta_rel sigma_l_P sigma_l_T omega_scale. the dchi2_beta columns are the beta profile, chi2 with beta pinned at 0, theory, 5x and 20x theory and everything else refit, above the free minimum. the power-arm check reads the model's width ratio across each session's ladder at the TIED Omega (scale 1) with everything else fitted: P against the archive's 0.9956 +- 0.0188, refused at pull +6.39, pooled over 1 sessions refused at pull +6.39. centres profiled per trace and re-profiled after each inner fit, outer passes [1], last centre move 0.002 MHz. dchi2 is against the base arm (M2 1, no depletion) at the same waist, warm-started from it",DIAGNOSTIC
arm,PT,session,False,lorentzian,1,3,,,46,,,,,,,,,76000,390,0.90,86000,159,0,P:0.905 T:0.875,"P:WING-LAW(core +2, wing -19) T:WING-LAW(core -5, wing -13)",60,0.816,0.034,,,0.2651,0.0037,0.298,0.012,,,,,,,0.019,0.027,0,,,,,,,,,,,,,,,,,,,,2.85,0.12,-1.6,,,,,,,,-4.9,0.70,0.017,1.3,1.4,0.50,True,40,1.0677,1.0220,0.9956,0.0188,3.8,True,3.8,True,,,,,,,,,,6.3,"the whitened profile likelihood over 159 traces of sessions PT at this waist with beta_self, the laser widths (session), the Omega scale (prior 1 +- 0.2) refit from 2 starts, gamma_l pinned at zero, Delta_alpha pinned at -1131.8 a.u. and rho at 0.94, the density law Steck, the collection window on at z_ratio 0.504 (M2 1), depletion at 3 cycles through companion_transit_mhz (transit at 130 C 1.3321 to 1.3894 MHz). the _err_hessian bars are conditional, every other parameter pinned. the dchi2_beta columns are the beta profile, chi2 with beta pinned at 0, theory, 5x and 20x theory and everything else refit, above the free minimum. the power-arm check reads the model's width ratio across each session's ladder at the TIED Omega (scale 1) with everything else fitted: P against the archive's 0.9956 +- 0.0188, refused at pull +3.84, pooled over 1 sessions refused at pull +3.84. centres profiled per trace and re-profiled after each inner fit, outer passes [1], last centre move 0.001 MHz. dchi2 is against the base arm (M2 1, no depletion) at the same waist, warm-started from it",DIAGNOSTIC
arm,PT,session,False,lorentzian,1,3,,,90,,,,,,,,,81000,-28,0.96,86000,159,0,P:0.995 T:0.873,"P:WING-LAW(core +17, wing -9) T:WING-LAW(core -3, wing -14)",24,0.886,0.033,,,1.0392,0.0036,1.039,0.012,,,,,,,0.31,0.11,0,,,,,,,,,,,,,,,,,,,,3.10,0.12,-1.0,,,,,,,,-3.5,0.18,0.070,0.68,0.68,0.13,True,40,1.0045,1.0014,0.9956,0.0188,0.48,False,0.48,False,,,,,,,,,,13,"the whitened profile likelihood over 159 traces of sessions PT at this waist with beta_self, the laser widths (session), the Omega scale (prior 1 +- 0.2) refit from 2 starts, gamma_l pinned at zero, Delta_alpha pinned at -1131.8 a.u. and rho at 0.94, the density law Steck, the collection window on at z_ratio 0.132 (M2 1), depletion at 3 cycles through companion_transit_mhz (transit at 130 C 0.6809 to 0.6830 MHz). the _err_hessian bars are conditional, every other parameter pinned. the dchi2_beta columns are the beta profile, chi2 with beta pinned at 0, theory, 5x and 20x theory and everything else refit, above the free minimum. the power-arm check reads the model's width ratio across each session's ladder at the TIED Omega (scale 1) with everything else fitted: P against the archive's 0.9956 +- 0.0188, passes at pull +0.48, pooled over 1 sessions passes at pull +0.48. centres profiled per trace and re-profiled after each inner fit, outer passes [1], last centre move 0.000 MHz. dchi2 is against the base arm (M2 1, no depletion) at the same waist, warm-started from it",DIAGNOSTIC
arm,PT,session,False,lorentzian,1.5,0,,,40,,,,,,,,,77000,2.2,0.90,86000,159,0,P:0.907 T:0.882,"P:WING-LAW(core +2, wing -19) T:WING-LAW(core -3, wing -13)",48,0.0000,0.0030,,,0.20000,0.00083,0.2000,0.0024,,,,,,,0.006,0.014,0,,,,,,,,,,,,,,,,,,,,0.000,0.010,-9.4,,,,,,,,-5.0,0.92,0.0067,1.5,1.5,1.0,False,49,1.0828,1.0068,0.9956,0.0188,4.7,True,4.7,True,,,,,,,,,beta_rel sigma_l_P sigma_l_T omega_scale,4.8,"the whitened profile likelihood over 159 traces of sessions PT at this waist with beta_self, the laser widths (session), the Omega scale (prior 1 +- 0.2) refit from 2 starts, gamma_l pinned at zero, Delta_alpha pinned at -1131.8 a.u. and rho at 0.94, the density law Steck, the collection window on at z_ratio 1.001 (M2 1.5), depletion at 0 cycles through companion_transit_mhz (transit at 130 C 1.5320 to 1.5320 MHz). the _err_hessian bars are conditional, every other parameter pinned, at a bound: beta_rel sigma_l_P sigma_l_T omega_scale. the dchi2_beta columns are the beta profile, chi2 with beta pinned at 0, theory, 5x and 20x theory and everything else refit, above the free minimum. the power-arm check reads the model's width ratio across each session's ladder at the TIED Omega (scale 1) with everything else fitted: P against the archive's 0.9956 +- 0.0188, refused at pull +4.65, pooled over 1 sessions refused at pull +4.65. centres profiled per trace and re-profiled after each inner fit, outer passes [1], last centre move 0.001 MHz. dchi2 is against the base arm (M2 1, no depletion) at the same waist, warm-started from it",DIAGNOSTIC
arm,PT,session,False,lorentzian,1.5,0,,,46,,,,,,,,,76000,0.34,0.89,86000,159,0,P:0.899 T:0.873,"P:WING-LAW(core -0, wing -19) T:WING-LAW(core -5, wing -14)",24,0.861,0.034,,,0.3307,0.0037,0.372,0.012,,,,,,,0.026,0.031,0,,,,,,,,,,,,,,,,,,,,3.01,0.12,-1.2,,,,,,,,-4.9,0.70,0.023,1.3,1.3,0.76,False,49,1.0494,1.0043,0.9956,0.0188,2.9,True,2.9,True,,,,,,,,,,4.0,"the whitened profile likelihood over 159 traces of sessions PT at this waist with beta_self, the laser widths (session), the Omega scale (prior 1 +- 0.2) refit from 2 starts, gamma_l pinned at zero, Delta_alpha pinned at -1131.8 a.u. and rho at 0.94, the density law Steck, the collection window on at z_ratio 0.757 (M2 1.5), depletion at 0 cycles through companion_transit_mhz (transit at 130 C 1.3321 to 1.3321 MHz). the _err_hessian bars are conditional, every other parameter pinned. the dchi2_beta columns are the beta profile, chi2 with beta pinned at 0, theory, 5x and 20x theory and everything else refit, above the free minimum. the power-arm check reads the model's width ratio across each session's ladder at the TIED Omega (scale 1) with everything else fitted: P against the archive's 0.9956 +- 0.0188, refused at pull +2.87, pooled over 1 sessions refused at pull +2.87. centres profiled per trace and re-profiled after each inner fit, outer passes [1], last centre move 0.000 MHz. dchi2 is against the base arm (M2 1, no depletion) at the same waist, warm-started from it",DIAGNOSTIC
arm,PT,session,False,lorentzian,1.5,0,,,90,,,,,,,,,82000,0.025,0.96,86000,159,0,P:0.995 T:0.873,"P:WING-LAW(core +17, wing -9) T:WING-LAW(core -3, wing -14)",18,0.886,0.033,,,1.0410,0.0036,1.041,0.012,,,,,,,0.31,0.11,0,,,,,,,,,,,,,,,,,,,,3.10,0.12,-1.0,,,,,,,,-3.5,0.18,0.070,0.68,0.68,0.20,True,49,1.0039,1.0008,0.9956,0.0188,0.45,False,0.45,False,,,,,,,,,,11,"the whitened profile likelihood over 159 traces of sessions PT at this waist with beta_self, the laser widths (session), the Omega scale (prior 1 +- 0.2) refit from 2 starts, gamma_l pinned at zero, Delta_alpha pinned at -1131.8 a.u. and rho at 0.94, the density law Steck, the collection window on at z_ratio 0.198 (M2 1.5), depletion at 0 cycles through companion_transit_mhz (transit at 130 C 0.6809 to 0.6809 MHz). the _err_hessian bars are conditional, every other parameter pinned. the dchi2_beta columns are the beta profile, chi2 with beta pinned at 0, theory, 5x and 20x theory and everything else refit, above the free minimum. the power-arm check reads the model's width ratio across each session's ladder at the TIED Omega (scale 1) with everything else fitted: P against the archive's 0.9956 +- 0.0188, passes at pull +0.45, pooled over 1 sessions passes at pull +0.45. centres profiled per trace and re-profiled after each inner fit, outer passes [1], last centre move 0.000 MHz. dchi2 is against the base arm (M2 1, no depletion) at the same waist, warm-started from it",DIAGNOSTIC
arm,PT,session,False,lorentzian,1.5,3,,,40,,,,,,,,,81000,4200,0.95,86000,159,0,P:0.969 T:0.900,"P:WING-LAW(core +23, wing -17) T:WING-LAW(core +1, wing -13)",48,0.0000,0.0014,,,0.20000,0.00044,0.2000,0.0014,,,,,,,0.0029,0.0070,0,,,,,,,,,,,,,,,,,,,,0.0000,0.0049,-9.4,,,,,,,,-5.0,0.92,0.0033,1.5,1.6,1.0,False,49,1.1160,1.0401,0.9956,0.0188,6.4,True,6.4,True,,,,,,,,,beta_rel sigma_l_P sigma_l_T omega_scale,4.6,"the whitened profile likelihood over 159 traces of sessions PT at this waist with beta_self, the laser widths (session), the Omega scale (prior 1 +- 0.2) refit from 2 starts, gamma_l pinned at zero, Delta_alpha pinned at -1131.8 a.u. and rho at 0.94, the density law Steck, the collection window on at z_ratio 1.001 (M2 1.5), depletion at 3 cycles through companion_transit_mhz (transit at 130 C 1.5320 to 1.6412 MHz). the _err_hessian bars are conditional, every other parameter pinned, at a bound: beta_rel sigma_l_P sigma_l_T omega_scale. the dchi2_beta columns are the beta profile, chi2 with beta pinned at 0, theory, 5x and 20x theory and everything else refit, above the free minimum. the power-arm check reads the model's width ratio across each session's ladder at the TIED Omega (scale 1) with everything else fitted: P against the archive's 0.9956 +- 0.0188, refused at pull +6.42, pooled over 1 sessions refused at pull +6.42. centres profiled per trace and re-profiled after each inner fit, outer passes [1], last centre move 0.003 MHz. dchi2 is against the base arm (M2 1, no depletion) at the same waist, warm-started from it",DIAGNOSTIC
arm,PT,session,False,lorentzian,1.5,3,,,46,,,,,,,,,76000,390,0.90,86000,159,0,P:0.905 T:0.875,"P:WING-LAW(core +2, wing -19) T:WING-LAW(core -5, wing -13)",60,0.817,0.034,,,0.2654,0.0037,0.298,0.012,,,,,,,0.019,0.027,0,,,,,,,,,,,,,,,,,,,,2.86,0.12,-1.6,,,,,,,,-4.9,0.70,0.016,1.3,1.4,0.76,False,49,1.0679,1.0222,0.9956,0.0188,3.9,True,3.9,True,,,,,,,,,,6.2,"the whitened profile likelihood over 159 traces of sessions PT at this waist with beta_self, the laser widths (session), the Omega scale (prior 1 +- 0.2) refit from 2 starts, gamma_l pinned at zero, Delta_alpha pinned at -1131.8 a.u. and rho at 0.94, the density law Steck, the collection window on at z_ratio 0.757 (M2 1.5), depletion at 3 cycles through companion_transit_mhz (transit at 130 C 1.3321 to 1.3894 MHz). the _err_hessian bars are conditional, every other parameter pinned. the dchi2_beta columns are the beta profile, chi2 with beta pinned at 0, theory, 5x and 20x theory and everything else refit, above the free minimum. the power-arm check reads the model's width ratio across each session's ladder at the TIED Omega (scale 1) with everything else fitted: P against the archive's 0.9956 +- 0.0188, refused at pull +3.85, pooled over 1 sessions refused at pull +3.85. centres profiled per trace and re-profiled after each inner fit, outer passes [1], last centre move 0.001 MHz. dchi2 is against the base arm (M2 1, no depletion) at the same waist, warm-started from it",DIAGNOSTIC
arm,PT,session,False,lorentzian,1.5,3,,,90,,,,,,,,,81000,-28,0.96,86000,159,0,P:0.995 T:0.873,"P:WING-LAW(core +17, wing -9) T:WING-LAW(core -3, wing -14)",24,0.886,0.033,,,1.0392,0.0036,1.039,0.012,,,,,,,0.31,0.11,0,,,,,,,,,,,,,,,,,,,,3.10,0.12,-1.0,,,,,,,,-3.5,0.18,0.070,0.68,0.68,0.20,True,49,1.0045,1.0014,0.9956,0.0188,0.48,False,0.48,False,,,,,,,,,,13,"the whitened profile likelihood over 159 traces of sessions PT at this waist with beta_self, the laser widths (session), the Omega scale (prior 1 +- 0.2) refit from 2 starts, gamma_l pinned at zero, Delta_alpha pinned at -1131.8 a.u. and rho at 0.94, the density law Steck, the collection window on at z_ratio 0.198 (M2 1.5), depletion at 3 cycles through companion_transit_mhz (transit at 130 C 0.6809 to 0.6830 MHz). the _err_hessian bars are conditional, every other parameter pinned. the dchi2_beta columns are the beta profile, chi2 with beta pinned at 0, theory, 5x and 20x theory and everything else refit, above the free minimum. the power-arm check reads the model's width ratio across each session's ladder at the TIED Omega (scale 1) with everything else fitted: P against the archive's 0.9956 +- 0.0188, passes at pull +0.48, pooled over 1 sessions passes at pull +0.48. centres profiled per trace and re-profiled after each inner fit, outer passes [1], last centre move 0.000 MHz. dchi2 is against the base arm (M2 1, no depletion) at the same waist, warm-started from it",DIAGNOSTIC
arm,PT,session,False,lorentzian,2,0,,,40,,,,,,,,,77000,19,0.90,86000,159,0,P:0.907 T:0.882,"P:WING-LAW(core +2, wing -19) T:WING-LAW(core -3, wing -13)",78,0.0000,0.0030,,,0.20000,0.00082,0.2000,0.0024,,,,,,,0.000,0.056,0,,,,,,,,,,,,,,,,,,,,0.000,0.010,-9.4,,,,,,,,-5.0,0.92,0.00025,1.5,1.5,1.3,False,57,1.0837,1.0077,0.9956,0.0188,4.7,True,4.7,True,,,,,,,,,beta_rel sigma_l_P sigma_l_T omega_scale,4.5,"the whitened profile likelihood over 159 traces of sessions PT at this waist with beta_self, the laser widths (session), the Omega scale (prior 1 +- 0.2) refit from 2 starts, gamma_l pinned at zero, Delta_alpha pinned at -1131.8 a.u. and rho at 0.94, the density law Steck, the collection window on at z_ratio 1.334 (M2 2), depletion at 0 cycles through companion_transit_mhz (transit at 130 C 1.5320 to 1.5320 MHz). the _err_hessian bars are conditional, every other parameter pinned, at a bound: beta_rel sigma_l_P sigma_l_T omega_scale. the dchi2_beta columns are the beta profile, chi2 with beta pinned at 0, theory, 5x and 20x theory and everything else refit, above the free minimum. the power-arm check reads the model's width ratio across each session's ladder at the TIED Omega (scale 1) with everything else fitted: P against the archive's 0.9956 +- 0.0188, refused at pull +4.70, pooled over 1 sessions refused at pull +4.70. centres profiled per trace and re-profiled after each inner fit, outer passes [1], last centre move 0.001 MHz. dchi2 is against the base arm (M2 1, no depletion) at the same waist, warm-started from it",DIAGNOSTIC
arm,PT,session,False,lorentzian,2,0,,,46,,,,,,,,,76000,0.67,0.89,86000,159,0,P:0.899 T:0.873,"P:WING-LAW(core -0, wing -19) T:WING-LAW(core -5, wing -14)",30,0.861,0.034,,,0.3306,0.0037,0.372,0.012,,,,,,,0.026,0.031,0,,,,,,,,,,,,,,,,,,,,3.01,0.12,-1.2,,,,,,,,-4.9,0.70,0.023,1.3,1.3,1.0,False,57,1.0497,1.0045,0.9956,0.0188,2.9,True,2.9,True,,,,,,,,,,4.7,"the whitened profile likelihood over 159 traces of sessions PT at this waist with beta_self, the laser widths (session), the Omega scale (prior 1 +- 0.2) refit from 2 starts, gamma_l pinned at zero, Delta_alpha pinned at -1131.8 a.u. and rho at 0.94, the density law Steck, the collection window on at z_ratio 1.009 (M2 2), depletion at 0 cycles through companion_transit_mhz (transit at 130 C 1.3321 to 1.3321 MHz). the _err_hessian bars are conditional, every other parameter pinned. the dchi2_beta columns are the beta profile, chi2 with beta pinned at 0, theory, 5x and 20x theory and everything else refit, above the free minimum. the power-arm check reads the model's width ratio across each session's ladder at the TIED Omega (scale 1) with everything else fitted: P against the archive's 0.9956 +- 0.0188, refused at pull +2.88, pooled over 1 sessions refused at pull +2.88. centres profiled per trace and re-profiled after each inner fit, outer passes [1], last centre move 0.000 MHz. dchi2 is against the base arm (M2 1, no depletion) at the same waist, warm-started from it",DIAGNOSTIC
arm,PT,session,False,lorentzian,2,0,,,90,,,,,,,,,82000,0.082,0.96,86000,159,0,P:0.995 T:0.873,"P:WING-LAW(core +17, wing -9) T:WING-LAW(core -3, wing -14)",18,0.886,0.033,,,1.0410,0.0036,1.041,0.012,,,,,,,0.31,0.11,0,,,,,,,,,,,,,,,,,,,,3.10,0.12,-1.0,,,,,,,,-3.5,0.18,0.070,0.68,0.68,0.26,True,57,1.0039,1.0008,0.9956,0.0188,0.45,False,0.45,False,,,,,,,,,,11,"the whitened profile likelihood over 159 traces of sessions PT at this waist with beta_self, the laser widths (session), the Omega scale (prior 1 +- 0.2) refit from 2 starts, gamma_l pinned at zero, Delta_alpha pinned at -1131.8 a.u. and rho at 0.94, the density law Steck, the collection window on at z_ratio 0.264 (M2 2), depletion at 0 cycles through companion_transit_mhz (transit at 130 C 0.6809 to 0.6809 MHz). the _err_hessian bars are conditional, every other parameter pinned. the dchi2_beta columns are the beta profile, chi2 with beta pinned at 0, theory, 5x and 20x theory and everything else refit, above the free minimum. the power-arm check reads the model's width ratio across each session's ladder at the TIED Omega (scale 1) with everything else fitted: P against the archive's 0.9956 +- 0.0188, passes at pull +0.45, pooled over 1 sessions passes at pull +0.45. centres profiled per trace and re-profiled after each inner fit, outer passes [1], last centre move 0.000 MHz. dchi2 is against the base arm (M2 1, no depletion) at the same waist, warm-started from it",DIAGNOSTIC
arm,PT,session,False,lorentzian,2,3,,,40,,,,,,,,,81000,4200,0.95,86000,159,0,P:0.970 T:0.900,"P:WING-LAW(core +23, wing -17) T:WING-LAW(core +1, wing -13)",84,0.0000,0.0014,,,0.20000,0.00044,0.2000,0.0013,,,,,,,0.0000,0.0075,0,,,,,,,,,,,,,,,,,,,,0.0000,0.0049,-9.4,,,,,,,,-5.0,0.92,0.000028,1.5,1.6,1.3,False,57,1.1165,1.0404,0.9956,0.0188,6.4,True,6.4,True,,,,,,,,,beta_rel sigma_l_P sigma_l_T omega_scale,4.4,"the whitened profile likelihood over 159 traces of sessions PT at this waist with beta_self, the laser widths (session), the Omega scale (prior 1 +- 0.2) refit from 2 starts, gamma_l pinned at zero, Delta_alpha pinned at -1131.8 a.u. and rho at 0.94, the density law Steck, the collection window on at z_ratio 1.334 (M2 2), depletion at 3 cycles through companion_transit_mhz (transit at 130 C 1.5320 to 1.6412 MHz). the _err_hessian bars are conditional, every other parameter pinned, at a bound: beta_rel sigma_l_P sigma_l_T omega_scale. the dchi2_beta columns are the beta profile, chi2 with beta pinned at 0, theory, 5x and 20x theory and everything else refit, above the free minimum. the power-arm check reads the model's width ratio across each session's ladder at the TIED Omega (scale 1) with everything else fitted: P against the archive's 0.9956 +- 0.0188, refused at pull +6.45, pooled over 1 sessions refused at pull +6.45. centres profiled per trace and re-profiled after each inner fit, outer passes [1], last centre move 0.003 MHz. dchi2 is against the base arm (M2 1, no depletion) at the same waist, warm-started from it",DIAGNOSTIC
arm,PT,session,False,lorentzian,2,3,,,46,,,,,,,,,76000,390,0.90,86000,159,0,P:0.905 T:0.875,"P:WING-LAW(core +2, wing -19) T:WING-LAW(core -5, wing -13)",60,0.817,0.034,,,0.2653,0.0037,0.298,0.012,,,,,,,0.019,0.027,0,,,,,,,,,,,,,,,,,,,,2.86,0.12,-1.6,,,,,,,,-4.9,0.70,0.017,1.3,1.4,1.0,False,57,1.0678,1.0221,0.9956,0.0188,3.8,True,3.8,True,,,,,,,,,,6.3,"the whitened profile likelihood over 159 traces of sessions PT at this waist with beta_self, the laser widths (session), the Omega scale (prior 1 +- 0.2) refit from 2 starts, gamma_l pinned at zero, Delta_alpha pinned at -1131.8 a.u. and rho at 0.94, the density law Steck, the collection window on at z_ratio 1.009 (M2 2), depletion at 3 cycles through companion_transit_mhz (transit at 130 C 1.3321 to 1.3894 MHz). the _err_hessian bars are conditional, every other parameter pinned. the dchi2_beta columns are the beta profile, chi2 with beta pinned at 0, theory, 5x and 20x theory and everything else refit, above the free minimum. the power-arm check reads the model's width ratio across each session's ladder at the TIED Omega (scale 1) with everything else fitted: P against the archive's 0.9956 +- 0.0188, refused at pull +3.85, pooled over 1 sessions refused at pull +3.85. centres profiled per trace and re-profiled after each inner fit, outer passes [1], last centre move 0.001 MHz. dchi2 is against the base arm (M2 1, no depletion) at the same waist, warm-started from it",DIAGNOSTIC
arm,PT,session,False,lorentzian,2,3,,,90,,,,,,,,,81000,-27,0.96,86000,159,0,P:0.995 T:0.873,"P:WING-LAW(core +17, wing -9) T:WING-LAW(core -3, wing -14)",24,0.886,0.033,,,1.0392,0.0036,1.039,0.012,,,,,,,0.31,0.11,0,,,,,,,,,,,,,,,,,,,,3.10,0.12,-1.0,,,,,,,,-3.5,0.18,0.070,0.68,0.68,0.26,True,57,1.0045,1.0014,0.9956,0.0188,0.48,False,0.48,False,,,,,,,,,,10,"the whitened profile likelihood over 159 traces of sessions PT at this waist with beta_self, the laser widths (session), the Omega scale (prior 1 +- 0.2) refit from 2 starts, gamma_l pinned at zero, Delta_alpha pinned at -1131.8 a.u. and rho at 0.94, the density law Steck, the collection window on at z_ratio 0.264 (M2 2), depletion at 3 cycles through companion_transit_mhz (transit at 130 C 0.6809 to 0.6830 MHz). the _err_hessian bars are conditional, every other parameter pinned. the dchi2_beta columns are the beta profile, chi2 with beta pinned at 0, theory, 5x and 20x theory and everything else refit, above the free minimum. the power-arm check reads the model's width ratio across each session's ladder at the TIED Omega (scale 1) with everything else fitted: P against the archive's 0.9956 +- 0.0188, passes at pull +0.48, pooled over 1 sessions passes at pull +0.48. centres profiled per trace and re-profiled after each inner fit, outer passes [1], last centre move 0.000 MHz. dchi2 is against the base arm (M2 1, no depletion) at the same waist, warm-started from it",DIAGNOSTIC
arm,PT,session,False,mixed,1,3,,,40,,,,,,,,,78000,1600,0.92,86000,159,0,P:0.928 T:0.889,"P:WING-LAW(core +6, wing -16) T:WING-LAW(core -3, wing -12)",77,0.111,0.035,,,0.2000,0.0042,0.2000,0.0081,,,,,,,0.011,0.016,0.0059,0.0026,,,,,,,,,,,,,,,,,,,0.39,0.12,-7.9,,,,,,,,-4.9,0.92,0.013,1.5,1.6,0.67,False,40,1.1200,1.0416,0.9956,0.0188,6.6,True,6.6,True,,,,,,,,,sigma_l_P sigma_l_T,250,"the whitened profile likelihood over 159 traces of sessions PT at this waist with beta_self, the laser widths (session), the Omega scale (prior 1 +- 0.2) refit from 2 starts, gamma_l free and shared, Delta_alpha pinned at -1131.8 a.u. and rho at 0.94, the density law Steck, the collection window on at z_ratio 0.667 (M2 1), depletion at 3 cycles through companion_transit_mhz (transit at 130 C 1.5320 to 1.6412 MHz). the _err_hessian bars are conditional, every other parameter pinned, at a bound: sigma_l_P sigma_l_T. the dchi2_beta columns are the beta profile, chi2 with beta pinned at 0, theory, 5x and 20x theory and everything else refit, above the free minimum. the power-arm check reads the model's width ratio across each session's ladder at the TIED Omega (scale 1) with everything else fitted: P against the archive's 0.9956 +- 0.0188, refused at pull +6.63, pooled over 1 sessions refused at pull +6.63. centres profiled per trace and re-profiled after each inner fit, outer passes [1], last centre move 0.001 MHz. dchi2 is against the base arm (M2 1, no depletion) at the same waist, warm-started from it",DIAGNOSTIC
arm,PT,session,False,mixed,1,3,,,52,,,,,,,,,76000,160,0.89,86000,159,0,P:0.900 T:0.871,"P:WING-LAW(core +1, wing -19) T:WING-LAW(core -5, wing -14)",63,0.583,0.034,,,1.062,0.015,0.855,0.054,,,,,,,0.041,0.038,0.3978,0.0036,,,,,,,,,,,,,,,,,,,2.04,0.12,-3.7,,,,,,,,-4.8,0.55,0.028,1.2,1.2,0.39,True,40,1.0387,1.0117,0.9956,0.0188,2.3,True,2.3,True,,,,,,,,,,15,"the whitened profile likelihood over 159 traces of sessions PT at this waist with beta_self, the laser widths (session), the Omega scale (prior 1 +- 0.2) refit from 2 starts, gamma_l free and shared, Delta_alpha pinned at -1131.8 a.u. and rho at 0.94, the density law Steck, the collection window on at z_ratio 0.395 (M2 1), depletion at 3 cycles through companion_transit_mhz (transit at 130 C 1.1784 to 1.2103 MHz). the _err_hessian bars are conditional, every other parameter pinned. the dchi2_beta columns are the beta profile, chi2 with beta pinned at 0, theory, 5x and 20x theory and everything else refit, above the free minimum. the power-arm check reads the model's width ratio across each session's ladder at the TIED Omega (scale 1) with everything else fitted: P against the archive's 0.9956 +- 0.0188, refused at pull +2.30, pooled over 1 sessions refused at pull +2.30. centres profiled per trace and re-profiled after each inner fit, outer passes [1], last centre move 0.006 MHz. dchi2 is against the base arm (M2 1, no depletion) at the same waist, warm-started from it",DIAGNOSTIC
arm,PT,session,False,mixed,1,3,,,90,,,,,,,,,76000,4.3,0.89,86000,159,0,P:0.905 T:0.867,"P:WING-LAW(core +2, wing -19) T:WING-LAW(core -5, wing -14)",28,0.623,0.034,,,2.1066,0.0075,1.954,0.025,,,,,,,0.29,0.10,0.5766,0.0035,,,,,,,,,,,,,,,,,,,2.18,0.12,-3.4,,,,,,,,-3.5,0.18,0.067,0.68,0.68,0.13,True,40,1.0037,1.0011,0.9956,0.0188,0.43,False,0.43,False,,,,,,,,,,15,"the whitened profile likelihood over 159 traces of sessions PT at this waist with beta_self, the laser widths (session), the Omega scale (prior 1 +- 0.2) refit from 2 starts, gamma_l free and shared, Delta_alpha pinned at -1131.8 a.u. and rho at 0.94, the density law Steck, the collection window on at z_ratio 0.132 (M2 1), depletion at 3 cycles through companion_transit_mhz (transit at 130 C 0.6809 to 0.6830 MHz). the _err_hessian bars are conditional, every other parameter pinned. the dchi2_beta columns are the beta profile, chi2 with beta pinned at 0, theory, 5x and 20x theory and everything else refit, above the free minimum. the power-arm check reads the model's width ratio across each session's ladder at the TIED Omega (scale 1) with everything else fitted: P against the archive's 0.9956 +- 0.0188, passes at pull +0.43, pooled over 1 sessions passes at pull +0.43. centres profiled per trace and re-profiled after each inner fit, outer passes [1], last centre move 0.000 MHz. dchi2 is against the base arm (M2 1, no depletion) at the same waist, warm-started from it",DIAGNOSTIC
arm,PT,session,False,mixed,1.5,0,,,40,,,,,,,,,76000,1.4,0.90,86000,159,0,P:0.905 T:0.882,"P:WING-LAW(core +0, wing -18) T:WING-LAW(core -5, wing -13)",28,0.636,0.034,,,0.2000,0.0060,0.200,0.013,,,,,,,0.014,0.023,0.0871,0.0036,,,,,,,,,,,,,,,,,,,2.22,0.12,-3.3,,,,,,,,-4.9,0.92,0.016,1.5,1.5,1.0,False,49,1.0840,1.0075,0.9956,0.0188,4.7,True,4.7,True,,,,,,,,,sigma_l_P sigma_l_T,160,"the whitened profile likelihood over 159 traces of sessions PT at this waist with beta_self, the laser widths (session), the Omega scale (prior 1 +- 0.2) refit from 2 starts, gamma_l free and shared, Delta_alpha pinned at -1131.8 a.u. and rho at 0.94, the density law Steck, the collection window on at z_ratio 1.001 (M2 1.5), depletion at 0 cycles through companion_transit_mhz (transit at 130 C 1.5320 to 1.5320 MHz). the _err_hessian bars are conditional, every other parameter pinned, at a bound: sigma_l_P sigma_l_T. the dchi2_beta columns are the beta profile, chi2 with beta pinned at 0, theory, 5x and 20x theory and everything else refit, above the free minimum. the power-arm check reads the model's width ratio across each session's ladder at the TIED Omega (scale 1) with everything else fitted: P against the archive's 0.9956 +- 0.0188, refused at pull +4.71, pooled over 1 sessions refused at pull +4.71. centres profiled per trace and re-profiled after each inner fit, outer passes [1], last centre move 0.000 MHz. dchi2 is against the base arm (M2 1, no depletion) at the same waist, warm-started from it",DIAGNOSTIC
arm,PT,session,False,mixed,1.5,0,,,52,,,,,,,,,76000,-0.66,0.89,86000,159,0,P:0.898 T:0.870,"P:WING-LAW(core -0, wing -19) T:WING-LAW(core -5, wing -14)",21,0.597,0.034,,,1.135,0.014,0.969,0.050,,,,,,,0.039,0.041,0.4160,0.0036,,,,,,,,,,,,,,,,,,,2.09,0.12,-3.6,,,,,,,,-4.8,0.55,0.027,1.2,1.2,0.59,True,49,1.0292,1.0025,0.9956,0.0188,1.8,True,1.8,True,,,,,,,,,,9.1,"the whitened profile likelihood over 159 traces of sessions PT at this waist with beta_self, the laser widths (session), the Omega scale (prior 1 +- 0.2) refit from 2 starts, gamma_l free and shared, Delta_alpha pinned at -1131.8 a.u. and rho at 0.94, the density law Steck, the collection window on at z_ratio 0.592 (M2 1.5), depletion at 0 cycles through companion_transit_mhz (transit at 130 C 1.1784 to 1.1784 MHz). the _err_hessian bars are conditional, every other parameter pinned. the dchi2_beta columns are the beta profile, chi2 with beta pinned at 0, theory, 5x and 20x theory and everything else refit, above the free minimum. the power-arm check reads the model's width ratio across each session's ladder at the TIED Omega (scale 1) with everything else fitted: P against the archive's 0.9956 +- 0.0188, refused at pull +1.79, pooled over 1 sessions refused at pull +1.79. centres profiled per trace and re-profiled after each inner fit, outer passes [1], last centre move 0.001 MHz. dchi2 is against the base arm (M2 1, no depletion) at the same waist, warm-started from it",DIAGNOSTIC
arm,PT,session,False,mixed,1.5,0,,,90,,,,,,,,,76000,-0.011,0.89,86000,159,0,P:0.905 T:0.867,"P:WING-LAW(core +2, wing -19) T:WING-LAW(core -5, wing -14)",21,0.623,0.034,,,2.1095,0.0075,1.957,0.025,,,,,,,0.29,0.10,0.5769,0.0035,,,,,,,,,,,,,,,,,,,2.18,0.12,-3.4,,,,,,,,-3.5,0.18,0.067,0.68,0.68,0.20,True,49,1.0032,1.0006,0.9956,0.0188,0.41,False,0.41,False,,,,,,,,,,14,"the whitened profile likelihood over 159 traces of sessions PT at this waist with beta_self, the laser widths (session), the Omega scale (prior 1 +- 0.2) refit from 2 starts, gamma_l free and shared, Delta_alpha pinned at -1131.8 a.u. and rho at 0.94, the density law Steck, the collection window on at z_ratio 0.198 (M2 1.5), depletion at 0 cycles through companion_transit_mhz (transit at 130 C 0.6809 to 0.6809 MHz). the _err_hessian bars are conditional, every other parameter pinned. the dchi2_beta columns are the beta profile, chi2 with beta pinned at 0, theory, 5x and 20x theory and everything else refit, above the free minimum. the power-arm check reads the model's width ratio across each session's ladder at the TIED Omega (scale 1) with everything else fitted: P against the archive's 0.9956 +- 0.0188, passes at pull +0.41, pooled over 1 sessions passes at pull +0.41. centres profiled per trace and re-profiled after each inner fit, outer passes [1], last centre move 0.000 MHz. dchi2 is against the base arm (M2 1, no depletion) at the same waist, warm-started from it",DIAGNOSTIC
arm,PT,session,False,mixed,1.5,3,,,40,,,,,,,,,78000,1600,0.92,86000,159,0,P:0.928 T:0.889,"P:WING-LAW(core +6, wing -17) T:WING-LAW(core -3, wing -12)",77,0.111,0.035,,,0.2000,0.0042,0.2000,0.0081,,,,,,,0.011,0.016,0.0058,0.0026,,,,,,,,,,,,,,,,,,,0.39,0.12,-8.0,,,,,,,,-4.9,0.92,0.013,1.5,1.6,1.0,False,49,1.1201,1.0417,0.9956,0.0188,6.6,True,6.6,True,,,,,,,,,sigma_l_P sigma_l_T,250,"the whitened profile likelihood over 159 traces of sessions PT at this waist with beta_self, the laser widths (session), the Omega scale (prior 1 +- 0.2) refit from 2 starts, gamma_l free and shared, Delta_alpha pinned at -1131.8 a.u. and rho at 0.94, the density law Steck, the collection window on at z_ratio 1.001 (M2 1.5), depletion at 3 cycles through companion_transit_mhz (transit at 130 C 1.5320 to 1.6412 MHz). the _err_hessian bars are conditional, every other parameter pinned, at a bound: sigma_l_P sigma_l_T. the dchi2_beta columns are the beta profile, chi2 with beta pinned at 0, theory, 5x and 20x theory and everything else refit, above the free minimum. the power-arm check reads the model's width ratio across each session's ladder at the TIED Omega (scale 1) with everything else fitted: P against the archive's 0.9956 +- 0.0188, refused at pull +6.64, pooled over 1 sessions refused at pull +6.64. centres profiled per trace and re-profiled after each inner fit, outer passes [1], last centre move 0.001 MHz. dchi2 is against the base arm (M2 1, no depletion) at the same waist, warm-started from it",DIAGNOSTIC
arm,PT,session,False,mixed,1.5,3,,,52,,,,,,,,,76000,160,0.89,86000,159,0,P:0.900 T:0.871,"P:WING-LAW(core +0, wing -19) T:WING-LAW(core -5, wing -14)",84,0.591,0.034,,,1.058,0.015,0.854,0.055,,,,,,,0.037,0.038,0.3982,0.0036,,,,,,,,,,,,,,,,,,,2.07,0.12,-3.7,,,,,,,,-4.8,0.55,0.025,1.2,1.2,0.59,True,49,1.0387,1.0117,0.9956,0.0188,2.3,True,2.3,True,,,,,,,,,,19,"the whitened profile likelihood over 159 traces of sessions PT at this waist with beta_self, the laser widths (session), the Omega scale (prior 1 +- 0.2) refit from 2 starts, gamma_l free and shared, Delta_alpha pinned at -1131.8 a.u. and rho at 0.94, the density law Steck, the collection window on at z_ratio 0.592 (M2 1.5), depletion at 3 cycles through companion_transit_mhz (transit at 130 C 1.1784 to 1.2103 MHz). the _err_hessian bars are conditional, every other parameter pinned. the dchi2_beta columns are the beta profile, chi2 with beta pinned at 0, theory, 5x and 20x theory and everything else refit, above the free minimum. the power-arm check reads the model's width ratio across each session's ladder at the TIED Omega (scale 1) with everything else fitted: P against the archive's 0.9956 +- 0.0188, refused at pull +2.30, pooled over 1 sessions refused at pull +2.30. centres profiled per trace and re-profiled after each inner fit, outer passes [1], last centre move 0.007 MHz. dchi2 is against the base arm (M2 1, no depletion) at the same waist, warm-started from it",DIAGNOSTIC
arm,PT,session,False,mixed,1.5,3,,,90,,,,,,,,,76000,4.3,0.89,86000,159,0,P:0.905 T:0.867,"P:WING-LAW(core +2, wing -19) T:WING-LAW(core -5, wing -14)",28,0.623,0.034,,,2.1066,0.0075,1.954,0.025,,,,,,,0.29,0.10,0.5766,0.0035,,,,,,,,,,,,,,,,,,,2.18,0.12,-3.4,,,,,,,,-3.5,0.18,0.067,0.68,0.68,0.20,True,49,1.0037,1.0011,0.9956,0.0188,0.43,False,0.43,False,,,,,,,,,,15,"the whitened profile likelihood over 159 traces of sessions PT at this waist with beta_self, the laser widths (session), the Omega scale (prior 1 +- 0.2) refit from 2 starts, gamma_l free and shared, Delta_alpha pinned at -1131.8 a.u. and rho at 0.94, the density law Steck, the collection window on at z_ratio 0.198 (M2 1.5), depletion at 3 cycles through companion_transit_mhz (transit at 130 C 0.6809 to 0.6830 MHz). the _err_hessian bars are conditional, every other parameter pinned. the dchi2_beta columns are the beta profile, chi2 with beta pinned at 0, theory, 5x and 20x theory and everything else refit, above the free minimum. the power-arm check reads the model's width ratio across each session's ladder at the TIED Omega (scale 1) with everything else fitted: P against the archive's 0.9956 +- 0.0188, passes at pull +0.43, pooled over 1 sessions passes at pull +0.43. centres profiled per trace and re-profiled after each inner fit, outer passes [1], last centre move 0.000 MHz. dchi2 is against the base arm (M2 1, no depletion) at the same waist, warm-started from it",DIAGNOSTIC
arm,PT,session,False,mixed,2,0,,,40,,,,,,,,,76000,10,0.90,86000,159,0,P:0.905 T:0.882,"P:WING-LAW(core +0, wing -18) T:WING-LAW(core -5, wing -13)",28,0.633,0.034,,,0.2000,0.0059,0.200,0.013,,,,,,,0.015,0.023,0.0863,0.0036,,,,,,,,,,,,,,,,,,,2.21,0.12,-3.3,,,,,,,,-4.9,0.92,0.018,1.5,1.5,1.3,False,57,1.0844,1.0080,0.9956,0.0188,4.7,True,4.7,True,,,,,,,,,sigma_l_P sigma_l_T,180,"the whitened profile likelihood over 159 traces of sessions PT at this waist with beta_self, the laser widths (session), the Omega scale (prior 1 +- 0.2) refit from 2 starts, gamma_l free and shared, Delta_alpha pinned at -1131.8 a.u. and rho at 0.94, the density law Steck, the collection window on at z_ratio 1.334 (M2 2), depletion at 0 cycles through companion_transit_mhz (transit at 130 C 1.5320 to 1.5320 MHz). the _err_hessian bars are conditional, every other parameter pinned, at a bound: sigma_l_P sigma_l_T. the dchi2_beta columns are the beta profile, chi2 with beta pinned at 0, theory, 5x and 20x theory and everything else refit, above the free minimum. the power-arm check reads the model's width ratio across each session's ladder at the TIED Omega (scale 1) with everything else fitted: P against the archive's 0.9956 +- 0.0188, refused at pull +4.74, pooled over 1 sessions refused at pull +4.74. centres profiled per trace and re-profiled after each inner fit, outer passes [1], last centre move 0.001 MHz. dchi2 is against the base arm (M2 1, no depletion) at the same waist, warm-started from it",DIAGNOSTIC
arm,PT,session,False,mixed,2,0,,,52,,,,,,,,,76000,-0.92,0.89,86000,159,0,P:0.898 T:0.870,"P:WING-LAW(core -0, wing -19) T:WING-LAW(core -5, wing -14)",42,0.597,0.034,,,1.131,0.014,0.961,0.050,,,,,,,0.049,0.041,0.4168,0.0036,,,,,,,,,,,,,,,,,,,2.09,0.12,-3.6,,,,,,,,-4.8,0.55,0.033,1.2,1.2,0.79,False,57,1.0292,1.0025,0.9956,0.0188,1.8,True,1.8,True,,,,,,,,,,9.8,"the whitened profile likelihood over 159 traces of sessions PT at this waist with beta_self, the laser widths (session), the Omega scale (prior 1 +- 0.2) refit from 2 starts, gamma_l free and shared, Delta_alpha pinned at -1131.8 a.u. and rho at 0.94, the density law Steck, the collection window on at z_ratio 0.789 (M2 2), depletion at 0 cycles through companion_transit_mhz (transit at 130 C 1.1784 to 1.1784 MHz). the _err_hessian bars are conditional, every other parameter pinned. the dchi2_beta columns are the beta profile, chi2 with beta pinned at 0, theory, 5x and 20x theory and everything else refit, above the free minimum. the power-arm check reads the model's width ratio across each session's ladder at the TIED Omega (scale 1) with everything else fitted: P against the archive's 0.9956 +- 0.0188, refused at pull +1.79, pooled over 1 sessions refused at pull +1.79. centres profiled per trace and re-profiled after each inner fit, outer passes [1], last centre move 0.000 MHz. dchi2 is against the base arm (M2 1, no depletion) at the same waist, warm-started from it",DIAGNOSTIC
arm,PT,session,False,mixed,2,0,,,90,,,,,,,,,76000,-0.030,0.89,86000,159,0,P:0.905 T:0.867,"P:WING-LAW(core +2, wing -19) T:WING-LAW(core -5, wing -14)",21,0.623,0.034,,,2.1095,0.0075,1.957,0.025,,,,,,,0.29,0.10,0.5769,0.0035,,,,,,,,,,,,,,,,,,,2.18,0.12,-3.4,,,,,,,,-3.5,0.18,0.067,0.68,0.68,0.26,True,57,1.0032,1.0006,0.9956,0.0188,0.41,False,0.41,False,,,,,,,,,,13,"the whitened profile likelihood over 159 traces of sessions PT at this waist with beta_self, the laser widths (session), the Omega scale (prior 1 +- 0.2) refit from 2 starts, gamma_l free and shared, Delta_alpha pinned at -1131.8 a.u. and rho at 0.94, the density law Steck, the collection window on at z_ratio 0.264 (M2 2), depletion at 0 cycles through companion_transit_mhz (transit at 130 C 0.6809 to 0.6809 MHz). the _err_hessian bars are conditional, every other parameter pinned. the dchi2_beta columns are the beta profile, chi2 with beta pinned at 0, theory, 5x and 20x theory and everything else refit, above the free minimum. the power-arm check reads the model's width ratio across each session's ladder at the TIED Omega (scale 1) with everything else fitted: P against the archive's 0.9956 +- 0.0188, passes at pull +0.41, pooled over 1 sessions passes at pull +0.41. centres profiled per trace and re-profiled after each inner fit, outer passes [1], last centre move 0.000 MHz. dchi2 is against the base arm (M2 1, no depletion) at the same waist, warm-started from it",DIAGNOSTIC
arm,PT,session,False,mixed,2,3,,,40,,,,,,,,,78000,1600,0.92,86000,159,0,P:0.928 T:0.889,"P:WING-LAW(core +6, wing -16) T:WING-LAW(core -3, wing -12)",77,0.106,0.035,,,0.2000,0.0041,0.2000,0.0080,,,,,,,0.011,0.016,0.0057,0.0025,,,,,,,,,,,,,,,,,,,0.37,0.12,-8.0,,,,,,,,-4.9,0.92,0.012,1.5,1.6,1.3,False,57,1.1205,1.0422,0.9956,0.0188,6.7,True,6.7,True,,,,,,,,,sigma_l_P sigma_l_T,250,"the whitened profile likelihood over 159 traces of sessions PT at this waist with beta_self, the laser widths (session), the Omega scale (prior 1 +- 0.2) refit from 2 starts, gamma_l free and shared, Delta_alpha pinned at -1131.8 a.u. and rho at 0.94, the density law Steck, the collection window on at z_ratio 1.334 (M2 2), depletion at 3 cycles through companion_transit_mhz (transit at 130 C 1.5320 to 1.6412 MHz). the _err_hessian bars are conditional, every other parameter pinned, at a bound: sigma_l_P sigma_l_T. the dchi2_beta columns are the beta profile, chi2 with beta pinned at 0, theory, 5x and 20x theory and everything else refit, above the free minimum. the power-arm check reads the model's width ratio across each session's ladder at the TIED Omega (scale 1) with everything else fitted: P against the archive's 0.9956 +- 0.0188, refused at pull +6.66, pooled over 1 sessions refused at pull +6.66. centres profiled per trace and re-profiled after each inner fit, outer passes [1], last centre move 0.001 MHz. dchi2 is against the base arm (M2 1, no depletion) at the same waist, warm-started from it",DIAGNOSTIC
arm,PT,session,False,mixed,2,3,,,52,,,,,,,,,76000,160,0.89,86000,159,0,P:0.900 T:0.871,"P:WING-LAW(core +1, wing -19) T:WING-LAW(core -5, wing -14)",42,0.592,0.034,,,1.051,0.015,0.851,0.055,,,,,,,0.042,0.038,0.3998,0.0036,,,,,,,,,,,,,,,,,,,2.07,0.12,-3.7,,,,,,,,-4.8,0.55,0.029,1.2,1.2,0.79,False,57,1.0388,1.0118,0.9956,0.0188,2.3,True,2.3,True,,,,,,,,,,13,"the whitened profile likelihood over 159 traces of sessions PT at this waist with beta_self, the laser widths (session), the Omega scale (prior 1 +- 0.2) refit from 2 starts, gamma_l free and shared, Delta_alpha pinned at -1131.8 a.u. and rho at 0.94, the density law Steck, the collection window on at z_ratio 0.789 (M2 2), depletion at 3 cycles through companion_transit_mhz (transit at 130 C 1.1784 to 1.2103 MHz). the _err_hessian bars are conditional, every other parameter pinned. the dchi2_beta columns are the beta profile, chi2 with beta pinned at 0, theory, 5x and 20x theory and everything else refit, above the free minimum. the power-arm check reads the model's width ratio across each session's ladder at the TIED Omega (scale 1) with everything else fitted: P against the archive's 0.9956 +- 0.0188, refused at pull +2.31, pooled over 1 sessions refused at pull +2.31. centres profiled per trace and re-profiled after each inner fit, outer passes [1], last centre move 0.006 MHz. dchi2 is against the base arm (M2 1, no depletion) at the same waist, warm-started from it",DIAGNOSTIC
arm,PT,session,False,mixed,2,3,,,90,,,,,,,,,76000,4.3,0.89,86000,159,0,P:0.905 T:0.867,"P:WING-LAW(core +2, wing -19) T:WING-LAW(core -5, wing -14)",28,0.623,0.034,,,2.1066,0.0075,1.954,0.025,,,,,,,0.29,0.10,0.5766,0.0035,,,,,,,,,,,,,,,,,,,2.18,0.12,-3.4,,,,,,,,-3.5,0.18,0.067,0.68,0.68,0.26,True,57,1.0037,1.0011,0.9956,0.0188,0.43,False,0.43,False,,,,,,,,,,15,"the whitened profile likelihood over 159 traces of sessions PT at this waist with beta_self, the laser widths (session), the Omega scale (prior 1 +- 0.2) refit from 2 starts, gamma_l free and shared, Delta_alpha pinned at -1131.8 a.u. and rho at 0.94, the density law Steck, the collection window on at z_ratio 0.264 (M2 2), depletion at 3 cycles through companion_transit_mhz (transit at 130 C 0.6809 to 0.6830 MHz). the _err_hessian bars are conditional, every other parameter pinned. the dchi2_beta columns are the beta profile, chi2 with beta pinned at 0, theory, 5x and 20x theory and everything else refit, above the free minimum. the power-arm check reads the model's width ratio across each session's ladder at the TIED Omega (scale 1) with everything else fitted: P against the archive's 0.9956 +- 0.0188, passes at pull +0.43, pooled over 1 sessions passes at pull +0.43. centres profiled per trace and re-profiled after each inner fit, outer passes [1], last centre move 0.000 MHz. dchi2 is against the base arm (M2 1, no depletion) at the same waist, warm-started from it",DIAGNOSTIC
propagation,PT,session,False,gaussian,1,0,delta_alpha-1sigma,,40,,,,,,,,,76000,1.0,0.90,86000,159,0,P:0.905 T:0.885,"P:WING-LAW(core +0, wing -18) T:WING-LAW(core -5, wing -12)",12,1.400,0.034,,,0.2000,0.0073,0.43,0.13,,,,,,,0.027,0.031,0,,,,,,,,,,,,,,,,,,,,4.89,0.12,3.6,,,,,,,,-4.9,0.93,0.031,1.5,1.5,0.67,False,40,1.0841,1.0076,0.9956,0.0188,4.7,True,4.7,True,,,,,,,,,sigma_l_P,100,"the whitened profile likelihood over 159 traces of sessions PT at this waist with beta_self, the laser widths (session), the Omega scale (prior 1 +- 0.2) refit from 2 starts, gamma_l pinned at zero, Delta_alpha pinned at -1137.7 a.u. and rho at 0.94, the density law Steck, the collection window on at z_ratio 0.667 (M2 1), depletion at 0 cycles through companion_transit_mhz (transit at 130 C 1.5320 to 1.5320 MHz). the _err_hessian bars are conditional, every other parameter pinned, at a bound: sigma_l_P. the dchi2_beta columns are the beta profile, chi2 with beta pinned at 0, theory, 5x and 20x theory and everything else refit, above the free minimum. the power-arm check reads the model's width ratio across each session's ladder at the TIED Omega (scale 1) with everything else fitted: P against the archive's 0.9956 +- 0.0188, refused at pull +4.72, pooled over 1 sessions refused at pull +4.72. centres profiled per trace and re-profiled after each inner fit, outer passes [1], last centre move 0.001 MHz. dchi2 is against the base cell at the same waist, and the summary_propagation row reads the shift of the minimum",DIAGNOSTIC
propagation,PT,session,False,gaussian,1,0,delta_alpha-1sigma,,42,,,,,,,,,76000,0.60,0.90,86000,159,0,P:0.901 T:0.886,"P:WING-LAW(core -0, wing -19) T:WING-LAW(core -5, wing -12)",30,2.095,0.034,,,0.467,0.030,0.913,0.054,,,,,,,0.071,0.042,0,,,,,,,,,,,,,,,,,,,,7.33,0.12,9.8,,,,,,,,-4.6,0.84,0.074,1.5,1.5,0.60,True,40,1.0695,1.0065,0.9956,0.0188,3.9,True,3.9,True,,,,,,,,,,25,"the whitened profile likelihood over 159 traces of sessions PT at this waist with beta_self, the laser widths (session), the Omega scale (prior 1 +- 0.2) refit from 2 starts, gamma_l pinned at zero, Delta_alpha pinned at -1137.7 a.u. and rho at 0.94, the density law Steck, the collection window on at z_ratio 0.605 (M2 1), depletion at 0 cycles through companion_transit_mhz (transit at 130 C 1.4590 to 1.4590 MHz). the _err_hessian bars are conditional, every other parameter pinned. the dchi2_beta columns are the beta profile, chi2 with beta pinned at 0, theory, 5x and 20x theory and everything else refit, above the free minimum. the power-arm check reads the model's width ratio across each session's ladder at the TIED Omega (scale 1) with everything else fitted: P against the archive's 0.9956 +- 0.0188, refused at pull +3.94, pooled over 1 sessions refused at pull +3.94. centres profiled per trace and re-profiled after each inner fit, outer passes [1], last centre move 0.000 MHz. dchi2 is against the base cell at the same waist, and the summary_propagation row reads the shift of the minimum",DIAGNOSTIC
propagation,PT,session,False,gaussian,1,0,delta_alpha-1sigma,,44,,,,,,,,,76000,0.44,0.90,86000,159,0,P:0.901 T:0.886,"P:WING-LAW(core -0, wing -19) T:WING-LAW(core -5, wing -12)",12,2.431,0.034,,,0.794,0.019,1.182,0.041,,,,,,,0.173,0.033,0,,,,,,,,,,,,,,,,,,,,8.50,0.12,13,,,,,,,,-4.1,0.77,0.16,1.4,1.4,0.55,True,40,1.0572,1.0067,0.9956,0.0188,3.3,True,3.3,True,,,,,,,,,,11,"the whitened profile likelihood over 159 traces of sessions PT at this waist with beta_self, the laser widths (session), the Omega scale (prior 1 +- 0.2) refit from 2 starts, gamma_l pinned at zero, Delta_alpha pinned at -1137.7 a.u. and rho at 0.94, the density law Steck, the collection window on at z_ratio 0.551 (M2 1), depletion at 0 cycles through companion_transit_mhz (transit at 130 C 1.3927 to 1.3927 MHz). the _err_hessian bars are conditional, every other parameter pinned. the dchi2_beta columns are the beta profile, chi2 with beta pinned at 0, theory, 5x and 20x theory and everything else refit, above the free minimum. the power-arm check reads the model's width ratio across each session's ladder at the TIED Omega (scale 1) with everything else fitted: P against the archive's 0.9956 +- 0.0188, refused at pull +3.29, pooled over 1 sessions refused at pull +3.29. centres profiled per trace and re-profiled after each inner fit, outer passes [1], last centre move 0.000 MHz. dchi2 is against the base cell at the same waist, and the summary_propagation row reads the shift of the minimum",DIAGNOSTIC
propagation,PT,session,False,gaussian,1,0,delta_alpha+1sigma,,40,,,,,,,,,76000,-1.2,0.90,86000,159,0,P:0.905 T:0.885,"P:WING-LAW(core +0, wing -18) T:WING-LAW(core -5, wing -12)",18,1.403,0.034,,,0.2000,0.0075,0.43,0.12,,,,,,,0.031,0.031,0,,,,,,,,,,,,,,,,,,,,4.90,0.12,3.6,,,,,,,,-4.8,0.92,0.035,1.5,1.5,0.67,False,40,1.0840,1.0075,0.9956,0.0188,4.7,True,4.7,True,,,,,,,,,sigma_l_P,100,"the whitened profile likelihood over 159 traces of sessions PT at this waist with beta_self, the laser widths (session), the Omega scale (prior 1 +- 0.2) refit from 2 starts, gamma_l pinned at zero, Delta_alpha pinned at -1125.9 a.u. and rho at 0.94, the density law Steck, the collection window on at z_ratio 0.667 (M2 1), depletion at 0 cycles through companion_transit_mhz (transit at 130 C 1.5320 to 1.5320 MHz). the _err_hessian bars are conditional, every other parameter pinned, at a bound: sigma_l_P. the dchi2_beta columns are the beta profile, chi2 with beta pinned at 0, theory, 5x and 20x theory and everything else refit, above the free minimum. the power-arm check reads the model's width ratio across each session's ladder at the TIED Omega (scale 1) with everything else fitted: P against the archive's 0.9956 +- 0.0188, refused at pull +4.71, pooled over 1 sessions refused at pull +4.71. centres profiled per trace and re-profiled after each inner fit, outer passes [1], last centre move 0.000 MHz. dchi2 is against the base cell at the same waist, and the summary_propagation row reads the shift of the minimum",DIAGNOSTIC
propagation,PT,session,False,gaussian,1,0,delta_alpha+1sigma,,42,,,,,,,,,76000,-0.58,0.90,86000,159,0,P:0.901 T:0.886,"P:WING-LAW(core -0, wing -19) T:WING-LAW(core -5, wing -12)",30,2.095,0.034,,,0.466,0.032,0.911,0.054,,,,,,,0.071,0.042,0,,,,,,,,,,,,,,,,,,,,7.33,0.12,9.8,,,,,,,,-4.6,0.83,0.074,1.5,1.5,0.60,True,40,1.0694,1.0064,0.9956,0.0188,3.9,True,3.9,True,,,,,,,,,,28,"the whitened profile likelihood over 159 traces of sessions PT at this waist with beta_self, the laser widths (session), the Omega scale (prior 1 +- 0.2) refit from 2 starts, gamma_l pinned at zero, Delta_alpha pinned at -1125.9 a.u. and rho at 0.94, the density law Steck, the collection window on at z_ratio 0.605 (M2 1), depletion at 0 cycles through companion_transit_mhz (transit at 130 C 1.4590 to 1.4590 MHz). the _err_hessian bars are conditional, every other parameter pinned. the dchi2_beta columns are the beta profile, chi2 with beta pinned at 0, theory, 5x and 20x theory and everything else refit, above the free minimum. the power-arm check reads the model's width ratio across each session's ladder at the TIED Omega (scale 1) with everything else fitted: P against the archive's 0.9956 +- 0.0188, refused at pull +3.93, pooled over 1 sessions refused at pull +3.93. centres profiled per trace and re-profiled after each inner fit, outer passes [1], last centre move 0.001 MHz. dchi2 is against the base cell at the same waist, and the summary_propagation row reads the shift of the minimum",DIAGNOSTIC
propagation,PT,session,False,gaussian,1,0,delta_alpha+1sigma,,44,,,,,,,,,76000,-0.44,0.90,86000,159,0,P:0.901 T:0.886,"P:WING-LAW(core -0, wing -19) T:WING-LAW(core -5, wing -12)",12,2.434,0.034,,,0.791,0.019,1.181,0.041,,,,,,,0.176,0.033,0,,,,,,,,,,,,,,,,,,,,8.51,0.12,13,,,,,,,,-4.1,0.76,0.17,1.4,1.4,0.55,True,40,1.0572,1.0066,0.9956,0.0188,3.3,True,3.3,True,,,,,,,,,,12,"the whitened profile likelihood over 159 traces of sessions PT at this waist with beta_self, the laser widths (session), the Omega scale (prior 1 +- 0.2) refit from 2 starts, gamma_l pinned at zero, Delta_alpha pinned at -1125.9 a.u. and rho at 0.94, the density law Steck, the collection window on at z_ratio 0.551 (M2 1), depletion at 0 cycles through companion_transit_mhz (transit at 130 C 1.3927 to 1.3927 MHz). the _err_hessian bars are conditional, every other parameter pinned. the dchi2_beta columns are the beta profile, chi2 with beta pinned at 0, theory, 5x and 20x theory and everything else refit, above the free minimum. the power-arm check reads the model's width ratio across each session's ladder at the TIED Omega (scale 1) with everything else fitted: P against the archive's 0.9956 +- 0.0188, refused at pull +3.28, pooled over 1 sessions refused at pull +3.28. centres profiled per trace and re-profiled after each inner fit, outer passes [1], last centre move 0.000 MHz. dchi2 is against the base cell at the same waist, and the summary_propagation row reads the shift of the minimum",DIAGNOSTIC
propagation,PT,session,False,gaussian,1,0,law=AIH,,40,,,,,,,,,76000,-13,0.90,86000,159,0,P:0.905 T:0.885,"P:WING-LAW(core +0, wing -18) T:WING-LAW(core -5, wing -12)",36,1.184,0.029,,,0.2000,0.0068,0.42,0.11,,,,,,,0.020,0.029,0,,,,,,,,,,,,,,,,,,,,4.14,0.10,1.7,,,,,,,,-4.9,0.92,0.023,1.5,1.5,0.67,False,40,1.0840,1.0075,0.9956,0.0188,4.7,True,4.7,True,,,,,,,,,sigma_l_P,140,"the whitened profile likelihood over 159 traces of sessions PT at this waist with beta_self, the laser widths (session), the Omega scale (prior 1 +- 0.2) refit from 2 starts, gamma_l pinned at zero, Delta_alpha pinned at -1131.8 a.u. and rho at 0.94, the density law AIH, the collection window on at z_ratio 0.667 (M2 1), depletion at 0 cycles through companion_transit_mhz (transit at 130 C 1.5320 to 1.5320 MHz). the _err_hessian bars are conditional, every other parameter pinned, at a bound: sigma_l_P. the dchi2_beta columns are the beta profile, chi2 with beta pinned at 0, theory, 5x and 20x theory and everything else refit, above the free minimum. the power-arm check reads the model's width ratio across each session's ladder at the TIED Omega (scale 1) with everything else fitted: P against the archive's 0.9956 +- 0.0188, refused at pull +4.71, pooled over 1 sessions refused at pull +4.71. centres profiled per trace and re-profiled after each inner fit, outer passes [1], last centre move 0.001 MHz. dchi2 is against the base cell at the same waist, and the summary_propagation row reads the shift of the minimum",DIAGNOSTIC
propagation,PT,session,False,gaussian,1,0,law=AIH,,42,,,,,,,,,76000,-66,0.90,86000,159,0,P:0.901 T:0.886,"P:WING-LAW(core -0, wing -19) T:WING-LAW(core -5, wing -12)",42,1.842,0.029,,,0.373,0.041,0.899,0.054,,,,,,,0.049,0.039,0,,,,,,,,,,,,,,,,,,,,6.44,0.10,7.6,,,,,,,,-4.8,0.84,0.051,1.5,1.5,0.60,True,40,1.0697,1.0063,0.9956,0.0188,3.9,True,3.9,True,,,,,,,,,,41,"the whitened profile likelihood over 159 traces of sessions PT at this waist with beta_self, the laser widths (session), the Omega scale (prior 1 +- 0.2) refit from 2 starts, gamma_l pinned at zero, Delta_alpha pinned at -1131.8 a.u. and rho at 0.94, the density law AIH, the collection window on at z_ratio 0.605 (M2 1), depletion at 0 cycles through companion_transit_mhz (transit at 130 C 1.4590 to 1.4590 MHz). the _err_hessian bars are conditional, every other parameter pinned. the dchi2_beta columns are the beta profile, chi2 with beta pinned at 0, theory, 5x and 20x theory and everything else refit, above the free minimum. the power-arm check reads the model's width ratio across each session's ladder at the TIED Omega (scale 1) with everything else fitted: P against the archive's 0.9956 +- 0.0188, refused at pull +3.95, pooled over 1 sessions refused at pull +3.95. centres profiled per trace and re-profiled after each inner fit, outer passes [1], last centre move 0.001 MHz. dchi2 is against the base cell at the same waist, and the summary_propagation row reads the shift of the minimum",DIAGNOSTIC
propagation,PT,session,False,gaussian,1,0,law=AIH,,44,,,,,,,,,76000,-100,0.90,86000,159,0,P:0.900 T:0.887,"P:WING-LAW(core -0, wing -19) T:WING-LAW(core -5, wing -12)",36,2.205,0.029,,,0.714,0.020,1.189,0.041,,,,,,,0.077,0.047,0,,,,,,,,,,,,,,,,,,,,7.71,0.10,11,,,,,,,,-4.6,0.76,0.073,1.4,1.4,0.55,True,40,1.0575,1.0055,0.9956,0.0188,3.3,True,3.3,True,,,,,,,,,,16,"the whitened profile likelihood over 159 traces of sessions PT at this waist with beta_self, the laser widths (session), the Omega scale (prior 1 +- 0.2) refit from 2 starts, gamma_l pinned at zero, Delta_alpha pinned at -1131.8 a.u. and rho at 0.94, the density law AIH, the collection window on at z_ratio 0.551 (M2 1), depletion at 0 cycles through companion_transit_mhz (transit at 130 C 1.3927 to 1.3927 MHz). the _err_hessian bars are conditional, every other parameter pinned. the dchi2_beta columns are the beta profile, chi2 with beta pinned at 0, theory, 5x and 20x theory and everything else refit, above the free minimum. the power-arm check reads the model's width ratio across each session's ladder at the TIED Omega (scale 1) with everything else fitted: P against the archive's 0.9956 +- 0.0188, refused at pull +3.30, pooled over 1 sessions refused at pull +3.30. centres profiled per trace and re-profiled after each inner fit, outer passes [1], last centre move 0.004 MHz. dchi2 is against the base cell at the same waist, and the summary_propagation row reads the shift of the minimum",DIAGNOSTIC
propagation,PT,session,False,gaussian,1,0,law=SMI,,40,,,,,,,,,76000,-13,0.90,86000,159,0,P:0.905 T:0.885,"P:WING-LAW(core +0, wing -18) T:WING-LAW(core -5, wing -12)",54,1.186,0.029,,,0.2000,0.0068,0.44,0.10,,,,,,,0.027,0.029,0,,,,,,,,,,,,,,,,,,,,4.15,0.10,1.7,,,,,,,,-4.9,0.92,0.032,1.5,1.5,0.67,False,40,1.0840,1.0075,0.9956,0.0188,4.7,True,4.7,True,,,,,,,,,sigma_l_P,150,"the whitened profile likelihood over 159 traces of sessions PT at this waist with beta_self, the laser widths (session), the Omega scale (prior 1 +- 0.2) refit from 2 starts, gamma_l pinned at zero, Delta_alpha pinned at -1131.8 a.u. and rho at 0.94, the density law SMI, the collection window on at z_ratio 0.667 (M2 1), depletion at 0 cycles through companion_transit_mhz (transit at 130 C 1.5320 to 1.5320 MHz). the _err_hessian bars are conditional, every other parameter pinned, at a bound: sigma_l_P. the dchi2_beta columns are the beta profile, chi2 with beta pinned at 0, theory, 5x and 20x theory and everything else refit, above the free minimum. the power-arm check reads the model's width ratio across each session's ladder at the TIED Omega (scale 1) with everything else fitted: P against the archive's 0.9956 +- 0.0188, refused at pull +4.71, pooled over 1 sessions refused at pull +4.71. centres profiled per trace and re-profiled after each inner fit, outer passes [1], last centre move 0.001 MHz. dchi2 is against the base cell at the same waist, and the summary_propagation row reads the shift of the minimum",DIAGNOSTIC
propagation,PT,session,False,gaussian,1,0,law=SMI,,42,,,,,,,,,76000,-65,0.90,86000,159,0,P:0.901 T:0.886,"P:WING-LAW(core -0, wing -19) T:WING-LAW(core -5, wing -12)",48,1.852,0.029,,,0.365,0.041,0.902,0.055,,,,,,,0.046,0.039,0,,,,,,,,,,,,,,,,,,,,6.48,0.10,7.7,,,,,,,,-4.8,0.84,0.048,1.5,1.5,0.60,True,40,1.0697,1.0063,0.9956,0.0188,4.0,True,4.0,True,,,,,,,,,,46,"the whitened profile likelihood over 159 traces of sessions PT at this waist with beta_self, the laser widths (session), the Omega scale (prior 1 +- 0.2) refit from 2 starts, gamma_l pinned at zero, Delta_alpha pinned at -1131.8 a.u. and rho at 0.94, the density law SMI, the collection window on at z_ratio 0.605 (M2 1), depletion at 0 cycles through companion_transit_mhz (transit at 130 C 1.4590 to 1.4590 MHz). the _err_hessian bars are conditional, every other parameter pinned. the dchi2_beta columns are the beta profile, chi2 with beta pinned at 0, theory, 5x and 20x theory and everything else refit, above the free minimum. the power-arm check reads the model's width ratio across each session's ladder at the TIED Omega (scale 1) with everything else fitted: P against the archive's 0.9956 +- 0.0188, refused at pull +3.95, pooled over 1 sessions refused at pull +3.95. centres profiled per trace and re-profiled after each inner fit, outer passes [1], last centre move 0.001 MHz. dchi2 is against the base cell at the same waist, and the summary_propagation row reads the shift of the minimum",DIAGNOSTIC
propagation,PT,session,False,gaussian,1,0,law=SMI,,44,,,,,,,,,76000,-100,0.90,86000,159,0,P:0.900 T:0.887,"P:WING-LAW(core -0, wing -19) T:WING-LAW(core -5, wing -12)",60,2.205,0.029,,,0.711,0.020,1.195,0.041,,,,,,,0.095,0.043,0,,,,,,,,,,,,,,,,,,,,7.71,0.10,11,,,,,,,,-4.5,0.76,0.091,1.4,1.4,0.55,True,40,1.0575,1.0056,0.9956,0.0188,3.3,True,3.3,True,,,,,,,,,,17,"the whitened profile likelihood over 159 traces of sessions PT at this waist with beta_self, the laser widths (session), the Omega scale (prior 1 +- 0.2) refit from 2 starts, gamma_l pinned at zero, Delta_alpha pinned at -1131.8 a.u. and rho at 0.94, the density law SMI, the collection window on at z_ratio 0.551 (M2 1), depletion at 0 cycles through companion_transit_mhz (transit at 130 C 1.3927 to 1.3927 MHz). the _err_hessian bars are conditional, every other parameter pinned. the dchi2_beta columns are the beta profile, chi2 with beta pinned at 0, theory, 5x and 20x theory and everything else refit, above the free minimum. the power-arm check reads the model's width ratio across each session's ladder at the TIED Omega (scale 1) with everything else fitted: P against the archive's 0.9956 +- 0.0188, refused at pull +3.30, pooled over 1 sessions refused at pull +3.30. centres profiled per trace and re-profiled after each inner fit, outer passes [1], last centre move 0.004 MHz. dchi2 is against the base cell at the same waist, and the summary_propagation row reads the shift of the minimum",DIAGNOSTIC
propagation,PT,session,False,gaussian,1,0,rho-1sigma,,40,,,,,,,,,76000,-4.6,0.90,86000,159,0,P:0.905 T:0.885,"P:WING-LAW(core +0, wing -18) T:WING-LAW(core -5, wing -12)",24,1.407,0.034,,,0.2001,0.0076,0.433,0.088,,,,,,,0.029,0.032,0,,,,,,,,,,,,,,,,,,,,4.92,0.12,3.6,,,,,,,,-4.9,0.90,0.032,1.5,1.5,0.67,False,40,1.0807,1.0072,0.9956,0.0188,4.5,True,4.5,True,,,,,,,,,sigma_l_P,110,"the whitened profile likelihood over 159 traces of sessions PT at this waist with beta_self, the laser widths (session), the Omega scale (prior 1 +- 0.2) refit from 2 starts, gamma_l pinned at zero, Delta_alpha pinned at -1131.8 a.u. and rho at 0.90, the density law Steck, the collection window on at z_ratio 0.667 (M2 1), depletion at 0 cycles through companion_transit_mhz (transit at 130 C 1.5320 to 1.5320 MHz). the _err_hessian bars are conditional, every other parameter pinned, at a bound: sigma_l_P. the dchi2_beta columns are the beta profile, chi2 with beta pinned at 0, theory, 5x and 20x theory and everything else refit, above the free minimum. the power-arm check reads the model's width ratio across each session's ladder at the TIED Omega (scale 1) with everything else fitted: P against the archive's 0.9956 +- 0.0188, refused at pull +4.54, pooled over 1 sessions refused at pull +4.54. centres profiled per trace and re-profiled after each inner fit, outer passes [1], last centre move 0.000 MHz. dchi2 is against the base cell at the same waist, and the summary_propagation row reads the shift of the minimum",DIAGNOSTIC
propagation,PT,session,False,gaussian,1,0,rho-1sigma,,42,,,,,,,,,76000,-2.4,0.90,86000,159,0,P:0.901 T:0.886,"P:WING-LAW(core -0, wing -19) T:WING-LAW(core -5, wing -12)",30,2.104,0.034,,,0.456,0.033,0.911,0.053,,,,,,,0.083,0.041,0,,,,,,,,,,,,,,,,,,,,7.36,0.12,9.9,,,,,,,,-4.6,0.82,0.085,1.5,1.5,0.60,True,40,1.0667,1.0063,0.9956,0.0188,3.8,True,3.8,True,,,,,,,,,,31,"the whitened profile likelihood over 159 traces of sessions PT at this waist with beta_self, the laser widths (session), the Omega scale (prior 1 +- 0.2) refit from 2 starts, gamma_l pinned at zero, Delta_alpha pinned at -1131.8 a.u. and rho at 0.90, the density law Steck, the collection window on at z_ratio 0.605 (M2 1), depletion at 0 cycles through companion_transit_mhz (transit at 130 C 1.4590 to 1.4590 MHz). the _err_hessian bars are conditional, every other parameter pinned. the dchi2_beta columns are the beta profile, chi2 with beta pinned at 0, theory, 5x and 20x theory and everything else refit, above the free minimum. the power-arm check reads the model's width ratio across each session's ladder at the TIED Omega (scale 1) with everything else fitted: P against the archive's 0.9956 +- 0.0188, refused at pull +3.79, pooled over 1 sessions refused at pull +3.79. centres profiled per trace and re-profiled after each inner fit, outer passes [1], last centre move 0.001 MHz. dchi2 is against the base cell at the same waist, and the summary_propagation row reads the shift of the minimum",DIAGNOSTIC
propagation,PT,session,False,gaussian,1,0,rho-1sigma,,44,,,,,,,,,76000,-2.1,0.90,86000,159,0,P:0.901 T:0.886,"P:WING-LAW(core -0, wing -19) T:WING-LAW(core -5, wing -12)",18,2.402,0.034,,,0.815,0.019,1.186,0.041,,,,,,,0.180,0.033,0,,,,,,,,,,,,,,,,,,,,8.40,0.12,13,,,,,,,,-4.1,0.75,0.17,1.4,1.4,0.55,True,40,1.0548,1.0065,0.9956,0.0188,3.2,True,3.2,True,,,,,,,,,,13,"the whitened profile likelihood over 159 traces of sessions PT at this waist with beta_self, the laser widths (session), the Omega scale (prior 1 +- 0.2) refit from 2 starts, gamma_l pinned at zero, Delta_alpha pinned at -1131.8 a.u. and rho at 0.90, the density law Steck, the collection window on at z_ratio 0.551 (M2 1), depletion at 0 cycles through companion_transit_mhz (transit at 130 C 1.3927 to 1.3927 MHz). the _err_hessian bars are conditional, every other parameter pinned. the dchi2_beta columns are the beta profile, chi2 with beta pinned at 0, theory, 5x and 20x theory and everything else refit, above the free minimum. the power-arm check reads the model's width ratio across each session's ladder at the TIED Omega (scale 1) with everything else fitted: P against the archive's 0.9956 +- 0.0188, refused at pull +3.16, pooled over 1 sessions refused at pull +3.16. centres profiled per trace and re-profiled after each inner fit, outer passes [1], last centre move 0.001 MHz. dchi2 is against the base cell at the same waist, and the summary_propagation row reads the shift of the minimum",DIAGNOSTIC
propagation,PT,session,False,gaussian,1,0,rho+1sigma,,40,,,,,,,,,76000,4.6,0.90,86000,159,0,P:0.905 T:0.885,"P:WING-LAW(core +0, wing -18) T:WING-LAW(core -5, wing -12)",18,1.395,0.034,,,0.2000,0.0074,0.45,0.10,,,,,,,0.023,0.030,0,,,,,,,,,,,,,,,,,,,,4.88,0.12,3.5,,,,,,,,-4.9,0.94,0.028,1.5,1.5,0.67,False,40,1.0875,1.0078,0.9956,0.0188,4.9,True,4.9,True,,,,,,,,,sigma_l_P,100,"the whitened profile likelihood over 159 traces of sessions PT at this waist with beta_self, the laser widths (session), the Omega scale (prior 1 +- 0.2) refit from 2 starts, gamma_l pinned at zero, Delta_alpha pinned at -1131.8 a.u. and rho at 0.98, the density law Steck, the collection window on at z_ratio 0.667 (M2 1), depletion at 0 cycles through companion_transit_mhz (transit at 130 C 1.5320 to 1.5320 MHz). the _err_hessian bars are conditional, every other parameter pinned, at a bound: sigma_l_P. the dchi2_beta columns are the beta profile, chi2 with beta pinned at 0, theory, 5x and 20x theory and everything else refit, above the free minimum. the power-arm check reads the model's width ratio across each session's ladder at the TIED Omega (scale 1) with everything else fitted: P against the archive's 0.9956 +- 0.0188, refused at pull +4.90, pooled over 1 sessions refused at pull +4.90. centres profiled per trace and re-profiled after each inner fit, outer passes [1], last centre move 0.001 MHz. dchi2 is against the base cell at the same waist, and the summary_propagation row reads the shift of the minimum",DIAGNOSTIC
propagation,PT,session,False,gaussian,1,0,rho+1sigma,,42,,,,,,,,,76000,2.5,0.90,86000,159,0,P:0.901 T:0.886,"P:WING-LAW(core -0, wing -19) T:WING-LAW(core -5, wing -12)",60,2.084,0.034,,,0.473,0.029,0.905,0.053,,,,,,,0.069,0.041,0,,,,,,,,,,,,,,,,,,,,7.29,0.12,9.7,,,,,,,,-4.7,0.85,0.074,1.5,1.5,0.60,True,40,1.0722,1.0067,0.9956,0.0188,4.1,True,4.1,True,,,,,,,,,,28,"the whitened profile likelihood over 159 traces of sessions PT at this waist with beta_self, the laser widths (session), the Omega scale (prior 1 +- 0.2) refit from 2 starts, gamma_l pinned at zero, Delta_alpha pinned at -1131.8 a.u. and rho at 0.98, the density law Steck, the collection window on at z_ratio 0.605 (M2 1), depletion at 0 cycles through companion_transit_mhz (transit at 130 C 1.4590 to 1.4590 MHz). the _err_hessian bars are conditional, every other parameter pinned. the dchi2_beta columns are the beta profile, chi2 with beta pinned at 0, theory, 5x and 20x theory and everything else refit, above the free minimum. the power-arm check reads the model's width ratio across each session's ladder at the TIED Omega (scale 1) with everything else fitted: P against the archive's 0.9956 +- 0.0188, refused at pull +4.09, pooled over 1 sessions refused at pull +4.09. centres profiled per trace and re-profiled after each inner fit, outer passes [1], last centre move 0.001 MHz. dchi2 is against the base cell at the same waist, and the summary_propagation row reads the shift of the minimum",DIAGNOSTIC
propagation,PT,session,False,gaussian,1,0,rho+1sigma,,44,,,,,,,,,76000,2.1,0.90,86000,159,0,P:0.901 T:0.886,"P:WING-LAW(core -0, wing -19) T:WING-LAW(core -5, wing -12)",42,2.413,0.034,,,0.799,0.018,1.176,0.042,,,,,,,0.178,0.031,0,,,,,,,,,,,,,,,,,,,,8.44,0.12,13,,,,,,,,-4.1,0.78,0.17,1.4,1.4,0.55,True,40,1.0596,1.0070,0.9956,0.0188,3.4,True,3.4,True,,,,,,,,,,17,"the whitened profile likelihood over 159 traces of sessions PT at this waist with beta_self, the laser widths (session), the Omega scale (prior 1 +- 0.2) refit from 2 starts, gamma_l pinned at zero, Delta_alpha pinned at -1131.8 a.u. and rho at 0.98, the density law Steck, the collection window on at z_ratio 0.551 (M2 1), depletion at 0 cycles through companion_transit_mhz (transit at 130 C 1.3927 to 1.3927 MHz). the _err_hessian bars are conditional, every other parameter pinned. the dchi2_beta columns are the beta profile, chi2 with beta pinned at 0, theory, 5x and 20x theory and everything else refit, above the free minimum. the power-arm check reads the model's width ratio across each session's ladder at the TIED Omega (scale 1) with everything else fitted: P against the archive's 0.9956 +- 0.0188, refused at pull +3.41, pooled over 1 sessions refused at pull +3.41. centres profiled per trace and re-profiled after each inner fit, outer passes [1], last centre move 0.000 MHz. dchi2 is against the base cell at the same waist, and the summary_propagation row reads the shift of the minimum",DIAGNOSTIC
propagation,PT,session,False,lorentzian,1,0,delta_alpha-1sigma,,44,,,,,,,,,76000,0.27,0.89,86000,159,0,P:0.899 T:0.875,"P:WING-LAW(core -0, wing -19) T:WING-LAW(core -5, wing -13)",24,0.860,0.034,,,0.2517,0.0037,0.298,0.012,,,,,,,0.022,0.028,0,,,,,,,,,,,,,,,,,,,,3.01,0.12,-1.3,,,,,,,,-4.9,0.77,0.021,1.4,1.4,0.55,True,40,1.0580,1.0045,0.9956,0.0188,3.3,True,3.3,True,,,,,,,,,,3.8,"the whitened profile likelihood over 159 traces of sessions PT at this waist with beta_self, the laser widths (session), the Omega scale (prior 1 +- 0.2) refit from 2 starts, gamma_l pinned at zero, Delta_alpha pinned at -1137.7 a.u. and rho at 0.94, the density law Steck, the collection window on at z_ratio 0.551 (M2 1), depletion at 0 cycles through companion_transit_mhz (transit at 130 C 1.3927 to 1.3927 MHz). the _err_hessian bars are conditional, every other parameter pinned. the dchi2_beta columns are the beta profile, chi2 with beta pinned at 0, theory, 5x and 20x theory and everything else refit, above the free minimum. the power-arm check reads the model's width ratio across each session's ladder at the TIED Omega (scale 1) with everything else fitted: P against the archive's 0.9956 +- 0.0188, refused at pull +3.33, pooled over 1 sessions refused at pull +3.33. centres profiled per trace and re-profiled after each inner fit, outer passes [1], last centre move 0.000 MHz. dchi2 is against the base cell at the same waist, and the summary_propagation row reads the shift of the minimum",DIAGNOSTIC
propagation,PT,session,False,lorentzian,1,0,delta_alpha-1sigma,,46,,,,,,,,,76000,0.17,0.89,86000,159,0,P:0.899 T:0.873,"P:WING-LAW(core -0, wing -19) T:WING-LAW(core -5, wing -14)",30,0.860,0.034,,,0.3305,0.0037,0.372,0.012,,,,,,,0.024,0.031,0,,,,,,,,,,,,,,,,,,,,3.01,0.12,-1.3,,,,,,,,-4.9,0.70,0.021,1.3,1.3,0.50,True,40,1.0492,1.0040,0.9956,0.0188,2.9,True,2.9,True,,,,,,,,,,4.0,"the whitened profile likelihood over 159 traces of sessions PT at this waist with beta_self, the laser widths (session), the Omega scale (prior 1 +- 0.2) refit from 2 starts, gamma_l pinned at zero, Delta_alpha pinned at -1137.7 a.u. and rho at 0.94, the density law Steck, the collection window on at z_ratio 0.504 (M2 1), depletion at 0 cycles through companion_transit_mhz (transit at 130 C 1.3321 to 1.3321 MHz). the _err_hessian bars are conditional, every other parameter pinned. the dchi2_beta columns are the beta profile, chi2 with beta pinned at 0, theory, 5x and 20x theory and everything else refit, above the free minimum. the power-arm check reads the model's width ratio across each session's ladder at the TIED Omega (scale 1) with everything else fitted: P against the archive's 0.9956 +- 0.0188, refused at pull +2.86, pooled over 1 sessions refused at pull +2.86. centres profiled per trace and re-profiled after each inner fit, outer passes [1], last centre move 0.000 MHz. dchi2 is against the base cell at the same waist, and the summary_propagation row reads the shift of the minimum",DIAGNOSTIC
propagation,PT,session,False,lorentzian,1,0,delta_alpha-1sigma,,48,,,,,,,,,76000,0.063,0.89,86000,159,0,P:0.901 T:0.871,"P:WING-LAW(core +0, wing -19) T:WING-LAW(core -5, wing -14)",24,0.863,0.034,,,0.4008,0.0037,0.438,0.012,,,,,,,0.030,0.034,0,,,,,,,,,,,,,,,,,,,,3.02,0.12,-1.2,,,,,,,,-4.8,0.64,0.024,1.3,1.3,0.46,True,40,1.0420,1.0036,0.9956,0.0188,2.5,True,2.5,True,,,,,,,,,,4.5,"the whitened profile likelihood over 159 traces of sessions PT at this waist with beta_self, the laser widths (session), the Omega scale (prior 1 +- 0.2) refit from 2 starts, gamma_l pinned at zero, Delta_alpha pinned at -1137.7 a.u. and rho at 0.94, the density law Steck, the collection window on at z_ratio 0.463 (M2 1), depletion at 0 cycles through companion_transit_mhz (transit at 130 C 1.2766 to 1.2766 MHz). the _err_hessian bars are conditional, every other parameter pinned. the dchi2_beta columns are the beta profile, chi2 with beta pinned at 0, theory, 5x and 20x theory and everything else refit, above the free minimum. the power-arm check reads the model's width ratio across each session's ladder at the TIED Omega (scale 1) with everything else fitted: P against the archive's 0.9956 +- 0.0188, refused at pull +2.47, pooled over 1 sessions refused at pull +2.47. centres profiled per trace and re-profiled after each inner fit, outer passes [1], last centre move 0.000 MHz. dchi2 is against the base cell at the same waist, and the summary_propagation row reads the shift of the minimum",DIAGNOSTIC
propagation,PT,session,False,lorentzian,1,0,delta_alpha+1sigma,,44,,,,,,,,,76000,-0.25,0.89,86000,159,0,P:0.899 T:0.875,"P:WING-LAW(core -0, wing -19) T:WING-LAW(core -5, wing -13)",24,0.860,0.034,,,0.2518,0.0037,0.298,0.012,,,,,,,0.022,0.029,0,,,,,,,,,,,,,,,,,,,,3.01,0.12,-1.2,,,,,,,,-4.9,0.76,0.021,1.4,1.4,0.55,True,40,1.0580,1.0044,0.9956,0.0188,3.3,True,3.3,True,,,,,,,,,,3.8,"the whitened profile likelihood over 159 traces of sessions PT at this waist with beta_self, the laser widths (session), the Omega scale (prior 1 +- 0.2) refit from 2 starts, gamma_l pinned at zero, Delta_alpha pinned at -1125.9 a.u. and rho at 0.94, the density law Steck, the collection window on at z_ratio 0.551 (M2 1), depletion at 0 cycles through companion_transit_mhz (transit at 130 C 1.3927 to 1.3927 MHz). the _err_hessian bars are conditional, every other parameter pinned. the dchi2_beta columns are the beta profile, chi2 with beta pinned at 0, theory, 5x and 20x theory and everything else refit, above the free minimum. the power-arm check reads the model's width ratio across each session's ladder at the TIED Omega (scale 1) with everything else fitted: P against the archive's 0.9956 +- 0.0188, refused at pull +3.33, pooled over 1 sessions refused at pull +3.33. centres profiled per trace and re-profiled after each inner fit, outer passes [1], last centre move 0.000 MHz. dchi2 is against the base cell at the same waist, and the summary_propagation row reads the shift of the minimum",DIAGNOSTIC
propagation,PT,session,False,lorentzian,1,0,delta_alpha+1sigma,,46,,,,,,,,,76000,-0.17,0.89,86000,159,0,P:0.899 T:0.873,"P:WING-LAW(core -0, wing -19) T:WING-LAW(core -5, wing -14)",30,0.860,0.034,,,0.3305,0.0037,0.372,0.012,,,,,,,0.024,0.031,0,,,,,,,,,,,,,,,,,,,,3.01,0.12,-1.3,,,,,,,,-4.9,0.69,0.021,1.3,1.3,0.50,True,40,1.0491,1.0039,0.9956,0.0188,2.9,True,2.9,True,,,,,,,,,,4.1,"the whitened profile likelihood over 159 traces of sessions PT at this waist with beta_self, the laser widths (session), the Omega scale (prior 1 +- 0.2) refit from 2 starts, gamma_l pinned at zero, Delta_alpha pinned at -1125.9 a.u. and rho at 0.94, the density law Steck, the collection window on at z_ratio 0.504 (M2 1), depletion at 0 cycles through companion_transit_mhz (transit at 130 C 1.3321 to 1.3321 MHz). the _err_hessian bars are conditional, every other parameter pinned. the dchi2_beta columns are the beta profile, chi2 with beta pinned at 0, theory, 5x and 20x theory and everything else refit, above the free minimum. the power-arm check reads the model's width ratio across each session's ladder at the TIED Omega (scale 1) with everything else fitted: P against the archive's 0.9956 +- 0.0188, refused at pull +2.85, pooled over 1 sessions refused at pull +2.85. centres profiled per trace and re-profiled after each inner fit, outer passes [1], last centre move 0.000 MHz. dchi2 is against the base cell at the same waist, and the summary_propagation row reads the shift of the minimum",DIAGNOSTIC
propagation,PT,session,False,lorentzian,1,0,delta_alpha+1sigma,,48,,,,,,,,,76000,-0.075,0.89,86000,159,0,P:0.901 T:0.871,"P:WING-LAW(core +0, wing -19) T:WING-LAW(core -5, wing -14)",24,0.864,0.034,,,0.4009,0.0037,0.439,0.012,,,,,,,0.030,0.034,0,,,,,,,,,,,,,,,,,,,,3.02,0.12,-1.2,,,,,,,,-4.8,0.64,0.024,1.3,1.3,0.46,True,40,1.0419,1.0035,0.9956,0.0188,2.5,True,2.5,True,,,,,,,,,,4.4,"the whitened profile likelihood over 159 traces of sessions PT at this waist with beta_self, the laser widths (session), the Omega scale (prior 1 +- 0.2) refit from 2 starts, gamma_l pinned at zero, Delta_alpha pinned at -1125.9 a.u. and rho at 0.94, the density law Steck, the collection window on at z_ratio 0.463 (M2 1), depletion at 0 cycles through companion_transit_mhz (transit at 130 C 1.2766 to 1.2766 MHz). the _err_hessian bars are conditional, every other parameter pinned. the dchi2_beta columns are the beta profile, chi2 with beta pinned at 0, theory, 5x and 20x theory and everything else refit, above the free minimum. the power-arm check reads the model's width ratio across each session's ladder at the TIED Omega (scale 1) with everything else fitted: P against the archive's 0.9956 +- 0.0188, refused at pull +2.47, pooled over 1 sessions refused at pull +2.47. centres profiled per trace and re-profiled after each inner fit, outer passes [1], last centre move 0.000 MHz. dchi2 is against the base cell at the same waist, and the summary_propagation row reads the shift of the minimum",DIAGNOSTIC
propagation,PT,session,False,lorentzian,1,0,law=AIH,,44,,,,,,,,,76000,4.9,0.89,86000,159,0,P:0.899 T:0.875,"P:WING-LAW(core -0, wing -19) T:WING-LAW(core -5, wing -13)",54,0.801,0.029,,,0.2407,0.0037,0.295,0.012,,,,,,,0.027,0.028,0,,,,,,,,,,,,,,,,,,,,2.80,0.10,-1.8,,,,,,,,-4.9,0.76,0.026,1.4,1.4,0.55,True,40,1.0580,1.0045,0.9956,0.0188,3.3,True,3.3,True,,,,,,,,,,6.5,"the whitened profile likelihood over 159 traces of sessions PT at this waist with beta_self, the laser widths (session), the Omega scale (prior 1 +- 0.2) refit from 2 starts, gamma_l pinned at zero, Delta_alpha pinned at -1131.8 a.u. and rho at 0.94, the density law AIH, the collection window on at z_ratio 0.551 (M2 1), depletion at 0 cycles through companion_transit_mhz (transit at 130 C 1.3927 to 1.3927 MHz). the _err_hessian bars are conditional, every other parameter pinned. the dchi2_beta columns are the beta profile, chi2 with beta pinned at 0, theory, 5x and 20x theory and everything else refit, above the free minimum. the power-arm check reads the model's width ratio across each session's ladder at the TIED Omega (scale 1) with everything else fitted: P against the archive's 0.9956 +- 0.0188, refused at pull +3.33, pooled over 1 sessions refused at pull +3.33. centres profiled per trace and re-profiled after each inner fit, outer passes [1], last centre move 0.000 MHz. dchi2 is against the base cell at the same waist, and the summary_propagation row reads the shift of the minimum",DIAGNOSTIC
propagation,PT,session,False,lorentzian,1,0,law=AIH,,46,,,,,,,,,76000,4.7,0.89,86000,159,0,P:0.899 T:0.873,"P:WING-LAW(core +0, wing -19) T:WING-LAW(core -5, wing -14)",36,0.821,0.029,,,0.3170,0.0037,0.369,0.012,,,,,,,0.024,0.031,0,,,,,,,,,,,,,,,,,,,,2.87,0.10,-1.6,,,,,,,,-4.9,0.70,0.021,1.3,1.3,0.50,True,40,1.0491,1.0040,0.9956,0.0188,2.9,True,2.9,True,,,,,,,,,,5.1,"the whitened profile likelihood over 159 traces of sessions PT at this waist with beta_self, the laser widths (session), the Omega scale (prior 1 +- 0.2) refit from 2 starts, gamma_l pinned at zero, Delta_alpha pinned at -1131.8 a.u. and rho at 0.94, the density law AIH, the collection window on at z_ratio 0.504 (M2 1), depletion at 0 cycles through companion_transit_mhz (transit at 130 C 1.3321 to 1.3321 MHz). the _err_hessian bars are conditional, every other parameter pinned. the dchi2_beta columns are the beta profile, chi2 with beta pinned at 0, theory, 5x and 20x theory and everything else refit, above the free minimum. the power-arm check reads the model's width ratio across each session's ladder at the TIED Omega (scale 1) with everything else fitted: P against the archive's 0.9956 +- 0.0188, refused at pull +2.86, pooled over 1 sessions refused at pull +2.86. centres profiled per trace and re-profiled after each inner fit, outer passes [1], last centre move 0.000 MHz. dchi2 is against the base cell at the same waist, and the summary_propagation row reads the shift of the minimum",DIAGNOSTIC
propagation,PT,session,False,lorentzian,1,0,law=AIH,,48,,,,,,,,,76000,4.7,0.89,86000,159,0,P:0.901 T:0.871,"P:WING-LAW(core +0, wing -19) T:WING-LAW(core -5, wing -14)",30,0.818,0.029,,,0.3886,0.0037,0.435,0.012,,,,,,,0.031,0.034,0,,,,,,,,,,,,,,,,,,,,2.86,0.10,-1.7,,,,,,,,-4.8,0.64,0.025,1.3,1.3,0.46,True,40,1.0420,1.0035,0.9956,0.0188,2.5,True,2.5,True,,,,,,,,,,5.0,"the whitened profile likelihood over 159 traces of sessions PT at this waist with beta_self, the laser widths (session), the Omega scale (prior 1 +- 0.2) refit from 2 starts, gamma_l pinned at zero, Delta_alpha pinned at -1131.8 a.u. and rho at 0.94, the density law AIH, the collection window on at z_ratio 0.463 (M2 1), depletion at 0 cycles through companion_transit_mhz (transit at 130 C 1.2766 to 1.2766 MHz). the _err_hessian bars are conditional, every other parameter pinned. the dchi2_beta columns are the beta profile, chi2 with beta pinned at 0, theory, 5x and 20x theory and everything else refit, above the free minimum. the power-arm check reads the model's width ratio across each session's ladder at the TIED Omega (scale 1) with everything else fitted: P against the archive's 0.9956 +- 0.0188, refused at pull +2.47, pooled over 1 sessions refused at pull +2.47. centres profiled per trace and re-profiled after each inner fit, outer passes [1], last centre move 0.000 MHz. dchi2 is against the base cell at the same waist, and the summary_propagation row reads the shift of the minimum",DIAGNOSTIC
propagation,PT,session,False,lorentzian,1,0,law=SMI,,44,,,,,,,,,76000,4.2,0.89,86000,159,0,P:0.899 T:0.875,"P:WING-LAW(core -0, wing -19) T:WING-LAW(core -5, wing -13)",66,0.817,0.029,,,0.2389,0.0037,0.295,0.012,,,,,,,0.019,0.029,0,,,,,,,,,,,,,,,,,,,,2.86,0.10,-1.7,,,,,,,,-4.9,0.76,0.018,1.4,1.4,0.55,True,40,1.0580,1.0045,0.9956,0.0188,3.3,True,3.3,True,,,,,,,,,,7.2,"the whitened profile likelihood over 159 traces of sessions PT at this waist with beta_self, the laser widths (session), the Omega scale (prior 1 +- 0.2) refit from 2 starts, gamma_l pinned at zero, Delta_alpha pinned at -1131.8 a.u. and rho at 0.94, the density law SMI, the collection window on at z_ratio 0.551 (M2 1), depletion at 0 cycles through companion_transit_mhz (transit at 130 C 1.3927 to 1.3927 MHz). the _err_hessian bars are conditional, every other parameter pinned. the dchi2_beta columns are the beta profile, chi2 with beta pinned at 0, theory, 5x and 20x theory and everything else refit, above the free minimum. the power-arm check reads the model's width ratio across each session's ladder at the TIED Omega (scale 1) with everything else fitted: P against the archive's 0.9956 +- 0.0188, refused at pull +3.33, pooled over 1 sessions refused at pull +3.33. centres profiled per trace and re-profiled after each inner fit, outer passes [1], last centre move 0.000 MHz. dchi2 is against the base cell at the same waist, and the summary_propagation row reads the shift of the minimum",DIAGNOSTIC
propagation,PT,session,False,lorentzian,1,0,law=SMI,,46,,,,,,,,,76000,4.1,0.89,86000,159,0,P:0.899 T:0.873,"P:WING-LAW(core +0, wing -19) T:WING-LAW(core -5, wing -14)",36,0.823,0.029,,,0.3169,0.0037,0.369,0.012,,,,,,,0.024,0.031,0,,,,,,,,,,,,,,,,,,,,2.88,0.10,-1.6,,,,,,,,-4.9,0.70,0.021,1.3,1.3,0.50,True,40,1.0491,1.0040,0.9956,0.0188,2.9,True,2.9,True,,,,,,,,,,5.0,"the whitened profile likelihood over 159 traces of sessions PT at this waist with beta_self, the laser widths (session), the Omega scale (prior 1 +- 0.2) refit from 2 starts, gamma_l pinned at zero, Delta_alpha pinned at -1131.8 a.u. and rho at 0.94, the density law SMI, the collection window on at z_ratio 0.504 (M2 1), depletion at 0 cycles through companion_transit_mhz (transit at 130 C 1.3321 to 1.3321 MHz). the _err_hessian bars are conditional, every other parameter pinned. the dchi2_beta columns are the beta profile, chi2 with beta pinned at 0, theory, 5x and 20x theory and everything else refit, above the free minimum. the power-arm check reads the model's width ratio across each session's ladder at the TIED Omega (scale 1) with everything else fitted: P against the archive's 0.9956 +- 0.0188, refused at pull +2.86, pooled over 1 sessions refused at pull +2.86. centres profiled per trace and re-profiled after each inner fit, outer passes [1], last centre move 0.000 MHz. dchi2 is against the base cell at the same waist, and the summary_propagation row reads the shift of the minimum",DIAGNOSTIC
propagation,PT,session,False,lorentzian,1,0,law=SMI,,48,,,,,,,,,76000,4.1,0.89,86000,159,0,P:0.901 T:0.871,"P:WING-LAW(core +0, wing -19) T:WING-LAW(core -5, wing -14)",30,0.819,0.029,,,0.3887,0.0037,0.436,0.012,,,,,,,0.032,0.034,0,,,,,,,,,,,,,,,,,,,,2.87,0.10,-1.6,,,,,,,,-4.8,0.64,0.025,1.3,1.3,0.46,True,40,1.0420,1.0036,0.9956,0.0188,2.5,True,2.5,True,,,,,,,,,,5.0,"the whitened profile likelihood over 159 traces of sessions PT at this waist with beta_self, the laser widths (session), the Omega scale (prior 1 +- 0.2) refit from 2 starts, gamma_l pinned at zero, Delta_alpha pinned at -1131.8 a.u. and rho at 0.94, the density law SMI, the collection window on at z_ratio 0.463 (M2 1), depletion at 0 cycles through companion_transit_mhz (transit at 130 C 1.2766 to 1.2766 MHz). the _err_hessian bars are conditional, every other parameter pinned. the dchi2_beta columns are the beta profile, chi2 with beta pinned at 0, theory, 5x and 20x theory and everything else refit, above the free minimum. the power-arm check reads the model's width ratio across each session's ladder at the TIED Omega (scale 1) with everything else fitted: P against the archive's 0.9956 +- 0.0188, refused at pull +2.47, pooled over 1 sessions refused at pull +2.47. centres profiled per trace and re-profiled after each inner fit, outer passes [1], last centre move 0.000 MHz. dchi2 is against the base cell at the same waist, and the summary_propagation row reads the shift of the minimum",DIAGNOSTIC
propagation,PT,session,False,lorentzian,1,0,rho-1sigma,,44,,,,,,,,,76000,-1.1,0.89,86000,159,0,P:0.899 T:0.875,"P:WING-LAW(core -0, wing -19) T:WING-LAW(core -5, wing -13)",24,0.861,0.034,,,0.2520,0.0037,0.298,0.012,,,,,,,0.024,0.029,0,,,,,,,,,,,,,,,,,,,,3.01,0.12,-1.2,,,,,,,,-4.9,0.75,0.023,1.4,1.4,0.55,True,40,1.0557,1.0044,0.9956,0.0188,3.2,True,3.2,True,,,,,,,,,,3.7,"the whitened profile likelihood over 159 traces of sessions PT at this waist with beta_self, the laser widths (session), the Omega scale (prior 1 +- 0.2) refit from 2 starts, gamma_l pinned at zero, Delta_alpha pinned at -1131.8 a.u. and rho at 0.90, the density law Steck, the collection window on at z_ratio 0.551 (M2 1), depletion at 0 cycles through companion_transit_mhz (transit at 130 C 1.3927 to 1.3927 MHz). the _err_hessian bars are conditional, every other parameter pinned. the dchi2_beta columns are the beta profile, chi2 with beta pinned at 0, theory, 5x and 20x theory and everything else refit, above the free minimum. the power-arm check reads the model's width ratio across each session's ladder at the TIED Omega (scale 1) with everything else fitted: P against the archive's 0.9956 +- 0.0188, refused at pull +3.20, pooled over 1 sessions refused at pull +3.20. centres profiled per trace and re-profiled after each inner fit, outer passes [1], last centre move 0.000 MHz. dchi2 is against the base cell at the same waist, and the summary_propagation row reads the shift of the minimum",DIAGNOSTIC
propagation,PT,session,False,lorentzian,1,0,rho-1sigma,,46,,,,,,,,,76000,-0.63,0.89,86000,159,0,P:0.899 T:0.873,"P:WING-LAW(core -0, wing -19) T:WING-LAW(core -5, wing -14)",24,0.862,0.034,,,0.3307,0.0037,0.372,0.012,,,,,,,0.028,0.032,0,,,,,,,,,,,,,,,,,,,,3.01,0.12,-1.2,,,,,,,,-4.9,0.68,0.024,1.3,1.3,0.50,True,40,1.0472,1.0039,0.9956,0.0188,2.8,True,2.8,True,,,,,,,,,,4.0,"the whitened profile likelihood over 159 traces of sessions PT at this waist with beta_self, the laser widths (session), the Omega scale (prior 1 +- 0.2) refit from 2 starts, gamma_l pinned at zero, Delta_alpha pinned at -1131.8 a.u. and rho at 0.90, the density law Steck, the collection window on at z_ratio 0.504 (M2 1), depletion at 0 cycles through companion_transit_mhz (transit at 130 C 1.3321 to 1.3321 MHz). the _err_hessian bars are conditional, every other parameter pinned. the dchi2_beta columns are the beta profile, chi2 with beta pinned at 0, theory, 5x and 20x theory and everything else refit, above the free minimum. the power-arm check reads the model's width ratio across each session's ladder at the TIED Omega (scale 1) with everything else fitted: P against the archive's 0.9956 +- 0.0188, refused at pull +2.75, pooled over 1 sessions refused at pull +2.75. centres profiled per trace and re-profiled after each inner fit, outer passes [1], last centre move 0.000 MHz. dchi2 is against the base cell at the same waist, and the summary_propagation row reads the shift of the minimum",DIAGNOSTIC
propagation,PT,session,False,lorentzian,1,0,rho-1sigma,,48,,,,,,,,,76000,-0.35,0.89,86000,159,0,P:0.901 T:0.871,"P:WING-LAW(core +0, wing -19) T:WING-LAW(core -5, wing -14)",12,0.864,0.034,,,0.4012,0.0037,0.439,0.012,,,,,,,0.035,0.035,0,,,,,,,,,,,,,,,,,,,,3.02,0.12,-1.2,,,,,,,,-4.8,0.63,0.027,1.3,1.3,0.46,True,40,1.0403,1.0035,0.9956,0.0188,2.4,True,2.4,True,,,,,,,,,,4.2,"the whitened profile likelihood over 159 traces of sessions PT at this waist with beta_self, the laser widths (session), the Omega scale (prior 1 +- 0.2) refit from 2 starts, gamma_l pinned at zero, Delta_alpha pinned at -1131.8 a.u. and rho at 0.90, the density law Steck, the collection window on at z_ratio 0.463 (M2 1), depletion at 0 cycles through companion_transit_mhz (transit at 130 C 1.2766 to 1.2766 MHz). the _err_hessian bars are conditional, every other parameter pinned. the dchi2_beta columns are the beta profile, chi2 with beta pinned at 0, theory, 5x and 20x theory and everything else refit, above the free minimum. the power-arm check reads the model's width ratio across each session's ladder at the TIED Omega (scale 1) with everything else fitted: P against the archive's 0.9956 +- 0.0188, refused at pull +2.38, pooled over 1 sessions refused at pull +2.38. centres profiled per trace and re-profiled after each inner fit, outer passes [1], last centre move 0.000 MHz. dchi2 is against the base cell at the same waist, and the summary_propagation row reads the shift of the minimum",DIAGNOSTIC
propagation,PT,session,False,lorentzian,1,0,rho+1sigma,,44,,,,,,,,,76000,1.7,0.89,86000,159,0,P:0.899 T:0.875,"P:WING-LAW(core -0, wing -19) T:WING-LAW(core -5, wing -13)",18,0.859,0.034,,,0.2514,0.0037,0.297,0.012,,,,,,,0.020,0.028,0,,,,,,,,,,,,,,,,,,,,3.00,0.12,-1.3,,,,,,,,-4.9,0.78,0.020,1.4,1.4,0.55,True,40,1.0604,1.0047,0.9956,0.0188,3.5,True,3.5,True,,,,,,,,,,3.6,"the whitened profile likelihood over 159 traces of sessions PT at this waist with beta_self, the laser widths (session), the Omega scale (prior 1 +- 0.2) refit from 2 starts, gamma_l pinned at zero, Delta_alpha pinned at -1131.8 a.u. and rho at 0.98, the density law Steck, the collection window on at z_ratio 0.551 (M2 1), depletion at 0 cycles through companion_transit_mhz (transit at 130 C 1.3927 to 1.3927 MHz). the _err_hessian bars are conditional, every other parameter pinned. the dchi2_beta columns are the beta profile, chi2 with beta pinned at 0, theory, 5x and 20x theory and everything else refit, above the free minimum. the power-arm check reads the model's width ratio across each session's ladder at the TIED Omega (scale 1) with everything else fitted: P against the archive's 0.9956 +- 0.0188, refused at pull +3.46, pooled over 1 sessions refused at pull +3.46. centres profiled per trace and re-profiled after each inner fit, outer passes [1], last centre move 0.000 MHz. dchi2 is against the base cell at the same waist, and the summary_propagation row reads the shift of the minimum",DIAGNOSTIC
propagation,PT,session,False,lorentzian,1,0,rho+1sigma,,46,,,,,,,,,76000,0.50,0.89,86000,159,0,P:0.899 T:0.873,"P:WING-LAW(core +0, wing -19) T:WING-LAW(core -5, wing -14)",12,0.862,0.034,,,0.3298,0.0037,0.371,0.012,,,,,,,0.026,0.031,0,,,,,,,,,,,,,,,,,,,,3.01,0.12,-1.2,,,,,,,,-4.9,0.71,0.023,1.3,1.3,0.50,True,40,1.0511,1.0040,0.9956,0.0188,3.0,True,3.0,True,,,,,,,,,,4.0,"the whitened profile likelihood over 159 traces of sessions PT at this waist with beta_self, the laser widths (session), the Omega scale (prior 1 +- 0.2) refit from 2 starts, gamma_l pinned at zero, Delta_alpha pinned at -1131.8 a.u. and rho at 0.98, the density law Steck, the collection window on at z_ratio 0.504 (M2 1), depletion at 0 cycles through companion_transit_mhz (transit at 130 C 1.3321 to 1.3321 MHz). the _err_hessian bars are conditional, every other parameter pinned. the dchi2_beta columns are the beta profile, chi2 with beta pinned at 0, theory, 5x and 20x theory and everything else refit, above the free minimum. the power-arm check reads the model's width ratio across each session's ladder at the TIED Omega (scale 1) with everything else fitted: P against the archive's 0.9956 +- 0.0188, refused at pull +2.96, pooled over 1 sessions refused at pull +2.96. centres profiled per trace and re-profiled after each inner fit, outer passes [1], last centre move 0.000 MHz. dchi2 is against the base cell at the same waist, and the summary_propagation row reads the shift of the minimum",DIAGNOSTIC
propagation,PT,session,False,lorentzian,1,0,rho+1sigma,,48,,,,,,,,,76000,0.18,0.89,86000,159,0,P:0.901 T:0.871,"P:WING-LAW(core +0, wing -19) T:WING-LAW(core -5, wing -14)",18,0.863,0.034,,,0.4005,0.0037,0.438,0.012,,,,,,,0.026,0.034,0,,,,,,,,,,,,,,,,,,,,3.02,0.12,-1.2,,,,,,,,-4.9,0.65,0.022,1.3,1.3,0.46,True,40,1.0436,1.0036,0.9956,0.0188,2.6,True,2.6,True,,,,,,,,,,4.2,"the whitened profile likelihood over 159 traces of sessions PT at this waist with beta_self, the laser widths (session), the Omega scale (prior 1 +- 0.2) refit from 2 starts, gamma_l pinned at zero, Delta_alpha pinned at -1131.8 a.u. and rho at 0.98, the density law Steck, the collection window on at z_ratio 0.463 (M2 1), depletion at 0 cycles through companion_transit_mhz (transit at 130 C 1.2766 to 1.2766 MHz). the _err_hessian bars are conditional, every other parameter pinned. the dchi2_beta columns are the beta profile, chi2 with beta pinned at 0, theory, 5x and 20x theory and everything else refit, above the free minimum. the power-arm check reads the model's width ratio across each session's ladder at the TIED Omega (scale 1) with everything else fitted: P against the archive's 0.9956 +- 0.0188, refused at pull +2.56, pooled over 1 sessions refused at pull +2.56. centres profiled per trace and re-profiled after each inner fit, outer passes [1], last centre move 0.000 MHz. dchi2 is against the base cell at the same waist, and the summary_propagation row reads the shift of the minimum",DIAGNOSTIC
propagation,PT,session,False,mixed,1,0,delta_alpha-1sigma,,50,,,,,,,,,76000,0.23,0.89,86000,159,0,P:0.898 T:0.871,"P:WING-LAW(core -0, wing -19) T:WING-LAW(core -5, wing -14)",35,0.600,0.034,,,0.985,0.015,0.804,0.059,,,,,,,0.039,0.038,0.3923,0.0036,,,,,,,,,,,,,,,,,,,2.10,0.12,-3.6,,,,,,,,-4.8,0.59,0.029,1.2,1.2,0.43,True,40,1.0345,1.0030,0.9956,0.0188,2.1,True,2.1,True,,,,,,,,,,13,"the whitened profile likelihood over 159 traces of sessions PT at this waist with beta_self, the laser widths (session), the Omega scale (prior 1 +- 0.2) refit from 2 starts, gamma_l free and shared, Delta_alpha pinned at -1137.7 a.u. and rho at 0.94, the density law Steck, the collection window on at z_ratio 0.427 (M2 1), depletion at 0 cycles through companion_transit_mhz (transit at 130 C 1.2256 to 1.2256 MHz). the _err_hessian bars are conditional, every other parameter pinned. the dchi2_beta columns are the beta profile, chi2 with beta pinned at 0, theory, 5x and 20x theory and everything else refit, above the free minimum. the power-arm check reads the model's width ratio across each session's ladder at the TIED Omega (scale 1) with everything else fitted: P against the archive's 0.9956 +- 0.0188, refused at pull +2.07, pooled over 1 sessions refused at pull +2.07. centres profiled per trace and re-profiled after each inner fit, outer passes [1], last centre move 0.000 MHz. dchi2 is against the base cell at the same waist, and the summary_propagation row reads the shift of the minimum",DIAGNOSTIC
propagation,PT,session,False,mixed,1,0,delta_alpha-1sigma,,52,,,,,,,,,76000,0.33,0.89,86000,159,0,P:0.898 T:0.870,"P:WING-LAW(core -0, wing -19) T:WING-LAW(core -5, wing -14)",28,0.596,0.034,,,1.130,0.014,0.957,0.048,,,,,,,0.048,0.041,0.4168,0.0036,,,,,,,,,,,,,,,,,,,2.08,0.12,-3.6,,,,,,,,-4.8,0.55,0.033,1.2,1.2,0.39,True,40,1.0292,1.0025,0.9956,0.0188,1.8,True,1.8,True,,,,,,,,,,9.0,"the whitened profile likelihood over 159 traces of sessions PT at this waist with beta_self, the laser widths (session), the Omega scale (prior 1 +- 0.2) refit from 2 starts, gamma_l free and shared, Delta_alpha pinned at -1137.7 a.u. and rho at 0.94, the density law Steck, the collection window on at z_ratio 0.395 (M2 1), depletion at 0 cycles through companion_transit_mhz (transit at 130 C 1.1784 to 1.1784 MHz). the _err_hessian bars are conditional, every other parameter pinned. the dchi2_beta columns are the beta profile, chi2 with beta pinned at 0, theory, 5x and 20x theory and everything else refit, above the free minimum. the power-arm check reads the model's width ratio across each session's ladder at the TIED Omega (scale 1) with everything else fitted: P against the archive's 0.9956 +- 0.0188, refused at pull +1.79, pooled over 1 sessions refused at pull +1.79. centres profiled per trace and re-profiled after each inner fit, outer passes [1], last centre move 0.000 MHz. dchi2 is against the base cell at the same waist, and the summary_propagation row reads the shift of the minimum",DIAGNOSTIC
propagation,PT,session,False,mixed,1,0,delta_alpha-1sigma,,54,,,,,,,,,76000,0.079,0.89,86000,159,0,P:0.898 T:0.870,"P:WING-LAW(core -0, wing -19) T:WING-LAW(core -5, wing -14)",35,0.599,0.034,,,1.240,0.012,1.078,0.043,,,,,,,0.049,0.044,0.4402,0.0035,,,,,,,,,,,,,,,,,,,2.09,0.12,-3.6,,,,,,,,-4.8,0.51,0.031,1.1,1.1,0.37,True,40,1.0252,1.0023,0.9956,0.0188,1.6,True,1.6,True,,,,,,,,,,10,"the whitened profile likelihood over 159 traces of sessions PT at this waist with beta_self, the laser widths (session), the Omega scale (prior 1 +- 0.2) refit from 2 starts, gamma_l free and shared, Delta_alpha pinned at -1137.7 a.u. and rho at 0.94, the density law Steck, the collection window on at z_ratio 0.366 (M2 1), depletion at 0 cycles through companion_transit_mhz (transit at 130 C 1.1348 to 1.1348 MHz). the _err_hessian bars are conditional, every other parameter pinned. the dchi2_beta columns are the beta profile, chi2 with beta pinned at 0, theory, 5x and 20x theory and everything else refit, above the free minimum. the power-arm check reads the model's width ratio across each session's ladder at the TIED Omega (scale 1) with everything else fitted: P against the archive's 0.9956 +- 0.0188, refused at pull +1.58, pooled over 1 sessions refused at pull +1.58. centres profiled per trace and re-profiled after each inner fit, outer passes [1], last centre move 0.000 MHz. dchi2 is against the base cell at the same waist, and the summary_propagation row reads the shift of the minimum",DIAGNOSTIC
propagation,PT,session,False,mixed,1,0,delta_alpha+1sigma,,50,,,,,,,,,76000,-0.25,0.89,86000,159,0,P:0.898 T:0.871,"P:WING-LAW(core -0, wing -19) T:WING-LAW(core -5, wing -14)",28,0.600,0.034,,,0.986,0.015,0.805,0.058,,,,,,,0.039,0.038,0.3923,0.0036,,,,,,,,,,,,,,,,,,,2.10,0.12,-3.6,,,,,,,,-4.8,0.59,0.028,1.2,1.2,0.43,True,40,1.0344,1.0030,0.9956,0.0188,2.1,True,2.1,True,,,,,,,,,,12,"the whitened profile likelihood over 159 traces of sessions PT at this waist with beta_self, the laser widths (session), the Omega scale (prior 1 +- 0.2) refit from 2 starts, gamma_l free and shared, Delta_alpha pinned at -1125.9 a.u. and rho at 0.94, the density law Steck, the collection window on at z_ratio 0.427 (M2 1), depletion at 0 cycles through companion_transit_mhz (transit at 130 C 1.2256 to 1.2256 MHz). the _err_hessian bars are conditional, every other parameter pinned. the dchi2_beta columns are the beta profile, chi2 with beta pinned at 0, theory, 5x and 20x theory and everything else refit, above the free minimum. the power-arm check reads the model's width ratio across each session's ladder at the TIED Omega (scale 1) with everything else fitted: P against the archive's 0.9956 +- 0.0188, refused at pull +2.07, pooled over 1 sessions refused at pull +2.07. centres profiled per trace and re-profiled after each inner fit, outer passes [1], last centre move 0.001 MHz. dchi2 is against the base cell at the same waist, and the summary_propagation row reads the shift of the minimum",DIAGNOSTIC
propagation,PT,session,False,mixed,1,0,delta_alpha+1sigma,,52,,,,,,,,,76000,-0.43,0.89,86000,159,0,P:0.898 T:0.870,"P:WING-LAW(core -0, wing -19) T:WING-LAW(core -5, wing -14)",21,0.587,0.034,,,1.131,0.013,0.950,0.049,,,,,,,0.041,0.041,0.4180,0.0036,,,,,,,,,,,,,,,,,,,2.05,0.12,-3.7,,,,,,,,-4.8,0.54,0.028,1.2,1.2,0.39,True,40,1.0292,1.0025,0.9956,0.0188,1.8,True,1.8,True,,,,,,,,,,9.3,"the whitened profile likelihood over 159 traces of sessions PT at this waist with beta_self, the laser widths (session), the Omega scale (prior 1 +- 0.2) refit from 2 starts, gamma_l free and shared, Delta_alpha pinned at -1125.9 a.u. and rho at 0.94, the density law Steck, the collection window on at z_ratio 0.395 (M2 1), depletion at 0 cycles through companion_transit_mhz (transit at 130 C 1.1784 to 1.1784 MHz). the _err_hessian bars are conditional, every other parameter pinned. the dchi2_beta columns are the beta profile, chi2 with beta pinned at 0, theory, 5x and 20x theory and everything else refit, above the free minimum. the power-arm check reads the model's width ratio across each session's ladder at the TIED Omega (scale 1) with everything else fitted: P against the archive's 0.9956 +- 0.0188, refused at pull +1.79, pooled over 1 sessions refused at pull +1.79. centres profiled per trace and re-profiled after each inner fit, outer passes [1], last centre move 0.000 MHz. dchi2 is against the base cell at the same waist, and the summary_propagation row reads the shift of the minimum",DIAGNOSTIC
propagation,PT,session,False,mixed,1,0,delta_alpha+1sigma,,54,,,,,,,,,76000,-0.11,0.89,86000,159,0,P:0.898 T:0.870,"P:WING-LAW(core -0, wing -19) T:WING-LAW(core -5, wing -14)",28,0.597,0.034,,,1.240,0.012,1.076,0.043,,,,,,,0.051,0.044,0.4404,0.0035,,,,,,,,,,,,,,,,,,,2.09,0.12,-3.6,,,,,,,,-4.7,0.50,0.032,1.1,1.1,0.37,True,40,1.0252,1.0023,0.9956,0.0188,1.6,True,1.6,True,,,,,,,,,,8.8,"the whitened profile likelihood over 159 traces of sessions PT at this waist with beta_self, the laser widths (session), the Omega scale (prior 1 +- 0.2) refit from 2 starts, gamma_l free and shared, Delta_alpha pinned at -1125.9 a.u. and rho at 0.94, the density law Steck, the collection window on at z_ratio 0.366 (M2 1), depletion at 0 cycles through companion_transit_mhz (transit at 130 C 1.1348 to 1.1348 MHz). the _err_hessian bars are conditional, every other parameter pinned. the dchi2_beta columns are the beta profile, chi2 with beta pinned at 0, theory, 5x and 20x theory and everything else refit, above the free minimum. the power-arm check reads the model's width ratio across each session's ladder at the TIED Omega (scale 1) with everything else fitted: P against the archive's 0.9956 +- 0.0188, refused at pull +1.58, pooled over 1 sessions refused at pull +1.58. centres profiled per trace and re-profiled after each inner fit, outer passes [1], last centre move 0.000 MHz. dchi2 is against the base cell at the same waist, and the summary_propagation row reads the shift of the minimum",DIAGNOSTIC
propagation,PT,session,False,mixed,1,0,law=AIH,,50,,,,,,,,,76000,8.3,0.89,86000,159,0,P:0.898 T:0.871,"P:WING-LAW(core -0, wing -19) T:WING-LAW(core -5, wing -14)",56,0.508,0.029,,,0.984,0.015,0.807,0.058,,,,,,,0.040,0.038,0.3911,0.0036,,,,,,,,,,,,,,,,,,,1.78,0.10,-4.5,,,,,,,,-4.8,0.59,0.029,1.2,1.2,0.43,True,40,1.0344,1.0030,0.9956,0.0188,2.1,True,2.1,True,,,,,,,,,,16,"the whitened profile likelihood over 159 traces of sessions PT at this waist with beta_self, the laser widths (session), the Omega scale (prior 1 +- 0.2) refit from 2 starts, gamma_l free and shared, Delta_alpha pinned at -1131.8 a.u. and rho at 0.94, the density law AIH, the collection window on at z_ratio 0.427 (M2 1), depletion at 0 cycles through companion_transit_mhz (transit at 130 C 1.2256 to 1.2256 MHz). the _err_hessian bars are conditional, every other parameter pinned. the dchi2_beta columns are the beta profile, chi2 with beta pinned at 0, theory, 5x and 20x theory and everything else refit, above the free minimum. the power-arm check reads the model's width ratio across each session's ladder at the TIED Omega (scale 1) with everything else fitted: P against the archive's 0.9956 +- 0.0188, refused at pull +2.07, pooled over 1 sessions refused at pull +2.07. centres profiled per trace and re-profiled after each inner fit, outer passes [1], last centre move 0.000 MHz. dchi2 is against the base cell at the same waist, and the summary_propagation row reads the shift of the minimum",DIAGNOSTIC
propagation,PT,session,False,mixed,1,0,law=AIH,,52,,,,,,,,,76000,8.6,0.89,86000,159,0,P:0.898 T:0.870,"P:WING-LAW(core -0, wing -19) T:WING-LAW(core -5, wing -14)",35,0.553,0.029,,,1.130,0.014,0.966,0.049,,,,,,,0.050,0.041,0.4101,0.0036,,,,,,,,,,,,,,,,,,,1.93,0.10,-4.1,,,,,,,,-4.8,0.55,0.034,1.2,1.2,0.39,True,40,1.0292,1.0025,0.9956,0.0188,1.8,True,1.8,True,,,,,,,,,,10,"the whitened profile likelihood over 159 traces of sessions PT at this waist with beta_self, the laser widths (session), the Omega scale (prior 1 +- 0.2) refit from 2 starts, gamma_l free and shared, Delta_alpha pinned at -1131.8 a.u. and rho at 0.94, the density law AIH, the collection window on at z_ratio 0.395 (M2 1), depletion at 0 cycles through companion_transit_mhz (transit at 130 C 1.1784 to 1.1784 MHz). the _err_hessian bars are conditional, every other parameter pinned. the dchi2_beta columns are the beta profile, chi2 with beta pinned at 0, theory, 5x and 20x theory and everything else refit, above the free minimum. the power-arm check reads the model's width ratio across each session's ladder at the TIED Omega (scale 1) with everything else fitted: P against the archive's 0.9956 +- 0.0188, refused at pull +1.79, pooled over 1 sessions refused at pull +1.79. centres profiled per trace and re-profiled after each inner fit, outer passes [1], last centre move 0.001 MHz. dchi2 is against the base cell at the same waist, and the summary_propagation row reads the shift of the minimum",DIAGNOSTIC
propagation,PT,session,False,mixed,1,0,law=AIH,,54,,,,,,,,,76000,8.6,0.89,86000,159,0,P:0.898 T:0.870,"P:WING-LAW(core -0, wing -19) T:WING-LAW(core -5, wing -14)",42,0.562,0.029,,,1.237,0.013,1.092,0.043,,,,,,,0.049,0.044,0.4331,0.0035,,,,,,,,,,,,,,,,,,,1.97,0.10,-4.0,,,,,,,,-4.8,0.51,0.031,1.1,1.1,0.37,True,40,1.0252,1.0023,0.9956,0.0188,1.6,True,1.6,True,,,,,,,,,,10,"the whitened profile likelihood over 159 traces of sessions PT at this waist with beta_self, the laser widths (session), the Omega scale (prior 1 +- 0.2) refit from 2 starts, gamma_l free and shared, Delta_alpha pinned at -1131.8 a.u. and rho at 0.94, the density law AIH, the collection window on at z_ratio 0.366 (M2 1), depletion at 0 cycles through companion_transit_mhz (transit at 130 C 1.1348 to 1.1348 MHz). the _err_hessian bars are conditional, every other parameter pinned. the dchi2_beta columns are the beta profile, chi2 with beta pinned at 0, theory, 5x and 20x theory and everything else refit, above the free minimum. the power-arm check reads the model's width ratio across each session's ladder at the TIED Omega (scale 1) with everything else fitted: P against the archive's 0.9956 +- 0.0188, refused at pull +1.58, pooled over 1 sessions refused at pull +1.58. centres profiled per trace and re-profiled after each inner fit, outer passes [1], last centre move 0.000 MHz. dchi2 is against the base cell at the same waist, and the summary_propagation row reads the shift of the minimum",DIAGNOSTIC
propagation,PT,session,False,mixed,1,0,law=SMI,,50,,,,,,,,,76000,8.1,0.89,86000,159,0,P:0.898 T:0.871,"P:WING-LAW(core -0, wing -19) T:WING-LAW(core -5, wing -14)",63,0.513,0.029,,,0.983,0.015,0.811,0.057,,,,,,,0.038,0.038,0.3908,0.0036,,,,,,,,,,,,,,,,,,,1.79,0.10,-4.4,,,,,,,,-4.8,0.59,0.028,1.2,1.2,0.43,True,40,1.0344,1.0030,0.9956,0.0188,2.1,True,2.1,True,,,,,,,,,,18,"the whitened profile likelihood over 159 traces of sessions PT at this waist with beta_self, the laser widths (session), the Omega scale (prior 1 +- 0.2) refit from 2 starts, gamma_l free and shared, Delta_alpha pinned at -1131.8 a.u. and rho at 0.94, the density law SMI, the collection window on at z_ratio 0.427 (M2 1), depletion at 0 cycles through companion_transit_mhz (transit at 130 C 1.2256 to 1.2256 MHz). the _err_hessian bars are conditional, every other parameter pinned. the dchi2_beta columns are the beta profile, chi2 with beta pinned at 0, theory, 5x and 20x theory and everything else refit, above the free minimum. the power-arm check reads the model's width ratio across each session's ladder at the TIED Omega (scale 1) with everything else fitted: P against the archive's 0.9956 +- 0.0188, refused at pull +2.07, pooled over 1 sessions refused at pull +2.07. centres profiled per trace and re-profiled after each inner fit, outer passes [1], last centre move 0.001 MHz. dchi2 is against the base cell at the same waist, and the summary_propagation row reads the shift of the minimum",DIAGNOSTIC
propagation,PT,session,False,mixed,1,0,law=SMI,,52,,,,,,,,,76000,8.5,0.89,86000,159,0,P:0.898 T:0.870,"P:WING-LAW(core -0, wing -19) T:WING-LAW(core -5, wing -14)",35,0.553,0.029,,,1.130,0.014,0.966,0.049,,,,,,,0.050,0.041,0.4103,0.0036,,,,,,,,,,,,,,,,,,,1.93,0.10,-4.1,,,,,,,,-4.7,0.55,0.034,1.2,1.2,0.39,True,40,1.0292,1.0025,0.9956,0.0188,1.8,True,1.8,True,,,,,,,,,,11,"the whitened profile likelihood over 159 traces of sessions PT at this waist with beta_self, the laser widths (session), the Omega scale (prior 1 +- 0.2) refit from 2 starts, gamma_l free and shared, Delta_alpha pinned at -1131.8 a.u. and rho at 0.94, the density law SMI, the collection window on at z_ratio 0.395 (M2 1), depletion at 0 cycles through companion_transit_mhz (transit at 130 C 1.1784 to 1.1784 MHz). the _err_hessian bars are conditional, every other parameter pinned. the dchi2_beta columns are the beta profile, chi2 with beta pinned at 0, theory, 5x and 20x theory and everything else refit, above the free minimum. the power-arm check reads the model's width ratio across each session's ladder at the TIED Omega (scale 1) with everything else fitted: P against the archive's 0.9956 +- 0.0188, refused at pull +1.79, pooled over 1 sessions refused at pull +1.79. centres profiled per trace and re-profiled after each inner fit, outer passes [1], last centre move 0.001 MHz. dchi2 is against the base cell at the same waist, and the summary_propagation row reads the shift of the minimum",DIAGNOSTIC
propagation,PT,session,False,mixed,1,0,law=SMI,,54,,,,,,,,,76000,8.4,0.89,86000,159,0,P:0.898 T:0.870,"P:WING-LAW(core -0, wing -19) T:WING-LAW(core -5, wing -14)",42,0.563,0.029,,,1.237,0.013,1.093,0.043,,,,,,,0.050,0.044,0.4332,0.0035,,,,,,,,,,,,,,,,,,,1.97,0.10,-4.0,,,,,,,,-4.8,0.51,0.031,1.1,1.1,0.37,True,40,1.0252,1.0023,0.9956,0.0188,1.6,True,1.6,True,,,,,,,,,,10,"the whitened profile likelihood over 159 traces of sessions PT at this waist with beta_self, the laser widths (session), the Omega scale (prior 1 +- 0.2) refit from 2 starts, gamma_l free and shared, Delta_alpha pinned at -1131.8 a.u. and rho at 0.94, the density law SMI, the collection window on at z_ratio 0.366 (M2 1), depletion at 0 cycles through companion_transit_mhz (transit at 130 C 1.1348 to 1.1348 MHz). the _err_hessian bars are conditional, every other parameter pinned. the dchi2_beta columns are the beta profile, chi2 with beta pinned at 0, theory, 5x and 20x theory and everything else refit, above the free minimum. the power-arm check reads the model's width ratio across each session's ladder at the TIED Omega (scale 1) with everything else fitted: P against the archive's 0.9956 +- 0.0188, refused at pull +1.58, pooled over 1 sessions refused at pull +1.58. centres profiled per trace and re-profiled after each inner fit, outer passes [1], last centre move 0.000 MHz. dchi2 is against the base cell at the same waist, and the summary_propagation row reads the shift of the minimum",DIAGNOSTIC
propagation,PT,session,False,mixed,1,0,rho-1sigma,,50,,,,,,,,,76000,-1.2,0.89,86000,159,0,P:0.898 T:0.871,"P:WING-LAW(core -0, wing -19) T:WING-LAW(core -5, wing -14)",35,0.598,0.034,,,0.991,0.016,0.805,0.058,,,,,,,0.043,0.038,0.3917,0.0036,,,,,,,,,,,,,,,,,,,2.09,0.12,-3.6,,,,,,,,-4.8,0.58,0.031,1.2,1.2,0.43,True,40,1.0330,1.0029,0.9956,0.0188,2.0,True,2.0,True,,,,,,,,,,13,"the whitened profile likelihood over 159 traces of sessions PT at this waist with beta_self, the laser widths (session), the Omega scale (prior 1 +- 0.2) refit from 2 starts, gamma_l free and shared, Delta_alpha pinned at -1131.8 a.u. and rho at 0.90, the density law Steck, the collection window on at z_ratio 0.427 (M2 1), depletion at 0 cycles through companion_transit_mhz (transit at 130 C 1.2256 to 1.2256 MHz). the _err_hessian bars are conditional, every other parameter pinned. the dchi2_beta columns are the beta profile, chi2 with beta pinned at 0, theory, 5x and 20x theory and everything else refit, above the free minimum. the power-arm check reads the model's width ratio across each session's ladder at the TIED Omega (scale 1) with everything else fitted: P against the archive's 0.9956 +- 0.0188, refused at pull +1.99, pooled over 1 sessions refused at pull +1.99. centres profiled per trace and re-profiled after each inner fit, outer passes [1], last centre move 0.000 MHz. dchi2 is against the base cell at the same waist, and the summary_propagation row reads the shift of the minimum",DIAGNOSTIC
propagation,PT,session,False,mixed,1,0,rho-1sigma,,52,,,,,,,,,76000,-1.6,0.89,86000,159,0,P:0.898 T:0.870,"P:WING-LAW(core -0, wing -19) T:WING-LAW(core -5, wing -14)",42,0.590,0.034,,,1.134,0.013,0.958,0.049,,,,,,,0.046,0.042,0.4172,0.0036,,,,,,,,,,,,,,,,,,,2.06,0.12,-3.7,,,,,,,,-4.8,0.53,0.031,1.2,1.2,0.39,True,40,1.0280,1.0024,0.9956,0.0188,1.7,True,1.7,True,,,,,,,,,,11,"the whitened profile likelihood over 159 traces of sessions PT at this waist with beta_self, the laser widths (session), the Omega scale (prior 1 +- 0.2) refit from 2 starts, gamma_l free and shared, Delta_alpha pinned at -1131.8 a.u. and rho at 0.90, the density law Steck, the collection window on at z_ratio 0.395 (M2 1), depletion at 0 cycles through companion_transit_mhz (transit at 130 C 1.1784 to 1.1784 MHz). the _err_hessian bars are conditional, every other parameter pinned. the dchi2_beta columns are the beta profile, chi2 with beta pinned at 0, theory, 5x and 20x theory and everything else refit, above the free minimum. the power-arm check reads the model's width ratio across each session's ladder at the TIED Omega (scale 1) with everything else fitted: P against the archive's 0.9956 +- 0.0188, refused at pull +1.73, pooled over 1 sessions refused at pull +1.73. centres profiled per trace and re-profiled after each inner fit, outer passes [1], last centre move 0.001 MHz. dchi2 is against the base cell at the same waist, and the summary_propagation row reads the shift of the minimum",DIAGNOSTIC
propagation,PT,session,False,mixed,1,0,rho-1sigma,,54,,,,,,,,,76000,-0.59,0.89,86000,159,0,P:0.898 T:0.870,"P:WING-LAW(core -0, wing -19) T:WING-LAW(core -5, wing -14)",21,0.596,0.034,,,1.241,0.012,1.076,0.043,,,,,,,0.049,0.045,0.4406,0.0035,,,,,,,,,,,,,,,,,,,2.08,0.12,-3.6,,,,,,,,-4.8,0.50,0.030,1.1,1.1,0.37,True,40,1.0242,1.0022,0.9956,0.0188,1.5,True,1.5,True,,,,,,,,,,8.6,"the whitened profile likelihood over 159 traces of sessions PT at this waist with beta_self, the laser widths (session), the Omega scale (prior 1 +- 0.2) refit from 2 starts, gamma_l free and shared, Delta_alpha pinned at -1131.8 a.u. and rho at 0.90, the density law Steck, the collection window on at z_ratio 0.366 (M2 1), depletion at 0 cycles through companion_transit_mhz (transit at 130 C 1.1348 to 1.1348 MHz). the _err_hessian bars are conditional, every other parameter pinned. the dchi2_beta columns are the beta profile, chi2 with beta pinned at 0, theory, 5x and 20x theory and everything else refit, above the free minimum. the power-arm check reads the model's width ratio across each session's ladder at the TIED Omega (scale 1) with everything else fitted: P against the archive's 0.9956 +- 0.0188, refused at pull +1.52, pooled over 1 sessions refused at pull +1.52. centres profiled per trace and re-profiled after each inner fit, outer passes [1], last centre move 0.000 MHz. dchi2 is against the base cell at the same waist, and the summary_propagation row reads the shift of the minimum",DIAGNOSTIC
propagation,PT,session,False,mixed,1,0,rho+1sigma,,50,,,,,,,,,76000,0.95,0.89,86000,159,0,P:0.898 T:0.871,"P:WING-LAW(core -0, wing -19) T:WING-LAW(core -5, wing -14)",28,0.600,0.034,,,0.984,0.015,0.805,0.060,,,,,,,0.035,0.037,0.3923,0.0036,,,,,,,,,,,,,,,,,,,2.10,0.12,-3.6,,,,,,,,-4.8,0.60,0.027,1.2,1.2,0.43,True,40,1.0358,1.0031,0.9956,0.0188,2.1,True,2.1,True,,,,,,,,,,12,"the whitened profile likelihood over 159 traces of sessions PT at this waist with beta_self, the laser widths (session), the Omega scale (prior 1 +- 0.2) refit from 2 starts, gamma_l free and shared, Delta_alpha pinned at -1131.8 a.u. and rho at 0.98, the density law Steck, the collection window on at z_ratio 0.427 (M2 1), depletion at 0 cycles through companion_transit_mhz (transit at 130 C 1.2256 to 1.2256 MHz). the _err_hessian bars are conditional, every other parameter pinned. the dchi2_beta columns are the beta profile, chi2 with beta pinned at 0, theory, 5x and 20x theory and everything else refit, above the free minimum. the power-arm check reads the model's width ratio across each session's ladder at the TIED Omega (scale 1) with everything else fitted: P against the archive's 0.9956 +- 0.0188, refused at pull +2.15, pooled over 1 sessions refused at pull +2.15. centres profiled per trace and re-profiled after each inner fit, outer passes [1], last centre move 0.000 MHz. dchi2 is against the base cell at the same waist, and the summary_propagation row reads the shift of the minimum",DIAGNOSTIC
propagation,PT,session,False,mixed,1,0,rho+1sigma,,52,,,,,,,,,76000,1.4,0.89,86000,159,0,P:0.898 T:0.870,"P:WING-LAW(core -0, wing -19) T:WING-LAW(core -5, wing -14)",21,0.593,0.034,,,1.130,0.014,0.951,0.049,,,,,,,0.041,0.040,0.4171,0.0036,,,,,,,,,,,,,,,,,,,2.08,0.12,-3.6,,,,,,,,-4.8,0.56,0.029,1.2,1.2,0.39,True,40,1.0304,1.0026,0.9956,0.0188,1.9,True,1.9,True,,,,,,,,,,9.2,"the whitened profile likelihood over 159 traces of sessions PT at this waist with beta_self, the laser widths (session), the Omega scale (prior 1 +- 0.2) refit from 2 starts, gamma_l free and shared, Delta_alpha pinned at -1131.8 a.u. and rho at 0.98, the density law Steck, the collection window on at z_ratio 0.395 (M2 1), depletion at 0 cycles through companion_transit_mhz (transit at 130 C 1.1784 to 1.1784 MHz). the _err_hessian bars are conditional, every other parameter pinned. the dchi2_beta columns are the beta profile, chi2 with beta pinned at 0, theory, 5x and 20x theory and everything else refit, above the free minimum. the power-arm check reads the model's width ratio across each session's ladder at the TIED Omega (scale 1) with everything else fitted: P against the archive's 0.9956 +- 0.0188, refused at pull +1.86, pooled over 1 sessions refused at pull +1.86. centres profiled per trace and re-profiled after each inner fit, outer passes [1], last centre move 0.000 MHz. dchi2 is against the base cell at the same waist, and the summary_propagation row reads the shift of the minimum",DIAGNOSTIC
propagation,PT,session,False,mixed,1,0,rho+1sigma,,54,,,,,,,,,76000,0.32,0.89,86000,159,0,P:0.898 T:0.870,"P:WING-LAW(core -0, wing -19) T:WING-LAW(core -5, wing -14)",21,0.599,0.034,,,1.240,0.012,1.076,0.044,,,,,,,0.044,0.043,0.4402,0.0035,,,,,,,,,,,,,,,,,,,2.09,0.12,-3.6,,,,,,,,-4.8,0.52,0.029,1.1,1.1,0.37,True,40,1.0263,1.0024,0.9956,0.0188,1.6,True,1.6,True,,,,,,,,,,8.5,"the whitened profile likelihood over 159 traces of sessions PT at this waist with beta_self, the laser widths (session), the Omega scale (prior 1 +- 0.2) refit from 2 starts, gamma_l free and shared, Delta_alpha pinned at -1131.8 a.u. and rho at 0.98, the density law Steck, the collection window on at z_ratio 0.366 (M2 1), depletion at 0 cycles through companion_transit_mhz (transit at 130 C 1.1348 to 1.1348 MHz). the _err_hessian bars are conditional, every other parameter pinned. the dchi2_beta columns are the beta profile, chi2 with beta pinned at 0, theory, 5x and 20x theory and everything else refit, above the free minimum. the power-arm check reads the model's width ratio across each session's ladder at the TIED Omega (scale 1) with everything else fitted: P against the archive's 0.9956 +- 0.0188, refused at pull +1.64, pooled over 1 sessions refused at pull +1.64. centres profiled per trace and re-profiled after each inner fit, outer passes [1], last centre move 0.000 MHz. dchi2 is against the base cell at the same waist, and the summary_propagation row reads the shift of the minimum",DIAGNOSTIC
summary_minimum,PT,session,False,gaussian,1,0,,,42.41,0.26,interior_minimum,,,,,,,76000,0,0.90,86000,159,0.22,P:0.901 T:0.886,"P:WING-LAW(core -0, wing -19) T:WING-LAW(core -5, wing -12)",138,2.095,0.034,,,0.466,0.031,0.913,0.054,,,,,,,0.071,0.042,0,,,,,,,,,,,,,,,,,,,,7.33,0.12,9.8,,860,260,6000,190000,7.3,7.3,-4.6,0.84,0.074,1.5,1.5,0.60,True,40,1.0695,1.0065,0.9956,0.0188,3.9,True,3.9,True,,,,,,,,,,300,"the profile over 26 waists from 40 to 90 um on sessions PT: interior minimum. w0_err_parabola_um is sqrt(2/curvature) at Delta chi2 = 1 on the whitened chi2 from the parabola through the best grid cell and its neighbours, the lo/hi columns the crossings at Delta chi2 = 1 and at chi2_red = 0.898 above the parabola's minimum, interpolated between grid points and blank where the grid does not resolve them. the parameters and the power-arm checks are those of the best grid cell. the frequency axis carries a common 0.5 per cent scale (linefit_conditions rate_relerr), so no bar on w0 below 0.5 per cent is a bar. the model-form spread across the forms is the bar between the summary rows",DIAGNOSTIC
summary_beta_profile,PT,session,False,gaussian,1,0,,,42.41,0.26,interior_minimum,,,,,,,76000,0,0.90,86000,159,0.22,P:0.901 T:0.886,"P:WING-LAW(core -0, wing -19) T:WING-LAW(core -5, wing -12)",138,2.095,0.034,,,0.466,0.031,0.913,0.054,,,,,,,0.071,0.042,0,,,,,,,,,,,,,,,,,,,,7.33,0.12,9.8,,860,260,6000,190000,7.3,7.3,-4.6,0.84,0.074,1.5,1.5,0.60,True,40,1.0695,1.0065,0.9956,0.0188,3.9,True,3.9,True,,,,,,,,,,300,"beta_self at the profile's best cell read off its PROFILE against the theory prior 3.50 +- 0.37 kHz per 1e12 cm^-3 (vanderwaals.beta_self_anchored, Zameroski's 7S rate scaled, on the Steck density law): the free minimum at 2.095 times theory, and dchi2 with beta pinned at 0, theory, 5x and 20x theory of 859.9, 256.0, 6011.4 and 187166.9. beta_profile_1sigma_hi_khz and beta_profile_ub95_khz are the Delta chi2 = 1 and 2.71 crossings interpolated in beta between those points. the Hessian bar beside it is the curvature of a wall where beta sits at zero and is not the number to quote. the prior is reported against and never multiplied into the likelihood",DIAGNOSTIC
power_arm_session,P,session,False,gaussian,1,0,,,42.41,,,,,,,,,76000,0,0.90,86000,159,0.22,P:0.901 T:0.886,"P:WING-LAW(core -0, wing -19) T:WING-LAW(core -5, wing -12)",138,2.095,0.034,,,0.466,0.031,0.913,0.054,,,,,,,0.071,0.042,0,,,,,,,,,,,,,,,,,,,,7.33,0.12,9.8,,860,260,6000,190000,7.3,7.3,-4.6,0.84,0.074,1.5,1.5,0.60,True,40,1.0695,1.0065,0.9956,0.0188,3.9,True,3.9,True,0.025,0.225,,,,,,,,300,"session P, the 130 C power sweep, canonical p_sweep: the model's 225 over 25 mW width ratio at the tied Omega (scale 1) with everything else at the best cell's values against the session's measured ratio (results/power_sweep.csv, per peak 4121 1.0644 +- 0.0737, 4154 0.9677 +- 0.0306, 4192 0.9968 +- 0.0315, 4207 1.0227 +- 0.0414), refused above 1 bar. the P^2 lever of this ladder against the campaign's is 1.00",DIAGNOSTIC
power_arm_pooled,PT,session,False,gaussian,1,0,,,42.41,,,,,,,,,76000,0,0.90,86000,159,0.22,P:0.901 T:0.886,"P:WING-LAW(core -0, wing -19) T:WING-LAW(core -5, wing -12)",138,2.095,0.034,,,0.466,0.031,0.913,0.054,,,,,,,0.071,0.042,0,,,,,,,,,,,,,,,,,,,,7.33,0.12,9.8,,860,260,6000,190000,7.3,7.3,-4.6,0.84,0.074,1.5,1.5,0.60,True,40,1.0695,1.0065,0.9956,0.0188,3.9,True,3.9,True,,,,,,,,,,300,"the sessions' (predicted minus measured) width ratios combined by inverse variance over 1 sessions at the best cell, refused above 1 bar of the pooled bar",DIAGNOSTIC
summary_arm,PT,session,False,gaussian,1,3,,,42,,,,,,,,,77000,730,0.91,86000,159,0,P:0.916 T:0.885,"P:WING-LAW(core +3, wing -18) T:WING-LAW(core -5, wing -12)",114,1.284,0.034,,,0.2023,0.0095,0.29,0.13,,,,,,,0.018,0.024,0,,,,,,,,,,,,,,,,,,,,4.49,0.12,2.5,,,,,,,,-4.9,0.84,0.018,1.5,1.5,0.60,True,40,1.0986,1.0336,0.9956,0.0188,5.5,True,5.5,True,,,,,,,,,sigma_l_P,190,"the M2 1, depletion 3 cycles arm at the base profile's best waist: dchi2 against the base arm there, and across the waists it was run at: 40 um +1519.8, 42 um +731.3, 90 um +5.4. the licence edge for this M2 is 40.0 um and the row's z_ratio is the arm's. a negative dchi2 is the arm fitting the archive better than the base form at that waist",DIAGNOSTIC
summary_arm,PT,session,False,gaussian,1.5,0,,,42,,,,,,,,,76000,-0.42,0.90,86000,159,0,P:0.901 T:0.886,"P:WING-LAW(core -0, wing -19) T:WING-LAW(core -5, wing -12)",24,2.096,0.034,,,0.465,0.032,0.914,0.053,,,,,,,0.071,0.042,0,,,,,,,,,,,,,,,,,,,,7.33,0.12,9.8,,,,,,,,-4.6,0.84,0.074,1.5,1.5,0.91,False,49,1.0694,1.0064,0.9956,0.0188,3.9,True,3.9,True,,,,,,,,,,26,"the M2 1.5, depletion 0 cycles arm at the base profile's best waist: dchi2 against the base arm there, and across the waists it was run at: 40 um +1.0, 42 um -0.4, 90 um -0.0. the licence edge for this M2 is 49.0 um and the row's z_ratio is the arm's. a negative dchi2 is the arm fitting the archive better than the base form at that waist",DIAGNOSTIC
summary_arm,PT,session,False,gaussian,1.5,3,,,42,,,,,,,,,77000,730,0.91,86000,159,0,P:0.916 T:0.885,"P:WING-LAW(core +3, wing -18) T:WING-LAW(core -5, wing -12)",132,1.285,0.034,,,0.203,0.010,0.28,0.14,,,,,,,0.018,0.024,0,,,,,,,,,,,,,,,,,,,,4.49,0.12,2.5,,,,,,,,-4.9,0.84,0.019,1.5,1.5,0.91,False,49,1.0985,1.0336,0.9956,0.0188,5.5,True,5.5,True,,,,,,,,,sigma_l_P,180,"the M2 1.5, depletion 3 cycles arm at the base profile's best waist: dchi2 against the base arm there, and across the waists it was run at: 40 um +1522.4, 42 um +730.3, 90 um +5.4. the licence edge for this M2 is 49.0 um and the row's z_ratio is the arm's. a negative dchi2 is the arm fitting the archive better than the base form at that waist",DIAGNOSTIC
summary_arm,PT,session,False,gaussian,2,0,,,42,,,,,,,,,76000,2.3,0.90,86000,159,0,P:0.901 T:0.886,"P:WING-LAW(core -0, wing -19) T:WING-LAW(core -5, wing -12)",24,2.093,0.034,,,0.468,0.030,0.912,0.053,,,,,,,0.071,0.041,0,,,,,,,,,,,,,,,,,,,,7.32,0.12,9.8,,,,,,,,-4.6,0.84,0.074,1.5,1.5,1.2,False,57,1.0697,1.0067,0.9956,0.0188,3.9,True,3.9,True,,,,,,,,,,25,"the M2 2, depletion 0 cycles arm at the base profile's best waist: dchi2 against the base arm there, and across the waists it was run at: 40 um +7.7, 42 um +2.3, 90 um -0.0. the licence edge for this M2 is 56.6 um and the row's z_ratio is the arm's. a negative dchi2 is the arm fitting the archive better than the base form at that waist",DIAGNOSTIC
summary_arm,PT,session,False,gaussian,2,3,,,42,,,,,,,,,77000,740,0.91,86000,159,0,P:0.916 T:0.885,"P:WING-LAW(core +3, wing -18) T:WING-LAW(core -5, wing -12)",108,1.279,0.034,,,0.203,0.011,0.28,0.17,,,,,,,0.017,0.024,0,,,,,,,,,,,,,,,,,,,,4.47,0.12,2.5,,,,,,,,-4.9,0.84,0.018,1.5,1.5,1.2,False,57,1.0988,1.0338,0.9956,0.0188,5.5,True,5.5,True,,,,,,,,,sigma_l_P sigma_l_T,150,"the M2 2, depletion 3 cycles arm at the base profile's best waist: dchi2 against the base arm there, and across the waists it was run at: 40 um +1539.5, 42 um +736.3, 90 um +5.4. the licence edge for this M2 is 56.6 um and the row's z_ratio is the arm's. a negative dchi2 is the arm fitting the archive better than the base form at that waist",DIAGNOSTIC
summary_propagation,PT,session,False,gaussian,1,0,delta_alpha+1sigma,,42,,,,,,,,-0.00,76000,-0.58,0.90,86000,159,0,P:0.901 T:0.886,"P:WING-LAW(core -0, wing -19) T:WING-LAW(core -5, wing -12)",30,2.095,0.034,,,0.466,0.032,0.911,0.054,,,,,,,0.071,0.042,0,,,,,,,,,,,,,,,,,,,,7.33,0.12,9.8,,,,,,,,-4.6,0.83,0.074,1.5,1.5,0.60,True,40,1.0694,1.0064,0.9956,0.0188,3.9,True,3.9,True,,,,,,,,,,28,"the delta_alpha +1 sigma edge refit at 40, 42, 44 um: w0_shift_um is the move of the three-point parabola's vertex against the base cells' own three-point vertex (42.41 um, interior minimum), blank when either is at an edge. dchi2 is against the base cell nearest the best waist. the shift is the propagated bar for this pinned term",DIAGNOSTIC
summary_propagation,PT,session,False,gaussian,1,0,delta_alpha-1sigma,,42,,,,,,,,0.00,76000,0.60,0.90,86000,159,0,P:0.901 T:0.886,"P:WING-LAW(core -0, wing -19) T:WING-LAW(core -5, wing -12)",30,2.095,0.034,,,0.467,0.030,0.913,0.054,,,,,,,0.071,0.042,0,,,,,,,,,,,,,,,,,,,,7.33,0.12,9.8,,,,,,,,-4.6,0.84,0.074,1.5,1.5,0.60,True,40,1.0695,1.0065,0.9956,0.0188,3.9,True,3.9,True,,,,,,,,,,25,"the delta_alpha -1 sigma edge refit at 40, 42, 44 um: w0_shift_um is the move of the three-point parabola's vertex against the base cells' own three-point vertex (42.41 um, interior minimum), blank when either is at an edge. dchi2 is against the base cell nearest the best waist. the shift is the propagated bar for this pinned term",DIAGNOSTIC
summary_propagation,PT,session,False,gaussian,1,0,rho+1sigma,,42,,,,,,,,0.01,76000,2.5,0.90,86000,159,0,P:0.901 T:0.886,"P:WING-LAW(core -0, wing -19) T:WING-LAW(core -5, wing -12)",60,2.084,0.034,,,0.473,0.029,0.905,0.053,,,,,,,0.069,0.041,0,,,,,,,,,,,,,,,,,,,,7.29,0.12,9.7,,,,,,,,-4.7,0.85,0.074,1.5,1.5,0.60,True,40,1.0722,1.0067,0.9956,0.0188,4.1,True,4.1,True,,,,,,,,,,28,"the rho +1 sigma edge refit at 40, 42, 44 um: w0_shift_um is the move of the three-point parabola's vertex against the base cells' own three-point vertex (42.41 um, interior minimum), blank when either is at an edge. dchi2 is against the base cell nearest the best waist. the shift is the propagated bar for this pinned term",DIAGNOSTIC
summary_propagation,PT,session,False,gaussian,1,0,rho-1sigma,,42,,,,,,,,-0.01,76000,-2.4,0.90,86000,159,0,P:0.901 T:0.886,"P:WING-LAW(core -0, wing -19) T:WING-LAW(core -5, wing -12)",30,2.104,0.034,,,0.456,0.033,0.911,0.053,,,,,,,0.083,0.041,0,,,,,,,,,,,,,,,,,,,,7.36,0.12,9.9,,,,,,,,-4.6,0.82,0.085,1.5,1.5,0.60,True,40,1.0667,1.0063,0.9956,0.0188,3.8,True,3.8,True,,,,,,,,,,31,"the rho -1 sigma edge refit at 40, 42, 44 um: w0_shift_um is the move of the three-point parabola's vertex against the base cells' own three-point vertex (42.41 um, interior minimum), blank when either is at an edge. dchi2 is against the base cell nearest the best waist. the shift is the propagated bar for this pinned term",DIAGNOSTIC
summary_propagation,PT,session,False,gaussian,1,0,law=AIH,,42,,,,,,,,,76000,-66,0.90,86000,159,0,P:0.901 T:0.886,"P:WING-LAW(core -0, wing -19) T:WING-LAW(core -5, wing -12)",42,1.842,0.029,,,0.373,0.041,0.899,0.054,,,,,,,0.049,0.039,0,,,,,,,,,,,,,,,,,,,,6.44,0.10,7.6,,,,,,,,-4.8,0.84,0.051,1.5,1.5,0.60,True,40,1.0697,1.0063,0.9956,0.0188,3.9,True,3.9,True,,,,,,,,,,41,"the AIH density law refit at 40, 42, 44 um: w0_shift_um is the move of the three-point parabola's vertex against the base cells' own three-point vertex (42.41 um, interior minimum), blank when either is at an edge. dchi2 is against the base cell nearest the best waist. the shift is the propagated bar for this pinned term",DIAGNOSTIC
summary_propagation,PT,session,False,gaussian,1,0,law=SMI,,42,,,,,,,,,76000,-65,0.90,86000,159,0,P:0.901 T:0.886,"P:WING-LAW(core -0, wing -19) T:WING-LAW(core -5, wing -12)",48,1.852,0.029,,,0.365,0.041,0.902,0.055,,,,,,,0.046,0.039,0,,,,,,,,,,,,,,,,,,,,6.48,0.10,7.7,,,,,,,,-4.8,0.84,0.048,1.5,1.5,0.60,True,40,1.0697,1.0063,0.9956,0.0188,4.0,True,4.0,True,,,,,,,,,,46,"the SMI density law refit at 40, 42, 44 um: w0_shift_um is the move of the three-point parabola's vertex against the base cells' own three-point vertex (42.41 um, interior minimum), blank when either is at an edge. dchi2 is against the base cell nearest the best waist. the shift is the propagated bar for this pinned term",DIAGNOSTIC
summary_minimum,PT,session,False,lorentzian,1,0,,,46.12,0.29,interior_minimum,,,,,,,76000,0,0.89,86000,159,0.0044,P:0.899 T:0.873,"P:WING-LAW(core -0, wing -19) T:WING-LAW(core -5, wing -14)",180,0.860,0.034,,,0.3305,0.0037,0.372,0.012,,,,,,,0.024,0.031,0,,,,,,,,,,,,,,,,,,,,3.01,0.12,-1.3,,66,1.7,7400,190000,3.3,3.5,-4.9,0.70,0.021,1.3,1.3,0.50,True,40,1.0491,1.0040,0.9956,0.0188,2.9,True,2.9,True,,,,,,,,,,40,"the profile over 26 waists from 40 to 90 um on sessions PT: interior minimum. w0_err_parabola_um is sqrt(2/curvature) at Delta chi2 = 1 on the whitened chi2 from the parabola through the best grid cell and its neighbours, the lo/hi columns the crossings at Delta chi2 = 1 and at chi2_red = 0.891 above the parabola's minimum, interpolated between grid points and blank where the grid does not resolve them. the parameters and the power-arm checks are those of the best grid cell. the frequency axis carries a common 0.5 per cent scale (linefit_conditions rate_relerr), so no bar on w0 below 0.5 per cent is a bar. the model-form spread across the forms is the bar between the summary rows",DIAGNOSTIC
summary_beta_profile,PT,session,False,lorentzian,1,0,,,46.12,0.29,interior_minimum,,,,,,,76000,0,0.89,86000,159,0.0044,P:0.899 T:0.873,"P:WING-LAW(core -0, wing -19) T:WING-LAW(core -5, wing -14)",180,0.860,0.034,,,0.3305,0.0037,0.372,0.012,,,,,,,0.024,0.031,0,,,,,,,,,,,,,,,,,,,,3.01,0.12,-1.3,,66,1.7,7400,190000,3.3,3.5,-4.9,0.70,0.021,1.3,1.3,0.50,True,40,1.0491,1.0040,0.9956,0.0188,2.9,True,2.9,True,,,,,,,,,,40,"beta_self at the profile's best cell read off its PROFILE against the theory prior 3.50 +- 0.37 kHz per 1e12 cm^-3 (vanderwaals.beta_self_anchored, Zameroski's 7S rate scaled, on the Steck density law): the free minimum at 0.860 times theory, and dchi2 with beta pinned at 0, theory, 5x and 20x theory of 66.4, 1.7, 7379.4 and 192719.5. beta_profile_1sigma_hi_khz and beta_profile_ub95_khz are the Delta chi2 = 1 and 2.71 crossings interpolated in beta between those points. the Hessian bar beside it is the curvature of a wall where beta sits at zero and is not the number to quote. the prior is reported against and never multiplied into the likelihood",DIAGNOSTIC
power_arm_session,P,session,False,lorentzian,1,0,,,46.12,,,,,,,,,76000,0,0.89,86000,159,0.0044,P:0.899 T:0.873,"P:WING-LAW(core -0, wing -19) T:WING-LAW(core -5, wing -14)",180,0.860,0.034,,,0.3305,0.0037,0.372,0.012,,,,,,,0.024,0.031,0,,,,,,,,,,,,,,,,,,,,3.01,0.12,-1.3,,66,1.7,7400,190000,3.3,3.5,-4.9,0.70,0.021,1.3,1.3,0.50,True,40,1.0491,1.0040,0.9956,0.0188,2.9,True,2.9,True,0.025,0.225,,,,,,,,40,"session P, the 130 C power sweep, canonical p_sweep: the model's 225 over 25 mW width ratio at the tied Omega (scale 1) with everything else at the best cell's values against the session's measured ratio (results/power_sweep.csv, per peak 4121 1.0644 +- 0.0737, 4154 0.9677 +- 0.0306, 4192 0.9968 +- 0.0315, 4207 1.0227 +- 0.0414), refused above 1 bar. the P^2 lever of this ladder against the campaign's is 1.00",DIAGNOSTIC
power_arm_pooled,PT,session,False,lorentzian,1,0,,,46.12,,,,,,,,,76000,0,0.89,86000,159,0.0044,P:0.899 T:0.873,"P:WING-LAW(core -0, wing -19) T:WING-LAW(core -5, wing -14)",180,0.860,0.034,,,0.3305,0.0037,0.372,0.012,,,,,,,0.024,0.031,0,,,,,,,,,,,,,,,,,,,,3.01,0.12,-1.3,,66,1.7,7400,190000,3.3,3.5,-4.9,0.70,0.021,1.3,1.3,0.50,True,40,1.0491,1.0040,0.9956,0.0188,2.9,True,2.9,True,,,,,,,,,,40,"the sessions' (predicted minus measured) width ratios combined by inverse variance over 1 sessions at the best cell, refused above 1 bar of the pooled bar",DIAGNOSTIC
summary_arm,PT,session,False,lorentzian,1,3,,,46,,,,,,,,,76000,390,0.90,86000,159,0,P:0.905 T:0.875,"P:WING-LAW(core +2, wing -19) T:WING-LAW(core -5, wing -13)",60,0.816,0.034,,,0.2651,0.0037,0.298,0.012,,,,,,,0.019,0.027,0,,,,,,,,,,,,,,,,,,,,2.85,0.12,-1.6,,,,,,,,-4.9,0.70,0.017,1.3,1.4,0.50,True,40,1.0677,1.0220,0.9956,0.0188,3.8,True,3.8,True,,,,,,,,,,6.3,"the M2 1, depletion 3 cycles arm at the base profile's best waist: dchi2 against the base arm there, and across the waists it was run at: 40 um +4145.0, 46 um +389.1, 90 um -27.5. the licence edge for this M2 is 40.0 um and the row's z_ratio is the arm's. a negative dchi2 is the arm fitting the archive better than the base form at that waist",DIAGNOSTIC
summary_arm,PT,session,False,lorentzian,1.5,0,,,46,,,,,,,,,76000,0.34,0.89,86000,159,0,P:0.899 T:0.873,"P:WING-LAW(core -0, wing -19) T:WING-LAW(core -5, wing -14)",24,0.861,0.034,,,0.3307,0.0037,0.372,0.012,,,,,,,0.026,0.031,0,,,,,,,,,,,,,,,,,,,,3.01,0.12,-1.2,,,,,,,,-4.9,0.70,0.023,1.3,1.3,0.76,False,49,1.0494,1.0043,0.9956,0.0188,2.9,True,2.9,True,,,,,,,,,,4.0,"the M2 1.5, depletion 0 cycles arm at the base profile's best waist: dchi2 against the base arm there, and across the waists it was run at: 40 um +2.2, 46 um +0.3, 90 um +0.0. the licence edge for this M2 is 49.0 um and the row's z_ratio is the arm's. a negative dchi2 is the arm fitting the archive better than the base form at that waist",DIAGNOSTIC
summary_arm,PT,session,False,lorentzian,1.5,3,,,46,,,,,,,,,76000,390,0.90,86000,159,0,P:0.905 T:0.875,"P:WING-LAW(core +2, wing -19) T:WING-LAW(core -5, wing -13)",60,0.817,0.034,,,0.2654,0.0037,0.298,0.012,,,,,,,0.019,0.027,0,,,,,,,,,,,,,,,,,,,,2.86,0.12,-1.6,,,,,,,,-4.9,0.70,0.016,1.3,1.4,0.76,False,49,1.0679,1.0222,0.9956,0.0188,3.9,True,3.9,True,,,,,,,,,,6.2,"the M2 1.5, depletion 3 cycles arm at the base profile's best waist: dchi2 against the base arm there, and across the waists it was run at: 40 um +4152.1, 46 um +388.0, 90 um -27.5. the licence edge for this M2 is 49.0 um and the row's z_ratio is the arm's. a negative dchi2 is the arm fitting the archive better than the base form at that waist",DIAGNOSTIC
summary_arm,PT,session,False,lorentzian,2,0,,,46,,,,,,,,,76000,0.67,0.89,86000,159,0,P:0.899 T:0.873,"P:WING-LAW(core -0, wing -19) T:WING-LAW(core -5, wing -14)",30,0.861,0.034,,,0.3306,0.0037,0.372,0.012,,,,,,,0.026,0.031,0,,,,,,,,,,,,,,,,,,,,3.01,0.12,-1.2,,,,,,,,-4.9,0.70,0.023,1.3,1.3,1.0,False,57,1.0497,1.0045,0.9956,0.0188,2.9,True,2.9,True,,,,,,,,,,4.7,"the M2 2, depletion 0 cycles arm at the base profile's best waist: dchi2 against the base arm there, and across the waists it was run at: 40 um +19.4, 46 um +0.7, 90 um +0.1. the licence edge for this M2 is 56.6 um and the row's z_ratio is the arm's. a negative dchi2 is the arm fitting the archive better than the base form at that waist",DIAGNOSTIC
summary_arm,PT,session,False,lorentzian,2,3,,,46,,,,,,,,,76000,390,0.90,86000,159,0,P:0.905 T:0.875,"P:WING-LAW(core +2, wing -19) T:WING-LAW(core -5, wing -13)",60,0.817,0.034,,,0.2653,0.0037,0.298,0.012,,,,,,,0.019,0.027,0,,,,,,,,,,,,,,,,,,,,2.86,0.12,-1.6,,,,,,,,-4.9,0.70,0.017,1.3,1.4,1.0,False,57,1.0678,1.0221,0.9956,0.0188,3.8,True,3.8,True,,,,,,,,,,6.3,"the M2 2, depletion 3 cycles arm at the base profile's best waist: dchi2 against the base arm there, and across the waists it was run at: 40 um +4197.5, 46 um +388.8, 90 um -27.5. the licence edge for this M2 is 56.6 um and the row's z_ratio is the arm's. a negative dchi2 is the arm fitting the archive better than the base form at that waist",DIAGNOSTIC
summary_propagation,PT,session,False,lorentzian,1,0,delta_alpha+1sigma,,46,,,,,,,,-0.00,76000,-0.17,0.89,86000,159,0,P:0.899 T:0.873,"P:WING-LAW(core -0, wing -19) T:WING-LAW(core -5, wing -14)",30,0.860,0.034,,,0.3305,0.0037,0.372,0.012,,,,,,,0.024,0.031,0,,,,,,,,,,,,,,,,,,,,3.01,0.12,-1.3,,,,,,,,-4.9,0.69,0.021,1.3,1.3,0.50,True,40,1.0491,1.0039,0.9956,0.0188,2.9,True,2.9,True,,,,,,,,,,4.1,"the delta_alpha +1 sigma edge refit at 44, 46, 48 um: w0_shift_um is the move of the three-point parabola's vertex against the base cells' own three-point vertex (46.12 um, interior minimum), blank when either is at an edge. dchi2 is against the base cell nearest the best waist. the shift is the propagated bar for this pinned term",DIAGNOSTIC
summary_propagation,PT,session,False,lorentzian,1,0,delta_alpha-1sigma,,46,,,,,,,,0.00,76000,0.17,0.89,86000,159,0,P:0.899 T:0.873,"P:WING-LAW(core -0, wing -19) T:WING-LAW(core -5, wing -14)",30,0.860,0.034,,,0.3305,0.0037,0.372,0.012,,,,,,,0.024,0.031,0,,,,,,,,,,,,,,,,,,,,3.01,0.12,-1.3,,,,,,,,-4.9,0.70,0.021,1.3,1.3,0.50,True,40,1.0492,1.0040,0.9956,0.0188,2.9,True,2.9,True,,,,,,,,,,4.0,"the delta_alpha -1 sigma edge refit at 44, 46, 48 um: w0_shift_um is the move of the three-point parabola's vertex against the base cells' own three-point vertex (46.12 um, interior minimum), blank when either is at an edge. dchi2 is against the base cell nearest the best waist. the shift is the propagated bar for this pinned term",DIAGNOSTIC
summary_propagation,PT,session,False,lorentzian,1,0,rho+1sigma,,46,,,,,,,,0.02,76000,0.50,0.89,86000,159,0,P:0.899 T:0.873,"P:WING-LAW(core +0, wing -19) T:WING-LAW(core -5, wing -14)",12,0.862,0.034,,,0.3298,0.0037,0.371,0.012,,,,,,,0.026,0.031,0,,,,,,,,,,,,,,,,,,,,3.01,0.12,-1.2,,,,,,,,-4.9,0.71,0.023,1.3,1.3,0.50,True,40,1.0511,1.0040,0.9956,0.0188,3.0,True,3.0,True,,,,,,,,,,4.0,"the rho +1 sigma edge refit at 44, 46, 48 um: w0_shift_um is the move of the three-point parabola's vertex against the base cells' own three-point vertex (46.12 um, interior minimum), blank when either is at an edge. dchi2 is against the base cell nearest the best waist. the shift is the propagated bar for this pinned term",DIAGNOSTIC
summary_propagation,PT,session,False,lorentzian,1,0,rho-1sigma,,46,,,,,,,,-0.01,76000,-0.63,0.89,86000,159,0,P:0.899 T:0.873,"P:WING-LAW(core -0, wing -19) T:WING-LAW(core -5, wing -14)",24,0.862,0.034,,,0.3307,0.0037,0.372,0.012,,,,,,,0.028,0.032,0,,,,,,,,,,,,,,,,,,,,3.01,0.12,-1.2,,,,,,,,-4.9,0.68,0.024,1.3,1.3,0.50,True,40,1.0472,1.0039,0.9956,0.0188,2.8,True,2.8,True,,,,,,,,,,4.0,"the rho -1 sigma edge refit at 44, 46, 48 um: w0_shift_um is the move of the three-point parabola's vertex against the base cells' own three-point vertex (46.12 um, interior minimum), blank when either is at an edge. dchi2 is against the base cell nearest the best waist. the shift is the propagated bar for this pinned term",DIAGNOSTIC
summary_propagation,PT,session,False,lorentzian,1,0,law=AIH,,46,,,,,,,,0.00,76000,4.7,0.89,86000,159,0,P:0.899 T:0.873,"P:WING-LAW(core +0, wing -19) T:WING-LAW(core -5, wing -14)",36,0.821,0.029,,,0.3170,0.0037,0.369,0.012,,,,,,,0.024,0.031,0,,,,,,,,,,,,,,,,,,,,2.87,0.10,-1.6,,,,,,,,-4.9,0.70,0.021,1.3,1.3,0.50,True,40,1.0491,1.0040,0.9956,0.0188,2.9,True,2.9,True,,,,,,,,,,5.1,"the AIH density law refit at 44, 46, 48 um: w0_shift_um is the move of the three-point parabola's vertex against the base cells' own three-point vertex (46.12 um, interior minimum), blank when either is at an edge. dchi2 is against the base cell nearest the best waist. the shift is the propagated bar for this pinned term",DIAGNOSTIC
summary_propagation,PT,session,False,lorentzian,1,0,law=SMI,,46,,,,,,,,0.00,76000,4.1,0.89,86000,159,0,P:0.899 T:0.873,"P:WING-LAW(core +0, wing -19) T:WING-LAW(core -5, wing -14)",36,0.823,0.029,,,0.3169,0.0037,0.369,0.012,,,,,,,0.024,0.031,0,,,,,,,,,,,,,,,,,,,,2.88,0.10,-1.6,,,,,,,,-4.9,0.70,0.021,1.3,1.3,0.50,True,40,1.0491,1.0040,0.9956,0.0188,2.9,True,2.9,True,,,,,,,,,,5.0,"the SMI density law refit at 44, 46, 48 um: w0_shift_um is the move of the three-point parabola's vertex against the base cells' own three-point vertex (46.12 um, interior minimum), blank when either is at an edge. dchi2 is against the base cell nearest the best waist. the shift is the propagated bar for this pinned term",DIAGNOSTIC
summary_minimum,PT,session,False,mixed,1,0,,,52.13,0.76,interior_minimum,,,,,,,76000,0,0.89,86000,159,0.13,P:0.898 T:0.870,"P:WING-LAW(core -0, wing -19) T:WING-LAW(core -5, wing -14)",175,0.596,0.034,,,1.131,0.014,0.961,0.048,,,,,,,0.049,0.041,0.4167,0.0036,,,,,,,,,,,,,,,,,,,2.09,0.12,-3.6,,35,17,2000,140000,2.2,2.3,-4.8,0.55,0.033,1.2,1.2,0.39,True,40,1.0292,1.0025,0.9956,0.0188,1.8,True,1.8,True,,,,,,,,,,240,"the profile over 26 waists from 40 to 90 um on sessions PT: interior minimum. w0_err_parabola_um is sqrt(2/curvature) at Delta chi2 = 1 on the whitened chi2 from the parabola through the best grid cell and its neighbours, the lo/hi columns the crossings at Delta chi2 = 1 and at chi2_red = 0.890 above the parabola's minimum, interpolated between grid points and blank where the grid does not resolve them. the parameters and the power-arm checks are those of the best grid cell. the frequency axis carries a common 0.5 per cent scale (linefit_conditions rate_relerr), so no bar on w0 below 0.5 per cent is a bar. the model-form spread across the forms is the bar between the summary rows",DIAGNOSTIC
summary_beta_profile,PT,session,False,mixed,1,0,,,52.13,0.76,interior_minimum,,,,,,,76000,0,0.89,86000,159,0.13,P:0.898 T:0.870,"P:WING-LAW(core -0, wing -19) T:WING-LAW(core -5, wing -14)",175,0.596,0.034,,,1.131,0.014,0.961,0.048,,,,,,,0.049,0.041,0.4167,0.0036,,,,,,,,,,,,,,,,,,,2.09,0.12,-3.6,,35,17,2000,140000,2.2,2.3,-4.8,0.55,0.033,1.2,1.2,0.39,True,40,1.0292,1.0025,0.9956,0.0188,1.8,True,1.8,True,,,,,,,,,,240,"beta_self at the profile's best cell read off its PROFILE against the theory prior 3.50 +- 0.37 kHz per 1e12 cm^-3 (vanderwaals.beta_self_anchored, Zameroski's 7S rate scaled, on the Steck density law): the free minimum at 0.596 times theory, and dchi2 with beta pinned at 0, theory, 5x and 20x theory of 34.8, 16.6, 1950.5 and 141740.6. beta_profile_1sigma_hi_khz and beta_profile_ub95_khz are the Delta chi2 = 1 and 2.71 crossings interpolated in beta between those points. the Hessian bar beside it is the curvature of a wall where beta sits at zero and is not the number to quote. the prior is reported against and never multiplied into the likelihood",DIAGNOSTIC
power_arm_session,P,session,False,mixed,1,0,,,52.13,,,,,,,,,76000,0,0.89,86000,159,0.13,P:0.898 T:0.870,"P:WING-LAW(core -0, wing -19) T:WING-LAW(core -5, wing -14)",175,0.596,0.034,,,1.131,0.014,0.961,0.048,,,,,,,0.049,0.041,0.4167,0.0036,,,,,,,,,,,,,,,,,,,2.09,0.12,-3.6,,35,17,2000,140000,2.2,2.3,-4.8,0.55,0.033,1.2,1.2,0.39,True,40,1.0292,1.0025,0.9956,0.0188,1.8,True,1.8,True,0.025,0.225,,,,,,,,240,"session P, the 130 C power sweep, canonical p_sweep: the model's 225 over 25 mW width ratio at the tied Omega (scale 1) with everything else at the best cell's values against the session's measured ratio (results/power_sweep.csv, per peak 4121 1.0644 +- 0.0737, 4154 0.9677 +- 0.0306, 4192 0.9968 +- 0.0315, 4207 1.0227 +- 0.0414), refused above 1 bar. the P^2 lever of this ladder against the campaign's is 1.00",DIAGNOSTIC
power_arm_pooled,PT,session,False,mixed,1,0,,,52.13,,,,,,,,,76000,0,0.89,86000,159,0.13,P:0.898 T:0.870,"P:WING-LAW(core -0, wing -19) T:WING-LAW(core -5, wing -14)",175,0.596,0.034,,,1.131,0.014,0.961,0.048,,,,,,,0.049,0.041,0.4167,0.0036,,,,,,,,,,,,,,,,,,,2.09,0.12,-3.6,,35,17,2000,140000,2.2,2.3,-4.8,0.55,0.033,1.2,1.2,0.39,True,40,1.0292,1.0025,0.9956,0.0188,1.8,True,1.8,True,,,,,,,,,,240,"the sessions' (predicted minus measured) width ratios combined by inverse variance over 1 sessions at the best cell, refused above 1 bar of the pooled bar",DIAGNOSTIC
summary_arm,PT,session,False,mixed,1,3,,,52,,,,,,,,,76000,160,0.89,86000,159,0,P:0.900 T:0.871,"P:WING-LAW(core +1, wing -19) T:WING-LAW(core -5, wing -14)",63,0.583,0.034,,,1.062,0.015,0.855,0.054,,,,,,,0.041,0.038,0.3978,0.0036,,,,,,,,,,,,,,,,,,,2.04,0.12,-3.7,,,,,,,,-4.8,0.55,0.028,1.2,1.2,0.39,True,40,1.0387,1.0117,0.9956,0.0188,2.3,True,2.3,True,,,,,,,,,,15,"the M2 1, depletion 3 cycles arm at the base profile's best waist: dchi2 against the base arm there, and across the waists it was run at: 40 um +1617.2, 52 um +157.5, 90 um +4.3. the licence edge for this M2 is 40.0 um and the row's z_ratio is the arm's. a negative dchi2 is the arm fitting the archive better than the base form at that waist",DIAGNOSTIC
summary_arm,PT,session,False,mixed,1.5,0,,,52,,,,,,,,,76000,-0.66,0.89,86000,159,0,P:0.898 T:0.870,"P:WING-LAW(core -0, wing -19) T:WING-LAW(core -5, wing -14)",21,0.597,0.034,,,1.135,0.014,0.969,0.050,,,,,,,0.039,0.041,0.4160,0.0036,,,,,,,,,,,,,,,,,,,2.09,0.12,-3.6,,,,,,,,-4.8,0.55,0.027,1.2,1.2,0.59,True,49,1.0292,1.0025,0.9956,0.0188,1.8,True,1.8,True,,,,,,,,,,9.1,"the M2 1.5, depletion 0 cycles arm at the base profile's best waist: dchi2 against the base arm there, and across the waists it was run at: 40 um +1.4, 52 um -0.7, 90 um -0.0. the licence edge for this M2 is 49.0 um and the row's z_ratio is the arm's. a negative dchi2 is the arm fitting the archive better than the base form at that waist",DIAGNOSTIC
summary_arm,PT,session,False,mixed,1.5,3,,,52,,,,,,,,,76000,160,0.89,86000,159,0,P:0.900 T:0.871,"P:WING-LAW(core +0, wing -19) T:WING-LAW(core -5, wing -14)",84,0.591,0.034,,,1.058,0.015,0.854,0.055,,,,,,,0.037,0.038,0.3982,0.0036,,,,,,,,,,,,,,,,,,,2.07,0.12,-3.7,,,,,,,,-4.8,0.55,0.025,1.2,1.2,0.59,True,49,1.0387,1.0117,0.9956,0.0188,2.3,True,2.3,True,,,,,,,,,,19,"the M2 1.5, depletion 3 cycles arm at the base profile's best waist: dchi2 against the base arm there, and across the waists it was run at: 40 um +1619.8, 52 um +155.8, 90 um +4.3. the licence edge for this M2 is 49.0 um and the row's z_ratio is the arm's. a negative dchi2 is the arm fitting the archive better than the base form at that waist",DIAGNOSTIC
summary_arm,PT,session,False,mixed,2,0,,,52,,,,,,,,,76000,-0.92,0.89,86000,159,0,P:0.898 T:0.870,"P:WING-LAW(core -0, wing -19) T:WING-LAW(core -5, wing -14)",42,0.597,0.034,,,1.131,0.014,0.961,0.050,,,,,,,0.049,0.041,0.4168,0.0036,,,,,,,,,,,,,,,,,,,2.09,0.12,-3.6,,,,,,,,-4.8,0.55,0.033,1.2,1.2,0.79,False,57,1.0292,1.0025,0.9956,0.0188,1.8,True,1.8,True,,,,,,,,,,9.8,"the M2 2, depletion 0 cycles arm at the base profile's best waist: dchi2 against the base arm there, and across the waists it was run at: 40 um +10.3, 52 um -0.9, 90 um -0.0. the licence edge for this M2 is 56.6 um and the row's z_ratio is the arm's. a negative dchi2 is the arm fitting the archive better than the base form at that waist",DIAGNOSTIC
summary_arm,PT,session,False,mixed,2,3,,,52,,,,,,,,,76000,160,0.89,86000,159,0,P:0.900 T:0.871,"P:WING-LAW(core +1, wing -19) T:WING-LAW(core -5, wing -14)",42,0.592,0.034,,,1.051,0.015,0.851,0.055,,,,,,,0.042,0.038,0.3998,0.0036,,,,,,,,,,,,,,,,,,,2.07,0.12,-3.7,,,,,,,,-4.8,0.55,0.029,1.2,1.2,0.79,False,57,1.0388,1.0118,0.9956,0.0188,2.3,True,2.3,True,,,,,,,,,,13,"the M2 2, depletion 3 cycles arm at the base profile's best waist: dchi2 against the base arm there, and across the waists it was run at: 40 um +1636.7, 52 um +155.4, 90 um +4.3. the licence edge for this M2 is 56.6 um and the row's z_ratio is the arm's. a negative dchi2 is the arm fitting the archive better than the base form at that waist",DIAGNOSTIC
summary_propagation,PT,session,False,mixed,1,0,delta_alpha+1sigma,,52,,,,,,,,-0.01,76000,-0.43,0.89,86000,159,0,P:0.898 T:0.870,"P:WING-LAW(core -0, wing -19) T:WING-LAW(core -5, wing -14)",21,0.587,0.034,,,1.131,0.013,0.950,0.049,,,,,,,0.041,0.041,0.4180,0.0036,,,,,,,,,,,,,,,,,,,2.05,0.12,-3.7,,,,,,,,-4.8,0.54,0.028,1.2,1.2,0.39,True,40,1.0292,1.0025,0.9956,0.0188,1.8,True,1.8,True,,,,,,,,,,9.3,"the delta_alpha +1 sigma edge refit at 50, 52, 54 um: w0_shift_um is the move of the three-point parabola's vertex against the base cells' own three-point vertex (52.13 um, interior minimum), blank when either is at an edge. dchi2 is against the base cell nearest the best waist. the shift is the propagated bar for this pinned term",DIAGNOSTIC
summary_propagation,PT,session,False,mixed,1,0,delta_alpha-1sigma,,52,,,,,,,,0.01,76000,0.33,0.89,86000,159,0,P:0.898 T:0.870,"P:WING-LAW(core -0, wing -19) T:WING-LAW(core -5, wing -14)",28,0.596,0.034,,,1.130,0.014,0.957,0.048,,,,,,,0.048,0.041,0.4168,0.0036,,,,,,,,,,,,,,,,,,,2.08,0.12,-3.6,,,,,,,,-4.8,0.55,0.033,1.2,1.2,0.39,True,40,1.0292,1.0025,0.9956,0.0188,1.8,True,1.8,True,,,,,,,,,,9.0,"the delta_alpha -1 sigma edge refit at 50, 52, 54 um: w0_shift_um is the move of the three-point parabola's vertex against the base cells' own three-point vertex (52.13 um, interior minimum), blank when either is at an edge. dchi2 is against the base cell nearest the best waist. the shift is the propagated bar for this pinned term",DIAGNOSTIC
summary_propagation,PT,session,False,mixed,1,0,rho+1sigma,,52,,,,,,,,0.07,76000,1.4,0.89,86000,159,0,P:0.898 T:0.870,"P:WING-LAW(core -0, wing -19) T:WING-LAW(core -5, wing -14)",21,0.593,0.034,,,1.130,0.014,0.951,0.049,,,,,,,0.041,0.040,0.4171,0.0036,,,,,,,,,,,,,,,,,,,2.08,0.12,-3.6,,,,,,,,-4.8,0.56,0.029,1.2,1.2,0.39,True,40,1.0304,1.0026,0.9956,0.0188,1.9,True,1.9,True,,,,,,,,,,9.2,"the rho +1 sigma edge refit at 50, 52, 54 um: w0_shift_um is the move of the three-point parabola's vertex against the base cells' own three-point vertex (52.13 um, interior minimum), blank when either is at an edge. dchi2 is against the base cell nearest the best waist. the shift is the propagated bar for this pinned term",DIAGNOSTIC
summary_propagation,PT,session,False,mixed,1,0,rho-1sigma,,52,,,,,,,,-0.05,76000,-1.6,0.89,86000,159,0,P:0.898 T:0.870,"P:WING-LAW(core -0, wing -19) T:WING-LAW(core -5, wing -14)",42,0.590,0.034,,,1.134,0.013,0.958,0.049,,,,,,,0.046,0.042,0.4172,0.0036,,,,,,,,,,,,,,,,,,,2.06,0.12,-3.7,,,,,,,,-4.8,0.53,0.031,1.2,1.2,0.39,True,40,1.0280,1.0024,0.9956,0.0188,1.7,True,1.7,True,,,,,,,,,,11,"the rho -1 sigma edge refit at 50, 52, 54 um: w0_shift_um is the move of the three-point parabola's vertex against the base cells' own three-point vertex (52.13 um, interior minimum), blank when either is at an edge. dchi2 is against the base cell nearest the best waist. the shift is the propagated bar for this pinned term",DIAGNOSTIC
summary_propagation,PT,session,False,mixed,1,0,law=AIH,,52,,,,,,,,-0.02,76000,8.6,0.89,86000,159,0,P:0.898 T:0.870,"P:WING-LAW(core -0, wing -19) T:WING-LAW(core -5, wing -14)",35,0.553,0.029,,,1.130,0.014,0.966,0.049,,,,,,,0.050,0.041,0.4101,0.0036,,,,,,,,,,,,,,,,,,,1.93,0.10,-4.1,,,,,,,,-4.8,0.55,0.034,1.2,1.2,0.39,True,40,1.0292,1.0025,0.9956,0.0188,1.8,True,1.8,True,,,,,,,,,,10,"the AIH density law refit at 50, 52, 54 um: w0_shift_um is the move of the three-point parabola's vertex against the base cells' own three-point vertex (52.13 um, interior minimum), blank when either is at an edge. dchi2 is against the base cell nearest the best waist. the shift is the propagated bar for this pinned term",DIAGNOSTIC
summary_propagation,PT,session,False,mixed,1,0,law=SMI,,52,,,,,,,,-0.02,76000,8.5,0.89,86000,159,0,P:0.898 T:0.870,"P:WING-LAW(core -0, wing -19) T:WING-LAW(core -5, wing -14)",35,0.553,0.029,,,1.130,0.014,0.966,0.049,,,,,,,0.050,0.041,0.4103,0.0036,,,,,,,,,,,,,,,,,,,1.93,0.10,-4.1,,,,,,,,-4.7,0.55,0.034,1.2,1.2,0.39,True,40,1.0292,1.0025,0.9956,0.0188,1.8,True,1.8,True,,,,,,,,,,11,"the SMI density law refit at 50, 52, 54 um: w0_shift_um is the move of the three-point parabola's vertex against the base cells' own three-point vertex (52.13 um, interior minimum), blank when either is at an edge. dchi2 is against the base cell nearest the best waist. the shift is the propagated bar for this pinned term",DIAGNOSTIC
width_vs_power_committed,P,,,,,,,4121,,,,,,,,,,,,,,,,,,,,,,,,,,,,,,,,,,,,,,,,,,,,,,,,,,,,,,,,,,,,,,,,,,,,,,,,,,,,,,,,,,,-0.01,0.18,-,,,,,,"d ln(width) / dP in per watt from results/power_sweep.csv fitted widths, the block scatter added in quadrature, a weighted straight line through the ladder's rungs with its least-squares bar. read before any reading of the Omega scale: a width that falls with power is what pulls the saturation scale below its prior",DIAGNOSTIC
width_vs_power_committed,P,,,,,,,4154,,,,,,,,,,,,,,,,,,,,,,,,,,,,,,,,,,,,,,,,,,,,,,,,,,,,,,,,,,,,,,,,,,,,,,,,,,,,,,,,,,,-0.11,0.14,-,,,,,,"d ln(width) / dP in per watt from results/power_sweep.csv fitted widths, the block scatter added in quadrature, a weighted straight line through the ladder's rungs with its least-squares bar. read before any reading of the Omega scale: a width that falls with power is what pulls the saturation scale below its prior",DIAGNOSTIC
width_vs_power_committed,P,,,,,,,4192,,,,,,,,,,,,,,,,,,,,,,,,,,,,,,,,,,,,,,,,,,,,,,,,,,,,,,,,,,,,,,,,,,,,,,,,,,,,,,,,,,,-0.06,0.14,-,,,,,,"d ln(width) / dP in per watt from results/power_sweep.csv fitted widths, the block scatter added in quadrature, a weighted straight line through the ladder's rungs with its least-squares bar. read before any reading of the Omega scale: a width that falls with power is what pulls the saturation scale below its prior",DIAGNOSTIC
width_vs_power_committed,P,,,,,,,4207,,,,,,,,,,,,,,,,,,,,,,,,,,,,,,,,,,,,,,,,,,,,,,,,,,,,,,,,,,,,,,,,,,,,,,,,,,,,,,,,,,,0.04,0.16,+,,,,,,"d ln(width) / dP in per watt from results/power_sweep.csv fitted widths, the block scatter added in quadrature, a weighted straight line through the ladder's rungs with its least-squares bar. read before any reading of the Omega scale: a width that falls with power is what pulls the saturation scale below its prior",DIAGNOSTIC
width_vs_power_traces,P,,,,,,,4121,,,,,,,,,,,,,,,,,,,,,,,,,,,,,,,,,,,,,,,,,,,,,,,,,,,,,,,,,,,,,,,,,,,,,,,,,,,,,,,,,,,-0.064,0.063,-,,,,,,"d ln(width) / dP in per watt from model-free contiguous half-maximum widths of the traces, repeats' standard errors, a weighted straight line through the ladder's rungs with its least-squares bar. read before any reading of the Omega scale: a width that falls with power is what pulls the saturation scale below its prior",DIAGNOSTIC
width_vs_power_traces,P,,,,,,,4154,,,,,,,,,,,,,,,,,,,,,,,,,,,,,,,,,,,,,,,,,,,,,,,,,,,,,,,,,,,,,,,,,,,,,,,,,,,,,,,,,,,-0.183,0.047,-,,,,,,"d ln(width) / dP in per watt from model-free contiguous half-maximum widths of the traces, repeats' standard errors, a weighted straight line through the ladder's rungs with its least-squares bar. read before any reading of the Omega scale: a width that falls with power is what pulls the saturation scale below its prior",DIAGNOSTIC
width_vs_power_traces,P,,,,,,,4192,,,,,,,,,,,,,,,,,,,,,,,,,,,,,,,,,,,,,,,,,,,,,,,,,,,,,,,,,,,,,,,,,,,,,,,,,,,,,,,,,,,-0.179,0.036,-,,,,,,"d ln(width) / dP in per watt from model-free contiguous half-maximum widths of the traces, repeats' standard errors, a weighted straight line through the ladder's rungs with its least-squares bar. read before any reading of the Omega scale: a width that falls with power is what pulls the saturation scale below its prior",DIAGNOSTIC
width_vs_power_traces,P,,,,,,,4207,,,,,,,,,,,,,,,,,,,,,,,,,,,,,,,,,,,,,,,,,,,,,,,,,,,,,,,,,,,,,,,,,,,,,,,,,,,,,,,,,,,-0.042,0.052,-,,,,,,"d ln(width) / dP in per watt from model-free contiguous half-maximum widths of the traces, repeats' standard errors, a weighted straight line through the ladder's rungs with its least-squares bar. read before any reading of the Omega scale: a width that falls with power is what pulls the saturation scale below its prior",DIAGNOSTIC
gate,PT,,,all,,,,,,,,,,,,,,,,,,,,,,,,,,,,,,,,,,,,,,,,,,,,,,,,,,,,,,,,,,,,,,,,,,,,,,,,,,,,,,,,,,,,,,,,,,,,,,,"GATE REFUSE: gaussian: the theory coefficient inside the beta profile's 3 sigma at the best cell, gaussian: every session's wing within 5 sigma of its noise law and its core within 5 sigma of the model at the best cell, lorentzian: every session's wing within 5 sigma of its noise law and its core within 5 sigma of the model at the best cell, mixed: the theory coefficient inside the beta profile's 3 sigma at the best cell, mixed: every session's wing within 5 sigma of its noise law and its core within 5 sigma of the model at the best cell",DIAGNOSTIC
