case,quantity,value,err,unit,basis,note,status
P_4121_125mW_130C,mu2@0.5,0.0826466,,MHz^2,"estimator on the archive grid against the direct truncated moment 0.0826466 of the same de-baselined line on a 10x finer grid, both self-centred, scaled error 5.57e-08. the bare model's truncated moment is 0.0826502, so the strip baseline's bias at this window is -3.622e-06 (-0.00438 per cent)","noiseless, truth 42.38 um at the prior means, mixed form, strips (28.0, 36.0) MHz",DIAGNOSTIC
P_4121_125mW_130C,mu3@0.5,-1.17066e-08,,MHz^3,"estimator on the archive grid against the direct truncated moment -7.09657e-06 of the same de-baselined line on a 10x finer grid, both self-centred, scaled error 2.98e-04. the bare model's truncated moment is -7.12489e-06, so the strip baseline's bias at this window is +7.113e-06 (+0.000299 in units of k2^(n/2), the odd orders of a symmetric line being zero)","noiseless, truth 42.38 um at the prior means, mixed form, strips (28.0, 36.0) MHz",DIAGNOSTIC
P_4121_125mW_130C,mu4@0.5,0.0123532,,MHz^4,"estimator on the archive grid against the direct truncated moment 0.0123532 of the same de-baselined line on a 10x finer grid, both self-centred, scaled error 9.87e-06. the bare model's truncated moment is 0.012354, so the strip baseline's bias at this window is -8.139e-07 (-0.00659 per cent)","noiseless, truth 42.38 um at the prior means, mixed form, strips (28.0, 36.0) MHz",DIAGNOSTIC
P_4121_125mW_130C,mu5@0.5,-3.78592e-09,,MHz^5,"estimator on the archive grid against the direct truncated moment -1.40809e-06 of the same de-baselined line on a 10x finer grid, both self-centred, scaled error 7.15e-04. the bare model's truncated moment is -1.41553e-06, so the strip baseline's bias at this window is +1.412e-06 (+0.000719 in units of k2^(n/2), the odd orders of a symmetric line being zero)","noiseless, truth 42.38 um at the prior means, mixed form, strips (28.0, 36.0) MHz",DIAGNOSTIC
P_4121_125mW_130C,mu6@0.5,0.0022016,,MHz^6,"estimator on the archive grid against the direct truncated moment 0.00220163 of the same de-baselined line on a 10x finer grid, both self-centred, scaled error 5.99e-05. the bare model's truncated moment is 0.00220178, so the strip baseline's bias at this window is -1.813e-07 (-0.00823 per cent)","noiseless, truth 42.38 um at the prior means, mixed form, strips (28.0, 36.0) MHz",DIAGNOSTIC
P_4121_125mW_130C,mu7@0.5,-1.01819e-09,,MHz^7,"estimator on the archive grid against the direct truncated moment -3.13428e-07 of the same de-baselined line on a 10x finer grid, both self-centred, scaled error 1.93e-03. the bare model's truncated moment is -3.15505e-07, so the strip baseline's bias at this window is +3.145e-07 (+0.00194 in units of k2^(n/2), the odd orders of a symmetric line being zero)","noiseless, truth 42.38 um at the prior means, mixed form, strips (28.0, 36.0) MHz. REFUSED from the vector: unresolved at the archive's sampling",DIAGNOSTIC
P_4121_125mW_130C,mu2@1,0.32279,,MHz^2,"estimator on the archive grid against the direct truncated moment 0.322787 of the same de-baselined line on a 10x finer grid, both self-centred, scaled error 8.78e-06. the bare model's truncated moment is 0.322846, so the strip baseline's bias at this window is -5.584e-05 (-0.0173 per cent)","noiseless, truth 42.38 um at the prior means, mixed form, strips (28.0, 36.0) MHz",DIAGNOSTIC
P_4121_125mW_130C,mu3@1,-2.32645e-07,,MHz^3,"estimator on the archive grid against the direct truncated moment -2.7729e-06 of the same de-baselined line on a 10x finer grid, both self-centred, scaled error 1.39e-05. the bare model's truncated moment is -2.73844e-06, so the strip baseline's bias at this window is +2.506e-06 (+1.37e-05 in units of k2^(n/2), the odd orders of a symmetric line being zero)","noiseless, truth 42.38 um at the prior means, mixed form, strips (28.0, 36.0) MHz",DIAGNOSTIC
P_4121_125mW_130C,mu4@1,0.191039,,MHz^4,"estimator on the archive grid against the direct truncated moment 0.191037 of the same de-baselined line on a 10x finer grid, both self-centred, scaled error 2.18e-05. the bare model's truncated moment is 0.191087, so the strip baseline's bias at this window is -4.761e-05 (-0.0249 per cent)","noiseless, truth 42.38 um at the prior means, mixed form, strips (28.0, 36.0) MHz",DIAGNOSTIC
P_4121_125mW_130C,mu5@1,-2.74102e-07,,MHz^5,"estimator on the archive grid against the direct truncated moment -4.09995e-06 of the same de-baselined line on a 10x finer grid, both self-centred, scaled error 6.46e-05. the bare model's truncated moment is -4.0123e-06, so the strip baseline's bias at this window is +3.738e-06 (+6.31e-05 in units of k2^(n/2), the odd orders of a symmetric line being zero)","noiseless, truth 42.38 um at the prior means, mixed form, strips (28.0, 36.0) MHz",DIAGNOSTIC
P_4121_125mW_130C,mu6@1,0.135429,,MHz^6,"estimator on the archive grid against the direct truncated moment 0.135428 of the same de-baselined line on a 10x finer grid, both self-centred, scaled error 5.21e-05. the bare model's truncated moment is 0.135469, so the strip baseline's bias at this window is -3.961e-05 (-0.0292 per cent)","noiseless, truth 42.38 um at the prior means, mixed form, strips (28.0, 36.0) MHz",DIAGNOSTIC
P_4121_125mW_130C,mu7@1,-2.77856e-07,,MHz^7,"estimator on the archive grid against the direct truncated moment -5.49336e-06 of the same de-baselined line on a 10x finer grid, both self-centred, scaled error 2.73e-04. the bare model's truncated moment is -5.3597e-06, so the strip baseline's bias at this window is +5.082e-06 (+0.000266 in units of k2^(n/2), the odd orders of a symmetric line being zero)","noiseless, truth 42.38 um at the prior means, mixed form, strips (28.0, 36.0) MHz",DIAGNOSTIC
P_4121_125mW_130C,mu2@2,1.18685,,MHz^2,"estimator on the archive grid against the direct truncated moment 1.18682 of the same de-baselined line on a 10x finer grid, both self-centred, scaled error 1.85e-05. the bare model's truncated moment is 1.18773, so the strip baseline's bias at this window is -0.0008797 (-0.0741 per cent)","noiseless, truth 42.38 um at the prior means, mixed form, strips (28.0, 36.0) MHz",DIAGNOSTIC
P_4121_125mW_130C,mu3@2,-5.94127e-06,,MHz^3,"estimator on the archive grid against the direct truncated moment -6.20646e-06 of the same de-baselined line on a 10x finer grid, both self-centred, scaled error 2.05e-07. the bare model's truncated moment is -5.21816e-06, so the strip baseline's bias at this window is -7.231e-07 (-5.59e-07 in units of k2^(n/2), the odd orders of a symmetric line being zero)","noiseless, truth 42.38 um at the prior means, mixed form, strips (28.0, 36.0) MHz",DIAGNOSTIC
P_4121_125mW_130C,mu4@2,2.71219,,MHz^4,"estimator on the archive grid against the direct truncated moment 2.71213 of the same de-baselined line on a 10x finer grid, both self-centred, scaled error 4.37e-05. the bare model's truncated moment is 2.71513, so the strip baseline's bias at this window is -0.002941 (-0.108 per cent)","noiseless, truth 42.38 um at the prior means, mixed form, strips (28.0, 36.0) MHz",DIAGNOSTIC
P_4121_125mW_130C,mu5@2,-2.46612e-05,,MHz^5,"estimator on the archive grid against the direct truncated moment -3.28385e-05 of the same de-baselined line on a 10x finer grid, both self-centred, scaled error 5.33e-06. the bare model's truncated moment is -2.83823e-05, so the strip baseline's bias at this window is +3.721e-06 (+2.42e-06 in units of k2^(n/2), the odd orders of a symmetric line being zero)","noiseless, truth 42.38 um at the prior means, mixed form, strips (28.0, 36.0) MHz",DIAGNOSTIC
P_4121_125mW_130C,mu6@2,7.54604,,MHz^6,"estimator on the archive grid against the direct truncated moment 7.54587 of the same de-baselined line on a 10x finer grid, both self-centred, scaled error 9.99e-05. the bare model's truncated moment is 7.5557, so the strip baseline's bias at this window is -0.009663 (-0.128 per cent)","noiseless, truth 42.38 um at the prior means, mixed form, strips (28.0, 36.0) MHz",DIAGNOSTIC
P_4121_125mW_130C,mu7@2,-9.01502e-05,,MHz^7,"estimator on the archive grid against the direct truncated moment -0.000154545 of the same de-baselined line on a 10x finer grid, both self-centred, scaled error 3.54e-05. the bare model's truncated moment is -0.000136875, so the strip baseline's bias at this window is +4.673e-05 (+2.57e-05 in units of k2^(n/2), the odd orders of a symmetric line being zero)","noiseless, truth 42.38 um at the prior means, mixed form, strips (28.0, 36.0) MHz",DIAGNOSTIC
P_4121_125mW_130C,mu2@3,2.38217,,MHz^2,"estimator on the archive grid against the direct truncated moment 2.38213 of the same de-baselined line on a 10x finer grid, both self-centred, scaled error 2.00e-05. the bare model's truncated moment is 2.38646, so the strip baseline's bias at this window is -0.004285 (-0.18 per cent)","noiseless, truth 42.38 um at the prior means, mixed form, strips (28.0, 36.0) MHz",DIAGNOSTIC
P_4121_125mW_130C,mu3@3,-2.47358e-05,,MHz^3,"estimator on the archive grid against the direct truncated moment -2.66245e-05 of the same de-baselined line on a 10x finer grid, both self-centred, scaled error 5.14e-07. the bare model's truncated moment is -1.6574e-05, so the strip baseline's bias at this window is -8.162e-06 (-2.22e-06 in units of k2^(n/2), the odd orders of a symmetric line being zero)","noiseless, truth 42.38 um at the prior means, mixed form, strips (28.0, 36.0) MHz",DIAGNOSTIC
P_4121_125mW_130C,mu4@3,11.6885,,MHz^4,"estimator on the archive grid against the direct truncated moment 11.6882 of the same de-baselined line on a 10x finer grid, both self-centred, scaled error 4.82e-05. the bare model's truncated moment is 11.7198, so the strip baseline's bias at this window is -0.03137 (-0.268 per cent)","noiseless, truth 42.38 um at the prior means, mixed form, strips (28.0, 36.0) MHz",DIAGNOSTIC
P_4121_125mW_130C,mu5@3,-0.000201117,,MHz^5,"estimator on the archive grid against the direct truncated moment -0.000244984 of the same de-baselined line on a 10x finer grid, both self-centred, scaled error 5.01e-06. the bare model's truncated moment is -0.000150265, so the strip baseline's bias at this window is -5.085e-05 (-5.81e-06 in units of k2^(n/2), the odd orders of a symmetric line being zero)","noiseless, truth 42.38 um at the prior means, mixed form, strips (28.0, 36.0) MHz",DIAGNOSTIC
P_4121_125mW_130C,mu6@3,71.4194,,MHz^6,"estimator on the archive grid against the direct truncated moment 71.4177 of the same de-baselined line on a 10x finer grid, both self-centred, scaled error 1.22e-04. the bare model's truncated moment is 71.6472, so the strip baseline's bias at this window is -0.2278 (-0.318 per cent)","noiseless, truth 42.38 um at the prior means, mixed form, strips (28.0, 36.0) MHz",DIAGNOSTIC
P_4121_125mW_130C,mu7@3,-0.00149718,,MHz^7,"estimator on the archive grid against the direct truncated moment -0.00205536 of the same de-baselined line on a 10x finer grid, both self-centred, scaled error 2.68e-05. the bare model's truncated moment is -0.00127043, so the strip baseline's bias at this window is -0.0002268 (-1.09e-05 in units of k2^(n/2), the odd orders of a symmetric line being zero)","noiseless, truth 42.38 um at the prior means, mixed form, strips (28.0, 36.0) MHz",DIAGNOSTIC
P_4121_125mW_130C,mu2@5,5.11518,,MHz^2,"estimator on the archive grid against the direct truncated moment 5.11503 of the same de-baselined line on a 10x finer grid, both self-centred, scaled error 3.00e-05. the bare model's truncated moment is 5.14461, so the strip baseline's bias at this window is -0.02943 (-0.572 per cent)","noiseless, truth 42.38 um at the prior means, mixed form, strips (28.0, 36.0) MHz",DIAGNOSTIC
P_4121_125mW_130C,mu3@5,-0.000257442,,MHz^3,"estimator on the archive grid against the direct truncated moment -0.000260272 of the same de-baselined line on a 10x finer grid, both self-centred, scaled error 2.45e-07. the bare model's truncated moment is -6.44892e-05, so the strip baseline's bias at this window is -0.000193 (-1.67e-05 in units of k2^(n/2), the odd orders of a symmetric line being zero)","noiseless, truth 42.38 um at the prior means, mixed form, strips (28.0, 36.0) MHz",DIAGNOSTIC
P_4121_125mW_130C,mu4@5,62.9884,,MHz^4,"estimator on the archive grid against the direct truncated moment 62.9859 of the same de-baselined line on a 10x finer grid, both self-centred, scaled error 9.49e-05. the bare model's truncated moment is 63.5559, so the strip baseline's bias at this window is -0.5675 (-0.893 per cent)","noiseless, truth 42.38 um at the prior means, mixed form, strips (28.0, 36.0) MHz",DIAGNOSTIC
P_4121_125mW_130C,mu5@5,-0.00609648,,MHz^5,"estimator on the archive grid against the direct truncated moment -0.0060832 of the same de-baselined line on a 10x finer grid, both self-centred, scaled error 2.24e-07. the bare model's truncated moment is -0.00126473, so the strip baseline's bias at this window is -0.004832 (-8.17e-05 in units of k2^(n/2), the odd orders of a symmetric line being zero)","noiseless, truth 42.38 um at the prior means, mixed form, strips (28.0, 36.0) MHz",DIAGNOSTIC
P_4121_125mW_130C,mu6@5,1018.17,,MHz^6,"estimator on the archive grid against the direct truncated moment 1018.13 of the same de-baselined line on a 10x finer grid, both self-centred, scaled error 3.30e-04. the bare model's truncated moment is 1029.29, so the strip baseline's bias at this window is -11.12 (-1.08 per cent)","noiseless, truth 42.38 um at the prior means, mixed form, strips (28.0, 36.0) MHz",DIAGNOSTIC
P_4121_125mW_130C,mu7@5,-0.132385,,MHz^7,"estimator on the archive grid against the direct truncated moment -0.130289 of the same de-baselined line on a 10x finer grid, both self-centred, scaled error 6.92e-06. the bare model's truncated moment is -0.023864, so the strip baseline's bias at this window is -0.1085 (-0.000359 in units of k2^(n/2), the odd orders of a symmetric line being zero)","noiseless, truth 42.38 um at the prior means, mixed form, strips (28.0, 36.0) MHz",DIAGNOSTIC
P_4121_125mW_130C,mu2@8,9.11092,,MHz^2,"estimator on the archive grid against the direct truncated moment 9.11068 of the same de-baselined line on a 10x finer grid, both self-centred, scaled error 2.68e-05. the bare model's truncated moment is 9.26916, so the strip baseline's bias at this window is -0.1582 (-1.71 per cent)","noiseless, truth 42.38 um at the prior means, mixed form, strips (28.0, 36.0) MHz",DIAGNOSTIC
P_4121_125mW_130C,mu3@8,-0.003044,,MHz^3,"estimator on the archive grid against the direct truncated moment -0.00299604 of the same de-baselined line on a 10x finer grid, both self-centred, scaled error 1.74e-06. the bare model's truncated moment is -0.000140541, so the strip baseline's bias at this window is -0.002903 (-0.000106 in units of k2^(n/2), the odd orders of a symmetric line being zero)","noiseless, truth 42.38 um at the prior means, mixed form, strips (28.0, 36.0) MHz",DIAGNOSTIC
P_4121_125mW_130C,mu4@8,252.158,,MHz^4,"estimator on the archive grid against the direct truncated moment 252.151 of the same de-baselined line on a 10x finer grid, both self-centred, scaled error 8.21e-05. the bare model's truncated moment is 259.504, so the strip baseline's bias at this window is -7.346 (-2.83 per cent)","noiseless, truth 42.38 um at the prior means, mixed form, strips (28.0, 36.0) MHz",DIAGNOSTIC
P_4121_125mW_130C,mu5@8,-0.175404,,MHz^5,"estimator on the archive grid against the direct truncated moment -0.173047 of the same de-baselined line on a 10x finer grid, both self-centred, scaled error 9.41e-06. the bare model's truncated moment is -0.00544262, so the strip baseline's bias at this window is -0.17 (-0.000678 in units of k2^(n/2), the odd orders of a symmetric line being zero)","noiseless, truth 42.38 um at the prior means, mixed form, strips (28.0, 36.0) MHz",DIAGNOSTIC
P_4121_125mW_130C,mu6@8,9896.74,,MHz^6,"estimator on the archive grid against the direct truncated moment 9896.5 of the same de-baselined line on a 10x finer grid, both self-centred, scaled error 3.12e-04. the bare model's truncated moment is 10253.8, so the strip baseline's bias at this window is -357 (-3.48 per cent)","noiseless, truth 42.38 um at the prior means, mixed form, strips (28.0, 36.0) MHz",DIAGNOSTIC
P_4121_125mW_130C,mu7@8,-9.43472,,MHz^7,"estimator on the archive grid against the direct truncated moment -9.33749 of the same de-baselined line on a 10x finer grid, both self-centred, scaled error 4.26e-05. the bare model's truncated moment is -0.224118, so the strip baseline's bias at this window is -9.211 (-0.00404 in units of k2^(n/2), the odd orders of a symmetric line being zero)","noiseless, truth 42.38 um at the prior means, mixed form, strips (28.0, 36.0) MHz",DIAGNOSTIC
P_4121_125mW_130C,mu2@13,14.9702,,MHz^2,"estimator on the archive grid against the direct truncated moment 14.9698 of the same de-baselined line on a 10x finer grid, both self-centred, scaled error 2.37e-05. the bare model's truncated moment is 15.7813, so the strip baseline's bias at this window is -0.8111 (-5.14 per cent)","noiseless, truth 42.38 um at the prior means, mixed form, strips (28.0, 36.0) MHz",DIAGNOSTIC
P_4121_125mW_130C,mu3@13,-0.041032,,MHz^3,"estimator on the archive grid against the direct truncated moment -0.0409729 of the same de-baselined line on a 10x finer grid, both self-centred, scaled error 1.02e-06. the bare model's truncated moment is -0.000205309, so the strip baseline's bias at this window is -0.04083 (-0.000705 in units of k2^(n/2), the odd orders of a symmetric line being zero)","noiseless, truth 42.38 um at the prior means, mixed form, strips (28.0, 36.0) MHz",DIAGNOSTIC
P_4121_125mW_130C,mu4@13,949.591,,MHz^4,"estimator on the archive grid against the direct truncated moment 949.57 of the same de-baselined line on a 10x finer grid, both self-centred, scaled error 9.36e-05. the bare model's truncated moment is 1043, so the strip baseline's bias at this window is -93.41 (-8.96 per cent)","noiseless, truth 42.38 um at the prior means, mixed form, strips (28.0, 36.0) MHz",DIAGNOSTIC
P_4121_125mW_130C,mu5@13,-5.86081,,MHz^5,"estimator on the archive grid against the direct truncated moment -5.85577 of the same de-baselined line on a 10x finer grid, both self-centred, scaled error 5.82e-06. the bare model's truncated moment is -0.0141708, so the strip baseline's bias at this window is -5.847 (-0.00674 in units of k2^(n/2), the odd orders of a symmetric line being zero)","noiseless, truth 42.38 um at the prior means, mixed form, strips (28.0, 36.0) MHz",DIAGNOSTIC
P_4121_125mW_130C,mu6@13,94275.4,,MHz^6,"estimator on the archive grid against the direct truncated moment 94273.4 of the same de-baselined line on a 10x finer grid, both self-centred, scaled error 5.78e-04. the bare model's truncated moment is 105952, so the strip baseline's bias at this window is -1.168e+04 (-11 per cent)","noiseless, truth 42.38 um at the prior means, mixed form, strips (28.0, 36.0) MHz",DIAGNOSTIC
P_4121_125mW_130C,mu7@13,-809.688,,MHz^7,"estimator on the archive grid against the direct truncated moment -809.175 of the same de-baselined line on a 10x finer grid, both self-centred, scaled error 3.96e-05. the bare model's truncated moment is -1.26926, so the strip baseline's bias at this window is -808.4 (-0.0623 in units of k2^(n/2), the odd orders of a symmetric line being zero)","noiseless, truth 42.38 um at the prior means, mixed form, strips (28.0, 36.0) MHz",DIAGNOSTIC
P_4121_125mW_130C,mu2@21,22.1373,,MHz^2,"estimator on the archive grid against the direct truncated moment 22.1367 of the same de-baselined line on a 10x finer grid, both self-centred, scaled error 2.56e-05. the bare model's truncated moment is 25.9373, so the strip baseline's bias at this window is -3.8 (-14.7 per cent)","noiseless, truth 42.38 um at the prior means, mixed form, strips (28.0, 36.0) MHz",DIAGNOSTIC
P_4121_125mW_130C,mu3@21,-0.512826,,MHz^3,"estimator on the archive grid against the direct truncated moment -0.51284 of the same de-baselined line on a 10x finer grid, both self-centred, scaled error 1.35e-07. the bare model's truncated moment is -0.000241995, so the strip baseline's bias at this window is -0.5126 (-0.00492 in units of k2^(n/2), the odd orders of a symmetric line being zero)","noiseless, truth 42.38 um at the prior means, mixed form, strips (28.0, 36.0) MHz",DIAGNOSTIC
P_4121_125mW_130C,mu4@21,3082.17,,MHz^4,"estimator on the archive grid against the direct truncated moment 3082.07 of the same de-baselined line on a 10x finer grid, both self-centred, scaled error 1.87e-04. the bare model's truncated moment is 4172.2, so the strip baseline's bias at this window is -1090 (-26.1 per cent)","noiseless, truth 42.38 um at the prior means, mixed form, strips (28.0, 36.0) MHz",DIAGNOSTIC
P_4121_125mW_130C,mu5@21,-180.11,,MHz^5,"estimator on the archive grid against the direct truncated moment -180.131 of the same de-baselined line on a 10x finer grid, both self-centred, scaled error 9.15e-06. the bare model's truncated moment is -0.0272612, so the strip baseline's bias at this window is -180.1 (-0.0781 in units of k2^(n/2), the odd orders of a symmetric line being zero)","noiseless, truth 42.38 um at the prior means, mixed form, strips (28.0, 36.0) MHz",DIAGNOSTIC
P_4121_125mW_130C,mu6@21,750873,,MHz^6,"estimator on the archive grid against the direct truncated moment 750848 of the same de-baselined line on a 10x finer grid, both self-centred, scaled error 2.33e-03. the bare model's truncated moment is 1.10094e+06, so the strip baseline's bias at this window is -3.501e+05 (-31.8 per cent)","noiseless, truth 42.38 um at the prior means, mixed form, strips (28.0, 36.0) MHz. REFUSED from the vector: unresolved at the archive's sampling",DIAGNOSTIC
P_4121_125mW_130C,mu7@21,-63498,,MHz^7,"estimator on the archive grid against the direct truncated moment -63506.9 of the same de-baselined line on a 10x finer grid, both self-centred, scaled error 1.74e-04. the bare model's truncated moment is -5.39519, so the strip baseline's bias at this window is -6.349e+04 (-1.24 in units of k2^(n/2), the odd orders of a symmetric line being zero)","noiseless, truth 42.38 um at the prior means, mixed form, strips (28.0, 36.0) MHz",DIAGNOSTIC
P_4121_175mW_130C,mu2@0.5,0.0826766,,MHz^2,"estimator on the archive grid against the direct truncated moment 0.0826768 of the same de-baselined line on a 10x finer grid, both self-centred, scaled error 3.19e-06. the bare model's truncated moment is 0.0826806, so the strip baseline's bias at this window is -4.076e-06 (-0.00493 per cent)","noiseless, truth 42.38 um at the prior means, mixed form, strips (28.0, 36.0) MHz",DIAGNOSTIC
P_4121_175mW_130C,mu3@0.5,3.46381e-08,,MHz^3,"estimator on the archive grid against the direct truncated moment -2.31162e-06 of the same de-baselined line on a 10x finer grid, both self-centred, scaled error 9.87e-05. the bare model's truncated moment is -2.31687e-06, so the strip baseline's bias at this window is +2.352e-06 (+9.89e-05 in units of k2^(n/2), the odd orders of a symmetric line being zero)","noiseless, truth 42.38 um at the prior means, mixed form, strips (28.0, 36.0) MHz",DIAGNOSTIC
P_4121_175mW_130C,mu4@0.5,0.0123596,,MHz^4,"estimator on the archive grid against the direct truncated moment 0.0123597 of the same de-baselined line on a 10x finer grid, both self-centred, scaled error 1.84e-05. the bare model's truncated moment is 0.0123605, so the strip baseline's bias at this window is -9.615e-07 (-0.00778 per cent)","noiseless, truth 42.38 um at the prior means, mixed form, strips (28.0, 36.0) MHz",DIAGNOSTIC
P_4121_175mW_130C,mu5@0.5,1.07091e-08,,MHz^5,"estimator on the archive grid against the direct truncated moment -2.64689e-07 of the same de-baselined line on a 10x finer grid, both self-centred, scaled error 1.40e-04. the bare model's truncated moment is -2.67451e-07, so the strip baseline's bias at this window is +2.782e-07 (+0.000142 in units of k2^(n/2), the odd orders of a symmetric line being zero)","noiseless, truth 42.38 um at the prior means, mixed form, strips (28.0, 36.0) MHz",DIAGNOSTIC
P_4121_175mW_130C,mu6@0.5,0.00220292,,MHz^6,"estimator on the archive grid against the direct truncated moment 0.00220297 of the same de-baselined line on a 10x finer grid, both self-centred, scaled error 8.13e-05. the bare model's truncated moment is 0.00220315, so the strip baseline's bias at this window is -2.259e-07 (-0.0103 per cent)","noiseless, truth 42.38 um at the prior means, mixed form, strips (28.0, 36.0) MHz",DIAGNOSTIC
P_4121_175mW_130C,mu7@0.5,2.77237e-09,,MHz^7,"estimator on the archive grid against the direct truncated moment -1.08105e-08 of the same de-baselined line on a 10x finer grid, both self-centred, scaled error 8.36e-05. the bare model's truncated moment is -1.1834e-08, so the strip baseline's bias at this window is +1.461e-08 (+8.99e-05 in units of k2^(n/2), the odd orders of a symmetric line being zero)","noiseless, truth 42.38 um at the prior means, mixed form, strips (28.0, 36.0) MHz",DIAGNOSTIC
P_4121_175mW_130C,mu2@1,0.32323,,MHz^2,"estimator on the archive grid against the direct truncated moment 0.323233 of the same de-baselined line on a 10x finer grid, both self-centred, scaled error 8.89e-06. the bare model's truncated moment is 0.323292, so the strip baseline's bias at this window is -6.209e-05 (-0.0192 per cent)","noiseless, truth 42.38 um at the prior means, mixed form, strips (28.0, 36.0) MHz",DIAGNOSTIC
P_4121_175mW_130C,mu3@1,3.69112e-07,,MHz^3,"estimator on the archive grid against the direct truncated moment -1.58066e-07 of the same de-baselined line on a 10x finer grid, both self-centred, scaled error 2.87e-06. the bare model's truncated moment is -1.69646e-07, so the strip baseline's bias at this window is +5.388e-07 (+2.93e-06 in units of k2^(n/2), the odd orders of a symmetric line being zero)","noiseless, truth 42.38 um at the prior means, mixed form, strips (28.0, 36.0) MHz",DIAGNOSTIC
P_4121_175mW_130C,mu4@1,0.191409,,MHz^4,"estimator on the archive grid against the direct truncated moment 0.191414 of the same de-baselined line on a 10x finer grid, both self-centred, scaled error 4.72e-05. the bare model's truncated moment is 0.191464, so the strip baseline's bias at this window is -5.53e-05 (-0.0289 per cent)","noiseless, truth 42.38 um at the prior means, mixed form, strips (28.0, 36.0) MHz",DIAGNOSTIC
P_4121_175mW_130C,mu5@1,3.56282e-07,,MHz^5,"estimator on the archive grid against the direct truncated moment 4.89162e-07 of the same de-baselined line on a 10x finer grid, both self-centred, scaled error 2.24e-06. the bare model's truncated moment is 4.63917e-07, so the strip baseline's bias at this window is -1.076e-07 (-1.81e-06 in units of k2^(n/2), the odd orders of a symmetric line being zero)","noiseless, truth 42.38 um at the prior means, mixed form, strips (28.0, 36.0) MHz",DIAGNOSTIC
P_4121_175mW_130C,mu6@1,0.135734,,MHz^6,"estimator on the archive grid against the direct truncated moment 0.135741 of the same de-baselined line on a 10x finer grid, both self-centred, scaled error 2.08e-04. the bare model's truncated moment is 0.135783, so the strip baseline's bias at this window is -4.882e-05 (-0.036 per cent)","noiseless, truth 42.38 um at the prior means, mixed form, strips (28.0, 36.0) MHz",DIAGNOSTIC
P_4121_175mW_130C,mu7@1,3.13617e-07,,MHz^7,"estimator on the archive grid against the direct truncated moment 1.10524e-06 of the same de-baselined line on a 10x finer grid, both self-centred, scaled error 4.12e-05. the bare model's truncated moment is 1.06154e-06, so the strip baseline's bias at this window is -7.479e-07 (-3.9e-05 in units of k2^(n/2), the odd orders of a symmetric line being zero)","noiseless, truth 42.38 um at the prior means, mixed form, strips (28.0, 36.0) MHz",DIAGNOSTIC
P_4121_175mW_130C,mu2@2,1.19213,,MHz^2,"estimator on the archive grid against the direct truncated moment 1.19212 of the same de-baselined line on a 10x finer grid, both self-centred, scaled error 5.42e-06. the bare model's truncated moment is 1.19304, so the strip baseline's bias at this window is -0.0009056 (-0.0759 per cent)","noiseless, truth 42.38 um at the prior means, mixed form, strips (28.0, 36.0) MHz",DIAGNOSTIC
P_4121_175mW_130C,mu3@2,-4.47396e-06,,MHz^3,"estimator on the archive grid against the direct truncated moment -7.13715e-06 of the same de-baselined line on a 10x finer grid, both self-centred, scaled error 2.05e-06. the bare model's truncated moment is -5.89254e-06, so the strip baseline's bias at this window is +1.419e-06 (+1.09e-06 in units of k2^(n/2), the odd orders of a symmetric line being zero)","noiseless, truth 42.38 um at the prior means, mixed form, strips (28.0, 36.0) MHz",DIAGNOSTIC
P_4121_175mW_130C,mu4@2,2.72925,,MHz^4,"estimator on the archive grid against the direct truncated moment 2.72923 of the same de-baselined line on a 10x finer grid, both self-centred, scaled error 1.46e-05. the bare model's truncated moment is 2.73227, so the strip baseline's bias at this window is -0.00302 (-0.111 per cent)","noiseless, truth 42.38 um at the prior means, mixed form, strips (28.0, 36.0) MHz",DIAGNOSTIC
P_4121_175mW_130C,mu5@2,-2.08685e-05,,MHz^5,"estimator on the archive grid against the direct truncated moment -2.19507e-05 of the same de-baselined line on a 10x finer grid, both self-centred, scaled error 6.97e-07. the bare model's truncated moment is -1.69017e-05, so the strip baseline's bias at this window is -3.967e-06 (-2.56e-06 in units of k2^(n/2), the odd orders of a symmetric line being zero)","noiseless, truth 42.38 um at the prior means, mixed form, strips (28.0, 36.0) MHz",DIAGNOSTIC
P_4121_175mW_130C,mu6@2,7.6008,,MHz^6,"estimator on the archive grid against the direct truncated moment 7.60075 of the same de-baselined line on a 10x finer grid, both self-centred, scaled error 2.97e-05. the bare model's truncated moment is 7.61071, so the strip baseline's bias at this window is -0.009911 (-0.13 per cent)","noiseless, truth 42.38 um at the prior means, mixed form, strips (28.0, 36.0) MHz",DIAGNOSTIC
P_4121_175mW_130C,mu7@2,-8.00896e-05,,MHz^7,"estimator on the archive grid against the direct truncated moment -4.36424e-05 of the same de-baselined line on a 10x finer grid, both self-centred, scaled error 1.97e-05. the bare model's truncated moment is -2.62498e-05, so the strip baseline's bias at this window is -5.384e-05 (-2.91e-05 in units of k2^(n/2), the odd orders of a symmetric line being zero)","noiseless, truth 42.38 um at the prior means, mixed form, strips (28.0, 36.0) MHz",DIAGNOSTIC
P_4121_175mW_130C,mu2@3,2.40097,,MHz^2,"estimator on the archive grid against the direct truncated moment 2.40093 of the same de-baselined line on a 10x finer grid, both self-centred, scaled error 1.67e-05. the bare model's truncated moment is 2.40532, so the strip baseline's bias at this window is -0.004353 (-0.181 per cent)","noiseless, truth 42.38 um at the prior means, mixed form, strips (28.0, 36.0) MHz",DIAGNOSTIC
P_4121_175mW_130C,mu3@3,-4.39445e-05,,MHz^3,"estimator on the archive grid against the direct truncated moment -4.86315e-05 of the same de-baselined line on a 10x finer grid, both self-centred, scaled error 1.26e-06. the bare model's truncated moment is -3.4414e-05, so the strip baseline's bias at this window is -9.53e-06 (-2.56e-06 in units of k2^(n/2), the odd orders of a symmetric line being zero)","noiseless, truth 42.38 um at the prior means, mixed form, strips (28.0, 36.0) MHz",DIAGNOSTIC
P_4121_175mW_130C,mu4@3,11.8178,,MHz^4,"estimator on the archive grid against the direct truncated moment 11.8175 of the same de-baselined line on a 10x finer grid, both self-centred, scaled error 5.09e-05. the bare model's truncated moment is 11.8496, so the strip baseline's bias at this window is -0.03184 (-0.269 per cent)","noiseless, truth 42.38 um at the prior means, mixed form, strips (28.0, 36.0) MHz",DIAGNOSTIC
P_4121_175mW_130C,mu5@3,-0.000403786,,MHz^5,"estimator on the archive grid against the direct truncated moment -0.000394151 of the same de-baselined line on a 10x finer grid, both self-centred, scaled error 1.08e-06. the bare model's truncated moment is -0.000260619, so the strip baseline's bias at this window is -0.0001432 (-1.6e-05 in units of k2^(n/2), the odd orders of a symmetric line being zero)","noiseless, truth 42.38 um at the prior means, mixed form, strips (28.0, 36.0) MHz",DIAGNOSTIC
P_4121_175mW_130C,mu6@3,72.3238,,MHz^6,"estimator on the archive grid against the direct truncated moment 72.3217 of the same de-baselined line on a 10x finer grid, both self-centred, scaled error 1.50e-04. the bare model's truncated moment is 72.5551, so the strip baseline's bias at this window is -0.2312 (-0.319 per cent)","noiseless, truth 42.38 um at the prior means, mixed form, strips (28.0, 36.0) MHz",DIAGNOSTIC
P_4121_175mW_130C,mu7@3,-0.00325528,,MHz^7,"estimator on the archive grid against the direct truncated moment -0.00276356 of the same de-baselined line on a 10x finer grid, both self-centred, scaled error 2.29e-05. the bare model's truncated moment is -0.00166325, so the strip baseline's bias at this window is -0.001592 (-7.42e-05 in units of k2^(n/2), the odd orders of a symmetric line being zero)","noiseless, truth 42.38 um at the prior means, mixed form, strips (28.0, 36.0) MHz",DIAGNOSTIC
P_4121_175mW_130C,mu2@5,5.18557,,MHz^2,"estimator on the archive grid against the direct truncated moment 5.18546 of the same de-baselined line on a 10x finer grid, both self-centred, scaled error 2.03e-05. the bare model's truncated moment is 5.21556, so the strip baseline's bias at this window is -0.02999 (-0.575 per cent)","noiseless, truth 42.38 um at the prior means, mixed form, strips (28.0, 36.0) MHz",DIAGNOSTIC
P_4121_175mW_130C,mu3@5,-0.00044764,,MHz^3,"estimator on the archive grid against the direct truncated moment -0.000439375 of the same de-baselined line on a 10x finer grid, both self-centred, scaled error 7.00e-07. the bare model's truncated moment is -0.00016193, so the strip baseline's bias at this window is -0.0002857 (-2.42e-05 in units of k2^(n/2), the odd orders of a symmetric line being zero)","noiseless, truth 42.38 um at the prior means, mixed form, strips (28.0, 36.0) MHz",DIAGNOSTIC
P_4121_175mW_130C,mu4@5,64.1878,,MHz^4,"estimator on the archive grid against the direct truncated moment 64.1862 of the same de-baselined line on a 10x finer grid, both self-centred, scaled error 5.78e-05. the bare model's truncated moment is 64.7677, so the strip baseline's bias at this window is -0.5799 (-0.895 per cent)","noiseless, truth 42.38 um at the prior means, mixed form, strips (28.0, 36.0) MHz",DIAGNOSTIC
P_4121_175mW_130C,mu5@5,-0.0103738,,MHz^5,"estimator on the archive grid against the direct truncated moment -0.0101387 of the same de-baselined line on a 10x finer grid, both self-centred, scaled error 3.84e-06. the bare model's truncated moment is -0.00329433, so the strip baseline's bias at this window is -0.007079 (-0.000116 in units of k2^(n/2), the odd orders of a symmetric line being zero)","noiseless, truth 42.38 um at the prior means, mixed form, strips (28.0, 36.0) MHz",DIAGNOSTIC
P_4121_175mW_130C,mu6@5,1040.02,,MHz^6,"estimator on the archive grid against the direct truncated moment 1039.99 of the same de-baselined line on a 10x finer grid, both self-centred, scaled error 1.80e-04. the bare model's truncated moment is 1051.39, so the strip baseline's bias at this window is -11.37 (-1.08 per cent)","noiseless, truth 42.38 um at the prior means, mixed form, strips (28.0, 36.0) MHz",DIAGNOSTIC
P_4121_175mW_130C,mu7@5,-0.220086,,MHz^7,"estimator on the archive grid against the direct truncated moment -0.216794 of the same de-baselined line on a 10x finer grid, both self-centred, scaled error 1.04e-05. the bare model's truncated moment is -0.0654415, so the strip baseline's bias at this window is -0.1546 (-0.000487 in units of k2^(n/2), the odd orders of a symmetric line being zero)","noiseless, truth 42.38 um at the prior means, mixed form, strips (28.0, 36.0) MHz",DIAGNOSTIC
P_4121_175mW_130C,mu2@8,9.28684,,MHz^2,"estimator on the archive grid against the direct truncated moment 9.28656 of the same de-baselined line on a 10x finer grid, both self-centred, scaled error 3.00e-05. the bare model's truncated moment is 9.44846, so the strip baseline's bias at this window is -0.1616 (-1.71 per cent)","noiseless, truth 42.38 um at the prior means, mixed form, strips (28.0, 36.0) MHz",DIAGNOSTIC
P_4121_175mW_130C,mu3@8,-0.00432886,,MHz^3,"estimator on the archive grid against the direct truncated moment -0.00441306 of the same de-baselined line on a 10x finer grid, both self-centred, scaled error 2.98e-06. the bare model's truncated moment is -0.000357408, so the strip baseline's bias at this window is -0.003971 (-0.00014 in units of k2^(n/2), the odd orders of a symmetric line being zero)","noiseless, truth 42.38 um at the prior means, mixed form, strips (28.0, 36.0) MHz",DIAGNOSTIC
P_4121_175mW_130C,mu4@8,258.723,,MHz^4,"estimator on the archive grid against the direct truncated moment 258.712 of the same de-baselined line on a 10x finer grid, both self-centred, scaled error 1.27e-04. the bare model's truncated moment is 266.245, so the strip baseline's bias at this window is -7.521 (-2.82 per cent)","noiseless, truth 42.38 um at the prior means, mixed form, strips (28.0, 36.0) MHz",DIAGNOSTIC
P_4121_175mW_130C,mu5@8,-0.249017,,MHz^5,"estimator on the archive grid against the direct truncated moment -0.2531 of the same de-baselined line on a 10x finer grid, both self-centred, scaled error 1.55e-05. the bare model's truncated moment is -0.0142793, so the strip baseline's bias at this window is -0.2347 (-0.000893 in units of k2^(n/2), the odd orders of a symmetric line being zero)","noiseless, truth 42.38 um at the prior means, mixed form, strips (28.0, 36.0) MHz",DIAGNOSTIC
P_4121_175mW_130C,mu6@8,10179.5,,MHz^6,"estimator on the archive grid against the direct truncated moment 10179 of the same de-baselined line on a 10x finer grid, both self-centred, scaled error 6.25e-04. the bare model's truncated moment is 10545.4, so the strip baseline's bias at this window is -366 (-3.47 per cent)","noiseless, truth 42.38 um at the prior means, mixed form, strips (28.0, 36.0) MHz",DIAGNOSTIC
P_4121_175mW_130C,mu7@8,-13.4396,,MHz^7,"estimator on the archive grid against the direct truncated moment -13.6216 of the same de-baselined line on a 10x finer grid, both self-centred, scaled error 7.46e-05. the bare model's truncated moment is -0.614535, so the strip baseline's bias at this window is -12.83 (-0.00525 in units of k2^(n/2), the odd orders of a symmetric line being zero)","noiseless, truth 42.38 um at the prior means, mixed form, strips (28.0, 36.0) MHz",DIAGNOSTIC
P_4121_175mW_130C,mu2@13,15.3206,,MHz^2,"estimator on the archive grid against the direct truncated moment 15.3198 of the same de-baselined line on a 10x finer grid, both self-centred, scaled error 5.62e-05. the bare model's truncated moment is 16.1518, so the strip baseline's bias at this window is -0.8311 (-5.15 per cent)","noiseless, truth 42.38 um at the prior means, mixed form, strips (28.0, 36.0) MHz",DIAGNOSTIC
P_4121_175mW_130C,mu3@13,-0.058447,,MHz^3,"estimator on the archive grid against the direct truncated moment -0.0586531 of the same de-baselined line on a 10x finer grid, both self-centred, scaled error 3.44e-06. the bare model's truncated moment is -0.000528016, so the strip baseline's bias at this window is -0.05792 (-0.000966 in units of k2^(n/2), the odd orders of a symmetric line being zero)","noiseless, truth 42.38 um at the prior means, mixed form, strips (28.0, 36.0) MHz",DIAGNOSTIC
P_4121_175mW_130C,mu4@13,977.996,,MHz^4,"estimator on the archive grid against the direct truncated moment 977.908 of the same de-baselined line on a 10x finer grid, both self-centred, scaled error 3.75e-04. the bare model's truncated moment is 1073.95, so the strip baseline's bias at this window is -95.95 (-8.93 per cent)","noiseless, truth 42.38 um at the prior means, mixed form, strips (28.0, 36.0) MHz",DIAGNOSTIC
P_4121_175mW_130C,mu5@13,-8.36856,,MHz^5,"estimator on the archive grid against the direct truncated moment -8.39244 of the same de-baselined line on a 10x finer grid, both self-centred, scaled error 2.60e-05. the bare model's truncated moment is -0.0373923, so the strip baseline's bias at this window is -8.331 (-0.00907 in units of k2^(n/2), the odd orders of a symmetric line being zero)","noiseless, truth 42.38 um at the prior means, mixed form, strips (28.0, 36.0) MHz",DIAGNOSTIC
P_4121_175mW_130C,mu6@13,97247.3,,MHz^6,"estimator on the archive grid against the direct truncated moment 97236.6 of the same de-baselined line on a 10x finer grid, both self-centred, scaled error 2.96e-03. the bare model's truncated moment is 109252, so the strip baseline's bias at this window is -1.2e+04 (-11 per cent)","noiseless, truth 42.38 um at the prior means, mixed form, strips (28.0, 36.0) MHz. REFUSED from the vector: unresolved at the archive's sampling",DIAGNOSTIC
P_4121_175mW_130C,mu7@13,-1157.48,,MHz^7,"estimator on the archive grid against the direct truncated moment -1160.52 of the same de-baselined line on a 10x finer grid, both self-centred, scaled error 2.16e-04. the bare model's truncated moment is -3.43083, so the strip baseline's bias at this window is -1154 (-0.082 in units of k2^(n/2), the odd orders of a symmetric line being zero)","noiseless, truth 42.38 um at the prior means, mixed form, strips (28.0, 36.0) MHz",DIAGNOSTIC
P_4121_175mW_130C,mu2@21,22.7069,,MHz^2,"estimator on the archive grid against the direct truncated moment 22.7035 of the same de-baselined line on a 10x finer grid, both self-centred, scaled error 1.52e-04. the bare model's truncated moment is 26.6106, so the strip baseline's bias at this window is -3.904 (-14.7 per cent)","noiseless, truth 42.38 um at the prior means, mixed form, strips (28.0, 36.0) MHz",DIAGNOSTIC
P_4121_175mW_130C,mu3@21,-0.732357,,MHz^3,"estimator on the archive grid against the direct truncated moment -0.733755 of the same de-baselined line on a 10x finer grid, both self-centred, scaled error 1.29e-05. the bare model's truncated moment is -0.000623775, so the strip baseline's bias at this window is -0.7317 (-0.00676 in units of k2^(n/2), the odd orders of a symmetric line being zero)","noiseless, truth 42.38 um at the prior means, mixed form, strips (28.0, 36.0) MHz",DIAGNOSTIC
P_4121_175mW_130C,mu4@21,3178.11,,MHz^4,"estimator on the archive grid against the direct truncated moment 3177.16 of the same de-baselined line on a 10x finer grid, both self-centred, scaled error 1.84e-03. the bare model's truncated moment is 4299.95, so the strip baseline's bias at this window is -1122 (-26.1 per cent)","noiseless, truth 42.38 um at the prior means, mixed form, strips (28.0, 36.0) MHz. REFUSED from the vector: unresolved at the archive's sampling",DIAGNOSTIC
P_4121_175mW_130C,mu5@21,-257.828,,MHz^5,"estimator on the archive grid against the direct truncated moment -258.293 of the same de-baselined line on a 10x finer grid, both self-centred, scaled error 1.89e-04. the bare model's truncated moment is -0.0709509, so the strip baseline's bias at this window is -257.8 (-0.105 in units of k2^(n/2), the odd orders of a symmetric line being zero)","noiseless, truth 42.38 um at the prior means, mixed form, strips (28.0, 36.0) MHz",DIAGNOSTIC
P_4121_175mW_130C,mu6@21,774832,,MHz^6,"estimator on the archive grid against the direct truncated moment 774529 of the same de-baselined line on a 10x finer grid, both self-centred, scaled error 2.59e-02. the bare model's truncated moment is 1.13532e+06, so the strip baseline's bias at this window is -3.605e+05 (-31.8 per cent)","noiseless, truth 42.38 um at the prior means, mixed form, strips (28.0, 36.0) MHz. REFUSED from the vector: unresolved at the archive's sampling",DIAGNOSTIC
P_4121_175mW_130C,mu7@21,-90974.2,,MHz^7,"estimator on the archive grid against the direct truncated moment -91136 of the same de-baselined line on a 10x finer grid, both self-centred, scaled error 2.90e-03. the bare model's truncated moment is -13.6503, so the strip baseline's bias at this window is -9.096e+04 (-1.63 in units of k2^(n/2), the odd orders of a symmetric line being zero)","noiseless, truth 42.38 um at the prior means, mixed form, strips (28.0, 36.0) MHz. REFUSED from the vector: unresolved at the archive's sampling",DIAGNOSTIC
P_4121_225mW_130C,mu2@0.5,0.0827127,,MHz^2,"estimator on the archive grid against the direct truncated moment 0.0827147 of the same de-baselined line on a 10x finer grid, both self-centred, scaled error 2.38e-05. the bare model's truncated moment is 0.0827184, so the strip baseline's bias at this window is -5.721e-06 (-0.00692 per cent)","noiseless, truth 42.38 um at the prior means, mixed form, strips (28.0, 36.0) MHz",DIAGNOSTIC
P_4121_225mW_130C,mu3@0.5,-7.22434e-09,,MHz^3,"estimator on the archive grid against the direct truncated moment 2.09012e-06 of the same de-baselined line on a 10x finer grid, both self-centred, scaled error 8.82e-05. the bare model's truncated moment is 2.10998e-06, so the strip baseline's bias at this window is -2.117e-06 (-8.9e-05 in units of k2^(n/2), the odd orders of a symmetric line being zero)","noiseless, truth 42.38 um at the prior means, mixed form, strips (28.0, 36.0) MHz",DIAGNOSTIC
P_4121_225mW_130C,mu4@0.5,0.0123673,,MHz^4,"estimator on the archive grid against the direct truncated moment 0.0123683 of the same de-baselined line on a 10x finer grid, both self-centred, scaled error 1.48e-04. the bare model's truncated moment is 0.0123691, so the strip baseline's bias at this window is -1.808e-06 (-0.0146 per cent)","noiseless, truth 42.38 um at the prior means, mixed form, strips (28.0, 36.0) MHz",DIAGNOSTIC
P_4121_225mW_130C,mu5@0.5,-2.34347e-09,,MHz^5,"estimator on the archive grid against the direct truncated moment 2.87363e-07 of the same de-baselined line on a 10x finer grid, both self-centred, scaled error 1.47e-04. the bare model's truncated moment is 2.89889e-07, so the strip baseline's bias at this window is -2.922e-07 (-0.000149 in units of k2^(n/2), the odd orders of a symmetric line being zero)","noiseless, truth 42.38 um at the prior means, mixed form, strips (28.0, 36.0) MHz",DIAGNOSTIC
P_4121_225mW_130C,mu6@0.5,0.00220453,,MHz^6,"estimator on the archive grid against the direct truncated moment 0.00220491 of the same de-baselined line on a 10x finer grid, both self-centred, scaled error 6.76e-04. the bare model's truncated moment is 0.00220507, so the strip baseline's bias at this window is -5.467e-07 (-0.0248 per cent)","noiseless, truth 42.38 um at the prior means, mixed form, strips (28.0, 36.0) MHz",DIAGNOSTIC
P_4121_225mW_130C,mu7@0.5,-6.41707e-10,,MHz^7,"estimator on the archive grid against the direct truncated moment 3.22591e-08 of the same de-baselined line on a 10x finer grid, both self-centred, scaled error 2.02e-04. the bare model's truncated moment is 3.24633e-08, so the strip baseline's bias at this window is -3.31e-08 (-0.000203 in units of k2^(n/2), the odd orders of a symmetric line being zero)","noiseless, truth 42.38 um at the prior means, mixed form, strips (28.0, 36.0) MHz",DIAGNOSTIC
P_4121_225mW_130C,mu2@1,0.32376,,MHz^2,"estimator on the archive grid against the direct truncated moment 0.323763 of the same de-baselined line on a 10x finer grid, both self-centred, scaled error 8.12e-06. the bare model's truncated moment is 0.323823, so the strip baseline's bias at this window is -6.247e-05 (-0.0193 per cent)","noiseless, truth 42.38 um at the prior means, mixed form, strips (28.0, 36.0) MHz",DIAGNOSTIC
P_4121_225mW_130C,mu3@1,9.98371e-08,,MHz^3,"estimator on the archive grid against the direct truncated moment 4.29892e-07 of the same de-baselined line on a 10x finer grid, both self-centred, scaled error 1.79e-06. the bare model's truncated moment is 4.48733e-07, so the strip baseline's bias at this window is -3.489e-07 (-1.89e-06 in units of k2^(n/2), the odd orders of a symmetric line being zero)","noiseless, truth 42.38 um at the prior means, mixed form, strips (28.0, 36.0) MHz",DIAGNOSTIC
P_4121_225mW_130C,mu4@1,0.191856,,MHz^4,"estimator on the archive grid against the direct truncated moment 0.191861 of the same de-baselined line on a 10x finer grid, both self-centred, scaled error 4.72e-05. the bare model's truncated moment is 0.191912, so the strip baseline's bias at this window is -5.588e-05 (-0.0291 per cent)","noiseless, truth 42.38 um at the prior means, mixed form, strips (28.0, 36.0) MHz",DIAGNOSTIC
P_4121_225mW_130C,mu5@1,4.9718e-08,,MHz^5,"estimator on the archive grid against the direct truncated moment 6.25441e-07 of the same de-baselined line on a 10x finer grid, both self-centred, scaled error 9.65e-06. the bare model's truncated moment is 6.14231e-07, so the strip baseline's bias at this window is -5.645e-07 (-9.46e-06 in units of k2^(n/2), the odd orders of a symmetric line being zero)","noiseless, truth 42.38 um at the prior means, mixed form, strips (28.0, 36.0) MHz",DIAGNOSTIC
P_4121_225mW_130C,mu6@1,0.136103,,MHz^6,"estimator on the archive grid against the direct truncated moment 0.13611 of the same de-baselined line on a 10x finer grid, both self-centred, scaled error 2.14e-04. the bare model's truncated moment is 0.136153, so the strip baseline's bias at this window is -4.953e-05 (-0.0364 per cent)","noiseless, truth 42.38 um at the prior means, mixed form, strips (28.0, 36.0) MHz",DIAGNOSTIC
P_4121_225mW_130C,mu7@1,1.95443e-09,,MHz^7,"estimator on the archive grid against the direct truncated moment 9.51728e-07 of the same de-baselined line on a 10x finer grid, both self-centred, scaled error 4.92e-05. the bare model's truncated moment is 9.08937e-07, so the strip baseline's bias at this window is -9.07e-07 (-4.7e-05 in units of k2^(n/2), the odd orders of a symmetric line being zero)","noiseless, truth 42.38 um at the prior means, mixed form, strips (28.0, 36.0) MHz",DIAGNOSTIC
P_4121_225mW_130C,mu2@2,1.19856,,MHz^2,"estimator on the archive grid against the direct truncated moment 1.19855 of the same de-baselined line on a 10x finer grid, both self-centred, scaled error 5.12e-06. the bare model's truncated moment is 1.19948, so the strip baseline's bias at this window is -0.0009183 (-0.0766 per cent)","noiseless, truth 42.38 um at the prior means, mixed form, strips (28.0, 36.0) MHz",DIAGNOSTIC
P_4121_225mW_130C,mu3@2,-1.04808e-05,,MHz^3,"estimator on the archive grid against the direct truncated moment -1.40649e-05 of the same de-baselined line on a 10x finer grid, both self-centred, scaled error 2.73e-06. the bare model's truncated moment is -1.24481e-05, so the strip baseline's bias at this window is +1.967e-06 (+1.5e-06 in units of k2^(n/2), the odd orders of a symmetric line being zero)","noiseless, truth 42.38 um at the prior means, mixed form, strips (28.0, 36.0) MHz",DIAGNOSTIC
P_4121_225mW_130C,mu4@2,2.75004,,MHz^4,"estimator on the archive grid against the direct truncated moment 2.75003 of the same de-baselined line on a 10x finer grid, both self-centred, scaled error 1.27e-05. the bare model's truncated moment is 2.75311, so the strip baseline's bias at this window is -0.003068 (-0.111 per cent)","noiseless, truth 42.38 um at the prior means, mixed form, strips (28.0, 36.0) MHz",DIAGNOSTIC
P_4121_225mW_130C,mu5@2,-4.61646e-05,,MHz^5,"estimator on the archive grid against the direct truncated moment -5.19683e-05 of the same de-baselined line on a 10x finer grid, both self-centred, scaled error 3.69e-06. the bare model's truncated moment is -4.54513e-05, so the strip baseline's bias at this window is -7.133e-07 (-4.54e-07 in units of k2^(n/2), the odd orders of a symmetric line being zero)","noiseless, truth 42.38 um at the prior means, mixed form, strips (28.0, 36.0) MHz",DIAGNOSTIC
P_4121_225mW_130C,mu6@2,7.66766,,MHz^6,"estimator on the archive grid against the direct truncated moment 7.66763 of the same de-baselined line on a 10x finer grid, both self-centred, scaled error 2.25e-05. the bare model's truncated moment is 7.67775, so the strip baseline's bias at this window is -0.01008 (-0.131 per cent)","noiseless, truth 42.38 um at the prior means, mixed form, strips (28.0, 36.0) MHz",DIAGNOSTIC
P_4121_225mW_130C,mu7@2,-0.000173635,,MHz^7,"estimator on the archive grid against the direct truncated moment -0.000159539 of the same de-baselined line on a 10x finer grid, both self-centred, scaled error 7.48e-06. the bare model's truncated moment is -0.000137324, so the strip baseline's bias at this window is -3.631e-05 (-1.93e-05 in units of k2^(n/2), the odd orders of a symmetric line being zero)","noiseless, truth 42.38 um at the prior means, mixed form, strips (28.0, 36.0) MHz",DIAGNOSTIC
P_4121_225mW_130C,mu2@3,2.42405,,MHz^2,"estimator on the archive grid against the direct truncated moment 2.42401 of the same de-baselined line on a 10x finer grid, both self-centred, scaled error 1.58e-05. the bare model's truncated moment is 2.42848, so the strip baseline's bias at this window is -0.004426 (-0.182 per cent)","noiseless, truth 42.38 um at the prior means, mixed form, strips (28.0, 36.0) MHz",DIAGNOSTIC
P_4121_225mW_130C,mu3@3,-7.87243e-05,,MHz^3,"estimator on the archive grid against the direct truncated moment -8.5409e-05 of the same de-baselined line on a 10x finer grid, both self-centred, scaled error 1.77e-06. the bare model's truncated moment is -6.7126e-05, so the strip baseline's bias at this window is -1.16e-05 (-3.07e-06 in units of k2^(n/2), the odd orders of a symmetric line being zero)","noiseless, truth 42.38 um at the prior means, mixed form, strips (28.0, 36.0) MHz",DIAGNOSTIC
P_4121_225mW_130C,mu4@3,11.9772,,MHz^4,"estimator on the archive grid against the direct truncated moment 11.9769 of the same de-baselined line on a 10x finer grid, both self-centred, scaled error 4.75e-05. the bare model's truncated moment is 12.0096, so the strip baseline's bias at this window is -0.03246 (-0.27 per cent)","noiseless, truth 42.38 um at the prior means, mixed form, strips (28.0, 36.0) MHz",DIAGNOSTIC
P_4121_225mW_130C,mu5@3,-0.000710611,,MHz^5,"estimator on the archive grid against the direct truncated moment -0.000717803 of the same de-baselined line on a 10x finer grid, both self-centred, scaled error 7.86e-07. the bare model's truncated moment is -0.000548176, so the strip baseline's bias at this window is -0.0001624 (-1.78e-05 in units of k2^(n/2), the odd orders of a symmetric line being zero)","noiseless, truth 42.38 um at the prior means, mixed form, strips (28.0, 36.0) MHz",DIAGNOSTIC
P_4121_225mW_130C,mu6@3,73.4415,,MHz^6,"estimator on the archive grid against the direct truncated moment 73.4395 of the same de-baselined line on a 10x finer grid, both self-centred, scaled error 1.40e-04. the bare model's truncated moment is 73.6775, so the strip baseline's bias at this window is -0.236 (-0.32 per cent)","noiseless, truth 42.38 um at the prior means, mixed form, strips (28.0, 36.0) MHz",DIAGNOSTIC
P_4121_225mW_130C,mu7@3,-0.00568041,,MHz^7,"estimator on the archive grid against the direct truncated moment -0.00533062 of the same de-baselined line on a 10x finer grid, both self-centred, scaled error 1.58e-05. the bare model's truncated moment is -0.0039578, so the strip baseline's bias at this window is -0.001723 (-7.77e-05 in units of k2^(n/2), the odd orders of a symmetric line being zero)","noiseless, truth 42.38 um at the prior means, mixed form, strips (28.0, 36.0) MHz",DIAGNOSTIC
P_4121_225mW_130C,mu2@5,5.27344,,MHz^2,"estimator on the archive grid against the direct truncated moment 5.27333 of the same de-baselined line on a 10x finer grid, both self-centred, scaled error 1.99e-05. the bare model's truncated moment is 5.30407, so the strip baseline's bias at this window is -0.03063 (-0.577 per cent)","noiseless, truth 42.38 um at the prior means, mixed form, strips (28.0, 36.0) MHz",DIAGNOSTIC
P_4121_225mW_130C,mu3@5,-0.000678204,,MHz^3,"estimator on the archive grid against the direct truncated moment -0.000669942 of the same de-baselined line on a 10x finer grid, both self-centred, scaled error 6.82e-07. the bare model's truncated moment is -0.000308489, so the strip baseline's bias at this window is -0.0003697 (-3.05e-05 in units of k2^(n/2), the odd orders of a symmetric line being zero)","noiseless, truth 42.38 um at the prior means, mixed form, strips (28.0, 36.0) MHz",DIAGNOSTIC
P_4121_225mW_130C,mu4@5,65.6955,,MHz^4,"estimator on the archive grid against the direct truncated moment 65.6939 of the same de-baselined line on a 10x finer grid, both self-centred, scaled error 5.73e-05. the bare model's truncated moment is 66.2895, so the strip baseline's bias at this window is -0.594 (-0.896 per cent)","noiseless, truth 42.38 um at the prior means, mixed form, strips (28.0, 36.0) MHz",DIAGNOSTIC
P_4121_225mW_130C,mu5@5,-0.0154819,,MHz^5,"estimator on the archive grid against the direct truncated moment -0.0152427 of the same de-baselined line on a 10x finer grid, both self-centred, scaled error 3.75e-06. the bare model's truncated moment is -0.00629668, so the strip baseline's bias at this window is -0.009185 (-0.000144 in units of k2^(n/2), the odd orders of a symmetric line being zero)","noiseless, truth 42.38 um at the prior means, mixed form, strips (28.0, 36.0) MHz",DIAGNOSTIC
P_4121_225mW_130C,mu6@5,1067.58,,MHz^6,"estimator on the archive grid against the direct truncated moment 1067.56 of the same de-baselined line on a 10x finer grid, both self-centred, scaled error 1.80e-04. the bare model's truncated moment is 1079.25, so the strip baseline's bias at this window is -11.67 (-1.08 per cent)","noiseless, truth 42.38 um at the prior means, mixed form, strips (28.0, 36.0) MHz",DIAGNOSTIC
P_4121_225mW_130C,mu7@5,-0.325639,,MHz^7,"estimator on the archive grid against the direct truncated moment -0.32256 of the same de-baselined line on a 10x finer grid, both self-centred, scaled error 9.14e-06. the bare model's truncated moment is -0.124355, so the strip baseline's bias at this window is -0.2013 (-0.000598 in units of k2^(n/2), the odd orders of a symmetric line being zero)","noiseless, truth 42.38 um at the prior means, mixed form, strips (28.0, 36.0) MHz",DIAGNOSTIC
P_4121_225mW_130C,mu2@8,9.50938,,MHz^2,"estimator on the archive grid against the direct truncated moment 9.5091 of the same de-baselined line on a 10x finer grid, both self-centred, scaled error 2.99e-05. the bare model's truncated moment is 9.6752, so the strip baseline's bias at this window is -0.1658 (-1.71 per cent)","noiseless, truth 42.38 um at the prior means, mixed form, strips (28.0, 36.0) MHz",DIAGNOSTIC
P_4121_225mW_130C,mu3@8,-0.00589538,,MHz^3,"estimator on the archive grid against the direct truncated moment -0.00599904 of the same de-baselined line on a 10x finer grid, both self-centred, scaled error 3.53e-06. the bare model's truncated moment is -0.000701617, so the strip baseline's bias at this window is -0.005194 (-0.000177 in units of k2^(n/2), the odd orders of a symmetric line being zero)","noiseless, truth 42.38 um at the prior means, mixed form, strips (28.0, 36.0) MHz",DIAGNOSTIC
P_4121_225mW_130C,mu4@8,267.101,,MHz^4,"estimator on the archive grid against the direct truncated moment 267.09 of the same de-baselined line on a 10x finer grid, both self-centred, scaled error 1.25e-04. the bare model's truncated moment is 274.846, so the strip baseline's bias at this window is -7.745 (-2.82 per cent)","noiseless, truth 42.38 um at the prior means, mixed form, strips (28.0, 36.0) MHz",DIAGNOSTIC
P_4121_225mW_130C,mu5@8,-0.336692,,MHz^5,"estimator on the archive grid against the direct truncated moment -0.341669 of the same de-baselined line on a 10x finer grid, both self-centred, scaled error 1.79e-05. the bare model's truncated moment is -0.0284376, so the strip baseline's bias at this window is -0.3083 (-0.00111 in units of k2^(n/2), the odd orders of a symmetric line being zero)","noiseless, truth 42.38 um at the prior means, mixed form, strips (28.0, 36.0) MHz",DIAGNOSTIC
P_4121_225mW_130C,mu6@8,10541.7,,MHz^6,"estimator on the archive grid against the direct truncated moment 10541.1 of the same de-baselined line on a 10x finer grid, both self-centred, scaled error 6.02e-04. the bare model's truncated moment is 10919.1, so the strip baseline's bias at this window is -377.5 (-3.46 per cent)","noiseless, truth 42.38 um at the prior means, mixed form, strips (28.0, 36.0) MHz",DIAGNOSTIC
P_4121_225mW_130C,mu7@8,-18.1082,,MHz^7,"estimator on the archive grid against the direct truncated moment -18.3268 of the same de-baselined line on a 10x finer grid, both self-centred, scaled error 8.24e-05. the bare model's truncated moment is -1.23016, so the strip baseline's bias at this window is -16.88 (-0.00637 in units of k2^(n/2), the odd orders of a symmetric line being zero)","noiseless, truth 42.38 um at the prior means, mixed form, strips (28.0, 36.0) MHz",DIAGNOSTIC
P_4121_225mW_130C,mu2@13,15.7686,,MHz^2,"estimator on the archive grid against the direct truncated moment 15.7677 of the same de-baselined line on a 10x finer grid, both self-centred, scaled error 5.64e-05. the bare model's truncated moment is 16.6253, so the strip baseline's bias at this window is -0.8567 (-5.15 per cent)","noiseless, truth 42.38 um at the prior means, mixed form, strips (28.0, 36.0) MHz",DIAGNOSTIC
P_4121_225mW_130C,mu3@13,-0.0770794,,MHz^3,"estimator on the archive grid against the direct truncated moment -0.0773421 of the same de-baselined line on a 10x finer grid, both self-centred, scaled error 4.20e-06. the bare model's truncated moment is -0.00105601, so the strip baseline's bias at this window is -0.07602 (-0.00121 in units of k2^(n/2), the odd orders of a symmetric line being zero)","noiseless, truth 42.38 um at the prior means, mixed form, strips (28.0, 36.0) MHz",DIAGNOSTIC
P_4121_225mW_130C,mu4@13,1014.65,,MHz^4,"estimator on the archive grid against the direct truncated moment 1014.56 of the same de-baselined line on a 10x finer grid, both self-centred, scaled error 3.69e-04. the bare model's truncated moment is 1113.88, so the strip baseline's bias at this window is -99.22 (-8.91 per cent)","noiseless, truth 42.38 um at the prior means, mixed form, strips (28.0, 36.0) MHz",DIAGNOSTIC
P_4121_225mW_130C,mu5@13,-11.0552,,MHz^5,"estimator on the archive grid against the direct truncated moment -11.086 of the same de-baselined line on a 10x finer grid, both self-centred, scaled error 3.12e-05. the bare model's truncated moment is -0.0765689, so the strip baseline's bias at this window is -10.98 (-0.0111 in units of k2^(n/2), the odd orders of a symmetric line being zero)","noiseless, truth 42.38 um at the prior means, mixed form, strips (28.0, 36.0) MHz",DIAGNOSTIC
P_4121_225mW_130C,mu6@13,101096,,MHz^6,"estimator on the archive grid against the direct truncated moment 101085 of the same de-baselined line on a 10x finer grid, both self-centred, scaled error 2.83e-03. the bare model's truncated moment is 113526, so the strip baseline's bias at this window is -1.243e+04 (-10.9 per cent)","noiseless, truth 42.38 um at the prior means, mixed form, strips (28.0, 36.0) MHz. REFUSED from the vector: unresolved at the archive's sampling",DIAGNOSTIC
P_4121_225mW_130C,mu7@13,-1530.5,,MHz^7,"estimator on the archive grid against the direct truncated moment -1534.45 of the same de-baselined line on a 10x finer grid, both self-centred, scaled error 2.54e-04. the bare model's truncated moment is -7.10052, so the strip baseline's bias at this window is -1523 (-0.0979 in units of k2^(n/2), the odd orders of a symmetric line being zero)","noiseless, truth 42.38 um at the prior means, mixed form, strips (28.0, 36.0) MHz",DIAGNOSTIC
P_4121_225mW_130C,mu2@21,23.4389,,MHz^2,"estimator on the archive grid against the direct truncated moment 23.4353 of the same de-baselined line on a 10x finer grid, both self-centred, scaled error 1.52e-04. the bare model's truncated moment is 27.4765, so the strip baseline's bias at this window is -4.038 (-14.7 per cent)","noiseless, truth 42.38 um at the prior means, mixed form, strips (28.0, 36.0) MHz",DIAGNOSTIC
P_4121_225mW_130C,mu3@21,-0.965452,,MHz^3,"estimator on the archive grid against the direct truncated moment -0.96728 of the same de-baselined line on a 10x finer grid, both self-centred, scaled error 1.61e-05. the bare model's truncated moment is -0.0012567, so the strip baseline's bias at this window is -0.9642 (-0.0085 in units of k2^(n/2), the odd orders of a symmetric line being zero)","noiseless, truth 42.38 um at the prior means, mixed form, strips (28.0, 36.0) MHz",DIAGNOSTIC
P_4121_225mW_130C,mu4@21,3302.45,,MHz^4,"estimator on the archive grid against the direct truncated moment 3301.46 of the same de-baselined line on a 10x finer grid, both self-centred, scaled error 1.80e-03. the bare model's truncated moment is 4465.59, so the strip baseline's bias at this window is -1163 (-26 per cent)","noiseless, truth 42.38 um at the prior means, mixed form, strips (28.0, 36.0) MHz. REFUSED from the vector: unresolved at the archive's sampling",DIAGNOSTIC
P_4121_225mW_130C,mu5@21,-340.853,,MHz^5,"estimator on the archive grid against the direct truncated moment -341.465 of the same de-baselined line on a 10x finer grid, both self-centred, scaled error 2.30e-04. the bare model's truncated moment is -0.147383, so the strip baseline's bias at this window is -340.7 (-0.128 in units of k2^(n/2), the odd orders of a symmetric line being zero)","noiseless, truth 42.38 um at the prior means, mixed form, strips (28.0, 36.0) MHz",DIAGNOSTIC
P_4121_225mW_130C,mu6@21,805942,,MHz^6,"estimator on the archive grid against the direct truncated moment 805626 of the same de-baselined line on a 10x finer grid, both self-centred, scaled error 2.45e-02. the bare model's truncated moment is 1.17999e+06, so the strip baseline's bias at this window is -3.741e+05 (-31.7 per cent)","noiseless, truth 42.38 um at the prior means, mixed form, strips (28.0, 36.0) MHz. REFUSED from the vector: unresolved at the archive's sampling",DIAGNOSTIC
P_4121_225mW_130C,mu7@21,-120393,,MHz^7,"estimator on the archive grid against the direct truncated moment -120606 of the same de-baselined line on a 10x finer grid, both self-centred, scaled error 3.42e-03. the bare model's truncated moment is -28.8872, so the strip baseline's bias at this window is -1.204e+05 (-1.93 in units of k2^(n/2), the odd orders of a symmetric line being zero)","noiseless, truth 42.38 um at the prior means, mixed form, strips (28.0, 36.0) MHz. REFUSED from the vector: unresolved at the archive's sampling",DIAGNOSTIC
P_4121_25mW_130C,mu2@0.5,0.0826125,,MHz^2,"estimator on the archive grid against the direct truncated moment 0.0826144 of the same de-baselined line on a 10x finer grid, both self-centred, scaled error 2.32e-05. the bare model's truncated moment is 0.0826181, so the strip baseline's bias at this window is -5.585e-06 (-0.00676 per cent)","noiseless, truth 42.38 um at the prior means, mixed form, strips (28.0, 36.0) MHz",DIAGNOSTIC
P_4121_25mW_130C,mu3@0.5,5.05267e-09,,MHz^3,"estimator on the archive grid against the direct truncated moment 3.98701e-06 of the same de-baselined line on a 10x finer grid, both self-centred, scaled error 1.68e-04. the bare model's truncated moment is 4.0057e-06, so the strip baseline's bias at this window is -4.001e-06 (-0.000168 in units of k2^(n/2), the odd orders of a symmetric line being zero)","noiseless, truth 42.38 um at the prior means, mixed form, strips (28.0, 36.0) MHz",DIAGNOSTIC
P_4121_25mW_130C,mu4@0.5,0.0123459,,MHz^4,"estimator on the archive grid against the direct truncated moment 0.0123468 of the same de-baselined line on a 10x finer grid, both self-centred, scaled error 1.30e-04. the bare model's truncated moment is 0.0123476, so the strip baseline's bias at this window is -1.668e-06 (-0.0135 per cent)","noiseless, truth 42.38 um at the prior means, mixed form, strips (28.0, 36.0) MHz",DIAGNOSTIC
P_4121_25mW_130C,mu5@0.5,4.6349e-10,,MHz^5,"estimator on the archive grid against the direct truncated moment 8.07651e-07 of the same de-baselined line on a 10x finer grid, both self-centred, scaled error 4.11e-04. the bare model's truncated moment is 8.11751e-07, so the strip baseline's bias at this window is -8.113e-07 (-0.000414 in units of k2^(n/2), the odd orders of a symmetric line being zero)","noiseless, truth 42.38 um at the prior means, mixed form, strips (28.0, 36.0) MHz",DIAGNOSTIC
P_4121_25mW_130C,mu6@0.5,0.00220009,,MHz^6,"estimator on the archive grid against the direct truncated moment 0.00220041 of the same de-baselined line on a 10x finer grid, both self-centred, scaled error 5.78e-04. the bare model's truncated moment is 0.00220058, so the strip baseline's bias at this window is -4.866e-07 (-0.0221 per cent)","noiseless, truth 42.38 um at the prior means, mixed form, strips (28.0, 36.0) MHz",DIAGNOSTIC
P_4121_25mW_130C,mu7@0.5,-5.25247e-11,,MHz^7,"estimator on the archive grid against the direct truncated moment 1.84233e-07 of the same de-baselined line on a 10x finer grid, both self-centred, scaled error 1.14e-03. the bare model's truncated moment is 1.8524e-07, so the strip baseline's bias at this window is -1.853e-07 (-0.00114 in units of k2^(n/2), the odd orders of a symmetric line being zero)","noiseless, truth 42.38 um at the prior means, mixed form, strips (28.0, 36.0) MHz. REFUSED from the vector: unresolved at the archive's sampling",DIAGNOSTIC
P_4121_25mW_130C,mu2@1,0.322298,,MHz^2,"estimator on the archive grid against the direct truncated moment 0.322298 of the same de-baselined line on a 10x finer grid, both self-centred, scaled error 2.72e-06. the bare model's truncated moment is 0.322357, so the strip baseline's bias at this window is -5.906e-05 (-0.0183 per cent)","noiseless, truth 42.38 um at the prior means, mixed form, strips (28.0, 36.0) MHz",DIAGNOSTIC
P_4121_25mW_130C,mu3@1,5.92823e-08,,MHz^3,"estimator on the archive grid against the direct truncated moment 4.9657e-07 of the same de-baselined line on a 10x finer grid, both self-centred, scaled error 2.39e-06. the bare model's truncated moment is 5.19976e-07, so the strip baseline's bias at this window is -4.607e-07 (-2.52e-06 in units of k2^(n/2), the odd orders of a symmetric line being zero)","noiseless, truth 42.38 um at the prior means, mixed form, strips (28.0, 36.0) MHz",DIAGNOSTIC
P_4121_25mW_130C,mu4@1,0.190625,,MHz^4,"estimator on the archive grid against the direct truncated moment 0.190625 of the same de-baselined line on a 10x finer grid, both self-centred, scaled error 8.63e-06. the bare model's truncated moment is 0.190675, so the strip baseline's bias at this window is -5.033e-05 (-0.0264 per cent)","noiseless, truth 42.38 um at the prior means, mixed form, strips (28.0, 36.0) MHz",DIAGNOSTIC
P_4121_25mW_130C,mu5@1,3.91016e-08,,MHz^5,"estimator on the archive grid against the direct truncated moment 4.56101e-07 of the same de-baselined line on a 10x finer grid, both self-centred, scaled error 7.07e-06. the bare model's truncated moment is 4.825e-07, so the strip baseline's bias at this window is -4.434e-07 (-7.52e-06 in units of k2^(n/2), the odd orders of a symmetric line being zero)","noiseless, truth 42.38 um at the prior means, mixed form, strips (28.0, 36.0) MHz",DIAGNOSTIC
P_4121_25mW_130C,mu6@1,0.135088,,MHz^6,"estimator on the archive grid against the direct truncated moment 0.135089 of the same de-baselined line on a 10x finer grid, both self-centred, scaled error 3.22e-05. the bare model's truncated moment is 0.13513, so the strip baseline's bias at this window is -4.204e-05 (-0.0311 per cent)","noiseless, truth 42.38 um at the prior means, mixed form, strips (28.0, 36.0) MHz",DIAGNOSTIC
P_4121_25mW_130C,mu7@1,1.96059e-08,,MHz^7,"estimator on the archive grid against the direct truncated moment 4.70907e-07 of the same de-baselined line on a 10x finer grid, both self-centred, scaled error 2.37e-05. the bare model's truncated moment is 5.01437e-07, so the strip baseline's bias at this window is -4.818e-07 (-2.54e-05 in units of k2^(n/2), the odd orders of a symmetric line being zero)","noiseless, truth 42.38 um at the prior means, mixed form, strips (28.0, 36.0) MHz",DIAGNOSTIC
P_4121_25mW_130C,mu2@2,1.18105,,MHz^2,"estimator on the archive grid against the direct truncated moment 1.18104 of the same de-baselined line on a 10x finer grid, both self-centred, scaled error 8.61e-06. the bare model's truncated moment is 1.18193, so the strip baseline's bias at this window is -0.0008818 (-0.0746 per cent)","noiseless, truth 42.38 um at the prior means, mixed form, strips (28.0, 36.0) MHz",DIAGNOSTIC
P_4121_25mW_130C,mu3@2,2.86737e-07,,MHz^3,"estimator on the archive grid against the direct truncated moment -2.05604e-08 of the same de-baselined line on a 10x finer grid, both self-centred, scaled error 2.39e-07. the bare model's truncated moment is 1.72621e-07, so the strip baseline's bias at this window is +1.141e-07 (+8.89e-08 in units of k2^(n/2), the odd orders of a symmetric line being zero)","noiseless, truth 42.38 um at the prior means, mixed form, strips (28.0, 36.0) MHz",DIAGNOSTIC
P_4121_25mW_130C,mu4@2,2.69356,,MHz^4,"estimator on the archive grid against the direct truncated moment 2.69353 of the same de-baselined line on a 10x finer grid, both self-centred, scaled error 2.28e-05. the bare model's truncated moment is 2.69649, so the strip baseline's bias at this window is -0.002935 (-0.109 per cent)","noiseless, truth 42.38 um at the prior means, mixed form, strips (28.0, 36.0) MHz",DIAGNOSTIC
P_4121_25mW_130C,mu5@2,6.27322e-07,,MHz^5,"estimator on the archive grid against the direct truncated moment 3.84455e-07 of the same de-baselined line on a 10x finer grid, both self-centred, scaled error 1.60e-07. the bare model's truncated moment is 1.25628e-06, so the strip baseline's bias at this window is -6.29e-07 (-4.15e-07 in units of k2^(n/2), the odd orders of a symmetric line being zero)","noiseless, truth 42.38 um at the prior means, mixed form, strips (28.0, 36.0) MHz",DIAGNOSTIC
P_4121_25mW_130C,mu6@2,7.48634,,MHz^6,"estimator on the archive grid against the direct truncated moment 7.48625 of the same de-baselined line on a 10x finer grid, both self-centred, scaled error 5.01e-05. the bare model's truncated moment is 7.49596, so the strip baseline's bias at this window is -0.00962 (-0.128 per cent)","noiseless, truth 42.38 um at the prior means, mixed form, strips (28.0, 36.0) MHz",DIAGNOSTIC
P_4121_25mW_130C,mu7@2,1.03304e-06,,MHz^7,"estimator on the archive grid against the direct truncated moment 3.71703e-06 of the same de-baselined line on a 10x finer grid, both self-centred, scaled error 1.50e-06. the bare model's truncated moment is 7.17766e-06, so the strip baseline's bias at this window is -6.145e-06 (-3.43e-06 in units of k2^(n/2), the odd orders of a symmetric line being zero)","noiseless, truth 42.38 um at the prior means, mixed form, strips (28.0, 36.0) MHz",DIAGNOSTIC
P_4121_25mW_130C,mu2@3,2.36187,,MHz^2,"estimator on the archive grid against the direct truncated moment 2.36182 of the same de-baselined line on a 10x finer grid, both self-centred, scaled error 1.86e-05. the bare model's truncated moment is 2.3661, so the strip baseline's bias at this window is -0.004232 (-0.179 per cent)","noiseless, truth 42.38 um at the prior means, mixed form, strips (28.0, 36.0) MHz",DIAGNOSTIC
P_4121_25mW_130C,mu3@3,-8.27028e-07,,MHz^3,"estimator on the archive grid against the direct truncated moment -2.05266e-06 of the same de-baselined line on a 10x finer grid, both self-centred, scaled error 3.38e-07. the bare model's truncated moment is -7.59989e-08, so the strip baseline's bias at this window is -7.51e-07 (-2.07e-07 in units of k2^(n/2), the odd orders of a symmetric line being zero)","noiseless, truth 42.38 um at the prior means, mixed form, strips (28.0, 36.0) MHz",DIAGNOSTIC
P_4121_25mW_130C,mu4@3,11.5494,,MHz^4,"estimator on the archive grid against the direct truncated moment 11.5492 of the same de-baselined line on a 10x finer grid, both self-centred, scaled error 5.30e-05. the bare model's truncated moment is 11.5803, so the strip baseline's bias at this window is -0.03086 (-0.267 per cent)","noiseless, truth 42.38 um at the prior means, mixed form, strips (28.0, 36.0) MHz",DIAGNOSTIC
P_4121_25mW_130C,mu5@3,-1.04327e-05,,MHz^5,"estimator on the archive grid against the direct truncated moment -1.92809e-05 of the same de-baselined line on a 10x finer grid, both self-centred, scaled error 1.03e-06. the bare model's truncated moment is -6.6229e-07, so the strip baseline's bias at this window is -9.77e-06 (-1.14e-06 in units of k2^(n/2), the odd orders of a symmetric line being zero)","noiseless, truth 42.38 um at the prior means, mixed form, strips (28.0, 36.0) MHz",DIAGNOSTIC
P_4121_25mW_130C,mu6@3,70.4496,,MHz^6,"estimator on the archive grid against the direct truncated moment 70.4477 of the same de-baselined line on a 10x finer grid, both self-centred, scaled error 1.46e-04. the bare model's truncated moment is 70.6734, so the strip baseline's bias at this window is -0.2238 (-0.317 per cent)","noiseless, truth 42.38 um at the prior means, mixed form, strips (28.0, 36.0) MHz",DIAGNOSTIC
P_4121_25mW_130C,mu7@3,-9.50216e-05,,MHz^7,"estimator on the archive grid against the direct truncated moment -0.000157221 of the same de-baselined line on a 10x finer grid, both self-centred, scaled error 3.07e-06. the bare model's truncated moment is -2.9232e-06, so the strip baseline's bias at this window is -9.21e-05 (-4.55e-06 in units of k2^(n/2), the odd orders of a symmetric line being zero)","noiseless, truth 42.38 um at the prior means, mixed form, strips (28.0, 36.0) MHz",DIAGNOSTIC
P_4121_25mW_130C,mu2@5,5.04016,,MHz^2,"estimator on the archive grid against the direct truncated moment 5.04004 of the same de-baselined line on a 10x finer grid, both self-centred, scaled error 2.29e-05. the bare model's truncated moment is 5.06912, so the strip baseline's bias at this window is -0.02896 (-0.571 per cent)","noiseless, truth 42.38 um at the prior means, mixed form, strips (28.0, 36.0) MHz",DIAGNOSTIC
P_4121_25mW_130C,mu3@5,-3.99932e-05,,MHz^3,"estimator on the archive grid against the direct truncated moment -3.8041e-05 of the same de-baselined line on a 10x finer grid, both self-centred, scaled error 1.73e-07. the bare model's truncated moment is 5.47989e-07, so the strip baseline's bias at this window is -4.054e-05 (-3.58e-06 in units of k2^(n/2), the odd orders of a symmetric line being zero)","noiseless, truth 42.38 um at the prior means, mixed form, strips (28.0, 36.0) MHz",DIAGNOSTIC
P_4121_25mW_130C,mu4@5,61.7174,,MHz^4,"estimator on the archive grid against the direct truncated moment 61.7157 of the same de-baselined line on a 10x finer grid, both self-centred, scaled error 6.60e-05. the bare model's truncated moment is 62.2745, so the strip baseline's bias at this window is -0.5571 (-0.895 per cent)","noiseless, truth 42.38 um at the prior means, mixed form, strips (28.0, 36.0) MHz",DIAGNOSTIC
P_4121_25mW_130C,mu5@5,-0.000998569,,MHz^5,"estimator on the archive grid against the direct truncated moment -0.000933444 of the same de-baselined line on a 10x finer grid, both self-centred, scaled error 1.14e-06. the bare model's truncated moment is 1.36606e-05, so the strip baseline's bias at this window is -0.001012 (-1.77e-05 in units of k2^(n/2), the odd orders of a symmetric line being zero)","noiseless, truth 42.38 um at the prior means, mixed form, strips (28.0, 36.0) MHz",DIAGNOSTIC
P_4121_25mW_130C,mu6@5,995.089,,MHz^6,"estimator on the archive grid against the direct truncated moment 995.063 of the same de-baselined line on a 10x finer grid, both self-centred, scaled error 2.07e-04. the bare model's truncated moment is 1005.99, so the strip baseline's bias at this window is -10.9 (-1.08 per cent)","noiseless, truth 42.38 um at the prior means, mixed form, strips (28.0, 36.0) MHz",DIAGNOSTIC
P_4121_25mW_130C,mu7@5,-0.0220771,,MHz^7,"estimator on the archive grid against the direct truncated moment -0.0205732 of the same de-baselined line on a 10x finer grid, both self-centred, scaled error 5.23e-06. the bare model's truncated moment is 0.00031026, so the strip baseline's bias at this window is -0.02239 (-7.79e-05 in units of k2^(n/2), the odd orders of a symmetric line being zero)","noiseless, truth 42.38 um at the prior means, mixed form, strips (28.0, 36.0) MHz",DIAGNOSTIC
P_4121_25mW_130C,mu2@8,8.92594,,MHz^2,"estimator on the archive grid against the direct truncated moment 8.92568 of the same de-baselined line on a 10x finer grid, both self-centred, scaled error 2.97e-05. the bare model's truncated moment is 9.08081, so the strip baseline's bias at this window is -0.1549 (-1.71 per cent)","noiseless, truth 42.38 um at the prior means, mixed form, strips (28.0, 36.0) MHz",DIAGNOSTIC
P_4121_25mW_130C,mu3@8,-0.00055358,,MHz^3,"estimator on the archive grid against the direct truncated moment -0.000561045 of the same de-baselined line on a 10x finer grid, both self-centred, scaled error 2.80e-07. the bare model's truncated moment is 7.46662e-07, so the strip baseline's bias at this window is -0.0005543 (-2.08e-05 in units of k2^(n/2), the odd orders of a symmetric line being zero)","noiseless, truth 42.38 um at the prior means, mixed form, strips (28.0, 36.0) MHz",DIAGNOSTIC
P_4121_25mW_130C,mu4@8,245.314,,MHz^4,"estimator on the archive grid against the direct truncated moment 245.305 of the same de-baselined line on a 10x finer grid, both self-centred, scaled error 1.21e-04. the bare model's truncated moment is 252.48, so the strip baseline's bias at this window is -7.166 (-2.84 per cent)","noiseless, truth 42.38 um at the prior means, mixed form, strips (28.0, 36.0) MHz",DIAGNOSTIC
P_4121_25mW_130C,mu5@8,-0.0324795,,MHz^5,"estimator on the archive grid against the direct truncated moment -0.0328199 of the same de-baselined line on a 10x finer grid, both self-centred, scaled error 1.43e-06. the bare model's truncated moment is 2.65541e-05, so the strip baseline's bias at this window is -0.03251 (-0.000137 in units of k2^(n/2), the odd orders of a symmetric line being zero)","noiseless, truth 42.38 um at the prior means, mixed form, strips (28.0, 36.0) MHz",DIAGNOSTIC
P_4121_25mW_130C,mu6@8,9603.34,,MHz^6,"estimator on the archive grid against the direct truncated moment 9602.91 of the same de-baselined line on a 10x finer grid, both self-centred, scaled error 6.02e-04. the bare model's truncated moment is 9951.08, so the strip baseline's bias at this window is -347.7 (-3.49 per cent)","noiseless, truth 42.38 um at the prior means, mixed form, strips (28.0, 36.0) MHz",DIAGNOSTIC
P_4121_25mW_130C,mu7@8,-1.76689,,MHz^7,"estimator on the archive grid against the direct truncated moment -1.78113 of the same de-baselined line on a 10x finer grid, both self-centred, scaled error 6.70e-06. the bare model's truncated moment is 0.000509056, so the strip baseline's bias at this window is -1.767 (-0.000832 in units of k2^(n/2), the odd orders of a symmetric line being zero)","noiseless, truth 42.38 um at the prior means, mixed form, strips (28.0, 36.0) MHz",DIAGNOSTIC
P_4121_25mW_130C,mu2@13,14.6055,,MHz^2,"estimator on the archive grid against the direct truncated moment 14.6048 of the same de-baselined line on a 10x finer grid, both self-centred, scaled error 4.96e-05. the bare model's truncated moment is 15.396, so the strip baseline's bias at this window is -0.7905 (-5.13 per cent)","noiseless, truth 42.38 um at the prior means, mixed form, strips (28.0, 36.0) MHz",DIAGNOSTIC
P_4121_25mW_130C,mu3@13,-0.00796896,,MHz^3,"estimator on the archive grid against the direct truncated moment -0.00799087 of the same de-baselined line on a 10x finer grid, both self-centred, scaled error 3.92e-07. the bare model's truncated moment is 4.64409e-07, so the strip baseline's bias at this window is -0.007969 (-0.000143 in units of k2^(n/2), the odd orders of a symmetric line being zero)","noiseless, truth 42.38 um at the prior means, mixed form, strips (28.0, 36.0) MHz",DIAGNOSTIC
P_4121_25mW_130C,mu4@13,920.324,,MHz^4,"estimator on the archive grid against the direct truncated moment 920.254 of the same de-baselined line on a 10x finer grid, both self-centred, scaled error 3.29e-04. the bare model's truncated moment is 1011.12, so the strip baseline's bias at this window is -90.79 (-8.98 per cent)","noiseless, truth 42.38 um at the prior means, mixed form, strips (28.0, 36.0) MHz",DIAGNOSTIC
P_4121_25mW_130C,mu5@13,-1.13872,,MHz^5,"estimator on the archive grid against the direct truncated moment -1.1413 of the same de-baselined line on a 10x finer grid, both self-centred, scaled error 3.17e-06. the bare model's truncated moment is -5.45204e-06, so the strip baseline's bias at this window is -1.139 (-0.0014 in units of k2^(n/2), the odd orders of a symmetric line being zero)","noiseless, truth 42.38 um at the prior means, mixed form, strips (28.0, 36.0) MHz",DIAGNOSTIC
P_4121_25mW_130C,mu6@13,91224.7,,MHz^6,"estimator on the archive grid against the direct truncated moment 91216.4 of the same de-baselined line on a 10x finer grid, both self-centred, scaled error 2.67e-03. the bare model's truncated moment is 102562, so the strip baseline's bias at this window is -1.134e+04 (-11.1 per cent)","noiseless, truth 42.38 um at the prior means, mixed form, strips (28.0, 36.0) MHz. REFUSED from the vector: unresolved at the archive's sampling",DIAGNOSTIC
P_4121_25mW_130C,mu7@13,-157.292,,MHz^7,"estimator on the archive grid against the direct truncated moment -157.626 of the same de-baselined line on a 10x finer grid, both self-centred, scaled error 2.80e-05. the bare model's truncated moment is -0.00558448, so the strip baseline's bias at this window is -157.3 (-0.0132 in units of k2^(n/2), the odd orders of a symmetric line being zero)","noiseless, truth 42.38 um at the prior means, mixed form, strips (28.0, 36.0) MHz",DIAGNOSTIC
P_4121_25mW_130C,mu2@21,21.5485,,MHz^2,"estimator on the archive grid against the direct truncated moment 21.5458 of the same de-baselined line on a 10x finer grid, both self-centred, scaled error 1.25e-04. the bare model's truncated moment is 25.2415, so the strip baseline's bias at this window is -3.693 (-14.6 per cent)","noiseless, truth 42.38 um at the prior means, mixed form, strips (28.0, 36.0) MHz",DIAGNOSTIC
P_4121_25mW_130C,mu3@21,-0.1,,MHz^3,"estimator on the archive grid against the direct truncated moment -0.100155 of the same de-baselined line on a 10x finer grid, both self-centred, scaled error 1.55e-06. the bare model's truncated moment is 1.03644e-06, so the strip baseline's bias at this window is -0.1 (-0.001 in units of k2^(n/2), the odd orders of a symmetric line being zero)","noiseless, truth 42.38 um at the prior means, mixed form, strips (28.0, 36.0) MHz",DIAGNOSTIC
P_4121_25mW_130C,mu4@21,2983.97,,MHz^4,"estimator on the archive grid against the direct truncated moment 2983.24 of the same de-baselined line on a 10x finer grid, both self-centred, scaled error 1.57e-03. the bare model's truncated moment is 4041.18, so the strip baseline's bias at this window is -1057 (-26.2 per cent)","noiseless, truth 42.38 um at the prior means, mixed form, strips (28.0, 36.0) MHz. REFUSED from the vector: unresolved at the archive's sampling",DIAGNOSTIC
P_4121_25mW_130C,mu5@21,-35.0489,,MHz^5,"estimator on the archive grid against the direct truncated moment -35.1006 of the same de-baselined line on a 10x finer grid, both self-centred, scaled error 2.40e-05. the bare model's truncated moment is 0.000177984, so the strip baseline's bias at this window is -35.05 (-0.0163 in units of k2^(n/2), the odd orders of a symmetric line being zero)","noiseless, truth 42.38 um at the prior means, mixed form, strips (28.0, 36.0) MHz",DIAGNOSTIC
P_4121_25mW_130C,mu6@21,726422,,MHz^6,"estimator on the archive grid against the direct truncated moment 726191 of the same de-baselined line on a 10x finer grid, both self-centred, scaled error 2.32e-02. the bare model's truncated moment is 1.06573e+06, so the strip baseline's bias at this window is -3.393e+05 (-31.8 per cent)","noiseless, truth 42.38 um at the prior means, mixed form, strips (28.0, 36.0) MHz. REFUSED from the vector: unresolved at the archive's sampling",DIAGNOSTIC
P_4121_25mW_130C,mu7@21,-12347.1,,MHz^7,"estimator on the archive grid against the direct truncated moment -12365.1 of the same de-baselined line on a 10x finer grid, both self-centred, scaled error 3.88e-04. the bare model's truncated moment is 0.0584093, so the strip baseline's bias at this window is -1.235e+04 (-0.266 in units of k2^(n/2), the odd orders of a symmetric line being zero)","noiseless, truth 42.38 um at the prior means, mixed form, strips (28.0, 36.0) MHz",DIAGNOSTIC
P_4121_75mW_130C,mu2@0.5,0.0826241,,MHz^2,"estimator on the archive grid against the direct truncated moment 0.0826248 of the same de-baselined line on a 10x finer grid, both self-centred, scaled error 8.13e-06. the bare model's truncated moment is 0.0826285, so the strip baseline's bias at this window is -4.423e-06 (-0.00535 per cent)","noiseless, truth 42.38 um at the prior means, mixed form, strips (28.0, 36.0) MHz",DIAGNOSTIC
P_4121_75mW_130C,mu3@0.5,2.86e-08,,MHz^3,"estimator on the archive grid against the direct truncated moment 7.98787e-06 of the same de-baselined line on a 10x finer grid, both self-centred, scaled error 3.35e-04. the bare model's truncated moment is 8.02976e-06, so the strip baseline's bias at this window is -8.001e-06 (-0.000337 in units of k2^(n/2), the odd orders of a symmetric line being zero)","noiseless, truth 42.38 um at the prior means, mixed form, strips (28.0, 36.0) MHz",DIAGNOSTIC
P_4121_75mW_130C,mu4@0.5,0.0123484,,MHz^4,"estimator on the archive grid against the direct truncated moment 0.0123486 of the same de-baselined line on a 10x finer grid, both self-centred, scaled error 3.69e-05. the bare model's truncated moment is 0.0123495, so the strip baseline's bias at this window is -1.071e-06 (-0.00867 per cent)","noiseless, truth 42.38 um at the prior means, mixed form, strips (28.0, 36.0) MHz",DIAGNOSTIC
P_4121_75mW_130C,mu5@0.5,6.19142e-09,,MHz^5,"estimator on the archive grid against the direct truncated moment 1.2782e-06 of the same de-baselined line on a 10x finer grid, both self-centred, scaled error 6.48e-04. the bare model's truncated moment is 1.28723e-06, so the strip baseline's bias at this window is -1.281e-06 (-0.000653 in units of k2^(n/2), the odd orders of a symmetric line being zero)","noiseless, truth 42.38 um at the prior means, mixed form, strips (28.0, 36.0) MHz",DIAGNOSTIC
P_4121_75mW_130C,mu6@0.5,0.0022006,,MHz^6,"estimator on the archive grid against the direct truncated moment 0.00220069 of the same de-baselined line on a 10x finer grid, both self-centred, scaled error 1.51e-04. the bare model's truncated moment is 0.00220086, so the strip baseline's bias at this window is -2.602e-07 (-0.0118 per cent)","noiseless, truth 42.38 um at the prior means, mixed form, strips (28.0, 36.0) MHz",DIAGNOSTIC
P_4121_75mW_130C,mu7@0.5,1.17648e-09,,MHz^7,"estimator on the archive grid against the direct truncated moment 2.08535e-07 of the same de-baselined line on a 10x finer grid, both self-centred, scaled error 1.28e-03. the bare model's truncated moment is 2.10702e-07, so the strip baseline's bias at this window is -2.095e-07 (-0.00129 in units of k2^(n/2), the odd orders of a symmetric line being zero)","noiseless, truth 42.38 um at the prior means, mixed form, strips (28.0, 36.0) MHz. REFUSED from the vector: unresolved at the archive's sampling",DIAGNOSTIC
P_4121_75mW_130C,mu2@1,0.322465,,MHz^2,"estimator on the archive grid against the direct truncated moment 0.322467 of the same de-baselined line on a 10x finer grid, both self-centred, scaled error 4.88e-06. the bare model's truncated moment is 0.322525, so the strip baseline's bias at this window is -5.994e-05 (-0.0186 per cent)","noiseless, truth 42.38 um at the prior means, mixed form, strips (28.0, 36.0) MHz",DIAGNOSTIC
P_4121_75mW_130C,mu3@1,2.59989e-07,,MHz^3,"estimator on the archive grid against the direct truncated moment 1.17679e-06 of the same de-baselined line on a 10x finer grid, both self-centred, scaled error 5.01e-06. the bare model's truncated moment is 1.2421e-06, so the strip baseline's bias at this window is -9.821e-07 (-5.36e-06 in units of k2^(n/2), the odd orders of a symmetric line being zero)","noiseless, truth 42.38 um at the prior means, mixed form, strips (28.0, 36.0) MHz",DIAGNOSTIC
P_4121_75mW_130C,mu4@1,0.190766,,MHz^4,"estimator on the archive grid against the direct truncated moment 0.190767 of the same de-baselined line on a 10x finer grid, both self-centred, scaled error 1.38e-05. the bare model's truncated moment is 0.190817, so the strip baseline's bias at this window is -5.102e-05 (-0.0267 per cent)","noiseless, truth 42.38 um at the prior means, mixed form, strips (28.0, 36.0) MHz",DIAGNOSTIC
P_4121_75mW_130C,mu5@1,2.1928e-07,,MHz^5,"estimator on the archive grid against the direct truncated moment 1.02407e-06 of the same de-baselined line on a 10x finer grid, both self-centred, scaled error 1.36e-05. the bare model's truncated moment is 1.10138e-06, so the strip baseline's bias at this window is -8.821e-07 (-1.49e-05 in units of k2^(n/2), the odd orders of a symmetric line being zero)","noiseless, truth 42.38 um at the prior means, mixed form, strips (28.0, 36.0) MHz",DIAGNOSTIC
P_4121_75mW_130C,mu6@1,0.135204,,MHz^6,"estimator on the archive grid against the direct truncated moment 0.135206 of the same de-baselined line on a 10x finer grid, both self-centred, scaled error 4.41e-05. the bare model's truncated moment is 0.135247, so the strip baseline's bias at this window is -4.258e-05 (-0.0315 per cent)","noiseless, truth 42.38 um at the prior means, mixed form, strips (28.0, 36.0) MHz",DIAGNOSTIC
P_4121_75mW_130C,mu7@1,1.68046e-07,,MHz^7,"estimator on the archive grid against the direct truncated moment 1.01225e-06 of the same de-baselined line on a 10x finer grid, both self-centred, scaled error 4.43e-05. the bare model's truncated moment is 1.1041e-06, so the strip baseline's bias at this window is -9.361e-07 (-4.92e-05 in units of k2^(n/2), the odd orders of a symmetric line being zero)","noiseless, truth 42.38 um at the prior means, mixed form, strips (28.0, 36.0) MHz",DIAGNOSTIC
P_4121_75mW_130C,mu2@2,1.18303,,MHz^2,"estimator on the archive grid against the direct truncated moment 1.18303 of the same de-baselined line on a 10x finer grid, both self-centred, scaled error 5.79e-06. the bare model's truncated moment is 1.18392, so the strip baseline's bias at this window is -0.0008887 (-0.0751 per cent)","noiseless, truth 42.38 um at the prior means, mixed form, strips (28.0, 36.0) MHz",DIAGNOSTIC
P_4121_75mW_130C,mu3@2,7.4259e-07,,MHz^3,"estimator on the archive grid against the direct truncated moment -1.11957e-06 of the same de-baselined line on a 10x finer grid, both self-centred, scaled error 1.45e-06. the bare model's truncated moment is -5.32546e-07, so the strip baseline's bias at this window is +1.275e-06 (+9.91e-07 in units of k2^(n/2), the odd orders of a symmetric line being zero)","noiseless, truth 42.38 um at the prior means, mixed form, strips (28.0, 36.0) MHz",DIAGNOSTIC
P_4121_75mW_130C,mu4@2,2.69992,,MHz^4,"estimator on the archive grid against the direct truncated moment 2.6999 of the same de-baselined line on a 10x finer grid, both self-centred, scaled error 1.66e-05. the bare model's truncated moment is 2.70288, so the strip baseline's bias at this window is -0.002956 (-0.109 per cent)","noiseless, truth 42.38 um at the prior means, mixed form, strips (28.0, 36.0) MHz",DIAGNOSTIC
P_4121_75mW_130C,mu5@2,1.41776e-06,,MHz^5,"estimator on the archive grid against the direct truncated moment -3.77999e-06 of the same de-baselined line on a 10x finer grid, both self-centred, scaled error 3.41e-06. the bare model's truncated moment is -1.12905e-06, so the strip baseline's bias at this window is +2.547e-06 (+1.67e-06 in units of k2^(n/2), the odd orders of a symmetric line being zero)","noiseless, truth 42.38 um at the prior means, mixed form, strips (28.0, 36.0) MHz",DIAGNOSTIC
P_4121_75mW_130C,mu6@2,7.50673,,MHz^6,"estimator on the archive grid against the direct truncated moment 7.50667 of the same de-baselined line on a 10x finer grid, both self-centred, scaled error 3.57e-05. the bare model's truncated moment is 7.51642, so the strip baseline's bias at this window is -0.009689 (-0.129 per cent)","noiseless, truth 42.38 um at the prior means, mixed form, strips (28.0, 36.0) MHz",DIAGNOSTIC
P_4121_75mW_130C,mu7@2,1.827e-06,,MHz^7,"estimator on the archive grid against the direct truncated moment -9.60335e-06 of the same de-baselined line on a 10x finer grid, both self-centred, scaled error 6.35e-06. the bare model's truncated moment is 9.26816e-07, so the strip baseline's bias at this window is +9.002e-07 (+5e-07 in units of k2^(n/2), the odd orders of a symmetric line being zero)","noiseless, truth 42.38 um at the prior means, mixed form, strips (28.0, 36.0) MHz",DIAGNOSTIC
P_4121_75mW_130C,mu2@3,2.36881,,MHz^2,"estimator on the archive grid against the direct truncated moment 2.36876 of the same de-baselined line on a 10x finer grid, both self-centred, scaled error 1.78e-05. the bare model's truncated moment is 2.37306, so the strip baseline's bias at this window is -0.004254 (-0.179 per cent)","noiseless, truth 42.38 um at the prior means, mixed form, strips (28.0, 36.0) MHz",DIAGNOSTIC
P_4121_75mW_130C,mu3@3,-6.06625e-06,,MHz^3,"estimator on the archive grid against the direct truncated moment -9.70189e-06 of the same de-baselined line on a 10x finer grid, both self-centred, scaled error 9.97e-07. the bare model's truncated moment is -3.72517e-06, so the strip baseline's bias at this window is -2.341e-06 (-6.42e-07 in units of k2^(n/2), the odd orders of a symmetric line being zero)","noiseless, truth 42.38 um at the prior means, mixed form, strips (28.0, 36.0) MHz",DIAGNOSTIC
P_4121_75mW_130C,mu4@3,11.5969,,MHz^4,"estimator on the archive grid against the direct truncated moment 11.5966 of the same de-baselined line on a 10x finer grid, both self-centred, scaled error 5.27e-05. the bare model's truncated moment is 11.628, so the strip baseline's bias at this window is -0.03104 (-0.267 per cent)","noiseless, truth 42.38 um at the prior means, mixed form, strips (28.0, 36.0) MHz",DIAGNOSTIC
P_4121_75mW_130C,mu5@3,-6.56959e-05,,MHz^5,"estimator on the archive grid against the direct truncated moment -8.657e-05 of the same de-baselined line on a 10x finer grid, both self-centred, scaled error 2.42e-06. the bare model's truncated moment is -3.02603e-05, so the strip baseline's bias at this window is -3.544e-05 (-4.1e-06 in units of k2^(n/2), the odd orders of a symmetric line being zero)","noiseless, truth 42.38 um at the prior means, mixed form, strips (28.0, 36.0) MHz",DIAGNOSTIC
P_4121_75mW_130C,mu6@3,70.7806,,MHz^6,"estimator on the archive grid against the direct truncated moment 70.7786 of the same de-baselined line on a 10x finer grid, both self-centred, scaled error 1.48e-04. the bare model's truncated moment is 71.0057, so the strip baseline's bias at this window is -0.2251 (-0.317 per cent)","noiseless, truth 42.38 um at the prior means, mixed form, strips (28.0, 36.0) MHz",DIAGNOSTIC
P_4121_75mW_130C,mu7@3,-0.000571247,,MHz^7,"estimator on the archive grid against the direct truncated moment -0.000685805 of the same de-baselined line on a 10x finer grid, both self-centred, scaled error 5.60e-06. the bare model's truncated moment is -0.000219093, so the strip baseline's bias at this window is -0.0003522 (-1.72e-05 in units of k2^(n/2), the odd orders of a symmetric line being zero)","noiseless, truth 42.38 um at the prior means, mixed form, strips (28.0, 36.0) MHz",DIAGNOSTIC
P_4121_75mW_130C,mu2@5,5.06566,,MHz^2,"estimator on the archive grid against the direct truncated moment 5.06556 of the same de-baselined line on a 10x finer grid, both self-centred, scaled error 2.07e-05. the bare model's truncated moment is 5.09482, so the strip baseline's bias at this window is -0.02915 (-0.572 per cent)","noiseless, truth 42.38 um at the prior means, mixed form, strips (28.0, 36.0) MHz",DIAGNOSTIC
P_4121_75mW_130C,mu3@5,-0.000138177,,MHz^3,"estimator on the archive grid against the direct truncated moment -0.000131543 of the same de-baselined line on a 10x finer grid, both self-centred, scaled error 5.82e-07. the bare model's truncated moment is -1.5026e-05, so the strip baseline's bias at this window is -0.0001232 (-1.08e-05 in units of k2^(n/2), the odd orders of a symmetric line being zero)","noiseless, truth 42.38 um at the prior means, mixed form, strips (28.0, 36.0) MHz",DIAGNOSTIC
P_4121_75mW_130C,mu4@5,62.1486,,MHz^4,"estimator on the archive grid against the direct truncated moment 62.1471 of the same de-baselined line on a 10x finer grid, both self-centred, scaled error 5.74e-05. the bare model's truncated moment is 62.7098, so the strip baseline's bias at this window is -0.5613 (-0.895 per cent)","noiseless, truth 42.38 um at the prior means, mixed form, strips (28.0, 36.0) MHz",DIAGNOSTIC
P_4121_75mW_130C,mu5@5,-0.00336592,,MHz^5,"estimator on the archive grid against the direct truncated moment -0.00315711 of the same de-baselined line on a 10x finer grid, both self-centred, scaled error 3.62e-06. the bare model's truncated moment is -0.000294897, so the strip baseline's bias at this window is -0.003071 (-5.32e-05 in units of k2^(n/2), the odd orders of a symmetric line being zero)","noiseless, truth 42.38 um at the prior means, mixed form, strips (28.0, 36.0) MHz",DIAGNOSTIC
P_4121_75mW_130C,mu6@5,1002.91,,MHz^6,"estimator on the archive grid against the direct truncated moment 1002.89 of the same de-baselined line on a 10x finer grid, both self-centred, scaled error 1.71e-04. the bare model's truncated moment is 1013.89, so the strip baseline's bias at this window is -10.98 (-1.08 per cent)","noiseless, truth 42.38 um at the prior means, mixed form, strips (28.0, 36.0) MHz",DIAGNOSTIC
P_4121_75mW_130C,mu7@5,-0.0733342,,MHz^7,"estimator on the archive grid against the direct truncated moment -0.0688011 of the same de-baselined line on a 10x finer grid, both self-centred, scaled error 1.55e-05. the bare model's truncated moment is -0.0056572, so the strip baseline's bias at this window is -0.06768 (-0.000231 in units of k2^(n/2), the odd orders of a symmetric line being zero)","noiseless, truth 42.38 um at the prior means, mixed form, strips (28.0, 36.0) MHz",DIAGNOSTIC
P_4121_75mW_130C,mu2@8,8.98862,,MHz^2,"estimator on the archive grid against the direct truncated moment 8.98835 of the same de-baselined line on a 10x finer grid, both self-centred, scaled error 3.01e-05. the bare model's truncated moment is 9.14466, so the strip baseline's bias at this window is -0.156 (-1.71 per cent)","noiseless, truth 42.38 um at the prior means, mixed form, strips (28.0, 36.0) MHz",DIAGNOSTIC
P_4121_75mW_130C,mu3@8,-0.00169337,,MHz^3,"estimator on the archive grid against the direct truncated moment -0.00172969 of the same de-baselined line on a 10x finer grid, both self-centred, scaled error 1.35e-06. the bare model's truncated moment is -3.26776e-05, so the strip baseline's bias at this window is -0.001661 (-6.16e-05 in units of k2^(n/2), the odd orders of a symmetric line being zero)","noiseless, truth 42.38 um at the prior means, mixed form, strips (28.0, 36.0) MHz",DIAGNOSTIC
P_4121_75mW_130C,mu4@8,247.628,,MHz^4,"estimator on the archive grid against the direct truncated moment 247.617 of the same de-baselined line on a 10x finer grid, both self-centred, scaled error 1.29e-04. the bare model's truncated moment is 254.855, so the strip baseline's bias at this window is -7.227 (-2.84 per cent)","noiseless, truth 42.38 um at the prior means, mixed form, strips (28.0, 36.0) MHz",DIAGNOSTIC
P_4121_75mW_130C,mu5@8,-0.0989176,,MHz^5,"estimator on the archive grid against the direct truncated moment -0.100622 of the same de-baselined line on a 10x finer grid, both self-centred, scaled error 7.04e-06. the bare model's truncated moment is -0.00128698, so the strip baseline's bias at this window is -0.09763 (-0.000403 in units of k2^(n/2), the odd orders of a symmetric line being zero)","noiseless, truth 42.38 um at the prior means, mixed form, strips (28.0, 36.0) MHz",DIAGNOSTIC
P_4121_75mW_130C,mu6@8,9702.41,,MHz^6,"estimator on the archive grid against the direct truncated moment 9701.93 of the same de-baselined line on a 10x finer grid, both self-centred, scaled error 6.62e-04. the bare model's truncated moment is 10053.3, so the strip baseline's bias at this window is -350.9 (-3.49 per cent)","noiseless, truth 42.38 um at the prior means, mixed form, strips (28.0, 36.0) MHz",DIAGNOSTIC
P_4121_75mW_130C,mu7@8,-5.3758,,MHz^7,"estimator on the archive grid against the direct truncated moment -5.44734 of the same de-baselined line on a 10x finer grid, both self-centred, scaled error 3.29e-05. the bare model's truncated moment is -0.0560183, so the strip baseline's bias at this window is -5.32 (-0.00244 in units of k2^(n/2), the odd orders of a symmetric line being zero)","noiseless, truth 42.38 um at the prior means, mixed form, strips (28.0, 36.0) MHz",DIAGNOSTIC
P_4121_75mW_130C,mu2@13,14.7287,,MHz^2,"estimator on the archive grid against the direct truncated moment 14.7279 of the same de-baselined line on a 10x finer grid, both self-centred, scaled error 5.58e-05. the bare model's truncated moment is 15.5262, so the strip baseline's bias at this window is -0.7975 (-5.14 per cent)","noiseless, truth 42.38 um at the prior means, mixed form, strips (28.0, 36.0) MHz",DIAGNOSTIC
P_4121_75mW_130C,mu3@13,-0.024129,,MHz^3,"estimator on the archive grid against the direct truncated moment -0.0242186 of the same de-baselined line on a 10x finer grid, both self-centred, scaled error 1.59e-06. the bare model's truncated moment is -4.75592e-05, so the strip baseline's bias at this window is -0.02408 (-0.000426 in units of k2^(n/2), the odd orders of a symmetric line being zero)","noiseless, truth 42.38 um at the prior means, mixed form, strips (28.0, 36.0) MHz",DIAGNOSTIC
P_4121_75mW_130C,mu4@13,930.183,,MHz^4,"estimator on the archive grid against the direct truncated moment 930.099 of the same de-baselined line on a 10x finer grid, both self-centred, scaled error 3.84e-04. the bare model's truncated moment is 1021.86, so the strip baseline's bias at this window is -91.67 (-8.97 per cent)","noiseless, truth 42.38 um at the prior means, mixed form, strips (28.0, 36.0) MHz",DIAGNOSTIC
P_4121_75mW_130C,mu5@13,-3.44895,,MHz^5,"estimator on the archive grid against the direct truncated moment -3.45918 of the same de-baselined line on a 10x finer grid, both self-centred, scaled error 1.23e-05. the bare model's truncated moment is -0.00327404, so the strip baseline's bias at this window is -3.446 (-0.00414 in units of k2^(n/2), the odd orders of a symmetric line being zero)","noiseless, truth 42.38 um at the prior means, mixed form, strips (28.0, 36.0) MHz",DIAGNOSTIC
P_4121_75mW_130C,mu6@13,92251.2,,MHz^6,"estimator on the archive grid against the direct truncated moment 92241.2 of the same de-baselined line on a 10x finer grid, both self-centred, scaled error 3.15e-03. the bare model's truncated moment is 103702, so the strip baseline's bias at this window is -1.145e+04 (-11 per cent)","noiseless, truth 42.38 um at the prior means, mixed form, strips (28.0, 36.0) MHz. REFUSED from the vector: unresolved at the archive's sampling",DIAGNOSTIC
P_4121_75mW_130C,mu7@13,-476.519,,MHz^7,"estimator on the archive grid against the direct truncated moment -477.808 of the same de-baselined line on a 10x finer grid, both self-centred, scaled error 1.05e-04. the bare model's truncated moment is -0.297037, so the strip baseline's bias at this window is -476.2 (-0.0388 in units of k2^(n/2), the odd orders of a symmetric line being zero)","noiseless, truth 42.38 um at the prior means, mixed form, strips (28.0, 36.0) MHz",DIAGNOSTIC
P_4121_75mW_130C,mu2@21,21.7471,,MHz^2,"estimator on the archive grid against the direct truncated moment 21.7439 of the same de-baselined line on a 10x finer grid, both self-centred, scaled error 1.50e-04. the bare model's truncated moment is 25.4761, so the strip baseline's bias at this window is -3.729 (-14.6 per cent)","noiseless, truth 42.38 um at the prior means, mixed form, strips (28.0, 36.0) MHz",DIAGNOSTIC
P_4121_75mW_130C,mu3@21,-0.302741,,MHz^3,"estimator on the archive grid against the direct truncated moment -0.303325 of the same de-baselined line on a 10x finer grid, both self-centred, scaled error 5.76e-06. the bare model's truncated moment is -5.53224e-05, so the strip baseline's bias at this window is -0.3027 (-0.00299 in units of k2^(n/2), the odd orders of a symmetric line being zero)","noiseless, truth 42.38 um at the prior means, mixed form, strips (28.0, 36.0) MHz",DIAGNOSTIC
P_4121_75mW_130C,mu4@21,3017.03,,MHz^4,"estimator on the archive grid against the direct truncated moment 3016.13 of the same de-baselined line on a 10x finer grid, both self-centred, scaled error 1.90e-03. the bare model's truncated moment is 4085.24, so the strip baseline's bias at this window is -1068 (-26.1 per cent)","noiseless, truth 42.38 um at the prior means, mixed form, strips (28.0, 36.0) MHz. REFUSED from the vector: unresolved at the archive's sampling",DIAGNOSTIC
P_4121_75mW_130C,mu5@21,-106.189,,MHz^5,"estimator on the archive grid against the direct truncated moment -106.382 of the same de-baselined line on a 10x finer grid, both self-centred, scaled error 8.74e-05. the bare model's truncated moment is -0.00600928, so the strip baseline's bias at this window is -106.2 (-0.0482 in units of k2^(n/2), the odd orders of a symmetric line being zero)","noiseless, truth 42.38 um at the prior means, mixed form, strips (28.0, 36.0) MHz",DIAGNOSTIC
P_4121_75mW_130C,mu6@21,734653,,MHz^6,"estimator on the archive grid against the direct truncated moment 734366 of the same de-baselined line on a 10x finer grid, both self-centred, scaled error 2.79e-02. the bare model's truncated moment is 1.07756e+06, so the strip baseline's bias at this window is -3.429e+05 (-31.8 per cent)","noiseless, truth 42.38 um at the prior means, mixed form, strips (28.0, 36.0) MHz. REFUSED from the vector: unresolved at the archive's sampling",DIAGNOSTIC
P_4121_75mW_130C,mu7@21,-37418.9,,MHz^7,"estimator on the archive grid against the direct truncated moment -37485.8 of the same de-baselined line on a 10x finer grid, both self-centred, scaled error 1.40e-03. the bare model's truncated moment is -1.12851, so the strip baseline's bias at this window is -3.742e+04 (-0.781 in units of k2^(n/2), the odd orders of a symmetric line being zero)","noiseless, truth 42.38 um at the prior means, mixed form, strips (28.0, 36.0) MHz. REFUSED from the vector: unresolved at the archive's sampling",DIAGNOSTIC
P_4154_125mW_130C,mu2@0.5,0.082651,,MHz^2,"estimator on the archive grid against the direct truncated moment 0.082653 of the same de-baselined line on a 10x finer grid, both self-centred, scaled error 2.41e-05. the bare model's truncated moment is 0.0826567, so the strip baseline's bias at this window is -5.716e-06 (-0.00692 per cent)","noiseless, truth 42.38 um at the prior means, mixed form, strips (28.0, 36.0) MHz",DIAGNOSTIC
P_4154_125mW_130C,mu3@0.5,-6.69805e-09,,MHz^3,"estimator on the archive grid against the direct truncated moment -8.38022e-06 of the same de-baselined line on a 10x finer grid, both self-centred, scaled error 3.52e-04. the bare model's truncated moment is -8.37329e-06, so the strip baseline's bias at this window is +8.367e-06 (+0.000352 in units of k2^(n/2), the odd orders of a symmetric line being zero)","noiseless, truth 42.38 um at the prior means, mixed form, strips (28.0, 36.0) MHz",DIAGNOSTIC
P_4154_125mW_130C,mu4@0.5,0.0123541,,MHz^4,"estimator on the archive grid against the direct truncated moment 0.0123552 of the same de-baselined line on a 10x finer grid, both self-centred, scaled error 1.62e-04. the bare model's truncated moment is 0.012356, so the strip baseline's bias at this window is -1.907e-06 (-0.0154 per cent)","noiseless, truth 42.38 um at the prior means, mixed form, strips (28.0, 36.0) MHz",DIAGNOSTIC
P_4154_125mW_130C,mu5@0.5,-1.90355e-09,,MHz^5,"estimator on the archive grid against the direct truncated moment -1.5769e-06 of the same de-baselined line on a 10x finer grid, both self-centred, scaled error 8.02e-04. the bare model's truncated moment is -1.56864e-06, so the strip baseline's bias at this window is +1.567e-06 (+0.000798 in units of k2^(n/2), the odd orders of a symmetric line being zero)","noiseless, truth 42.38 um at the prior means, mixed form, strips (28.0, 36.0) MHz",DIAGNOSTIC
P_4154_125mW_130C,mu6@0.5,0.00220179,,MHz^6,"estimator on the archive grid against the direct truncated moment 0.00220222 of the same de-baselined line on a 10x finer grid, both self-centred, scaled error 7.58e-04. the bare model's truncated moment is 0.00220239, so the strip baseline's bias at this window is -5.977e-07 (-0.0271 per cent)","noiseless, truth 42.38 um at the prior means, mixed form, strips (28.0, 36.0) MHz",DIAGNOSTIC
P_4154_125mW_130C,mu7@0.5,-4.56442e-10,,MHz^7,"estimator on the archive grid against the direct truncated moment -3.29153e-07 of the same de-baselined line on a 10x finer grid, both self-centred, scaled error 2.02e-03. the bare model's truncated moment is -3.25655e-07, so the strip baseline's bias at this window is +3.252e-07 (+0.002 in units of k2^(n/2), the odd orders of a symmetric line being zero)","noiseless, truth 42.38 um at the prior means, mixed form, strips (28.0, 36.0) MHz. REFUSED from the vector: unresolved at the archive's sampling",DIAGNOSTIC
P_4154_125mW_130C,mu2@1,0.322856,,MHz^2,"estimator on the archive grid against the direct truncated moment 0.322852 of the same de-baselined line on a 10x finer grid, both self-centred, scaled error 1.00e-05. the bare model's truncated moment is 0.322911, so the strip baseline's bias at this window is -5.519e-05 (-0.0171 per cent)","noiseless, truth 42.38 um at the prior means, mixed form, strips (28.0, 36.0) MHz",DIAGNOSTIC
P_4154_125mW_130C,mu3@1,-3.05912e-07,,MHz^3,"estimator on the archive grid against the direct truncated moment -3.47019e-06 of the same de-baselined line on a 10x finer grid, both self-centred, scaled error 1.72e-05. the bare model's truncated moment is -3.52175e-06, so the strip baseline's bias at this window is +3.216e-06 (+1.75e-05 in units of k2^(n/2), the odd orders of a symmetric line being zero)","noiseless, truth 42.38 um at the prior means, mixed form, strips (28.0, 36.0) MHz",DIAGNOSTIC
P_4154_125mW_130C,mu4@1,0.191094,,MHz^4,"estimator on the archive grid against the direct truncated moment 0.191092 of the same de-baselined line on a 10x finer grid, both self-centred, scaled error 1.74e-05. the bare model's truncated moment is 0.191142, so the strip baseline's bias at this window is -4.781e-05 (-0.025 per cent)","noiseless, truth 42.38 um at the prior means, mixed form, strips (28.0, 36.0) MHz",DIAGNOSTIC
P_4154_125mW_130C,mu5@1,-3.48012e-07,,MHz^5,"estimator on the archive grid against the direct truncated moment -5.18731e-06 of the same de-baselined line on a 10x finer grid, both self-centred, scaled error 8.17e-05. the bare model's truncated moment is -5.25131e-06, so the strip baseline's bias at this window is +4.903e-06 (+8.28e-05 in units of k2^(n/2), the odd orders of a symmetric line being zero)","noiseless, truth 42.38 um at the prior means, mixed form, strips (28.0, 36.0) MHz",DIAGNOSTIC
P_4154_125mW_130C,mu6@1,0.135475,,MHz^6,"estimator on the archive grid against the direct truncated moment 0.135474 of the same de-baselined line on a 10x finer grid, both self-centred, scaled error 1.44e-05. the bare model's truncated moment is 0.135515, so the strip baseline's bias at this window is -4.061e-05 (-0.03 per cent)","noiseless, truth 42.38 um at the prior means, mixed form, strips (28.0, 36.0) MHz",DIAGNOSTIC
P_4154_125mW_130C,mu7@1,-3.41674e-07,,MHz^7,"estimator on the archive grid against the direct truncated moment -6.98323e-06 of the same de-baselined line on a 10x finer grid, both self-centred, scaled error 3.47e-04. the bare model's truncated moment is -7.06641e-06, so the strip baseline's bias at this window is +6.725e-06 (+0.000352 in units of k2^(n/2), the odd orders of a symmetric line being zero)","noiseless, truth 42.38 um at the prior means, mixed form, strips (28.0, 36.0) MHz",DIAGNOSTIC
P_4154_125mW_130C,mu2@2,1.18767,,MHz^2,"estimator on the archive grid against the direct truncated moment 1.18765 of the same de-baselined line on a 10x finer grid, both self-centred, scaled error 1.76e-05. the bare model's truncated moment is 1.18855, so the strip baseline's bias at this window is -0.0008775 (-0.0738 per cent)","noiseless, truth 42.38 um at the prior means, mixed form, strips (28.0, 36.0) MHz",DIAGNOSTIC
P_4154_125mW_130C,mu3@2,-7.84349e-06,,MHz^3,"estimator on the archive grid against the direct truncated moment -3.06964e-06 of the same de-baselined line on a 10x finer grid, both self-centred, scaled error 3.69e-06. the bare model's truncated moment is -2.12021e-06, so the strip baseline's bias at this window is -5.723e-06 (-4.42e-06 in units of k2^(n/2), the odd orders of a symmetric line being zero)","noiseless, truth 42.38 um at the prior means, mixed form, strips (28.0, 36.0) MHz",DIAGNOSTIC
P_4154_125mW_130C,mu4@2,2.71486,,MHz^4,"estimator on the archive grid against the direct truncated moment 2.71481 of the same de-baselined line on a 10x finer grid, both self-centred, scaled error 3.87e-05. the bare model's truncated moment is 2.7178, so the strip baseline's bias at this window is -0.002937 (-0.108 per cent)","noiseless, truth 42.38 um at the prior means, mixed form, strips (28.0, 36.0) MHz",DIAGNOSTIC
P_4154_125mW_130C,mu5@2,-3.01318e-05,,MHz^5,"estimator on the archive grid against the direct truncated moment -8.39813e-06 of the same de-baselined line on a 10x finer grid, both self-centred, scaled error 1.41e-05. the bare model's truncated moment is -4.24776e-06, so the strip baseline's bias at this window is -2.588e-05 (-1.68e-05 in units of k2^(n/2), the odd orders of a symmetric line being zero)","noiseless, truth 42.38 um at the prior means, mixed form, strips (28.0, 36.0) MHz",DIAGNOSTIC
P_4154_125mW_130C,mu6@2,7.55464,,MHz^6,"estimator on the archive grid against the direct truncated moment 7.5545 of the same de-baselined line on a 10x finer grid, both self-centred, scaled error 8.33e-05. the bare model's truncated moment is 7.5643, so the strip baseline's bias at this window is -0.009654 (-0.128 per cent)","noiseless, truth 42.38 um at the prior means, mixed form, strips (28.0, 36.0) MHz",DIAGNOSTIC
P_4154_125mW_130C,mu7@2,-0.000103317,,MHz^7,"estimator on the archive grid against the direct truncated moment -9.9563e-06 of the same de-baselined line on a 10x finer grid, both self-centred, scaled error 5.11e-05. the bare model's truncated moment is 5.88833e-06, so the strip baseline's bias at this window is -0.0001092 (-5.98e-05 in units of k2^(n/2), the odd orders of a symmetric line being zero)","noiseless, truth 42.38 um at the prior means, mixed form, strips (28.0, 36.0) MHz",DIAGNOSTIC
P_4154_125mW_130C,mu2@3,2.38524,,MHz^2,"estimator on the archive grid against the direct truncated moment 2.38518 of the same de-baselined line on a 10x finer grid, both self-centred, scaled error 2.55e-05. the bare model's truncated moment is 2.3895, so the strip baseline's bias at this window is -0.004256 (-0.178 per cent)","noiseless, truth 42.38 um at the prior means, mixed form, strips (28.0, 36.0) MHz",DIAGNOSTIC
P_4154_125mW_130C,mu3@3,-3.3326e-05,,MHz^3,"estimator on the archive grid against the direct truncated moment -2.32537e-05 of the same de-baselined line on a 10x finer grid, both self-centred, scaled error 2.73e-06. the bare model's truncated moment is -1.33158e-05, so the strip baseline's bias at this window is -2.001e-05 (-5.43e-06 in units of k2^(n/2), the odd orders of a symmetric line being zero)","noiseless, truth 42.38 um at the prior means, mixed form, strips (28.0, 36.0) MHz",DIAGNOSTIC
P_4154_125mW_130C,mu4@3,11.7097,,MHz^4,"estimator on the archive grid against the direct truncated moment 11.7094 of the same de-baselined line on a 10x finer grid, both self-centred, scaled error 6.82e-05. the bare model's truncated moment is 11.7409, so the strip baseline's bias at this window is -0.03114 (-0.265 per cent)","noiseless, truth 42.38 um at the prior means, mixed form, strips (28.0, 36.0) MHz",DIAGNOSTIC
P_4154_125mW_130C,mu5@3,-0.000285033,,MHz^5,"estimator on the archive grid against the direct truncated moment -0.000185342 of the same de-baselined line on a 10x finer grid, both self-centred, scaled error 1.13e-05. the bare model's truncated moment is -9.24673e-05, so the strip baseline's bias at this window is -0.0001926 (-2.19e-05 in units of k2^(n/2), the odd orders of a symmetric line being zero)","noiseless, truth 42.38 um at the prior means, mixed form, strips (28.0, 36.0) MHz",DIAGNOSTIC
P_4154_125mW_130C,mu6@3,71.5689,,MHz^6,"estimator on the archive grid against the direct truncated moment 71.5663 of the same de-baselined line on a 10x finer grid, both self-centred, scaled error 1.91e-04. the bare model's truncated moment is 71.7951, so the strip baseline's bias at this window is -0.2262 (-0.315 per cent)","noiseless, truth 42.38 um at the prior means, mixed form, strips (28.0, 36.0) MHz",DIAGNOSTIC
P_4154_125mW_130C,mu7@3,-0.00224364,,MHz^7,"estimator on the archive grid against the direct truncated moment -0.00125341 of the same de-baselined line on a 10x finer grid, both self-centred, scaled error 4.73e-05. the bare model's truncated moment is -0.000492567, so the strip baseline's bias at this window is -0.001751 (-8.36e-05 in units of k2^(n/2), the odd orders of a symmetric line being zero)","noiseless, truth 42.38 um at the prior means, mixed form, strips (28.0, 36.0) MHz",DIAGNOSTIC
P_4154_125mW_130C,mu2@5,5.12635,,MHz^2,"estimator on the archive grid against the direct truncated moment 5.1262 of the same de-baselined line on a 10x finer grid, both self-centred, scaled error 2.81e-05. the bare model's truncated moment is 5.1557, so the strip baseline's bias at this window is -0.02935 (-0.569 per cent)","noiseless, truth 42.38 um at the prior means, mixed form, strips (28.0, 36.0) MHz",DIAGNOSTIC
P_4154_125mW_130C,mu3@5,-0.000259952,,MHz^3,"estimator on the archive grid against the direct truncated moment -0.000260358 of the same de-baselined line on a 10x finer grid, both self-centred, scaled error 3.50e-08. the bare model's truncated moment is -6.52424e-05, so the strip baseline's bias at this window is -0.0001947 (-1.68e-05 in units of k2^(n/2), the odd orders of a symmetric line being zero)","noiseless, truth 42.38 um at the prior means, mixed form, strips (28.0, 36.0) MHz",DIAGNOSTIC
P_4154_125mW_130C,mu4@5,63.176,,MHz^4,"estimator on the archive grid against the direct truncated moment 63.1738 of the same de-baselined line on a 10x finer grid, both self-centred, scaled error 8.16e-05. the bare model's truncated moment is 63.7424, so the strip baseline's bias at this window is -0.5664 (-0.889 per cent)","noiseless, truth 42.38 um at the prior means, mixed form, strips (28.0, 36.0) MHz",DIAGNOSTIC
P_4154_125mW_130C,mu5@5,-0.00573663,,MHz^5,"estimator on the archive grid against the direct truncated moment -0.00613179 of the same de-baselined line on a 10x finer grid, both self-centred, scaled error 6.64e-06. the bare model's truncated moment is -0.00132788, so the strip baseline's bias at this window is -0.004409 (-7.41e-05 in units of k2^(n/2), the odd orders of a symmetric line being zero)","noiseless, truth 42.38 um at the prior means, mixed form, strips (28.0, 36.0) MHz",DIAGNOSTIC
P_4154_125mW_130C,mu6@5,1021.55,,MHz^6,"estimator on the archive grid against the direct truncated moment 1021.51 of the same de-baselined line on a 10x finer grid, both self-centred, scaled error 2.73e-04. the bare model's truncated moment is 1032.64, so the strip baseline's bias at this window is -11.1 (-1.07 per cent)","noiseless, truth 42.38 um at the prior means, mixed form, strips (28.0, 36.0) MHz",DIAGNOSTIC
P_4154_125mW_130C,mu7@5,-0.118381,,MHz^7,"estimator on the archive grid against the direct truncated moment -0.132684 of the same de-baselined line on a 10x finer grid, both self-centred, scaled error 4.69e-05. the bare model's truncated moment is -0.0265597, so the strip baseline's bias at this window is -0.09182 (-0.000301 in units of k2^(n/2), the odd orders of a symmetric line being zero)","noiseless, truth 42.38 um at the prior means, mixed form, strips (28.0, 36.0) MHz",DIAGNOSTIC
P_4154_125mW_130C,mu2@8,9.13362,,MHz^2,"estimator on the archive grid against the direct truncated moment 9.13327 of the same de-baselined line on a 10x finer grid, both self-centred, scaled error 3.83e-05. the bare model's truncated moment is 9.29148, so the strip baseline's bias at this window is -0.1579 (-1.7 per cent)","noiseless, truth 42.38 um at the prior means, mixed form, strips (28.0, 36.0) MHz",DIAGNOSTIC
P_4154_125mW_130C,mu3@8,-0.00298949,,MHz^3,"estimator on the archive grid against the direct truncated moment -0.00299102 of the same de-baselined line on a 10x finer grid, both self-centred, scaled error 5.54e-08. the bare model's truncated moment is -0.000142585, so the strip baseline's bias at this window is -0.002847 (-0.000103 in units of k2^(n/2), the odd orders of a symmetric line being zero)","noiseless, truth 42.38 um at the prior means, mixed form, strips (28.0, 36.0) MHz",DIAGNOSTIC
P_4154_125mW_130C,mu4@8,252.919,,MHz^4,"estimator on the archive grid against the direct truncated moment 252.906 of the same de-baselined line on a 10x finer grid, both self-centred, scaled error 1.52e-04. the bare model's truncated moment is 260.249, so the strip baseline's bias at this window is -7.331 (-2.82 per cent)","noiseless, truth 42.38 um at the prior means, mixed form, strips (28.0, 36.0) MHz",DIAGNOSTIC
P_4154_125mW_130C,mu5@8,-0.171889,,MHz^5,"estimator on the archive grid against the direct truncated moment -0.173094 of the same de-baselined line on a 10x finer grid, both self-centred, scaled error 4.78e-06. the bare model's truncated moment is -0.00584831, so the strip baseline's bias at this window is -0.166 (-0.000659 in units of k2^(n/2), the odd orders of a symmetric line being zero)","noiseless, truth 42.38 um at the prior means, mixed form, strips (28.0, 36.0) MHz",DIAGNOSTIC
P_4154_125mW_130C,mu6@8,9927.07,,MHz^6,"estimator on the archive grid against the direct truncated moment 9926.52 of the same de-baselined line on a 10x finer grid, both self-centred, scaled error 7.26e-04. the bare model's truncated moment is 10283.4, so the strip baseline's bias at this window is -356.4 (-3.47 per cent)","noiseless, truth 42.38 um at the prior means, mixed form, strips (28.0, 36.0) MHz",DIAGNOSTIC
P_4154_125mW_130C,mu7@8,-9.25544,,MHz^7,"estimator on the archive grid against the direct truncated moment -9.36006 of the same de-baselined line on a 10x finer grid, both self-centred, scaled error 4.54e-05. the bare model's truncated moment is -0.267236, so the strip baseline's bias at this window is -8.988 (-0.0039 in units of k2^(n/2), the odd orders of a symmetric line being zero)","noiseless, truth 42.38 um at the prior means, mixed form, strips (28.0, 36.0) MHz",DIAGNOSTIC
P_4154_125mW_130C,mu2@13,14.9999,,MHz^2,"estimator on the archive grid against the direct truncated moment 14.9988 of the same de-baselined line on a 10x finer grid, both self-centred, scaled error 6.95e-05. the bare model's truncated moment is 15.8097, so the strip baseline's bias at this window is -0.8099 (-5.12 per cent)","noiseless, truth 42.38 um at the prior means, mixed form, strips (28.0, 36.0) MHz",DIAGNOSTIC
P_4154_125mW_130C,mu3@13,-0.0408963,,MHz^3,"estimator on the archive grid against the direct truncated moment -0.0409447 of the same de-baselined line on a 10x finer grid, both self-centred, scaled error 8.34e-07. the bare model's truncated moment is -0.000203423, so the strip baseline's bias at this window is -0.04069 (-0.000701 in units of k2^(n/2), the odd orders of a symmetric line being zero)","noiseless, truth 42.38 um at the prior means, mixed form, strips (28.0, 36.0) MHz",DIAGNOSTIC
P_4154_125mW_130C,mu4@13,951.216,,MHz^4,"estimator on the archive grid against the direct truncated moment 951.113 of the same de-baselined line on a 10x finer grid, both self-centred, scaled error 4.61e-04. the bare model's truncated moment is 1044.52, so the strip baseline's bias at this window is -93.3 (-8.93 per cent)","noiseless, truth 42.38 um at the prior means, mixed form, strips (28.0, 36.0) MHz",DIAGNOSTIC
P_4154_125mW_130C,mu5@13,-5.84589,,MHz^5,"estimator on the archive grid against the direct truncated moment -5.85498 of the same de-baselined line on a 10x finer grid, both self-centred, scaled error 1.04e-05. the bare model's truncated moment is -0.0134456, so the strip baseline's bias at this window is -5.832 (-0.00669 in units of k2^(n/2), the odd orders of a symmetric line being zero)","noiseless, truth 42.38 um at the prior means, mixed form, strips (28.0, 36.0) MHz",DIAGNOSTIC
P_4154_125mW_130C,mu6@13,94404.1,,MHz^6,"estimator on the archive grid against the direct truncated moment 94391.6 of the same de-baselined line on a 10x finer grid, both self-centred, scaled error 3.68e-03. the bare model's truncated moment is 106067, so the strip baseline's bias at this window is -1.166e+04 (-11 per cent)","noiseless, truth 42.38 um at the prior means, mixed form, strips (28.0, 36.0) MHz. REFUSED from the vector: unresolved at the archive's sampling",DIAGNOSTIC
P_4154_125mW_130C,mu7@13,-807.914,,MHz^7,"estimator on the archive grid against the direct truncated moment -809.223 of the same de-baselined line on a 10x finer grid, both self-centred, scaled error 1.00e-04. the bare model's truncated moment is -1.06185, so the strip baseline's bias at this window is -806.9 (-0.0617 in units of k2^(n/2), the odd orders of a symmetric line being zero)","noiseless, truth 42.38 um at the prior means, mixed form, strips (28.0, 36.0) MHz",DIAGNOSTIC
P_4154_125mW_130C,mu2@21,22.1687,,MHz^2,"estimator on the archive grid against the direct truncated moment 22.1647 of the same de-baselined line on a 10x finer grid, both self-centred, scaled error 1.82e-04. the bare model's truncated moment is 25.9644, so the strip baseline's bias at this window is -3.796 (-14.6 per cent)","noiseless, truth 42.38 um at the prior means, mixed form, strips (28.0, 36.0) MHz",DIAGNOSTIC
P_4154_125mW_130C,mu3@21,-0.511969,,MHz^3,"estimator on the archive grid against the direct truncated moment -0.512925 of the same de-baselined line on a 10x finer grid, both self-centred, scaled error 9.15e-06. the bare model's truncated moment is -0.000242128, so the strip baseline's bias at this window is -0.5117 (-0.0049 in units of k2^(n/2), the odd orders of a symmetric line being zero)","noiseless, truth 42.38 um at the prior means, mixed form, strips (28.0, 36.0) MHz",DIAGNOSTIC
P_4154_125mW_130C,mu4@21,3084.46,,MHz^4,"estimator on the archive grid against the direct truncated moment 3083.36 of the same de-baselined line on a 10x finer grid, both self-centred, scaled error 2.24e-03. the bare model's truncated moment is 4173.44, so the strip baseline's bias at this window is -1089 (-26.1 per cent)","noiseless, truth 42.38 um at the prior means, mixed form, strips (28.0, 36.0) MHz. REFUSED from the vector: unresolved at the archive's sampling",DIAGNOSTIC
P_4154_125mW_130C,mu5@21,-179.874,,MHz^5,"estimator on the archive grid against the direct truncated moment -180.217 of the same de-baselined line on a 10x finer grid, both self-centred, scaled error 1.48e-04. the bare model's truncated moment is -0.027515, so the strip baseline's bias at this window is -179.8 (-0.0778 in units of k2^(n/2), the odd orders of a symmetric line being zero)","noiseless, truth 42.38 um at the prior means, mixed form, strips (28.0, 36.0) MHz",DIAGNOSTIC
P_4154_125mW_130C,mu6@21,751204,,MHz^6,"estimator on the archive grid against the direct truncated moment 750854 of the same de-baselined line on a 10x finer grid, both self-centred, scaled error 3.21e-02. the bare model's truncated moment is 1.10094e+06, so the strip baseline's bias at this window is -3.497e+05 (-31.8 per cent)","noiseless, truth 42.38 um at the prior means, mixed form, strips (28.0, 36.0) MHz. REFUSED from the vector: unresolved at the archive's sampling",DIAGNOSTIC
P_4154_125mW_130C,mu7@21,-63420.6,,MHz^7,"estimator on the archive grid against the direct truncated moment -63542 of the same de-baselined line on a 10x finer grid, both self-centred, scaled error 2.37e-03. the bare model's truncated moment is -5.53864, so the strip baseline's bias at this window is -6.342e+04 (-1.24 in units of k2^(n/2), the odd orders of a symmetric line being zero)","noiseless, truth 42.38 um at the prior means, mixed form, strips (28.0, 36.0) MHz. REFUSED from the vector: unresolved at the archive's sampling",DIAGNOSTIC
P_4154_175mW_130C,mu2@0.5,0.0826801,,MHz^2,"estimator on the archive grid against the direct truncated moment 0.0826826 of the same de-baselined line on a 10x finer grid, both self-centred, scaled error 2.99e-05. the bare model's truncated moment is 0.0826863, so the strip baseline's bias at this window is -6.19e-06 (-0.00749 per cent)","noiseless, truth 42.38 um at the prior means, mixed form, strips (28.0, 36.0) MHz",DIAGNOSTIC
P_4154_175mW_130C,mu3@0.5,3.88172e-08,,MHz^3,"estimator on the archive grid against the direct truncated moment -1.38792e-06 of the same de-baselined line on a 10x finer grid, both self-centred, scaled error 6.00e-05. the bare model's truncated moment is -1.36633e-06, so the strip baseline's bias at this window is +1.405e-06 (+5.91e-05 in units of k2^(n/2), the odd orders of a symmetric line being zero)","noiseless, truth 42.38 um at the prior means, mixed form, strips (28.0, 36.0) MHz",DIAGNOSTIC
P_4154_175mW_130C,mu4@0.5,0.0123603,,MHz^4,"estimator on the archive grid against the direct truncated moment 0.0123616 of the same de-baselined line on a 10x finer grid, both self-centred, scaled error 1.83e-04. the bare model's truncated moment is 0.0123623, so the strip baseline's bias at this window is -2.045e-06 (-0.0165 per cent)","noiseless, truth 42.38 um at the prior means, mixed form, strips (28.0, 36.0) MHz",DIAGNOSTIC
P_4154_175mW_130C,mu5@0.5,1.07257e-08,,MHz^5,"estimator on the archive grid against the direct truncated moment -2.05382e-07 of the same de-baselined line on a 10x finer grid, both self-centred, scaled error 1.10e-04. the bare model's truncated moment is -1.97425e-07, so the strip baseline's bias at this window is +2.082e-07 (+0.000106 in units of k2^(n/2), the odd orders of a symmetric line being zero)","noiseless, truth 42.38 um at the prior means, mixed form, strips (28.0, 36.0) MHz",DIAGNOSTIC
P_4154_175mW_130C,mu6@0.5,0.00220308,,MHz^6,"estimator on the archive grid against the direct truncated moment 0.00220355 of the same de-baselined line on a 10x finer grid, both self-centred, scaled error 8.35e-04. the bare model's truncated moment is 0.00220371, so the strip baseline's bias at this window is -6.36e-07 (-0.0289 per cent)","noiseless, truth 42.38 um at the prior means, mixed form, strips (28.0, 36.0) MHz",DIAGNOSTIC
P_4154_175mW_130C,mu7@0.5,2.47491e-09,,MHz^7,"estimator on the archive grid against the direct truncated moment -2.8609e-08 of the same de-baselined line on a 10x finer grid, both self-centred, scaled error 1.91e-04. the bare model's truncated moment is -2.59598e-08, so the strip baseline's bias at this window is +2.843e-08 (+0.000175 in units of k2^(n/2), the odd orders of a symmetric line being zero)","noiseless, truth 42.38 um at the prior means, mixed form, strips (28.0, 36.0) MHz",DIAGNOSTIC
P_4154_175mW_130C,mu2@1,0.323282,,MHz^2,"estimator on the archive grid against the direct truncated moment 0.323285 of the same de-baselined line on a 10x finer grid, both self-centred, scaled error 7.91e-06. the bare model's truncated moment is 0.323344, so the strip baseline's bias at this window is -6.146e-05 (-0.019 per cent)","noiseless, truth 42.38 um at the prior means, mixed form, strips (28.0, 36.0) MHz",DIAGNOSTIC
P_4154_175mW_130C,mu3@1,7.01518e-07,,MHz^3,"estimator on the archive grid against the direct truncated moment 1.84342e-07 of the same de-baselined line on a 10x finer grid, both self-centred, scaled error 2.81e-06. the bare model's truncated moment is 1.63121e-07, so the strip baseline's bias at this window is +5.384e-07 (+2.93e-06 in units of k2^(n/2), the odd orders of a symmetric line being zero)","noiseless, truth 42.38 um at the prior means, mixed form, strips (28.0, 36.0) MHz",DIAGNOSTIC
P_4154_175mW_130C,mu4@1,0.191454,,MHz^4,"estimator on the archive grid against the direct truncated moment 0.191458 of the same de-baselined line on a 10x finer grid, both self-centred, scaled error 4.01e-05. the bare model's truncated moment is 0.191508, so the strip baseline's bias at this window is -5.429e-05 (-0.0283 per cent)","noiseless, truth 42.38 um at the prior means, mixed form, strips (28.0, 36.0) MHz",DIAGNOSTIC
P_4154_175mW_130C,mu5@1,6.4871e-07,,MHz^5,"estimator on the archive grid against the direct truncated moment 8.69894e-07 of the same de-baselined line on a 10x finer grid, both self-centred, scaled error 3.72e-06. the bare model's truncated moment is 8.17674e-07, so the strip baseline's bias at this window is -1.69e-07 (-2.84e-06 in units of k2^(n/2), the odd orders of a symmetric line being zero)","noiseless, truth 42.38 um at the prior means, mixed form, strips (28.0, 36.0) MHz",DIAGNOSTIC
P_4154_175mW_130C,mu6@1,0.135771,,MHz^6,"estimator on the archive grid against the direct truncated moment 0.135777 of the same de-baselined line on a 10x finer grid, both self-centred, scaled error 1.74e-04. the bare model's truncated moment is 0.135819, so the strip baseline's bias at this window is -4.742e-05 (-0.0349 per cent)","noiseless, truth 42.38 um at the prior means, mixed form, strips (28.0, 36.0) MHz",DIAGNOSTIC
P_4154_175mW_130C,mu7@1,5.40165e-07,,MHz^7,"estimator on the archive grid against the direct truncated moment 1.54705e-06 of the same de-baselined line on a 10x finer grid, both self-centred, scaled error 5.24e-05. the bare model's truncated moment is 1.46052e-06, so the strip baseline's bias at this window is -9.204e-07 (-4.79e-05 in units of k2^(n/2), the odd orders of a symmetric line being zero)","noiseless, truth 42.38 um at the prior means, mixed form, strips (28.0, 36.0) MHz",DIAGNOSTIC
P_4154_175mW_130C,mu2@2,1.19282,,MHz^2,"estimator on the archive grid against the direct truncated moment 1.19281 of the same de-baselined line on a 10x finer grid, both self-centred, scaled error 7.44e-06. the bare model's truncated moment is 1.19372, so the strip baseline's bias at this window is -0.0008985 (-0.0753 per cent)","noiseless, truth 42.38 um at the prior means, mixed form, strips (28.0, 36.0) MHz",DIAGNOSTIC
P_4154_175mW_130C,mu3@2,-3.92911e-06,,MHz^3,"estimator on the archive grid against the direct truncated moment -9.47572e-06 of the same de-baselined line on a 10x finer grid, both self-centred, scaled error 4.26e-06. the bare model's truncated moment is -8.1294e-06, so the strip baseline's bias at this window is +4.2e-06 (+3.22e-06 in units of k2^(n/2), the odd orders of a symmetric line being zero)","noiseless, truth 42.38 um at the prior means, mixed form, strips (28.0, 36.0) MHz",DIAGNOSTIC
P_4154_175mW_130C,mu4@2,2.73149,,MHz^4,"estimator on the archive grid against the direct truncated moment 2.73147 of the same de-baselined line on a 10x finer grid, both self-centred, scaled error 1.73e-05. the bare model's truncated moment is 2.73449, so the strip baseline's bias at this window is -0.003001 (-0.11 per cent)","noiseless, truth 42.38 um at the prior means, mixed form, strips (28.0, 36.0) MHz",DIAGNOSTIC
P_4154_175mW_130C,mu5@2,-2.10855e-05,,MHz^5,"estimator on the archive grid against the direct truncated moment -4.05879e-05 of the same de-baselined line on a 10x finer grid, both self-centred, scaled error 1.26e-05. the bare model's truncated moment is -3.47103e-05, so the strip baseline's bias at this window is +1.362e-05 (+8.77e-06 in units of k2^(n/2), the odd orders of a symmetric line being zero)","noiseless, truth 42.38 um at the prior means, mixed form, strips (28.0, 36.0) MHz",DIAGNOSTIC
P_4154_175mW_130C,mu6@2,7.60805,,MHz^6,"estimator on the archive grid against the direct truncated moment 7.608 of the same de-baselined line on a 10x finer grid, both self-centred, scaled error 2.62e-05. the bare model's truncated moment is 7.61791, so the strip baseline's bias at this window is -0.009868 (-0.13 per cent)","noiseless, truth 42.38 um at the prior means, mixed form, strips (28.0, 36.0) MHz",DIAGNOSTIC
P_4154_175mW_130C,mu7@2,-8.60714e-05,,MHz^7,"estimator on the archive grid against the direct truncated moment -0.000154971 of the same de-baselined line on a 10x finer grid, both self-centred, scaled error 3.72e-05. the bare model's truncated moment is -0.000132579, so the strip baseline's bias at this window is +4.651e-05 (+2.51e-05 in units of k2^(n/2), the odd orders of a symmetric line being zero)","noiseless, truth 42.38 um at the prior means, mixed form, strips (28.0, 36.0) MHz",DIAGNOSTIC
P_4154_175mW_130C,mu2@3,2.40354,,MHz^2,"estimator on the archive grid against the direct truncated moment 2.4035 of the same de-baselined line on a 10x finer grid, both self-centred, scaled error 1.40e-05. the bare model's truncated moment is 2.40787, so the strip baseline's bias at this window is -0.004337 (-0.18 per cent)","noiseless, truth 42.38 um at the prior means, mixed form, strips (28.0, 36.0) MHz",DIAGNOSTIC
P_4154_175mW_130C,mu3@3,-4.2362e-05,,MHz^3,"estimator on the archive grid against the direct truncated moment -5.39011e-05 of the same de-baselined line on a 10x finer grid, both self-centred, scaled error 3.10e-06. the bare model's truncated moment is -3.95802e-05, so the strip baseline's bias at this window is -2.782e-06 (-7.47e-07 in units of k2^(n/2), the odd orders of a symmetric line being zero)","noiseless, truth 42.38 um at the prior means, mixed form, strips (28.0, 36.0) MHz",DIAGNOSTIC
P_4154_175mW_130C,mu4@3,11.8356,,MHz^4,"estimator on the archive grid against the direct truncated moment 11.8354 of the same de-baselined line on a 10x finer grid, both self-centred, scaled error 3.91e-05. the bare model's truncated moment is 11.8674, so the strip baseline's bias at this window is -0.03175 (-0.268 per cent)","noiseless, truth 42.38 um at the prior means, mixed form, strips (28.0, 36.0) MHz",DIAGNOSTIC
P_4154_175mW_130C,mu5@3,-0.000378841,,MHz^5,"estimator on the archive grid against the direct truncated moment -0.000494617 of the same de-baselined line on a 10x finer grid, both self-centred, scaled error 1.29e-05. the bare model's truncated moment is -0.000358312, so the strip baseline's bias at this window is -2.053e-05 (-2.29e-06 in units of k2^(n/2), the odd orders of a symmetric line being zero)","noiseless, truth 42.38 um at the prior means, mixed form, strips (28.0, 36.0) MHz",DIAGNOSTIC
P_4154_175mW_130C,mu6@3,72.4495,,MHz^6,"estimator on the archive grid against the direct truncated moment 72.448 of the same de-baselined line on a 10x finer grid, both self-centred, scaled error 1.10e-04. the bare model's truncated moment is 72.6802, so the strip baseline's bias at this window is -0.2307 (-0.317 per cent)","noiseless, truth 42.38 um at the prior means, mixed form, strips (28.0, 36.0) MHz",DIAGNOSTIC
P_4154_175mW_130C,mu7@3,-0.00294713,,MHz^7,"estimator on the archive grid against the direct truncated moment -0.0041511 of the same de-baselined line on a 10x finer grid, both self-centred, scaled error 5.59e-05. the bare model's truncated moment is -0.00300802, so the strip baseline's bias at this window is +6.089e-05 (+2.83e-06 in units of k2^(n/2), the odd orders of a symmetric line being zero)","noiseless, truth 42.38 um at the prior means, mixed form, strips (28.0, 36.0) MHz",DIAGNOSTIC
P_4154_175mW_130C,mu2@5,5.19512,,MHz^2,"estimator on the archive grid against the direct truncated moment 5.195 of the same de-baselined line on a 10x finer grid, both self-centred, scaled error 2.30e-05. the bare model's truncated moment is 5.22497, so the strip baseline's bias at this window is -0.02985 (-0.571 per cent)","noiseless, truth 42.38 um at the prior means, mixed form, strips (28.0, 36.0) MHz",DIAGNOSTIC
P_4154_175mW_130C,mu3@5,-0.00042798,,MHz^3,"estimator on the archive grid against the direct truncated moment -0.000434832 of the same de-baselined line on a 10x finer grid, both self-centred, scaled error 5.79e-07. the bare model's truncated moment is -0.000158997, so the strip baseline's bias at this window is -0.000269 (-2.27e-05 in units of k2^(n/2), the odd orders of a symmetric line being zero)","noiseless, truth 42.38 um at the prior means, mixed form, strips (28.0, 36.0) MHz",DIAGNOSTIC
P_4154_175mW_130C,mu4@5,64.3494,,MHz^4,"estimator on the archive grid against the direct truncated moment 64.3475 of the same de-baselined line on a 10x finer grid, both self-centred, scaled error 7.28e-05. the bare model's truncated moment is 64.9266, so the strip baseline's bias at this window is -0.5772 (-0.889 per cent)","noiseless, truth 42.38 um at the prior means, mixed form, strips (28.0, 36.0) MHz",DIAGNOSTIC
P_4154_175mW_130C,mu5@5,-0.0102598,,MHz^5,"estimator on the archive grid against the direct truncated moment -0.00998392 of the same de-baselined line on a 10x finer grid, both self-centred, scaled error 4.48e-06. the bare model's truncated moment is -0.00317458, so the strip baseline's bias at this window is -0.007085 (-0.000115 in units of k2^(n/2), the odd orders of a symmetric line being zero)","noiseless, truth 42.38 um at the prior means, mixed form, strips (28.0, 36.0) MHz",DIAGNOSTIC
P_4154_175mW_130C,mu6@5,1042.94,,MHz^6,"estimator on the archive grid against the direct truncated moment 1042.9 of the same de-baselined line on a 10x finer grid, both self-centred, scaled error 2.44e-04. the bare model's truncated moment is 1054.26, so the strip baseline's bias at this window is -11.32 (-1.07 per cent)","noiseless, truth 42.38 um at the prior means, mixed form, strips (28.0, 36.0) MHz",DIAGNOSTIC
P_4154_175mW_130C,mu7@5,-0.224046,,MHz^7,"estimator on the archive grid against the direct truncated moment -0.211821 of the same de-baselined line on a 10x finer grid, both self-centred, scaled error 3.83e-05. the bare model's truncated moment is -0.0611467, so the strip baseline's bias at this window is -0.1629 (-0.00051 in units of k2^(n/2), the odd orders of a symmetric line being zero)","noiseless, truth 42.38 um at the prior means, mixed form, strips (28.0, 36.0) MHz",DIAGNOSTIC
P_4154_175mW_130C,mu2@8,9.30587,,MHz^2,"estimator on the archive grid against the direct truncated moment 9.30566 of the same de-baselined line on a 10x finer grid, both self-centred, scaled error 2.30e-05. the bare model's truncated moment is 9.467, so the strip baseline's bias at this window is -0.1611 (-1.7 per cent)","noiseless, truth 42.38 um at the prior means, mixed form, strips (28.0, 36.0) MHz",DIAGNOSTIC
P_4154_175mW_130C,mu3@8,-0.0043847,,MHz^3,"estimator on the archive grid against the direct truncated moment -0.0043892 of the same de-baselined line on a 10x finer grid, both self-centred, scaled error 1.58e-07. the bare model's truncated moment is -0.000355099, so the strip baseline's bias at this window is -0.00403 (-0.000142 in units of k2^(n/2), the odd orders of a symmetric line being zero)","noiseless, truth 42.38 um at the prior means, mixed form, strips (28.0, 36.0) MHz",DIAGNOSTIC
P_4154_175mW_130C,mu4@8,259.355,,MHz^4,"estimator on the archive grid against the direct truncated moment 259.348 of the same de-baselined line on a 10x finer grid, both self-centred, scaled error 8.18e-05. the bare model's truncated moment is 266.858, so the strip baseline's bias at this window is -7.503 (-2.81 per cent)","noiseless, truth 42.38 um at the prior means, mixed form, strips (28.0, 36.0) MHz",DIAGNOSTIC
P_4154_175mW_130C,mu5@8,-0.252888,,MHz^5,"estimator on the archive grid against the direct truncated moment -0.251726 of the same de-baselined line on a 10x finer grid, both self-centred, scaled error 4.40e-06. the bare model's truncated moment is -0.0140851, so the strip baseline's bias at this window is -0.2388 (-0.000904 in units of k2^(n/2), the odd orders of a symmetric line being zero)","noiseless, truth 42.38 um at the prior means, mixed form, strips (28.0, 36.0) MHz",DIAGNOSTIC
P_4154_175mW_130C,mu6@8,10204.4,,MHz^6,"estimator on the archive grid against the direct truncated moment 10204.1 of the same de-baselined line on a 10x finer grid, both self-centred, scaled error 3.56e-04. the bare model's truncated moment is 10569.6, so the strip baseline's bias at this window is -365.2 (-3.46 per cent)","noiseless, truth 42.38 um at the prior means, mixed form, strips (28.0, 36.0) MHz",DIAGNOSTIC
P_4154_175mW_130C,mu7@8,-13.6528,,MHz^7,"estimator on the archive grid against the direct truncated moment -13.539 of the same de-baselined line on a 10x finer grid, both self-centred, scaled error 4.63e-05. the bare model's truncated moment is -0.595899, so the strip baseline's bias at this window is -13.06 (-0.00531 in units of k2^(n/2), the odd orders of a symmetric line being zero)","noiseless, truth 42.38 um at the prior means, mixed form, strips (28.0, 36.0) MHz",DIAGNOSTIC
P_4154_175mW_130C,mu2@13,15.3436,,MHz^2,"estimator on the archive grid against the direct truncated moment 15.3432 of the same de-baselined line on a 10x finer grid, both self-centred, scaled error 2.60e-05. the bare model's truncated moment is 16.1731, so the strip baseline's bias at this window is -0.8296 (-5.13 per cent)","noiseless, truth 42.38 um at the prior means, mixed form, strips (28.0, 36.0) MHz",DIAGNOSTIC
P_4154_175mW_130C,mu3@13,-0.0583582,,MHz^3,"estimator on the archive grid against the direct truncated moment -0.0584332 of the same de-baselined line on a 10x finer grid, both self-centred, scaled error 1.25e-06. the bare model's truncated moment is -0.000528402, so the strip baseline's bias at this window is -0.05783 (-0.000962 in units of k2^(n/2), the odd orders of a symmetric line being zero)","noiseless, truth 42.38 um at the prior means, mixed form, strips (28.0, 36.0) MHz",DIAGNOSTIC
P_4154_175mW_130C,mu4@13,979.1,,MHz^4,"estimator on the archive grid against the direct truncated moment 979.068 of the same de-baselined line on a 10x finer grid, both self-centred, scaled error 1.34e-04. the bare model's truncated moment is 1074.9, so the strip baseline's bias at this window is -95.8 (-8.91 per cent)","noiseless, truth 42.38 um at the prior means, mixed form, strips (28.0, 36.0) MHz",DIAGNOSTIC
P_4154_175mW_130C,mu5@13,-8.35717,,MHz^5,"estimator on the archive grid against the direct truncated moment -8.36538 of the same de-baselined line on a 10x finer grid, both self-centred, scaled error 8.91e-06. the bare model's truncated moment is -0.0377679, so the strip baseline's bias at this window is -8.319 (-0.00902 in units of k2^(n/2), the odd orders of a symmetric line being zero)","noiseless, truth 42.38 um at the prior means, mixed form, strips (28.0, 36.0) MHz",DIAGNOSTIC
P_4154_175mW_130C,mu6@13,97322.1,,MHz^6,"estimator on the archive grid against the direct truncated moment 97318.6 of the same de-baselined line on a 10x finer grid, both self-centred, scaled error 9.61e-04. the bare model's truncated moment is 109310, so the strip baseline's bias at this window is -1.199e+04 (-11 per cent)","noiseless, truth 42.38 um at the prior means, mixed form, strips (28.0, 36.0) MHz",DIAGNOSTIC
P_4154_175mW_130C,mu7@13,-1155.95,,MHz^7,"estimator on the archive grid against the direct truncated moment -1157.07 of the same de-baselined line on a 10x finer grid, both self-centred, scaled error 7.86e-05. the bare model's truncated moment is -3.51969, so the strip baseline's bias at this window is -1152 (-0.0815 in units of k2^(n/2), the odd orders of a symmetric line being zero)","noiseless, truth 42.38 um at the prior means, mixed form, strips (28.0, 36.0) MHz",DIAGNOSTIC
P_4154_175mW_130C,mu2@21,22.727,,MHz^2,"estimator on the archive grid against the direct truncated moment 22.726 of the same de-baselined line on a 10x finer grid, both self-centred, scaled error 4.65e-05. the bare model's truncated moment is 26.6252, so the strip baseline's bias at this window is -3.898 (-14.6 per cent)","noiseless, truth 42.38 um at the prior means, mixed form, strips (28.0, 36.0) MHz",DIAGNOSTIC
P_4154_175mW_130C,mu3@21,-0.731094,,MHz^3,"estimator on the archive grid against the direct truncated moment -0.731534 of the same de-baselined line on a 10x finer grid, both self-centred, scaled error 4.06e-06. the bare model's truncated moment is -0.000623734, so the strip baseline's bias at this window is -0.7305 (-0.00674 in units of k2^(n/2), the odd orders of a symmetric line being zero)","noiseless, truth 42.38 um at the prior means, mixed form, strips (28.0, 36.0) MHz",DIAGNOSTIC
P_4154_175mW_130C,mu4@21,3178.48,,MHz^4,"estimator on the archive grid against the direct truncated moment 3178.22 of the same de-baselined line on a 10x finer grid, both self-centred, scaled error 4.87e-04. the bare model's truncated moment is 4298.91, so the strip baseline's bias at this window is -1120 (-26.1 per cent)","noiseless, truth 42.38 um at the prior means, mixed form, strips (28.0, 36.0) MHz",DIAGNOSTIC
P_4154_175mW_130C,mu5@21,-257.434,,MHz^5,"estimator on the archive grid against the direct truncated moment -257.578 of the same de-baselined line on a 10x finer grid, both self-centred, scaled error 5.87e-05. the bare model's truncated moment is -0.0710167, so the strip baseline's bias at this window is -257.4 (-0.105 in units of k2^(n/2), the odd orders of a symmetric line being zero)","noiseless, truth 42.38 um at the prior means, mixed form, strips (28.0, 36.0) MHz",DIAGNOSTIC
P_4154_175mW_130C,mu6@21,774665,,MHz^6,"estimator on the archive grid against the direct truncated moment 774587 of the same de-baselined line on a 10x finer grid, both self-centred, scaled error 6.65e-03. the bare model's truncated moment is 1.13471e+06, so the strip baseline's bias at this window is -3.6e+05 (-31.7 per cent)","noiseless, truth 42.38 um at the prior means, mixed form, strips (28.0, 36.0) MHz. REFUSED from the vector: unresolved at the archive's sampling",DIAGNOSTIC
P_4154_175mW_130C,mu7@21,-90839,,MHz^7,"estimator on the archive grid against the direct truncated moment -90889.4 of the same de-baselined line on a 10x finer grid, both self-centred, scaled error 9.02e-04. the bare model's truncated moment is -13.6, so the strip baseline's bias at this window is -9.083e+04 (-1.62 in units of k2^(n/2), the odd orders of a symmetric line being zero)","noiseless, truth 42.38 um at the prior means, mixed form, strips (28.0, 36.0) MHz",DIAGNOSTIC
P_4154_225mW_130C,mu2@0.5,0.0827154,,MHz^2,"estimator on the archive grid against the direct truncated moment 0.0827177 of the same de-baselined line on a 10x finer grid, both self-centred, scaled error 2.77e-05. the bare model's truncated moment is 0.0827215, so the strip baseline's bias at this window is -6.054e-06 (-0.00732 per cent)","noiseless, truth 42.38 um at the prior means, mixed form, strips (28.0, 36.0) MHz",DIAGNOSTIC
P_4154_225mW_130C,mu3@0.5,5.30182e-09,,MHz^3,"estimator on the archive grid against the direct truncated moment 1.55538e-06 of the same de-baselined line on a 10x finer grid, both self-centred, scaled error 6.52e-05. the bare model's truncated moment is 1.58848e-06, so the strip baseline's bias at this window is -1.583e-06 (-6.65e-05 in units of k2^(n/2), the odd orders of a symmetric line being zero)","noiseless, truth 42.38 um at the prior means, mixed form, strips (28.0, 36.0) MHz",DIAGNOSTIC
P_4154_225mW_130C,mu4@0.5,0.0123679,,MHz^4,"estimator on the archive grid against the direct truncated moment 0.0123691 of the same de-baselined line on a 10x finer grid, both self-centred, scaled error 1.77e-04. the bare model's truncated moment is 0.0123699, so the strip baseline's bias at this window is -2.02e-06 (-0.0163 per cent)","noiseless, truth 42.38 um at the prior means, mixed form, strips (28.0, 36.0) MHz",DIAGNOSTIC
P_4154_225mW_130C,mu5@0.5,1.74714e-09,,MHz^5,"estimator on the archive grid against the direct truncated moment 2.47023e-07 of the same de-baselined line on a 10x finer grid, both self-centred, scaled error 1.25e-04. the bare model's truncated moment is 2.56045e-07, so the strip baseline's bias at this window is -2.543e-07 (-0.000129 in units of k2^(n/2), the odd orders of a symmetric line being zero)","noiseless, truth 42.38 um at the prior means, mixed form, strips (28.0, 36.0) MHz",DIAGNOSTIC
P_4154_225mW_130C,mu6@0.5,0.00220465,,MHz^6,"estimator on the archive grid against the direct truncated moment 0.00220511 of the same de-baselined line on a 10x finer grid, both self-centred, scaled error 8.21e-04. the bare model's truncated moment is 0.00220528, so the strip baseline's bias at this window is -6.326e-07 (-0.0287 per cent)","noiseless, truth 42.38 um at the prior means, mixed form, strips (28.0, 36.0) MHz",DIAGNOSTIC
P_4154_225mW_130C,mu7@0.5,4.67696e-10,,MHz^7,"estimator on the archive grid against the direct truncated moment 4.00806e-08 of the same de-baselined line on a 10x finer grid, both self-centred, scaled error 2.43e-04. the bare model's truncated moment is 4.26687e-08, so the strip baseline's bias at this window is -4.22e-08 (-0.000259 in units of k2^(n/2), the odd orders of a symmetric line being zero)","noiseless, truth 42.38 um at the prior means, mixed form, strips (28.0, 36.0) MHz",DIAGNOSTIC
P_4154_225mW_130C,mu2@1,0.3238,,MHz^2,"estimator on the archive grid against the direct truncated moment 0.323802 of the same de-baselined line on a 10x finer grid, both self-centred, scaled error 5.75e-06. the bare model's truncated moment is 0.323861, so the strip baseline's bias at this window is -6.136e-05 (-0.0189 per cent)","noiseless, truth 42.38 um at the prior means, mixed form, strips (28.0, 36.0) MHz",DIAGNOSTIC
P_4154_225mW_130C,mu3@1,5.20981e-07,,MHz^3,"estimator on the archive grid against the direct truncated moment -9.78386e-07 of the same de-baselined line on a 10x finer grid, both self-centred, scaled error 8.14e-06. the bare model's truncated moment is -9.89757e-07, so the strip baseline's bias at this window is +1.511e-06 (+8.2e-06 in units of k2^(n/2), the odd orders of a symmetric line being zero)","noiseless, truth 42.38 um at the prior means, mixed form, strips (28.0, 36.0) MHz",DIAGNOSTIC
P_4154_225mW_130C,mu4@1,0.19189,,MHz^4,"estimator on the archive grid against the direct truncated moment 0.191894 of the same de-baselined line on a 10x finer grid, both self-centred, scaled error 3.50e-05. the bare model's truncated moment is 0.191944, so the strip baseline's bias at this window is -5.426e-05 (-0.0283 per cent)","noiseless, truth 42.38 um at the prior means, mixed form, strips (28.0, 36.0) MHz",DIAGNOSTIC
P_4154_225mW_130C,mu5@1,4.80853e-07,,MHz^5,"estimator on the archive grid against the direct truncated moment -1.87863e-06 of the same de-baselined line on a 10x finer grid, both self-centred, scaled error 3.95e-05. the bare model's truncated moment is -1.94077e-06, so the strip baseline's bias at this window is +2.422e-06 (+4.06e-05 in units of k2^(n/2), the odd orders of a symmetric line being zero)","noiseless, truth 42.38 um at the prior means, mixed form, strips (28.0, 36.0) MHz",DIAGNOSTIC
P_4154_225mW_130C,mu6@1,0.136131,,MHz^6,"estimator on the archive grid against the direct truncated moment 0.136136 of the same de-baselined line on a 10x finer grid, both self-centred, scaled error 1.60e-04. the bare model's truncated moment is 0.136178, so the strip baseline's bias at this window is -4.736e-05 (-0.0348 per cent)","noiseless, truth 42.38 um at the prior means, mixed form, strips (28.0, 36.0) MHz",DIAGNOSTIC
P_4154_225mW_130C,mu7@1,3.91029e-07,,MHz^7,"estimator on the archive grid against the direct truncated moment -2.64464e-06 of the same de-baselined line on a 10x finer grid, both self-centred, scaled error 1.57e-04. the bare model's truncated moment is -2.75894e-06, so the strip baseline's bias at this window is +3.15e-06 (+0.000163 in units of k2^(n/2), the odd orders of a symmetric line being zero)","noiseless, truth 42.38 um at the prior means, mixed form, strips (28.0, 36.0) MHz",DIAGNOSTIC
P_4154_225mW_130C,mu2@2,1.19909,,MHz^2,"estimator on the archive grid against the direct truncated moment 1.19908 of the same de-baselined line on a 10x finer grid, both self-centred, scaled error 7.22e-06. the bare model's truncated moment is 1.2, so the strip baseline's bias at this window is -0.0009109 (-0.0759 per cent)","noiseless, truth 42.38 um at the prior means, mixed form, strips (28.0, 36.0) MHz",DIAGNOSTIC
P_4154_225mW_130C,mu3@2,-9.62728e-06,,MHz^3,"estimator on the archive grid against the direct truncated moment -1.52039e-05 of the same de-baselined line on a 10x finer grid, both self-centred, scaled error 4.25e-06. the bare model's truncated moment is -1.34333e-05, so the strip baseline's bias at this window is +3.806e-06 (+2.9e-06 in units of k2^(n/2), the odd orders of a symmetric line being zero)","noiseless, truth 42.38 um at the prior means, mixed form, strips (28.0, 36.0) MHz",DIAGNOSTIC
P_4154_225mW_130C,mu4@2,2.75178,,MHz^4,"estimator on the archive grid against the direct truncated moment 2.75176 of the same de-baselined line on a 10x finer grid, both self-centred, scaled error 1.55e-05. the bare model's truncated moment is 2.75483, so the strip baseline's bias at this window is -0.003048 (-0.111 per cent)","noiseless, truth 42.38 um at the prior means, mixed form, strips (28.0, 36.0) MHz",DIAGNOSTIC
P_4154_225mW_130C,mu5@2,-4.50456e-05,,MHz^5,"estimator on the archive grid against the direct truncated moment -6.13165e-05 of the same de-baselined line on a 10x finer grid, both self-centred, scaled error 1.03e-05. the bare model's truncated moment is -5.35607e-05, so the strip baseline's bias at this window is +8.515e-06 (+5.41e-06 in units of k2^(n/2), the odd orders of a symmetric line being zero)","noiseless, truth 42.38 um at the prior means, mixed form, strips (28.0, 36.0) MHz",DIAGNOSTIC
P_4154_225mW_130C,mu6@2,7.67328,,MHz^6,"estimator on the archive grid against the direct truncated moment 7.67324 of the same de-baselined line on a 10x finer grid, both self-centred, scaled error 1.96e-05. the bare model's truncated moment is 7.68331, so the strip baseline's bias at this window is -0.01003 (-0.131 per cent)","noiseless, truth 42.38 um at the prior means, mixed form, strips (28.0, 36.0) MHz",DIAGNOSTIC
P_4154_225mW_130C,mu7@2,-0.000174327,,MHz^7,"estimator on the archive grid against the direct truncated moment -0.000216123 of the same de-baselined line on a 10x finer grid, both self-centred, scaled error 2.21e-05. the bare model's truncated moment is -0.000186468, so the strip baseline's bias at this window is +1.214e-05 (+6.43e-06 in units of k2^(n/2), the odd orders of a symmetric line being zero)","noiseless, truth 42.38 um at the prior means, mixed form, strips (28.0, 36.0) MHz",DIAGNOSTIC
P_4154_225mW_130C,mu2@3,2.42606,,MHz^2,"estimator on the archive grid against the direct truncated moment 2.42603 of the same de-baselined line on a 10x finer grid, both self-centred, scaled error 1.41e-05. the bare model's truncated moment is 2.43047, so the strip baseline's bias at this window is -0.004407 (-0.181 per cent)","noiseless, truth 42.38 um at the prior means, mixed form, strips (28.0, 36.0) MHz",DIAGNOSTIC
P_4154_225mW_130C,mu3@3,-7.72984e-05,,MHz^3,"estimator on the archive grid against the direct truncated moment -8.64929e-05 of the same de-baselined line on a 10x finer grid, both self-centred, scaled error 2.43e-06. the bare model's truncated moment is -6.77328e-05, so the strip baseline's bias at this window is -9.566e-06 (-2.53e-06 in units of k2^(n/2), the odd orders of a symmetric line being zero)","noiseless, truth 42.38 um at the prior means, mixed form, strips (28.0, 36.0) MHz",DIAGNOSTIC
P_4154_225mW_130C,mu4@3,11.9913,,MHz^4,"estimator on the archive grid against the direct truncated moment 11.991 of the same de-baselined line on a 10x finer grid, both self-centred, scaled error 3.94e-05. the bare model's truncated moment is 12.0236, so the strip baseline's bias at this window is -0.03234 (-0.269 per cent)","noiseless, truth 42.38 um at the prior means, mixed form, strips (28.0, 36.0) MHz",DIAGNOSTIC
P_4154_225mW_130C,mu5@3,-0.000688295,,MHz^5,"estimator on the archive grid against the direct truncated moment -0.000743728 of the same de-baselined line on a 10x finer grid, both self-centred, scaled error 6.05e-06. the bare model's truncated moment is -0.000564384, so the strip baseline's bias at this window is -0.0001239 (-1.35e-05 in units of k2^(n/2), the odd orders of a symmetric line being zero)","noiseless, truth 42.38 um at the prior means, mixed form, strips (28.0, 36.0) MHz",DIAGNOSTIC
P_4154_225mW_130C,mu6@3,73.5407,,MHz^6,"estimator on the archive grid against the direct truncated moment 73.5392 of the same de-baselined line on a 10x finer grid, both self-centred, scaled error 1.10e-04. the bare model's truncated moment is 73.776, so the strip baseline's bias at this window is -0.2352 (-0.319 per cent)","noiseless, truth 42.38 um at the prior means, mixed form, strips (28.0, 36.0) MHz",DIAGNOSTIC
P_4154_225mW_130C,mu7@3,-0.00540134,,MHz^7,"estimator on the archive grid against the direct truncated moment -0.00571433 of the same de-baselined line on a 10x finer grid, both self-centred, scaled error 1.41e-05. the bare model's truncated moment is -0.00420376, so the strip baseline's bias at this window is -0.001198 (-5.38e-05 in units of k2^(n/2), the odd orders of a symmetric line being zero)","noiseless, truth 42.38 um at the prior means, mixed form, strips (28.0, 36.0) MHz",DIAGNOSTIC
P_4154_225mW_130C,mu2@5,5.28099,,MHz^2,"estimator on the archive grid against the direct truncated moment 5.28088 of the same de-baselined line on a 10x finer grid, both self-centred, scaled error 2.19e-05. the bare model's truncated moment is 5.31146, so the strip baseline's bias at this window is -0.03047 (-0.574 per cent)","noiseless, truth 42.38 um at the prior means, mixed form, strips (28.0, 36.0) MHz",DIAGNOSTIC
P_4154_225mW_130C,mu3@5,-0.000659504,,MHz^3,"estimator on the archive grid against the direct truncated moment -0.000664409 of the same de-baselined line on a 10x finer grid, both self-centred, scaled error 4.04e-07. the bare model's truncated moment is -0.00030516, so the strip baseline's bias at this window is -0.0003543 (-2.92e-05 in units of k2^(n/2), the odd orders of a symmetric line being zero)","noiseless, truth 42.38 um at the prior means, mixed form, strips (28.0, 36.0) MHz",DIAGNOSTIC
P_4154_225mW_130C,mu4@5,65.8239,,MHz^4,"estimator on the archive grid against the direct truncated moment 65.822 of the same de-baselined line on a 10x finer grid, both self-centred, scaled error 6.75e-05. the bare model's truncated moment is 66.4149, so the strip baseline's bias at this window is -0.5911 (-0.89 per cent)","noiseless, truth 42.38 um at the prior means, mixed form, strips (28.0, 36.0) MHz",DIAGNOSTIC
P_4154_225mW_130C,mu5@5,-0.0154597,,MHz^5,"estimator on the archive grid against the direct truncated moment -0.0150794 of the same de-baselined line on a 10x finer grid, both self-centred, scaled error 5.93e-06. the bare model's truncated moment is -0.00618307, so the strip baseline's bias at this window is -0.009277 (-0.000145 in units of k2^(n/2), the odd orders of a symmetric line being zero)","noiseless, truth 42.38 um at the prior means, mixed form, strips (28.0, 36.0) MHz",DIAGNOSTIC
P_4154_225mW_130C,mu6@5,1069.9,,MHz^6,"estimator on the archive grid against the direct truncated moment 1069.87 of the same de-baselined line on a 10x finer grid, both self-centred, scaled error 2.22e-04. the bare model's truncated moment is 1081.52, so the strip baseline's bias at this window is -11.61 (-1.07 per cent)","noiseless, truth 42.38 um at the prior means, mixed form, strips (28.0, 36.0) MHz",DIAGNOSTIC
P_4154_225mW_130C,mu7@5,-0.332916,,MHz^7,"estimator on the archive grid against the direct truncated moment -0.317817 of the same de-baselined line on a 10x finer grid, both self-centred, scaled error 4.46e-05. the bare model's truncated moment is -0.120613, so the strip baseline's bias at this window is -0.2123 (-0.000627 in units of k2^(n/2), the odd orders of a symmetric line being zero)","noiseless, truth 42.38 um at the prior means, mixed form, strips (28.0, 36.0) MHz",DIAGNOSTIC
P_4154_225mW_130C,mu2@8,9.52387,,MHz^2,"estimator on the archive grid against the direct truncated moment 9.52366 of the same de-baselined line on a 10x finer grid, both self-centred, scaled error 2.24e-05. the bare model's truncated moment is 9.68914, so the strip baseline's bias at this window is -0.1653 (-1.71 per cent)","noiseless, truth 42.38 um at the prior means, mixed form, strips (28.0, 36.0) MHz",DIAGNOSTIC
P_4154_225mW_130C,mu3@8,-0.00596458,,MHz^3,"estimator on the archive grid against the direct truncated moment -0.00596699 of the same de-baselined line on a 10x finer grid, both self-centred, scaled error 8.19e-08. the bare model's truncated moment is -0.000699688, so the strip baseline's bias at this window is -0.005265 (-0.000179 in units of k2^(n/2), the odd orders of a symmetric line being zero)","noiseless, truth 42.38 um at the prior means, mixed form, strips (28.0, 36.0) MHz",DIAGNOSTIC
P_4154_225mW_130C,mu4@8,267.572,,MHz^4,"estimator on the archive grid against the direct truncated moment 267.565 of the same de-baselined line on a 10x finer grid, both self-centred, scaled error 7.83e-05. the bare model's truncated moment is 275.294, so the strip baseline's bias at this window is -7.722 (-2.81 per cent)","noiseless, truth 42.38 um at the prior means, mixed form, strips (28.0, 36.0) MHz",DIAGNOSTIC
P_4154_225mW_130C,mu5@8,-0.341311,,MHz^5,"estimator on the archive grid against the direct truncated moment -0.339938 of the same de-baselined line on a 10x finer grid, both self-centred, scaled error 4.90e-06. the bare model's truncated moment is -0.0284164, so the strip baseline's bias at this window is -0.3129 (-0.00112 in units of k2^(n/2), the odd orders of a symmetric line being zero)","noiseless, truth 42.38 um at the prior means, mixed form, strips (28.0, 36.0) MHz",DIAGNOSTIC
P_4154_225mW_130C,mu6@8,10559.8,,MHz^6,"estimator on the archive grid against the direct truncated moment 10559.6 of the same de-baselined line on a 10x finer grid, both self-centred, scaled error 3.34e-04. the bare model's truncated moment is 10936.3, so the strip baseline's bias at this window is -376.5 (-3.44 per cent)","noiseless, truth 42.38 um at the prior means, mixed form, strips (28.0, 36.0) MHz",DIAGNOSTIC
P_4154_225mW_130C,mu7@8,-18.3578,,MHz^7,"estimator on the archive grid against the direct truncated moment -18.2326 of the same de-baselined line on a 10x finer grid, both self-centred, scaled error 4.70e-05. the bare model's truncated moment is -1.2309, so the strip baseline's bias at this window is -17.13 (-0.00642 in units of k2^(n/2), the odd orders of a symmetric line being zero)","noiseless, truth 42.38 um at the prior means, mixed form, strips (28.0, 36.0) MHz",DIAGNOSTIC
P_4154_225mW_130C,mu2@13,15.7831,,MHz^2,"estimator on the archive grid against the direct truncated moment 15.7827 of the same de-baselined line on a 10x finer grid, both self-centred, scaled error 2.56e-05. the bare model's truncated moment is 16.6378, so the strip baseline's bias at this window is -0.8547 (-5.14 per cent)","noiseless, truth 42.38 um at the prior means, mixed form, strips (28.0, 36.0) MHz",DIAGNOSTIC
P_4154_225mW_130C,mu3@13,-0.0769309,,MHz^3,"estimator on the archive grid against the direct truncated moment -0.0770194 of the same de-baselined line on a 10x finer grid, both self-centred, scaled error 1.41e-06. the bare model's truncated moment is -0.00105519, so the strip baseline's bias at this window is -0.07588 (-0.00121 in units of k2^(n/2), the odd orders of a symmetric line being zero)","noiseless, truth 42.38 um at the prior means, mixed form, strips (28.0, 36.0) MHz",DIAGNOSTIC
P_4154_225mW_130C,mu4@13,1015.11,,MHz^4,"estimator on the archive grid against the direct truncated moment 1015.08 of the same de-baselined line on a 10x finer grid, both self-centred, scaled error 1.31e-04. the bare model's truncated moment is 1114.13, so the strip baseline's bias at this window is -99.02 (-8.89 per cent)","noiseless, truth 42.38 um at the prior means, mixed form, strips (28.0, 36.0) MHz",DIAGNOSTIC
P_4154_225mW_130C,mu5@13,-11.0343,,MHz^5,"estimator on the archive grid against the direct truncated moment -11.0446 of the same de-baselined line on a 10x finer grid, both self-centred, scaled error 1.04e-05. the bare model's truncated moment is -0.0764892, so the strip baseline's bias at this window is -10.96 (-0.0111 in units of k2^(n/2), the odd orders of a symmetric line being zero)","noiseless, truth 42.38 um at the prior means, mixed form, strips (28.0, 36.0) MHz",DIAGNOSTIC
P_4154_225mW_130C,mu6@13,101104,,MHz^6,"estimator on the archive grid against the direct truncated moment 101101 of the same de-baselined line on a 10x finer grid, both self-centred, scaled error 9.15e-04. the bare model's truncated moment is 113510, so the strip baseline's bias at this window is -1.241e+04 (-10.9 per cent)","noiseless, truth 42.38 um at the prior means, mixed form, strips (28.0, 36.0) MHz",DIAGNOSTIC
P_4154_225mW_130C,mu7@13,-1527.61,,MHz^7,"estimator on the archive grid against the direct truncated moment -1529.05 of the same de-baselined line on a 10x finer grid, both self-centred, scaled error 9.24e-05. the bare model's truncated moment is -7.05104, so the strip baseline's bias at this window is -1521 (-0.0974 in units of k2^(n/2), the odd orders of a symmetric line being zero)","noiseless, truth 42.38 um at the prior means, mixed form, strips (28.0, 36.0) MHz",DIAGNOSTIC
P_4154_225mW_130C,mu2@21,23.4456,,MHz^2,"estimator on the archive grid against the direct truncated moment 23.4445 of the same de-baselined line on a 10x finer grid, both self-centred, scaled error 4.64e-05. the bare model's truncated moment is 27.4753, so the strip baseline's bias at this window is -4.03 (-14.7 per cent)","noiseless, truth 42.38 um at the prior means, mixed form, strips (28.0, 36.0) MHz",DIAGNOSTIC
P_4154_225mW_130C,mu3@21,-0.963279,,MHz^3,"estimator on the archive grid against the direct truncated moment -0.963842 of the same de-baselined line on a 10x finer grid, both self-centred, scaled error 4.96e-06. the bare model's truncated moment is -0.00125798, so the strip baseline's bias at this window is -0.962 (-0.00847 in units of k2^(n/2), the odd orders of a symmetric line being zero)","noiseless, truth 42.38 um at the prior means, mixed form, strips (28.0, 36.0) MHz",DIAGNOSTIC
P_4154_225mW_130C,mu4@21,3300.62,,MHz^4,"estimator on the archive grid against the direct truncated moment 3300.36 of the same de-baselined line on a 10x finer grid, both self-centred, scaled error 4.76e-04. the bare model's truncated moment is 4461.62, so the strip baseline's bias at this window is -1161 (-26 per cent)","noiseless, truth 42.38 um at the prior means, mixed form, strips (28.0, 36.0) MHz",DIAGNOSTIC
P_4154_225mW_130C,mu5@21,-340.131,,MHz^5,"estimator on the archive grid against the direct truncated moment -340.318 of the same de-baselined line on a 10x finer grid, both self-centred, scaled error 7.04e-05. the bare model's truncated moment is -0.148862, so the strip baseline's bias at this window is -340 (-0.128 in units of k2^(n/2), the odd orders of a symmetric line being zero)","noiseless, truth 42.38 um at the prior means, mixed form, strips (28.0, 36.0) MHz",DIAGNOSTIC
P_4154_225mW_130C,mu6@21,805226,,MHz^6,"estimator on the archive grid against the direct truncated moment 805145 of the same de-baselined line on a 10x finer grid, both self-centred, scaled error 6.30e-03. the bare model's truncated moment is 1.17859e+06, so the strip baseline's bias at this window is -3.734e+05 (-31.7 per cent)","noiseless, truth 42.38 um at the prior means, mixed form, strips (28.0, 36.0) MHz. REFUSED from the vector: unresolved at the archive's sampling",DIAGNOSTIC
P_4154_225mW_130C,mu7@21,-120141,,MHz^7,"estimator on the archive grid against the direct truncated moment -120206 of the same de-baselined line on a 10x finer grid, both self-centred, scaled error 1.05e-03. the bare model's truncated moment is -29.7928, so the strip baseline's bias at this window is -1.201e+05 (-1.93 in units of k2^(n/2), the odd orders of a symmetric line being zero)","noiseless, truth 42.38 um at the prior means, mixed form, strips (28.0, 36.0) MHz. REFUSED from the vector: unresolved at the archive's sampling",DIAGNOSTIC
P_4154_25mW_130C,mu2@0.5,0.0826184,,MHz^2,"estimator on the archive grid against the direct truncated moment 0.0826198 of the same de-baselined line on a 10x finer grid, both self-centred, scaled error 1.67e-05. the bare model's truncated moment is 0.0826234, so the strip baseline's bias at this window is -5.031e-06 (-0.00609 per cent)","noiseless, truth 42.38 um at the prior means, mixed form, strips (28.0, 36.0) MHz",DIAGNOSTIC
P_4154_25mW_130C,mu3@0.5,2.1685e-09,,MHz^3,"estimator on the archive grid against the direct truncated moment 3.1208e-06 of the same de-baselined line on a 10x finer grid, both self-centred, scaled error 1.31e-04. the bare model's truncated moment is 3.1279e-06, so the strip baseline's bias at this window is -3.126e-06 (-0.000132 in units of k2^(n/2), the odd orders of a symmetric line being zero)","noiseless, truth 42.38 um at the prior means, mixed form, strips (28.0, 36.0) MHz",DIAGNOSTIC
P_4154_25mW_130C,mu4@0.5,0.0123472,,MHz^4,"estimator on the archive grid against the direct truncated moment 0.012348 of the same de-baselined line on a 10x finer grid, both self-centred, scaled error 1.18e-04. the bare model's truncated moment is 0.0123487, so the strip baseline's bias at this window is -1.585e-06 (-0.0128 per cent)","noiseless, truth 42.38 um at the prior means, mixed form, strips (28.0, 36.0) MHz",DIAGNOSTIC
P_4154_25mW_130C,mu5@0.5,7.39521e-10,,MHz^5,"estimator on the archive grid against the direct truncated moment 3.74945e-07 of the same de-baselined line on a 10x finer grid, both self-centred, scaled error 1.91e-04. the bare model's truncated moment is 3.74311e-07, so the strip baseline's bias at this window is -3.736e-07 (-0.00019 in units of k2^(n/2), the odd orders of a symmetric line being zero)","noiseless, truth 42.38 um at the prior means, mixed form, strips (28.0, 36.0) MHz",DIAGNOSTIC
P_4154_25mW_130C,mu6@0.5,0.00220035,,MHz^6,"estimator on the archive grid against the direct truncated moment 0.00220067 of the same de-baselined line on a 10x finer grid, both self-centred, scaled error 5.65e-04. the bare model's truncated moment is 0.00220083, so the strip baseline's bias at this window is -4.792e-07 (-0.0218 per cent)","noiseless, truth 42.38 um at the prior means, mixed form, strips (28.0, 36.0) MHz",DIAGNOSTIC
P_4154_25mW_130C,mu7@0.5,2.01897e-10,,MHz^7,"estimator on the archive grid against the direct truncated moment 2.4079e-08 of the same de-baselined line on a 10x finer grid, both self-centred, scaled error 1.47e-04. the bare model's truncated moment is 2.34398e-08, so the strip baseline's bias at this window is -2.324e-08 (-0.000143 in units of k2^(n/2), the odd orders of a symmetric line being zero)","noiseless, truth 42.38 um at the prior means, mixed form, strips (28.0, 36.0) MHz",DIAGNOSTIC
P_4154_25mW_130C,mu2@1,0.32238,,MHz^2,"estimator on the archive grid against the direct truncated moment 0.322378 of the same de-baselined line on a 10x finer grid, both self-centred, scaled error 7.79e-06. the bare model's truncated moment is 0.322436, so the strip baseline's bias at this window is -5.544e-05 (-0.0172 per cent)","noiseless, truth 42.38 um at the prior means, mixed form, strips (28.0, 36.0) MHz",DIAGNOSTIC
P_4154_25mW_130C,mu3@1,1.23631e-08,,MHz^3,"estimator on the archive grid against the direct truncated moment -2.81049e-07 of the same de-baselined line on a 10x finer grid, both self-centred, scaled error 1.60e-06. the bare model's truncated moment is -2.69235e-07, so the strip baseline's bias at this window is +2.816e-07 (+1.54e-06 in units of k2^(n/2), the odd orders of a symmetric line being zero)","noiseless, truth 42.38 um at the prior means, mixed form, strips (28.0, 36.0) MHz",DIAGNOSTIC
P_4154_25mW_130C,mu4@1,0.190694,,MHz^4,"estimator on the archive grid against the direct truncated moment 0.190694 of the same de-baselined line on a 10x finer grid, both self-centred, scaled error 5.48e-07. the bare model's truncated moment is 0.190744, so the strip baseline's bias at this window is -4.929e-05 (-0.0258 per cent)","noiseless, truth 42.38 um at the prior means, mixed form, strips (28.0, 36.0) MHz",DIAGNOSTIC
P_4154_25mW_130C,mu5@1,2.73632e-08,,MHz^5,"estimator on the archive grid against the direct truncated moment -1.03286e-06 of the same de-baselined line on a 10x finer grid, both self-centred, scaled error 1.80e-05. the bare model's truncated moment is -1.02848e-06, so the strip baseline's bias at this window is +1.056e-06 (+1.79e-05 in units of k2^(n/2), the odd orders of a symmetric line being zero)","noiseless, truth 42.38 um at the prior means, mixed form, strips (28.0, 36.0) MHz",DIAGNOSTIC
P_4154_25mW_130C,mu6@1,0.135146,,MHz^6,"estimator on the archive grid against the direct truncated moment 0.135148 of the same de-baselined line on a 10x finer grid, both self-centred, scaled error 7.55e-05. the bare model's truncated moment is 0.135189, so the strip baseline's bias at this window is -4.333e-05 (-0.032 per cent)","noiseless, truth 42.38 um at the prior means, mixed form, strips (28.0, 36.0) MHz",DIAGNOSTIC
P_4154_25mW_130C,mu7@1,3.87094e-08,,MHz^7,"estimator on the archive grid against the direct truncated moment -1.71083e-06 of the same de-baselined line on a 10x finer grid, both self-centred, scaled error 9.20e-05. the bare model's truncated moment is -1.71247e-06, so the strip baseline's bias at this window is +1.751e-06 (+9.21e-05 in units of k2^(n/2), the odd orders of a symmetric line being zero)","noiseless, truth 42.38 um at the prior means, mixed form, strips (28.0, 36.0) MHz",DIAGNOSTIC
P_4154_25mW_130C,mu2@2,1.18205,,MHz^2,"estimator on the archive grid against the direct truncated moment 1.18203 of the same de-baselined line on a 10x finer grid, both self-centred, scaled error 1.90e-05. the bare model's truncated moment is 1.18292, so the strip baseline's bias at this window is -0.0008658 (-0.0732 per cent)","noiseless, truth 42.38 um at the prior means, mixed form, strips (28.0, 36.0) MHz",DIAGNOSTIC
P_4154_25mW_130C,mu3@2,-8.44361e-07,,MHz^3,"estimator on the archive grid against the direct truncated moment 2.26722e-07 of the same de-baselined line on a 10x finer grid, both self-centred, scaled error 8.33e-07. the bare model's truncated moment is 4.11567e-07, so the strip baseline's bias at this window is -1.256e-06 (-9.77e-07 in units of k2^(n/2), the odd orders of a symmetric line being zero)","noiseless, truth 42.38 um at the prior means, mixed form, strips (28.0, 36.0) MHz",DIAGNOSTIC
P_4154_25mW_130C,mu4@2,2.69678,,MHz^4,"estimator on the archive grid against the direct truncated moment 2.69673 of the same de-baselined line on a 10x finer grid, both self-centred, scaled error 3.94e-05. the bare model's truncated moment is 2.69968, so the strip baseline's bias at this window is -0.0029 (-0.107 per cent)","noiseless, truth 42.38 um at the prior means, mixed form, strips (28.0, 36.0) MHz",DIAGNOSTIC
P_4154_25mW_130C,mu5@2,-2.96915e-06,,MHz^5,"estimator on the archive grid against the direct truncated moment 2.30703e-06 of the same de-baselined line on a 10x finer grid, both self-centred, scaled error 3.47e-06. the bare model's truncated moment is 3.11493e-06, so the strip baseline's bias at this window is -6.084e-06 (-4.01e-06 in units of k2^(n/2), the odd orders of a symmetric line being zero)","noiseless, truth 42.38 um at the prior means, mixed form, strips (28.0, 36.0) MHz",DIAGNOSTIC
P_4154_25mW_130C,mu6@2,7.49669,,MHz^6,"estimator on the archive grid against the direct truncated moment 7.49657 of the same de-baselined line on a 10x finer grid, both self-centred, scaled error 7.34e-05. the bare model's truncated moment is 7.50624, so the strip baseline's bias at this window is -0.009544 (-0.127 per cent)","noiseless, truth 42.38 um at the prior means, mixed form, strips (28.0, 36.0) MHz",DIAGNOSTIC
P_4154_25mW_130C,mu7@2,-9.21405e-06,,MHz^7,"estimator on the archive grid against the direct truncated moment 1.50427e-05 of the same de-baselined line on a 10x finer grid, both self-centred, scaled error 1.35e-05. the bare model's truncated moment is 1.81264e-05, so the strip baseline's bias at this window is -2.734e-05 (-1.52e-05 in units of k2^(n/2), the odd orders of a symmetric line being zero)","noiseless, truth 42.38 um at the prior means, mixed form, strips (28.0, 36.0) MHz",DIAGNOSTIC
P_4154_25mW_130C,mu2@3,2.3655,,MHz^2,"estimator on the archive grid against the direct truncated moment 2.36543 of the same de-baselined line on a 10x finer grid, both self-centred, scaled error 2.80e-05. the bare model's truncated moment is 2.36969, so the strip baseline's bias at this window is -0.004192 (-0.177 per cent)","noiseless, truth 42.38 um at the prior means, mixed form, strips (28.0, 36.0) MHz",DIAGNOSTIC
P_4154_25mW_130C,mu3@3,-3.27637e-06,,MHz^3,"estimator on the archive grid against the direct truncated moment -2.90143e-07 of the same de-baselined line on a 10x finer grid, both self-centred, scaled error 8.21e-07. the bare model's truncated moment is 1.70939e-06, so the strip baseline's bias at this window is -4.986e-06 (-1.37e-06 in units of k2^(n/2), the odd orders of a symmetric line being zero)","noiseless, truth 42.38 um at the prior means, mixed form, strips (28.0, 36.0) MHz",DIAGNOSTIC
P_4154_25mW_130C,mu4@3,11.5745,,MHz^4,"estimator on the archive grid against the direct truncated moment 11.5741 of the same de-baselined line on a 10x finer grid, both self-centred, scaled error 7.61e-05. the bare model's truncated moment is 11.6051, so the strip baseline's bias at this window is -0.03062 (-0.264 per cent)","noiseless, truth 42.38 um at the prior means, mixed form, strips (28.0, 36.0) MHz",DIAGNOSTIC
P_4154_25mW_130C,mu5@3,-2.71318e-05,,MHz^5,"estimator on the archive grid against the direct truncated moment 1.29968e-05 of the same de-baselined line on a 10x finer grid, both self-centred, scaled error 4.66e-06. the bare model's truncated moment is 3.20672e-05, so the strip baseline's bias at this window is -5.92e-05 (-6.88e-06 in units of k2^(n/2), the odd orders of a symmetric line being zero)","noiseless, truth 42.38 um at the prior means, mixed form, strips (28.0, 36.0) MHz",DIAGNOSTIC
P_4154_25mW_130C,mu6@3,70.6248,,MHz^6,"estimator on the archive grid against the direct truncated moment 70.6219 of the same de-baselined line on a 10x finer grid, both self-centred, scaled error 2.19e-04. the bare model's truncated moment is 70.8469, so the strip baseline's bias at this window is -0.222 (-0.313 per cent)","noiseless, truth 42.38 um at the prior means, mixed form, strips (28.0, 36.0) MHz",DIAGNOSTIC
P_4154_25mW_130C,mu7@3,-0.000209127,,MHz^7,"estimator on the archive grid against the direct truncated moment 0.000282576 of the same de-baselined line on a 10x finer grid, both self-centred, scaled error 2.42e-05. the bare model's truncated moment is 0.000443143, so the strip baseline's bias at this window is -0.0006523 (-3.2e-05 in units of k2^(n/2), the odd orders of a symmetric line being zero)","noiseless, truth 42.38 um at the prior means, mixed form, strips (28.0, 36.0) MHz",DIAGNOSTIC
P_4154_25mW_130C,mu2@5,5.05325,,MHz^2,"estimator on the archive grid against the direct truncated moment 5.0531 of the same de-baselined line on a 10x finer grid, both self-centred, scaled error 2.93e-05. the bare model's truncated moment is 5.08209, so the strip baseline's bias at this window is -0.02883 (-0.567 per cent)","noiseless, truth 42.38 um at the prior means, mixed form, strips (28.0, 36.0) MHz",DIAGNOSTIC
P_4154_25mW_130C,mu3@5,-3.88269e-05,,MHz^3,"estimator on the archive grid against the direct truncated moment -3.80952e-05 of the same de-baselined line on a 10x finer grid, both self-centred, scaled error 6.44e-08. the bare model's truncated moment is 3.29183e-07, so the strip baseline's bias at this window is -3.916e-05 (-3.45e-06 in units of k2^(n/2), the odd orders of a symmetric line being zero)","noiseless, truth 42.38 um at the prior means, mixed form, strips (28.0, 36.0) MHz",DIAGNOSTIC
P_4154_25mW_130C,mu4@5,61.9364,,MHz^4,"estimator on the archive grid against the direct truncated moment 61.9343 of the same de-baselined line on a 10x finer grid, both self-centred, scaled error 8.43e-05. the bare model's truncated moment is 62.4915, so the strip baseline's bias at this window is -0.5551 (-0.888 per cent)","noiseless, truth 42.38 um at the prior means, mixed form, strips (28.0, 36.0) MHz",DIAGNOSTIC
P_4154_25mW_130C,mu5@5,-0.000878568,,MHz^5,"estimator on the archive grid against the direct truncated moment -0.000941892 of the same de-baselined line on a 10x finer grid, both self-centred, scaled error 1.10e-06. the bare model's truncated moment is 1.63236e-06, so the strip baseline's bias at this window is -0.0008802 (-1.53e-05 in units of k2^(n/2), the odd orders of a symmetric line being zero)","noiseless, truth 42.38 um at the prior means, mixed form, strips (28.0, 36.0) MHz",DIAGNOSTIC
P_4154_25mW_130C,mu6@5,999.024,,MHz^6,"estimator on the archive grid against the direct truncated moment 998.987 of the same de-baselined line on a 10x finer grid, both self-centred, scaled error 2.82e-04. the bare model's truncated moment is 1009.88, so the strip baseline's bias at this window is -10.86 (-1.08 per cent)","noiseless, truth 42.38 um at the prior means, mixed form, strips (28.0, 36.0) MHz",DIAGNOSTIC
P_4154_25mW_130C,mu7@5,-0.0183984,,MHz^7,"estimator on the archive grid against the direct truncated moment -0.0209719 of the same de-baselined line on a 10x finer grid, both self-centred, scaled error 8.87e-06. the bare model's truncated moment is -0.000161684, so the strip baseline's bias at this window is -0.01824 (-6.29e-05 in units of k2^(n/2), the odd orders of a symmetric line being zero)","noiseless, truth 42.38 um at the prior means, mixed form, strips (28.0, 36.0) MHz",DIAGNOSTIC
P_4154_25mW_130C,mu2@8,8.95275,,MHz^2,"estimator on the archive grid against the direct truncated moment 8.9524 of the same de-baselined line on a 10x finer grid, both self-centred, scaled error 3.93e-05. the bare model's truncated moment is 9.10723, so the strip baseline's bias at this window is -0.1545 (-1.7 per cent)","noiseless, truth 42.38 um at the prior means, mixed form, strips (28.0, 36.0) MHz",DIAGNOSTIC
P_4154_25mW_130C,mu3@8,-0.000560549,,MHz^3,"estimator on the archive grid against the direct truncated moment -0.000559809 of the same de-baselined line on a 10x finer grid, both self-centred, scaled error 2.76e-08. the bare model's truncated moment is 2.75719e-07, so the strip baseline's bias at this window is -0.0005608 (-2.09e-05 in units of k2^(n/2), the odd orders of a symmetric line being zero)","noiseless, truth 42.38 um at the prior means, mixed form, strips (28.0, 36.0) MHz",DIAGNOSTIC
P_4154_25mW_130C,mu4@8,246.214,,MHz^4,"estimator on the archive grid against the direct truncated moment 246.201 of the same de-baselined line on a 10x finer grid, both self-centred, scaled error 1.56e-04. the bare model's truncated moment is 253.367, so the strip baseline's bias at this window is -7.153 (-2.82 per cent)","noiseless, truth 42.38 um at the prior means, mixed form, strips (28.0, 36.0) MHz",DIAGNOSTIC
P_4154_25mW_130C,mu5@8,-0.0326136,,MHz^5,"estimator on the archive grid against the direct truncated moment -0.0328202 of the same de-baselined line on a 10x finer grid, both self-centred, scaled error 8.62e-07. the bare model's truncated moment is -4.61015e-05, so the strip baseline's bias at this window is -0.03257 (-0.000136 in units of k2^(n/2), the odd orders of a symmetric line being zero)","noiseless, truth 42.38 um at the prior means, mixed form, strips (28.0, 36.0) MHz",DIAGNOSTIC
P_4154_25mW_130C,mu6@8,9639.32,,MHz^6,"estimator on the archive grid against the direct truncated moment 9638.78 of the same de-baselined line on a 10x finer grid, both self-centred, scaled error 7.57e-04. the bare model's truncated moment is 9986.57, so the strip baseline's bias at this window is -347.2 (-3.48 per cent)","noiseless, truth 42.38 um at the prior means, mixed form, strips (28.0, 36.0) MHz",DIAGNOSTIC
P_4154_25mW_130C,mu7@8,-1.76534,,MHz^7,"estimator on the archive grid against the direct truncated moment -1.78569 of the same de-baselined line on a 10x finer grid, both self-centred, scaled error 9.48e-06. the bare model's truncated moment is -0.00700272, so the strip baseline's bias at this window is -1.758 (-0.000819 in units of k2^(n/2), the odd orders of a symmetric line being zero)","noiseless, truth 42.38 um at the prior means, mixed form, strips (28.0, 36.0) MHz",DIAGNOSTIC
P_4154_25mW_130C,mu2@13,14.6424,,MHz^2,"estimator on the archive grid against the direct truncated moment 14.6414 of the same de-baselined line on a 10x finer grid, both self-centred, scaled error 7.02e-05. the bare model's truncated moment is 15.432, so the strip baseline's bias at this window is -0.7896 (-5.12 per cent)","noiseless, truth 42.38 um at the prior means, mixed form, strips (28.0, 36.0) MHz",DIAGNOSTIC
P_4154_25mW_130C,mu3@13,-0.00797142,,MHz^3,"estimator on the archive grid against the direct truncated moment -0.00797978 of the same de-baselined line on a 10x finer grid, both self-centred, scaled error 1.49e-07. the bare model's truncated moment is 1.02378e-06, so the strip baseline's bias at this window is -0.007972 (-0.000142 in units of k2^(n/2), the odd orders of a symmetric line being zero)","noiseless, truth 42.38 um at the prior means, mixed form, strips (28.0, 36.0) MHz",DIAGNOSTIC
P_4154_25mW_130C,mu4@13,922.475,,MHz^4,"estimator on the archive grid against the direct truncated moment 922.374 of the same de-baselined line on a 10x finer grid, both self-centred, scaled error 4.72e-04. the bare model's truncated moment is 1013.2, so the strip baseline's bias at this window is -90.73 (-8.95 per cent)","noiseless, truth 42.38 um at the prior means, mixed form, strips (28.0, 36.0) MHz",DIAGNOSTIC
P_4154_25mW_130C,mu5@13,-1.13868,,MHz^5,"estimator on the archive grid against the direct truncated moment -1.14036 of the same de-baselined line on a 10x finer grid, both self-centred, scaled error 2.05e-06. the bare model's truncated moment is 0.000253899, so the strip baseline's bias at this window is -1.139 (-0.00139 in units of k2^(n/2), the odd orders of a symmetric line being zero)","noiseless, truth 42.38 um at the prior means, mixed form, strips (28.0, 36.0) MHz",DIAGNOSTIC
P_4154_25mW_130C,mu6@13,91406.2,,MHz^6,"estimator on the archive grid against the direct truncated moment 91394.2 of the same de-baselined line on a 10x finer grid, both self-centred, scaled error 3.85e-03. the bare model's truncated moment is 102737, so the strip baseline's bias at this window is -1.133e+04 (-11 per cent)","noiseless, truth 42.38 um at the prior means, mixed form, strips (28.0, 36.0) MHz. REFUSED from the vector: unresolved at the archive's sampling",DIAGNOSTIC
P_4154_25mW_130C,mu7@13,-157.281,,MHz^7,"estimator on the archive grid against the direct truncated moment -157.519 of the same de-baselined line on a 10x finer grid, both self-centred, scaled error 1.98e-05. the bare model's truncated moment is 0.0673328, so the strip baseline's bias at this window is -157.3 (-0.0131 in units of k2^(n/2), the odd orders of a symmetric line being zero)","noiseless, truth 42.38 um at the prior means, mixed form, strips (28.0, 36.0) MHz",DIAGNOSTIC
P_4154_25mW_130C,mu2@21,21.5909,,MHz^2,"estimator on the archive grid against the direct truncated moment 21.587 of the same de-baselined line on a 10x finer grid, both self-centred, scaled error 1.82e-04. the bare model's truncated moment is 25.2816, so the strip baseline's bias at this window is -3.691 (-14.6 per cent)","noiseless, truth 42.38 um at the prior means, mixed form, strips (28.0, 36.0) MHz",DIAGNOSTIC
P_4154_25mW_130C,mu3@21,-0.0999242,,MHz^3,"estimator on the archive grid against the direct truncated moment -0.100109 of the same de-baselined line on a 10x finer grid, both self-centred, scaled error 1.85e-06. the bare model's truncated moment is 5.40186e-07, so the strip baseline's bias at this window is -0.09992 (-0.000996 in units of k2^(n/2), the odd orders of a symmetric line being zero)","noiseless, truth 42.38 um at the prior means, mixed form, strips (28.0, 36.0) MHz",DIAGNOSTIC
P_4154_25mW_130C,mu4@21,2987.92,,MHz^4,"estimator on the archive grid against the direct truncated moment 2986.85 of the same de-baselined line on a 10x finer grid, both self-centred, scaled error 2.29e-03. the bare model's truncated moment is 4044.75, so the strip baseline's bias at this window is -1057 (-26.1 per cent)","noiseless, truth 42.38 um at the prior means, mixed form, strips (28.0, 36.0) MHz. REFUSED from the vector: unresolved at the archive's sampling",DIAGNOSTIC
P_4154_25mW_130C,mu5@21,-35.0305,,MHz^5,"estimator on the archive grid against the direct truncated moment -35.0971 of the same de-baselined line on a 10x finer grid, both self-centred, scaled error 3.08e-05. the bare model's truncated moment is -0.000407554, so the strip baseline's bias at this window is -35.03 (-0.0162 in units of k2^(n/2), the odd orders of a symmetric line being zero)","noiseless, truth 42.38 um at the prior means, mixed form, strips (28.0, 36.0) MHz",DIAGNOSTIC
P_4154_25mW_130C,mu6@21,727155,,MHz^6,"estimator on the archive grid against the direct truncated moment 726816 of the same de-baselined line on a 10x finer grid, both self-centred, scaled error 3.37e-02. the bare model's truncated moment is 1.06636e+06, so the strip baseline's bias at this window is -3.392e+05 (-31.8 per cent)","noiseless, truth 42.38 um at the prior means, mixed form, strips (28.0, 36.0) MHz. REFUSED from the vector: unresolved at the archive's sampling",DIAGNOSTIC
P_4154_25mW_130C,mu7@21,-12341.4,,MHz^7,"estimator on the archive grid against the direct truncated moment -12364.9 of the same de-baselined line on a 10x finer grid, both self-centred, scaled error 5.03e-04. the bare model's truncated moment is -0.366036, so the strip baseline's bias at this window is -1.234e+04 (-0.264 in units of k2^(n/2), the odd orders of a symmetric line being zero)","noiseless, truth 42.38 um at the prior means, mixed form, strips (28.0, 36.0) MHz",DIAGNOSTIC
P_4154_75mW_130C,mu2@0.5,0.0826296,,MHz^2,"estimator on the archive grid against the direct truncated moment 0.0826299 of the same de-baselined line on a 10x finer grid, both self-centred, scaled error 4.05e-06. the bare model's truncated moment is 0.0826336, so the strip baseline's bias at this window is -4.023e-06 (-0.00487 per cent)","noiseless, truth 42.38 um at the prior means, mixed form, strips (28.0, 36.0) MHz",DIAGNOSTIC
P_4154_75mW_130C,mu3@0.5,6.6656e-09,,MHz^3,"estimator on the archive grid against the direct truncated moment 8.50888e-06 of the same de-baselined line on a 10x finer grid, both self-centred, scaled error 3.58e-04. the bare model's truncated moment is 8.58962e-06, so the strip baseline's bias at this window is -8.583e-06 (-0.000361 in units of k2^(n/2), the odd orders of a symmetric line being zero)","noiseless, truth 42.38 um at the prior means, mixed form, strips (28.0, 36.0) MHz",DIAGNOSTIC
P_4154_75mW_130C,mu4@0.5,0.0123495,,MHz^4,"estimator on the archive grid against the direct truncated moment 0.0123498 of the same de-baselined line on a 10x finer grid, both self-centred, scaled error 3.65e-05. the bare model's truncated moment is 0.0123506, so the strip baseline's bias at this window is -1.04e-06 (-0.00842 per cent)","noiseless, truth 42.38 um at the prior means, mixed form, strips (28.0, 36.0) MHz",DIAGNOSTIC
P_4154_75mW_130C,mu5@0.5,2.5395e-09,,MHz^5,"estimator on the archive grid against the direct truncated moment 1.37764e-06 of the same de-baselined line on a 10x finer grid, both self-centred, scaled error 7.01e-04. the bare model's truncated moment is 1.40267e-06, so the strip baseline's bias at this window is -1.4e-06 (-0.000713 in units of k2^(n/2), the odd orders of a symmetric line being zero)","noiseless, truth 42.38 um at the prior means, mixed form, strips (28.0, 36.0) MHz",DIAGNOSTIC
P_4154_75mW_130C,mu6@0.5,0.00220084,,MHz^6,"estimator on the archive grid against the direct truncated moment 0.00220094 of the same de-baselined line on a 10x finer grid, both self-centred, scaled error 1.81e-04. the bare model's truncated moment is 0.00220111, so the strip baseline's bias at this window is -2.676e-07 (-0.0122 per cent)","noiseless, truth 42.38 um at the prior means, mixed form, strips (28.0, 36.0) MHz",DIAGNOSTIC
P_4154_75mW_130C,mu7@0.5,7.68298e-10,,MHz^7,"estimator on the archive grid against the direct truncated moment 2.30327e-07 of the same de-baselined line on a 10x finer grid, both self-centred, scaled error 1.42e-03. the bare model's truncated moment is 2.3808e-07, so the strip baseline's bias at this window is -2.373e-07 (-0.00146 in units of k2^(n/2), the odd orders of a symmetric line being zero)","noiseless, truth 42.38 um at the prior means, mixed form, strips (28.0, 36.0) MHz. REFUSED from the vector: unresolved at the archive's sampling",DIAGNOSTIC
P_4154_75mW_130C,mu2@1,0.322544,,MHz^2,"estimator on the archive grid against the direct truncated moment 0.322541 of the same de-baselined line on a 10x finer grid, both self-centred, scaled error 9.91e-06. the bare model's truncated moment is 0.322599, so the strip baseline's bias at this window is -5.491e-05 (-0.017 per cent)","noiseless, truth 42.38 um at the prior means, mixed form, strips (28.0, 36.0) MHz",DIAGNOSTIC
P_4154_75mW_130C,mu3@1,-8.46742e-08,,MHz^3,"estimator on the archive grid against the direct truncated moment -9.52067e-07 of the same de-baselined line on a 10x finer grid, both self-centred, scaled error 4.74e-06. the bare model's truncated moment is -9.22638e-07, so the strip baseline's bias at this window is +8.38e-07 (+4.57e-06 in units of k2^(n/2), the odd orders of a symmetric line being zero)","noiseless, truth 42.38 um at the prior means, mixed form, strips (28.0, 36.0) MHz",DIAGNOSTIC
P_4154_75mW_130C,mu4@1,0.190832,,MHz^4,"estimator on the archive grid against the direct truncated moment 0.19083 of the same de-baselined line on a 10x finer grid, both self-centred, scaled error 1.43e-05. the bare model's truncated moment is 0.19088, so the strip baseline's bias at this window is -4.787e-05 (-0.0251 per cent)","noiseless, truth 42.38 um at the prior means, mixed form, strips (28.0, 36.0) MHz",DIAGNOSTIC
P_4154_75mW_130C,mu5@1,-8.02097e-08,,MHz^5,"estimator on the archive grid against the direct truncated moment -3.08702e-06 of the same de-baselined line on a 10x finer grid, both self-centred, scaled error 5.09e-05. the bare model's truncated moment is -3.07887e-06, so the strip baseline's bias at this window is +2.999e-06 (+5.08e-05 in units of k2^(n/2), the odd orders of a symmetric line being zero)","noiseless, truth 42.38 um at the prior means, mixed form, strips (28.0, 36.0) MHz",DIAGNOSTIC
P_4154_75mW_130C,mu6@1,0.135259,,MHz^6,"estimator on the archive grid against the direct truncated moment 0.135259 of the same de-baselined line on a 10x finer grid, both self-centred, scaled error 3.83e-06. the bare model's truncated moment is 0.1353, so the strip baseline's bias at this window is -4.102e-05 (-0.0303 per cent)","noiseless, truth 42.38 um at the prior means, mixed form, strips (28.0, 36.0) MHz",DIAGNOSTIC
P_4154_75mW_130C,mu7@1,-6.42503e-08,,MHz^7,"estimator on the archive grid against the direct truncated moment -5.02463e-06 of the same de-baselined line on a 10x finer grid, both self-centred, scaled error 2.60e-04. the bare model's truncated moment is -5.03419e-06, so the strip baseline's bias at this window is +4.97e-06 (+0.000261 in units of k2^(n/2), the odd orders of a symmetric line being zero)","noiseless, truth 42.38 um at the prior means, mixed form, strips (28.0, 36.0) MHz",DIAGNOSTIC
P_4154_75mW_130C,mu2@2,1.18398,,MHz^2,"estimator on the archive grid against the direct truncated moment 1.18395 of the same de-baselined line on a 10x finer grid, both self-centred, scaled error 1.88e-05. the bare model's truncated moment is 1.18485, so the strip baseline's bias at this window is -0.0008694 (-0.0734 per cent)","noiseless, truth 42.38 um at the prior means, mixed form, strips (28.0, 36.0) MHz",DIAGNOSTIC
P_4154_75mW_130C,mu3@2,-3.46751e-06,,MHz^3,"estimator on the archive grid against the direct truncated moment -2.58683e-07 of the same de-baselined line on a 10x finer grid, both self-centred, scaled error 2.49e-06. the bare model's truncated moment is 3.02697e-07, so the strip baseline's bias at this window is -3.77e-06 (-2.93e-06 in units of k2^(n/2), the odd orders of a symmetric line being zero)","noiseless, truth 42.38 um at the prior means, mixed form, strips (28.0, 36.0) MHz",DIAGNOSTIC
P_4154_75mW_130C,mu4@2,2.70297,,MHz^4,"estimator on the archive grid against the direct truncated moment 2.70292 of the same de-baselined line on a 10x finer grid, both self-centred, scaled error 4.13e-05. the bare model's truncated moment is 2.70588, so the strip baseline's bias at this window is -0.002909 (-0.108 per cent)","noiseless, truth 42.38 um at the prior means, mixed form, strips (28.0, 36.0) MHz",DIAGNOSTIC
P_4154_75mW_130C,mu5@2,-1.28516e-05,,MHz^5,"estimator on the archive grid against the direct truncated moment 2.89852e-06 of the same de-baselined line on a 10x finer grid, both self-centred, scaled error 1.03e-05. the bare model's truncated moment is 5.35312e-06, so the strip baseline's bias at this window is -1.82e-05 (-1.19e-05 in units of k2^(n/2), the odd orders of a symmetric line being zero)","noiseless, truth 42.38 um at the prior means, mixed form, strips (28.0, 36.0) MHz",DIAGNOSTIC
P_4154_75mW_130C,mu6@2,7.51653,,MHz^6,"estimator on the archive grid against the direct truncated moment 7.51638 of the same de-baselined line on a 10x finer grid, both self-centred, scaled error 8.83e-05. the bare model's truncated moment is 7.52609, so the strip baseline's bias at this window is -0.009562 (-0.127 per cent)","noiseless, truth 42.38 um at the prior means, mixed form, strips (28.0, 36.0) MHz",DIAGNOSTIC
P_4154_75mW_130C,mu7@2,-4.24185e-05,,MHz^7,"estimator on the archive grid against the direct truncated moment 2.97663e-05 of the same de-baselined line on a 10x finer grid, both self-centred, scaled error 4.00e-05. the bare model's truncated moment is 3.91409e-05, so the strip baseline's bias at this window is -8.156e-05 (-4.52e-05 in units of k2^(n/2), the odd orders of a symmetric line being zero)","noiseless, truth 42.38 um at the prior means, mixed form, strips (28.0, 36.0) MHz",DIAGNOSTIC
P_4154_75mW_130C,mu2@3,2.37224,,MHz^2,"estimator on the archive grid against the direct truncated moment 2.37218 of the same de-baselined line on a 10x finer grid, both self-centred, scaled error 2.70e-05. the bare model's truncated moment is 2.37646, so the strip baseline's bias at this window is -0.004214 (-0.177 per cent)","noiseless, truth 42.38 um at the prior means, mixed form, strips (28.0, 36.0) MHz",DIAGNOSTIC
P_4154_75mW_130C,mu3@3,-1.42804e-05,,MHz^3,"estimator on the archive grid against the direct truncated moment -7.68604e-06 of the same de-baselined line on a 10x finer grid, both self-centred, scaled error 1.80e-06. the bare model's truncated moment is -1.77984e-06, so the strip baseline's bias at this window is -1.25e-05 (-3.42e-06 in units of k2^(n/2), the odd orders of a symmetric line being zero)","noiseless, truth 42.38 um at the prior means, mixed form, strips (28.0, 36.0) MHz",DIAGNOSTIC
P_4154_75mW_130C,mu4@3,11.6206,,MHz^4,"estimator on the archive grid against the direct truncated moment 11.6202 of the same de-baselined line on a 10x finer grid, both self-centred, scaled error 7.26e-05. the bare model's truncated moment is 11.6514, so the strip baseline's bias at this window is -0.0308 (-0.264 per cent)","noiseless, truth 42.38 um at the prior means, mixed form, strips (28.0, 36.0) MHz",DIAGNOSTIC
P_4154_75mW_130C,mu5@3,-0.000121231,,MHz^5,"estimator on the archive grid against the direct truncated moment -5.04165e-05 of the same de-baselined line on a 10x finer grid, both self-centred, scaled error 8.17e-06. the bare model's truncated moment is 4.7941e-06, so the strip baseline's bias at this window is -0.000126 (-1.45e-05 in units of k2^(n/2), the odd orders of a symmetric line being zero)","noiseless, truth 42.38 um at the prior means, mixed form, strips (28.0, 36.0) MHz",DIAGNOSTIC
P_4154_75mW_130C,mu6@3,70.9468,,MHz^6,"estimator on the archive grid against the direct truncated moment 70.944 of the same de-baselined line on a 10x finer grid, both self-centred, scaled error 2.04e-04. the bare model's truncated moment is 71.1703, so the strip baseline's bias at this window is -0.2235 (-0.314 per cent)","noiseless, truth 42.38 um at the prior means, mixed form, strips (28.0, 36.0) MHz",DIAGNOSTIC
P_4154_75mW_130C,mu7@3,-0.000952031,,MHz^7,"estimator on the archive grid against the direct truncated moment -0.000197121 of the same de-baselined line on a 10x finer grid, both self-centred, scaled error 3.67e-05. the bare model's truncated moment is 0.000255588, so the strip baseline's bias at this window is -0.001208 (-5.87e-05 in units of k2^(n/2), the odd orders of a symmetric line being zero)","noiseless, truth 42.38 um at the prior means, mixed form, strips (28.0, 36.0) MHz",DIAGNOSTIC
P_4154_75mW_130C,mu2@5,5.07812,,MHz^2,"estimator on the archive grid against the direct truncated moment 5.07798 of the same de-baselined line on a 10x finer grid, both self-centred, scaled error 2.89e-05. the bare model's truncated moment is 5.10713, so the strip baseline's bias at this window is -0.02901 (-0.568 per cent)","noiseless, truth 42.38 um at the prior means, mixed form, strips (28.0, 36.0) MHz",DIAGNOSTIC
P_4154_75mW_130C,mu3@5,-0.000132175,,MHz^3,"estimator on the archive grid against the direct truncated moment -0.000131465 of the same de-baselined line on a 10x finer grid, both self-centred, scaled error 6.20e-08. the bare model's truncated moment is -1.54854e-05, so the strip baseline's bias at this window is -0.0001167 (-1.02e-05 in units of k2^(n/2), the odd orders of a symmetric line being zero)","noiseless, truth 42.38 um at the prior means, mixed form, strips (28.0, 36.0) MHz",DIAGNOSTIC
P_4154_75mW_130C,mu4@5,62.3574,,MHz^4,"estimator on the archive grid against the direct truncated moment 62.3552 of the same de-baselined line on a 10x finer grid, both self-centred, scaled error 8.35e-05. the bare model's truncated moment is 62.9163, so the strip baseline's bias at this window is -0.5589 (-0.888 per cent)","noiseless, truth 42.38 um at the prior means, mixed form, strips (28.0, 36.0) MHz",DIAGNOSTIC
P_4154_75mW_130C,mu5@5,-0.00294892,,MHz^5,"estimator on the archive grid against the direct truncated moment -0.00317765 of the same de-baselined line on a 10x finer grid, both self-centred, scaled error 3.94e-06. the bare model's truncated moment is -0.000327312, so the strip baseline's bias at this window is -0.002622 (-4.51e-05 in units of k2^(n/2), the odd orders of a symmetric line being zero)","noiseless, truth 42.38 um at the prior means, mixed form, strips (28.0, 36.0) MHz",DIAGNOSTIC
P_4154_75mW_130C,mu6@5,1006.66,,MHz^6,"estimator on the archive grid against the direct truncated moment 1006.63 of the same de-baselined line on a 10x finer grid, both self-centred, scaled error 2.80e-04. the bare model's truncated moment is 1017.6, so the strip baseline's bias at this window is -10.94 (-1.08 per cent)","noiseless, truth 42.38 um at the prior means, mixed form, strips (28.0, 36.0) MHz",DIAGNOSTIC
P_4154_75mW_130C,mu7@5,-0.0612249,,MHz^7,"estimator on the archive grid against the direct truncated moment -0.0699075 of the same de-baselined line on a 10x finer grid, both self-centred, scaled error 2.94e-05. the bare model's truncated moment is -0.00700932, so the strip baseline's bias at this window is -0.05422 (-0.000184 in units of k2^(n/2), the odd orders of a symmetric line being zero)","noiseless, truth 42.38 um at the prior means, mixed form, strips (28.0, 36.0) MHz",DIAGNOSTIC
P_4154_75mW_130C,mu2@8,9.01405,,MHz^2,"estimator on the archive grid against the direct truncated moment 9.0137 of the same de-baselined line on a 10x finer grid, both self-centred, scaled error 3.89e-05. the bare model's truncated moment is 9.16967, so the strip baseline's bias at this window is -0.1556 (-1.7 per cent)","noiseless, truth 42.38 um at the prior means, mixed form, strips (28.0, 36.0) MHz",DIAGNOSTIC
P_4154_75mW_130C,mu3@8,-0.00172562,,MHz^3,"estimator on the archive grid against the direct truncated moment -0.00172517 of the same de-baselined line on a 10x finer grid, both self-centred, scaled error 1.65e-08. the bare model's truncated moment is -3.39624e-05, so the strip baseline's bias at this window is -0.001692 (-6.25e-05 in units of k2^(n/2), the odd orders of a symmetric line being zero)","noiseless, truth 42.38 um at the prior means, mixed form, strips (28.0, 36.0) MHz",DIAGNOSTIC
P_4154_75mW_130C,mu4@8,248.48,,MHz^4,"estimator on the archive grid against the direct truncated moment 248.468 of the same de-baselined line on a 10x finer grid, both self-centred, scaled error 1.55e-04. the bare model's truncated moment is 255.693, so the strip baseline's bias at this window is -7.213 (-2.82 per cent)","noiseless, truth 42.38 um at the prior means, mixed form, strips (28.0, 36.0) MHz",DIAGNOSTIC
P_4154_75mW_130C,mu5@8,-0.0998664,,MHz^5,"estimator on the archive grid against the direct truncated moment -0.100588 of the same de-baselined line on a 10x finer grid, both self-centred, scaled error 2.96e-06. the bare model's truncated moment is -0.00151353, so the strip baseline's bias at this window is -0.09835 (-0.000403 in units of k2^(n/2), the odd orders of a symmetric line being zero)","noiseless, truth 42.38 um at the prior means, mixed form, strips (28.0, 36.0) MHz",DIAGNOSTIC
P_4154_75mW_130C,mu6@8,9736.46,,MHz^6,"estimator on the archive grid against the direct truncated moment 9735.91 of the same de-baselined line on a 10x finer grid, both self-centred, scaled error 7.47e-04. the bare model's truncated moment is 10086.8, so the strip baseline's bias at this window is -350.3 (-3.47 per cent)","noiseless, truth 42.38 um at the prior means, mixed form, strips (28.0, 36.0) MHz",DIAGNOSTIC
P_4154_75mW_130C,mu7@8,-5.39284,,MHz^7,"estimator on the archive grid against the direct truncated moment -5.45995 of the same de-baselined line on a 10x finer grid, both self-centred, scaled error 3.05e-05. the bare model's truncated moment is -0.0799103, so the strip baseline's bias at this window is -5.313 (-0.00242 in units of k2^(n/2), the odd orders of a symmetric line being zero)","noiseless, truth 42.38 um at the prior means, mixed form, strips (28.0, 36.0) MHz",DIAGNOSTIC
P_4154_75mW_130C,mu2@13,14.7632,,MHz^2,"estimator on the archive grid against the direct truncated moment 14.7622 of the same de-baselined line on a 10x finer grid, both self-centred, scaled error 7.00e-05. the bare model's truncated moment is 15.5596, so the strip baseline's bias at this window is -0.7964 (-5.12 per cent)","noiseless, truth 42.38 um at the prior means, mixed form, strips (28.0, 36.0) MHz",DIAGNOSTIC
P_4154_75mW_130C,mu3@13,-0.0241493,,MHz^3,"estimator on the archive grid against the direct truncated moment -0.0241749 of the same de-baselined line on a 10x finer grid, both self-centred, scaled error 4.52e-07. the bare model's truncated moment is -4.57949e-05, so the strip baseline's bias at this window is -0.0241 (-0.000425 in units of k2^(n/2), the odd orders of a symmetric line being zero)","noiseless, truth 42.38 um at the prior means, mixed form, strips (28.0, 36.0) MHz",DIAGNOSTIC
P_4154_75mW_130C,mu4@13,932.154,,MHz^4,"estimator on the archive grid against the direct truncated moment 932.052 of the same de-baselined line on a 10x finer grid, both self-centred, scaled error 4.68e-04. the bare model's truncated moment is 1023.75, so the strip baseline's bias at this window is -91.59 (-8.95 per cent)","noiseless, truth 42.38 um at the prior means, mixed form, strips (28.0, 36.0) MHz",DIAGNOSTIC
P_4154_75mW_130C,mu5@13,-3.44981,,MHz^5,"estimator on the archive grid against the direct truncated moment -3.45483 of the same de-baselined line on a 10x finer grid, both self-centred, scaled error 6.00e-06. the bare model's truncated moment is -0.00251626, so the strip baseline's bias at this window is -3.447 (-0.00412 in units of k2^(n/2), the odd orders of a symmetric line being zero)","noiseless, truth 42.38 um at the prior means, mixed form, strips (28.0, 36.0) MHz",DIAGNOSTIC
P_4154_75mW_130C,mu6@13,92414.6,,MHz^6,"estimator on the archive grid against the direct truncated moment 92402.5 of the same de-baselined line on a 10x finer grid, both self-centred, scaled error 3.79e-03. the bare model's truncated moment is 103857, so the strip baseline's bias at this window is -1.144e+04 (-11 per cent)","noiseless, truth 42.38 um at the prior means, mixed form, strips (28.0, 36.0) MHz. REFUSED from the vector: unresolved at the archive's sampling",DIAGNOSTIC
P_4154_75mW_130C,mu7@13,-476.568,,MHz^7,"estimator on the archive grid against the direct truncated moment -477.272 of the same de-baselined line on a 10x finer grid, both self-centred, scaled error 5.70e-05. the bare model's truncated moment is -0.0846016, so the strip baseline's bias at this window is -476.5 (-0.0385 in units of k2^(n/2), the odd orders of a symmetric line being zero)","noiseless, truth 42.38 um at the prior means, mixed form, strips (28.0, 36.0) MHz",DIAGNOSTIC
P_4154_75mW_130C,mu2@21,21.7857,,MHz^2,"estimator on the archive grid against the direct truncated moment 21.7818 of the same de-baselined line on a 10x finer grid, both self-centred, scaled error 1.82e-04. the bare model's truncated moment is 25.5118, so the strip baseline's bias at this window is -3.726 (-14.6 per cent)","noiseless, truth 42.38 um at the prior means, mixed form, strips (28.0, 36.0) MHz",DIAGNOSTIC
P_4154_75mW_130C,mu3@21,-0.30249,,MHz^3,"estimator on the archive grid against the direct truncated moment -0.303052 of the same de-baselined line on a 10x finer grid, both self-centred, scaled error 5.53e-06. the bare model's truncated moment is -5.56418e-05, so the strip baseline's bias at this window is -0.3024 (-0.00298 in units of k2^(n/2), the odd orders of a symmetric line being zero)","noiseless, truth 42.38 um at the prior means, mixed form, strips (28.0, 36.0) MHz",DIAGNOSTIC
P_4154_75mW_130C,mu4@21,3020.38,,MHz^4,"estimator on the archive grid against the direct truncated moment 3019.3 of the same de-baselined line on a 10x finer grid, both self-centred, scaled error 2.27e-03. the bare model's truncated moment is 4088.02, so the strip baseline's bias at this window is -1068 (-26.1 per cent)","noiseless, truth 42.38 um at the prior means, mixed form, strips (28.0, 36.0) MHz. REFUSED from the vector: unresolved at the archive's sampling",DIAGNOSTIC
P_4154_75mW_130C,mu5@21,-106.12,,MHz^5,"estimator on the archive grid against the direct truncated moment -106.322 of the same de-baselined line on a 10x finer grid, both self-centred, scaled error 9.12e-05. the bare model's truncated moment is -0.00640592, so the strip baseline's bias at this window is -106.1 (-0.0479 in units of k2^(n/2), the odd orders of a symmetric line being zero)","noiseless, truth 42.38 um at the prior means, mixed form, strips (28.0, 36.0) MHz",DIAGNOSTIC
P_4154_75mW_130C,mu6@21,735234,,MHz^6,"estimator on the archive grid against the direct truncated moment 734892 of the same de-baselined line on a 10x finer grid, both self-centred, scaled error 3.32e-02. the bare model's truncated moment is 1.07798e+06, so the strip baseline's bias at this window is -3.427e+05 (-31.8 per cent)","noiseless, truth 42.38 um at the prior means, mixed form, strips (28.0, 36.0) MHz. REFUSED from the vector: unresolved at the archive's sampling",DIAGNOSTIC
P_4154_75mW_130C,mu7@21,-37396.6,,MHz^7,"estimator on the archive grid against the direct truncated moment -37467.9 of the same de-baselined line on a 10x finer grid, both self-centred, scaled error 1.48e-03. the bare model's truncated moment is -1.40401, so the strip baseline's bias at this window is -3.74e+04 (-0.775 in units of k2^(n/2), the odd orders of a symmetric line being zero)","noiseless, truth 42.38 um at the prior means, mixed form, strips (28.0, 36.0) MHz. REFUSED from the vector: unresolved at the archive's sampling",DIAGNOSTIC
P_4192_125mW_130C,mu2@0.5,0.082648,,MHz^2,"estimator on the archive grid against the direct truncated moment 0.0826501 of the same de-baselined line on a 10x finer grid, both self-centred, scaled error 2.63e-05. the bare model's truncated moment is 0.0826538, so the strip baseline's bias at this window is -5.874e-06 (-0.00711 per cent)","noiseless, truth 42.38 um at the prior means, mixed form, strips (28.0, 36.0) MHz",DIAGNOSTIC
P_4192_125mW_130C,mu3@0.5,2.9854e-08,,MHz^3,"estimator on the archive grid against the direct truncated moment -6.32419e-06 of the same de-baselined line on a 10x finer grid, both self-centred, scaled error 2.67e-04. the bare model's truncated moment is -6.30535e-06, so the strip baseline's bias at this window is +6.335e-06 (+0.000267 in units of k2^(n/2), the odd orders of a symmetric line being zero)","noiseless, truth 42.38 um at the prior means, mixed form, strips (28.0, 36.0) MHz",DIAGNOSTIC
P_4192_125mW_130C,mu4@0.5,0.0123535,,MHz^4,"estimator on the archive grid against the direct truncated moment 0.0123546 of the same de-baselined line on a 10x finer grid, both self-centred, scaled error 1.61e-04. the bare model's truncated moment is 0.0123553, so the strip baseline's bias at this window is -1.89e-06 (-0.0153 per cent)","noiseless, truth 42.38 um at the prior means, mixed form, strips (28.0, 36.0) MHz",DIAGNOSTIC
P_4192_125mW_130C,mu5@0.5,7.96713e-09,,MHz^5,"estimator on the archive grid against the direct truncated moment -1.14169e-06 of the same de-baselined line on a 10x finer grid, both self-centred, scaled error 5.85e-04. the bare model's truncated moment is -1.12993e-06, so the strip baseline's bias at this window is +1.138e-06 (+0.000579 in units of k2^(n/2), the odd orders of a symmetric line being zero)","noiseless, truth 42.38 um at the prior means, mixed form, strips (28.0, 36.0) MHz",DIAGNOSTIC
P_4192_125mW_130C,mu6@0.5,0.00220166,,MHz^6,"estimator on the archive grid against the direct truncated moment 0.00220207 of the same de-baselined line on a 10x finer grid, both self-centred, scaled error 7.33e-04. the bare model's truncated moment is 0.00220224, so the strip baseline's bias at this window is -5.79e-07 (-0.0263 per cent)","noiseless, truth 42.38 um at the prior means, mixed form, strips (28.0, 36.0) MHz",DIAGNOSTIC
P_4192_125mW_130C,mu7@0.5,1.83984e-09,,MHz^7,"estimator on the archive grid against the direct truncated moment -2.26045e-07 of the same de-baselined line on a 10x finer grid, both self-centred, scaled error 1.40e-03. the bare model's truncated moment is -2.21488e-07, so the strip baseline's bias at this window is +2.233e-07 (+0.00138 in units of k2^(n/2), the odd orders of a symmetric line being zero)","noiseless, truth 42.38 um at the prior means, mixed form, strips (28.0, 36.0) MHz. REFUSED from the vector: unresolved at the archive's sampling",DIAGNOSTIC
P_4192_125mW_130C,mu2@1,0.322813,,MHz^2,"estimator on the archive grid against the direct truncated moment 0.322815 of the same de-baselined line on a 10x finer grid, both self-centred, scaled error 5.73e-06. the bare model's truncated moment is 0.322873, so the strip baseline's bias at this window is -6.027e-05 (-0.0187 per cent)","noiseless, truth 42.38 um at the prior means, mixed form, strips (28.0, 36.0) MHz",DIAGNOSTIC
P_4192_125mW_130C,mu3@1,2.35028e-07,,MHz^3,"estimator on the archive grid against the direct truncated moment -9.52999e-07 of the same de-baselined line on a 10x finer grid, both self-centred, scaled error 6.48e-06. the bare model's truncated moment is -9.74577e-07, so the strip baseline's bias at this window is +1.21e-06 (+6.59e-06 in units of k2^(n/2), the odd orders of a symmetric line being zero)","noiseless, truth 42.38 um at the prior means, mixed form, strips (28.0, 36.0) MHz",DIAGNOSTIC
P_4192_125mW_130C,mu4@1,0.191058,,MHz^4,"estimator on the archive grid against the direct truncated moment 0.191063 of the same de-baselined line on a 10x finer grid, both self-centred, scaled error 4.21e-05. the bare model's truncated moment is 0.191112, so the strip baseline's bias at this window is -5.405e-05 (-0.0283 per cent)","noiseless, truth 42.38 um at the prior means, mixed form, strips (28.0, 36.0) MHz",DIAGNOSTIC
P_4192_125mW_130C,mu5@1,2.14351e-07,,MHz^5,"estimator on the archive grid against the direct truncated moment -7.16484e-07 of the same de-baselined line on a 10x finer grid, both self-centred, scaled error 1.57e-05. the bare model's truncated moment is -7.39949e-07, so the strip baseline's bias at this window is +9.543e-07 (+1.61e-05 in units of k2^(n/2), the odd orders of a symmetric line being zero)","noiseless, truth 42.38 um at the prior means, mixed form, strips (28.0, 36.0) MHz",DIAGNOSTIC
P_4192_125mW_130C,mu6@1,0.135445,,MHz^6,"estimator on the archive grid against the direct truncated moment 0.135452 of the same de-baselined line on a 10x finer grid, both self-centred, scaled error 2.08e-04. the bare model's truncated moment is 0.135493, so the strip baseline's bias at this window is -4.816e-05 (-0.0355 per cent)","noiseless, truth 42.38 um at the prior means, mixed form, strips (28.0, 36.0) MHz",DIAGNOSTIC
P_4192_125mW_130C,mu7@1,1.81941e-07,,MHz^7,"estimator on the archive grid against the direct truncated moment -5.75254e-07 of the same de-baselined line on a 10x finer grid, both self-centred, scaled error 3.96e-05. the bare model's truncated moment is -6.06244e-07, so the strip baseline's bias at this window is +7.882e-07 (+4.12e-05 in units of k2^(n/2), the odd orders of a symmetric line being zero)","noiseless, truth 42.38 um at the prior means, mixed form, strips (28.0, 36.0) MHz",DIAGNOSTIC
P_4192_125mW_130C,mu2@2,1.18718,,MHz^2,"estimator on the archive grid against the direct truncated moment 1.18717 of the same de-baselined line on a 10x finer grid, both self-centred, scaled error 1.15e-05. the bare model's truncated moment is 1.18806, so the strip baseline's bias at this window is -0.0008842 (-0.0744 per cent)","noiseless, truth 42.38 um at the prior means, mixed form, strips (28.0, 36.0) MHz",DIAGNOSTIC
P_4192_125mW_130C,mu3@2,-2.74083e-06,,MHz^3,"estimator on the archive grid against the direct truncated moment -4.41202e-06 of the same de-baselined line on a 10x finer grid, both self-centred, scaled error 1.29e-06. the bare model's truncated moment is -3.40954e-06, so the strip baseline's bias at this window is +6.687e-07 (+5.17e-07 in units of k2^(n/2), the odd orders of a symmetric line being zero)","noiseless, truth 42.38 um at the prior means, mixed form, strips (28.0, 36.0) MHz",DIAGNOSTIC
P_4192_125mW_130C,mu4@2,2.71329,,MHz^4,"estimator on the archive grid against the direct truncated moment 2.71325 of the same de-baselined line on a 10x finer grid, both self-centred, scaled error 2.94e-05. the bare model's truncated moment is 2.71624, so the strip baseline's bias at this window is -0.002948 (-0.109 per cent)","noiseless, truth 42.38 um at the prior means, mixed form, strips (28.0, 36.0) MHz",DIAGNOSTIC
P_4192_125mW_130C,mu5@2,-1.27658e-05,,MHz^5,"estimator on the archive grid against the direct truncated moment -1.88031e-05 of the same de-baselined line on a 10x finer grid, both self-centred, scaled error 3.93e-06. the bare model's truncated moment is -1.42308e-05, so the strip baseline's bias at this window is +1.465e-06 (+9.54e-07 in units of k2^(n/2), the odd orders of a symmetric line being zero)","noiseless, truth 42.38 um at the prior means, mixed form, strips (28.0, 36.0) MHz",DIAGNOSTIC
P_4192_125mW_130C,mu6@2,7.5496,,MHz^6,"estimator on the archive grid against the direct truncated moment 7.54949 of the same de-baselined line on a 10x finer grid, both self-centred, scaled error 6.94e-05. the bare model's truncated moment is 7.55927, so the strip baseline's bias at this window is -0.009671 (-0.128 per cent)","noiseless, truth 42.38 um at the prior means, mixed form, strips (28.0, 36.0) MHz",DIAGNOSTIC
P_4192_125mW_130C,mu7@2,-4.88395e-05,,MHz^7,"estimator on the archive grid against the direct truncated moment -7.13353e-05 of the same de-baselined line on a 10x finer grid, both self-centred, scaled error 1.23e-05. the bare model's truncated moment is -5.29668e-05, so the strip baseline's bias at this window is +4.127e-06 (+2.26e-06 in units of k2^(n/2), the odd orders of a symmetric line being zero)","noiseless, truth 42.38 um at the prior means, mixed form, strips (28.0, 36.0) MHz",DIAGNOSTIC
P_4192_125mW_130C,mu2@3,2.38349,,MHz^2,"estimator on the archive grid against the direct truncated moment 2.38344 of the same de-baselined line on a 10x finer grid, both self-centred, scaled error 1.95e-05. the bare model's truncated moment is 2.38776, so the strip baseline's bias at this window is -0.004267 (-0.179 per cent)","noiseless, truth 42.38 um at the prior means, mixed form, strips (28.0, 36.0) MHz",DIAGNOSTIC
P_4192_125mW_130C,mu3@3,-2.28259e-05,,MHz^3,"estimator on the archive grid against the direct truncated moment -2.50977e-05 of the same de-baselined line on a 10x finer grid, both self-centred, scaled error 6.17e-07. the bare model's truncated moment is -1.5238e-05, so the strip baseline's bias at this window is -7.588e-06 (-2.06e-06 in units of k2^(n/2), the odd orders of a symmetric line being zero)","noiseless, truth 42.38 um at the prior means, mixed form, strips (28.0, 36.0) MHz",DIAGNOSTIC
P_4192_125mW_130C,mu4@3,11.6977,,MHz^4,"estimator on the archive grid against the direct truncated moment 11.6974 of the same de-baselined line on a 10x finer grid, both self-centred, scaled error 5.42e-05. the bare model's truncated moment is 11.7289, so the strip baseline's bias at this window is -0.0312 (-0.266 per cent)","noiseless, truth 42.38 um at the prior means, mixed form, strips (28.0, 36.0) MHz",DIAGNOSTIC
P_4192_125mW_130C,mu5@3,-0.000209075,,MHz^5,"estimator on the archive grid against the direct truncated moment -0.000217956 of the same de-baselined line on a 10x finer grid, both self-centred, scaled error 1.01e-06. the bare model's truncated moment is -0.000126429, so the strip baseline's bias at this window is -8.265e-05 (-9.42e-06 in units of k2^(n/2), the odd orders of a symmetric line being zero)","noiseless, truth 42.38 um at the prior means, mixed form, strips (28.0, 36.0) MHz",DIAGNOSTIC
P_4192_125mW_130C,mu6@3,71.4845,,MHz^6,"estimator on the archive grid against the direct truncated moment 71.4824 of the same de-baselined line on a 10x finer grid, both self-centred, scaled error 1.51e-04. the bare model's truncated moment is 71.7109, so the strip baseline's bias at this window is -0.2265 (-0.316 per cent)","noiseless, truth 42.38 um at the prior means, mixed form, strips (28.0, 36.0) MHz",DIAGNOSTIC
P_4192_125mW_130C,mu7@3,-0.00168748,,MHz^7,"estimator on the archive grid against the direct truncated moment -0.0016923 of the same de-baselined line on a 10x finer grid, both self-centred, scaled error 2.31e-07. the bare model's truncated moment is -0.000949176, so the strip baseline's bias at this window is -0.0007383 (-3.53e-05 in units of k2^(n/2), the odd orders of a symmetric line being zero)","noiseless, truth 42.38 um at the prior means, mixed form, strips (28.0, 36.0) MHz",DIAGNOSTIC
P_4192_125mW_130C,mu2@5,5.11977,,MHz^2,"estimator on the archive grid against the direct truncated moment 5.11964 of the same de-baselined line on a 10x finer grid, both self-centred, scaled error 2.51e-05. the bare model's truncated moment is 5.14911, so the strip baseline's bias at this window is -0.02933 (-0.57 per cent)","noiseless, truth 42.38 um at the prior means, mixed form, strips (28.0, 36.0) MHz",DIAGNOSTIC
P_4192_125mW_130C,mu3@5,-0.000248002,,MHz^3,"estimator on the archive grid against the direct truncated moment -0.000259273 of the same de-baselined line on a 10x finer grid, both self-centred, scaled error 9.73e-07. the bare model's truncated moment is -6.45755e-05, so the strip baseline's bias at this window is -0.0001834 (-1.58e-05 in units of k2^(n/2), the odd orders of a symmetric line being zero)","noiseless, truth 42.38 um at the prior means, mixed form, strips (28.0, 36.0) MHz",DIAGNOSTIC
P_4192_125mW_130C,mu4@5,63.064,,MHz^4,"estimator on the archive grid against the direct truncated moment 63.062 of the same de-baselined line on a 10x finer grid, both self-centred, scaled error 7.80e-05. the bare model's truncated moment is 63.6298, so the strip baseline's bias at this window is -0.5658 (-0.889 per cent)","noiseless, truth 42.38 um at the prior means, mixed form, strips (28.0, 36.0) MHz",DIAGNOSTIC
P_4192_125mW_130C,mu5@5,-0.00577624,,MHz^5,"estimator on the archive grid against the direct truncated moment -0.00606165 of the same de-baselined line on a 10x finer grid, both self-centred, scaled error 4.81e-06. the bare model's truncated moment is -0.00127749, so the strip baseline's bias at this window is -0.004499 (-7.59e-05 in units of k2^(n/2), the odd orders of a symmetric line being zero)","noiseless, truth 42.38 um at the prior means, mixed form, strips (28.0, 36.0) MHz",DIAGNOSTIC
P_4192_125mW_130C,mu6@5,1019.51,,MHz^6,"estimator on the archive grid against the direct truncated moment 1019.47 of the same de-baselined line on a 10x finer grid, both self-centred, scaled error 2.71e-04. the bare model's truncated moment is 1030.59, so the strip baseline's bias at this window is -11.08 (-1.08 per cent)","noiseless, truth 42.38 um at the prior means, mixed form, strips (28.0, 36.0) MHz",DIAGNOSTIC
P_4192_125mW_130C,mu7@5,-0.123426,,MHz^7,"estimator on the archive grid against the direct truncated moment -0.129856 of the same de-baselined line on a 10x finer grid, both self-centred, scaled error 2.12e-05. the bare model's truncated moment is -0.0244382, so the strip baseline's bias at this window is -0.09899 (-0.000326 in units of k2^(n/2), the odd orders of a symmetric line being zero)","noiseless, truth 42.38 um at the prior means, mixed form, strips (28.0, 36.0) MHz",DIAGNOSTIC
P_4192_125mW_130C,mu2@8,9.11755,,MHz^2,"estimator on the archive grid against the direct truncated moment 9.11726 of the same de-baselined line on a 10x finer grid, both self-centred, scaled error 3.18e-05. the bare model's truncated moment is 9.27524, so the strip baseline's bias at this window is -0.1577 (-1.7 per cent)","noiseless, truth 42.38 um at the prior means, mixed form, strips (28.0, 36.0) MHz",DIAGNOSTIC
P_4192_125mW_130C,mu3@8,-0.00298253,,MHz^3,"estimator on the archive grid against the direct truncated moment -0.00298602 of the same de-baselined line on a 10x finer grid, both self-centred, scaled error 1.27e-07. the bare model's truncated moment is -0.000141001, so the strip baseline's bias at this window is -0.002842 (-0.000103 in units of k2^(n/2), the odd orders of a symmetric line being zero)","noiseless, truth 42.38 um at the prior means, mixed form, strips (28.0, 36.0) MHz",DIAGNOSTIC
P_4192_125mW_130C,mu4@8,252.326,,MHz^4,"estimator on the archive grid against the direct truncated moment 252.316 of the same de-baselined line on a 10x finer grid, both self-centred, scaled error 1.24e-04. the bare model's truncated moment is 259.646, so the strip baseline's bias at this window is -7.32 (-2.82 per cent)","noiseless, truth 42.38 um at the prior means, mixed form, strips (28.0, 36.0) MHz",DIAGNOSTIC
P_4192_125mW_130C,mu5@8,-0.172814,,MHz^5,"estimator on the archive grid against the direct truncated moment -0.172546 of the same de-baselined line on a 10x finer grid, both self-centred, scaled error 1.06e-06. the bare model's truncated moment is -0.00555068, so the strip baseline's bias at this window is -0.1673 (-0.000666 in units of k2^(n/2), the odd orders of a symmetric line being zero)","noiseless, truth 42.38 um at the prior means, mixed form, strips (28.0, 36.0) MHz",DIAGNOSTIC
P_4192_125mW_130C,mu6@8,9901.76,,MHz^6,"estimator on the archive grid against the direct truncated moment 9901.32 of the same de-baselined line on a 10x finer grid, both self-centred, scaled error 5.81e-04. the bare model's truncated moment is 10257.6, so the strip baseline's bias at this window is -355.8 (-3.47 per cent)","noiseless, truth 42.38 um at the prior means, mixed form, strips (28.0, 36.0) MHz",DIAGNOSTIC
P_4192_125mW_130C,mu7@8,-9.34542,,MHz^7,"estimator on the archive grid against the direct truncated moment -9.31375 of the same de-baselined line on a 10x finer grid, both self-centred, scaled error 1.38e-05. the bare model's truncated moment is -0.235706, so the strip baseline's bias at this window is -9.11 (-0.00398 in units of k2^(n/2), the odd orders of a symmetric line being zero)","noiseless, truth 42.38 um at the prior means, mixed form, strips (28.0, 36.0) MHz",DIAGNOSTIC
P_4192_125mW_130C,mu2@13,14.9691,,MHz^2,"estimator on the archive grid against the direct truncated moment 14.9684 of the same de-baselined line on a 10x finer grid, both self-centred, scaled error 5.17e-05. the bare model's truncated moment is 15.7778, so the strip baseline's bias at this window is -0.8086 (-5.13 per cent)","noiseless, truth 42.38 um at the prior means, mixed form, strips (28.0, 36.0) MHz",DIAGNOSTIC
P_4192_125mW_130C,mu3@13,-0.0408015,,MHz^3,"estimator on the archive grid against the direct truncated moment -0.0408744 of the same de-baselined line on a 10x finer grid, both self-centred, scaled error 1.26e-06. the bare model's truncated moment is -0.000205417, so the strip baseline's bias at this window is -0.0406 (-0.000701 in units of k2^(n/2), the odd orders of a symmetric line being zero)","noiseless, truth 42.38 um at the prior means, mixed form, strips (28.0, 36.0) MHz",DIAGNOSTIC
P_4192_125mW_130C,mu4@13,948.791,,MHz^4,"estimator on the archive grid against the direct truncated moment 948.717 of the same de-baselined line on a 10x finer grid, both self-centred, scaled error 3.31e-04. the bare model's truncated moment is 1041.93, so the strip baseline's bias at this window is -93.13 (-8.94 per cent)","noiseless, truth 42.38 um at the prior means, mixed form, strips (28.0, 36.0) MHz",DIAGNOSTIC
P_4192_125mW_130C,mu5@13,-5.83376,,MHz^5,"estimator on the archive grid against the direct truncated moment -5.843 of the same de-baselined line on a 10x finer grid, both self-centred, scaled error 1.07e-05. the bare model's truncated moment is -0.0142097, so the strip baseline's bias at this window is -5.82 (-0.00671 in units of k2^(n/2), the odd orders of a symmetric line being zero)","noiseless, truth 42.38 um at the prior means, mixed form, strips (28.0, 36.0) MHz",DIAGNOSTIC
P_4192_125mW_130C,mu6@13,94153.9,,MHz^6,"estimator on the archive grid against the direct truncated moment 94145.1 of the same de-baselined line on a 10x finer grid, both self-centred, scaled error 2.61e-03. the bare model's truncated moment is 105795, so the strip baseline's bias at this window is -1.164e+04 (-11 per cent)","noiseless, truth 42.38 um at the prior means, mixed form, strips (28.0, 36.0) MHz. REFUSED from the vector: unresolved at the archive's sampling",DIAGNOSTIC
P_4192_125mW_130C,mu7@13,-806.238,,MHz^7,"estimator on the archive grid against the direct truncated moment -807.443 of the same de-baselined line on a 10x finer grid, both self-centred, scaled error 9.29e-05. the bare model's truncated moment is -1.27444, so the strip baseline's bias at this window is -805 (-0.062 in units of k2^(n/2), the odd orders of a symmetric line being zero)","noiseless, truth 42.38 um at the prior means, mixed form, strips (28.0, 36.0) MHz",DIAGNOSTIC
P_4192_125mW_130C,mu2@21,22.1197,,MHz^2,"estimator on the archive grid against the direct truncated moment 22.1169 of the same de-baselined line on a 10x finer grid, both self-centred, scaled error 1.28e-04. the bare model's truncated moment is 25.9086, so the strip baseline's bias at this window is -3.789 (-14.6 per cent)","noiseless, truth 42.38 um at the prior means, mixed form, strips (28.0, 36.0) MHz",DIAGNOSTIC
P_4192_125mW_130C,mu3@21,-0.511135,,MHz^3,"estimator on the archive grid against the direct truncated moment -0.511872 of the same de-baselined line on a 10x finer grid, both self-centred, scaled error 7.08e-06. the bare model's truncated moment is -0.000242005, so the strip baseline's bias at this window is -0.5109 (-0.00491 in units of k2^(n/2), the odd orders of a symmetric line being zero)","noiseless, truth 42.38 um at the prior means, mixed form, strips (28.0, 36.0) MHz",DIAGNOSTIC
P_4192_125mW_130C,mu4@21,3076.38,,MHz^4,"estimator on the archive grid against the direct truncated moment 3075.62 of the same de-baselined line on a 10x finer grid, both self-centred, scaled error 1.55e-03. the bare model's truncated moment is 4163.22, so the strip baseline's bias at this window is -1087 (-26.1 per cent)","noiseless, truth 42.38 um at the prior means, mixed form, strips (28.0, 36.0) MHz. REFUSED from the vector: unresolved at the archive's sampling",DIAGNOSTIC
P_4192_125mW_130C,mu5@21,-179.552,,MHz^5,"estimator on the archive grid against the direct truncated moment -179.807 of the same de-baselined line on a 10x finer grid, both self-centred, scaled error 1.11e-04. the bare model's truncated moment is -0.0271504, so the strip baseline's bias at this window is -179.5 (-0.078 in units of k2^(n/2), the odd orders of a symmetric line being zero)","noiseless, truth 42.38 um at the prior means, mixed form, strips (28.0, 36.0) MHz",DIAGNOSTIC
P_4192_125mW_130C,mu6@21,749191,,MHz^6,"estimator on the archive grid against the direct truncated moment 748950 of the same de-baselined line on a 10x finer grid, both self-centred, scaled error 2.22e-02. the bare model's truncated moment is 1.09822e+06, so the strip baseline's bias at this window is -3.49e+05 (-31.8 per cent)","noiseless, truth 42.38 um at the prior means, mixed form, strips (28.0, 36.0) MHz. REFUSED from the vector: unresolved at the archive's sampling",DIAGNOSTIC
P_4192_125mW_130C,mu7@21,-63303.4,,MHz^7,"estimator on the archive grid against the direct truncated moment -63392.6 of the same de-baselined line on a 10x finer grid, both self-centred, scaled error 1.75e-03. the bare model's truncated moment is -5.28905, so the strip baseline's bias at this window is -6.33e+04 (-1.24 in units of k2^(n/2), the odd orders of a symmetric line being zero)","noiseless, truth 42.38 um at the prior means, mixed form, strips (28.0, 36.0) MHz. REFUSED from the vector: unresolved at the archive's sampling",DIAGNOSTIC
P_4192_175mW_130C,mu2@0.5,0.0826753,,MHz^2,"estimator on the archive grid against the direct truncated moment 0.0826765 of the same de-baselined line on a 10x finer grid, both self-centred, scaled error 1.42e-05. the bare model's truncated moment is 0.0826801, so the strip baseline's bias at this window is -4.848e-06 (-0.00586 per cent)","noiseless, truth 42.38 um at the prior means, mixed form, strips (28.0, 36.0) MHz",DIAGNOSTIC
P_4192_175mW_130C,mu3@0.5,2.22084e-08,,MHz^3,"estimator on the archive grid against the direct truncated moment -1.24806e-06 of the same de-baselined line on a 10x finer grid, both self-centred, scaled error 5.34e-05. the bare model's truncated moment is -1.21651e-06, so the strip baseline's bias at this window is +1.239e-06 (+5.21e-05 in units of k2^(n/2), the odd orders of a symmetric line being zero)","noiseless, truth 42.38 um at the prior means, mixed form, strips (28.0, 36.0) MHz",DIAGNOSTIC
P_4192_175mW_130C,mu4@0.5,0.0123593,,MHz^4,"estimator on the archive grid against the direct truncated moment 0.0123599 of the same de-baselined line on a 10x finer grid, both self-centred, scaled error 8.52e-05. the bare model's truncated moment is 0.0123606, so the strip baseline's bias at this window is -1.356e-06 (-0.011 per cent)","noiseless, truth 42.38 um at the prior means, mixed form, strips (28.0, 36.0) MHz",DIAGNOSTIC
P_4192_175mW_130C,mu5@0.5,5.82418e-09,,MHz^5,"estimator on the archive grid against the direct truncated moment 8.90833e-08 of the same de-baselined line on a 10x finer grid, both self-centred, scaled error 4.24e-05. the bare model's truncated moment is 1.01099e-07, so the strip baseline's bias at this window is -9.527e-08 (-4.85e-05 in units of k2^(n/2), the odd orders of a symmetric line being zero)","noiseless, truth 42.38 um at the prior means, mixed form, strips (28.0, 36.0) MHz",DIAGNOSTIC
P_4192_175mW_130C,mu6@0.5,0.00220287,,MHz^6,"estimator on the archive grid against the direct truncated moment 0.00220308 of the same de-baselined line on a 10x finer grid, both self-centred, scaled error 3.85e-04. the bare model's truncated moment is 0.00220324, so the strip baseline's bias at this window is -3.748e-07 (-0.017 per cent)","noiseless, truth 42.38 um at the prior means, mixed form, strips (28.0, 36.0) MHz",DIAGNOSTIC
P_4192_175mW_130C,mu7@0.5,1.25638e-09,,MHz^7,"estimator on the archive grid against the direct truncated moment 1.01916e-07 of the same de-baselined line on a 10x finer grid, both self-centred, scaled error 6.19e-04. the bare model's truncated moment is 1.05992e-07, so the strip baseline's bias at this window is -1.047e-07 (-0.000645 in units of k2^(n/2), the odd orders of a symmetric line being zero)","noiseless, truth 42.38 um at the prior means, mixed form, strips (28.0, 36.0) MHz",DIAGNOSTIC
P_4192_175mW_130C,mu2@1,0.323212,,MHz^2,"estimator on the archive grid against the direct truncated moment 0.323213 of the same de-baselined line on a 10x finer grid, both self-centred, scaled error 2.62e-06. the bare model's truncated moment is 0.323272, so the strip baseline's bias at this window is -5.97e-05 (-0.0185 per cent)","noiseless, truth 42.38 um at the prior means, mixed form, strips (28.0, 36.0) MHz",DIAGNOSTIC
P_4192_175mW_130C,mu3@1,4.27827e-07,,MHz^3,"estimator on the archive grid against the direct truncated moment -1.02916e-07 of the same de-baselined line on a 10x finer grid, both self-centred, scaled error 2.89e-06. the bare model's truncated moment is -1.60201e-08, so the strip baseline's bias at this window is +4.438e-07 (+2.42e-06 in units of k2^(n/2), the odd orders of a symmetric line being zero)","noiseless, truth 42.38 um at the prior means, mixed form, strips (28.0, 36.0) MHz",DIAGNOSTIC
P_4192_175mW_130C,mu4@1,0.191394,,MHz^4,"estimator on the archive grid against the direct truncated moment 0.191395 of the same de-baselined line on a 10x finer grid, both self-centred, scaled error 6.10e-06. the bare model's truncated moment is 0.191445, so the strip baseline's bias at this window is -5.067e-05 (-0.0265 per cent)","noiseless, truth 42.38 um at the prior means, mixed form, strips (28.0, 36.0) MHz",DIAGNOSTIC
P_4192_175mW_130C,mu5@1,3.83654e-07,,MHz^5,"estimator on the archive grid against the direct truncated moment 5.40334e-07 of the same de-baselined line on a 10x finer grid, both self-centred, scaled error 2.64e-06. the bare model's truncated moment is 7.01655e-07, so the strip baseline's bias at this window is -3.18e-07 (-5.35e-06 in units of k2^(n/2), the odd orders of a symmetric line being zero)","noiseless, truth 42.38 um at the prior means, mixed form, strips (28.0, 36.0) MHz",DIAGNOSTIC
P_4192_175mW_130C,mu6@1,0.135722,,MHz^6,"estimator on the archive grid against the direct truncated moment 0.135723 of the same de-baselined line on a 10x finer grid, both self-centred, scaled error 1.39e-05. the bare model's truncated moment is 0.135764, so the strip baseline's bias at this window is -4.195e-05 (-0.0309 per cent)","noiseless, truth 42.38 um at the prior means, mixed form, strips (28.0, 36.0) MHz",DIAGNOSTIC
P_4192_175mW_130C,mu7@1,3.09966e-07,,MHz^7,"estimator on the archive grid against the direct truncated moment 1.15362e-06 of the same de-baselined line on a 10x finer grid, both self-centred, scaled error 4.39e-05. the bare model's truncated moment is 1.38275e-06, so the strip baseline's bias at this window is -1.073e-06 (-5.59e-05 in units of k2^(n/2), the odd orders of a symmetric line being zero)","noiseless, truth 42.38 um at the prior means, mixed form, strips (28.0, 36.0) MHz",DIAGNOSTIC
P_4192_175mW_130C,mu2@2,1.19195,,MHz^2,"estimator on the archive grid against the direct truncated moment 1.19194 of the same de-baselined line on a 10x finer grid, both self-centred, scaled error 5.81e-06. the bare model's truncated moment is 1.19285, so the strip baseline's bias at this window is -0.0008997 (-0.0754 per cent)","noiseless, truth 42.38 um at the prior means, mixed form, strips (28.0, 36.0) MHz",DIAGNOSTIC
P_4192_175mW_130C,mu3@2,-4.21744e-06,,MHz^3,"estimator on the archive grid against the direct truncated moment -9.37421e-06 of the same de-baselined line on a 10x finer grid, both self-centred, scaled error 3.96e-06. the bare model's truncated moment is -8.12577e-06, so the strip baseline's bias at this window is +3.908e-06 (+3e-06 in units of k2^(n/2), the odd orders of a symmetric line being zero)","noiseless, truth 42.38 um at the prior means, mixed form, strips (28.0, 36.0) MHz",DIAGNOSTIC
P_4192_175mW_130C,mu4@2,2.72867,,MHz^4,"estimator on the archive grid against the direct truncated moment 2.72865 of the same de-baselined line on a 10x finer grid, both self-centred, scaled error 1.41e-05. the bare model's truncated moment is 2.73167, so the strip baseline's bias at this window is -0.003002 (-0.11 per cent)","noiseless, truth 42.38 um at the prior means, mixed form, strips (28.0, 36.0) MHz",DIAGNOSTIC
P_4192_175mW_130C,mu5@2,-2.07063e-05,,MHz^5,"estimator on the archive grid against the direct truncated moment -3.93226e-05 of the same de-baselined line on a 10x finer grid, both self-centred, scaled error 1.20e-05. the bare model's truncated moment is -3.42138e-05, so the strip baseline's bias at this window is +1.351e-05 (+8.71e-06 in units of k2^(n/2), the odd orders of a symmetric line being zero)","noiseless, truth 42.38 um at the prior means, mixed form, strips (28.0, 36.0) MHz",DIAGNOSTIC
P_4192_175mW_130C,mu6@2,7.59897,,MHz^6,"estimator on the archive grid against the direct truncated moment 7.59894 of the same de-baselined line on a 10x finer grid, both self-centred, scaled error 2.19e-05. the bare model's truncated moment is 7.60884, so the strip baseline's bias at this window is -0.009863 (-0.13 per cent)","noiseless, truth 42.38 um at the prior means, mixed form, strips (28.0, 36.0) MHz",DIAGNOSTIC
P_4192_175mW_130C,mu7@2,-8.16529e-05,,MHz^7,"estimator on the archive grid against the direct truncated moment -0.000146382 of the same de-baselined line on a 10x finer grid, both self-centred, scaled error 3.50e-05. the bare model's truncated moment is -0.000128552, so the strip baseline's bias at this window is +4.69e-05 (+2.54e-05 in units of k2^(n/2), the odd orders of a symmetric line being zero)","noiseless, truth 42.38 um at the prior means, mixed form, strips (28.0, 36.0) MHz",DIAGNOSTIC
P_4192_175mW_130C,mu2@3,2.40038,,MHz^2,"estimator on the archive grid against the direct truncated moment 2.40034 of the same de-baselined line on a 10x finer grid, both self-centred, scaled error 1.58e-05. the bare model's truncated moment is 2.40471, so the strip baseline's bias at this window is -0.004328 (-0.18 per cent)","noiseless, truth 42.38 um at the prior means, mixed form, strips (28.0, 36.0) MHz",DIAGNOSTIC
P_4192_175mW_130C,mu3@3,-4.6239e-05,,MHz^3,"estimator on the archive grid against the direct truncated moment -5.17731e-05 of the same de-baselined line on a 10x finer grid, both self-centred, scaled error 1.49e-06. the bare model's truncated moment is -3.75235e-05, so the strip baseline's bias at this window is -8.715e-06 (-2.34e-06 in units of k2^(n/2), the odd orders of a symmetric line being zero)","noiseless, truth 42.38 um at the prior means, mixed form, strips (28.0, 36.0) MHz",DIAGNOSTIC
P_4192_175mW_130C,mu4@3,11.8138,,MHz^4,"estimator on the archive grid against the direct truncated moment 11.8135 of the same de-baselined line on a 10x finer grid, both self-centred, scaled error 4.52e-05. the bare model's truncated moment is 11.8455, so the strip baseline's bias at this window is -0.03167 (-0.267 per cent)","noiseless, truth 42.38 um at the prior means, mixed form, strips (28.0, 36.0) MHz",DIAGNOSTIC
P_4192_175mW_130C,mu5@3,-0.000429592,,MHz^5,"estimator on the archive grid against the direct truncated moment -0.000450678 of the same de-baselined line on a 10x finer grid, both self-centred, scaled error 2.36e-06. the bare model's truncated moment is -0.000315723, so the strip baseline's bias at this window is -0.0001139 (-1.28e-05 in units of k2^(n/2), the odd orders of a symmetric line being zero)","noiseless, truth 42.38 um at the prior means, mixed form, strips (28.0, 36.0) MHz",DIAGNOSTIC
P_4192_175mW_130C,mu6@3,72.2963,,MHz^6,"estimator on the archive grid against the direct truncated moment 72.2946 of the same de-baselined line on a 10x finer grid, both self-centred, scaled error 1.23e-04. the bare model's truncated moment is 72.5265, so the strip baseline's bias at this window is -0.2302 (-0.317 per cent)","noiseless, truth 42.38 um at the prior means, mixed form, strips (28.0, 36.0) MHz",DIAGNOSTIC
P_4192_175mW_130C,mu7@3,-0.00348483,,MHz^7,"estimator on the archive grid against the direct truncated moment -0.00352923 of the same de-baselined line on a 10x finer grid, both self-centred, scaled error 2.07e-06. the bare model's truncated moment is -0.00240461, so the strip baseline's bias at this window is -0.00108 (-5.04e-05 in units of k2^(n/2), the odd orders of a symmetric line being zero)","noiseless, truth 42.38 um at the prior means, mixed form, strips (28.0, 36.0) MHz",DIAGNOSTIC
P_4192_175mW_130C,mu2@5,5.18297,,MHz^2,"estimator on the archive grid against the direct truncated moment 5.18288 of the same de-baselined line on a 10x finer grid, both self-centred, scaled error 1.72e-05. the bare model's truncated moment is 5.2128, so the strip baseline's bias at this window is -0.02983 (-0.572 per cent)","noiseless, truth 42.38 um at the prior means, mixed form, strips (28.0, 36.0) MHz",DIAGNOSTIC
P_4192_175mW_130C,mu3@5,-0.000389059,,MHz^3,"estimator on the archive grid against the direct truncated moment -0.000436319 of the same de-baselined line on a 10x finer grid, both self-centred, scaled error 4.01e-06. the bare model's truncated moment is -0.000160646, so the strip baseline's bias at this window is -0.0002284 (-1.94e-05 in units of k2^(n/2), the odd orders of a symmetric line being zero)","noiseless, truth 42.38 um at the prior means, mixed form, strips (28.0, 36.0) MHz",DIAGNOSTIC
P_4192_175mW_130C,mu4@5,64.141,,MHz^4,"estimator on the archive grid against the direct truncated moment 64.1397 of the same de-baselined line on a 10x finer grid, both self-centred, scaled error 5.02e-05. the bare model's truncated moment is 64.7176, so the strip baseline's bias at this window is -0.5766 (-0.891 per cent)","noiseless, truth 42.38 um at the prior means, mixed form, strips (28.0, 36.0) MHz",DIAGNOSTIC
P_4192_175mW_130C,mu5@5,-0.00877481,,MHz^5,"estimator on the archive grid against the direct truncated moment -0.0100188 of the same de-baselined line on a 10x finer grid, both self-centred, scaled error 2.03e-05. the bare model's truncated moment is -0.00321423, so the strip baseline's bias at this window is -0.005561 (-9.09e-05 in units of k2^(n/2), the odd orders of a symmetric line being zero)","noiseless, truth 42.38 um at the prior means, mixed form, strips (28.0, 36.0) MHz",DIAGNOSTIC
P_4192_175mW_130C,mu6@5,1039.13,,MHz^6,"estimator on the archive grid against the direct truncated moment 1039.11 of the same de-baselined line on a 10x finer grid, both self-centred, scaled error 1.65e-04. the bare model's truncated moment is 1050.44, so the strip baseline's bias at this window is -11.31 (-1.08 per cent)","noiseless, truth 42.38 um at the prior means, mixed form, strips (28.0, 36.0) MHz",DIAGNOSTIC
P_4192_175mW_130C,mu7@5,-0.183467,,MHz^7,"estimator on the archive grid against the direct truncated moment -0.212827 of the same de-baselined line on a 10x finer grid, both self-centred, scaled error 9.26e-05. the bare model's truncated moment is -0.0622192, so the strip baseline's bias at this window is -0.1212 (-0.000383 in units of k2^(n/2), the odd orders of a symmetric line being zero)","noiseless, truth 42.38 um at the prior means, mixed form, strips (28.0, 36.0) MHz",DIAGNOSTIC
P_4192_175mW_130C,mu2@8,9.27584,,MHz^2,"estimator on the archive grid against the direct truncated moment 9.27563 of the same de-baselined line on a 10x finer grid, both self-centred, scaled error 2.34e-05. the bare model's truncated moment is 9.43659, so the strip baseline's bias at this window is -0.1607 (-1.7 per cent)","noiseless, truth 42.38 um at the prior means, mixed form, strips (28.0, 36.0) MHz",DIAGNOSTIC
P_4192_175mW_130C,mu3@8,-0.00436275,,MHz^3,"estimator on the archive grid against the direct truncated moment -0.00438609 of the same de-baselined line on a 10x finer grid, both self-centred, scaled error 8.26e-07. the bare model's truncated moment is -0.000357413, so the strip baseline's bias at this window is -0.004005 (-0.000142 in units of k2^(n/2), the odd orders of a symmetric line being zero)","noiseless, truth 42.38 um at the prior means, mixed form, strips (28.0, 36.0) MHz",DIAGNOSTIC
P_4192_175mW_130C,mu4@8,258.238,,MHz^4,"estimator on the archive grid against the direct truncated moment 258.231 of the same de-baselined line on a 10x finer grid, both self-centred, scaled error 8.79e-05. the bare model's truncated moment is 265.719, so the strip baseline's bias at this window is -7.481 (-2.82 per cent)","noiseless, truth 42.38 um at the prior means, mixed form, strips (28.0, 36.0) MHz",DIAGNOSTIC
P_4192_175mW_130C,mu5@8,-0.252157,,MHz^5,"estimator on the archive grid against the direct truncated moment -0.251495 of the same de-baselined line on a 10x finer grid, both self-centred, scaled error 2.53e-06. the bare model's truncated moment is -0.0142297, so the strip baseline's bias at this window is -0.2379 (-0.000908 in units of k2^(n/2), the odd orders of a symmetric line being zero)","noiseless, truth 42.38 um at the prior means, mixed form, strips (28.0, 36.0) MHz",DIAGNOSTIC
P_4192_175mW_130C,mu6@8,10156.5,,MHz^6,"estimator on the archive grid against the direct truncated moment 10156.2 of the same de-baselined line on a 10x finer grid, both self-centred, scaled error 3.88e-04. the bare model's truncated moment is 10520.5, so the strip baseline's bias at this window is -364 (-3.46 per cent)","noiseless, truth 42.38 um at the prior means, mixed form, strips (28.0, 36.0) MHz",DIAGNOSTIC
P_4192_175mW_130C,mu7@8,-13.6252,,MHz^7,"estimator on the archive grid against the direct truncated moment -13.5339 of the same de-baselined line on a 10x finer grid, both self-centred, scaled error 3.76e-05. the bare model's truncated moment is -0.608477, so the strip baseline's bias at this window is -13.02 (-0.00536 in units of k2^(n/2), the odd orders of a symmetric line being zero)","noiseless, truth 42.38 um at the prior means, mixed form, strips (28.0, 36.0) MHz",DIAGNOSTIC
P_4192_175mW_130C,mu2@13,15.2856,,MHz^2,"estimator on the archive grid against the direct truncated moment 15.2851 of the same de-baselined line on a 10x finer grid, both self-centred, scaled error 3.22e-05. the bare model's truncated moment is 16.1125, so the strip baseline's bias at this window is -0.8269 (-5.13 per cent)","noiseless, truth 42.38 um at the prior means, mixed form, strips (28.0, 36.0) MHz",DIAGNOSTIC
P_4192_175mW_130C,mu3@13,-0.0581585,,MHz^3,"estimator on the archive grid against the direct truncated moment -0.0582965 of the same de-baselined line on a 10x finer grid, both self-centred, scaled error 2.31e-06. the bare model's truncated moment is -0.000528609, so the strip baseline's bias at this window is -0.05763 (-0.000964 in units of k2^(n/2), the odd orders of a symmetric line being zero)","noiseless, truth 42.38 um at the prior means, mixed form, strips (28.0, 36.0) MHz",DIAGNOSTIC
P_4192_175mW_130C,mu4@13,974.483,,MHz^4,"estimator on the archive grid against the direct truncated moment 974.439 of the same de-baselined line on a 10x finer grid, both self-centred, scaled error 1.88e-04. the bare model's truncated moment is 1069.94, so the strip baseline's bias at this window is -95.46 (-8.92 per cent)","noiseless, truth 42.38 um at the prior means, mixed form, strips (28.0, 36.0) MHz",DIAGNOSTIC
P_4192_175mW_130C,mu5@13,-8.32651,,MHz^5,"estimator on the archive grid against the direct truncated moment -8.34095 of the same de-baselined line on a 10x finer grid, both self-centred, scaled error 1.58e-05. the bare model's truncated moment is -0.0373243, so the strip baseline's bias at this window is -8.289 (-0.00907 in units of k2^(n/2), the odd orders of a symmetric line being zero)","noiseless, truth 42.38 um at the prior means, mixed form, strips (28.0, 36.0) MHz",DIAGNOSTIC
P_4192_175mW_130C,mu6@13,96844.2,,MHz^6,"estimator on the archive grid against the direct truncated moment 96839.2 of the same de-baselined line on a 10x finer grid, both self-centred, scaled error 1.41e-03. the bare model's truncated moment is 108787, so the strip baseline's bias at this window is -1.194e+04 (-11 per cent)","noiseless, truth 42.38 um at the prior means, mixed form, strips (28.0, 36.0) MHz. REFUSED from the vector: unresolved at the archive's sampling",DIAGNOSTIC
P_4192_175mW_130C,mu7@13,-1151.49,,MHz^7,"estimator on the archive grid against the direct truncated moment -1153.42 of the same de-baselined line on a 10x finer grid, both self-centred, scaled error 1.38e-04. the bare model's truncated moment is -3.40014, so the strip baseline's bias at this window is -1148 (-0.0822 in units of k2^(n/2), the odd orders of a symmetric line being zero)","noiseless, truth 42.38 um at the prior means, mixed form, strips (28.0, 36.0) MHz",DIAGNOSTIC
P_4192_175mW_130C,mu2@21,22.6347,,MHz^2,"estimator on the archive grid against the direct truncated moment 22.6331 of the same de-baselined line on a 10x finer grid, both self-centred, scaled error 7.18e-05. the bare model's truncated moment is 26.5185, so the strip baseline's bias at this window is -3.884 (-14.6 per cent)","noiseless, truth 42.38 um at the prior means, mixed form, strips (28.0, 36.0) MHz",DIAGNOSTIC
P_4192_175mW_130C,mu3@21,-0.728621,,MHz^3,"estimator on the archive grid against the direct truncated moment -0.729349 of the same de-baselined line on a 10x finer grid, both self-centred, scaled error 6.77e-06. the bare model's truncated moment is -0.000624914, so the strip baseline's bias at this window is -0.728 (-0.00676 in units of k2^(n/2), the odd orders of a symmetric line being zero)","noiseless, truth 42.38 um at the prior means, mixed form, strips (28.0, 36.0) MHz",DIAGNOSTIC
P_4192_175mW_130C,mu4@21,3163.24,,MHz^4,"estimator on the archive grid against the direct truncated moment 3162.82 of the same de-baselined line on a 10x finer grid, both self-centred, scaled error 8.22e-04. the bare model's truncated moment is 4279.19, so the strip baseline's bias at this window is -1116 (-26.1 per cent)","noiseless, truth 42.38 um at the prior means, mixed form, strips (28.0, 36.0) MHz",DIAGNOSTIC
P_4192_175mW_130C,mu5@21,-256.469,,MHz^5,"estimator on the archive grid against the direct truncated moment -256.7 of the same de-baselined line on a 10x finer grid, both self-centred, scaled error 9.49e-05. the bare model's truncated moment is -0.0714548, so the strip baseline's bias at this window is -256.4 (-0.105 in units of k2^(n/2), the odd orders of a symmetric line being zero)","noiseless, truth 42.38 um at the prior means, mixed form, strips (28.0, 36.0) MHz",DIAGNOSTIC
P_4192_175mW_130C,mu6@21,770883,,MHz^6,"estimator on the archive grid against the direct truncated moment 770750 of the same de-baselined line on a 10x finer grid, both self-centred, scaled error 1.15e-02. the bare model's truncated moment is 1.12945e+06, so the strip baseline's bias at this window is -3.586e+05 (-31.7 per cent)","noiseless, truth 42.38 um at the prior means, mixed form, strips (28.0, 36.0) MHz. REFUSED from the vector: unresolved at the archive's sampling",DIAGNOSTIC
P_4192_175mW_130C,mu7@21,-90486.9,,MHz^7,"estimator on the archive grid against the direct truncated moment -90566.6 of the same de-baselined line on a 10x finer grid, both self-centred, scaled error 1.45e-03. the bare model's truncated moment is -14.0103, so the strip baseline's bias at this window is -9.047e+04 (-1.64 in units of k2^(n/2), the odd orders of a symmetric line being zero)","noiseless, truth 42.38 um at the prior means, mixed form, strips (28.0, 36.0) MHz. REFUSED from the vector: unresolved at the archive's sampling",DIAGNOSTIC
P_4192_225mW_130C,mu2@0.5,0.0827084,,MHz^2,"estimator on the archive grid against the direct truncated moment 0.0827101 of the same de-baselined line on a 10x finer grid, both self-centred, scaled error 2.15e-05. the bare model's truncated moment is 0.0827139, so the strip baseline's bias at this window is -5.542e-06 (-0.0067 per cent)","noiseless, truth 42.38 um at the prior means, mixed form, strips (28.0, 36.0) MHz",DIAGNOSTIC
P_4192_225mW_130C,mu3@0.5,-2.5591e-09,,MHz^3,"estimator on the archive grid against the direct truncated moment 2.35712e-06 of the same de-baselined line on a 10x finer grid, both self-centred, scaled error 9.92e-05. the bare model's truncated moment is 2.39362e-06, so the strip baseline's bias at this window is -2.396e-06 (-0.000101 in units of k2^(n/2), the odd orders of a symmetric line being zero)","noiseless, truth 42.38 um at the prior means, mixed form, strips (28.0, 36.0) MHz",DIAGNOSTIC
P_4192_225mW_130C,mu4@0.5,0.0123663,,MHz^4,"estimator on the archive grid against the direct truncated moment 0.0123673 of the same de-baselined line on a 10x finer grid, both self-centred, scaled error 1.36e-04. the bare model's truncated moment is 0.0123681, so the strip baseline's bias at this window is -1.737e-06 (-0.014 per cent)","noiseless, truth 42.38 um at the prior means, mixed form, strips (28.0, 36.0) MHz",DIAGNOSTIC
P_4192_225mW_130C,mu5@0.5,-7.8505e-10,,MHz^5,"estimator on the archive grid against the direct truncated moment 2.5409e-07 of the same de-baselined line on a 10x finer grid, both self-centred, scaled error 1.30e-04. the bare model's truncated moment is 2.63576e-07, so the strip baseline's bias at this window is -2.644e-07 (-0.000134 in units of k2^(n/2), the odd orders of a symmetric line being zero)","noiseless, truth 42.38 um at the prior means, mixed form, strips (28.0, 36.0) MHz",DIAGNOSTIC
P_4192_225mW_130C,mu6@0.5,0.00220433,,MHz^6,"estimator on the archive grid against the direct truncated moment 0.00220469 of the same de-baselined line on a 10x finer grid, both self-centred, scaled error 6.26e-04. the bare model's truncated moment is 0.00220486, so the strip baseline's bias at this window is -5.233e-07 (-0.0237 per cent)","noiseless, truth 42.38 um at the prior means, mixed form, strips (28.0, 36.0) MHz",DIAGNOSTIC
P_4192_225mW_130C,mu7@0.5,-2.10248e-10,,MHz^7,"estimator on the archive grid against the direct truncated moment 4.60022e-09 of the same de-baselined line on a 10x finer grid, both self-centred, scaled error 2.96e-05. the bare model's truncated moment is 7.24715e-09, so the strip baseline's bias at this window is -7.457e-09 (-4.58e-05 in units of k2^(n/2), the odd orders of a symmetric line being zero)","noiseless, truth 42.38 um at the prior means, mixed form, strips (28.0, 36.0) MHz",DIAGNOSTIC
P_4192_225mW_130C,mu2@1,0.323696,,MHz^2,"estimator on the archive grid against the direct truncated moment 0.323697 of the same de-baselined line on a 10x finer grid, both self-centred, scaled error 1.69e-06. the bare model's truncated moment is 0.323756, so the strip baseline's bias at this window is -6.006e-05 (-0.0186 per cent)","noiseless, truth 42.38 um at the prior means, mixed form, strips (28.0, 36.0) MHz",DIAGNOSTIC
P_4192_225mW_130C,mu3@1,2.25648e-07,,MHz^3,"estimator on the archive grid against the direct truncated moment 1.53192e-06 of the same de-baselined line on a 10x finer grid, both self-centred, scaled error 7.09e-06. the bare model's truncated moment is 1.55905e-06, so the strip baseline's bias at this window is -1.333e-06 (-7.24e-06 in units of k2^(n/2), the odd orders of a symmetric line being zero)","noiseless, truth 42.38 um at the prior means, mixed form, strips (28.0, 36.0) MHz",DIAGNOSTIC
P_4192_225mW_130C,mu4@1,0.191802,,MHz^4,"estimator on the archive grid against the direct truncated moment 0.191803 of the same de-baselined line on a 10x finer grid, both self-centred, scaled error 6.43e-06. the bare model's truncated moment is 0.191854, so the strip baseline's bias at this window is -5.139e-05 (-0.0268 per cent)","noiseless, truth 42.38 um at the prior means, mixed form, strips (28.0, 36.0) MHz",DIAGNOSTIC
P_4192_225mW_130C,mu5@1,1.77254e-07,,MHz^5,"estimator on the archive grid against the direct truncated moment 2.60789e-06 of the same de-baselined line on a 10x finer grid, both self-centred, scaled error 4.08e-05. the bare model's truncated moment is 2.61171e-06, so the strip baseline's bias at this window is -2.434e-06 (-4.08e-05 in units of k2^(n/2), the odd orders of a symmetric line being zero)","noiseless, truth 42.38 um at the prior means, mixed form, strips (28.0, 36.0) MHz",DIAGNOSTIC
P_4192_225mW_130C,mu6@1,0.136058,,MHz^6,"estimator on the archive grid against the direct truncated moment 0.136059 of the same de-baselined line on a 10x finer grid, both self-centred, scaled error 2.29e-05. the bare model's truncated moment is 0.136101, so the strip baseline's bias at this window is -4.294e-05 (-0.0316 per cent)","noiseless, truth 42.38 um at the prior means, mixed form, strips (28.0, 36.0) MHz",DIAGNOSTIC
P_4192_225mW_130C,mu7@1,1.15938e-07,,MHz^7,"estimator on the archive grid against the direct truncated moment 3.80711e-06 of the same de-baselined line on a 10x finer grid, both self-centred, scaled error 1.91e-04. the bare model's truncated moment is 3.78651e-06, so the strip baseline's bias at this window is -3.671e-06 (-0.00019 in units of k2^(n/2), the odd orders of a symmetric line being zero)","noiseless, truth 42.38 um at the prior means, mixed form, strips (28.0, 36.0) MHz",DIAGNOSTIC
P_4192_225mW_130C,mu2@2,1.19779,,MHz^2,"estimator on the archive grid against the direct truncated moment 1.19778 of the same de-baselined line on a 10x finer grid, both self-centred, scaled error 5.72e-06. the bare model's truncated moment is 1.1987, so the strip baseline's bias at this window is -0.0009112 (-0.076 per cent)","noiseless, truth 42.38 um at the prior means, mixed form, strips (28.0, 36.0) MHz",DIAGNOSTIC
P_4192_225mW_130C,mu3@2,-1.01599e-05,,MHz^3,"estimator on the archive grid against the direct truncated moment -1.69715e-05 of the same de-baselined line on a 10x finer grid, both self-centred, scaled error 5.20e-06. the bare model's truncated moment is -1.53464e-05, so the strip baseline's bias at this window is +5.187e-06 (+3.96e-06 in units of k2^(n/2), the odd orders of a symmetric line being zero)","noiseless, truth 42.38 um at the prior means, mixed form, strips (28.0, 36.0) MHz",DIAGNOSTIC
P_4192_225mW_130C,mu4@2,2.74756,,MHz^4,"estimator on the archive grid against the direct truncated moment 2.74754 of the same de-baselined line on a 10x finer grid, both self-centred, scaled error 1.34e-05. the bare model's truncated moment is 2.7506, so the strip baseline's bias at this window is -0.003045 (-0.111 per cent)","noiseless, truth 42.38 um at the prior means, mixed form, strips (28.0, 36.0) MHz",DIAGNOSTIC
P_4192_225mW_130C,mu5@2,-4.55344e-05,,MHz^5,"estimator on the archive grid against the direct truncated moment -7.37693e-05 of the same de-baselined line on a 10x finer grid, both self-centred, scaled error 1.80e-05. the bare model's truncated moment is -6.71477e-05, so the strip baseline's bias at this window is +2.161e-05 (+1.38e-05 in units of k2^(n/2), the odd orders of a symmetric line being zero)","noiseless, truth 42.38 um at the prior means, mixed form, strips (28.0, 36.0) MHz",DIAGNOSTIC
P_4192_225mW_130C,mu6@2,7.65967,,MHz^6,"estimator on the archive grid against the direct truncated moment 7.65963 of the same de-baselined line on a 10x finer grid, both self-centred, scaled error 2.06e-05. the bare model's truncated moment is 7.66968, so the strip baseline's bias at this window is -0.01001 (-0.131 per cent)","noiseless, truth 42.38 um at the prior means, mixed form, strips (28.0, 36.0) MHz",DIAGNOSTIC
P_4192_225mW_130C,mu7@2,-0.000172704,,MHz^7,"estimator on the archive grid against the direct truncated moment -0.00028655 of the same de-baselined line on a 10x finer grid, both self-centred, scaled error 6.05e-05. the bare model's truncated moment is -0.0002636, so the strip baseline's bias at this window is +9.09e-05 (+4.83e-05 in units of k2^(n/2), the odd orders of a symmetric line being zero)","noiseless, truth 42.38 um at the prior means, mixed form, strips (28.0, 36.0) MHz",DIAGNOSTIC
P_4192_225mW_130C,mu2@3,2.42128,,MHz^2,"estimator on the archive grid against the direct truncated moment 2.42125 of the same de-baselined line on a 10x finer grid, both self-centred, scaled error 1.50e-05. the bare model's truncated moment is 2.42568, so the strip baseline's bias at this window is -0.004396 (-0.181 per cent)","noiseless, truth 42.38 um at the prior means, mixed form, strips (28.0, 36.0) MHz",DIAGNOSTIC
P_4192_225mW_130C,mu3@3,-8.19916e-05,,MHz^3,"estimator on the archive grid against the direct truncated moment -8.81779e-05 of the same de-baselined line on a 10x finer grid, both self-centred, scaled error 1.64e-06. the bare model's truncated moment is -6.95674e-05, so the strip baseline's bias at this window is -1.242e-05 (-3.3e-06 in units of k2^(n/2), the odd orders of a symmetric line being zero)","noiseless, truth 42.38 um at the prior means, mixed form, strips (28.0, 36.0) MHz",DIAGNOSTIC
P_4192_225mW_130C,mu4@3,11.9581,,MHz^4,"estimator on the archive grid against the direct truncated moment 11.9578 of the same de-baselined line on a 10x finer grid, both self-centred, scaled error 4.23e-05. the bare model's truncated moment is 11.9903, so the strip baseline's bias at this window is -0.03224 (-0.269 per cent)","noiseless, truth 42.38 um at the prior means, mixed form, strips (28.0, 36.0) MHz",DIAGNOSTIC
P_4192_225mW_130C,mu5@3,-0.000744808,,MHz^5,"estimator on the archive grid against the direct truncated moment -0.000760093 of the same de-baselined line on a 10x finer grid, both self-centred, scaled error 1.68e-06. the bare model's truncated moment is -0.000583381, so the strip baseline's bias at this window is -0.0001614 (-1.77e-05 in units of k2^(n/2), the odd orders of a symmetric line being zero)","noiseless, truth 42.38 um at the prior means, mixed form, strips (28.0, 36.0) MHz",DIAGNOSTIC
P_4192_225mW_130C,mu6@3,73.3071,,MHz^6,"estimator on the archive grid against the direct truncated moment 73.3055 of the same de-baselined line on a 10x finer grid, both self-centred, scaled error 1.14e-04. the bare model's truncated moment is 73.5417, so the strip baseline's bias at this window is -0.2346 (-0.319 per cent)","noiseless, truth 42.38 um at the prior means, mixed form, strips (28.0, 36.0) MHz",DIAGNOSTIC
P_4192_225mW_130C,mu7@3,-0.00597335,,MHz^7,"estimator on the archive grid against the direct truncated moment -0.00586833 of the same de-baselined line on a 10x finer grid, both self-centred, scaled error 4.75e-06. the bare model's truncated moment is -0.00439246, so the strip baseline's bias at this window is -0.001581 (-7.16e-05 in units of k2^(n/2), the odd orders of a symmetric line being zero)","noiseless, truth 42.38 um at the prior means, mixed form, strips (28.0, 36.0) MHz",DIAGNOSTIC
P_4192_225mW_130C,mu2@5,5.26232,,MHz^2,"estimator on the archive grid against the direct truncated moment 5.26223 of the same de-baselined line on a 10x finer grid, both self-centred, scaled error 1.71e-05. the bare model's truncated moment is 5.29273, so the strip baseline's bias at this window is -0.03041 (-0.575 per cent)","noiseless, truth 42.38 um at the prior means, mixed form, strips (28.0, 36.0) MHz",DIAGNOSTIC
P_4192_225mW_130C,mu3@5,-0.000611694,,MHz^3,"estimator on the archive grid against the direct truncated moment -0.000667656 of the same de-baselined line on a 10x finer grid, both self-centred, scaled error 4.64e-06. the bare model's truncated moment is -0.000308925, so the strip baseline's bias at this window is -0.0003028 (-2.51e-05 in units of k2^(n/2), the odd orders of a symmetric line being zero)","noiseless, truth 42.38 um at the prior means, mixed form, strips (28.0, 36.0) MHz",DIAGNOSTIC
P_4192_225mW_130C,mu4@5,65.5014,,MHz^4,"estimator on the archive grid against the direct truncated moment 65.5 of the same de-baselined line on a 10x finer grid, both self-centred, scaled error 5.00e-05. the bare model's truncated moment is 66.0909, so the strip baseline's bias at this window is -0.5895 (-0.892 per cent)","noiseless, truth 42.38 um at the prior means, mixed form, strips (28.0, 36.0) MHz",DIAGNOSTIC
P_4192_225mW_130C,mu5@5,-0.0136535,,MHz^5,"estimator on the archive grid against the direct truncated moment -0.0151159 of the same de-baselined line on a 10x finer grid, both self-centred, scaled error 2.30e-05. the bare model's truncated moment is -0.00623507, so the strip baseline's bias at this window is -0.007418 (-0.000117 in units of k2^(n/2), the odd orders of a symmetric line being zero)","noiseless, truth 42.38 um at the prior means, mixed form, strips (28.0, 36.0) MHz",DIAGNOSTIC
P_4192_225mW_130C,mu6@5,1063.99,,MHz^6,"estimator on the archive grid against the direct truncated moment 1063.97 of the same de-baselined line on a 10x finer grid, both self-centred, scaled error 1.62e-04. the bare model's truncated moment is 1075.57, so the strip baseline's bias at this window is -11.58 (-1.08 per cent)","noiseless, truth 42.38 um at the prior means, mixed form, strips (28.0, 36.0) MHz",DIAGNOSTIC
P_4192_225mW_130C,mu7@5,-0.283758,,MHz^7,"estimator on the archive grid against the direct truncated moment -0.318059 of the same de-baselined line on a 10x finer grid, both self-centred, scaled error 1.03e-04. the bare model's truncated moment is -0.121158, so the strip baseline's bias at this window is -0.1626 (-0.000486 in units of k2^(n/2), the odd orders of a symmetric line being zero)","noiseless, truth 42.38 um at the prior means, mixed form, strips (28.0, 36.0) MHz",DIAGNOSTIC
P_4192_225mW_130C,mu2@8,9.4769,,MHz^2,"estimator on the archive grid against the direct truncated moment 9.47668 of the same de-baselined line on a 10x finer grid, both self-centred, scaled error 2.32e-05. the bare model's truncated moment is 9.64151, so the strip baseline's bias at this window is -0.1646 (-1.71 per cent)","noiseless, truth 42.38 um at the prior means, mixed form, strips (28.0, 36.0) MHz",DIAGNOSTIC
P_4192_225mW_130C,mu3@8,-0.00593029,,MHz^3,"estimator on the archive grid against the direct truncated moment -0.00595762 of the same de-baselined line on a 10x finer grid, both self-centred, scaled error 9.37e-07. the bare model's truncated moment is -0.000703953, so the strip baseline's bias at this window is -0.005226 (-0.000179 in units of k2^(n/2), the odd orders of a symmetric line being zero)","noiseless, truth 42.38 um at the prior means, mixed form, strips (28.0, 36.0) MHz",DIAGNOSTIC
P_4192_225mW_130C,mu4@8,265.806,,MHz^4,"estimator on the archive grid against the direct truncated moment 265.798 of the same de-baselined line on a 10x finer grid, both self-centred, scaled error 8.63e-05. the bare model's truncated moment is 273.492, so the strip baseline's bias at this window is -7.686 (-2.81 per cent)","noiseless, truth 42.38 um at the prior means, mixed form, strips (28.0, 36.0) MHz",DIAGNOSTIC
P_4192_225mW_130C,mu5@8,-0.339801,,MHz^5,"estimator on the archive grid against the direct truncated moment -0.338936 of the same de-baselined line on a 10x finer grid, both self-centred, scaled error 3.13e-06. the bare model's truncated moment is -0.0283753, so the strip baseline's bias at this window is -0.3114 (-0.00113 in units of k2^(n/2), the odd orders of a symmetric line being zero)","noiseless, truth 42.38 um at the prior means, mixed form, strips (28.0, 36.0) MHz",DIAGNOSTIC
P_4192_225mW_130C,mu6@8,10483.7,,MHz^6,"estimator on the archive grid against the direct truncated moment 10483.4 of the same de-baselined line on a 10x finer grid, both self-centred, scaled error 3.76e-04. the bare model's truncated moment is 10858.3, so the strip baseline's bias at this window is -374.6 (-3.45 per cent)","noiseless, truth 42.38 um at the prior means, mixed form, strips (28.0, 36.0) MHz",DIAGNOSTIC
P_4192_225mW_130C,mu7@8,-18.2842,,MHz^7,"estimator on the archive grid against the direct truncated moment -18.1691 of the same de-baselined line on a 10x finer grid, both self-centred, scaled error 4.39e-05. the bare model's truncated moment is -1.21761, so the strip baseline's bias at this window is -17.07 (-0.00651 in units of k2^(n/2), the odd orders of a symmetric line being zero)","noiseless, truth 42.38 um at the prior means, mixed form, strips (28.0, 36.0) MHz",DIAGNOSTIC
P_4192_225mW_130C,mu2@13,15.6911,,MHz^2,"estimator on the archive grid against the direct truncated moment 15.6906 of the same de-baselined line on a 10x finer grid, both self-centred, scaled error 3.23e-05. the bare model's truncated moment is 16.5414, so the strip baseline's bias at this window is -0.8503 (-5.14 per cent)","noiseless, truth 42.38 um at the prior means, mixed form, strips (28.0, 36.0) MHz",DIAGNOSTIC
P_4192_225mW_130C,mu3@13,-0.0765382,,MHz^3,"estimator on the archive grid against the direct truncated moment -0.0767073 of the same de-baselined line on a 10x finer grid, both self-centred, scaled error 2.72e-06. the bare model's truncated moment is -0.00105854, so the strip baseline's bias at this window is -0.07548 (-0.00121 in units of k2^(n/2), the odd orders of a symmetric line being zero)","noiseless, truth 42.38 um at the prior means, mixed form, strips (28.0, 36.0) MHz",DIAGNOSTIC
P_4192_225mW_130C,mu4@13,1007.69,,MHz^4,"estimator on the archive grid against the direct truncated moment 1007.65 of the same de-baselined line on a 10x finer grid, both self-centred, scaled error 1.86e-04. the bare model's truncated moment is 1106.14, so the strip baseline's bias at this window is -98.44 (-8.9 per cent)","noiseless, truth 42.38 um at the prior means, mixed form, strips (28.0, 36.0) MHz",DIAGNOSTIC
P_4192_225mW_130C,mu5@13,-10.9713,,MHz^5,"estimator on the archive grid against the direct truncated moment -10.9893 of the same de-baselined line on a 10x finer grid, both self-centred, scaled error 1.84e-05. the bare model's truncated moment is -0.076259, so the strip baseline's bias at this window is -10.9 (-0.0112 in units of k2^(n/2), the odd orders of a symmetric line being zero)","noiseless, truth 42.38 um at the prior means, mixed form, strips (28.0, 36.0) MHz",DIAGNOSTIC
P_4192_225mW_130C,mu6@13,100333,,MHz^6,"estimator on the archive grid against the direct truncated moment 100328 of the same de-baselined line on a 10x finer grid, both self-centred, scaled error 1.36e-03. the bare model's truncated moment is 112663, so the strip baseline's bias at this window is -1.233e+04 (-10.9 per cent)","noiseless, truth 42.38 um at the prior means, mixed form, strips (28.0, 36.0) MHz. REFUSED from the vector: unresolved at the archive's sampling",DIAGNOSTIC
P_4192_225mW_130C,mu7@13,-1518.36,,MHz^7,"estimator on the archive grid against the direct truncated moment -1520.78 of the same de-baselined line on a 10x finer grid, both self-centred, scaled error 1.58e-04. the bare model's truncated moment is -6.99585, so the strip baseline's bias at this window is -1511 (-0.0988 in units of k2^(n/2), the odd orders of a symmetric line being zero)","noiseless, truth 42.38 um at the prior means, mixed form, strips (28.0, 36.0) MHz",DIAGNOSTIC
P_4192_225mW_130C,mu2@21,23.2982,,MHz^2,"estimator on the archive grid against the direct truncated moment 23.2965 of the same de-baselined line on a 10x finer grid, both self-centred, scaled error 7.21e-05. the bare model's truncated moment is 27.3041, so the strip baseline's bias at this window is -4.006 (-14.7 per cent)","noiseless, truth 42.38 um at the prior means, mixed form, strips (28.0, 36.0) MHz",DIAGNOSTIC
P_4192_225mW_130C,mu3@21,-0.957989,,MHz^3,"estimator on the archive grid against the direct truncated moment -0.958928 of the same de-baselined line on a 10x finer grid, both self-centred, scaled error 8.35e-06. the bare model's truncated moment is -0.00125973, so the strip baseline's bias at this window is -0.9567 (-0.00851 in units of k2^(n/2), the odd orders of a symmetric line being zero)","noiseless, truth 42.38 um at the prior means, mixed form, strips (28.0, 36.0) MHz",DIAGNOSTIC
P_4192_225mW_130C,mu4@21,3276.04,,MHz^4,"estimator on the archive grid against the direct truncated moment 3275.61 of the same de-baselined line on a 10x finer grid, both self-centred, scaled error 8.06e-04. the bare model's truncated moment is 4429.62, so the strip baseline's bias at this window is -1154 (-26 per cent)","noiseless, truth 42.38 um at the prior means, mixed form, strips (28.0, 36.0) MHz",DIAGNOSTIC
P_4192_225mW_130C,mu5@21,-338.054,,MHz^5,"estimator on the archive grid against the direct truncated moment -338.355 of the same de-baselined line on a 10x finer grid, both self-centred, scaled error 1.15e-04. the bare model's truncated moment is -0.147787, so the strip baseline's bias at this window is -337.9 (-0.129 in units of k2^(n/2), the odd orders of a symmetric line being zero)","noiseless, truth 42.38 um at the prior means, mixed form, strips (28.0, 36.0) MHz",DIAGNOSTIC
P_4192_225mW_130C,mu6@21,799114,,MHz^6,"estimator on the archive grid against the direct truncated moment 798976 of the same de-baselined line on a 10x finer grid, both self-centred, scaled error 1.09e-02. the bare model's truncated moment is 1.17003e+06, so the strip baseline's bias at this window is -3.709e+05 (-31.7 per cent)","noiseless, truth 42.38 um at the prior means, mixed form, strips (28.0, 36.0) MHz. REFUSED from the vector: unresolved at the archive's sampling",DIAGNOSTIC
P_4192_225mW_130C,mu7@21,-119381,,MHz^7,"estimator on the archive grid against the direct truncated moment -119486 of the same de-baselined line on a 10x finer grid, both self-centred, scaled error 1.71e-03. the bare model's truncated moment is -29.2917, so the strip baseline's bias at this window is -1.194e+05 (-1.96 in units of k2^(n/2), the odd orders of a symmetric line being zero)","noiseless, truth 42.38 um at the prior means, mixed form, strips (28.0, 36.0) MHz. REFUSED from the vector: unresolved at the archive's sampling",DIAGNOSTIC
P_4192_25mW_130C,mu2@0.5,0.0826182,,MHz^2,"estimator on the archive grid against the direct truncated moment 0.0826189 of the same de-baselined line on a 10x finer grid, both self-centred, scaled error 8.07e-06. the bare model's truncated moment is 0.0826226, so the strip baseline's bias at this window is -4.356e-06 (-0.00527 per cent)","noiseless, truth 42.38 um at the prior means, mixed form, strips (28.0, 36.0) MHz",DIAGNOSTIC
P_4192_25mW_130C,mu3@0.5,5.17578e-09,,MHz^3,"estimator on the archive grid against the direct truncated moment 4.99762e-06 of the same de-baselined line on a 10x finer grid, both self-centred, scaled error 2.10e-04. the bare model's truncated moment is 5.00345e-06, so the strip baseline's bias at this window is -4.998e-06 (-0.00021 in units of k2^(n/2), the odd orders of a symmetric line being zero)","noiseless, truth 42.38 um at the prior means, mixed form, strips (28.0, 36.0) MHz",DIAGNOSTIC
P_4192_25mW_130C,mu4@0.5,0.0123471,,MHz^4,"estimator on the archive grid against the direct truncated moment 0.0123475 of the same de-baselined line on a 10x finer grid, both self-centred, scaled error 6.23e-05. the bare model's truncated moment is 0.0123483, so the strip baseline's bias at this window is -1.22e-06 (-0.00988 per cent)","noiseless, truth 42.38 um at the prior means, mixed form, strips (28.0, 36.0) MHz",DIAGNOSTIC
P_4192_25mW_130C,mu5@0.5,1.76855e-09,,MHz^5,"estimator on the archive grid against the direct truncated moment 1.21795e-06 of the same de-baselined line on a 10x finer grid, both self-centred, scaled error 6.20e-04. the bare model's truncated moment is 1.2163e-06, so the strip baseline's bias at this window is -1.215e-06 (-0.000619 in units of k2^(n/2), the odd orders of a symmetric line being zero)","noiseless, truth 42.38 um at the prior means, mixed form, strips (28.0, 36.0) MHz",DIAGNOSTIC
P_4192_25mW_130C,mu6@0.5,0.00220034,,MHz^6,"estimator on the archive grid against the direct truncated moment 0.00220051 of the same de-baselined line on a 10x finer grid, both self-centred, scaled error 3.04e-04. the bare model's truncated moment is 0.00220068, so the strip baseline's bias at this window is -3.383e-07 (-0.0154 per cent)","noiseless, truth 42.38 um at the prior means, mixed form, strips (28.0, 36.0) MHz",DIAGNOSTIC
P_4192_25mW_130C,mu7@0.5,4.91154e-10,,MHz^7,"estimator on the archive grid against the direct truncated moment 3.25845e-07 of the same de-baselined line on a 10x finer grid, both self-centred, scaled error 2.01e-03. the bare model's truncated moment is 3.24788e-07, so the strip baseline's bias at this window is -3.243e-07 (-0.002 in units of k2^(n/2), the odd orders of a symmetric line being zero)","noiseless, truth 42.38 um at the prior means, mixed form, strips (28.0, 36.0) MHz. REFUSED from the vector: unresolved at the archive's sampling",DIAGNOSTIC
P_4192_25mW_130C,mu2@1,0.322378,,MHz^2,"estimator on the archive grid against the direct truncated moment 0.322377 of the same de-baselined line on a 10x finer grid, both self-centred, scaled error 3.25e-06. the bare model's truncated moment is 0.322435, so the strip baseline's bias at this window is -5.692e-05 (-0.0177 per cent)","noiseless, truth 42.38 um at the prior means, mixed form, strips (28.0, 36.0) MHz",DIAGNOSTIC
P_4192_25mW_130C,mu3@1,4.50437e-08,,MHz^3,"estimator on the archive grid against the direct truncated moment 2.83339e-07 of the same de-baselined line on a 10x finer grid, both self-centred, scaled error 1.30e-06. the bare model's truncated moment is 2.97509e-07, so the strip baseline's bias at this window is -2.525e-07 (-1.38e-06 in units of k2^(n/2), the odd orders of a symmetric line being zero)","noiseless, truth 42.38 um at the prior means, mixed form, strips (28.0, 36.0) MHz",DIAGNOSTIC
P_4192_25mW_130C,mu4@1,0.190692,,MHz^4,"estimator on the archive grid against the direct truncated moment 0.190694 of the same de-baselined line on a 10x finer grid, both self-centred, scaled error 1.99e-05. the bare model's truncated moment is 0.190743, so the strip baseline's bias at this window is -5.132e-05 (-0.0269 per cent)","noiseless, truth 42.38 um at the prior means, mixed form, strips (28.0, 36.0) MHz",DIAGNOSTIC
P_4192_25mW_130C,mu5@1,6.8886e-08,,MHz^5,"estimator on the archive grid against the direct truncated moment 5.65457e-08 of the same de-baselined line on a 10x finer grid, both self-centred, scaled error 2.09e-07. the bare model's truncated moment is 6.55173e-08, so the strip baseline's bias at this window is +3.369e-09 (+5.71e-08 in units of k2^(n/2), the odd orders of a symmetric line being zero)","noiseless, truth 42.38 um at the prior means, mixed form, strips (28.0, 36.0) MHz",DIAGNOSTIC
P_4192_25mW_130C,mu6@1,0.135144,,MHz^6,"estimator on the archive grid against the direct truncated moment 0.135149 of the same de-baselined line on a 10x finer grid, both self-centred, scaled error 1.53e-04. the bare model's truncated moment is 0.13519, so the strip baseline's bias at this window is -4.595e-05 (-0.034 per cent)","noiseless, truth 42.38 um at the prior means, mixed form, strips (28.0, 36.0) MHz",DIAGNOSTIC
P_4192_25mW_130C,mu7@1,8.35336e-08,,MHz^7,"estimator on the archive grid against the direct truncated moment -1.11114e-07 of the same de-baselined line on a 10x finer grid, both self-centred, scaled error 1.02e-05. the bare model's truncated moment is -1.06042e-07, so the strip baseline's bias at this window is +1.896e-07 (+9.97e-06 in units of k2^(n/2), the odd orders of a symmetric line being zero)","noiseless, truth 42.38 um at the prior means, mixed form, strips (28.0, 36.0) MHz",DIAGNOSTIC
P_4192_25mW_130C,mu2@2,1.18203,,MHz^2,"estimator on the archive grid against the direct truncated moment 1.18201 of the same de-baselined line on a 10x finer grid, both self-centred, scaled error 1.99e-05. the bare model's truncated moment is 1.18289, so the strip baseline's bias at this window is -0.000865 (-0.0731 per cent)","noiseless, truth 42.38 um at the prior means, mixed form, strips (28.0, 36.0) MHz",DIAGNOSTIC
P_4192_25mW_130C,mu3@2,-5.43398e-07,,MHz^3,"estimator on the archive grid against the direct truncated moment 4.17263e-07 of the same de-baselined line on a 10x finer grid, both self-centred, scaled error 7.48e-07. the bare model's truncated moment is 6.13545e-07, so the strip baseline's bias at this window is -1.157e-06 (-9e-07 in units of k2^(n/2), the odd orders of a symmetric line being zero)","noiseless, truth 42.38 um at the prior means, mixed form, strips (28.0, 36.0) MHz",DIAGNOSTIC
P_4192_25mW_130C,mu4@2,2.69671,,MHz^4,"estimator on the archive grid against the direct truncated moment 2.69665 of the same de-baselined line on a 10x finer grid, both self-centred, scaled error 4.66e-05. the bare model's truncated moment is 2.6996, so the strip baseline's bias at this window is -0.00289 (-0.107 per cent)","noiseless, truth 42.38 um at the prior means, mixed form, strips (28.0, 36.0) MHz",DIAGNOSTIC
P_4192_25mW_130C,mu5@2,-2.08649e-06,,MHz^5,"estimator on the archive grid against the direct truncated moment 3.82658e-06 of the same de-baselined line on a 10x finer grid, both self-centred, scaled error 3.89e-06. the bare model's truncated moment is 4.72341e-06, so the strip baseline's bias at this window is -6.81e-06 (-4.48e-06 in units of k2^(n/2), the odd orders of a symmetric line being zero)","noiseless, truth 42.38 um at the prior means, mixed form, strips (28.0, 36.0) MHz",DIAGNOSTIC
P_4192_25mW_130C,mu6@2,7.49648,,MHz^6,"estimator on the archive grid against the direct truncated moment 7.4963 of the same de-baselined line on a 10x finer grid, both self-centred, scaled error 1.08e-04. the bare model's truncated moment is 7.50597, so the strip baseline's bias at this window is -0.00949 (-0.126 per cent)","noiseless, truth 42.38 um at the prior means, mixed form, strips (28.0, 36.0) MHz",DIAGNOSTIC
P_4192_25mW_130C,mu7@2,-6.96303e-06,,MHz^7,"estimator on the archive grid against the direct truncated moment 2.41801e-05 of the same de-baselined line on a 10x finer grid, both self-centred, scaled error 1.73e-05. the bare model's truncated moment is 2.77899e-05, so the strip baseline's bias at this window is -3.475e-05 (-1.94e-05 in units of k2^(n/2), the odd orders of a symmetric line being zero)","noiseless, truth 42.38 um at the prior means, mixed form, strips (28.0, 36.0) MHz",DIAGNOSTIC
P_4192_25mW_130C,mu2@3,2.36542,,MHz^2,"estimator on the archive grid against the direct truncated moment 2.36536 of the same de-baselined line on a 10x finer grid, both self-centred, scaled error 2.53e-05. the bare model's truncated moment is 2.36962, so the strip baseline's bias at this window is -0.0042 (-0.177 per cent)","noiseless, truth 42.38 um at the prior means, mixed form, strips (28.0, 36.0) MHz",DIAGNOSTIC
P_4192_25mW_130C,mu3@3,-1.72811e-06,,MHz^3,"estimator on the archive grid against the direct truncated moment -2.59705e-06 of the same de-baselined line on a 10x finer grid, both self-centred, scaled error 2.39e-07. the bare model's truncated moment is -6.62393e-07, so the strip baseline's bias at this window is -1.066e-06 (-2.93e-07 in units of k2^(n/2), the odd orders of a symmetric line being zero)","noiseless, truth 42.38 um at the prior means, mixed form, strips (28.0, 36.0) MHz",DIAGNOSTIC
P_4192_25mW_130C,mu4@3,11.5739,,MHz^4,"estimator on the archive grid against the direct truncated moment 11.5735 of the same de-baselined line on a 10x finer grid, both self-centred, scaled error 6.68e-05. the bare model's truncated moment is 11.6046, so the strip baseline's bias at this window is -0.03068 (-0.264 per cent)","noiseless, truth 42.38 um at the prior means, mixed form, strips (28.0, 36.0) MHz",DIAGNOSTIC
P_4192_25mW_130C,mu5@3,-1.43413e-05,,MHz^5,"estimator on the archive grid against the direct truncated moment -2.95744e-05 of the same de-baselined line on a 10x finer grid, both self-centred, scaled error 1.77e-06. the bare model's truncated moment is -1.16511e-05, so the strip baseline's bias at this window is -2.69e-06 (-3.13e-07 in units of k2^(n/2), the odd orders of a symmetric line being zero)","noiseless, truth 42.38 um at the prior means, mixed form, strips (28.0, 36.0) MHz",DIAGNOSTIC
P_4192_25mW_130C,mu6@3,70.6208,,MHz^6,"estimator on the archive grid against the direct truncated moment 70.6183 of the same de-baselined line on a 10x finer grid, both self-centred, scaled error 1.87e-04. the bare model's truncated moment is 70.8433, so the strip baseline's bias at this window is -0.2225 (-0.314 per cent)","noiseless, truth 42.38 um at the prior means, mixed form, strips (28.0, 36.0) MHz",DIAGNOSTIC
P_4192_25mW_130C,mu7@3,-0.000112529,,MHz^7,"estimator on the archive grid against the direct truncated moment -0.000299551 of the same de-baselined line on a 10x finer grid, both self-centred, scaled error 9.19e-06. the bare model's truncated moment is -0.000154311, so the strip baseline's bias at this window is +4.178e-05 (+2.05e-06 in units of k2^(n/2), the odd orders of a symmetric line being zero)","noiseless, truth 42.38 um at the prior means, mixed form, strips (28.0, 36.0) MHz",DIAGNOSTIC
P_4192_25mW_130C,mu2@5,5.053,,MHz^2,"estimator on the archive grid against the direct truncated moment 5.05281 of the same de-baselined line on a 10x finer grid, both self-centred, scaled error 3.89e-05. the bare model's truncated moment is 5.0818, so the strip baseline's bias at this window is -0.0288 (-0.567 per cent)","noiseless, truth 42.38 um at the prior means, mixed form, strips (28.0, 36.0) MHz",DIAGNOSTIC
P_4192_25mW_130C,mu3@5,-4.28867e-05,,MHz^3,"estimator on the archive grid against the direct truncated moment -3.84137e-05 of the same de-baselined line on a 10x finer grid, both self-centred, scaled error 3.94e-07. the bare model's truncated moment is 3.60273e-08, so the strip baseline's bias at this window is -4.292e-05 (-3.78e-06 in units of k2^(n/2), the odd orders of a symmetric line being zero)","noiseless, truth 42.38 um at the prior means, mixed form, strips (28.0, 36.0) MHz",DIAGNOSTIC
P_4192_25mW_130C,mu4@5,61.9324,,MHz^4,"estimator on the archive grid against the direct truncated moment 61.9292 of the same de-baselined line on a 10x finer grid, both self-centred, scaled error 1.24e-04. the bare model's truncated moment is 62.4866, so the strip baseline's bias at this window is -0.5542 (-0.887 per cent)","noiseless, truth 42.38 um at the prior means, mixed form, strips (28.0, 36.0) MHz",DIAGNOSTIC
P_4192_25mW_130C,mu5@5,-0.00106077,,MHz^5,"estimator on the archive grid against the direct truncated moment -0.000960767 of the same de-baselined line on a 10x finer grid, both self-centred, scaled error 1.74e-06. the bare model's truncated moment is -1.65248e-05, so the strip baseline's bias at this window is -0.001044 (-1.82e-05 in units of k2^(n/2), the odd orders of a symmetric line being zero)","noiseless, truth 42.38 um at the prior means, mixed form, strips (28.0, 36.0) MHz",DIAGNOSTIC
P_4192_25mW_130C,mu6@5,998.951,,MHz^6,"estimator on the archive grid against the direct truncated moment 998.895 of the same de-baselined line on a 10x finer grid, both self-centred, scaled error 4.37e-04. the bare model's truncated moment is 1009.79, so the strip baseline's bias at this window is -10.84 (-1.07 per cent)","noiseless, truth 42.38 um at the prior means, mixed form, strips (28.0, 36.0) MHz",DIAGNOSTIC
P_4192_25mW_130C,mu7@5,-0.0234947,,MHz^7,"estimator on the archive grid against the direct truncated moment -0.0217345 of the same de-baselined line on a 10x finer grid, both self-centred, scaled error 6.07e-06. the bare model's truncated moment is -0.000904783, so the strip baseline's bias at this window is -0.02259 (-7.79e-05 in units of k2^(n/2), the odd orders of a symmetric line being zero)","noiseless, truth 42.38 um at the prior means, mixed form, strips (28.0, 36.0) MHz",DIAGNOSTIC
P_4192_25mW_130C,mu2@8,8.95207,,MHz^2,"estimator on the archive grid against the direct truncated moment 8.95166 of the same de-baselined line on a 10x finer grid, both self-centred, scaled error 4.55e-05. the bare model's truncated moment is 9.10654, so the strip baseline's bias at this window is -0.1545 (-1.7 per cent)","noiseless, truth 42.38 um at the prior means, mixed form, strips (28.0, 36.0) MHz",DIAGNOSTIC
P_4192_25mW_130C,mu3@8,-0.000564095,,MHz^3,"estimator on the archive grid against the direct truncated moment -0.000559952 of the same de-baselined line on a 10x finer grid, both self-centred, scaled error 1.55e-07. the bare model's truncated moment is 5.64711e-07, so the strip baseline's bias at this window is -0.0005647 (-2.11e-05 in units of k2^(n/2), the odd orders of a symmetric line being zero)","noiseless, truth 42.38 um at the prior means, mixed form, strips (28.0, 36.0) MHz",DIAGNOSTIC
P_4192_25mW_130C,mu4@8,246.189,,MHz^4,"estimator on the archive grid against the direct truncated moment 246.174 of the same de-baselined line on a 10x finer grid, both self-centred, scaled error 1.82e-04. the bare model's truncated moment is 253.342, so the strip baseline's bias at this window is -7.153 (-2.82 per cent)","noiseless, truth 42.38 um at the prior means, mixed form, strips (28.0, 36.0) MHz",DIAGNOSTIC
P_4192_25mW_130C,mu5@8,-0.0327705,,MHz^5,"estimator on the archive grid against the direct truncated moment -0.0327988 of the same de-baselined line on a 10x finer grid, both self-centred, scaled error 1.18e-07. the bare model's truncated moment is 6.47459e-07, so the strip baseline's bias at this window is -0.03277 (-0.000137 in units of k2^(n/2), the odd orders of a symmetric line being zero)","noiseless, truth 42.38 um at the prior means, mixed form, strips (28.0, 36.0) MHz",DIAGNOSTIC
P_4192_25mW_130C,mu6@8,9638.24,,MHz^6,"estimator on the archive grid against the direct truncated moment 9637.6 of the same de-baselined line on a 10x finer grid, both self-centred, scaled error 8.94e-04. the bare model's truncated moment is 9985.49, so the strip baseline's bias at this window is -347.3 (-3.48 per cent)","noiseless, truth 42.38 um at the prior means, mixed form, strips (28.0, 36.0) MHz",DIAGNOSTIC
P_4192_25mW_130C,mu7@8,-1.77279,,MHz^7,"estimator on the archive grid against the direct truncated moment -1.78218 of the same de-baselined line on a 10x finer grid, both self-centred, scaled error 4.38e-06. the bare model's truncated moment is -0.00209885, so the strip baseline's bias at this window is -1.771 (-0.000825 in units of k2^(n/2), the odd orders of a symmetric line being zero)","noiseless, truth 42.38 um at the prior means, mixed form, strips (28.0, 36.0) MHz",DIAGNOSTIC
P_4192_25mW_130C,mu2@13,14.641,,MHz^2,"estimator on the archive grid against the direct truncated moment 14.6398 of the same de-baselined line on a 10x finer grid, both self-centred, scaled error 8.19e-05. the bare model's truncated moment is 15.4307, so the strip baseline's bias at this window is -0.7896 (-5.12 per cent)","noiseless, truth 42.38 um at the prior means, mixed form, strips (28.0, 36.0) MHz",DIAGNOSTIC
P_4192_25mW_130C,mu3@13,-0.00797982,,MHz^3,"estimator on the archive grid against the direct truncated moment -0.0079856 of the same de-baselined line on a 10x finer grid, both self-centred, scaled error 1.03e-07. the bare model's truncated moment is 2.69812e-07, so the strip baseline's bias at this window is -0.00798 (-0.000142 in units of k2^(n/2), the odd orders of a symmetric line being zero)","noiseless, truth 42.38 um at the prior means, mixed form, strips (28.0, 36.0) MHz",DIAGNOSTIC
P_4192_25mW_130C,mu4@13,922.36,,MHz^4,"estimator on the archive grid against the direct truncated moment 922.241 of the same de-baselined line on a 10x finer grid, both self-centred, scaled error 5.54e-04. the bare model's truncated moment is 1013.1, so the strip baseline's bias at this window is -90.74 (-8.96 per cent)","noiseless, truth 42.38 um at the prior means, mixed form, strips (28.0, 36.0) MHz",DIAGNOSTIC
P_4192_25mW_130C,mu5@13,-1.13953,,MHz^5,"estimator on the archive grid against the direct truncated moment -1.14128 of the same de-baselined line on a 10x finer grid, both self-centred, scaled error 2.13e-06. the bare model's truncated moment is -9.40202e-05, so the strip baseline's bias at this window is -1.139 (-0.00139 in units of k2^(n/2), the odd orders of a symmetric line being zero)","noiseless, truth 42.38 um at the prior means, mixed form, strips (28.0, 36.0) MHz",DIAGNOSTIC
P_4192_25mW_130C,mu6@13,91394.1,,MHz^6,"estimator on the archive grid against the direct truncated moment 91379.9 of the same de-baselined line on a 10x finer grid, both self-centred, scaled error 4.54e-03. the bare model's truncated moment is 102726, so the strip baseline's bias at this window is -1.133e+04 (-11 per cent)","noiseless, truth 42.38 um at the prior means, mixed form, strips (28.0, 36.0) MHz. REFUSED from the vector: unresolved at the archive's sampling",DIAGNOSTIC
P_4192_25mW_130C,mu7@13,-157.389,,MHz^7,"estimator on the archive grid against the direct truncated moment -157.664 of the same de-baselined line on a 10x finer grid, both self-centred, scaled error 2.29e-05. the bare model's truncated moment is -0.0304366, so the strip baseline's bias at this window is -157.4 (-0.0131 in units of k2^(n/2), the odd orders of a symmetric line being zero)","noiseless, truth 42.38 um at the prior means, mixed form, strips (28.0, 36.0) MHz",DIAGNOSTIC
P_4192_25mW_130C,mu2@21,21.5882,,MHz^2,"estimator on the archive grid against the direct truncated moment 21.5836 of the same de-baselined line on a 10x finer grid, both self-centred, scaled error 2.13e-04. the bare model's truncated moment is 25.2793, so the strip baseline's bias at this window is -3.691 (-14.6 per cent)","noiseless, truth 42.38 um at the prior means, mixed form, strips (28.0, 36.0) MHz",DIAGNOSTIC
P_4192_25mW_130C,mu3@21,-0.099973,,MHz^3,"estimator on the archive grid against the direct truncated moment -0.100179 of the same de-baselined line on a 10x finer grid, both self-centred, scaled error 2.06e-06. the bare model's truncated moment is 1.04226e-06, so the strip baseline's bias at this window is -0.09997 (-0.000997 in units of k2^(n/2), the odd orders of a symmetric line being zero)","noiseless, truth 42.38 um at the prior means, mixed form, strips (28.0, 36.0) MHz",DIAGNOSTIC
P_4192_25mW_130C,mu4@21,2987.39,,MHz^4,"estimator on the archive grid against the direct truncated moment 2986.14 of the same de-baselined line on a 10x finer grid, both self-centred, scaled error 2.67e-03. the bare model's truncated moment is 4044.33, so the strip baseline's bias at this window is -1057 (-26.1 per cent)","noiseless, truth 42.38 um at the prior means, mixed form, strips (28.0, 36.0) MHz. REFUSED from the vector: unresolved at the archive's sampling",DIAGNOSTIC
P_4192_25mW_130C,mu5@21,-35.0455,,MHz^5,"estimator on the archive grid against the direct truncated moment -35.1214 of the same de-baselined line on a 10x finer grid, both self-centred, scaled error 3.51e-05. the bare model's truncated moment is 0.000185492, so the strip baseline's bias at this window is -35.05 (-0.0162 in units of k2^(n/2), the odd orders of a symmetric line being zero)","noiseless, truth 42.38 um at the prior means, mixed form, strips (28.0, 36.0) MHz",DIAGNOSTIC
P_4192_25mW_130C,mu6@21,727008,,MHz^6,"estimator on the archive grid against the direct truncated moment 726612 of the same de-baselined line on a 10x finer grid, both self-centred, scaled error 3.94e-02. the bare model's truncated moment is 1.06625e+06, so the strip baseline's bias at this window is -3.392e+05 (-31.8 per cent)","noiseless, truth 42.38 um at the prior means, mixed form, strips (28.0, 36.0) MHz. REFUSED from the vector: unresolved at the archive's sampling",DIAGNOSTIC
P_4192_25mW_130C,mu7@21,-12346.5,,MHz^7,"estimator on the archive grid against the direct truncated moment -12373.5 of the same de-baselined line on a 10x finer grid, both self-centred, scaled error 5.79e-04. the bare model's truncated moment is 0.0636953, so the strip baseline's bias at this window is -1.235e+04 (-0.264 in units of k2^(n/2), the odd orders of a symmetric line being zero)","noiseless, truth 42.38 um at the prior means, mixed form, strips (28.0, 36.0) MHz",DIAGNOSTIC
P_4192_75mW_130C,mu2@0.5,0.0826284,,MHz^2,"estimator on the archive grid against the direct truncated moment 0.0826303 of the same de-baselined line on a 10x finer grid, both self-centred, scaled error 2.25e-05. the bare model's truncated moment is 0.082634, so the strip baseline's bias at this window is -5.53e-06 (-0.00669 per cent)","noiseless, truth 42.38 um at the prior means, mixed form, strips (28.0, 36.0) MHz",DIAGNOSTIC
P_4192_75mW_130C,mu3@0.5,8.10573e-09,,MHz^3,"estimator on the archive grid against the direct truncated moment 8.37856e-06 of the same de-baselined line on a 10x finer grid, both self-centred, scaled error 3.52e-04. the bare model's truncated moment is 8.39007e-06, so the strip baseline's bias at this window is -8.382e-06 (-0.000353 in units of k2^(n/2), the odd orders of a symmetric line being zero)","noiseless, truth 42.38 um at the prior means, mixed form, strips (28.0, 36.0) MHz",DIAGNOSTIC
P_4192_75mW_130C,mu4@0.5,0.0123493,,MHz^4,"estimator on the archive grid against the direct truncated moment 0.0123503 of the same de-baselined line on a 10x finer grid, both self-centred, scaled error 1.47e-04. the bare model's truncated moment is 0.0123511, so the strip baseline's bias at this window is -1.787e-06 (-0.0145 per cent)","noiseless, truth 42.38 um at the prior means, mixed form, strips (28.0, 36.0) MHz",DIAGNOSTIC
P_4192_75mW_130C,mu5@0.5,2.97163e-09,,MHz^5,"estimator on the archive grid against the direct truncated moment 1.39311e-06 of the same de-baselined line on a 10x finer grid, both self-centred, scaled error 7.08e-04. the bare model's truncated moment is 1.38929e-06, so the strip baseline's bias at this window is -1.386e-06 (-0.000706 in units of k2^(n/2), the odd orders of a symmetric line being zero)","noiseless, truth 42.38 um at the prior means, mixed form, strips (28.0, 36.0) MHz",DIAGNOSTIC
P_4192_75mW_130C,mu6@0.5,0.00220079,,MHz^6,"estimator on the archive grid against the direct truncated moment 0.00220118 of the same de-baselined line on a 10x finer grid, both self-centred, scaled error 6.87e-04. the bare model's truncated moment is 0.00220134, so the strip baseline's bias at this window is -5.488e-07 (-0.0249 per cent)","noiseless, truth 42.38 um at the prior means, mixed form, strips (28.0, 36.0) MHz",DIAGNOSTIC
P_4192_75mW_130C,mu7@0.5,8.77579e-10,,MHz^7,"estimator on the archive grid against the direct truncated moment 2.43912e-07 of the same de-baselined line on a 10x finer grid, both self-centred, scaled error 1.50e-03. the bare model's truncated moment is 2.41578e-07, so the strip baseline's bias at this window is -2.407e-07 (-0.00148 in units of k2^(n/2), the odd orders of a symmetric line being zero)","noiseless, truth 42.38 um at the prior means, mixed form, strips (28.0, 36.0) MHz. REFUSED from the vector: unresolved at the archive's sampling",DIAGNOSTIC
P_4192_75mW_130C,mu2@1,0.322528,,MHz^2,"estimator on the archive grid against the direct truncated moment 0.322527 of the same de-baselined line on a 10x finer grid, both self-centred, scaled error 3.40e-06. the bare model's truncated moment is 0.322585, so the strip baseline's bias at this window is -5.703e-05 (-0.0177 per cent)","noiseless, truth 42.38 um at the prior means, mixed form, strips (28.0, 36.0) MHz",DIAGNOSTIC
P_4192_75mW_130C,mu3@1,-3.54808e-08,,MHz^3,"estimator on the archive grid against the direct truncated moment 6.92409e-07 of the same de-baselined line on a 10x finer grid, both self-centred, scaled error 3.97e-06. the bare model's truncated moment is 7.28737e-07, so the strip baseline's bias at this window is -7.642e-07 (-4.17e-06 in units of k2^(n/2), the odd orders of a symmetric line being zero)","noiseless, truth 42.38 um at the prior means, mixed form, strips (28.0, 36.0) MHz",DIAGNOSTIC
P_4192_75mW_130C,mu4@1,0.190818,,MHz^4,"estimator on the archive grid against the direct truncated moment 0.19082 of the same de-baselined line on a 10x finer grid, both self-centred, scaled error 1.84e-05. the bare model's truncated moment is 0.19087, so the strip baseline's bias at this window is -5.13e-05 (-0.0269 per cent)","noiseless, truth 42.38 um at the prior means, mixed form, strips (28.0, 36.0) MHz",DIAGNOSTIC
P_4192_75mW_130C,mu5@1,-2.50565e-08,,MHz^5,"estimator on the archive grid against the direct truncated moment 1.04985e-07 of the same de-baselined line on a 10x finer grid, both self-centred, scaled error 2.20e-06. the bare model's truncated moment is 1.27147e-07, so the strip baseline's bias at this window is -1.522e-07 (-2.58e-06 in units of k2^(n/2), the odd orders of a symmetric line being zero)","noiseless, truth 42.38 um at the prior means, mixed form, strips (28.0, 36.0) MHz",DIAGNOSTIC
P_4192_75mW_130C,mu6@1,0.135248,,MHz^6,"estimator on the archive grid against the direct truncated moment 0.135253 of the same de-baselined line on a 10x finer grid, both self-centred, scaled error 1.45e-04. the bare model's truncated moment is 0.135293, so the strip baseline's bias at this window is -4.58e-05 (-0.0339 per cent)","noiseless, truth 42.38 um at the prior means, mixed form, strips (28.0, 36.0) MHz",DIAGNOSTIC
P_4192_75mW_130C,mu7@1,-1.0802e-08,,MHz^7,"estimator on the archive grid against the direct truncated moment -3.32689e-07 of the same de-baselined line on a 10x finer grid, both self-centred, scaled error 1.69e-05. the bare model's truncated moment is -3.21577e-07, so the strip baseline's bias at this window is +3.108e-07 (+1.63e-05 in units of k2^(n/2), the odd orders of a symmetric line being zero)","noiseless, truth 42.38 um at the prior means, mixed form, strips (28.0, 36.0) MHz",DIAGNOSTIC
P_4192_75mW_130C,mu2@2,1.18379,,MHz^2,"estimator on the archive grid against the direct truncated moment 1.18377 of the same de-baselined line on a 10x finer grid, both self-centred, scaled error 1.96e-05. the bare model's truncated moment is 1.18466, so the strip baseline's bias at this window is -0.0008686 (-0.0733 per cent)","noiseless, truth 42.38 um at the prior means, mixed form, strips (28.0, 36.0) MHz",DIAGNOSTIC
P_4192_75mW_130C,mu3@2,-2.62551e-06,,MHz^3,"estimator on the archive grid against the direct truncated moment 1.8631e-07 of the same de-baselined line on a 10x finer grid, both self-centred, scaled error 2.18e-06. the bare model's truncated moment is 7.82411e-07, so the strip baseline's bias at this window is -3.408e-06 (-2.65e-06 in units of k2^(n/2), the odd orders of a symmetric line being zero)","noiseless, truth 42.38 um at the prior means, mixed form, strips (28.0, 36.0) MHz",DIAGNOSTIC
P_4192_75mW_130C,mu4@2,2.70238,,MHz^4,"estimator on the archive grid against the direct truncated moment 2.70232 of the same de-baselined line on a 10x finer grid, both self-centred, scaled error 4.63e-05. the bare model's truncated moment is 2.70528, so the strip baseline's bias at this window is -0.002903 (-0.107 per cent)","noiseless, truth 42.38 um at the prior means, mixed form, strips (28.0, 36.0) MHz",DIAGNOSTIC
P_4192_75mW_130C,mu5@2,-1.05867e-05,,MHz^5,"estimator on the archive grid against the direct truncated moment 6.44217e-06 of the same de-baselined line on a 10x finer grid, both self-centred, scaled error 1.12e-05. the bare model's truncated moment is 9.16695e-06, so the strip baseline's bias at this window is -1.975e-05 (-1.3e-05 in units of k2^(n/2), the odd orders of a symmetric line being zero)","noiseless, truth 42.38 um at the prior means, mixed form, strips (28.0, 36.0) MHz",DIAGNOSTIC
P_4192_75mW_130C,mu6@2,7.51462,,MHz^6,"estimator on the archive grid against the direct truncated moment 7.51444 of the same de-baselined line on a 10x finer grid, both self-centred, scaled error 1.08e-04. the bare model's truncated moment is 7.52415, so the strip baseline's bias at this window is -0.00953 (-0.127 per cent)","noiseless, truth 42.38 um at the prior means, mixed form, strips (28.0, 36.0) MHz",DIAGNOSTIC
P_4192_75mW_130C,mu7@2,-3.75298e-05,,MHz^7,"estimator on the archive grid against the direct truncated moment 5.10457e-05 of the same de-baselined line on a 10x finer grid, both self-centred, scaled error 4.91e-05. the bare model's truncated moment is 6.20191e-05, so the strip baseline's bias at this window is -9.955e-05 (-5.52e-05 in units of k2^(n/2), the odd orders of a symmetric line being zero)","noiseless, truth 42.38 um at the prior means, mixed form, strips (28.0, 36.0) MHz",DIAGNOSTIC
P_4192_75mW_130C,mu2@3,2.37158,,MHz^2,"estimator on the archive grid against the direct truncated moment 2.37152 of the same de-baselined line on a 10x finer grid, both self-centred, scaled error 2.49e-05. the bare model's truncated moment is 2.3758, so the strip baseline's bias at this window is -0.00422 (-0.178 per cent)","noiseless, truth 42.38 um at the prior means, mixed form, strips (28.0, 36.0) MHz",DIAGNOSTIC
P_4192_75mW_130C,mu3@3,-9.26358e-06,,MHz^3,"estimator on the archive grid against the direct truncated moment -1.11067e-05 of the same de-baselined line on a 10x finer grid, both self-centred, scaled error 5.05e-07. the bare model's truncated moment is -5.25957e-06, so the strip baseline's bias at this window is -4.004e-06 (-1.1e-06 in units of k2^(n/2), the odd orders of a symmetric line being zero)","noiseless, truth 42.38 um at the prior means, mixed form, strips (28.0, 36.0) MHz",DIAGNOSTIC
P_4192_75mW_130C,mu4@3,11.616,,MHz^4,"estimator on the archive grid against the direct truncated moment 11.6157 of the same de-baselined line on a 10x finer grid, both self-centred, scaled error 6.60e-05. the bare model's truncated moment is 11.6469, so the strip baseline's bias at this window is -0.03084 (-0.265 per cent)","noiseless, truth 42.38 um at the prior means, mixed form, strips (28.0, 36.0) MHz",DIAGNOSTIC
P_4192_75mW_130C,mu5@3,-7.74249e-05,,MHz^5,"estimator on the archive grid against the direct truncated moment -0.000113188 of the same de-baselined line on a 10x finer grid, both self-centred, scaled error 4.13e-06. the bare model's truncated moment is -5.90104e-05, so the strip baseline's bias at this window is -1.841e-05 (-2.13e-06 in units of k2^(n/2), the odd orders of a symmetric line being zero)","noiseless, truth 42.38 um at the prior means, mixed form, strips (28.0, 36.0) MHz",DIAGNOSTIC
P_4192_75mW_130C,mu6@3,70.9146,,MHz^6,"estimator on the archive grid against the direct truncated moment 70.9122 of the same de-baselined line on a 10x finer grid, both self-centred, scaled error 1.85e-04. the bare model's truncated moment is 71.1384, so the strip baseline's bias at this window is -0.2238 (-0.315 per cent)","noiseless, truth 42.38 um at the prior means, mixed form, strips (28.0, 36.0) MHz",DIAGNOSTIC
P_4192_75mW_130C,mu7@3,-0.000601311,,MHz^7,"estimator on the archive grid against the direct truncated moment -0.00105342 of the same de-baselined line on a 10x finer grid, both self-centred, scaled error 2.20e-05. the bare model's truncated moment is -0.000614387, so the strip baseline's bias at this window is +1.308e-05 (+6.37e-07 in units of k2^(n/2), the odd orders of a symmetric line being zero)","noiseless, truth 42.38 um at the prior means, mixed form, strips (28.0, 36.0) MHz",DIAGNOSTIC
P_4192_75mW_130C,mu2@5,5.07569,,MHz^2,"estimator on the archive grid against the direct truncated moment 5.07549 of the same de-baselined line on a 10x finer grid, both self-centred, scaled error 3.83e-05. the bare model's truncated moment is 5.10465, so the strip baseline's bias at this window is -0.02896 (-0.567 per cent)","noiseless, truth 42.38 um at the prior means, mixed form, strips (28.0, 36.0) MHz",DIAGNOSTIC
P_4192_75mW_130C,mu3@5,-0.000145879,,MHz^3,"estimator on the archive grid against the direct truncated moment -0.000131341 of the same de-baselined line on a 10x finer grid, both self-centred, scaled error 1.27e-06. the bare model's truncated moment is -1.52701e-05, so the strip baseline's bias at this window is -0.0001306 (-1.14e-05 in units of k2^(n/2), the odd orders of a symmetric line being zero)","noiseless, truth 42.38 um at the prior means, mixed form, strips (28.0, 36.0) MHz",DIAGNOSTIC
P_4192_75mW_130C,mu4@5,62.3162,,MHz^4,"estimator on the archive grid against the direct truncated moment 62.313 of the same de-baselined line on a 10x finer grid, both self-centred, scaled error 1.22e-04. the bare model's truncated moment is 62.874, so the strip baseline's bias at this window is -0.5579 (-0.887 per cent)","noiseless, truth 42.38 um at the prior means, mixed form, strips (28.0, 36.0) MHz",DIAGNOSTIC
P_4192_75mW_130C,mu5@5,-0.00353469,,MHz^5,"estimator on the archive grid against the direct truncated moment -0.00316948 of the same de-baselined line on a 10x finer grid, both self-centred, scaled error 6.29e-06. the bare model's truncated moment is -0.000315987, so the strip baseline's bias at this window is -0.003219 (-5.55e-05 in units of k2^(n/2), the odd orders of a symmetric line being zero)","noiseless, truth 42.38 um at the prior means, mixed form, strips (28.0, 36.0) MHz",DIAGNOSTIC
P_4192_75mW_130C,mu6@5,1005.92,,MHz^6,"estimator on the archive grid against the direct truncated moment 1005.86 of the same de-baselined line on a 10x finer grid, both self-centred, scaled error 4.26e-04. the bare model's truncated moment is 1016.83, so the strip baseline's bias at this window is -10.92 (-1.07 per cent)","noiseless, truth 42.38 um at the prior means, mixed form, strips (28.0, 36.0) MHz",DIAGNOSTIC
P_4192_75mW_130C,mu7@5,-0.0775091,,MHz^7,"estimator on the archive grid against the direct truncated moment -0.0695802 of the same de-baselined line on a 10x finer grid, both self-centred, scaled error 2.69e-05. the bare model's truncated moment is -0.00657908, so the strip baseline's bias at this window is -0.07093 (-0.000241 in units of k2^(n/2), the odd orders of a symmetric line being zero)","noiseless, truth 42.38 um at the prior means, mixed form, strips (28.0, 36.0) MHz",DIAGNOSTIC
P_4192_75mW_130C,mu2@8,9.00807,,MHz^2,"estimator on the archive grid against the direct truncated moment 9.00767 of the same de-baselined line on a 10x finer grid, both self-centred, scaled error 4.51e-05. the bare model's truncated moment is 9.16362, so the strip baseline's bias at this window is -0.1555 (-1.7 per cent)","noiseless, truth 42.38 um at the prior means, mixed form, strips (28.0, 36.0) MHz",DIAGNOSTIC
P_4192_75mW_130C,mu3@8,-0.00173533,,MHz^3,"estimator on the archive grid against the direct truncated moment -0.00172495 of the same de-baselined line on a 10x finer grid, both self-centred, scaled error 3.84e-07. the bare model's truncated moment is -3.31073e-05, so the strip baseline's bias at this window is -0.001702 (-6.3e-05 in units of k2^(n/2), the odd orders of a symmetric line being zero)","noiseless, truth 42.38 um at the prior means, mixed form, strips (28.0, 36.0) MHz",DIAGNOSTIC
P_4192_75mW_130C,mu4@8,248.261,,MHz^4,"estimator on the archive grid against the direct truncated moment 248.246 of the same de-baselined line on a 10x finer grid, both self-centred, scaled error 1.80e-04. the bare model's truncated moment is 255.47, so the strip baseline's bias at this window is -7.209 (-2.82 per cent)","noiseless, truth 42.38 um at the prior means, mixed form, strips (28.0, 36.0) MHz",DIAGNOSTIC
P_4192_75mW_130C,mu5@8,-0.100249,,MHz^5,"estimator on the archive grid against the direct truncated moment -0.100472 of the same de-baselined line on a 10x finer grid, both self-centred, scaled error 9.12e-07. the bare model's truncated moment is -0.00136977, so the strip baseline's bias at this window is -0.09888 (-0.000406 in units of k2^(n/2), the odd orders of a symmetric line being zero)","noiseless, truth 42.38 um at the prior means, mixed form, strips (28.0, 36.0) MHz",DIAGNOSTIC
P_4192_75mW_130C,mu6@8,9727.12,,MHz^6,"estimator on the archive grid against the direct truncated moment 9726.47 of the same de-baselined line on a 10x finer grid, both self-centred, scaled error 8.81e-04. the bare model's truncated moment is 10077.2, so the strip baseline's bias at this window is -350.1 (-3.47 per cent)","noiseless, truth 42.38 um at the prior means, mixed form, strips (28.0, 36.0) MHz",DIAGNOSTIC
P_4192_75mW_130C,mu7@8,-5.4095,,MHz^7,"estimator on the archive grid against the direct truncated moment -5.44601 of the same de-baselined line on a 10x finer grid, both self-centred, scaled error 1.66e-05. the bare model's truncated moment is -0.064742, so the strip baseline's bias at this window is -5.345 (-0.00244 in units of k2^(n/2), the odd orders of a symmetric line being zero)","noiseless, truth 42.38 um at the prior means, mixed form, strips (28.0, 36.0) MHz",DIAGNOSTIC
P_4192_75mW_130C,mu2@13,14.7518,,MHz^2,"estimator on the archive grid against the direct truncated moment 14.7506 of the same de-baselined line on a 10x finer grid, both self-centred, scaled error 8.16e-05. the bare model's truncated moment is 15.5478, so the strip baseline's bias at this window is -0.796 (-5.12 per cent)","noiseless, truth 42.38 um at the prior means, mixed form, strips (28.0, 36.0) MHz",DIAGNOSTIC
P_4192_75mW_130C,mu3@13,-0.0241619,,MHz^3,"estimator on the archive grid against the direct truncated moment -0.0241793 of the same de-baselined line on a 10x finer grid, both self-centred, scaled error 3.07e-07. the bare model's truncated moment is -4.8066e-05, so the strip baseline's bias at this window is -0.02411 (-0.000426 in units of k2^(n/2), the odd orders of a symmetric line being zero)","noiseless, truth 42.38 um at the prior means, mixed form, strips (28.0, 36.0) MHz",DIAGNOSTIC
P_4192_75mW_130C,mu4@13,931.26,,MHz^4,"estimator on the archive grid against the direct truncated moment 931.14 of the same de-baselined line on a 10x finer grid, both self-centred, scaled error 5.50e-04. the bare model's truncated moment is 1022.8, so the strip baseline's bias at this window is -91.54 (-8.95 per cent)","noiseless, truth 42.38 um at the prior means, mixed form, strips (28.0, 36.0) MHz",DIAGNOSTIC
P_4192_75mW_130C,mu5@13,-3.45016,,MHz^5,"estimator on the archive grid against the direct truncated moment -3.4553 of the same de-baselined line on a 10x finer grid, both self-centred, scaled error 6.15e-06. the bare model's truncated moment is -0.00352365, so the strip baseline's bias at this window is -3.447 (-0.00412 in units of k2^(n/2), the odd orders of a symmetric line being zero)","noiseless, truth 42.38 um at the prior means, mixed form, strips (28.0, 36.0) MHz",DIAGNOSTIC
P_4192_75mW_130C,mu6@13,92322.5,,MHz^6,"estimator on the archive grid against the direct truncated moment 92308.1 of the same de-baselined line on a 10x finer grid, both self-centred, scaled error 4.48e-03. the bare model's truncated moment is 103758, so the strip baseline's bias at this window is -1.144e+04 (-11 per cent)","noiseless, truth 42.38 um at the prior means, mixed form, strips (28.0, 36.0) MHz. REFUSED from the vector: unresolved at the archive's sampling",DIAGNOSTIC
P_4192_75mW_130C,mu7@13,-476.569,,MHz^7,"estimator on the archive grid against the direct truncated moment -477.368 of the same de-baselined line on a 10x finer grid, both self-centred, scaled error 6.49e-05. the bare model's truncated moment is -0.36549, so the strip baseline's bias at this window is -476.2 (-0.0386 in units of k2^(n/2), the odd orders of a symmetric line being zero)","noiseless, truth 42.38 um at the prior means, mixed form, strips (28.0, 36.0) MHz",DIAGNOSTIC
P_4192_75mW_130C,mu2@21,21.7674,,MHz^2,"estimator on the archive grid against the direct truncated moment 21.7628 of the same de-baselined line on a 10x finer grid, both self-centred, scaled error 2.12e-04. the bare model's truncated moment is 25.4913, so the strip baseline's bias at this window is -3.724 (-14.6 per cent)","noiseless, truth 42.38 um at the prior means, mixed form, strips (28.0, 36.0) MHz",DIAGNOSTIC
P_4192_75mW_130C,mu3@21,-0.302438,,MHz^3,"estimator on the archive grid against the direct truncated moment -0.303063 of the same de-baselined line on a 10x finer grid, both self-centred, scaled error 6.16e-06. the bare model's truncated moment is -5.53079e-05, so the strip baseline's bias at this window is -0.3024 (-0.00298 in units of k2^(n/2), the odd orders of a symmetric line being zero)","noiseless, truth 42.38 um at the prior means, mixed form, strips (28.0, 36.0) MHz",DIAGNOSTIC
P_4192_75mW_130C,mu4@21,3017.33,,MHz^4,"estimator on the archive grid against the direct truncated moment 3016.07 of the same de-baselined line on a 10x finer grid, both self-centred, scaled error 2.65e-03. the bare model's truncated moment is 4084.3, so the strip baseline's bias at this window is -1067 (-26.1 per cent)","noiseless, truth 42.38 um at the prior means, mixed form, strips (28.0, 36.0) MHz. REFUSED from the vector: unresolved at the archive's sampling",DIAGNOSTIC
P_4192_75mW_130C,mu5@21,-106.087,,MHz^5,"estimator on the archive grid against the direct truncated moment -106.318 of the same de-baselined line on a 10x finer grid, both self-centred, scaled error 1.04e-04. the bare model's truncated moment is -0.00599831, so the strip baseline's bias at this window is -106.1 (-0.048 in units of k2^(n/2), the odd orders of a symmetric line being zero)","noiseless, truth 42.38 um at the prior means, mixed form, strips (28.0, 36.0) MHz",DIAGNOSTIC
P_4192_75mW_130C,mu6@21,734469,,MHz^6,"estimator on the archive grid against the direct truncated moment 734069 of the same de-baselined line on a 10x finer grid, both self-centred, scaled error 3.88e-02. the bare model's truncated moment is 1.07699e+06, so the strip baseline's bias at this window is -3.425e+05 (-31.8 per cent)","noiseless, truth 42.38 um at the prior means, mixed form, strips (28.0, 36.0) MHz. REFUSED from the vector: unresolved at the archive's sampling",DIAGNOSTIC
P_4192_75mW_130C,mu7@21,-37383.3,,MHz^7,"estimator on the archive grid against the direct truncated moment -37465.3 of the same de-baselined line on a 10x finer grid, both self-centred, scaled error 1.70e-03. the bare model's truncated moment is -1.11109, so the strip baseline's bias at this window is -3.738e+04 (-0.777 in units of k2^(n/2), the odd orders of a symmetric line being zero)","noiseless, truth 42.38 um at the prior means, mixed form, strips (28.0, 36.0) MHz. REFUSED from the vector: unresolved at the archive's sampling",DIAGNOSTIC
P_4207_125mW_130C,mu2@0.5,0.0826425,,MHz^2,"estimator on the archive grid against the direct truncated moment 0.0826451 of the same de-baselined line on a 10x finer grid, both self-centred, scaled error 3.18e-05. the bare model's truncated moment is 0.0826489, so the strip baseline's bias at this window is -6.354e-06 (-0.00769 per cent)","noiseless, truth 42.38 um at the prior means, mixed form, strips (28.0, 36.0) MHz",DIAGNOSTIC
P_4207_125mW_130C,mu3@0.5,-1.94543e-08,,MHz^3,"estimator on the archive grid against the direct truncated moment -8.02684e-06 of the same de-baselined line on a 10x finer grid, both self-centred, scaled error 3.37e-04. the bare model's truncated moment is -8.03581e-06, so the strip baseline's bias at this window is +8.016e-06 (+0.000337 in units of k2^(n/2), the odd orders of a symmetric line being zero)","noiseless, truth 42.38 um at the prior means, mixed form, strips (28.0, 36.0) MHz",DIAGNOSTIC
P_4207_125mW_130C,mu4@0.5,0.0123523,,MHz^4,"estimator on the archive grid against the direct truncated moment 0.0123537 of the same de-baselined line on a 10x finer grid, both self-centred, scaled error 2.01e-04. the bare model's truncated moment is 0.0123545, so the strip baseline's bias at this window is -2.178e-06 (-0.0176 per cent)","noiseless, truth 42.38 um at the prior means, mixed form, strips (28.0, 36.0) MHz",DIAGNOSTIC
P_4207_125mW_130C,mu5@0.5,-6.63489e-09,,MHz^5,"estimator on the archive grid against the direct truncated moment -1.45206e-06 of the same de-baselined line on a 10x finer grid, both self-centred, scaled error 7.36e-04. the bare model's truncated moment is -1.45057e-06, so the strip baseline's bias at this window is +1.444e-06 (+0.000735 in units of k2^(n/2), the odd orders of a symmetric line being zero)","noiseless, truth 42.38 um at the prior means, mixed form, strips (28.0, 36.0) MHz",DIAGNOSTIC
P_4207_125mW_130C,mu6@0.5,0.00220141,,MHz^6,"estimator on the archive grid against the direct truncated moment 0.00220194 of the same de-baselined line on a 10x finer grid, both self-centred, scaled error 9.29e-04. the bare model's truncated moment is 0.00220211, so the strip baseline's bias at this window is -6.928e-07 (-0.0315 per cent)","noiseless, truth 42.38 um at the prior means, mixed form, strips (28.0, 36.0) MHz",DIAGNOSTIC
P_4207_125mW_130C,mu7@0.5,-1.86617e-09,,MHz^7,"estimator on the archive grid against the direct truncated moment -2.88093e-07 of the same de-baselined line on a 10x finer grid, both self-centred, scaled error 1.76e-03. the bare model's truncated moment is -2.86991e-07, so the strip baseline's bias at this window is +2.851e-07 (+0.00176 in units of k2^(n/2), the odd orders of a symmetric line being zero)","noiseless, truth 42.38 um at the prior means, mixed form, strips (28.0, 36.0) MHz. REFUSED from the vector: unresolved at the archive's sampling",DIAGNOSTIC
P_4207_125mW_130C,mu2@1,0.32273,,MHz^2,"estimator on the archive grid against the direct truncated moment 0.32273 of the same de-baselined line on a 10x finer grid, both self-centred, scaled error 2.09e-06. the bare model's truncated moment is 0.322788, so the strip baseline's bias at this window is -5.801e-05 (-0.018 per cent)","noiseless, truth 42.38 um at the prior means, mixed form, strips (28.0, 36.0) MHz",DIAGNOSTIC
P_4207_125mW_130C,mu3@1,-1.71345e-07,,MHz^3,"estimator on the archive grid against the direct truncated moment -2.02337e-06 of the same de-baselined line on a 10x finer grid, both self-centred, scaled error 1.01e-05. the bare model's truncated moment is -2.02443e-06, so the strip baseline's bias at this window is +1.853e-06 (+1.01e-05 in units of k2^(n/2), the odd orders of a symmetric line being zero)","noiseless, truth 42.38 um at the prior means, mixed form, strips (28.0, 36.0) MHz",DIAGNOSTIC
P_4207_125mW_130C,mu4@1,0.190988,,MHz^4,"estimator on the archive grid against the direct truncated moment 0.19099 of the same de-baselined line on a 10x finer grid, both self-centred, scaled error 1.68e-05. the bare model's truncated moment is 0.19104, so the strip baseline's bias at this window is -5.165e-05 (-0.027 per cent)","noiseless, truth 42.38 um at the prior means, mixed form, strips (28.0, 36.0) MHz",DIAGNOSTIC
P_4207_125mW_130C,mu5@1,-2.007e-07,,MHz^5,"estimator on the archive grid against the direct truncated moment -2.49379e-06 of the same de-baselined line on a 10x finer grid, both self-centred, scaled error 3.88e-05. the bare model's truncated moment is -2.46908e-06, so the strip baseline's bias at this window is +2.268e-06 (+3.83e-05 in units of k2^(n/2), the odd orders of a symmetric line being zero)","noiseless, truth 42.38 um at the prior means, mixed form, strips (28.0, 36.0) MHz",DIAGNOSTIC
P_4207_125mW_130C,mu6@1,0.135388,,MHz^6,"estimator on the archive grid against the direct truncated moment 0.135392 of the same de-baselined line on a 10x finer grid, both self-centred, scaled error 1.24e-04. the bare model's truncated moment is 0.135433, so the strip baseline's bias at this window is -4.555e-05 (-0.0336 per cent)","noiseless, truth 42.38 um at the prior means, mixed form, strips (28.0, 36.0) MHz",DIAGNOSTIC
P_4207_125mW_130C,mu7@1,-2.02725e-07,,MHz^7,"estimator on the archive grid against the direct truncated moment -3.06133e-06 of the same de-baselined line on a 10x finer grid, both self-centred, scaled error 1.50e-04. the bare model's truncated moment is -3.01807e-06, so the strip baseline's bias at this window is +2.815e-06 (+0.000147 in units of k2^(n/2), the odd orders of a symmetric line being zero)","noiseless, truth 42.38 um at the prior means, mixed form, strips (28.0, 36.0) MHz",DIAGNOSTIC
P_4207_125mW_130C,mu2@2,1.18612,,MHz^2,"estimator on the archive grid against the direct truncated moment 1.1861 of the same de-baselined line on a 10x finer grid, both self-centred, scaled error 2.05e-05. the bare model's truncated moment is 1.187, so the strip baseline's bias at this window is -0.0008772 (-0.0739 per cent)","noiseless, truth 42.38 um at the prior means, mixed form, strips (28.0, 36.0) MHz",DIAGNOSTIC
P_4207_125mW_130C,mu3@2,-4.34243e-06,,MHz^3,"estimator on the archive grid against the direct truncated moment -7.00269e-06 of the same de-baselined line on a 10x finer grid, both self-centred, scaled error 2.06e-06. the bare model's truncated moment is -6.01677e-06, so the strip baseline's bias at this window is +1.674e-06 (+1.3e-06 in units of k2^(n/2), the odd orders of a symmetric line being zero)","noiseless, truth 42.38 um at the prior means, mixed form, strips (28.0, 36.0) MHz",DIAGNOSTIC
P_4207_125mW_130C,mu4@2,2.70985,,MHz^4,"estimator on the archive grid against the direct truncated moment 2.70978 of the same de-baselined line on a 10x finer grid, both self-centred, scaled error 5.19e-05. the bare model's truncated moment is 2.71278, so the strip baseline's bias at this window is -0.002929 (-0.108 per cent)","noiseless, truth 42.38 um at the prior means, mixed form, strips (28.0, 36.0) MHz",DIAGNOSTIC
P_4207_125mW_130C,mu5@2,-1.7921e-05,,MHz^5,"estimator on the archive grid against the direct truncated moment -3.90842e-05 of the same de-baselined line on a 10x finer grid, both self-centred, scaled error 1.38e-05. the bare model's truncated moment is -3.46469e-05, so the strip baseline's bias at this window is +1.673e-05 (+1.09e-05 in units of k2^(n/2), the odd orders of a symmetric line being zero)","noiseless, truth 42.38 um at the prior means, mixed form, strips (28.0, 36.0) MHz",DIAGNOSTIC
P_4207_125mW_130C,mu6@2,7.53852,,MHz^6,"estimator on the archive grid against the direct truncated moment 7.5383 of the same de-baselined line on a 10x finer grid, both self-centred, scaled error 1.28e-04. the bare model's truncated moment is 7.54813, so the strip baseline's bias at this window is -0.009613 (-0.127 per cent)","noiseless, truth 42.38 um at the prior means, mixed form, strips (28.0, 36.0) MHz",DIAGNOSTIC
P_4207_125mW_130C,mu7@2,-6.52045e-05,,MHz^7,"estimator on the archive grid against the direct truncated moment -0.000191578 of the same de-baselined line on a 10x finer grid, both self-centred, scaled error 6.95e-05. the bare model's truncated moment is -0.000174018, so the strip baseline's bias at this window is +0.0001088 (+5.99e-05 in units of k2^(n/2), the odd orders of a symmetric line being zero)","noiseless, truth 42.38 um at the prior means, mixed form, strips (28.0, 36.0) MHz",DIAGNOSTIC
P_4207_125mW_130C,mu2@3,2.37958,,MHz^2,"estimator on the archive grid against the direct truncated moment 2.3795 of the same de-baselined line on a 10x finer grid, both self-centred, scaled error 3.03e-05. the bare model's truncated moment is 2.38384, so the strip baseline's bias at this window is -0.004259 (-0.179 per cent)","noiseless, truth 42.38 um at the prior means, mixed form, strips (28.0, 36.0) MHz",DIAGNOSTIC
P_4207_125mW_130C,mu3@3,-2.61492e-05,,MHz^3,"estimator on the archive grid against the direct truncated moment -2.75894e-05 of the same de-baselined line on a 10x finer grid, both self-centred, scaled error 3.92e-07. the bare model's truncated moment is -1.76379e-05, so the strip baseline's bias at this window is -8.511e-06 (-2.32e-06 in units of k2^(n/2), the odd orders of a symmetric line being zero)","noiseless, truth 42.38 um at the prior means, mixed form, strips (28.0, 36.0) MHz",DIAGNOSTIC
P_4207_125mW_130C,mu4@3,11.6706,,MHz^4,"estimator on the archive grid against the direct truncated moment 11.6701 of the same de-baselined line on a 10x finer grid, both self-centred, scaled error 8.26e-05. the bare model's truncated moment is 11.7017, so the strip baseline's bias at this window is -0.03115 (-0.266 per cent)","noiseless, truth 42.38 um at the prior means, mixed form, strips (28.0, 36.0) MHz",DIAGNOSTIC
P_4207_125mW_130C,mu5@3,-0.000230956,,MHz^5,"estimator on the archive grid against the direct truncated moment -0.000261713 of the same de-baselined line on a 10x finer grid, both self-centred, scaled error 3.52e-06. the bare model's truncated moment is -0.000168861, so the strip baseline's bias at this window is -6.209e-05 (-7.11e-06 in units of k2^(n/2), the odd orders of a symmetric line being zero)","noiseless, truth 42.38 um at the prior means, mixed form, strips (28.0, 36.0) MHz",DIAGNOSTIC
P_4207_125mW_130C,mu6@3,71.2942,,MHz^6,"estimator on the archive grid against the direct truncated moment 71.2911 of the same de-baselined line on a 10x finer grid, both self-centred, scaled error 2.33e-04. the bare model's truncated moment is 71.5204, so the strip baseline's bias at this window is -0.2262 (-0.316 per cent)","noiseless, truth 42.38 um at the prior means, mixed form, strips (28.0, 36.0) MHz",DIAGNOSTIC
P_4207_125mW_130C,mu7@3,-0.00183305,,MHz^7,"estimator on the archive grid against the direct truncated moment -0.00227867 of the same de-baselined line on a 10x finer grid, both self-centred, scaled error 2.14e-05. the bare model's truncated moment is -0.00151929, so the strip baseline's bias at this window is -0.0003138 (-1.51e-05 in units of k2^(n/2), the odd orders of a symmetric line being zero)","noiseless, truth 42.38 um at the prior means, mixed form, strips (28.0, 36.0) MHz",DIAGNOSTIC
P_4207_125mW_130C,mu2@5,5.10534,,MHz^2,"estimator on the archive grid against the direct truncated moment 5.10515 of the same de-baselined line on a 10x finer grid, both self-centred, scaled error 3.79e-05. the bare model's truncated moment is 5.13471, so the strip baseline's bias at this window is -0.02937 (-0.572 per cent)","noiseless, truth 42.38 um at the prior means, mixed form, strips (28.0, 36.0) MHz",DIAGNOSTIC
P_4207_125mW_130C,mu3@5,-0.000261009,,MHz^3,"estimator on the archive grid against the direct truncated moment -0.000258835 of the same de-baselined line on a 10x finer grid, both self-centred, scaled error 1.88e-07. the bare model's truncated moment is -6.27536e-05, so the strip baseline's bias at this window is -0.0001983 (-1.72e-05 in units of k2^(n/2), the odd orders of a symmetric line being zero)","noiseless, truth 42.38 um at the prior means, mixed form, strips (28.0, 36.0) MHz",DIAGNOSTIC
P_4207_125mW_130C,mu4@5,62.8206,,MHz^4,"estimator on the archive grid against the direct truncated moment 62.8177 of the same de-baselined line on a 10x finer grid, both self-centred, scaled error 1.14e-04. the bare model's truncated moment is 63.387, so the strip baseline's bias at this window is -0.5664 (-0.894 per cent)","noiseless, truth 42.38 um at the prior means, mixed form, strips (28.0, 36.0) MHz",DIAGNOSTIC
P_4207_125mW_130C,mu5@5,-0.00610546,,MHz^5,"estimator on the archive grid against the direct truncated moment -0.00598563 of the same de-baselined line on a 10x finer grid, both self-centred, scaled error 2.03e-06. the bare model's truncated moment is -0.00115512, so the strip baseline's bias at this window is -0.00495 (-8.41e-05 in units of k2^(n/2), the odd orders of a symmetric line being zero)","noiseless, truth 42.38 um at the prior means, mixed form, strips (28.0, 36.0) MHz",DIAGNOSTIC
P_4207_125mW_130C,mu6@5,1015.12,,MHz^6,"estimator on the archive grid against the direct truncated moment 1015.07 of the same de-baselined line on a 10x finer grid, both self-centred, scaled error 3.85e-04. the bare model's truncated moment is 1026.21, so the strip baseline's bias at this window is -11.09 (-1.08 per cent)","noiseless, truth 42.38 um at the prior means, mixed form, strips (28.0, 36.0) MHz",DIAGNOSTIC
P_4207_125mW_130C,mu7@5,-0.131108,,MHz^7,"estimator on the archive grid against the direct truncated moment -0.126318 of the same de-baselined line on a 10x finer grid, both self-centred, scaled error 1.59e-05. the bare model's truncated moment is -0.0194479, so the strip baseline's bias at this window is -0.1117 (-0.000371 in units of k2^(n/2), the odd orders of a symmetric line being zero)","noiseless, truth 42.38 um at the prior means, mixed form, strips (28.0, 36.0) MHz",DIAGNOSTIC
P_4207_125mW_130C,mu2@8,9.08694,,MHz^2,"estimator on the archive grid against the direct truncated moment 9.08657 of the same de-baselined line on a 10x finer grid, both self-centred, scaled error 4.02e-05. the bare model's truncated moment is 9.24484, so the strip baseline's bias at this window is -0.1579 (-1.71 per cent)","noiseless, truth 42.38 um at the prior means, mixed form, strips (28.0, 36.0) MHz",DIAGNOSTIC
P_4207_125mW_130C,mu3@8,-0.00299545,,MHz^3,"estimator on the archive grid against the direct truncated moment -0.00299653 of the same de-baselined line on a 10x finer grid, both self-centred, scaled error 3.95e-08. the bare model's truncated moment is -0.000141814, so the strip baseline's bias at this window is -0.002854 (-0.000104 in units of k2^(n/2), the odd orders of a symmetric line being zero)","noiseless, truth 42.38 um at the prior means, mixed form, strips (28.0, 36.0) MHz",DIAGNOSTIC
P_4207_125mW_130C,mu4@8,251.275,,MHz^4,"estimator on the archive grid against the direct truncated moment 251.263 of the same de-baselined line on a 10x finer grid, both self-centred, scaled error 1.44e-04. the bare model's truncated moment is 258.602, so the strip baseline's bias at this window is -7.328 (-2.83 per cent)","noiseless, truth 42.38 um at the prior means, mixed form, strips (28.0, 36.0) MHz",DIAGNOSTIC
P_4207_125mW_130C,mu5@8,-0.172935,,MHz^5,"estimator on the archive grid against the direct truncated moment -0.173096 of the same de-baselined line on a 10x finer grid, both self-centred, scaled error 6.46e-07. the bare model's truncated moment is -0.00562684, so the strip baseline's bias at this window is -0.1673 (-0.000672 in units of k2^(n/2), the odd orders of a symmetric line being zero)","noiseless, truth 42.38 um at the prior means, mixed form, strips (28.0, 36.0) MHz",DIAGNOSTIC
P_4207_125mW_130C,mu6@8,9859.07,,MHz^6,"estimator on the archive grid against the direct truncated moment 9858.59 of the same de-baselined line on a 10x finer grid, both self-centred, scaled error 6.46e-04. the bare model's truncated moment is 10215.1, so the strip baseline's bias at this window is -356.1 (-3.49 per cent)","noiseless, truth 42.38 um at the prior means, mixed form, strips (28.0, 36.0) MHz",DIAGNOSTIC
P_4207_125mW_130C,mu7@8,-9.33245,,MHz^7,"estimator on the archive grid against the direct truncated moment -9.34654 of the same de-baselined line on a 10x finer grid, both self-centred, scaled error 6.23e-06. the bare model's truncated moment is -0.24353, so the strip baseline's bias at this window is -9.089 (-0.00402 in units of k2^(n/2), the odd orders of a symmetric line being zero)","noiseless, truth 42.38 um at the prior means, mixed form, strips (28.0, 36.0) MHz",DIAGNOSTIC
P_4207_125mW_130C,mu2@13,14.9243,,MHz^2,"estimator on the archive grid against the direct truncated moment 14.9236 of the same de-baselined line on a 10x finer grid, both self-centred, scaled error 5.15e-05. the bare model's truncated moment is 15.7334, so the strip baseline's bias at this window is -0.8091 (-5.14 per cent)","noiseless, truth 42.38 um at the prior means, mixed form, strips (28.0, 36.0) MHz",DIAGNOSTIC
P_4207_125mW_130C,mu3@13,-0.0408975,,MHz^3,"estimator on the archive grid against the direct truncated moment -0.0409351 of the same de-baselined line on a 10x finer grid, both self-centred, scaled error 6.52e-07. the bare model's truncated moment is -0.000203638, so the strip baseline's bias at this window is -0.04069 (-0.000706 in units of k2^(n/2), the odd orders of a symmetric line being zero)","noiseless, truth 42.38 um at the prior means, mixed form, strips (28.0, 36.0) MHz",DIAGNOSTIC
P_4207_125mW_130C,mu4@13,945.98,,MHz^4,"estimator on the archive grid against the direct truncated moment 945.915 of the same de-baselined line on a 10x finer grid, both self-centred, scaled error 2.92e-04. the bare model's truncated moment is 1039.13, so the strip baseline's bias at this window is -93.15 (-8.96 per cent)","noiseless, truth 42.38 um at the prior means, mixed form, strips (28.0, 36.0) MHz",DIAGNOSTIC
P_4207_125mW_130C,mu5@13,-5.84207,,MHz^5,"estimator on the archive grid against the direct truncated moment -5.84748 of the same de-baselined line on a 10x finer grid, both self-centred, scaled error 6.29e-06. the bare model's truncated moment is -0.013493, so the strip baseline's bias at this window is -5.829 (-0.00677 in units of k2^(n/2), the odd orders of a symmetric line being zero)","noiseless, truth 42.38 um at the prior means, mixed form, strips (28.0, 36.0) MHz",DIAGNOSTIC
P_4207_125mW_130C,mu6@13,93902.9,,MHz^6,"estimator on the archive grid against the direct truncated moment 93895.5 of the same de-baselined line on a 10x finer grid, both self-centred, scaled error 2.22e-03. the bare model's truncated moment is 105545, so the strip baseline's bias at this window is -1.164e+04 (-11 per cent)","noiseless, truth 42.38 um at the prior means, mixed form, strips (28.0, 36.0) MHz. REFUSED from the vector: unresolved at the archive's sampling",DIAGNOSTIC
P_4207_125mW_130C,mu7@13,-807.119,,MHz^7,"estimator on the archive grid against the direct truncated moment -807.829 of the same de-baselined line on a 10x finer grid, both self-centred, scaled error 5.53e-05. the bare model's truncated moment is -1.08907, so the strip baseline's bias at this window is -806 (-0.0628 in units of k2^(n/2), the odd orders of a symmetric line being zero)","noiseless, truth 42.38 um at the prior means, mixed form, strips (28.0, 36.0) MHz",DIAGNOSTIC
P_4207_125mW_130C,mu2@21,22.0644,,MHz^2,"estimator on the archive grid against the direct truncated moment 22.062 of the same de-baselined line on a 10x finer grid, both self-centred, scaled error 1.07e-04. the bare model's truncated moment is 25.8538, so the strip baseline's bias at this window is -3.789 (-14.7 per cent)","noiseless, truth 42.38 um at the prior means, mixed form, strips (28.0, 36.0) MHz",DIAGNOSTIC
P_4207_125mW_130C,mu3@21,-0.511572,,MHz^3,"estimator on the archive grid against the direct truncated moment -0.512128 of the same de-baselined line on a 10x finer grid, both self-centred, scaled error 5.37e-06. the bare model's truncated moment is -0.000239813, so the strip baseline's bias at this window is -0.5113 (-0.00493 in units of k2^(n/2), the odd orders of a symmetric line being zero)","noiseless, truth 42.38 um at the prior means, mixed form, strips (28.0, 36.0) MHz",DIAGNOSTIC
P_4207_125mW_130C,mu4@21,3070.19,,MHz^4,"estimator on the archive grid against the direct truncated moment 3069.6 of the same de-baselined line on a 10x finer grid, both self-centred, scaled error 1.23e-03. the bare model's truncated moment is 4156.91, so the strip baseline's bias at this window is -1087 (-26.1 per cent)","noiseless, truth 42.38 um at the prior means, mixed form, strips (28.0, 36.0) MHz. REFUSED from the vector: unresolved at the archive's sampling",DIAGNOSTIC
P_4207_125mW_130C,mu5@21,-179.625,,MHz^5,"estimator on the archive grid against the direct truncated moment -179.822 of the same de-baselined line on a 10x finer grid, both self-centred, scaled error 8.63e-05. the bare model's truncated moment is -0.0255021, so the strip baseline's bias at this window is -179.6 (-0.0786 in units of k2^(n/2), the odd orders of a symmetric line being zero)","noiseless, truth 42.38 um at the prior means, mixed form, strips (28.0, 36.0) MHz",DIAGNOSTIC
P_4207_125mW_130C,mu6@21,747897,,MHz^6,"estimator on the archive grid against the direct truncated moment 747709 of the same de-baselined line on a 10x finer grid, both self-centred, scaled error 1.75e-02. the bare model's truncated moment is 1.09687e+06, so the strip baseline's bias at this window is -3.49e+05 (-31.8 per cent)","noiseless, truth 42.38 um at the prior means, mixed form, strips (28.0, 36.0) MHz. REFUSED from the vector: unresolved at the archive's sampling",DIAGNOSTIC
P_4207_125mW_130C,mu7@21,-63321.3,,MHz^7,"estimator on the archive grid against the direct truncated moment -63391.3 of the same de-baselined line on a 10x finer grid, both self-centred, scaled error 1.39e-03. the bare model's truncated moment is -4.23435, so the strip baseline's bias at this window is -6.332e+04 (-1.26 in units of k2^(n/2), the odd orders of a symmetric line being zero)","noiseless, truth 42.38 um at the prior means, mixed form, strips (28.0, 36.0) MHz. REFUSED from the vector: unresolved at the archive's sampling",DIAGNOSTIC
P_4207_175mW_130C,mu2@0.5,0.0826696,,MHz^2,"estimator on the archive grid against the direct truncated moment 0.0826715 of the same de-baselined line on a 10x finer grid, both self-centred, scaled error 2.38e-05. the bare model's truncated moment is 0.0826753, so the strip baseline's bias at this window is -5.742e-06 (-0.00695 per cent)","noiseless, truth 42.38 um at the prior means, mixed form, strips (28.0, 36.0) MHz",DIAGNOSTIC
P_4207_175mW_130C,mu3@0.5,-7.5843e-09,,MHz^3,"estimator on the archive grid against the direct truncated moment -2.62351e-06 of the same de-baselined line on a 10x finer grid, both self-centred, scaled error 1.10e-04. the bare model's truncated moment is -2.61316e-06, so the strip baseline's bias at this window is +2.606e-06 (+0.00011 in units of k2^(n/2), the odd orders of a symmetric line being zero)","noiseless, truth 42.38 um at the prior means, mixed form, strips (28.0, 36.0) MHz",DIAGNOSTIC
P_4207_175mW_130C,mu4@0.5,0.0123581,,MHz^4,"estimator on the archive grid against the direct truncated moment 0.0123591 of the same de-baselined line on a 10x finer grid, both self-centred, scaled error 1.51e-04. the bare model's truncated moment is 0.0123599, so the strip baseline's bias at this window is -1.848e-06 (-0.015 per cent)","noiseless, truth 42.38 um at the prior means, mixed form, strips (28.0, 36.0) MHz",DIAGNOSTIC
P_4207_175mW_130C,mu5@0.5,-2.34029e-09,,MHz^5,"estimator on the archive grid against the direct truncated moment -5.50772e-07 of the same de-baselined line on a 10x finer grid, both self-centred, scaled error 2.79e-04. the bare model's truncated moment is -5.46862e-07, so the strip baseline's bias at this window is +5.445e-07 (+0.000277 in units of k2^(n/2), the odd orders of a symmetric line being zero)","noiseless, truth 42.38 um at the prior means, mixed form, strips (28.0, 36.0) MHz",DIAGNOSTIC
P_4207_175mW_130C,mu6@0.5,0.00220261,,MHz^6,"estimator on the archive grid against the direct truncated moment 0.00220301 of the same de-baselined line on a 10x finer grid, both self-centred, scaled error 6.96e-04. the bare model's truncated moment is 0.00220318, so the strip baseline's bias at this window is -5.661e-07 (-0.0257 per cent)","noiseless, truth 42.38 um at the prior means, mixed form, strips (28.0, 36.0) MHz",DIAGNOSTIC
P_4207_175mW_130C,mu7@0.5,-6.14746e-10,,MHz^7,"estimator on the archive grid against the direct truncated moment -1.29108e-07 of the same de-baselined line on a 10x finer grid, both self-centred, scaled error 7.91e-04. the bare model's truncated moment is -1.27797e-07, so the strip baseline's bias at this window is +1.272e-07 (+0.000783 in units of k2^(n/2), the odd orders of a symmetric line being zero)","noiseless, truth 42.38 um at the prior means, mixed form, strips (28.0, 36.0) MHz",DIAGNOSTIC
P_4207_175mW_130C,mu2@1,0.323125,,MHz^2,"estimator on the archive grid against the direct truncated moment 0.323126 of the same de-baselined line on a 10x finer grid, both self-centred, scaled error 2.44e-06. the bare model's truncated moment is 0.323185, so the strip baseline's bias at this window is -5.987e-05 (-0.0185 per cent)","noiseless, truth 42.38 um at the prior means, mixed form, strips (28.0, 36.0) MHz",DIAGNOSTIC
P_4207_175mW_130C,mu3@1,-2.57279e-07,,MHz^3,"estimator on the archive grid against the direct truncated moment -5.54637e-08 of the same de-baselined line on a 10x finer grid, both self-centred, scaled error 1.10e-06. the bare model's truncated moment is -1.86487e-08, so the strip baseline's bias at this window is -2.386e-07 (-1.3e-06 in units of k2^(n/2), the odd orders of a symmetric line being zero)","noiseless, truth 42.38 um at the prior means, mixed form, strips (28.0, 36.0) MHz",DIAGNOSTIC
P_4207_175mW_130C,mu4@1,0.191321,,MHz^4,"estimator on the archive grid against the direct truncated moment 0.191324 of the same de-baselined line on a 10x finer grid, both self-centred, scaled error 3.16e-05. the bare model's truncated moment is 0.191375, so the strip baseline's bias at this window is -5.351e-05 (-0.028 per cent)","noiseless, truth 42.38 um at the prior means, mixed form, strips (28.0, 36.0) MHz",DIAGNOSTIC
P_4207_175mW_130C,mu5@1,-2.8316e-07,,MHz^5,"estimator on the archive grid against the direct truncated moment 5.57387e-07 of the same de-baselined line on a 10x finer grid, both self-centred, scaled error 1.42e-05. the bare model's truncated moment is 6.21247e-07, so the strip baseline's bias at this window is -9.044e-07 (-1.52e-05 in units of k2^(n/2), the odd orders of a symmetric line being zero)","noiseless, truth 42.38 um at the prior means, mixed form, strips (28.0, 36.0) MHz",DIAGNOSTIC
P_4207_175mW_130C,mu6@1,0.135662,,MHz^6,"estimator on the archive grid against the direct truncated moment 0.135668 of the same de-baselined line on a 10x finer grid, both self-centred, scaled error 1.72e-04. the bare model's truncated moment is 0.135709, so the strip baseline's bias at this window is -4.741e-05 (-0.0349 per cent)","noiseless, truth 42.38 um at the prior means, mixed form, strips (28.0, 36.0) MHz",DIAGNOSTIC
P_4207_175mW_130C,mu7@1,-2.6881e-07,,MHz^7,"estimator on the archive grid against the direct truncated moment 1.14275e-06 of the same de-baselined line on a 10x finer grid, both self-centred, scaled error 7.36e-05. the bare model's truncated moment is 1.2281e-06, so the strip baseline's bias at this window is -1.497e-06 (-7.81e-05 in units of k2^(n/2), the odd orders of a symmetric line being zero)","noiseless, truth 42.38 um at the prior means, mixed form, strips (28.0, 36.0) MHz",DIAGNOSTIC
P_4207_175mW_130C,mu2@2,1.19083,,MHz^2,"estimator on the archive grid against the direct truncated moment 1.19081 of the same de-baselined line on a 10x finer grid, both self-centred, scaled error 1.19e-05. the bare model's truncated moment is 1.19172, so the strip baseline's bias at this window is -0.0008961 (-0.0752 per cent)","noiseless, truth 42.38 um at the prior means, mixed form, strips (28.0, 36.0) MHz",DIAGNOSTIC
P_4207_175mW_130C,mu3@2,-9.02331e-06,,MHz^3,"estimator on the archive grid against the direct truncated moment -7.76525e-06 of the same de-baselined line on a 10x finer grid, both self-centred, scaled error 9.68e-07. the bare model's truncated moment is -6.3384e-06, so the strip baseline's bias at this window is -2.685e-06 (-2.07e-06 in units of k2^(n/2), the odd orders of a symmetric line being zero)","noiseless, truth 42.38 um at the prior means, mixed form, strips (28.0, 36.0) MHz",DIAGNOSTIC
P_4207_175mW_130C,mu4@2,2.72502,,MHz^4,"estimator on the archive grid against the direct truncated moment 2.72498 of the same de-baselined line on a 10x finer grid, both self-centred, scaled error 2.82e-05. the bare model's truncated moment is 2.72802, so the strip baseline's bias at this window is -0.002994 (-0.11 per cent)","noiseless, truth 42.38 um at the prior means, mixed form, strips (28.0, 36.0) MHz",DIAGNOSTIC
P_4207_175mW_130C,mu5@2,-3.71571e-05,,MHz^5,"estimator on the archive grid against the direct truncated moment -2.63422e-05 of the same de-baselined line on a 10x finer grid, both self-centred, scaled error 6.99e-06. the bare model's truncated moment is -1.98563e-05, so the strip baseline's bias at this window is -1.73e-05 (-1.12e-05 in units of k2^(n/2), the odd orders of a symmetric line being zero)","noiseless, truth 42.38 um at the prior means, mixed form, strips (28.0, 36.0) MHz",DIAGNOSTIC
P_4207_175mW_130C,mu6@2,7.58719,,MHz^6,"estimator on the archive grid against the direct truncated moment 7.58709 of the same de-baselined line on a 10x finer grid, both self-centred, scaled error 6.12e-05. the bare model's truncated moment is 7.59703, so the strip baseline's bias at this window is -0.009833 (-0.129 per cent)","noiseless, truth 42.38 um at the prior means, mixed form, strips (28.0, 36.0) MHz",DIAGNOSTIC
P_4207_175mW_130C,mu7@2,-0.000134716,,MHz^7,"estimator on the archive grid against the direct truncated moment -6.83636e-05 of the same de-baselined line on a 10x finer grid, both self-centred, scaled error 3.60e-05. the bare model's truncated moment is -4.24176e-05, so the strip baseline's bias at this window is -9.23e-05 (-5.01e-05 in units of k2^(n/2), the odd orders of a symmetric line being zero)","noiseless, truth 42.38 um at the prior means, mixed form, strips (28.0, 36.0) MHz",DIAGNOSTIC
P_4207_175mW_130C,mu2@3,2.39621,,MHz^2,"estimator on the archive grid against the direct truncated moment 2.39616 of the same de-baselined line on a 10x finer grid, both self-centred, scaled error 1.95e-05. the bare model's truncated moment is 2.40055, so the strip baseline's bias at this window is -0.004336 (-0.181 per cent)","noiseless, truth 42.38 um at the prior means, mixed form, strips (28.0, 36.0) MHz",DIAGNOSTIC
P_4207_175mW_130C,mu3@3,-5.18683e-05,,MHz^3,"estimator on the archive grid against the direct truncated moment -5.04121e-05 of the same de-baselined line on a 10x finer grid, both self-centred, scaled error 3.93e-07. the bare model's truncated moment is -3.59827e-05, so the strip baseline's bias at this window is -1.589e-05 (-4.28e-06 in units of k2^(n/2), the odd orders of a symmetric line being zero)","noiseless, truth 42.38 um at the prior means, mixed form, strips (28.0, 36.0) MHz",DIAGNOSTIC
P_4207_175mW_130C,mu4@3,11.7848,,MHz^4,"estimator on the archive grid against the direct truncated moment 11.7845 of the same de-baselined line on a 10x finer grid, both self-centred, scaled error 5.46e-05. the bare model's truncated moment is 11.8166, so the strip baseline's bias at this window is -0.03173 (-0.269 per cent)","noiseless, truth 42.38 um at the prior means, mixed form, strips (28.0, 36.0) MHz",DIAGNOSTIC
P_4207_175mW_130C,mu5@3,-0.000453447,,MHz^5,"estimator on the archive grid against the direct truncated moment -0.000420049 of the same de-baselined line on a 10x finer grid, both self-centred, scaled error 3.76e-06. the bare model's truncated moment is -0.000282417, so the strip baseline's bias at this window is -0.000171 (-1.92e-05 in units of k2^(n/2), the odd orders of a symmetric line being zero)","noiseless, truth 42.38 um at the prior means, mixed form, strips (28.0, 36.0) MHz",DIAGNOSTIC
P_4207_175mW_130C,mu6@3,72.0927,,MHz^6,"estimator on the archive grid against the direct truncated moment 72.0905 of the same de-baselined line on a 10x finer grid, both self-centred, scaled error 1.58e-04. the bare model's truncated moment is 72.3232, so the strip baseline's bias at this window is -0.2305 (-0.319 per cent)","noiseless, truth 42.38 um at the prior means, mixed form, strips (28.0, 36.0) MHz",DIAGNOSTIC
P_4207_175mW_130C,mu7@3,-0.00356732,,MHz^7,"estimator on the archive grid against the direct truncated moment -0.00308308 of the same de-baselined line on a 10x finer grid, both self-centred, scaled error 2.27e-05. the bare model's truncated moment is -0.00192525, so the strip baseline's bias at this window is -0.001642 (-7.71e-05 in units of k2^(n/2), the odd orders of a symmetric line being zero)","noiseless, truth 42.38 um at the prior means, mixed form, strips (28.0, 36.0) MHz",DIAGNOSTIC
P_4207_175mW_130C,mu2@5,5.16741,,MHz^2,"estimator on the archive grid against the direct truncated moment 5.16727 of the same de-baselined line on a 10x finer grid, both self-centred, scaled error 2.77e-05. the bare model's truncated moment is 5.19728, so the strip baseline's bias at this window is -0.02986 (-0.575 per cent)","noiseless, truth 42.38 um at the prior means, mixed form, strips (28.0, 36.0) MHz",DIAGNOSTIC
P_4207_175mW_130C,mu3@5,-0.000436587,,MHz^3,"estimator on the archive grid against the direct truncated moment -0.000440083 of the same de-baselined line on a 10x finer grid, both self-centred, scaled error 2.98e-07. the bare model's truncated moment is -0.000163665, so the strip baseline's bias at this window is -0.0002729 (-2.32e-05 in units of k2^(n/2), the odd orders of a symmetric line being zero)","noiseless, truth 42.38 um at the prior means, mixed form, strips (28.0, 36.0) MHz",DIAGNOSTIC
P_4207_175mW_130C,mu4@5,63.8771,,MHz^4,"estimator on the archive grid against the direct truncated moment 63.8748 of the same de-baselined line on a 10x finer grid, both self-centred, scaled error 8.64e-05. the bare model's truncated moment is 64.4541, so the strip baseline's bias at this window is -0.577 (-0.895 per cent)","noiseless, truth 42.38 um at the prior means, mixed form, strips (28.0, 36.0) MHz",DIAGNOSTIC
P_4207_175mW_130C,mu5@5,-0.0100183,,MHz^5,"estimator on the archive grid against the direct truncated moment -0.0101234 of the same de-baselined line on a 10x finer grid, both self-centred, scaled error 1.73e-06. the bare model's truncated moment is -0.00331757, so the strip baseline's bias at this window is -0.006701 (-0.00011 in units of k2^(n/2), the odd orders of a symmetric line being zero)","noiseless, truth 42.38 um at the prior means, mixed form, strips (28.0, 36.0) MHz",DIAGNOSTIC
P_4207_175mW_130C,mu6@5,1034.35,,MHz^6,"estimator on the archive grid against the direct truncated moment 1034.31 of the same de-baselined line on a 10x finer grid, both self-centred, scaled error 2.96e-04. the bare model's truncated moment is 1045.66, so the strip baseline's bias at this window is -11.31 (-1.08 per cent)","noiseless, truth 42.38 um at the prior means, mixed form, strips (28.0, 36.0) MHz",DIAGNOSTIC
P_4207_175mW_130C,mu7@5,-0.212668,,MHz^7,"estimator on the archive grid against the direct truncated moment -0.21587 of the same de-baselined line on a 10x finer grid, both self-centred, scaled error 1.02e-05. the bare model's truncated moment is -0.0656892, so the strip baseline's bias at this window is -0.147 (-0.000469 in units of k2^(n/2), the odd orders of a symmetric line being zero)","noiseless, truth 42.38 um at the prior means, mixed form, strips (28.0, 36.0) MHz",DIAGNOSTIC
P_4207_175mW_130C,mu2@8,9.24202,,MHz^2,"estimator on the archive grid against the direct truncated moment 9.24168 of the same de-baselined line on a 10x finer grid, both self-centred, scaled error 3.60e-05. the bare model's truncated moment is 9.40289, so the strip baseline's bias at this window is -0.1609 (-1.71 per cent)","noiseless, truth 42.38 um at the prior means, mixed form, strips (28.0, 36.0) MHz",DIAGNOSTIC
P_4207_175mW_130C,mu3@8,-0.00439114,,MHz^3,"estimator on the archive grid against the direct truncated moment -0.00439927 of the same de-baselined line on a 10x finer grid, both self-centred, scaled error 2.89e-07. the bare model's truncated moment is -0.000358826, so the strip baseline's bias at this window is -0.004032 (-0.000144 in units of k2^(n/2), the odd orders of a symmetric line being zero)","noiseless, truth 42.38 um at the prior means, mixed form, strips (28.0, 36.0) MHz",DIAGNOSTIC
P_4207_175mW_130C,mu4@8,257.059,,MHz^4,"estimator on the archive grid against the direct truncated moment 257.046 of the same de-baselined line on a 10x finer grid, both self-centred, scaled error 1.43e-04. the bare model's truncated moment is 264.541, so the strip baseline's bias at this window is -7.483 (-2.83 per cent)","noiseless, truth 42.38 um at the prior means, mixed form, strips (28.0, 36.0) MHz",DIAGNOSTIC
P_4207_175mW_130C,mu5@8,-0.251529,,MHz^5,"estimator on the archive grid against the direct truncated moment -0.251943 of the same de-baselined line on a 10x finer grid, both self-centred, scaled error 1.59e-06. the bare model's truncated moment is -0.0142302, so the strip baseline's bias at this window is -0.2373 (-0.000914 in units of k2^(n/2), the odd orders of a symmetric line being zero)","noiseless, truth 42.38 um at the prior means, mixed form, strips (28.0, 36.0) MHz",DIAGNOSTIC
P_4207_175mW_130C,mu6@8,10108.1,,MHz^6,"estimator on the archive grid against the direct truncated moment 10107.6 of the same de-baselined line on a 10x finer grid, both self-centred, scaled error 6.68e-04. the bare model's truncated moment is 10472.1, so the strip baseline's bias at this window is -364 (-3.48 per cent)","noiseless, truth 42.38 um at the prior means, mixed form, strips (28.0, 36.0) MHz",DIAGNOSTIC
P_4207_175mW_130C,mu7@8,-13.5258,,MHz^7,"estimator on the archive grid against the direct truncated moment -13.5474 of the same de-baselined line on a 10x finer grid, both self-centred, scaled error 8.99e-06. the bare model's truncated moment is -0.60665, so the strip baseline's bias at this window is -12.92 (-0.00538 in units of k2^(n/2), the odd orders of a symmetric line being zero)","noiseless, truth 42.38 um at the prior means, mixed form, strips (28.0, 36.0) MHz",DIAGNOSTIC
P_4207_175mW_130C,mu2@13,15.2344,,MHz^2,"estimator on the archive grid against the direct truncated moment 15.2334 of the same de-baselined line on a 10x finer grid, both self-centred, scaled error 6.19e-05. the bare model's truncated moment is 16.061, so the strip baseline's bias at this window is -0.8266 (-5.15 per cent)","noiseless, truth 42.38 um at the prior means, mixed form, strips (28.0, 36.0) MHz",DIAGNOSTIC
P_4207_175mW_130C,mu3@13,-0.058267,,MHz^3,"estimator on the archive grid against the direct truncated moment -0.0583601 of the same de-baselined line on a 10x finer grid, both self-centred, scaled error 1.57e-06. the bare model's truncated moment is -0.000529344, so the strip baseline's bias at this window is -0.05774 (-0.000971 in units of k2^(n/2), the odd orders of a symmetric line being zero)","noiseless, truth 42.38 um at the prior means, mixed form, strips (28.0, 36.0) MHz",DIAGNOSTIC
P_4207_175mW_130C,mu4@13,971.148,,MHz^4,"estimator on the archive grid against the direct truncated moment 971.055 of the same de-baselined line on a 10x finer grid, both self-centred, scaled error 3.99e-04. the bare model's truncated moment is 1066.52, so the strip baseline's bias at this window is -95.38 (-8.94 per cent)","noiseless, truth 42.38 um at the prior means, mixed form, strips (28.0, 36.0) MHz",DIAGNOSTIC
P_4207_175mW_130C,mu5@13,-8.32981,,MHz^5,"estimator on the archive grid against the direct truncated moment -8.34273 of the same de-baselined line on a 10x finer grid, both self-centred, scaled error 1.43e-05. the bare model's truncated moment is -0.0374796, so the strip baseline's bias at this window is -8.292 (-0.00916 in units of k2^(n/2), the odd orders of a symmetric line being zero)","noiseless, truth 42.38 um at the prior means, mixed form, strips (28.0, 36.0) MHz",DIAGNOSTIC
P_4207_175mW_130C,mu6@13,96539.4,,MHz^6,"estimator on the archive grid against the direct truncated moment 96528.4 of the same de-baselined line on a 10x finer grid, both self-centred, scaled error 3.12e-03. the bare model's truncated moment is 108469, so the strip baseline's bias at this window is -1.193e+04 (-11 per cent)","noiseless, truth 42.38 um at the prior means, mixed form, strips (28.0, 36.0) MHz. REFUSED from the vector: unresolved at the archive's sampling",DIAGNOSTIC
P_4207_175mW_130C,mu7@13,-1151.42,,MHz^7,"estimator on the archive grid against the direct truncated moment -1153.15 of the same de-baselined line on a 10x finer grid, both self-centred, scaled error 1.25e-04. the bare model's truncated moment is -3.46984, so the strip baseline's bias at this window is -1148 (-0.0832 in units of k2^(n/2), the odd orders of a symmetric line being zero)","noiseless, truth 42.38 um at the prior means, mixed form, strips (28.0, 36.0) MHz",DIAGNOSTIC
P_4207_175mW_130C,mu2@21,22.5707,,MHz^2,"estimator on the archive grid against the direct truncated moment 22.5672 of the same de-baselined line on a 10x finer grid, both self-centred, scaled error 1.57e-04. the bare model's truncated moment is 26.4508, so the strip baseline's bias at this window is -3.88 (-14.7 per cent)","noiseless, truth 42.38 um at the prior means, mixed form, strips (28.0, 36.0) MHz",DIAGNOSTIC
P_4207_175mW_130C,mu3@21,-0.728167,,MHz^3,"estimator on the archive grid against the direct truncated moment -0.72939 of the same de-baselined line on a 10x finer grid, both self-centred, scaled error 1.14e-05. the bare model's truncated moment is -0.000624079, so the strip baseline's bias at this window is -0.7275 (-0.00679 in units of k2^(n/2), the odd orders of a symmetric line being zero)","noiseless, truth 42.38 um at the prior means, mixed form, strips (28.0, 36.0) MHz",DIAGNOSTIC
P_4207_175mW_130C,mu4@21,3155.86,,MHz^4,"estimator on the archive grid against the direct truncated moment 3154.9 of the same de-baselined line on a 10x finer grid, both self-centred, scaled error 1.89e-03. the bare model's truncated moment is 4270.41, so the strip baseline's bias at this window is -1115 (-26.1 per cent)","noiseless, truth 42.38 um at the prior means, mixed form, strips (28.0, 36.0) MHz. REFUSED from the vector: unresolved at the archive's sampling",DIAGNOSTIC
P_4207_175mW_130C,mu5@21,-256.163,,MHz^5,"estimator on the archive grid against the direct truncated moment -256.595 of the same de-baselined line on a 10x finer grid, both self-centred, scaled error 1.78e-04. the bare model's truncated moment is -0.0714206, so the strip baseline's bias at this window is -256.1 (-0.106 in units of k2^(n/2), the odd orders of a symmetric line being zero)","noiseless, truth 42.38 um at the prior means, mixed form, strips (28.0, 36.0) MHz",DIAGNOSTIC
P_4207_175mW_130C,mu6@21,769344,,MHz^6,"estimator on the archive grid against the direct truncated moment 769039 of the same de-baselined line on a 10x finer grid, both self-centred, scaled error 2.66e-02. the bare model's truncated moment is 1.12744e+06, so the strip baseline's bias at this window is -3.581e+05 (-31.8 per cent)","noiseless, truth 42.38 um at the prior means, mixed form, strips (28.0, 36.0) MHz. REFUSED from the vector: unresolved at the archive's sampling",DIAGNOSTIC
P_4207_175mW_130C,mu7@21,-90365.1,,MHz^7,"estimator on the archive grid against the direct truncated moment -90517.8 of the same de-baselined line on a 10x finer grid, both self-centred, scaled error 2.80e-03. the bare model's truncated moment is -14.2558, so the strip baseline's bias at this window is -9.035e+04 (-1.65 in units of k2^(n/2), the odd orders of a symmetric line being zero)","noiseless, truth 42.38 um at the prior means, mixed form, strips (28.0, 36.0) MHz. REFUSED from the vector: unresolved at the archive's sampling",DIAGNOSTIC
P_4207_225mW_130C,mu2@0.5,0.0827022,,MHz^2,"estimator on the archive grid against the direct truncated moment 0.0827039 of the same de-baselined line on a 10x finer grid, both self-centred, scaled error 2.07e-05. the bare model's truncated moment is 0.0827077, so the strip baseline's bias at this window is -5.457e-06 (-0.0066 per cent)","noiseless, truth 42.38 um at the prior means, mixed form, strips (28.0, 36.0) MHz",DIAGNOSTIC
P_4207_225mW_130C,mu3@0.5,-2.4115e-09,,MHz^3,"estimator on the archive grid against the direct truncated moment 2.89555e-06 of the same de-baselined line on a 10x finer grid, both self-centred, scaled error 1.22e-04. the bare model's truncated moment is 2.92366e-06, so the strip baseline's bias at this window is -2.926e-06 (-0.000123 in units of k2^(n/2), the odd orders of a symmetric line being zero)","noiseless, truth 42.38 um at the prior means, mixed form, strips (28.0, 36.0) MHz",DIAGNOSTIC
P_4207_225mW_130C,mu4@0.5,0.012365,,MHz^4,"estimator on the archive grid against the direct truncated moment 0.0123659 of the same de-baselined line on a 10x finer grid, both self-centred, scaled error 1.31e-04. the bare model's truncated moment is 0.0123667, so the strip baseline's bias at this window is -1.692e-06 (-0.0137 per cent)","noiseless, truth 42.38 um at the prior means, mixed form, strips (28.0, 36.0) MHz",DIAGNOSTIC
P_4207_225mW_130C,mu5@0.5,-1.60497e-10,,MHz^5,"estimator on the archive grid against the direct truncated moment 6.12213e-07 of the same de-baselined line on a 10x finer grid, both self-centred, scaled error 3.11e-04. the bare model's truncated moment is 6.18376e-07, so the strip baseline's bias at this window is -6.185e-07 (-0.000314 in units of k2^(n/2), the odd orders of a symmetric line being zero)","noiseless, truth 42.38 um at the prior means, mixed form, strips (28.0, 36.0) MHz",DIAGNOSTIC
P_4207_225mW_130C,mu6@0.5,0.00220406,,MHz^6,"estimator on the archive grid against the direct truncated moment 0.0022044 of the same de-baselined line on a 10x finer grid, both self-centred, scaled error 6.05e-04. the bare model's truncated moment is 0.00220457, so the strip baseline's bias at this window is -5.055e-07 (-0.0229 per cent)","noiseless, truth 42.38 um at the prior means, mixed form, strips (28.0, 36.0) MHz",DIAGNOSTIC
P_4207_225mW_130C,mu7@0.5,7.94814e-11,,MHz^7,"estimator on the archive grid against the direct truncated moment 1.4474e-07 of the same de-baselined line on a 10x finer grid, both self-centred, scaled error 8.89e-04. the bare model's truncated moment is 1.46242e-07, so the strip baseline's bias at this window is -1.462e-07 (-0.000898 in units of k2^(n/2), the odd orders of a symmetric line being zero)","noiseless, truth 42.38 um at the prior means, mixed form, strips (28.0, 36.0) MHz",DIAGNOSTIC
P_4207_225mW_130C,mu2@1,0.323605,,MHz^2,"estimator on the archive grid against the direct truncated moment 0.323606 of the same de-baselined line on a 10x finer grid, both self-centred, scaled error 3.24e-06. the bare model's truncated moment is 0.323665, so the strip baseline's bias at this window is -6.073e-05 (-0.0188 per cent)","noiseless, truth 42.38 um at the prior means, mixed form, strips (28.0, 36.0) MHz",DIAGNOSTIC
P_4207_225mW_130C,mu3@1,-4.49699e-07,,MHz^3,"estimator on the archive grid against the direct truncated moment -3.37255e-07 of the same de-baselined line on a 10x finer grid, both self-centred, scaled error 6.11e-07. the bare model's truncated moment is -2.56581e-07, so the strip baseline's bias at this window is -1.931e-07 (-1.05e-06 in units of k2^(n/2), the odd orders of a symmetric line being zero)","noiseless, truth 42.38 um at the prior means, mixed form, strips (28.0, 36.0) MHz",DIAGNOSTIC
P_4207_225mW_130C,mu4@1,0.191725,,MHz^4,"estimator on the archive grid against the direct truncated moment 0.191729 of the same de-baselined line on a 10x finer grid, both self-centred, scaled error 3.52e-05. the bare model's truncated moment is 0.191779, so the strip baseline's bias at this window is -5.446e-05 (-0.0284 per cent)","noiseless, truth 42.38 um at the prior means, mixed form, strips (28.0, 36.0) MHz",DIAGNOSTIC
P_4207_225mW_130C,mu5@1,-4.88455e-07,,MHz^5,"estimator on the archive grid against the direct truncated moment -8.36036e-07 of the same de-baselined line on a 10x finer grid, both self-centred, scaled error 5.83e-06. the bare model's truncated moment is -7.28391e-07, so the strip baseline's bias at this window is +2.399e-07 (+4.03e-06 in units of k2^(n/2), the odd orders of a symmetric line being zero)","noiseless, truth 42.38 um at the prior means, mixed form, strips (28.0, 36.0) MHz",DIAGNOSTIC
P_4207_225mW_130C,mu6@1,0.135995,,MHz^6,"estimator on the archive grid against the direct truncated moment 0.136001 of the same de-baselined line on a 10x finer grid, both self-centred, scaled error 1.86e-04. the bare model's truncated moment is 0.136043, so the strip baseline's bias at this window is -4.845e-05 (-0.0356 per cent)","noiseless, truth 42.38 um at the prior means, mixed form, strips (28.0, 36.0) MHz",DIAGNOSTIC
P_4207_225mW_130C,mu7@1,-4.58531e-07,,MHz^7,"estimator on the archive grid against the direct truncated moment -1.18364e-06 of the same de-baselined line on a 10x finer grid, both self-centred, scaled error 3.76e-05. the bare model's truncated moment is -1.05218e-06, so the strip baseline's bias at this window is +5.936e-07 (+3.08e-05 in units of k2^(n/2), the odd orders of a symmetric line being zero)","noiseless, truth 42.38 um at the prior means, mixed form, strips (28.0, 36.0) MHz",DIAGNOSTIC
P_4207_225mW_130C,mu2@2,1.19661,,MHz^2,"estimator on the archive grid against the direct truncated moment 1.19659 of the same de-baselined line on a 10x finer grid, both self-centred, scaled error 1.10e-05. the bare model's truncated moment is 1.19751, so the strip baseline's bias at this window is -0.0009085 (-0.0759 per cent)","noiseless, truth 42.38 um at the prior means, mixed form, strips (28.0, 36.0) MHz",DIAGNOSTIC
P_4207_225mW_130C,mu3@2,-1.58627e-05,,MHz^3,"estimator on the archive grid against the direct truncated moment -1.75579e-05 of the same de-baselined line on a 10x finer grid, both self-centred, scaled error 1.30e-06. the bare model's truncated moment is -1.5689e-05, so the strip baseline's bias at this window is -1.737e-07 (-1.33e-07 in units of k2^(n/2), the odd orders of a symmetric line being zero)","noiseless, truth 42.38 um at the prior means, mixed form, strips (28.0, 36.0) MHz",DIAGNOSTIC
P_4207_225mW_130C,mu4@2,2.7437,,MHz^4,"estimator on the archive grid against the direct truncated moment 2.74366 of the same de-baselined line on a 10x finer grid, both self-centred, scaled error 2.56e-05. the bare model's truncated moment is 2.74674, so the strip baseline's bias at this window is -0.003039 (-0.111 per cent)","noiseless, truth 42.38 um at the prior means, mixed form, strips (28.0, 36.0) MHz",DIAGNOSTIC
P_4207_225mW_130C,mu5@2,-6.53265e-05,,MHz^5,"estimator on the archive grid against the direct truncated moment -7.74725e-05 of the same de-baselined line on a 10x finer grid, both self-centred, scaled error 7.75e-06. the bare model's truncated moment is -6.8964e-05, so the strip baseline's bias at this window is +3.637e-06 (+2.32e-06 in units of k2^(n/2), the odd orders of a symmetric line being zero)","noiseless, truth 42.38 um at the prior means, mixed form, strips (28.0, 36.0) MHz",DIAGNOSTIC
P_4207_225mW_130C,mu6@2,7.64721,,MHz^6,"estimator on the archive grid against the direct truncated moment 7.64712 of the same de-baselined line on a 10x finer grid, both self-centred, scaled error 5.40e-05. the bare model's truncated moment is 7.6572, so the strip baseline's bias at this window is -0.00999 (-0.13 per cent)","noiseless, truth 42.38 um at the prior means, mixed form, strips (28.0, 36.0) MHz",DIAGNOSTIC
P_4207_225mW_130C,mu7@2,-0.000236809,,MHz^7,"estimator on the archive grid against the direct truncated moment -0.000306201 of the same de-baselined line on a 10x finer grid, both self-centred, scaled error 3.70e-05. the bare model's truncated moment is -0.000272113, so the strip baseline's bias at this window is +3.53e-05 (+1.88e-05 in units of k2^(n/2), the odd orders of a symmetric line being zero)","noiseless, truth 42.38 um at the prior means, mixed form, strips (28.0, 36.0) MHz",DIAGNOSTIC
P_4207_225mW_130C,mu2@3,2.41685,,MHz^2,"estimator on the archive grid against the direct truncated moment 2.41681 of the same de-baselined line on a 10x finer grid, both self-centred, scaled error 1.84e-05. the bare model's truncated moment is 2.42125, so the strip baseline's bias at this window is -0.004404 (-0.182 per cent)","noiseless, truth 42.38 um at the prior means, mixed form, strips (28.0, 36.0) MHz",DIAGNOSTIC
P_4207_225mW_130C,mu3@3,-8.93543e-05,,MHz^3,"estimator on the archive grid against the direct truncated moment -9.30586e-05 of the same de-baselined line on a 10x finer grid, both self-centred, scaled error 9.86e-07. the bare model's truncated moment is -7.44178e-05, so the strip baseline's bias at this window is -1.494e-05 (-3.98e-06 in units of k2^(n/2), the odd orders of a symmetric line being zero)","noiseless, truth 42.38 um at the prior means, mixed form, strips (28.0, 36.0) MHz",DIAGNOSTIC
P_4207_225mW_130C,mu4@3,11.9272,,MHz^4,"estimator on the archive grid against the direct truncated moment 11.9268 of the same de-baselined line on a 10x finer grid, both self-centred, scaled error 5.14e-05. the bare model's truncated moment is 11.9594, so the strip baseline's bias at this window is -0.03229 (-0.27 per cent)","noiseless, truth 42.38 um at the prior means, mixed form, strips (28.0, 36.0) MHz",DIAGNOSTIC
P_4207_225mW_130C,mu5@3,-0.000779417,,MHz^5,"estimator on the archive grid against the direct truncated moment -0.000836559 of the same de-baselined line on a 10x finer grid, both self-centred, scaled error 6.29e-06. the bare model's truncated moment is -0.000659925, so the strip baseline's bias at this window is -0.0001195 (-1.32e-05 in units of k2^(n/2), the odd orders of a symmetric line being zero)","noiseless, truth 42.38 um at the prior means, mixed form, strips (28.0, 36.0) MHz",DIAGNOSTIC
P_4207_225mW_130C,mu6@3,73.0895,,MHz^6,"estimator on the archive grid against the direct truncated moment 73.0874 of the same de-baselined line on a 10x finer grid, both self-centred, scaled error 1.48e-04. the bare model's truncated moment is 73.3243, so the strip baseline's bias at this window is -0.2348 (-0.32 per cent)","noiseless, truth 42.38 um at the prior means, mixed form, strips (28.0, 36.0) MHz",DIAGNOSTIC
P_4207_225mW_130C,mu7@3,-0.00611908,,MHz^7,"estimator on the archive grid against the direct truncated moment -0.00684419 of the same de-baselined line on a 10x finer grid, both self-centred, scaled error 3.30e-05. the bare model's truncated moment is -0.00537248, so the strip baseline's bias at this window is -0.0007466 (-3.4e-05 in units of k2^(n/2), the odd orders of a symmetric line being zero)","noiseless, truth 42.38 um at the prior means, mixed form, strips (28.0, 36.0) MHz",DIAGNOSTIC
P_4207_225mW_130C,mu2@5,5.24547,,MHz^2,"estimator on the archive grid against the direct truncated moment 5.24533 of the same de-baselined line on a 10x finer grid, both self-centred, scaled error 2.66e-05. the bare model's truncated moment is 5.27591, so the strip baseline's bias at this window is -0.03044 (-0.577 per cent)","noiseless, truth 42.38 um at the prior means, mixed form, strips (28.0, 36.0) MHz",DIAGNOSTIC
P_4207_225mW_130C,mu3@5,-0.000670486,,MHz^3,"estimator on the archive grid against the direct truncated moment -0.000670396 of the same de-baselined line on a 10x finer grid, both self-centred, scaled error 7.48e-09. the bare model's truncated moment is -0.0003107, so the strip baseline's bias at this window is -0.0003598 (-2.99e-05 in units of k2^(n/2), the odd orders of a symmetric line being zero)","noiseless, truth 42.38 um at the prior means, mixed form, strips (28.0, 36.0) MHz",DIAGNOSTIC
P_4207_225mW_130C,mu4@5,65.2132,,MHz^4,"estimator on the archive grid against the direct truncated moment 65.2109 of the same de-baselined line on a 10x finer grid, both self-centred, scaled error 8.29e-05. the bare model's truncated moment is 65.803, so the strip baseline's bias at this window is -0.5898 (-0.896 per cent)","noiseless, truth 42.38 um at the prior means, mixed form, strips (28.0, 36.0) MHz",DIAGNOSTIC
P_4207_225mW_130C,mu5@5,-0.0151723,,MHz^5,"estimator on the archive grid against the direct truncated moment -0.0150727 of the same de-baselined line on a 10x finer grid, both self-centred, scaled error 1.58e-06. the bare model's truncated moment is -0.00618945, so the strip baseline's bias at this window is -0.008983 (-0.000143 in units of k2^(n/2), the odd orders of a symmetric line being zero)","noiseless, truth 42.38 um at the prior means, mixed form, strips (28.0, 36.0) MHz",DIAGNOSTIC
P_4207_225mW_130C,mu6@5,1058.75,,MHz^6,"estimator on the archive grid against the direct truncated moment 1058.71 of the same de-baselined line on a 10x finer grid, both self-centred, scaled error 2.82e-04. the bare model's truncated moment is 1070.33, so the strip baseline's bias at this window is -11.58 (-1.08 per cent)","noiseless, truth 42.38 um at the prior means, mixed form, strips (28.0, 36.0) MHz",DIAGNOSTIC
P_4207_225mW_130C,mu7@5,-0.319192,,MHz^7,"estimator on the archive grid against the direct truncated moment -0.314374 of the same de-baselined line on a 10x finer grid, both self-centred, scaled error 1.46e-05. the bare model's truncated moment is -0.117978, so the strip baseline's bias at this window is -0.2012 (-0.000609 in units of k2^(n/2), the odd orders of a symmetric line being zero)","noiseless, truth 42.38 um at the prior means, mixed form, strips (28.0, 36.0) MHz",DIAGNOSTIC
P_4207_225mW_130C,mu2@8,9.43914,,MHz^2,"estimator on the archive grid against the direct truncated moment 9.43881 of the same de-baselined line on a 10x finer grid, both self-centred, scaled error 3.52e-05. the bare model's truncated moment is 9.60383, so the strip baseline's bias at this window is -0.1647 (-1.71 per cent)","noiseless, truth 42.38 um at the prior means, mixed form, strips (28.0, 36.0) MHz",DIAGNOSTIC
P_4207_225mW_130C,mu3@8,-0.00596516,,MHz^3,"estimator on the archive grid against the direct truncated moment -0.00597572 of the same de-baselined line on a 10x finer grid, both self-centred, scaled error 3.64e-07. the bare model's truncated moment is -0.000708656, so the strip baseline's bias at this window is -0.005257 (-0.000181 in units of k2^(n/2), the odd orders of a symmetric line being zero)","noiseless, truth 42.38 um at the prior means, mixed form, strips (28.0, 36.0) MHz",DIAGNOSTIC
P_4207_225mW_130C,mu4@8,264.465,,MHz^4,"estimator on the archive grid against the direct truncated moment 264.452 of the same de-baselined line on a 10x finer grid, both self-centred, scaled error 1.39e-04. the bare model's truncated moment is 272.149, so the strip baseline's bias at this window is -7.684 (-2.82 per cent)","noiseless, truth 42.38 um at the prior means, mixed form, strips (28.0, 36.0) MHz",DIAGNOSTIC
P_4207_225mW_130C,mu5@8,-0.338987,,MHz^5,"estimator on the archive grid against the direct truncated moment -0.339565 of the same de-baselined line on a 10x finer grid, both self-centred, scaled error 2.11e-06. the bare model's truncated moment is -0.0285639, so the strip baseline's bias at this window is -0.3104 (-0.00113 in units of k2^(n/2), the odd orders of a symmetric line being zero)","noiseless, truth 42.38 um at the prior means, mixed form, strips (28.0, 36.0) MHz",DIAGNOSTIC
P_4207_225mW_130C,mu6@8,10428.1,,MHz^6,"estimator on the archive grid against the direct truncated moment 10427.6 of the same de-baselined line on a 10x finer grid, both self-centred, scaled error 6.41e-04. the bare model's truncated moment is 10802.4, so the strip baseline's bias at this window is -374.3 (-3.47 per cent)","noiseless, truth 42.38 um at the prior means, mixed form, strips (28.0, 36.0) MHz",DIAGNOSTIC
P_4207_225mW_130C,mu7@8,-18.1605,,MHz^7,"estimator on the archive grid against the direct truncated moment -18.1938 of the same de-baselined line on a 10x finer grid, both self-centred, scaled error 1.29e-05. the bare model's truncated moment is -1.23158, so the strip baseline's bias at this window is -16.93 (-0.00655 in units of k2^(n/2), the odd orders of a symmetric line being zero)","noiseless, truth 42.38 um at the prior means, mixed form, strips (28.0, 36.0) MHz",DIAGNOSTIC
P_4207_225mW_130C,mu2@13,15.6314,,MHz^2,"estimator on the archive grid against the direct truncated moment 15.6305 of the same de-baselined line on a 10x finer grid, both self-centred, scaled error 6.14e-05. the bare model's truncated moment is 16.4811, so the strip baseline's bias at this window is -0.8496 (-5.16 per cent)","noiseless, truth 42.38 um at the prior means, mixed form, strips (28.0, 36.0) MHz",DIAGNOSTIC
P_4207_225mW_130C,mu3@13,-0.0766357,,MHz^3,"estimator on the archive grid against the direct truncated moment -0.076759 of the same de-baselined line on a 10x finer grid, both self-centred, scaled error 2.00e-06. the bare model's truncated moment is -0.00105904, so the strip baseline's bias at this window is -0.07558 (-0.00122 in units of k2^(n/2), the odd orders of a symmetric line being zero)","noiseless, truth 42.38 um at the prior means, mixed form, strips (28.0, 36.0) MHz",DIAGNOSTIC
P_4207_225mW_130C,mu4@13,1003.62,,MHz^4,"estimator on the archive grid against the direct truncated moment 1003.52 of the same de-baselined line on a 10x finer grid, both self-centred, scaled error 3.90e-04. the bare model's truncated moment is 1101.93, so the strip baseline's bias at this window is -98.31 (-8.92 per cent)","noiseless, truth 42.38 um at the prior means, mixed form, strips (28.0, 36.0) MHz",DIAGNOSTIC
P_4207_225mW_130C,mu5@13,-10.9689,,MHz^5,"estimator on the archive grid against the direct truncated moment -10.9863 of the same de-baselined line on a 10x finer grid, both self-centred, scaled error 1.80e-05. the bare model's truncated moment is -0.0757041, so the strip baseline's bias at this window is -10.89 (-0.0113 in units of k2^(n/2), the odd orders of a symmetric line being zero)","noiseless, truth 42.38 um at the prior means, mixed form, strips (28.0, 36.0) MHz",DIAGNOSTIC
P_4207_225mW_130C,mu6@13,99949.8,,MHz^6,"estimator on the archive grid against the direct truncated moment 99938.4 of the same de-baselined line on a 10x finer grid, both self-centred, scaled error 2.98e-03. the bare model's truncated moment is 112260, so the strip baseline's bias at this window is -1.231e+04 (-11 per cent)","noiseless, truth 42.38 um at the prior means, mixed form, strips (28.0, 36.0) MHz. REFUSED from the vector: unresolved at the archive's sampling",DIAGNOSTIC
P_4207_225mW_130C,mu7@13,-1517.32,,MHz^7,"estimator on the archive grid against the direct truncated moment -1519.71 of the same de-baselined line on a 10x finer grid, both self-centred, scaled error 1.58e-04. the bare model's truncated moment is -6.88435, so the strip baseline's bias at this window is -1510 (-0.1 in units of k2^(n/2), the odd orders of a symmetric line being zero)","noiseless, truth 42.38 um at the prior means, mixed form, strips (28.0, 36.0) MHz",DIAGNOSTIC
P_4207_225mW_130C,mu2@21,23.2202,,MHz^2,"estimator on the archive grid against the direct truncated moment 23.2166 of the same de-baselined line on a 10x finer grid, both self-centred, scaled error 1.57e-04. the bare model's truncated moment is 27.2202, so the strip baseline's bias at this window is -4 (-14.7 per cent)","noiseless, truth 42.38 um at the prior means, mixed form, strips (28.0, 36.0) MHz",DIAGNOSTIC
P_4207_225mW_130C,mu3@21,-0.956864,,MHz^3,"estimator on the archive grid against the direct truncated moment -0.958472 of the same de-baselined line on a 10x finer grid, both self-centred, scaled error 1.44e-05. the bare model's truncated moment is -0.00125763, so the strip baseline's bias at this window is -0.9556 (-0.00854 in units of k2^(n/2), the odd orders of a symmetric line being zero)","noiseless, truth 42.38 um at the prior means, mixed form, strips (28.0, 36.0) MHz",DIAGNOSTIC
P_4207_225mW_130C,mu4@21,3266.23,,MHz^4,"estimator on the archive grid against the direct truncated moment 3265.23 of the same de-baselined line on a 10x finer grid, both self-centred, scaled error 1.85e-03. the bare model's truncated moment is 4417.67, so the strip baseline's bias at this window is -1151 (-26.1 per cent)","noiseless, truth 42.38 um at the prior means, mixed form, strips (28.0, 36.0) MHz. REFUSED from the vector: unresolved at the archive's sampling",DIAGNOSTIC
P_4207_225mW_130C,mu5@21,-337.447,,MHz^5,"estimator on the archive grid against the direct truncated moment -338.014 of the same de-baselined line on a 10x finer grid, both self-centred, scaled error 2.19e-04. the bare model's truncated moment is -0.145607, so the strip baseline's bias at this window is -337.3 (-0.13 in units of k2^(n/2), the odd orders of a symmetric line being zero)","noiseless, truth 42.38 um at the prior means, mixed form, strips (28.0, 36.0) MHz",DIAGNOSTIC
P_4207_225mW_130C,mu6@21,796970,,MHz^6,"estimator on the archive grid against the direct truncated moment 796654 of the same de-baselined line on a 10x finer grid, both self-centred, scaled error 2.53e-02. the bare model's truncated moment is 1.16717e+06, so the strip baseline's bias at this window is -3.702e+05 (-31.7 per cent)","noiseless, truth 42.38 um at the prior means, mixed form, strips (28.0, 36.0) MHz. REFUSED from the vector: unresolved at the archive's sampling",DIAGNOSTIC
P_4207_225mW_130C,mu7@21,-119146,,MHz^7,"estimator on the archive grid against the direct truncated moment -119347 of the same de-baselined line on a 10x finer grid, both self-centred, scaled error 3.32e-03. the bare model's truncated moment is -28.1655, so the strip baseline's bias at this window is -1.191e+05 (-1.98 in units of k2^(n/2), the odd orders of a symmetric line being zero)","noiseless, truth 42.38 um at the prior means, mixed form, strips (28.0, 36.0) MHz. REFUSED from the vector: unresolved at the archive's sampling",DIAGNOSTIC
P_4207_25mW_130C,mu2@0.5,0.0826126,,MHz^2,"estimator on the archive grid against the direct truncated moment 0.0826133 of the same de-baselined line on a 10x finer grid, both self-centred, scaled error 7.88e-06. the bare model's truncated moment is 0.0826169, so the strip baseline's bias at this window is -4.312e-06 (-0.00522 per cent)","noiseless, truth 42.38 um at the prior means, mixed form, strips (28.0, 36.0) MHz",DIAGNOSTIC
P_4207_25mW_130C,mu3@0.5,-8.46451e-09,,MHz^3,"estimator on the archive grid against the direct truncated moment 2.79448e-06 of the same de-baselined line on a 10x finer grid, both self-centred, scaled error 1.18e-04. the bare model's truncated moment is 2.80466e-06, so the strip baseline's bias at this window is -2.813e-06 (-0.000118 in units of k2^(n/2), the odd orders of a symmetric line being zero)","noiseless, truth 42.38 um at the prior means, mixed form, strips (28.0, 36.0) MHz",DIAGNOSTIC
P_4207_25mW_130C,mu4@0.5,0.0123459,,MHz^4,"estimator on the archive grid against the direct truncated moment 0.0123463 of the same de-baselined line on a 10x finer grid, both self-centred, scaled error 4.88e-05. the bare model's truncated moment is 0.012347, so the strip baseline's bias at this window is -1.109e-06 (-0.00898 per cent)","noiseless, truth 42.38 um at the prior means, mixed form, strips (28.0, 36.0) MHz",DIAGNOSTIC
P_4207_25mW_130C,mu5@0.5,-3.12565e-09,,MHz^5,"estimator on the archive grid against the direct truncated moment 3.51221e-07 of the same de-baselined line on a 10x finer grid, both self-centred, scaled error 1.81e-04. the bare model's truncated moment is 3.52245e-07, so the strip baseline's bias at this window is -3.554e-07 (-0.000181 in units of k2^(n/2), the odd orders of a symmetric line being zero)","noiseless, truth 42.38 um at the prior means, mixed form, strips (28.0, 36.0) MHz",DIAGNOSTIC
P_4207_25mW_130C,mu6@0.5,0.00220009,,MHz^6,"estimator on the archive grid against the direct truncated moment 0.00220022 of the same de-baselined line on a 10x finer grid, both self-centred, scaled error 2.23e-04. the bare model's truncated moment is 0.00220038, so the strip baseline's bias at this window is -2.855e-07 (-0.013 per cent)","noiseless, truth 42.38 um at the prior means, mixed form, strips (28.0, 36.0) MHz",DIAGNOSTIC
P_4207_25mW_130C,mu7@0.5,-9.19185e-10,,MHz^7,"estimator on the archive grid against the direct truncated moment 2.90204e-08 of the same de-baselined line on a 10x finer grid, both self-centred, scaled error 1.85e-04. the bare model's truncated moment is 2.90004e-08, so the strip baseline's bias at this window is -2.992e-08 (-0.000185 in units of k2^(n/2), the odd orders of a symmetric line being zero)","noiseless, truth 42.38 um at the prior means, mixed form, strips (28.0, 36.0) MHz",DIAGNOSTIC
P_4207_25mW_130C,mu2@1,0.322296,,MHz^2,"estimator on the archive grid against the direct truncated moment 0.322296 of the same de-baselined line on a 10x finer grid, both self-centred, scaled error 5.21e-07. the bare model's truncated moment is 0.322354, so the strip baseline's bias at this window is -5.8e-05 (-0.018 per cent)","noiseless, truth 42.38 um at the prior means, mixed form, strips (28.0, 36.0) MHz",DIAGNOSTIC
P_4207_25mW_130C,mu3@1,-1.72407e-08,,MHz^3,"estimator on the archive grid against the direct truncated moment 1.81901e-06 of the same de-baselined line on a 10x finer grid, both self-centred, scaled error 1.00e-05. the bare model's truncated moment is 1.82752e-06, so the strip baseline's bias at this window is -1.845e-06 (-1.01e-05 in units of k2^(n/2), the odd orders of a symmetric line being zero)","noiseless, truth 42.38 um at the prior means, mixed form, strips (28.0, 36.0) MHz",DIAGNOSTIC
P_4207_25mW_130C,mu4@1,0.190623,,MHz^4,"estimator on the archive grid against the direct truncated moment 0.190623 of the same de-baselined line on a 10x finer grid, both self-centred, scaled error 1.87e-06. the bare model's truncated moment is 0.190673, so the strip baseline's bias at this window is -4.961e-05 (-0.026 per cent)","noiseless, truth 42.38 um at the prior means, mixed form, strips (28.0, 36.0) MHz",DIAGNOSTIC
P_4207_25mW_130C,mu5@1,-2.92779e-08,,MHz^5,"estimator on the archive grid against the direct truncated moment 3.06206e-06 of the same de-baselined line on a 10x finer grid, both self-centred, scaled error 5.24e-05. the bare model's truncated moment is 3.06189e-06, so the strip baseline's bias at this window is -3.091e-06 (-5.24e-05 in units of k2^(n/2), the odd orders of a symmetric line being zero)","noiseless, truth 42.38 um at the prior means, mixed form, strips (28.0, 36.0) MHz",DIAGNOSTIC
P_4207_25mW_130C,mu6@1,0.135087,,MHz^6,"estimator on the archive grid against the direct truncated moment 0.135087 of the same de-baselined line on a 10x finer grid, both self-centred, scaled error 1.68e-05. the bare model's truncated moment is 0.135128, so the strip baseline's bias at this window is -4.152e-05 (-0.0307 per cent)","noiseless, truth 42.38 um at the prior means, mixed form, strips (28.0, 36.0) MHz",DIAGNOSTIC
P_4207_25mW_130C,mu7@1,-3.68406e-08,,MHz^7,"estimator on the archive grid against the direct truncated moment 4.31388e-06 of the same de-baselined line on a 10x finer grid, both self-centred, scaled error 2.29e-04. the bare model's truncated moment is 4.30621e-06, so the strip baseline's bias at this window is -4.343e-06 (-0.000229 in units of k2^(n/2), the odd orders of a symmetric line being zero)","noiseless, truth 42.38 um at the prior means, mixed form, strips (28.0, 36.0) MHz",DIAGNOSTIC
P_4207_25mW_130C,mu2@2,1.18102,,MHz^2,"estimator on the archive grid against the direct truncated moment 1.18101 of the same de-baselined line on a 10x finer grid, both self-centred, scaled error 5.23e-06. the bare model's truncated moment is 1.1819, so the strip baseline's bias at this window is -0.0008855 (-0.0749 per cent)","noiseless, truth 42.38 um at the prior means, mixed form, strips (28.0, 36.0) MHz",DIAGNOSTIC
P_4207_25mW_130C,mu3@2,-1.06996e-07,,MHz^3,"estimator on the archive grid against the direct truncated moment 1.26972e-06 of the same de-baselined line on a 10x finer grid, both self-centred, scaled error 1.07e-06. the bare model's truncated moment is 1.44434e-06, so the strip baseline's bias at this window is -1.551e-06 (-1.21e-06 in units of k2^(n/2), the odd orders of a symmetric line being zero)","noiseless, truth 42.38 um at the prior means, mixed form, strips (28.0, 36.0) MHz",DIAGNOSTIC
P_4207_25mW_130C,mu4@2,2.69344,,MHz^4,"estimator on the archive grid against the direct truncated moment 2.69342 of the same de-baselined line on a 10x finer grid, both self-centred, scaled error 1.05e-05. the bare model's truncated moment is 2.69639, so the strip baseline's bias at this window is -0.002951 (-0.109 per cent)","noiseless, truth 42.38 um at the prior means, mixed form, strips (28.0, 36.0) MHz",DIAGNOSTIC
P_4207_25mW_130C,mu5@2,-5.63121e-07,,MHz^5,"estimator on the archive grid against the direct truncated moment 1.04909e-05 of the same de-baselined line on a 10x finer grid, both self-centred, scaled error 7.29e-06. the bare model's truncated moment is 1.12139e-05, so the strip baseline's bias at this window is -1.178e-05 (-7.77e-06 in units of k2^(n/2), the odd orders of a symmetric line being zero)","noiseless, truth 42.38 um at the prior means, mixed form, strips (28.0, 36.0) MHz",DIAGNOSTIC
P_4207_25mW_130C,mu6@2,7.48595,,MHz^6,"estimator on the archive grid against the direct truncated moment 7.48593 of the same de-baselined line on a 10x finer grid, both self-centred, scaled error 1.27e-05. the bare model's truncated moment is 7.49563, so the strip baseline's bias at this window is -0.009679 (-0.129 per cent)","noiseless, truth 42.38 um at the prior means, mixed form, strips (28.0, 36.0) MHz",DIAGNOSTIC
P_4207_25mW_130C,mu7@2,-2.37433e-06,,MHz^7,"estimator on the archive grid against the direct truncated moment 6.37199e-05 of the same de-baselined line on a 10x finer grid, both self-centred, scaled error 3.69e-05. the bare model's truncated moment is 6.62856e-05, so the strip baseline's bias at this window is -6.866e-05 (-3.84e-05 in units of k2^(n/2), the odd orders of a symmetric line being zero)","noiseless, truth 42.38 um at the prior means, mixed form, strips (28.0, 36.0) MHz",DIAGNOSTIC
P_4207_25mW_130C,mu2@3,2.36174,,MHz^2,"estimator on the archive grid against the direct truncated moment 2.36171 of the same de-baselined line on a 10x finer grid, both self-centred, scaled error 1.06e-05. the bare model's truncated moment is 2.36599, so the strip baseline's bias at this window is -0.004249 (-0.18 per cent)","noiseless, truth 42.38 um at the prior means, mixed form, strips (28.0, 36.0) MHz",DIAGNOSTIC
P_4207_25mW_130C,mu3@3,-1.76946e-06,,MHz^3,"estimator on the archive grid against the direct truncated moment -1.44784e-06 of the same de-baselined line on a 10x finer grid, both self-centred, scaled error 8.86e-08. the bare model's truncated moment is 5.14473e-07, so the strip baseline's bias at this window is -2.284e-06 (-6.29e-07 in units of k2^(n/2), the odd orders of a symmetric line being zero)","noiseless, truth 42.38 um at the prior means, mixed form, strips (28.0, 36.0) MHz",DIAGNOSTIC
P_4207_25mW_130C,mu4@3,11.5485,,MHz^4,"estimator on the archive grid against the direct truncated moment 11.5484 of the same de-baselined line on a 10x finer grid, both self-centred, scaled error 2.87e-05. the bare model's truncated moment is 11.5795, so the strip baseline's bias at this window is -0.03099 (-0.268 per cent)","noiseless, truth 42.38 um at the prior means, mixed form, strips (28.0, 36.0) MHz",DIAGNOSTIC
P_4207_25mW_130C,mu5@3,-1.75006e-05,,MHz^5,"estimator on the archive grid against the direct truncated moment -8.45741e-06 of the same de-baselined line on a 10x finer grid, both self-centred, scaled error 1.06e-06. the bare model's truncated moment is 9.89872e-06, so the strip baseline's bias at this window is -2.74e-05 (-3.2e-06 in units of k2^(n/2), the odd orders of a symmetric line being zero)","noiseless, truth 42.38 um at the prior means, mixed form, strips (28.0, 36.0) MHz",DIAGNOSTIC
P_4207_25mW_130C,mu6@3,70.4432,,MHz^6,"estimator on the archive grid against the direct truncated moment 70.4422 of the same de-baselined line on a 10x finer grid, both self-centred, scaled error 7.44e-05. the bare model's truncated moment is 70.6679, so the strip baseline's bias at this window is -0.2247 (-0.318 per cent)","noiseless, truth 42.38 um at the prior means, mixed form, strips (28.0, 36.0) MHz",DIAGNOSTIC
P_4207_25mW_130C,mu7@3,-0.000149544,,MHz^7,"estimator on the archive grid against the direct truncated moment -1.08721e-05 of the same de-baselined line on a 10x finer grid, both self-centred, scaled error 6.85e-06. the bare model's truncated moment is 0.000139834, so the strip baseline's bias at this window is -0.0002894 (-1.43e-05 in units of k2^(n/2), the odd orders of a symmetric line being zero)","noiseless, truth 42.38 um at the prior means, mixed form, strips (28.0, 36.0) MHz",DIAGNOSTIC
P_4207_25mW_130C,mu2@5,5.03972,,MHz^2,"estimator on the archive grid against the direct truncated moment 5.03962 of the same de-baselined line on a 10x finer grid, both self-centred, scaled error 1.95e-05. the bare model's truncated moment is 5.06869, so the strip baseline's bias at this window is -0.02897 (-0.572 per cent)","noiseless, truth 42.38 um at the prior means, mixed form, strips (28.0, 36.0) MHz",DIAGNOSTIC
P_4207_25mW_130C,mu3@5,-3.74128e-05,,MHz^3,"estimator on the archive grid against the direct truncated moment -3.86812e-05 of the same de-baselined line on a 10x finer grid, both self-centred, scaled error 1.12e-07. the bare model's truncated moment is -1.13385e-07, so the strip baseline's bias at this window is -3.73e-05 (-3.3e-06 in units of k2^(n/2), the odd orders of a symmetric line being zero)","noiseless, truth 42.38 um at the prior means, mixed form, strips (28.0, 36.0) MHz",DIAGNOSTIC
P_4207_25mW_130C,mu4@5,61.7104,,MHz^4,"estimator on the archive grid against the direct truncated moment 61.7087 of the same de-baselined line on a 10x finer grid, both self-centred, scaled error 6.59e-05. the bare model's truncated moment is 62.2672, so the strip baseline's bias at this window is -0.5569 (-0.894 per cent)","noiseless, truth 42.38 um at the prior means, mixed form, strips (28.0, 36.0) MHz",DIAGNOSTIC
P_4207_25mW_130C,mu5@5,-0.000924042,,MHz^5,"estimator on the archive grid against the direct truncated moment -0.000972301 of the same de-baselined line on a 10x finer grid, both self-centred, scaled error 8.46e-07. the bare model's truncated moment is -2.52444e-05, so the strip baseline's bias at this window is -0.0008988 (-1.58e-05 in units of k2^(n/2), the odd orders of a symmetric line being zero)","noiseless, truth 42.38 um at the prior means, mixed form, strips (28.0, 36.0) MHz",DIAGNOSTIC
P_4207_25mW_130C,mu6@5,994.965,,MHz^6,"estimator on the archive grid against the direct truncated moment 994.935 of the same de-baselined line on a 10x finer grid, both self-centred, scaled error 2.36e-04. the bare model's truncated moment is 1005.85, so the strip baseline's bias at this window is -10.89 (-1.08 per cent)","noiseless, truth 42.38 um at the prior means, mixed form, strips (28.0, 36.0) MHz",DIAGNOSTIC
P_4207_25mW_130C,mu7@5,-0.0204321,,MHz^7,"estimator on the archive grid against the direct truncated moment -0.0221491 of the same de-baselined line on a 10x finer grid, both self-centred, scaled error 5.98e-06. the bare model's truncated moment is -0.00125085, so the strip baseline's bias at this window is -0.01918 (-6.68e-05 in units of k2^(n/2), the odd orders of a symmetric line being zero)","noiseless, truth 42.38 um at the prior means, mixed form, strips (28.0, 36.0) MHz",DIAGNOSTIC
P_4207_25mW_130C,mu2@8,8.925,,MHz^2,"estimator on the archive grid against the direct truncated moment 8.9247 of the same de-baselined line on a 10x finer grid, both self-centred, scaled error 3.33e-05. the bare model's truncated moment is 9.07978, so the strip baseline's bias at this window is -0.1548 (-1.7 per cent)","noiseless, truth 42.38 um at the prior means, mixed form, strips (28.0, 36.0) MHz",DIAGNOSTIC
P_4207_25mW_130C,mu3@8,-0.000558623,,MHz^3,"estimator on the archive grid against the direct truncated moment -0.000559908 of the same de-baselined line on a 10x finer grid, both self-centred, scaled error 4.82e-08. the bare model's truncated moment is 1.74771e-06, so the strip baseline's bias at this window is -0.0005604 (-2.1e-05 in units of k2^(n/2), the odd orders of a symmetric line being zero)","noiseless, truth 42.38 um at the prior means, mixed form, strips (28.0, 36.0) MHz",DIAGNOSTIC
P_4207_25mW_130C,mu4@8,245.282,,MHz^4,"estimator on the archive grid against the direct truncated moment 245.27 of the same de-baselined line on a 10x finer grid, both self-centred, scaled error 1.51e-04. the bare model's truncated moment is 252.442, so the strip baseline's bias at this window is -7.161 (-2.84 per cent)","noiseless, truth 42.38 um at the prior means, mixed form, strips (28.0, 36.0) MHz",DIAGNOSTIC
P_4207_25mW_130C,mu5@8,-0.0327121,,MHz^5,"estimator on the archive grid against the direct truncated moment -0.0326824 of the same de-baselined line on a 10x finer grid, both self-centred, scaled error 1.25e-07. the bare model's truncated moment is 0.000174621, so the strip baseline's bias at this window is -0.03289 (-0.000138 in units of k2^(n/2), the odd orders of a symmetric line being zero)","noiseless, truth 42.38 um at the prior means, mixed form, strips (28.0, 36.0) MHz",DIAGNOSTIC
P_4207_25mW_130C,mu6@8,9601.99,,MHz^6,"estimator on the archive grid against the direct truncated moment 9601.44 of the same de-baselined line on a 10x finer grid, both self-centred, scaled error 7.69e-04. the bare model's truncated moment is 9949.47, so the strip baseline's bias at this window is -347.5 (-3.49 per cent)","noiseless, truth 42.38 um at the prior means, mixed form, strips (28.0, 36.0) MHz",DIAGNOSTIC
P_4207_25mW_130C,mu7@8,-1.77606,,MHz^7,"estimator on the archive grid against the direct truncated moment -1.76795 of the same de-baselined line on a 10x finer grid, both self-centred, scaled error 3.82e-06. the bare model's truncated moment is 0.0157356, so the strip baseline's bias at this window is -1.792 (-0.000844 in units of k2^(n/2), the odd orders of a symmetric line being zero)","noiseless, truth 42.38 um at the prior means, mixed form, strips (28.0, 36.0) MHz",DIAGNOSTIC
P_4207_25mW_130C,mu2@13,14.6041,,MHz^2,"estimator on the archive grid against the direct truncated moment 14.6031 of the same de-baselined line on a 10x finer grid, both self-centred, scaled error 7.30e-05. the bare model's truncated moment is 15.394, so the strip baseline's bias at this window is -0.7899 (-5.13 per cent)","noiseless, truth 42.38 um at the prior means, mixed form, strips (28.0, 36.0) MHz",DIAGNOSTIC
P_4207_25mW_130C,mu3@13,-0.00796646,,MHz^3,"estimator on the archive grid against the direct truncated moment -0.00798566 of the same de-baselined line on a 10x finer grid, both self-centred, scaled error 3.44e-07. the bare model's truncated moment is -7.17793e-08, so the strip baseline's bias at this window is -0.007966 (-0.000143 in units of k2^(n/2), the odd orders of a symmetric line being zero)","noiseless, truth 42.38 um at the prior means, mixed form, strips (28.0, 36.0) MHz",DIAGNOSTIC
P_4207_25mW_130C,mu4@13,920.245,,MHz^4,"estimator on the archive grid against the direct truncated moment 920.132 of the same de-baselined line on a 10x finer grid, both self-centred, scaled error 5.29e-04. the bare model's truncated moment is 1010.96, so the strip baseline's bias at this window is -90.71 (-8.97 per cent)","noiseless, truth 42.38 um at the prior means, mixed form, strips (28.0, 36.0) MHz",DIAGNOSTIC
P_4207_25mW_130C,mu5@13,-1.1379,,MHz^5,"estimator on the archive grid against the direct truncated moment -1.14075 of the same de-baselined line on a 10x finer grid, both self-centred, scaled error 3.50e-06. the bare model's truncated moment is -0.000285909, so the strip baseline's bias at this window is -1.138 (-0.0014 in units of k2^(n/2), the odd orders of a symmetric line being zero)","noiseless, truth 42.38 um at the prior means, mixed form, strips (28.0, 36.0) MHz",DIAGNOSTIC
P_4207_25mW_130C,mu6@13,91218.2,,MHz^6,"estimator on the archive grid against the direct truncated moment 91204.5 of the same de-baselined line on a 10x finer grid, both self-centred, scaled error 4.41e-03. the bare model's truncated moment is 102545, so the strip baseline's bias at this window is -1.133e+04 (-11 per cent)","noiseless, truth 42.38 um at the prior means, mixed form, strips (28.0, 36.0) MHz. REFUSED from the vector: unresolved at the archive's sampling",DIAGNOSTIC
P_4207_25mW_130C,mu7@13,-157.156,,MHz^7,"estimator on the archive grid against the direct truncated moment -157.592 of the same de-baselined line on a 10x finer grid, both self-centred, scaled error 3.66e-05. the bare model's truncated moment is -0.0845703, so the strip baseline's bias at this window is -157.1 (-0.0132 in units of k2^(n/2), the odd orders of a symmetric line being zero)","noiseless, truth 42.38 um at the prior means, mixed form, strips (28.0, 36.0) MHz",DIAGNOSTIC
P_4207_25mW_130C,mu2@21,21.5483,,MHz^2,"estimator on the archive grid against the direct truncated moment 21.5439 of the same de-baselined line on a 10x finer grid, both self-centred, scaled error 2.07e-04. the bare model's truncated moment is 25.238, so the strip baseline's bias at this window is -3.69 (-14.6 per cent)","noiseless, truth 42.38 um at the prior means, mixed form, strips (28.0, 36.0) MHz",DIAGNOSTIC
P_4207_25mW_130C,mu3@21,-0.0998561,,MHz^3,"estimator on the archive grid against the direct truncated moment -0.100082 of the same de-baselined line on a 10x finer grid, both self-centred, scaled error 2.26e-06. the bare model's truncated moment is 5.22048e-07, so the strip baseline's bias at this window is -0.09986 (-0.000999 in units of k2^(n/2), the odd orders of a symmetric line being zero)","noiseless, truth 42.38 um at the prior means, mixed form, strips (28.0, 36.0) MHz",DIAGNOSTIC
P_4207_25mW_130C,mu4@21,2984.31,,MHz^4,"estimator on the archive grid against the direct truncated moment 2983.07 of the same de-baselined line on a 10x finer grid, both self-centred, scaled error 2.67e-03. the bare model's truncated moment is 4040.56, so the strip baseline's bias at this window is -1056 (-26.1 per cent)","noiseless, truth 42.38 um at the prior means, mixed form, strips (28.0, 36.0) MHz. REFUSED from the vector: unresolved at the archive's sampling",DIAGNOSTIC
P_4207_25mW_130C,mu5@21,-34.9955,,MHz^5,"estimator on the archive grid against the direct truncated moment -35.0751 of the same de-baselined line on a 10x finer grid, both self-centred, scaled error 3.70e-05. the bare model's truncated moment is -0.000682571, so the strip baseline's bias at this window is -34.99 (-0.0162 in units of k2^(n/2), the odd orders of a symmetric line being zero)","noiseless, truth 42.38 um at the prior means, mixed form, strips (28.0, 36.0) MHz",DIAGNOSTIC
P_4207_25mW_130C,mu6@21,726567,,MHz^6,"estimator on the archive grid against the direct truncated moment 726172 of the same de-baselined line on a 10x finer grid, both self-centred, scaled error 3.96e-02. the bare model's truncated moment is 1.06557e+06, so the strip baseline's bias at this window is -3.39e+05 (-31.8 per cent)","noiseless, truth 42.38 um at the prior means, mixed form, strips (28.0, 36.0) MHz. REFUSED from the vector: unresolved at the archive's sampling",DIAGNOSTIC
P_4207_25mW_130C,mu7@21,-12328,,MHz^7,"estimator on the archive grid against the direct truncated moment -12356.4 of the same de-baselined line on a 10x finer grid, both self-centred, scaled error 6.12e-04. the bare model's truncated moment is -0.587097, so the strip baseline's bias at this window is -1.233e+04 (-0.266 in units of k2^(n/2), the odd orders of a symmetric line being zero)","noiseless, truth 42.38 um at the prior means, mixed form, strips (28.0, 36.0) MHz",DIAGNOSTIC
P_4207_75mW_130C,mu2@0.5,0.082623,,MHz^2,"estimator on the archive grid against the direct truncated moment 0.0826256 of the same de-baselined line on a 10x finer grid, both self-centred, scaled error 3.17e-05. the bare model's truncated moment is 0.0826293, so the strip baseline's bias at this window is -6.295e-06 (-0.00762 per cent)","noiseless, truth 42.38 um at the prior means, mixed form, strips (28.0, 36.0) MHz",DIAGNOSTIC
P_4207_75mW_130C,mu3@0.5,1.28344e-08,,MHz^3,"estimator on the archive grid against the direct truncated moment 1.01462e-05 of the same de-baselined line on a 10x finer grid, both self-centred, scaled error 4.27e-04. the bare model's truncated moment is 1.01789e-05, so the strip baseline's bias at this window is -1.017e-05 (-0.000428 in units of k2^(n/2), the odd orders of a symmetric line being zero)","noiseless, truth 42.38 um at the prior means, mixed form, strips (28.0, 36.0) MHz",DIAGNOSTIC
P_4207_75mW_130C,mu4@0.5,0.0123481,,MHz^4,"estimator on the archive grid against the direct truncated moment 0.0123495 of the same de-baselined line on a 10x finer grid, both self-centred, scaled error 2.00e-04. the bare model's truncated moment is 0.0123503, so the strip baseline's bias at this window is -2.149e-06 (-0.0174 per cent)","noiseless, truth 42.38 um at the prior means, mixed form, strips (28.0, 36.0) MHz",DIAGNOSTIC
P_4207_75mW_130C,mu5@0.5,4.57949e-09,,MHz^5,"estimator on the archive grid against the direct truncated moment 1.77413e-06 of the same de-baselined line on a 10x finer grid, both self-centred, scaled error 9.02e-04. the bare model's truncated moment is 1.77771e-06, so the strip baseline's bias at this window is -1.773e-06 (-0.000904 in units of k2^(n/2), the odd orders of a symmetric line being zero)","noiseless, truth 42.38 um at the prior means, mixed form, strips (28.0, 36.0) MHz",DIAGNOSTIC
P_4207_75mW_130C,mu6@0.5,0.00220055,,MHz^6,"estimator on the archive grid against the direct truncated moment 0.00220107 of the same de-baselined line on a 10x finer grid, both self-centred, scaled error 9.23e-04. the bare model's truncated moment is 0.00220123, so the strip baseline's bias at this window is -6.82e-07 (-0.031 per cent)","noiseless, truth 42.38 um at the prior means, mixed form, strips (28.0, 36.0) MHz",DIAGNOSTIC
P_4207_75mW_130C,mu7@0.5,1.32897e-09,,MHz^7,"estimator on the archive grid against the direct truncated moment 3.36093e-07 of the same de-baselined line on a 10x finer grid, both self-centred, scaled error 2.06e-03. the bare model's truncated moment is 3.36189e-07, so the strip baseline's bias at this window is -3.349e-07 (-0.00207 in units of k2^(n/2), the odd orders of a symmetric line being zero)","noiseless, truth 42.38 um at the prior means, mixed form, strips (28.0, 36.0) MHz. REFUSED from the vector: unresolved at the archive's sampling",DIAGNOSTIC
P_4207_75mW_130C,mu2@1,0.322446,,MHz^2,"estimator on the archive grid against the direct truncated moment 0.322445 of the same de-baselined line on a 10x finer grid, both self-centred, scaled error 3.00e-06. the bare model's truncated moment is 0.322504, so the strip baseline's bias at this window is -5.738e-05 (-0.0178 per cent)","noiseless, truth 42.38 um at the prior means, mixed form, strips (28.0, 36.0) MHz",DIAGNOSTIC
P_4207_75mW_130C,mu3@1,3.36409e-09,,MHz^3,"estimator on the archive grid against the direct truncated moment 2.11255e-06 of the same de-baselined line on a 10x finer grid, both self-centred, scaled error 1.15e-05. the bare model's truncated moment is 2.16863e-06, so the strip baseline's bias at this window is -2.165e-06 (-1.18e-05 in units of k2^(n/2), the odd orders of a symmetric line being zero)","noiseless, truth 42.38 um at the prior means, mixed form, strips (28.0, 36.0) MHz",DIAGNOSTIC
P_4207_75mW_130C,mu4@1,0.190749,,MHz^4,"estimator on the archive grid against the direct truncated moment 0.190751 of the same de-baselined line on a 10x finer grid, both self-centred, scaled error 1.32e-05. the bare model's truncated moment is 0.1908, so the strip baseline's bias at this window is -5.094e-05 (-0.0267 per cent)","noiseless, truth 42.38 um at the prior means, mixed form, strips (28.0, 36.0) MHz",DIAGNOSTIC
P_4207_75mW_130C,mu5@1,1.73165e-08,,MHz^5,"estimator on the archive grid against the direct truncated moment 2.6087e-06 of the same de-baselined line on a 10x finer grid, both self-centred, scaled error 4.39e-05. the bare model's truncated moment is 2.66169e-06, so the strip baseline's bias at this window is -2.644e-06 (-4.48e-05 in units of k2^(n/2), the odd orders of a symmetric line being zero)","noiseless, truth 42.38 um at the prior means, mixed form, strips (28.0, 36.0) MHz",DIAGNOSTIC
P_4207_75mW_130C,mu6@1,0.135191,,MHz^6,"estimator on the archive grid against the direct truncated moment 0.135195 of the same de-baselined line on a 10x finer grid, both self-centred, scaled error 1.10e-04. the bare model's truncated moment is 0.135236, so the strip baseline's bias at this window is -4.477e-05 (-0.0331 per cent)","noiseless, truth 42.38 um at the prior means, mixed form, strips (28.0, 36.0) MHz",DIAGNOSTIC
P_4207_75mW_130C,mu7@1,2.93139e-08,,MHz^7,"estimator on the archive grid against the direct truncated moment 3.24268e-06 of the same de-baselined line on a 10x finer grid, both self-centred, scaled error 1.69e-04. the bare model's truncated moment is 3.29608e-06, so the strip baseline's bias at this window is -3.267e-06 (-0.000172 in units of k2^(n/2), the odd orders of a symmetric line being zero)","noiseless, truth 42.38 um at the prior means, mixed form, strips (28.0, 36.0) MHz",DIAGNOSTIC
P_4207_75mW_130C,mu2@2,1.18277,,MHz^2,"estimator on the archive grid against the direct truncated moment 1.18275 of the same de-baselined line on a 10x finer grid, both self-centred, scaled error 2.15e-05. the bare model's truncated moment is 1.18364, so the strip baseline's bias at this window is -0.0008699 (-0.0735 per cent)","noiseless, truth 42.38 um at the prior means, mixed form, strips (28.0, 36.0) MHz",DIAGNOSTIC
P_4207_75mW_130C,mu3@2,-1.29327e-06,,MHz^3,"estimator on the archive grid against the direct truncated moment 1.54577e-06 of the same de-baselined line on a 10x finer grid, both self-centred, scaled error 2.21e-06. the bare model's truncated moment is 2.14106e-06, so the strip baseline's bias at this window is -3.434e-06 (-2.67e-06 in units of k2^(n/2), the odd orders of a symmetric line being zero)","noiseless, truth 42.38 um at the prior means, mixed form, strips (28.0, 36.0) MHz",DIAGNOSTIC
P_4207_75mW_130C,mu4@2,2.69908,,MHz^4,"estimator on the archive grid against the direct truncated moment 2.699 of the same de-baselined line on a 10x finer grid, both self-centred, scaled error 5.47e-05. the bare model's truncated moment is 2.70198, so the strip baseline's bias at this window is -0.002902 (-0.107 per cent)","noiseless, truth 42.38 um at the prior means, mixed form, strips (28.0, 36.0) MHz",DIAGNOSTIC
P_4207_75mW_130C,mu5@2,-5.2518e-06,,MHz^5,"estimator on the archive grid against the direct truncated moment 1.70659e-05 of the same de-baselined line on a 10x finer grid, both self-centred, scaled error 1.47e-05. the bare model's truncated moment is 1.97753e-05, so the strip baseline's bias at this window is -2.503e-05 (-1.65e-05 in units of k2^(n/2), the odd orders of a symmetric line being zero)","noiseless, truth 42.38 um at the prior means, mixed form, strips (28.0, 36.0) MHz",DIAGNOSTIC
P_4207_75mW_130C,mu6@2,7.50399,,MHz^6,"estimator on the archive grid against the direct truncated moment 7.50377 of the same de-baselined line on a 10x finer grid, both self-centred, scaled error 1.36e-04. the bare model's truncated moment is 7.51351, so the strip baseline's bias at this window is -0.00952 (-0.127 per cent)","noiseless, truth 42.38 um at the prior means, mixed form, strips (28.0, 36.0) MHz",DIAGNOSTIC
P_4207_75mW_130C,mu7@2,-1.87347e-05,,MHz^7,"estimator on the archive grid against the direct truncated moment 0.000114051 of the same de-baselined line on a 10x finer grid, both self-centred, scaled error 7.38e-05. the bare model's truncated moment is 0.000124908, so the strip baseline's bias at this window is -0.0001436 (-7.98e-05 in units of k2^(n/2), the odd orders of a symmetric line being zero)","noiseless, truth 42.38 um at the prior means, mixed form, strips (28.0, 36.0) MHz",DIAGNOSTIC
P_4207_75mW_130C,mu2@3,2.36784,,MHz^2,"estimator on the archive grid against the direct truncated moment 2.36777 of the same de-baselined line on a 10x finer grid, both self-centred, scaled error 3.14e-05. the bare model's truncated moment is 2.37206, so the strip baseline's bias at this window is -0.004221 (-0.178 per cent)","noiseless, truth 42.38 um at the prior means, mixed form, strips (28.0, 36.0) MHz",DIAGNOSTIC
P_4207_75mW_130C,mu3@3,-9.58645e-06,,MHz^3,"estimator on the archive grid against the direct truncated moment -7.78403e-06 of the same de-baselined line on a 10x finer grid, both self-centred, scaled error 4.95e-07. the bare model's truncated moment is -1.84692e-06, so the strip baseline's bias at this window is -7.74e-06 (-2.12e-06 in units of k2^(n/2), the odd orders of a symmetric line being zero)","noiseless, truth 42.38 um at the prior means, mixed form, strips (28.0, 36.0) MHz",DIAGNOSTIC
P_4207_75mW_130C,mu4@3,11.5902,,MHz^4,"estimator on the archive grid against the direct truncated moment 11.5898 of the same de-baselined line on a 10x finer grid, both self-centred, scaled error 8.57e-05. the bare model's truncated moment is 11.6211, so the strip baseline's bias at this window is -0.03084 (-0.265 per cent)","noiseless, truth 42.38 um at the prior means, mixed form, strips (28.0, 36.0) MHz",DIAGNOSTIC
P_4207_75mW_130C,mu5@3,-8.55957e-05,,MHz^5,"estimator on the archive grid against the direct truncated moment -5.17322e-05 of the same de-baselined line on a 10x finer grid, both self-centred, scaled error 3.93e-06. the bare model's truncated moment is 3.812e-06, so the strip baseline's bias at this window is -8.941e-05 (-1.04e-05 in units of k2^(n/2), the odd orders of a symmetric line being zero)","noiseless, truth 42.38 um at the prior means, mixed form, strips (28.0, 36.0) MHz",DIAGNOSTIC
P_4207_75mW_130C,mu6@3,70.7337,,MHz^6,"estimator on the archive grid against the direct truncated moment 70.7305 of the same de-baselined line on a 10x finer grid, both self-centred, scaled error 2.42e-04. the bare model's truncated moment is 70.9575, so the strip baseline's bias at this window is -0.2238 (-0.315 per cent)","noiseless, truth 42.38 um at the prior means, mixed form, strips (28.0, 36.0) MHz",DIAGNOSTIC
P_4207_75mW_130C,mu7@3,-0.000681593,,MHz^7,"estimator on the archive grid against the direct truncated moment -0.000211905 of the same de-baselined line on a 10x finer grid, both self-centred, scaled error 2.30e-05. the bare model's truncated moment is 0.000244142, so the strip baseline's bias at this window is -0.0009257 (-4.53e-05 in units of k2^(n/2), the odd orders of a symmetric line being zero)","noiseless, truth 42.38 um at the prior means, mixed form, strips (28.0, 36.0) MHz",DIAGNOSTIC
P_4207_75mW_130C,mu2@5,5.06204,,MHz^2,"estimator on the archive grid against the direct truncated moment 5.06184 of the same de-baselined line on a 10x finer grid, both self-centred, scaled error 3.88e-05. the bare model's truncated moment is 5.09109, so the strip baseline's bias at this window is -0.02905 (-0.571 per cent)","noiseless, truth 42.38 um at the prior means, mixed form, strips (28.0, 36.0) MHz",DIAGNOSTIC
P_4207_75mW_130C,mu3@5,-0.000132252,,MHz^3,"estimator on the archive grid against the direct truncated moment -0.000133715 of the same de-baselined line on a 10x finer grid, both self-centred, scaled error 1.28e-07. the bare model's truncated moment is -1.72167e-05, so the strip baseline's bias at this window is -0.000115 (-1.01e-05 in units of k2^(n/2), the odd orders of a symmetric line being zero)","noiseless, truth 42.38 um at the prior means, mixed form, strips (28.0, 36.0) MHz",DIAGNOSTIC
P_4207_75mW_130C,mu4@5,62.087,,MHz^4,"estimator on the archive grid against the direct truncated moment 62.084 of the same de-baselined line on a 10x finer grid, both self-centred, scaled error 1.17e-04. the bare model's truncated moment is 62.6464, so the strip baseline's bias at this window is -0.5594 (-0.893 per cent)","noiseless, truth 42.38 um at the prior means, mixed form, strips (28.0, 36.0) MHz",DIAGNOSTIC
P_4207_75mW_130C,mu5@5,-0.00317457,,MHz^5,"estimator on the archive grid against the direct truncated moment -0.00328399 of the same de-baselined line on a 10x finer grid, both self-centred, scaled error 1.90e-06. the bare model's truncated moment is -0.000421228, so the strip baseline's bias at this window is -0.002753 (-4.78e-05 in units of k2^(n/2), the odd orders of a symmetric line being zero)","noiseless, truth 42.38 um at the prior means, mixed form, strips (28.0, 36.0) MHz",DIAGNOSTIC
P_4207_75mW_130C,mu6@5,1001.79,,MHz^6,"estimator on the archive grid against the direct truncated moment 1001.74 of the same de-baselined line on a 10x finer grid, both self-centred, scaled error 3.98e-04. the bare model's truncated moment is 1012.74, so the strip baseline's bias at this window is -10.95 (-1.08 per cent)","noiseless, truth 42.38 um at the prior means, mixed form, strips (28.0, 36.0) MHz",DIAGNOSTIC
P_4207_75mW_130C,mu7@5,-0.0692,,MHz^7,"estimator on the archive grid against the direct truncated moment -0.0738982 of the same de-baselined line on a 10x finer grid, both self-centred, scaled error 1.61e-05. the bare model's truncated moment is -0.0107002, so the strip baseline's bias at this window is -0.0585 (-0.0002 in units of k2^(n/2), the odd orders of a symmetric line being zero)","noiseless, truth 42.38 um at the prior means, mixed form, strips (28.0, 36.0) MHz",DIAGNOSTIC
P_4207_75mW_130C,mu2@8,8.97975,,MHz^2,"estimator on the archive grid against the direct truncated moment 8.97939 of the same de-baselined line on a 10x finer grid, both self-centred, scaled error 4.09e-05. the bare model's truncated moment is 9.13559, so the strip baseline's bias at this window is -0.1558 (-1.71 per cent)","noiseless, truth 42.38 um at the prior means, mixed form, strips (28.0, 36.0) MHz",DIAGNOSTIC
P_4207_75mW_130C,mu3@8,-0.00172927,,MHz^3,"estimator on the archive grid against the direct truncated moment -0.00172859 of the same de-baselined line on a 10x finer grid, both self-centred, scaled error 2.54e-08. the bare model's truncated moment is -3.18636e-05, so the strip baseline's bias at this window is -0.001697 (-6.31e-05 in units of k2^(n/2), the odd orders of a symmetric line being zero)","noiseless, truth 42.38 um at the prior means, mixed form, strips (28.0, 36.0) MHz",DIAGNOSTIC
P_4207_75mW_130C,mu4@8,247.301,,MHz^4,"estimator on the archive grid against the direct truncated moment 247.289 of the same de-baselined line on a 10x finer grid, both self-centred, scaled error 1.47e-04. the bare model's truncated moment is 254.521, so the strip baseline's bias at this window is -7.22 (-2.84 per cent)","noiseless, truth 42.38 um at the prior means, mixed form, strips (28.0, 36.0) MHz",DIAGNOSTIC
P_4207_75mW_130C,mu5@8,-0.100579,,MHz^5,"estimator on the archive grid against the direct truncated moment -0.100529 of the same de-baselined line on a 10x finer grid, both self-centred, scaled error 2.09e-07. the bare model's truncated moment is -0.00118515, so the strip baseline's bias at this window is -0.09939 (-0.000411 in units of k2^(n/2), the odd orders of a symmetric line being zero)","noiseless, truth 42.38 um at the prior means, mixed form, strips (28.0, 36.0) MHz",DIAGNOSTIC
P_4207_75mW_130C,mu6@8,9688.47,,MHz^6,"estimator on the archive grid against the direct truncated moment 9688 of the same de-baselined line on a 10x finer grid, both self-centred, scaled error 6.62e-04. the bare model's truncated moment is 10039, so the strip baseline's bias at this window is -350.5 (-3.49 per cent)","noiseless, truth 42.38 um at the prior means, mixed form, strips (28.0, 36.0) MHz",DIAGNOSTIC
P_4207_75mW_130C,mu7@8,-5.4454,,MHz^7,"estimator on the archive grid against the direct truncated moment -5.44072 of the same de-baselined line on a 10x finer grid, both self-centred, scaled error 2.16e-06. the bare model's truncated moment is -0.0459877, so the strip baseline's bias at this window is -5.399 (-0.00249 in units of k2^(n/2), the odd orders of a symmetric line being zero)","noiseless, truth 42.38 um at the prior means, mixed form, strips (28.0, 36.0) MHz",DIAGNOSTIC
P_4207_75mW_130C,mu2@13,14.7117,,MHz^2,"estimator on the archive grid against the direct truncated moment 14.7109 of the same de-baselined line on a 10x finer grid, both self-centred, scaled error 5.19e-05. the bare model's truncated moment is 15.5085, so the strip baseline's bias at this window is -0.7968 (-5.14 per cent)","noiseless, truth 42.38 um at the prior means, mixed form, strips (28.0, 36.0) MHz",DIAGNOSTIC
P_4207_75mW_130C,mu3@13,-0.0241787,,MHz^3,"estimator on the archive grid against the direct truncated moment -0.0242021 of the same de-baselined line on a 10x finer grid, both self-centred, scaled error 4.14e-07. the bare model's truncated moment is -4.87766e-05, so the strip baseline's bias at this window is -0.02413 (-0.000428 in units of k2^(n/2), the odd orders of a symmetric line being zero)","noiseless, truth 42.38 um at the prior means, mixed form, strips (28.0, 36.0) MHz",DIAGNOSTIC
P_4207_75mW_130C,mu4@13,928.84,,MHz^4,"estimator on the archive grid against the direct truncated moment 928.776 of the same de-baselined line on a 10x finer grid, both self-centred, scaled error 2.96e-04. the bare model's truncated moment is 1020.44, so the strip baseline's bias at this window is -91.6 (-8.98 per cent)","noiseless, truth 42.38 um at the prior means, mixed form, strips (28.0, 36.0) MHz",DIAGNOSTIC
P_4207_75mW_130C,mu5@13,-3.45273,,MHz^5,"estimator on the archive grid against the direct truncated moment -3.45646 of the same de-baselined line on a 10x finer grid, both self-centred, scaled error 4.49e-06. the bare model's truncated moment is -0.00393965, so the strip baseline's bias at this window is -3.449 (-0.00415 in units of k2^(n/2), the odd orders of a symmetric line being zero)","noiseless, truth 42.38 um at the prior means, mixed form, strips (28.0, 36.0) MHz",DIAGNOSTIC
P_4207_75mW_130C,mu6@13,92112.4,,MHz^6,"estimator on the archive grid against the direct truncated moment 92105.2 of the same de-baselined line on a 10x finer grid, both self-centred, scaled error 2.28e-03. the bare model's truncated moment is 103554, so the strip baseline's bias at this window is -1.144e+04 (-11 per cent)","noiseless, truth 42.38 um at the prior means, mixed form, strips (28.0, 36.0) MHz. REFUSED from the vector: unresolved at the archive's sampling",DIAGNOSTIC
P_4207_75mW_130C,mu7@13,-476.875,,MHz^7,"estimator on the archive grid against the direct truncated moment -477.442 of the same de-baselined line on a 10x finer grid, both self-centred, scaled error 4.64e-05. the bare model's truncated moment is -0.486328, so the strip baseline's bias at this window is -476.4 (-0.039 in units of k2^(n/2), the odd orders of a symmetric line being zero)","noiseless, truth 42.38 um at the prior means, mixed form, strips (28.0, 36.0) MHz",DIAGNOSTIC
P_4207_75mW_130C,mu2@21,21.7194,,MHz^2,"estimator on the archive grid against the direct truncated moment 21.7171 of the same de-baselined line on a 10x finer grid, both self-centred, scaled error 1.07e-04. the bare model's truncated moment is 25.4454, so the strip baseline's bias at this window is -3.726 (-14.6 per cent)","noiseless, truth 42.38 um at the prior means, mixed form, strips (28.0, 36.0) MHz",DIAGNOSTIC
P_4207_75mW_130C,mu3@21,-0.30273,,MHz^3,"estimator on the archive grid against the direct truncated moment -0.30306 of the same de-baselined line on a 10x finer grid, both self-centred, scaled error 3.26e-06. the bare model's truncated moment is -5.57965e-05, so the strip baseline's bias at this window is -0.3027 (-0.00299 in units of k2^(n/2), the odd orders of a symmetric line being zero)","noiseless, truth 42.38 um at the prior means, mixed form, strips (28.0, 36.0) MHz",DIAGNOSTIC
P_4207_75mW_130C,mu4@21,3012.36,,MHz^4,"estimator on the archive grid against the direct truncated moment 3011.77 of the same de-baselined line on a 10x finer grid, both self-centred, scaled error 1.24e-03. the bare model's truncated moment is 4079.67, so the strip baseline's bias at this window is -1067 (-26.2 per cent)","noiseless, truth 42.38 um at the prior means, mixed form, strips (28.0, 36.0) MHz. REFUSED from the vector: unresolved at the archive's sampling",DIAGNOSTIC
P_4207_75mW_130C,mu5@21,-106.159,,MHz^5,"estimator on the archive grid against the direct truncated moment -106.275 of the same de-baselined line on a 10x finer grid, both self-centred, scaled error 5.28e-05. the bare model's truncated moment is -0.00726704, so the strip baseline's bias at this window is -106.2 (-0.0483 in units of k2^(n/2), the odd orders of a symmetric line being zero)","noiseless, truth 42.38 um at the prior means, mixed form, strips (28.0, 36.0) MHz",DIAGNOSTIC
P_4207_75mW_130C,mu6@21,733469,,MHz^6,"estimator on the archive grid against the direct truncated moment 733285 of the same de-baselined line on a 10x finer grid, both self-centred, scaled error 1.80e-02. the bare model's truncated moment is 1.07608e+06, so the strip baseline's bias at this window is -3.426e+05 (-31.8 per cent)","noiseless, truth 42.38 um at the prior means, mixed form, strips (28.0, 36.0) MHz. REFUSED from the vector: unresolved at the archive's sampling",DIAGNOSTIC
P_4207_75mW_130C,mu7@21,-37405.7,,MHz^7,"estimator on the archive grid against the direct truncated moment -37446.4 of the same de-baselined line on a 10x finer grid, both self-centred, scaled error 8.54e-04. the bare model's truncated moment is -2.10237, so the strip baseline's bias at this window is -3.74e+04 (-0.784 in units of k2^(n/2), the odd orders of a symmetric line being zero)","noiseless, truth 42.38 um at the prior means, mixed form, strips (28.0, 36.0) MHz",DIAGNOSTIC
T_4121_225mW_110C,mu2@0.5,0.0826741,,MHz^2,"estimator on the archive grid against the direct truncated moment 0.0826765 of the same de-baselined line on a 10x finer grid, both self-centred, scaled error 2.94e-05. the bare model's truncated moment is 0.0826803, so the strip baseline's bias at this window is -6.256e-06 (-0.00757 per cent)","noiseless, truth 42.38 um at the prior means, mixed form, strips (28.0, 36.0) MHz",DIAGNOSTIC
T_4121_225mW_110C,mu3@0.5,-1.32622e-08,,MHz^3,"estimator on the archive grid against the direct truncated moment 2.90861e-06 of the same de-baselined line on a 10x finer grid, both self-centred, scaled error 1.23e-04. the bare model's truncated moment is 2.9393e-06, so the strip baseline's bias at this window is -2.953e-06 (-0.000124 in units of k2^(n/2), the odd orders of a symmetric line being zero)","noiseless, truth 42.38 um at the prior means, mixed form, strips (28.0, 36.0) MHz",DIAGNOSTIC
T_4121_225mW_110C,mu4@0.5,0.012359,,MHz^4,"estimator on the archive grid against the direct truncated moment 0.0123603 of the same de-baselined line on a 10x finer grid, both self-centred, scaled error 1.85e-04. the bare model's truncated moment is 0.0123611, so the strip baseline's bias at this window is -2.086e-06 (-0.0169 per cent)","noiseless, truth 42.38 um at the prior means, mixed form, strips (28.0, 36.0) MHz",DIAGNOSTIC
T_4121_225mW_110C,mu5@0.5,-3.9586e-09,,MHz^5,"estimator on the archive grid against the direct truncated moment 4.75976e-07 of the same de-baselined line on a 10x finer grid, both self-centred, scaled error 2.44e-04. the bare model's truncated moment is 4.83007e-07, so the strip baseline's bias at this window is -4.87e-07 (-0.000248 in units of k2^(n/2), the odd orders of a symmetric line being zero)","noiseless, truth 42.38 um at the prior means, mixed form, strips (28.0, 36.0) MHz",DIAGNOSTIC
T_4121_225mW_110C,mu6@0.5,0.00220282,,MHz^6,"estimator on the archive grid against the direct truncated moment 0.0022033 of the same de-baselined line on a 10x finer grid, both self-centred, scaled error 8.54e-04. the bare model's truncated moment is 0.00220347, so the strip baseline's bias at this window is -6.536e-07 (-0.0297 per cent)","noiseless, truth 42.38 um at the prior means, mixed form, strips (28.0, 36.0) MHz",DIAGNOSTIC
T_4121_225mW_110C,mu7@0.5,-9.95503e-10,,MHz^7,"estimator on the archive grid against the direct truncated moment 8.13166e-08 of the same de-baselined line on a 10x finer grid, both self-centred, scaled error 5.07e-04. the bare model's truncated moment is 8.30959e-08, so the strip baseline's bias at this window is -8.409e-08 (-0.000518 in units of k2^(n/2), the odd orders of a symmetric line being zero)","noiseless, truth 42.38 um at the prior means, mixed form, strips (28.0, 36.0) MHz",DIAGNOSTIC
T_4121_225mW_110C,mu2@1,0.323196,,MHz^2,"estimator on the archive grid against the direct truncated moment 0.323196 of the same de-baselined line on a 10x finer grid, both self-centred, scaled error 1.03e-06. the bare model's truncated moment is 0.323256, so the strip baseline's bias at this window is -6.012e-05 (-0.0186 per cent)","noiseless, truth 42.38 um at the prior means, mixed form, strips (28.0, 36.0) MHz",DIAGNOSTIC
T_4121_225mW_110C,mu3@1,-5.11176e-07,,MHz^3,"estimator on the archive grid against the direct truncated moment 1.6424e-06 of the same de-baselined line on a 10x finer grid, both self-centred, scaled error 1.17e-05. the bare model's truncated moment is 1.74915e-06, so the strip baseline's bias at this window is -2.26e-06 (-1.23e-05 in units of k2^(n/2), the odd orders of a symmetric line being zero)","noiseless, truth 42.38 um at the prior means, mixed form, strips (28.0, 36.0) MHz",DIAGNOSTIC
T_4121_225mW_110C,mu4@1,0.191381,,MHz^4,"estimator on the archive grid against the direct truncated moment 0.191382 of the same de-baselined line on a 10x finer grid, both self-centred, scaled error 1.07e-05. the bare model's truncated moment is 0.191434, so the strip baseline's bias at this window is -5.248e-05 (-0.0274 per cent)","noiseless, truth 42.38 um at the prior means, mixed form, strips (28.0, 36.0) MHz",DIAGNOSTIC
T_4121_225mW_110C,mu5@1,-5.3204e-07,,MHz^5,"estimator on the archive grid against the direct truncated moment 3.00877e-06 of the same de-baselined line on a 10x finer grid, both self-centred, scaled error 5.96e-05. the bare model's truncated moment is 3.16515e-06, so the strip baseline's bias at this window is -3.697e-06 (-6.23e-05 in units of k2^(n/2), the odd orders of a symmetric line being zero)","noiseless, truth 42.38 um at the prior means, mixed form, strips (28.0, 36.0) MHz",DIAGNOSTIC
T_4121_225mW_110C,mu6@1,0.135712,,MHz^6,"estimator on the archive grid against the direct truncated moment 0.135714 of the same de-baselined line on a 10x finer grid, both self-centred, scaled error 7.59e-05. the bare model's truncated moment is 0.135757, so the strip baseline's bias at this window is -4.509e-05 (-0.0332 per cent)","noiseless, truth 42.38 um at the prior means, mixed form, strips (28.0, 36.0) MHz",DIAGNOSTIC
T_4121_225mW_110C,mu7@1,-4.7792e-07,,MHz^7,"estimator on the archive grid against the direct truncated moment 4.4832e-06 of the same de-baselined line on a 10x finer grid, both self-centred, scaled error 2.58e-04. the bare model's truncated moment is 4.68548e-06, so the strip baseline's bias at this window is -5.163e-06 (-0.000269 in units of k2^(n/2), the odd orders of a symmetric line being zero)","noiseless, truth 42.38 um at the prior means, mixed form, strips (28.0, 36.0) MHz",DIAGNOSTIC
T_4121_225mW_110C,mu2@2,1.19185,,MHz^2,"estimator on the archive grid against the direct truncated moment 1.19184 of the same de-baselined line on a 10x finer grid, both self-centred, scaled error 1.25e-05. the bare model's truncated moment is 1.19277, so the strip baseline's bias at this window is -0.000916 (-0.0768 per cent)","noiseless, truth 42.38 um at the prior means, mixed form, strips (28.0, 36.0) MHz",DIAGNOSTIC
T_4121_225mW_110C,mu3@2,-1.79688e-05,,MHz^3,"estimator on the archive grid against the direct truncated moment -1.77237e-05 of the same de-baselined line on a 10x finer grid, both self-centred, scaled error 1.88e-07. the bare model's truncated moment is -1.59561e-05, so the strip baseline's bias at this window is -2.013e-06 (-1.55e-06 in units of k2^(n/2), the odd orders of a symmetric line being zero)","noiseless, truth 42.38 um at the prior means, mixed form, strips (28.0, 36.0) MHz",DIAGNOSTIC
T_4121_225mW_110C,mu4@2,2.72841,,MHz^4,"estimator on the archive grid against the direct truncated moment 2.72837 of the same de-baselined line on a 10x finer grid, both self-centred, scaled error 3.14e-05. the bare model's truncated moment is 2.73147, so the strip baseline's bias at this window is -0.003058 (-0.112 per cent)","noiseless, truth 42.38 um at the prior means, mixed form, strips (28.0, 36.0) MHz",DIAGNOSTIC
T_4121_225mW_110C,mu5@2,-7.32743e-05,,MHz^5,"estimator on the archive grid against the direct truncated moment -7.13225e-05 of the same de-baselined line on a 10x finer grid, both self-centred, scaled error 1.26e-06. the bare model's truncated moment is -6.37671e-05, so the strip baseline's bias at this window is -9.507e-06 (-6.13e-06 in units of k2^(n/2), the odd orders of a symmetric line being zero)","noiseless, truth 42.38 um at the prior means, mixed form, strips (28.0, 36.0) MHz",DIAGNOSTIC
T_4121_225mW_110C,mu6@2,7.59823,,MHz^6,"estimator on the archive grid against the direct truncated moment 7.5981 of the same de-baselined line on a 10x finer grid, both self-centred, scaled error 7.68e-05. the bare model's truncated moment is 7.60826, so the strip baseline's bias at this window is -0.01004 (-0.132 per cent)","noiseless, truth 42.38 um at the prior means, mixed form, strips (28.0, 36.0) MHz",DIAGNOSTIC
T_4121_225mW_110C,mu7@2,-0.000263809,,MHz^7,"estimator on the archive grid against the direct truncated moment -0.000251745 of the same de-baselined line on a 10x finer grid, both self-centred, scaled error 6.53e-06. the bare model's truncated moment is -0.000223694, so the strip baseline's bias at this window is -4.011e-05 (-2.17e-05 in units of k2^(n/2), the odd orders of a symmetric line being zero)","noiseless, truth 42.38 um at the prior means, mixed form, strips (28.0, 36.0) MHz",DIAGNOSTIC
T_4121_225mW_110C,mu2@3,2.40055,,MHz^2,"estimator on the archive grid against the direct truncated moment 2.4005 of the same de-baselined line on a 10x finer grid, both self-centred, scaled error 1.86e-05. the bare model's truncated moment is 2.40498, so the strip baseline's bias at this window is -0.004433 (-0.184 per cent)","noiseless, truth 42.38 um at the prior means, mixed form, strips (28.0, 36.0) MHz",DIAGNOSTIC
T_4121_225mW_110C,mu3@3,-9.64691e-05,,MHz^3,"estimator on the archive grid against the direct truncated moment -9.88196e-05 of the same de-baselined line on a 10x finer grid, both self-centred, scaled error 6.32e-07. the bare model's truncated moment is -8.02998e-05, so the strip baseline's bias at this window is -1.617e-05 (-4.35e-06 in units of k2^(n/2), the odd orders of a symmetric line being zero)","noiseless, truth 42.38 um at the prior means, mixed form, strips (28.0, 36.0) MHz",DIAGNOSTIC
T_4121_225mW_110C,mu4@3,11.8158,,MHz^4,"estimator on the archive grid against the direct truncated moment 11.8155 of the same de-baselined line on a 10x finer grid, both self-centred, scaled error 4.99e-05. the bare model's truncated moment is 11.8482, so the strip baseline's bias at this window is -0.03246 (-0.274 per cent)","noiseless, truth 42.38 um at the prior means, mixed form, strips (28.0, 36.0) MHz",DIAGNOSTIC
T_4121_225mW_110C,mu5@3,-0.000833169,,MHz^5,"estimator on the archive grid against the direct truncated moment -0.000875791 of the same de-baselined line on a 10x finer grid, both self-centred, scaled error 4.77e-06. the bare model's truncated moment is -0.000704065, so the strip baseline's bias at this window is -0.0001291 (-1.45e-05 in units of k2^(n/2), the odd orders of a symmetric line being zero)","noiseless, truth 42.38 um at the prior means, mixed form, strips (28.0, 36.0) MHz",DIAGNOSTIC
T_4121_225mW_110C,mu6@3,72.3135,,MHz^6,"estimator on the archive grid against the direct truncated moment 72.3116 of the same de-baselined line on a 10x finer grid, both self-centred, scaled error 1.37e-04. the bare model's truncated moment is 72.5494, so the strip baseline's bias at this window is -0.2358 (-0.325 per cent)","noiseless, truth 42.38 um at the prior means, mixed form, strips (28.0, 36.0) MHz",DIAGNOSTIC
T_4121_225mW_110C,mu7@3,-0.0065004,,MHz^7,"estimator on the archive grid against the direct truncated moment -0.00707461 of the same de-baselined line on a 10x finer grid, both self-centred, scaled error 2.68e-05. the bare model's truncated moment is -0.00568214, so the strip baseline's bias at this window is -0.0008183 (-3.82e-05 in units of k2^(n/2), the odd orders of a symmetric line being zero)","noiseless, truth 42.38 um at the prior means, mixed form, strips (28.0, 36.0) MHz",DIAGNOSTIC
T_4121_225mW_110C,mu2@5,5.18886,,MHz^2,"estimator on the archive grid against the direct truncated moment 5.18874 of the same de-baselined line on a 10x finer grid, both self-centred, scaled error 2.40e-05. the bare model's truncated moment is 5.21936, so the strip baseline's bias at this window is -0.03049 (-0.584 per cent)","noiseless, truth 42.38 um at the prior means, mixed form, strips (28.0, 36.0) MHz",DIAGNOSTIC
T_4121_225mW_110C,mu3@5,-0.000688918,,MHz^3,"estimator on the archive grid against the direct truncated moment -0.000688476 of the same de-baselined line on a 10x finer grid, both self-centred, scaled error 3.74e-08. the bare model's truncated moment is -0.000326098, so the strip baseline's bias at this window is -0.0003628 (-3.07e-05 in units of k2^(n/2), the odd orders of a symmetric line being zero)","noiseless, truth 42.38 um at the prior means, mixed form, strips (28.0, 36.0) MHz",DIAGNOSTIC
T_4121_225mW_110C,mu4@5,64.2669,,MHz^4,"estimator on the archive grid against the direct truncated moment 64.2649 of the same de-baselined line on a 10x finer grid, both self-centred, scaled error 7.19e-05. the bare model's truncated moment is 64.8562, so the strip baseline's bias at this window is -0.5894 (-0.909 per cent)","noiseless, truth 42.38 um at the prior means, mixed form, strips (28.0, 36.0) MHz",DIAGNOSTIC
T_4121_225mW_110C,mu5@5,-0.0154406,,MHz^5,"estimator on the archive grid against the direct truncated moment -0.0154053 of the same de-baselined line on a 10x finer grid, both self-centred, scaled error 5.76e-07. the bare model's truncated moment is -0.00646036, so the strip baseline's bias at this window is -0.00898 (-0.000146 in units of k2^(n/2), the odd orders of a symmetric line being zero)","noiseless, truth 42.38 um at the prior means, mixed form, strips (28.0, 36.0) MHz",DIAGNOSTIC
T_4121_225mW_110C,mu6@5,1041.71,,MHz^6,"estimator on the archive grid against the direct truncated moment 1041.68 of the same de-baselined line on a 10x finer grid, both self-centred, scaled error 2.38e-04. the bare model's truncated moment is 1053.27, so the strip baseline's bias at this window is -11.56 (-1.1 per cent)","noiseless, truth 42.38 um at the prior means, mixed form, strips (28.0, 36.0) MHz",DIAGNOSTIC
T_4121_225mW_110C,mu7@5,-0.323137,,MHz^7,"estimator on the archive grid against the direct truncated moment -0.321479 of the same de-baselined line on a 10x finer grid, both self-centred, scaled error 5.21e-06. the bare model's truncated moment is -0.123335, so the strip baseline's bias at this window is -0.1998 (-0.000628 in units of k2^(n/2), the odd orders of a symmetric line being zero)","noiseless, truth 42.38 um at the prior means, mixed form, strips (28.0, 36.0) MHz",DIAGNOSTIC
T_4121_225mW_110C,mu2@8,9.31365,,MHz^2,"estimator on the archive grid against the direct truncated moment 9.3134 of the same de-baselined line on a 10x finer grid, both self-centred, scaled error 2.65e-05. the bare model's truncated moment is 9.47775, so the strip baseline's bias at this window is -0.1641 (-1.73 per cent)","noiseless, truth 42.38 um at the prior means, mixed form, strips (28.0, 36.0) MHz",DIAGNOSTIC
T_4121_225mW_110C,mu3@8,-0.00598132,,MHz^3,"estimator on the archive grid against the direct truncated moment -0.00598551 of the same de-baselined line on a 10x finer grid, both self-centred, scaled error 1.47e-07. the bare model's truncated moment is -0.000725301, so the strip baseline's bias at this window is -0.005256 (-0.000185 in units of k2^(n/2), the odd orders of a symmetric line being zero)","noiseless, truth 42.38 um at the prior means, mixed form, strips (28.0, 36.0) MHz",DIAGNOSTIC
T_4121_225mW_110C,mu4@8,260.019,,MHz^4,"estimator on the archive grid against the direct truncated moment 260.011 of the same de-baselined line on a 10x finer grid, both self-centred, scaled error 9.54e-05. the bare model's truncated moment is 267.657, so the strip baseline's bias at this window is -7.638 (-2.85 per cent)","noiseless, truth 42.38 um at the prior means, mixed form, strips (28.0, 36.0) MHz",DIAGNOSTIC
T_4121_225mW_110C,mu5@8,-0.338117,,MHz^5,"estimator on the archive grid against the direct truncated moment -0.338383 of the same de-baselined line on a 10x finer grid, both self-centred, scaled error 1.00e-06. the bare model's truncated moment is -0.0288395, so the strip baseline's bias at this window is -0.3093 (-0.00117 in units of k2^(n/2), the odd orders of a symmetric line being zero)","noiseless, truth 42.38 um at the prior means, mixed form, strips (28.0, 36.0) MHz",DIAGNOSTIC
T_4121_225mW_110C,mu6@8,10242.6,,MHz^6,"estimator on the archive grid against the direct truncated moment 10242.3 of the same de-baselined line on a 10x finer grid, both self-centred, scaled error 4.23e-04. the bare model's truncated moment is 10614.3, so the strip baseline's bias at this window is -371.7 (-3.5 per cent)","noiseless, truth 42.38 um at the prior means, mixed form, strips (28.0, 36.0) MHz",DIAGNOSTIC
T_4121_225mW_110C,mu7@8,-18.0714,,MHz^7,"estimator on the archive grid against the direct truncated moment -18.0867 of the same de-baselined line on a 10x finer grid, both self-centred, scaled error 6.23e-06. the bare model's truncated moment is -1.23467, so the strip baseline's bias at this window is -16.84 (-0.00683 in units of k2^(n/2), the odd orders of a symmetric line being zero)","noiseless, truth 42.38 um at the prior means, mixed form, strips (28.0, 36.0) MHz",DIAGNOSTIC
T_4121_225mW_110C,mu2@13,15.4161,,MHz^2,"estimator on the archive grid against the direct truncated moment 15.4156 of the same de-baselined line on a 10x finer grid, both self-centred, scaled error 3.52e-05. the bare model's truncated moment is 16.2594, so the strip baseline's bias at this window is -0.8432 (-5.19 per cent)","noiseless, truth 42.38 um at the prior means, mixed form, strips (28.0, 36.0) MHz",DIAGNOSTIC
T_4121_225mW_110C,mu3@13,-0.0761813,,MHz^3,"estimator on the archive grid against the direct truncated moment -0.0762419 of the same de-baselined line on a 10x finer grid, both self-centred, scaled error 1.00e-06. the bare model's truncated moment is -0.0010702, so the strip baseline's bias at this window is -0.07511 (-0.00124 in units of k2^(n/2), the odd orders of a symmetric line being zero)","noiseless, truth 42.38 um at the prior means, mixed form, strips (28.0, 36.0) MHz",DIAGNOSTIC
T_4121_225mW_110C,mu4@13,987.893,,MHz^4,"estimator on the archive grid against the direct truncated moment 987.846 of the same de-baselined line on a 10x finer grid, both self-centred, scaled error 2.00e-04. the bare model's truncated moment is 1085.27, so the strip baseline's bias at this window is -97.38 (-8.97 per cent)","noiseless, truth 42.38 um at the prior means, mixed form, strips (28.0, 36.0) MHz",DIAGNOSTIC
T_4121_225mW_110C,mu5@13,-10.872,,MHz^5,"estimator on the archive grid against the direct truncated moment -10.8809 of the same de-baselined line on a 10x finer grid, both self-centred, scaled error 9.52e-06. the bare model's truncated moment is -0.0753636, so the strip baseline's bias at this window is -10.8 (-0.0116 in units of k2^(n/2), the odd orders of a symmetric line being zero)","noiseless, truth 42.38 um at the prior means, mixed form, strips (28.0, 36.0) MHz",DIAGNOSTIC
T_4121_225mW_110C,mu6@13,98389.1,,MHz^6,"estimator on the archive grid against the direct truncated moment 98383.6 of the same de-baselined line on a 10x finer grid, both self-centred, scaled error 1.48e-03. the bare model's truncated moment is 110574, so the strip baseline's bias at this window is -1.219e+04 (-11 per cent)","noiseless, truth 42.38 um at the prior means, mixed form, strips (28.0, 36.0) MHz. REFUSED from the vector: unresolved at the archive's sampling",DIAGNOSTIC
T_4121_225mW_110C,mu7@13,-1502.22,,MHz^7,"estimator on the archive grid against the direct truncated moment -1503.49 of the same de-baselined line on a 10x finer grid, both self-centred, scaled error 8.81e-05. the bare model's truncated moment is -6.83761, so the strip baseline's bias at this window is -1495 (-0.104 in units of k2^(n/2), the odd orders of a symmetric line being zero)","noiseless, truth 42.38 um at the prior means, mixed form, strips (28.0, 36.0) MHz",DIAGNOSTIC
T_4121_225mW_110C,mu2@21,22.9072,,MHz^2,"estimator on the archive grid against the direct truncated moment 22.9055 of the same de-baselined line on a 10x finer grid, both self-centred, scaled error 7.48e-05. the bare model's truncated moment is 26.8683, so the strip baseline's bias at this window is -3.961 (-14.7 per cent)","noiseless, truth 42.38 um at the prior means, mixed form, strips (28.0, 36.0) MHz",DIAGNOSTIC
T_4121_225mW_110C,mu3@21,-0.94796,,MHz^3,"estimator on the archive grid against the direct truncated moment -0.948724 of the same de-baselined line on a 10x finer grid, both self-centred, scaled error 6.96e-06. the bare model's truncated moment is -0.00126692, so the strip baseline's bias at this window is -0.9467 (-0.00864 in units of k2^(n/2), the odd orders of a symmetric line being zero)","noiseless, truth 42.38 um at the prior means, mixed form, strips (28.0, 36.0) MHz",DIAGNOSTIC
T_4121_225mW_110C,mu4@21,3220.07,,MHz^4,"estimator on the archive grid against the direct truncated moment 3219.63 of the same de-baselined line on a 10x finer grid, both self-centred, scaled error 8.34e-04. the bare model's truncated moment is 4358.92, so the strip baseline's bias at this window is -1139 (-26.1 per cent)","noiseless, truth 42.38 um at the prior means, mixed form, strips (28.0, 36.0) MHz",DIAGNOSTIC
T_4121_225mW_110C,mu5@21,-333.718,,MHz^5,"estimator on the archive grid against the direct truncated moment -333.986 of the same de-baselined line on a 10x finer grid, both self-centred, scaled error 1.07e-04. the bare model's truncated moment is -0.144964, so the strip baseline's bias at this window is -333.6 (-0.133 in units of k2^(n/2), the odd orders of a symmetric line being zero)","noiseless, truth 42.38 um at the prior means, mixed form, strips (28.0, 36.0) MHz",DIAGNOSTIC
T_4121_225mW_110C,mu6@21,785979,,MHz^6,"estimator on the archive grid against the direct truncated moment 785842 of the same de-baselined line on a 10x finer grid, both self-centred, scaled error 1.15e-02. the bare model's truncated moment is 1.15201e+06, so the strip baseline's bias at this window is -3.66e+05 (-31.8 per cent)","noiseless, truth 42.38 um at the prior means, mixed form, strips (28.0, 36.0) MHz. REFUSED from the vector: unresolved at the archive's sampling",DIAGNOSTIC
T_4121_225mW_110C,mu7@21,-117767,,MHz^7,"estimator on the archive grid against the direct truncated moment -117862 of the same de-baselined line on a 10x finer grid, both self-centred, scaled error 1.64e-03. the bare model's truncated moment is -28.2603, so the strip baseline's bias at this window is -1.177e+05 (-2.05 in units of k2^(n/2), the odd orders of a symmetric line being zero)","noiseless, truth 42.38 um at the prior means, mixed form, strips (28.0, 36.0) MHz. REFUSED from the vector: unresolved at the archive's sampling",DIAGNOSTIC
T_4121_225mW_70C,mu2@0.5,0.0826419,,MHz^2,"estimator on the archive grid against the direct truncated moment 0.0826442 of the same de-baselined line on a 10x finer grid, both self-centred, scaled error 2.86e-05. the bare model's truncated moment is 0.0826481, so the strip baseline's bias at this window is -6.238e-06 (-0.00755 per cent)","noiseless, truth 42.38 um at the prior means, mixed form, strips (28.0, 36.0) MHz",DIAGNOSTIC
T_4121_225mW_70C,mu3@0.5,-2.28042e-08,,MHz^3,"estimator on the archive grid against the direct truncated moment 3.53989e-06 of the same de-baselined line on a 10x finer grid, both self-centred, scaled error 1.50e-04. the bare model's truncated moment is 3.5707e-06, so the strip baseline's bias at this window is -3.594e-06 (-0.000151 in units of k2^(n/2), the odd orders of a symmetric line being zero)","noiseless, truth 42.38 um at the prior means, mixed form, strips (28.0, 36.0) MHz",DIAGNOSTIC
T_4121_225mW_70C,mu4@0.5,0.0123522,,MHz^4,"estimator on the archive grid against the direct truncated moment 0.0123534 of the same de-baselined line on a 10x finer grid, both self-centred, scaled error 1.81e-04. the bare model's truncated moment is 0.0123542, so the strip baseline's bias at this window is -2.067e-06 (-0.0167 per cent)","noiseless, truth 42.38 um at the prior means, mixed form, strips (28.0, 36.0) MHz",DIAGNOSTIC
T_4121_225mW_70C,mu5@0.5,-6.1419e-09,,MHz^5,"estimator on the archive grid against the direct truncated moment 6.85161e-07 of the same de-baselined line on a 10x finer grid, both self-centred, scaled error 3.52e-04. the bare model's truncated moment is 6.92089e-07, so the strip baseline's bias at this window is -6.982e-07 (-0.000356 in units of k2^(n/2), the odd orders of a symmetric line being zero)","noiseless, truth 42.38 um at the prior means, mixed form, strips (28.0, 36.0) MHz",DIAGNOSTIC
T_4121_225mW_70C,mu6@0.5,0.00220139,,MHz^6,"estimator on the archive grid against the direct truncated moment 0.00220186 of the same de-baselined line on a 10x finer grid, both self-centred, scaled error 8.39e-04. the bare model's truncated moment is 0.00220203, so the strip baseline's bias at this window is -6.453e-07 (-0.0293 per cent)","noiseless, truth 42.38 um at the prior means, mixed form, strips (28.0, 36.0) MHz",DIAGNOSTIC
T_4121_225mW_70C,mu7@0.5,-1.38215e-09,,MHz^7,"estimator on the archive grid against the direct truncated moment 1.47997e-07 of the same de-baselined line on a 10x finer grid, both self-centred, scaled error 9.21e-04. the bare model's truncated moment is 1.49724e-07, so the strip baseline's bias at this window is -1.511e-07 (-0.000931 in units of k2^(n/2), the odd orders of a symmetric line being zero)","noiseless, truth 42.38 um at the prior means, mixed form, strips (28.0, 36.0) MHz",DIAGNOSTIC
T_4121_225mW_70C,mu2@1,0.322717,,MHz^2,"estimator on the archive grid against the direct truncated moment 0.322716 of the same de-baselined line on a 10x finer grid, both self-centred, scaled error 1.78e-06. the bare model's truncated moment is 0.322777, so the strip baseline's bias at this window is -6.077e-05 (-0.0188 per cent)","noiseless, truth 42.38 um at the prior means, mixed form, strips (28.0, 36.0) MHz",DIAGNOSTIC
T_4121_225mW_70C,mu3@1,-6.35558e-07,,MHz^3,"estimator on the archive grid against the direct truncated moment 1.54057e-06 of the same de-baselined line on a 10x finer grid, both self-centred, scaled error 1.19e-05. the bare model's truncated moment is 1.53878e-06, so the strip baseline's bias at this window is -2.174e-06 (-1.19e-05 in units of k2^(n/2), the odd orders of a symmetric line being zero)","noiseless, truth 42.38 um at the prior means, mixed form, strips (28.0, 36.0) MHz",DIAGNOSTIC
T_4121_225mW_70C,mu4@1,0.190977,,MHz^4,"estimator on the archive grid against the direct truncated moment 0.190978 of the same de-baselined line on a 10x finer grid, both self-centred, scaled error 8.63e-06. the bare model's truncated moment is 0.19103, so the strip baseline's bias at this window is -5.308e-05 (-0.0278 per cent)","noiseless, truth 42.38 um at the prior means, mixed form, strips (28.0, 36.0) MHz",DIAGNOSTIC
T_4121_225mW_70C,mu5@1,-6.88427e-07,,MHz^5,"estimator on the archive grid against the direct truncated moment 2.98499e-06 of the same de-baselined line on a 10x finer grid, both self-centred, scaled error 6.21e-05. the bare model's truncated moment is 2.93758e-06, so the strip baseline's bias at this window is -3.626e-06 (-6.13e-05 in units of k2^(n/2), the odd orders of a symmetric line being zero)","noiseless, truth 42.38 um at the prior means, mixed form, strips (28.0, 36.0) MHz",DIAGNOSTIC
T_4121_225mW_70C,mu6@1,0.135378,,MHz^6,"estimator on the archive grid against the direct truncated moment 0.13538 of the same de-baselined line on a 10x finer grid, both self-centred, scaled error 7.03e-05. the bare model's truncated moment is 0.135423, so the strip baseline's bias at this window is -4.566e-05 (-0.0337 per cent)","noiseless, truth 42.38 um at the prior means, mixed form, strips (28.0, 36.0) MHz",DIAGNOSTIC
T_4121_225mW_70C,mu7@1,-6.46959e-07,,MHz^7,"estimator on the archive grid against the direct truncated moment 4.53644e-06 of the same de-baselined line on a 10x finer grid, both self-centred, scaled error 2.71e-04. the bare model's truncated moment is 4.44183e-06, so the strip baseline's bias at this window is -5.089e-06 (-0.000267 in units of k2^(n/2), the odd orders of a symmetric line being zero)","noiseless, truth 42.38 um at the prior means, mixed form, strips (28.0, 36.0) MHz",DIAGNOSTIC
T_4121_225mW_70C,mu2@2,1.18586,,MHz^2,"estimator on the archive grid against the direct truncated moment 1.18584 of the same de-baselined line on a 10x finer grid, both self-centred, scaled error 1.32e-05. the bare model's truncated moment is 1.18678, so the strip baseline's bias at this window is -0.0009273 (-0.0781 per cent)","noiseless, truth 42.38 um at the prior means, mixed form, strips (28.0, 36.0) MHz",DIAGNOSTIC
T_4121_225mW_70C,mu3@2,-1.97671e-05,,MHz^3,"estimator on the archive grid against the direct truncated moment -2.01552e-05 of the same de-baselined line on a 10x finer grid, both self-centred, scaled error 3.01e-07. the bare model's truncated moment is -1.83445e-05, so the strip baseline's bias at this window is -1.423e-06 (-1.1e-06 in units of k2^(n/2), the odd orders of a symmetric line being zero)","noiseless, truth 42.38 um at the prior means, mixed form, strips (28.0, 36.0) MHz",DIAGNOSTIC
T_4121_225mW_70C,mu4@2,2.70897,,MHz^4,"estimator on the archive grid against the direct truncated moment 2.70892 of the same de-baselined line on a 10x finer grid, both self-centred, scaled error 3.04e-05. the bare model's truncated moment is 2.71206, so the strip baseline's bias at this window is -0.003097 (-0.114 per cent)","noiseless, truth 42.38 um at the prior means, mixed form, strips (28.0, 36.0) MHz",DIAGNOSTIC
T_4121_225mW_70C,mu5@2,-8.06818e-05,,MHz^5,"estimator on the archive grid against the direct truncated moment -8.37695e-05 of the same de-baselined line on a 10x finer grid, both self-centred, scaled error 2.02e-06. the bare model's truncated moment is -7.59691e-05, so the strip baseline's bias at this window is -4.713e-06 (-3.08e-06 in units of k2^(n/2), the odd orders of a symmetric line being zero)","noiseless, truth 42.38 um at the prior means, mixed form, strips (28.0, 36.0) MHz",DIAGNOSTIC
T_4121_225mW_70C,mu6@2,7.53562,,MHz^6,"estimator on the archive grid against the direct truncated moment 7.53552 of the same de-baselined line on a 10x finer grid, both self-centred, scaled error 6.20e-05. the bare model's truncated moment is 7.5458, so the strip baseline's bias at this window is -0.01017 (-0.135 per cent)","noiseless, truth 42.38 um at the prior means, mixed form, strips (28.0, 36.0) MHz",DIAGNOSTIC
T_4121_225mW_70C,mu7@2,-0.000290972,,MHz^7,"estimator on the archive grid against the direct truncated moment -0.000309406 of the same de-baselined line on a 10x finer grid, both self-centred, scaled error 1.02e-05. the bare model's truncated moment is -0.000280128, so the strip baseline's bias at this window is -1.084e-05 (-5.97e-06 in units of k2^(n/2), the odd orders of a symmetric line being zero)","noiseless, truth 42.38 um at the prior means, mixed form, strips (28.0, 36.0) MHz",DIAGNOSTIC
T_4121_225mW_70C,mu2@3,2.37866,,MHz^2,"estimator on the archive grid against the direct truncated moment 2.37861 of the same de-baselined line on a 10x finer grid, both self-centred, scaled error 2.05e-05. the bare model's truncated moment is 2.38314, so the strip baseline's bias at this window is -0.00448 (-0.188 per cent)","noiseless, truth 42.38 um at the prior means, mixed form, strips (28.0, 36.0) MHz",DIAGNOSTIC
T_4121_225mW_70C,mu3@3,-0.000103714,,MHz^3,"estimator on the archive grid against the direct truncated moment -0.000106829 of the same de-baselined line on a 10x finer grid, both self-centred, scaled error 8.49e-07. the bare model's truncated moment is -8.80092e-05, so the strip baseline's bias at this window is -1.57e-05 (-4.28e-06 in units of k2^(n/2), the odd orders of a symmetric line being zero)","noiseless, truth 42.38 um at the prior means, mixed form, strips (28.0, 36.0) MHz",DIAGNOSTIC
T_4121_225mW_70C,mu4@3,11.6645,,MHz^4,"estimator on the archive grid against the direct truncated moment 11.6641 of the same de-baselined line on a 10x finer grid, both self-centred, scaled error 5.56e-05. the bare model's truncated moment is 11.6972, so the strip baseline's bias at this window is -0.03274 (-0.28 per cent)","noiseless, truth 42.38 um at the prior means, mixed form, strips (28.0, 36.0) MHz",DIAGNOSTIC
T_4121_225mW_70C,mu5@3,-0.000892397,,MHz^5,"estimator on the archive grid against the direct truncated moment -0.000949323 of the same de-baselined line on a 10x finer grid, both self-centred, scaled error 6.52e-06. the bare model's truncated moment is -0.000774646, so the strip baseline's bias at this window is -0.0001178 (-1.35e-05 in units of k2^(n/2), the odd orders of a symmetric line being zero)","noiseless, truth 42.38 um at the prior means, mixed form, strips (28.0, 36.0) MHz",DIAGNOSTIC
T_4121_225mW_70C,mu6@3,71.2527,,MHz^6,"estimator on the archive grid against the direct truncated moment 71.2506 of the same de-baselined line on a 10x finer grid, both self-centred, scaled error 1.55e-04. the bare model's truncated moment is 71.4903, so the strip baseline's bias at this window is -0.2376 (-0.332 per cent)","noiseless, truth 42.38 um at the prior means, mixed form, strips (28.0, 36.0) MHz",DIAGNOSTIC
T_4121_225mW_70C,mu7@3,-0.0069493,,MHz^7,"estimator on the archive grid against the direct truncated moment -0.00772488 of the same de-baselined line on a 10x finer grid, both self-centred, scaled error 3.74e-05. the bare model's truncated moment is -0.00630439, so the strip baseline's bias at this window is -0.0006449 (-3.11e-05 in units of k2^(n/2), the odd orders of a symmetric line being zero)","noiseless, truth 42.38 um at the prior means, mixed form, strips (28.0, 36.0) MHz",DIAGNOSTIC
T_4121_225mW_70C,mu2@5,5.10832,,MHz^2,"estimator on the archive grid against the direct truncated moment 5.10819 of the same de-baselined line on a 10x finer grid, both self-centred, scaled error 2.66e-05. the bare model's truncated moment is 5.13901, so the strip baseline's bias at this window is -0.03069 (-0.597 per cent)","noiseless, truth 42.38 um at the prior means, mixed form, strips (28.0, 36.0) MHz",DIAGNOSTIC
T_4121_225mW_70C,mu3@5,-0.000712432,,MHz^3,"estimator on the archive grid against the direct truncated moment -0.000710961 of the same de-baselined line on a 10x finer grid, both self-centred, scaled error 1.27e-07. the bare model's truncated moment is -0.000344935, so the strip baseline's bias at this window is -0.0003675 (-3.18e-05 in units of k2^(n/2), the odd orders of a symmetric line being zero)","noiseless, truth 42.38 um at the prior means, mixed form, strips (28.0, 36.0) MHz",DIAGNOSTIC
T_4121_225mW_70C,mu4@5,62.906,,MHz^4,"estimator on the archive grid against the direct truncated moment 62.9039 of the same de-baselined line on a 10x finer grid, both self-centred, scaled error 8.11e-05. the bare model's truncated moment is 63.4974, so the strip baseline's bias at this window is -0.5914 (-0.931 per cent)","noiseless, truth 42.38 um at the prior means, mixed form, strips (28.0, 36.0) MHz",DIAGNOSTIC
T_4121_225mW_70C,mu5@5,-0.0158334,,MHz^5,"estimator on the archive grid against the direct truncated moment -0.0157292 of the same de-baselined line on a 10x finer grid, both self-centred, scaled error 1.77e-06. the bare model's truncated moment is -0.00674109, so the strip baseline's bias at this window is -0.009092 (-0.000154 in units of k2^(n/2), the odd orders of a symmetric line being zero)","noiseless, truth 42.38 um at the prior means, mixed form, strips (28.0, 36.0) MHz",DIAGNOSTIC
T_4121_225mW_70C,mu6@5,1017.11,,MHz^6,"estimator on the archive grid against the direct truncated moment 1017.08 of the same de-baselined line on a 10x finer grid, both self-centred, scaled error 2.75e-04. the bare model's truncated moment is 1028.69, so the strip baseline's bias at this window is -11.58 (-1.13 per cent)","noiseless, truth 42.38 um at the prior means, mixed form, strips (28.0, 36.0) MHz",DIAGNOSTIC
T_4121_225mW_70C,mu7@5,-0.329754,,MHz^7,"estimator on the archive grid against the direct truncated moment -0.32534 of the same de-baselined line on a 10x finer grid, both self-centred, scaled error 1.47e-05. the bare model's truncated moment is -0.127131, so the strip baseline's bias at this window is -0.2026 (-0.000673 in units of k2^(n/2), the odd orders of a symmetric line being zero)","noiseless, truth 42.38 um at the prior means, mixed form, strips (28.0, 36.0) MHz",DIAGNOSTIC
T_4121_225mW_70C,mu2@8,9.13618,,MHz^2,"estimator on the archive grid against the direct truncated moment 9.13591 of the same de-baselined line on a 10x finer grid, both self-centred, scaled error 3.05e-05. the bare model's truncated moment is 9.3002, so the strip baseline's bias at this window is -0.164 (-1.76 per cent)","noiseless, truth 42.38 um at the prior means, mixed form, strips (28.0, 36.0) MHz",DIAGNOSTIC
T_4121_225mW_70C,mu3@8,-0.00602423,,MHz^3,"estimator on the archive grid against the direct truncated moment -0.00602967 of the same de-baselined line on a 10x finer grid, both self-centred, scaled error 1.97e-07. the bare model's truncated moment is -0.00074458, so the strip baseline's bias at this window is -0.00528 (-0.000191 in units of k2^(n/2), the odd orders of a symmetric line being zero)","noiseless, truth 42.38 um at the prior means, mixed form, strips (28.0, 36.0) MHz",DIAGNOSTIC
T_4121_225mW_70C,mu4@8,253.78,,MHz^4,"estimator on the archive grid against the direct truncated moment 253.771 of the same de-baselined line on a 10x finer grid, both self-centred, scaled error 1.14e-04. the bare model's truncated moment is 261.387, so the strip baseline's bias at this window is -7.606 (-2.91 per cent)","noiseless, truth 42.38 um at the prior means, mixed form, strips (28.0, 36.0) MHz",DIAGNOSTIC
T_4121_225mW_70C,mu5@8,-0.338321,,MHz^5,"estimator on the archive grid against the direct truncated moment -0.338566 of the same de-baselined line on a 10x finer grid, both self-centred, scaled error 9.68e-07. the bare model's truncated moment is -0.0288814, so the strip baseline's bias at this window is -0.3094 (-0.00123 in units of k2^(n/2), the odd orders of a symmetric line being zero)","noiseless, truth 42.38 um at the prior means, mixed form, strips (28.0, 36.0) MHz",DIAGNOSTIC
T_4121_225mW_70C,mu6@8,9984.68,,MHz^6,"estimator on the archive grid against the direct truncated moment 9984.28 of the same de-baselined line on a 10x finer grid, both self-centred, scaled error 5.25e-04. the bare model's truncated moment is 10354.2, so the strip baseline's bias at this window is -369.5 (-3.57 per cent)","noiseless, truth 42.38 um at the prior means, mixed form, strips (28.0, 36.0) MHz",DIAGNOSTIC
T_4121_225mW_70C,mu7@8,-18.026,,MHz^7,"estimator on the archive grid against the direct truncated moment -18.0336 of the same de-baselined line on a 10x finer grid, both self-centred, scaled error 3.26e-06. the bare model's truncated moment is -1.20874, so the strip baseline's bias at this window is -16.82 (-0.0073 in units of k2^(n/2), the odd orders of a symmetric line being zero)","noiseless, truth 42.38 um at the prior means, mixed form, strips (28.0, 36.0) MHz",DIAGNOSTIC
T_4121_225mW_70C,mu2@13,15.1287,,MHz^2,"estimator on the archive grid against the direct truncated moment 15.128 of the same de-baselined line on a 10x finer grid, both self-centred, scaled error 4.49e-05. the bare model's truncated moment is 15.9663, so the strip baseline's bias at this window is -0.8376 (-5.25 per cent)","noiseless, truth 42.38 um at the prior means, mixed form, strips (28.0, 36.0) MHz",DIAGNOSTIC
T_4121_225mW_70C,mu3@13,-0.0758577,,MHz^3,"estimator on the archive grid against the direct truncated moment -0.0759411 of the same de-baselined line on a 10x finer grid, both self-centred, scaled error 1.42e-06. the bare model's truncated moment is -0.00107978, so the strip baseline's bias at this window is -0.07478 (-0.00127 in units of k2^(n/2), the odd orders of a symmetric line being zero)","noiseless, truth 42.38 um at the prior means, mixed form, strips (28.0, 36.0) MHz",DIAGNOSTIC
T_4121_225mW_70C,mu4@13,967.915,,MHz^4,"estimator on the archive grid against the direct truncated moment 967.852 of the same de-baselined line on a 10x finer grid, both self-centred, scaled error 2.73e-04. the bare model's truncated moment is 1064.37, so the strip baseline's bias at this window is -96.46 (-9.06 per cent)","noiseless, truth 42.38 um at the prior means, mixed form, strips (28.0, 36.0) MHz",DIAGNOSTIC
T_4121_225mW_70C,mu5@13,-10.781,,MHz^5,"estimator on the archive grid against the direct truncated moment -10.7931 of the same de-baselined line on a 10x finer grid, both self-centred, scaled error 1.35e-05. the bare model's truncated moment is -0.0742312, so the strip baseline's bias at this window is -10.71 (-0.012 in units of k2^(n/2), the odd orders of a symmetric line being zero)","noiseless, truth 42.38 um at the prior means, mixed form, strips (28.0, 36.0) MHz",DIAGNOSTIC
T_4121_225mW_70C,mu6@13,96471.2,,MHz^6,"estimator on the archive grid against the direct truncated moment 96463.9 of the same de-baselined line on a 10x finer grid, both self-centred, scaled error 2.11e-03. the bare model's truncated moment is 108530, so the strip baseline's bias at this window is -1.206e+04 (-11.1 per cent)","noiseless, truth 42.38 um at the prior means, mixed form, strips (28.0, 36.0) MHz. REFUSED from the vector: unresolved at the archive's sampling",DIAGNOSTIC
T_4121_225mW_70C,mu7@13,-1487.22,,MHz^7,"estimator on the archive grid against the direct truncated moment -1488.91 of the same de-baselined line on a 10x finer grid, both self-centred, scaled error 1.25e-04. the bare model's truncated moment is -6.67792, so the strip baseline's bias at this window is -1481 (-0.11 in units of k2^(n/2), the odd orders of a symmetric line being zero)","noiseless, truth 42.38 um at the prior means, mixed form, strips (28.0, 36.0) MHz",DIAGNOSTIC
T_4121_225mW_70C,mu2@21,22.5139,,MHz^2,"estimator on the archive grid against the direct truncated moment 22.5116 of the same de-baselined line on a 10x finer grid, both self-centred, scaled error 1.04e-04. the bare model's truncated moment is 26.4361, so the strip baseline's bias at this window is -3.922 (-14.8 per cent)","noiseless, truth 42.38 um at the prior means, mixed form, strips (28.0, 36.0) MHz",DIAGNOSTIC
T_4121_225mW_70C,mu3@21,-0.939082,,MHz^3,"estimator on the archive grid against the direct truncated moment -0.940121 of the same de-baselined line on a 10x finer grid, both self-centred, scaled error 9.72e-06. the bare model's truncated moment is -0.00127202, so the strip baseline's bias at this window is -0.9378 (-0.00878 in units of k2^(n/2), the odd orders of a symmetric line being zero)","noiseless, truth 42.38 um at the prior means, mixed form, strips (28.0, 36.0) MHz",DIAGNOSTIC
T_4121_225mW_70C,mu4@21,3166.99,,MHz^4,"estimator on the archive grid against the direct truncated moment 3166.38 of the same de-baselined line on a 10x finer grid, both self-centred, scaled error 1.21e-03. the bare model's truncated moment is 4292.76, so the strip baseline's bias at this window is -1126 (-26.2 per cent)","noiseless, truth 42.38 um at the prior means, mixed form, strips (28.0, 36.0) MHz. REFUSED from the vector: unresolved at the archive's sampling",DIAGNOSTIC
T_4121_225mW_70C,mu5@21,-329.775,,MHz^5,"estimator on the archive grid against the direct truncated moment -330.14 of the same de-baselined line on a 10x finer grid, both self-centred, scaled error 1.52e-04. the bare model's truncated moment is -0.143272, so the strip baseline's bias at this window is -329.6 (-0.137 in units of k2^(n/2), the odd orders of a symmetric line being zero)","noiseless, truth 42.38 um at the prior means, mixed form, strips (28.0, 36.0) MHz",DIAGNOSTIC
T_4121_225mW_70C,mu6@21,773855,,MHz^6,"estimator on the archive grid against the direct truncated moment 773661 of the same de-baselined line on a 10x finer grid, both self-centred, scaled error 1.70e-02. the bare model's truncated moment is 1.13552e+06, so the strip baseline's bias at this window is -3.617e+05 (-31.9 per cent)","noiseless, truth 42.38 um at the prior means, mixed form, strips (28.0, 36.0) MHz. REFUSED from the vector: unresolved at the archive's sampling",DIAGNOSTIC
T_4121_225mW_70C,mu7@21,-116293,,MHz^7,"estimator on the archive grid against the direct truncated moment -116422 of the same de-baselined line on a 10x finer grid, both self-centred, scaled error 2.38e-03. the bare model's truncated moment is -28.4442, so the strip baseline's bias at this window is -1.163e+05 (-2.15 in units of k2^(n/2), the odd orders of a symmetric line being zero)","noiseless, truth 42.38 um at the prior means, mixed form, strips (28.0, 36.0) MHz. REFUSED from the vector: unresolved at the archive's sampling",DIAGNOSTIC
T_4121_225mW_90C,mu2@0.5,0.0826562,,MHz^2,"estimator on the archive grid against the direct truncated moment 0.0826569 of the same de-baselined line on a 10x finer grid, both self-centred, scaled error 7.71e-06. the bare model's truncated moment is 0.0826607, so the strip baseline's bias at this window is -4.489e-06 (-0.00543 per cent)","noiseless, truth 42.38 um at the prior means, mixed form, strips (28.0, 36.0) MHz",DIAGNOSTIC
T_4121_225mW_90C,mu3@0.5,-2.36311e-08,,MHz^3,"estimator on the archive grid against the direct truncated moment 4.27142e-06 of the same de-baselined line on a 10x finer grid, both self-centred, scaled error 1.81e-04. the bare model's truncated moment is 4.30433e-06, so the strip baseline's bias at this window is -4.328e-06 (-0.000182 in units of k2^(n/2), the odd orders of a symmetric line being zero)","noiseless, truth 42.38 um at the prior means, mixed form, strips (28.0, 36.0) MHz",DIAGNOSTIC
T_4121_225mW_90C,mu4@0.5,0.0123552,,MHz^4,"estimator on the archive grid against the direct truncated moment 0.0123556 of the same de-baselined line on a 10x finer grid, both self-centred, scaled error 5.21e-05. the bare model's truncated moment is 0.0123564, so the strip baseline's bias at this window is -1.181e-06 (-0.00956 per cent)","noiseless, truth 42.38 um at the prior means, mixed form, strips (28.0, 36.0) MHz",DIAGNOSTIC
T_4121_225mW_90C,mu5@0.5,-6.51643e-09,,MHz^5,"estimator on the archive grid against the direct truncated moment 5.47536e-07 of the same de-baselined line on a 10x finer grid, both self-centred, scaled error 2.82e-04. the bare model's truncated moment is 5.53657e-07, so the strip baseline's bias at this window is -5.602e-07 (-0.000285 in units of k2^(n/2), the odd orders of a symmetric line being zero)","noiseless, truth 42.38 um at the prior means, mixed form, strips (28.0, 36.0) MHz",DIAGNOSTIC
T_4121_225mW_90C,mu6@0.5,0.00220202,,MHz^6,"estimator on the archive grid against the direct truncated moment 0.00220216 of the same de-baselined line on a 10x finer grid, both self-centred, scaled error 2.45e-04. the bare model's truncated moment is 0.00220233, so the strip baseline's bias at this window is -3.102e-07 (-0.0141 per cent)","noiseless, truth 42.38 um at the prior means, mixed form, strips (28.0, 36.0) MHz",DIAGNOSTIC
T_4121_225mW_90C,mu7@0.5,-1.45681e-09,,MHz^7,"estimator on the archive grid against the direct truncated moment 4.89397e-08 of the same de-baselined line on a 10x finer grid, both self-centred, scaled error 3.10e-04. the bare model's truncated moment is 5.01936e-08, so the strip baseline's bias at this window is -5.165e-08 (-0.000318 in units of k2^(n/2), the odd orders of a symmetric line being zero)","noiseless, truth 42.38 um at the prior means, mixed form, strips (28.0, 36.0) MHz",DIAGNOSTIC
T_4121_225mW_90C,mu2@1,0.322931,,MHz^2,"estimator on the archive grid against the direct truncated moment 0.322931 of the same de-baselined line on a 10x finer grid, both self-centred, scaled error 6.70e-07. the bare model's truncated moment is 0.322992, so the strip baseline's bias at this window is -6.105e-05 (-0.0189 per cent)","noiseless, truth 42.38 um at the prior means, mixed form, strips (28.0, 36.0) MHz",DIAGNOSTIC
T_4121_225mW_90C,mu3@1,-6.12205e-07,,MHz^3,"estimator on the archive grid against the direct truncated moment 6.39658e-07 of the same de-baselined line on a 10x finer grid, both self-centred, scaled error 6.82e-06. the bare model's truncated moment is 7.42799e-07, so the strip baseline's bias at this window is -1.355e-06 (-7.38e-06 in units of k2^(n/2), the odd orders of a symmetric line being zero)","noiseless, truth 42.38 um at the prior means, mixed form, strips (28.0, 36.0) MHz",DIAGNOSTIC
T_4121_225mW_90C,mu4@1,0.191158,,MHz^4,"estimator on the archive grid against the direct truncated moment 0.19116 of the same de-baselined line on a 10x finer grid, both self-centred, scaled error 2.25e-05. the bare model's truncated moment is 0.191212, so the strip baseline's bias at this window is -5.404e-05 (-0.0283 per cent)","noiseless, truth 42.38 um at the prior means, mixed form, strips (28.0, 36.0) MHz",DIAGNOSTIC
T_4121_225mW_90C,mu5@1,-6.71063e-07,,MHz^5,"estimator on the archive grid against the direct truncated moment 8.13724e-07 of the same de-baselined line on a 10x finer grid, both self-centred, scaled error 2.51e-05. the bare model's truncated moment is 9.53425e-07, so the strip baseline's bias at this window is -1.624e-06 (-2.74e-05 in units of k2^(n/2), the odd orders of a symmetric line being zero)","noiseless, truth 42.38 um at the prior means, mixed form, strips (28.0, 36.0) MHz",DIAGNOSTIC
T_4121_225mW_90C,mu6@1,0.135527,,MHz^6,"estimator on the archive grid against the direct truncated moment 0.135532 of the same de-baselined line on a 10x finer grid, both self-centred, scaled error 1.33e-04. the bare model's truncated moment is 0.135574, so the strip baseline's bias at this window is -4.732e-05 (-0.0349 per cent)","noiseless, truth 42.38 um at the prior means, mixed form, strips (28.0, 36.0) MHz",DIAGNOSTIC
T_4121_225mW_90C,mu7@1,-6.38189e-07,,MHz^7,"estimator on the archive grid against the direct truncated moment 1.16692e-06 of the same de-baselined line on a 10x finer grid, both self-centred, scaled error 9.43e-05. the bare model's truncated moment is 1.34069e-06, so the strip baseline's bias at this window is -1.979e-06 (-0.000103 in units of k2^(n/2), the odd orders of a symmetric line being zero)","noiseless, truth 42.38 um at the prior means, mixed form, strips (28.0, 36.0) MHz",DIAGNOSTIC
T_4121_225mW_90C,mu2@2,1.18854,,MHz^2,"estimator on the archive grid against the direct truncated moment 1.18853 of the same de-baselined line on a 10x finer grid, both self-centred, scaled error 1.30e-05. the bare model's truncated moment is 1.18946, so the strip baseline's bias at this window is -0.0009203 (-0.0774 per cent)","noiseless, truth 42.38 um at the prior means, mixed form, strips (28.0, 36.0) MHz",DIAGNOSTIC
T_4121_225mW_90C,mu3@2,-1.89839e-05,,MHz^3,"estimator on the archive grid against the direct truncated moment -1.81127e-05 of the same de-baselined line on a 10x finer grid, both self-centred, scaled error 6.72e-07. the bare model's truncated moment is -1.61321e-05, so the strip baseline's bias at this window is -2.852e-06 (-2.2e-06 in units of k2^(n/2), the odd orders of a symmetric line being zero)","noiseless, truth 42.38 um at the prior means, mixed form, strips (28.0, 36.0) MHz",DIAGNOSTIC
T_4121_225mW_90C,mu4@2,2.71768,,MHz^4,"estimator on the archive grid against the direct truncated moment 2.71763 of the same de-baselined line on a 10x finer grid, both self-centred, scaled error 3.52e-05. the bare model's truncated moment is 2.72075, so the strip baseline's bias at this window is -0.003067 (-0.113 per cent)","noiseless, truth 42.38 um at the prior means, mixed form, strips (28.0, 36.0) MHz",DIAGNOSTIC
T_4121_225mW_90C,mu5@2,-7.75592e-05,,MHz^5,"estimator on the archive grid against the direct truncated moment -7.07161e-05 of the same de-baselined line on a 10x finer grid, both self-centred, scaled error 4.44e-06. the bare model's truncated moment is -6.15353e-05, so the strip baseline's bias at this window is -1.602e-05 (-1.04e-05 in units of k2^(n/2), the odd orders of a symmetric line being zero)","noiseless, truth 42.38 um at the prior means, mixed form, strips (28.0, 36.0) MHz",DIAGNOSTIC
T_4121_225mW_90C,mu6@2,7.56367,,MHz^6,"estimator on the archive grid against the direct truncated moment 7.56351 of the same de-baselined line on a 10x finer grid, both self-centred, scaled error 9.72e-05. the bare model's truncated moment is 7.57371, so the strip baseline's bias at this window is -0.01004 (-0.133 per cent)","noiseless, truth 42.38 um at the prior means, mixed form, strips (28.0, 36.0) MHz",DIAGNOSTIC
T_4121_225mW_90C,mu7@2,-0.000279836,,MHz^7,"estimator on the archive grid against the direct truncated moment -0.000239273 of the same de-baselined line on a 10x finer grid, both self-centred, scaled error 2.22e-05. the bare model's truncated moment is -0.000201679, so the strip baseline's bias at this window is -7.816e-05 (-4.27e-05 in units of k2^(n/2), the odd orders of a symmetric line being zero)","noiseless, truth 42.38 um at the prior means, mixed form, strips (28.0, 36.0) MHz",DIAGNOSTIC
T_4121_225mW_90C,mu2@3,2.38846,,MHz^2,"estimator on the archive grid against the direct truncated moment 2.38841 of the same de-baselined line on a 10x finer grid, both self-centred, scaled error 1.85e-05. the bare model's truncated moment is 2.39291, so the strip baseline's bias at this window is -0.004453 (-0.186 per cent)","noiseless, truth 42.38 um at the prior means, mixed form, strips (28.0, 36.0) MHz",DIAGNOSTIC
T_4121_225mW_90C,mu3@3,-0.000100209,,MHz^3,"estimator on the archive grid against the direct truncated moment -0.000100748 of the same de-baselined line on a 10x finer grid, both self-centred, scaled error 1.46e-07. the bare model's truncated moment is -8.21642e-05, so the strip baseline's bias at this window is -1.804e-05 (-4.89e-06 in units of k2^(n/2), the odd orders of a symmetric line being zero)","noiseless, truth 42.38 um at the prior means, mixed form, strips (28.0, 36.0) MHz",DIAGNOSTIC
T_4121_225mW_90C,mu4@3,11.7321,,MHz^4,"estimator on the archive grid against the direct truncated moment 11.7318 of the same de-baselined line on a 10x finer grid, both self-centred, scaled error 5.06e-05. the bare model's truncated moment is 11.7647, so the strip baseline's bias at this window is -0.03257 (-0.277 per cent)","noiseless, truth 42.38 um at the prior means, mixed form, strips (28.0, 36.0) MHz",DIAGNOSTIC
T_4121_225mW_90C,mu5@3,-0.000863156,,MHz^5,"estimator on the archive grid against the direct truncated moment -0.000871229 of the same de-baselined line on a 10x finer grid, both self-centred, scaled error 9.16e-07. the bare model's truncated moment is -0.000699548, so the strip baseline's bias at this window is -0.0001636 (-1.86e-05 in units of k2^(n/2), the odd orders of a symmetric line being zero)","noiseless, truth 42.38 um at the prior means, mixed form, strips (28.0, 36.0) MHz",DIAGNOSTIC
T_4121_225mW_90C,mu6@3,71.7268,,MHz^6,"estimator on the archive grid against the direct truncated moment 71.7248 of the same de-baselined line on a 10x finer grid, both self-centred, scaled error 1.43e-04. the bare model's truncated moment is 71.9632, so the strip baseline's bias at this window is -0.2365 (-0.329 per cent)","noiseless, truth 42.38 um at the prior means, mixed form, strips (28.0, 36.0) MHz",DIAGNOSTIC
T_4121_225mW_90C,mu7@3,-0.00672295,,MHz^7,"estimator on the archive grid against the direct truncated moment -0.00682158 of the same de-baselined line on a 10x finer grid, both self-centred, scaled error 4.68e-06. the bare model's truncated moment is -0.00543536, so the strip baseline's bias at this window is -0.001288 (-6.11e-05 in units of k2^(n/2), the odd orders of a symmetric line being zero)","noiseless, truth 42.38 um at the prior means, mixed form, strips (28.0, 36.0) MHz",DIAGNOSTIC
T_4121_225mW_90C,mu2@5,5.14389,,MHz^2,"estimator on the archive grid against the direct truncated moment 5.14377 of the same de-baselined line on a 10x finer grid, both self-centred, scaled error 2.24e-05. the bare model's truncated moment is 5.17445, so the strip baseline's bias at this window is -0.03056 (-0.591 per cent)","noiseless, truth 42.38 um at the prior means, mixed form, strips (28.0, 36.0) MHz",DIAGNOSTIC
T_4121_225mW_90C,mu3@5,-0.000702953,,MHz^3,"estimator on the archive grid against the direct truncated moment -0.000701932 of the same de-baselined line on a 10x finer grid, both self-centred, scaled error 8.75e-08. the bare model's truncated moment is -0.000338138, so the strip baseline's bias at this window is -0.0003648 (-3.13e-05 in units of k2^(n/2), the odd orders of a symmetric line being zero)","noiseless, truth 42.38 um at the prior means, mixed form, strips (28.0, 36.0) MHz",DIAGNOSTIC
T_4121_225mW_90C,mu4@5,63.5038,,MHz^4,"estimator on the archive grid against the direct truncated moment 63.5021 of the same de-baselined line on a 10x finer grid, both self-centred, scaled error 6.57e-05. the bare model's truncated moment is 64.0936, so the strip baseline's bias at this window is -0.5898 (-0.92 per cent)","noiseless, truth 42.38 um at the prior means, mixed form, strips (28.0, 36.0) MHz",DIAGNOSTIC
T_4121_225mW_90C,mu5@5,-0.0156986,,MHz^5,"estimator on the archive grid against the direct truncated moment -0.0156652 of the same de-baselined line on a 10x finer grid, both self-centred, scaled error 5.56e-07. the bare model's truncated moment is -0.0067106, so the strip baseline's bias at this window is -0.008988 (-0.00015 in units of k2^(n/2), the odd orders of a symmetric line being zero)","noiseless, truth 42.38 um at the prior means, mixed form, strips (28.0, 36.0) MHz",DIAGNOSTIC
T_4121_225mW_90C,mu6@5,1027.88,,MHz^6,"estimator on the archive grid against the direct truncated moment 1027.85 of the same de-baselined line on a 10x finer grid, both self-centred, scaled error 2.14e-04. the bare model's truncated moment is 1039.44, so the strip baseline's bias at this window is -11.55 (-1.11 per cent)","noiseless, truth 42.38 um at the prior means, mixed form, strips (28.0, 36.0) MHz",DIAGNOSTIC
T_4121_225mW_90C,mu7@5,-0.328002,,MHz^7,"estimator on the archive grid against the direct truncated moment -0.327098 of the same de-baselined line on a 10x finer grid, both self-centred, scaled error 2.93e-06. the bare model's truncated moment is -0.129211, so the strip baseline's bias at this window is -0.1988 (-0.000644 in units of k2^(n/2), the odd orders of a symmetric line being zero)","noiseless, truth 42.38 um at the prior means, mixed form, strips (28.0, 36.0) MHz",DIAGNOSTIC
T_4121_225mW_90C,mu2@8,9.21188,,MHz^2,"estimator on the archive grid against the direct truncated moment 9.21169 of the same de-baselined line on a 10x finer grid, both self-centred, scaled error 2.11e-05. the bare model's truncated moment is 9.37576, so the strip baseline's bias at this window is -0.1639 (-1.75 per cent)","noiseless, truth 42.38 um at the prior means, mixed form, strips (28.0, 36.0) MHz",DIAGNOSTIC
T_4121_225mW_90C,mu3@8,-0.0060017,,MHz^3,"estimator on the archive grid against the direct truncated moment -0.00600266 of the same de-baselined line on a 10x finer grid, both self-centred, scaled error 3.44e-08. the bare model's truncated moment is -0.000736839, so the strip baseline's bias at this window is -0.005265 (-0.000188 in units of k2^(n/2), the odd orders of a symmetric line being zero)","noiseless, truth 42.38 um at the prior means, mixed form, strips (28.0, 36.0) MHz",DIAGNOSTIC
T_4121_225mW_90C,mu4@8,256.392,,MHz^4,"estimator on the archive grid against the direct truncated moment 256.386 of the same de-baselined line on a 10x finer grid, both self-centred, scaled error 6.88e-05. the bare model's truncated moment is 264.004, so the strip baseline's bias at this window is -7.612 (-2.88 per cent)","noiseless, truth 42.38 um at the prior means, mixed form, strips (28.0, 36.0) MHz",DIAGNOSTIC
T_4121_225mW_90C,mu5@8,-0.338048,,MHz^5,"estimator on the archive grid against the direct truncated moment -0.338025 of the same de-baselined line on a 10x finer grid, both self-centred, scaled error 8.99e-08. the bare model's truncated moment is -0.0289728, so the strip baseline's bias at this window is -0.3091 (-0.0012 in units of k2^(n/2), the odd orders of a symmetric line being zero)","noiseless, truth 42.38 um at the prior means, mixed form, strips (28.0, 36.0) MHz",DIAGNOSTIC
T_4121_225mW_90C,mu6@8,10091.3,,MHz^6,"estimator on the archive grid against the direct truncated moment 10091 of the same de-baselined line on a 10x finer grid, both self-centred, scaled error 2.88e-04. the bare model's truncated moment is 10461.4, so the strip baseline's bias at this window is -370.1 (-3.54 per cent)","noiseless, truth 42.38 um at the prior means, mixed form, strips (28.0, 36.0) MHz",DIAGNOSTIC
T_4121_225mW_90C,mu7@8,-18.0365,,MHz^7,"estimator on the archive grid against the direct truncated moment -18.029 of the same de-baselined line on a 10x finer grid, both self-centred, scaled error 3.16e-06. the bare model's truncated moment is -1.23066, so the strip baseline's bias at this window is -16.81 (-0.00708 in units of k2^(n/2), the odd orders of a symmetric line being zero)","noiseless, truth 42.38 um at the prior means, mixed form, strips (28.0, 36.0) MHz",DIAGNOSTIC
T_4121_225mW_90C,mu2@13,15.2444,,MHz^2,"estimator on the archive grid against the direct truncated moment 15.2441 of the same de-baselined line on a 10x finer grid, both self-centred, scaled error 1.82e-05. the bare model's truncated moment is 16.0837, so the strip baseline's bias at this window is -0.8393 (-5.22 per cent)","noiseless, truth 42.38 um at the prior means, mixed form, strips (28.0, 36.0) MHz",DIAGNOSTIC
T_4121_225mW_90C,mu3@13,-0.0759766,,MHz^3,"estimator on the archive grid against the direct truncated moment -0.0759927 of the same de-baselined line on a 10x finer grid, both self-centred, scaled error 2.72e-07. the bare model's truncated moment is -0.00107658, so the strip baseline's bias at this window is -0.0749 (-0.00126 in units of k2^(n/2), the odd orders of a symmetric line being zero)","noiseless, truth 42.38 um at the prior means, mixed form, strips (28.0, 36.0) MHz",DIAGNOSTIC
T_4121_225mW_90C,mu4@13,975.52,,MHz^4,"estimator on the archive grid against the direct truncated moment 975.504 of the same de-baselined line on a 10x finer grid, both self-centred, scaled error 7.25e-05. the bare model's truncated moment is 1072.29, so the strip baseline's bias at this window is -96.77 (-9.02 per cent)","noiseless, truth 42.38 um at the prior means, mixed form, strips (28.0, 36.0) MHz",DIAGNOSTIC
T_4121_225mW_90C,mu5@13,-10.8178,,MHz^5,"estimator on the archive grid against the direct truncated moment -10.8197 of the same de-baselined line on a 10x finer grid, both self-centred, scaled error 2.10e-06. the bare model's truncated moment is -0.0749765, so the strip baseline's bias at this window is -10.74 (-0.0118 in units of k2^(n/2), the odd orders of a symmetric line being zero)","noiseless, truth 42.38 um at the prior means, mixed form, strips (28.0, 36.0) MHz",DIAGNOSTIC
T_4121_225mW_90C,mu6@13,97176,,MHz^6,"estimator on the archive grid against the direct truncated moment 97174.4 of the same de-baselined line on a 10x finer grid, both self-centred, scaled error 4.53e-04. the bare model's truncated moment is 109279, so the strip baseline's bias at this window is -1.21e+04 (-11.1 per cent)","noiseless, truth 42.38 um at the prior means, mixed form, strips (28.0, 36.0) MHz",DIAGNOSTIC
T_4121_225mW_90C,mu7@13,-1493.36,,MHz^7,"estimator on the archive grid against the direct truncated moment -1493.54 of the same de-baselined line on a 10x finer grid, both self-centred, scaled error 1.36e-05. the bare model's truncated moment is -6.80512, so the strip baseline's bias at this window is -1487 (-0.107 in units of k2^(n/2), the odd orders of a symmetric line being zero)","noiseless, truth 42.38 um at the prior means, mixed form, strips (28.0, 36.0) MHz",DIAGNOSTIC
T_4121_225mW_90C,mu2@21,22.662,,MHz^2,"estimator on the archive grid against the direct truncated moment 22.6616 of the same de-baselined line on a 10x finer grid, both self-centred, scaled error 2.04e-05. the bare model's truncated moment is 26.5976, so the strip baseline's bias at this window is -3.936 (-14.8 per cent)","noiseless, truth 42.38 um at the prior means, mixed form, strips (28.0, 36.0) MHz",DIAGNOSTIC
T_4121_225mW_90C,mu3@21,-0.94276,,MHz^3,"estimator on the archive grid against the direct truncated moment -0.942973 of the same de-baselined line on a 10x finer grid, both self-centred, scaled error 1.97e-06. the bare model's truncated moment is -0.00126999, so the strip baseline's bias at this window is -0.9415 (-0.00873 in units of k2^(n/2), the odd orders of a symmetric line being zero)","noiseless, truth 42.38 um at the prior means, mixed form, strips (28.0, 36.0) MHz",DIAGNOSTIC
T_4121_225mW_90C,mu4@21,3184.76,,MHz^4,"estimator on the archive grid against the direct truncated moment 3184.69 of the same de-baselined line on a 10x finer grid, both self-centred, scaled error 1.53e-04. the bare model's truncated moment is 4315.18, so the strip baseline's bias at this window is -1130 (-26.2 per cent)","noiseless, truth 42.38 um at the prior means, mixed form, strips (28.0, 36.0) MHz",DIAGNOSTIC
T_4121_225mW_90C,mu5@21,-331.414,,MHz^5,"estimator on the archive grid against the direct truncated moment -331.489 of the same de-baselined line on a 10x finer grid, both self-centred, scaled error 3.07e-05. the bare model's truncated moment is -0.143726, so the strip baseline's bias at this window is -331.3 (-0.136 in units of k2^(n/2), the odd orders of a symmetric line being zero)","noiseless, truth 42.38 um at the prior means, mixed form, strips (28.0, 36.0) MHz",DIAGNOSTIC
T_4121_225mW_90C,mu6@21,777658,,MHz^6,"estimator on the archive grid against the direct truncated moment 777636 of the same de-baselined line on a 10x finer grid, both self-centred, scaled error 1.92e-03. the bare model's truncated moment is 1.14088e+06, so the strip baseline's bias at this window is -3.632e+05 (-31.8 per cent)","noiseless, truth 42.38 um at the prior means, mixed form, strips (28.0, 36.0) MHz. REFUSED from the vector: unresolved at the archive's sampling",DIAGNOSTIC
T_4121_225mW_90C,mu7@21,-116905,,MHz^7,"estimator on the archive grid against the direct truncated moment -116931 of the same de-baselined line on a 10x finer grid, both self-centred, scaled error 4.78e-04. the bare model's truncated moment is -28.135, so the strip baseline's bias at this window is -1.169e+05 (-2.11 in units of k2^(n/2), the odd orders of a symmetric line being zero)","noiseless, truth 42.38 um at the prior means, mixed form, strips (28.0, 36.0) MHz",DIAGNOSTIC
T_4154_225mW_110C,mu2@0.5,0.0826769,,MHz^2,"estimator on the archive grid against the direct truncated moment 0.0826796 of the same de-baselined line on a 10x finer grid, both self-centred, scaled error 3.28e-05. the bare model's truncated moment is 0.0826834, so the strip baseline's bias at this window is -6.52e-06 (-0.00789 per cent)","noiseless, truth 42.38 um at the prior means, mixed form, strips (28.0, 36.0) MHz",DIAGNOSTIC
T_4154_225mW_110C,mu3@0.5,-4.617e-09,,MHz^3,"estimator on the archive grid against the direct truncated moment 4.80424e-06 of the same de-baselined line on a 10x finer grid, both self-centred, scaled error 2.02e-04. the bare model's truncated moment is 4.83482e-06, so the strip baseline's bias at this window is -4.839e-06 (-0.000204 in units of k2^(n/2), the odd orders of a symmetric line being zero)","noiseless, truth 42.38 um at the prior means, mixed form, strips (28.0, 36.0) MHz",DIAGNOSTIC
T_4154_225mW_110C,mu4@0.5,0.0123596,,MHz^4,"estimator on the archive grid against the direct truncated moment 0.012361 of the same de-baselined line on a 10x finer grid, both self-centred, scaled error 2.07e-04. the bare model's truncated moment is 0.0123619, so the strip baseline's bias at this window is -2.226e-06 (-0.018 per cent)","noiseless, truth 42.38 um at the prior means, mixed form, strips (28.0, 36.0) MHz",DIAGNOSTIC
T_4154_225mW_110C,mu5@0.5,-9.10877e-10,,MHz^5,"estimator on the archive grid against the direct truncated moment 8.54683e-07 of the same de-baselined line on a 10x finer grid, both self-centred, scaled error 4.35e-04. the bare model's truncated moment is 8.60063e-07, so the strip baseline's bias at this window is -8.61e-07 (-0.000438 in units of k2^(n/2), the odd orders of a symmetric line being zero)","noiseless, truth 42.38 um at the prior means, mixed form, strips (28.0, 36.0) MHz",DIAGNOSTIC
T_4154_225mW_110C,mu6@0.5,0.00220294,,MHz^6,"estimator on the archive grid against the direct truncated moment 0.00220348 of the same de-baselined line on a 10x finer grid, both self-centred, scaled error 9.51e-04. the bare model's truncated moment is 0.00220365, so the strip baseline's bias at this window is -7.068e-07 (-0.0321 per cent)","noiseless, truth 42.38 um at the prior means, mixed form, strips (28.0, 36.0) MHz",DIAGNOSTIC
T_4154_225mW_110C,mu7@0.5,-1.41812e-10,,MHz^7,"estimator on the archive grid against the direct truncated moment 1.65935e-07 of the same de-baselined line on a 10x finer grid, both self-centred, scaled error 1.02e-03. the bare model's truncated moment is 1.66952e-07, so the strip baseline's bias at this window is -1.671e-07 (-0.00103 in units of k2^(n/2), the odd orders of a symmetric line being zero)","noiseless, truth 42.38 um at the prior means, mixed form, strips (28.0, 36.0) MHz. REFUSED from the vector: unresolved at the archive's sampling",DIAGNOSTIC
T_4154_225mW_110C,mu2@1,0.323238,,MHz^2,"estimator on the archive grid against the direct truncated moment 0.323239 of the same de-baselined line on a 10x finer grid, both self-centred, scaled error 2.47e-06. the bare model's truncated moment is 0.323299, so the strip baseline's bias at this window is -6.102e-05 (-0.0189 per cent)","noiseless, truth 42.38 um at the prior means, mixed form, strips (28.0, 36.0) MHz",DIAGNOSTIC
T_4154_225mW_110C,mu3@1,-5.0753e-07,,MHz^3,"estimator on the archive grid against the direct truncated moment 4.35828e-07 of the same de-baselined line on a 10x finer grid, both self-centred, scaled error 5.13e-06. the bare model's truncated moment is 4.84279e-07, so the strip baseline's bias at this window is -9.918e-07 (-5.4e-06 in units of k2^(n/2), the odd orders of a symmetric line being zero)","noiseless, truth 42.38 um at the prior means, mixed form, strips (28.0, 36.0) MHz",DIAGNOSTIC
T_4154_225mW_110C,mu4@1,0.191417,,MHz^4,"estimator on the archive grid against the direct truncated moment 0.19142 of the same de-baselined line on a 10x finer grid, both self-centred, scaled error 3.31e-05. the bare model's truncated moment is 0.191471, so the strip baseline's bias at this window is -5.469e-05 (-0.0286 per cent)","noiseless, truth 42.38 um at the prior means, mixed form, strips (28.0, 36.0) MHz",DIAGNOSTIC
T_4154_225mW_110C,mu5@1,-5.29779e-07,,MHz^5,"estimator on the archive grid against the direct truncated moment 3.65415e-07 of the same de-baselined line on a 10x finer grid, both self-centred, scaled error 1.51e-05. the bare model's truncated moment is 3.99635e-07, so the strip baseline's bias at this window is -9.294e-07 (-1.56e-05 in units of k2^(n/2), the odd orders of a symmetric line being zero)","noiseless, truth 42.38 um at the prior means, mixed form, strips (28.0, 36.0) MHz",DIAGNOSTIC
T_4154_225mW_110C,mu6@1,0.135741,,MHz^6,"estimator on the archive grid against the direct truncated moment 0.135747 of the same de-baselined line on a 10x finer grid, both self-centred, scaled error 1.81e-04. the bare model's truncated moment is 0.135789, so the strip baseline's bias at this window is -4.862e-05 (-0.0358 per cent)","noiseless, truth 42.38 um at the prior means, mixed form, strips (28.0, 36.0) MHz",DIAGNOSTIC
T_4154_225mW_110C,mu7@1,-4.77858e-07,,MHz^7,"estimator on the archive grid against the direct truncated moment 4.85834e-07 of the same de-baselined line on a 10x finer grid, both self-centred, scaled error 5.02e-05. the bare model's truncated moment is 5.04815e-07, so the strip baseline's bias at this window is -9.827e-07 (-5.12e-05 in units of k2^(n/2), the odd orders of a symmetric line being zero)","noiseless, truth 42.38 um at the prior means, mixed form, strips (28.0, 36.0) MHz",DIAGNOSTIC
T_4154_225mW_110C,mu2@2,1.1924,,MHz^2,"estimator on the archive grid against the direct truncated moment 1.19238 of the same de-baselined line on a 10x finer grid, both self-centred, scaled error 1.17e-05. the bare model's truncated moment is 1.19331, so the strip baseline's bias at this window is -0.0009124 (-0.0765 per cent)","noiseless, truth 42.38 um at the prior means, mixed form, strips (28.0, 36.0) MHz",DIAGNOSTIC
T_4154_225mW_110C,mu3@2,-1.78108e-05,,MHz^3,"estimator on the archive grid against the direct truncated moment -1.71119e-05 of the same de-baselined line on a 10x finer grid, both self-centred, scaled error 5.37e-07. the bare model's truncated moment is -1.53856e-05, so the strip baseline's bias at this window is -2.425e-06 (-1.86e-06 in units of k2^(n/2), the odd orders of a symmetric line being zero)","noiseless, truth 42.38 um at the prior means, mixed form, strips (28.0, 36.0) MHz",DIAGNOSTIC
T_4154_225mW_110C,mu4@2,2.73019,,MHz^4,"estimator on the archive grid against the direct truncated moment 2.73016 of the same de-baselined line on a 10x finer grid, both self-centred, scaled error 2.53e-05. the bare model's truncated moment is 2.73324, so the strip baseline's bias at this window is -0.003052 (-0.112 per cent)","noiseless, truth 42.38 um at the prior means, mixed form, strips (28.0, 36.0) MHz",DIAGNOSTIC
T_4154_225mW_110C,mu5@2,-7.26469e-05,,MHz^5,"estimator on the archive grid against the direct truncated moment -6.70114e-05 of the same de-baselined line on a 10x finer grid, both self-centred, scaled error 3.63e-06. the bare model's truncated moment is -5.97521e-05, so the strip baseline's bias at this window is -1.289e-05 (-8.31e-06 in units of k2^(n/2), the odd orders of a symmetric line being zero)","noiseless, truth 42.38 um at the prior means, mixed form, strips (28.0, 36.0) MHz",DIAGNOSTIC
T_4154_225mW_110C,mu6@2,7.60398,,MHz^6,"estimator on the archive grid against the direct truncated moment 7.6039 of the same de-baselined line on a 10x finer grid, both self-centred, scaled error 4.50e-05. the bare model's truncated moment is 7.61402, so the strip baseline's bias at this window is -0.01004 (-0.132 per cent)","noiseless, truth 42.38 um at the prior means, mixed form, strips (28.0, 36.0) MHz",DIAGNOSTIC
T_4154_225mW_110C,mu7@2,-0.00026155,,MHz^7,"estimator on the archive grid against the direct truncated moment -0.000227417 of the same de-baselined line on a 10x finer grid, both self-centred, scaled error 1.84e-05. the bare model's truncated moment is -0.000201057, so the strip baseline's bias at this window is -6.049e-05 (-3.27e-05 in units of k2^(n/2), the odd orders of a symmetric line being zero)","noiseless, truth 42.38 um at the prior means, mixed form, strips (28.0, 36.0) MHz",DIAGNOSTIC
T_4154_225mW_110C,mu2@3,2.4026,,MHz^2,"estimator on the archive grid against the direct truncated moment 2.40255 of the same de-baselined line on a 10x finer grid, both self-centred, scaled error 1.85e-05. the bare model's truncated moment is 2.40701, so the strip baseline's bias at this window is -0.004411 (-0.183 per cent)","noiseless, truth 42.38 um at the prior means, mixed form, strips (28.0, 36.0) MHz",DIAGNOSTIC
T_4154_225mW_110C,mu3@3,-9.60587e-05,,MHz^3,"estimator on the archive grid against the direct truncated moment -9.45191e-05 of the same de-baselined line on a 10x finer grid, both self-centred, scaled error 4.13e-07. the bare model's truncated moment is -7.5956e-05, so the strip baseline's bias at this window is -2.01e-05 (-5.4e-06 in units of k2^(n/2), the odd orders of a symmetric line being zero)","noiseless, truth 42.38 um at the prior means, mixed form, strips (28.0, 36.0) MHz",DIAGNOSTIC
T_4154_225mW_110C,mu4@3,11.83,,MHz^4,"estimator on the archive grid against the direct truncated moment 11.8298 of the same de-baselined line on a 10x finer grid, both self-centred, scaled error 4.90e-05. the bare model's truncated moment is 11.8624, so the strip baseline's bias at this window is -0.03231 (-0.272 per cent)","noiseless, truth 42.38 um at the prior means, mixed form, strips (28.0, 36.0) MHz",DIAGNOSTIC
T_4154_225mW_110C,mu5@3,-0.000831123,,MHz^5,"estimator on the archive grid against the direct truncated moment -0.00080394 of the same de-baselined line on a 10x finer grid, both self-centred, scaled error 3.04e-06. the bare model's truncated moment is -0.000630611, so the strip baseline's bias at this window is -0.0002005 (-2.24e-05 in units of k2^(n/2), the odd orders of a symmetric line being zero)","noiseless, truth 42.38 um at the prior means, mixed form, strips (28.0, 36.0) MHz",DIAGNOSTIC
T_4154_225mW_110C,mu6@3,72.4141,,MHz^6,"estimator on the archive grid against the direct truncated moment 72.4123 of the same de-baselined line on a 10x finer grid, both self-centred, scaled error 1.31e-04. the bare model's truncated moment is 72.649, so the strip baseline's bias at this window is -0.2348 (-0.323 per cent)","noiseless, truth 42.38 um at the prior means, mixed form, strips (28.0, 36.0) MHz",DIAGNOSTIC
T_4154_225mW_110C,mu7@3,-0.00649609,,MHz^7,"estimator on the archive grid against the direct truncated moment -0.00613101 of the same de-baselined line on a 10x finer grid, both self-centred, scaled error 1.70e-05. the bare model's truncated moment is -0.00471238, so the strip baseline's bias at this window is -0.001784 (-8.3e-05 in units of k2^(n/2), the odd orders of a symmetric line being zero)","noiseless, truth 42.38 um at the prior means, mixed form, strips (28.0, 36.0) MHz",DIAGNOSTIC
T_4154_225mW_110C,mu2@5,5.1963,,MHz^2,"estimator on the archive grid against the direct truncated moment 5.19617 of the same de-baselined line on a 10x finer grid, both self-centred, scaled error 2.40e-05. the bare model's truncated moment is 5.22665, so the strip baseline's bias at this window is -0.03036 (-0.581 per cent)","noiseless, truth 42.38 um at the prior means, mixed form, strips (28.0, 36.0) MHz",DIAGNOSTIC
T_4154_225mW_110C,mu3@5,-0.000686516,,MHz^3,"estimator on the archive grid against the direct truncated moment -0.000683386 of the same de-baselined line on a 10x finer grid, both self-centred, scaled error 2.64e-07. the bare model's truncated moment is -0.00032357, so the strip baseline's bias at this window is -0.0003629 (-3.06e-05 in units of k2^(n/2), the odd orders of a symmetric line being zero)","noiseless, truth 42.38 um at the prior means, mixed form, strips (28.0, 36.0) MHz",DIAGNOSTIC
T_4154_225mW_110C,mu4@5,64.3915,,MHz^4,"estimator on the archive grid against the direct truncated moment 64.3896 of the same de-baselined line on a 10x finer grid, both self-centred, scaled error 7.21e-05. the bare model's truncated moment is 64.9785, so the strip baseline's bias at this window is -0.587 (-0.903 per cent)","noiseless, truth 42.38 um at the prior means, mixed form, strips (28.0, 36.0) MHz",DIAGNOSTIC
T_4154_225mW_110C,mu5@5,-0.0154103,,MHz^5,"estimator on the archive grid against the direct truncated moment -0.0152612 of the same de-baselined line on a 10x finer grid, both self-centred, scaled error 2.42e-06. the bare model's truncated moment is -0.00639439, so the strip baseline's bias at this window is -0.009016 (-0.000146 in units of k2^(n/2), the odd orders of a symmetric line being zero)","noiseless, truth 42.38 um at the prior means, mixed form, strips (28.0, 36.0) MHz",DIAGNOSTIC
T_4154_225mW_110C,mu6@5,1043.95,,MHz^6,"estimator on the archive grid against the direct truncated moment 1043.92 of the same de-baselined line on a 10x finer grid, both self-centred, scaled error 2.40e-04. the bare model's truncated moment is 1055.46, so the strip baseline's bias at this window is -11.51 (-1.09 per cent)","noiseless, truth 42.38 um at the prior means, mixed form, strips (28.0, 36.0) MHz",DIAGNOSTIC
T_4154_225mW_110C,mu7@5,-0.322869,,MHz^7,"estimator on the archive grid against the direct truncated moment -0.317388 of the same de-baselined line on a 10x finer grid, both self-centred, scaled error 1.71e-05. the bare model's truncated moment is -0.12148, so the strip baseline's bias at this window is -0.2014 (-0.00063 in units of k2^(n/2), the odd orders of a symmetric line being zero)","noiseless, truth 42.38 um at the prior means, mixed form, strips (28.0, 36.0) MHz",DIAGNOSTIC
T_4154_225mW_110C,mu2@8,9.32736,,MHz^2,"estimator on the archive grid against the direct truncated moment 9.32711 of the same de-baselined line on a 10x finer grid, both self-centred, scaled error 2.65e-05. the bare model's truncated moment is 9.49091, so the strip baseline's bias at this window is -0.1636 (-1.72 per cent)","noiseless, truth 42.38 um at the prior means, mixed form, strips (28.0, 36.0) MHz",DIAGNOSTIC
T_4154_225mW_110C,mu3@8,-0.00595479,,MHz^3,"estimator on the archive grid against the direct truncated moment -0.00595781 of the same de-baselined line on a 10x finer grid, both self-centred, scaled error 1.06e-07. the bare model's truncated moment is -0.000721353, so the strip baseline's bias at this window is -0.005233 (-0.000184 in units of k2^(n/2), the odd orders of a symmetric line being zero)","noiseless, truth 42.38 um at the prior means, mixed form, strips (28.0, 36.0) MHz",DIAGNOSTIC
T_4154_225mW_110C,mu4@8,260.453,,MHz^4,"estimator on the archive grid against the direct truncated moment 260.445 of the same de-baselined line on a 10x finer grid, both self-centred, scaled error 9.58e-05. the bare model's truncated moment is 268.068, so the strip baseline's bias at this window is -7.615 (-2.84 per cent)","noiseless, truth 42.38 um at the prior means, mixed form, strips (28.0, 36.0) MHz",DIAGNOSTIC
T_4154_225mW_110C,mu5@8,-0.336782,,MHz^5,"estimator on the archive grid against the direct truncated moment -0.336856 of the same de-baselined line on a 10x finer grid, both self-centred, scaled error 2.76e-07. the bare model's truncated moment is -0.0284905, so the strip baseline's bias at this window is -0.3083 (-0.00116 in units of k2^(n/2), the odd orders of a symmetric line being zero)","noiseless, truth 42.38 um at the prior means, mixed form, strips (28.0, 36.0) MHz",DIAGNOSTIC
T_4154_225mW_110C,mu6@8,10259,,MHz^6,"estimator on the archive grid against the direct truncated moment 10258.7 of the same de-baselined line on a 10x finer grid, both self-centred, scaled error 4.26e-04. the bare model's truncated moment is 10629.7, so the strip baseline's bias at this window is -370.6 (-3.49 per cent)","noiseless, truth 42.38 um at the prior means, mixed form, strips (28.0, 36.0) MHz",DIAGNOSTIC
T_4154_225mW_110C,mu7@8,-18.0045,,MHz^7,"estimator on the archive grid against the direct truncated moment -17.9989 of the same de-baselined line on a 10x finer grid, both self-centred, scaled error 2.26e-06. the bare model's truncated moment is -1.20081, so the strip baseline's bias at this window is -16.8 (-0.00678 in units of k2^(n/2), the odd orders of a symmetric line being zero)","noiseless, truth 42.38 um at the prior means, mixed form, strips (28.0, 36.0) MHz",DIAGNOSTIC
T_4154_225mW_110C,mu2@13,15.4291,,MHz^2,"estimator on the archive grid against the direct truncated moment 15.4286 of the same de-baselined line on a 10x finer grid, both self-centred, scaled error 3.53e-05. the bare model's truncated moment is 16.2702, so the strip baseline's bias at this window is -0.8411 (-5.17 per cent)","noiseless, truth 42.38 um at the prior means, mixed form, strips (28.0, 36.0) MHz",DIAGNOSTIC
T_4154_225mW_110C,mu3@13,-0.0759278,,MHz^3,"estimator on the archive grid against the direct truncated moment -0.075987 of the same de-baselined line on a 10x finer grid, both self-centred, scaled error 9.77e-07. the bare model's truncated moment is -0.00107121, so the strip baseline's bias at this window is -0.07486 (-0.00124 in units of k2^(n/2), the odd orders of a symmetric line being zero)","noiseless, truth 42.38 um at the prior means, mixed form, strips (28.0, 36.0) MHz",DIAGNOSTIC
T_4154_225mW_110C,mu4@13,988.229,,MHz^4,"estimator on the archive grid against the direct truncated moment 988.181 of the same de-baselined line on a 10x finer grid, both self-centred, scaled error 2.00e-04. the bare model's truncated moment is 1085.38, so the strip baseline's bias at this window is -97.15 (-8.95 per cent)","noiseless, truth 42.38 um at the prior means, mixed form, strips (28.0, 36.0) MHz",DIAGNOSTIC
T_4154_225mW_110C,mu5@13,-10.84,,MHz^5,"estimator on the archive grid against the direct truncated moment -10.8486 of the same de-baselined line on a 10x finer grid, both self-centred, scaled error 9.12e-06. the bare model's truncated moment is -0.0760436, so the strip baseline's bias at this window is -10.76 (-0.0115 in units of k2^(n/2), the odd orders of a symmetric line being zero)","noiseless, truth 42.38 um at the prior means, mixed form, strips (28.0, 36.0) MHz",DIAGNOSTIC
T_4154_225mW_110C,mu6@13,98386,,MHz^6,"estimator on the archive grid against the direct truncated moment 98380.6 of the same de-baselined line on a 10x finer grid, both self-centred, scaled error 1.48e-03. the bare model's truncated moment is 110544, so the strip baseline's bias at this window is -1.216e+04 (-11 per cent)","noiseless, truth 42.38 um at the prior means, mixed form, strips (28.0, 36.0) MHz. REFUSED from the vector: unresolved at the archive's sampling",DIAGNOSTIC
T_4154_225mW_110C,mu7@13,-1498.03,,MHz^7,"estimator on the archive grid against the direct truncated moment -1499.21 of the same de-baselined line on a 10x finer grid, both self-centred, scaled error 8.18e-05. the bare model's truncated moment is -6.9973, so the strip baseline's bias at this window is -1491 (-0.103 in units of k2^(n/2), the odd orders of a symmetric line being zero)","noiseless, truth 42.38 um at the prior means, mixed form, strips (28.0, 36.0) MHz",DIAGNOSTIC
T_4154_225mW_110C,mu2@21,22.9128,,MHz^2,"estimator on the archive grid against the direct truncated moment 22.911 of the same de-baselined line on a 10x finer grid, both self-centred, scaled error 7.48e-05. the bare model's truncated moment is 26.8651, so the strip baseline's bias at this window is -3.952 (-14.7 per cent)","noiseless, truth 42.38 um at the prior means, mixed form, strips (28.0, 36.0) MHz",DIAGNOSTIC
T_4154_225mW_110C,mu3@21,-0.945371,,MHz^3,"estimator on the archive grid against the direct truncated moment -0.946133 of the same de-baselined line on a 10x finer grid, both self-centred, scaled error 6.95e-06. the bare model's truncated moment is -0.00126817, so the strip baseline's bias at this window is -0.9441 (-0.00861 in units of k2^(n/2), the odd orders of a symmetric line being zero)","noiseless, truth 42.38 um at the prior means, mixed form, strips (28.0, 36.0) MHz",DIAGNOSTIC
T_4154_225mW_110C,mu4@21,3218.23,,MHz^4,"estimator on the archive grid against the direct truncated moment 3217.79 of the same de-baselined line on a 10x finer grid, both self-centred, scaled error 8.34e-04. the bare model's truncated moment is 4354.69, so the strip baseline's bias at this window is -1136 (-26.1 per cent)","noiseless, truth 42.38 um at the prior means, mixed form, strips (28.0, 36.0) MHz",DIAGNOSTIC
T_4154_225mW_110C,mu5@21,-332.867,,MHz^5,"estimator on the archive grid against the direct truncated moment -333.135 of the same de-baselined line on a 10x finer grid, both self-centred, scaled error 1.07e-04. the bare model's truncated moment is -0.14635, so the strip baseline's bias at this window is -332.7 (-0.132 in units of k2^(n/2), the odd orders of a symmetric line being zero)","noiseless, truth 42.38 um at the prior means, mixed form, strips (28.0, 36.0) MHz",DIAGNOSTIC
T_4154_225mW_110C,mu6@21,785298,,MHz^6,"estimator on the archive grid against the direct truncated moment 785160 of the same de-baselined line on a 10x finer grid, both self-centred, scaled error 1.15e-02. the bare model's truncated moment is 1.15056e+06, so the strip baseline's bias at this window is -3.653e+05 (-31.7 per cent)","noiseless, truth 42.38 um at the prior means, mixed form, strips (28.0, 36.0) MHz. REFUSED from the vector: unresolved at the archive's sampling",DIAGNOSTIC
T_4154_225mW_110C,mu7@21,-117471,,MHz^7,"estimator on the archive grid against the direct truncated moment -117566 of the same de-baselined line on a 10x finer grid, both self-centred, scaled error 1.65e-03. the bare model's truncated moment is -29.1033, so the strip baseline's bias at this window is -1.174e+05 (-2.04 in units of k2^(n/2), the odd orders of a symmetric line being zero)","noiseless, truth 42.38 um at the prior means, mixed form, strips (28.0, 36.0) MHz. REFUSED from the vector: unresolved at the archive's sampling",DIAGNOSTIC
T_4154_225mW_70C,mu2@0.5,0.0826446,,MHz^2,"estimator on the archive grid against the direct truncated moment 0.082647 of the same de-baselined line on a 10x finer grid, both self-centred, scaled error 2.85e-05. the bare model's truncated moment is 0.0826508, so the strip baseline's bias at this window is -6.206e-06 (-0.00751 per cent)","noiseless, truth 42.38 um at the prior means, mixed form, strips (28.0, 36.0) MHz",DIAGNOSTIC
T_4154_225mW_70C,mu3@0.5,1.82189e-09,,MHz^3,"estimator on the archive grid against the direct truncated moment 3.60881e-06 of the same de-baselined line on a 10x finer grid, both self-centred, scaled error 1.52e-04. the bare model's truncated moment is 3.63603e-06, so the strip baseline's bias at this window is -3.634e-06 (-0.000153 in units of k2^(n/2), the odd orders of a symmetric line being zero)","noiseless, truth 42.38 um at the prior means, mixed form, strips (28.0, 36.0) MHz",DIAGNOSTIC
T_4154_225mW_70C,mu4@0.5,0.0123528,,MHz^4,"estimator on the archive grid against the direct truncated moment 0.012354 of the same de-baselined line on a 10x finer grid, both self-centred, scaled error 1.81e-04. the bare model's truncated moment is 0.0123548, so the strip baseline's bias at this window is -2.057e-06 (-0.0166 per cent)","noiseless, truth 42.38 um at the prior means, mixed form, strips (28.0, 36.0) MHz",DIAGNOSTIC
T_4154_225mW_70C,mu5@0.5,1.93117e-09,,MHz^5,"estimator on the archive grid against the direct truncated moment 6.62765e-07 of the same de-baselined line on a 10x finer grid, both self-centred, scaled error 3.37e-04. the bare model's truncated moment is 6.67895e-07, so the strip baseline's bias at this window is -6.66e-07 (-0.000339 in units of k2^(n/2), the odd orders of a symmetric line being zero)","noiseless, truth 42.38 um at the prior means, mixed form, strips (28.0, 36.0) MHz",DIAGNOSTIC
T_4154_225mW_70C,mu6@0.5,0.00220151,,MHz^6,"estimator on the archive grid against the direct truncated moment 0.00220198 of the same de-baselined line on a 10x finer grid, both self-centred, scaled error 8.36e-04. the bare model's truncated moment is 0.00220215, so the strip baseline's bias at this window is -6.422e-07 (-0.0292 per cent)","noiseless, truth 42.38 um at the prior means, mixed form, strips (28.0, 36.0) MHz",DIAGNOSTIC
T_4154_225mW_70C,mu7@0.5,8.03967e-10,,MHz^7,"estimator on the archive grid against the direct truncated moment 1.3391e-07 of the same de-baselined line on a 10x finer grid, both self-centred, scaled error 8.20e-04. the bare model's truncated moment is 1.34972e-07, so the strip baseline's bias at this window is -1.342e-07 (-0.000827 in units of k2^(n/2), the odd orders of a symmetric line being zero)","noiseless, truth 42.38 um at the prior means, mixed form, strips (28.0, 36.0) MHz",DIAGNOSTIC
T_4154_225mW_70C,mu2@1,0.322758,,MHz^2,"estimator on the archive grid against the direct truncated moment 0.322756 of the same de-baselined line on a 10x finer grid, both self-centred, scaled error 5.03e-06. the bare model's truncated moment is 0.322817, so the strip baseline's bias at this window is -5.937e-05 (-0.0184 per cent)","noiseless, truth 42.38 um at the prior means, mixed form, strips (28.0, 36.0) MHz",DIAGNOSTIC
T_4154_225mW_70C,mu3@1,-5.58851e-07,,MHz^3,"estimator on the archive grid against the direct truncated moment 6.87119e-07 of the same de-baselined line on a 10x finer grid, both self-centred, scaled error 6.80e-06. the bare model's truncated moment is 7.47727e-07, so the strip baseline's bias at this window is -1.307e-06 (-7.13e-06 in units of k2^(n/2), the odd orders of a symmetric line being zero)","noiseless, truth 42.38 um at the prior means, mixed form, strips (28.0, 36.0) MHz",DIAGNOSTIC
T_4154_225mW_70C,mu4@1,0.191011,,MHz^4,"estimator on the archive grid against the direct truncated moment 0.19101 of the same de-baselined line on a 10x finer grid, both self-centred, scaled error 1.25e-05. the bare model's truncated moment is 0.191062, so the strip baseline's bias at this window is -5.045e-05 (-0.0264 per cent)","noiseless, truth 42.38 um at the prior means, mixed form, strips (28.0, 36.0) MHz",DIAGNOSTIC
T_4154_225mW_70C,mu5@1,-5.80445e-07,,MHz^5,"estimator on the archive grid against the direct truncated moment 1.27377e-06 of the same de-baselined line on a 10x finer grid, both self-centred, scaled error 3.13e-05. the bare model's truncated moment is 1.34391e-06, so the strip baseline's bias at this window is -1.924e-06 (-3.25e-05 in units of k2^(n/2), the odd orders of a symmetric line being zero)","noiseless, truth 42.38 um at the prior means, mixed form, strips (28.0, 36.0) MHz",DIAGNOSTIC
T_4154_225mW_70C,mu6@1,0.135406,,MHz^6,"estimator on the archive grid against the direct truncated moment 0.135405 of the same de-baselined line on a 10x finer grid, both self-centred, scaled error 3.00e-05. the bare model's truncated moment is 0.135448, so the strip baseline's bias at this window is -4.179e-05 (-0.0309 per cent)","noiseless, truth 42.38 um at the prior means, mixed form, strips (28.0, 36.0) MHz",DIAGNOSTIC
T_4154_225mW_70C,mu7@1,-5.20257e-07,,MHz^7,"estimator on the archive grid against the direct truncated moment 1.99002e-06 of the same de-baselined line on a 10x finer grid, both self-centred, scaled error 1.31e-04. the bare model's truncated moment is 2.0671e-06, so the strip baseline's bias at this window is -2.587e-06 (-0.000135 in units of k2^(n/2), the odd orders of a symmetric line being zero)","noiseless, truth 42.38 um at the prior means, mixed form, strips (28.0, 36.0) MHz",DIAGNOSTIC
T_4154_225mW_70C,mu2@2,1.18639,,MHz^2,"estimator on the archive grid against the direct truncated moment 1.18637 of the same de-baselined line on a 10x finer grid, both self-centred, scaled error 1.39e-05. the bare model's truncated moment is 1.18731, so the strip baseline's bias at this window is -0.0009223 (-0.0777 per cent)","noiseless, truth 42.38 um at the prior means, mixed form, strips (28.0, 36.0) MHz",DIAGNOSTIC
T_4154_225mW_70C,mu3@2,-1.94576e-05,,MHz^3,"estimator on the archive grid against the direct truncated moment -1.72041e-05 of the same de-baselined line on a 10x finer grid, both self-centred, scaled error 1.74e-06. the bare model's truncated moment is -1.53553e-05, so the strip baseline's bias at this window is -4.102e-06 (-3.17e-06 in units of k2^(n/2), the odd orders of a symmetric line being zero)","noiseless, truth 42.38 um at the prior means, mixed form, strips (28.0, 36.0) MHz",DIAGNOSTIC
T_4154_225mW_70C,mu4@2,2.7107,,MHz^4,"estimator on the archive grid against the direct truncated moment 2.71065 of the same de-baselined line on a 10x finer grid, both self-centred, scaled error 3.66e-05. the bare model's truncated moment is 2.71378, so the strip baseline's bias at this window is -0.003074 (-0.113 per cent)","noiseless, truth 42.38 um at the prior means, mixed form, strips (28.0, 36.0) MHz",DIAGNOSTIC
T_4154_225mW_70C,mu5@2,-7.91557e-05,,MHz^5,"estimator on the archive grid against the direct truncated moment -6.11404e-05 of the same de-baselined line on a 10x finer grid, both self-centred, scaled error 1.18e-05. the bare model's truncated moment is -5.30246e-05, so the strip baseline's bias at this window is -2.613e-05 (-1.7e-05 in units of k2^(n/2), the odd orders of a symmetric line being zero)","noiseless, truth 42.38 um at the prior means, mixed form, strips (28.0, 36.0) MHz",DIAGNOSTIC
T_4154_225mW_70C,mu6@2,7.54122,,MHz^6,"estimator on the archive grid against the direct truncated moment 7.54106 of the same de-baselined line on a 10x finer grid, both self-centred, scaled error 9.60e-05. the bare model's truncated moment is 7.55129, so the strip baseline's bias at this window is -0.01007 (-0.133 per cent)","noiseless, truth 42.38 um at the prior means, mixed form, strips (28.0, 36.0) MHz",DIAGNOSTIC
T_4154_225mW_70C,mu7@2,-0.000284504,,MHz^7,"estimator on the archive grid against the direct truncated moment -0.000176526 of the same de-baselined line on a 10x finer grid, both self-centred, scaled error 5.94e-05. the bare model's truncated moment is -0.000145332, so the strip baseline's bias at this window is -0.0001392 (-7.65e-05 in units of k2^(n/2), the odd orders of a symmetric line being zero)","noiseless, truth 42.38 um at the prior means, mixed form, strips (28.0, 36.0) MHz",DIAGNOSTIC
T_4154_225mW_70C,mu2@3,2.38063,,MHz^2,"estimator on the archive grid against the direct truncated moment 2.38059 of the same de-baselined line on a 10x finer grid, both self-centred, scaled error 2.05e-05. the bare model's truncated moment is 2.3851, so the strip baseline's bias at this window is -0.004461 (-0.187 per cent)","noiseless, truth 42.38 um at the prior means, mixed form, strips (28.0, 36.0) MHz",DIAGNOSTIC
T_4154_225mW_70C,mu3@3,-0.000102783,,MHz^3,"estimator on the archive grid against the direct truncated moment -9.98981e-05 of the same de-baselined line on a 10x finer grid, both self-centred, scaled error 7.86e-07. the bare model's truncated moment is -8.11954e-05, so the strip baseline's bias at this window is -2.159e-05 (-5.88e-06 in units of k2^(n/2), the odd orders of a symmetric line being zero)","noiseless, truth 42.38 um at the prior means, mixed form, strips (28.0, 36.0) MHz",DIAGNOSTIC
T_4154_225mW_70C,mu4@3,11.6781,,MHz^4,"estimator on the archive grid against the direct truncated moment 11.6778 of the same de-baselined line on a 10x finer grid, both self-centred, scaled error 5.61e-05. the bare model's truncated moment is 11.7107, so the strip baseline's bias at this window is -0.03261 (-0.278 per cent)","noiseless, truth 42.38 um at the prior means, mixed form, strips (28.0, 36.0) MHz",DIAGNOSTIC
T_4154_225mW_70C,mu5@3,-0.000883723,,MHz^5,"estimator on the archive grid against the direct truncated moment -0.000829185 of the same de-baselined line on a 10x finer grid, both self-centred, scaled error 6.24e-06. the bare model's truncated moment is -0.000656081, so the strip baseline's bias at this window is -0.0002276 (-2.6e-05 in units of k2^(n/2), the odd orders of a symmetric line being zero)","noiseless, truth 42.38 um at the prior means, mixed form, strips (28.0, 36.0) MHz",DIAGNOSTIC
T_4154_225mW_70C,mu6@3,71.3483,,MHz^6,"estimator on the archive grid against the direct truncated moment 71.3462 of the same de-baselined line on a 10x finer grid, both self-centred, scaled error 1.59e-04. the bare model's truncated moment is 71.585, so the strip baseline's bias at this window is -0.2367 (-0.331 per cent)","noiseless, truth 42.38 um at the prior means, mixed form, strips (28.0, 36.0) MHz",DIAGNOSTIC
T_4154_225mW_70C,mu7@3,-0.0068759,,MHz^7,"estimator on the archive grid against the direct truncated moment -0.00612263 of the same de-baselined line on a 10x finer grid, both self-centred, scaled error 3.62e-05. the bare model's truncated moment is -0.00472063, so the strip baseline's bias at this window is -0.002155 (-0.000104 in units of k2^(n/2), the odd orders of a symmetric line being zero)","noiseless, truth 42.38 um at the prior means, mixed form, strips (28.0, 36.0) MHz",DIAGNOSTIC
T_4154_225mW_70C,mu2@5,5.11514,,MHz^2,"estimator on the archive grid against the direct truncated moment 5.115 of the same de-baselined line on a 10x finer grid, both self-centred, scaled error 2.64e-05. the bare model's truncated moment is 5.14571, so the strip baseline's bias at this window is -0.03058 (-0.594 per cent)","noiseless, truth 42.38 um at the prior means, mixed form, strips (28.0, 36.0) MHz",DIAGNOSTIC
T_4154_225mW_70C,mu3@5,-0.00070841,,MHz^3,"estimator on the archive grid against the direct truncated moment -0.000707749 of the same de-baselined line on a 10x finer grid, both self-centred, scaled error 5.71e-08. the bare model's truncated moment is -0.00034336, so the strip baseline's bias at this window is -0.000365 (-3.16e-05 in units of k2^(n/2), the odd orders of a symmetric line being zero)","noiseless, truth 42.38 um at the prior means, mixed form, strips (28.0, 36.0) MHz",DIAGNOSTIC
T_4154_225mW_70C,mu4@5,63.0184,,MHz^4,"estimator on the archive grid against the direct truncated moment 63.0163 of the same de-baselined line on a 10x finer grid, both self-centred, scaled error 8.01e-05. the bare model's truncated moment is 63.6078, so the strip baseline's bias at this window is -0.5894 (-0.927 per cent)","noiseless, truth 42.38 um at the prior means, mixed form, strips (28.0, 36.0) MHz",DIAGNOSTIC
T_4154_225mW_70C,mu5@5,-0.0157479,,MHz^5,"estimator on the archive grid against the direct truncated moment -0.0156753 of the same de-baselined line on a 10x finer grid, both self-centred, scaled error 1.23e-06. the bare model's truncated moment is -0.00672715, so the strip baseline's bias at this window is -0.009021 (-0.000152 in units of k2^(n/2), the odd orders of a symmetric line being zero)","noiseless, truth 42.38 um at the prior means, mixed form, strips (28.0, 36.0) MHz",DIAGNOSTIC
T_4154_225mW_70C,mu6@5,1019.11,,MHz^6,"estimator on the archive grid against the direct truncated moment 1019.07 of the same de-baselined line on a 10x finer grid, both self-centred, scaled error 2.70e-04. the bare model's truncated moment is 1030.65, so the strip baseline's bias at this window is -11.54 (-1.12 per cent)","noiseless, truth 42.38 um at the prior means, mixed form, strips (28.0, 36.0) MHz",DIAGNOSTIC
T_4154_225mW_70C,mu7@5,-0.327976,,MHz^7,"estimator on the archive grid against the direct truncated moment -0.324587 of the same de-baselined line on a 10x finer grid, both self-centred, scaled error 1.12e-05. the bare model's truncated moment is -0.127297, so the strip baseline's bias at this window is -0.2007 (-0.000663 in units of k2^(n/2), the odd orders of a symmetric line being zero)","noiseless, truth 42.38 um at the prior means, mixed form, strips (28.0, 36.0) MHz",DIAGNOSTIC
T_4154_225mW_70C,mu2@8,9.14781,,MHz^2,"estimator on the archive grid against the direct truncated moment 9.14753 of the same de-baselined line on a 10x finer grid, both self-centred, scaled error 3.04e-05. the bare model's truncated moment is 9.31139, so the strip baseline's bias at this window is -0.1636 (-1.76 per cent)","noiseless, truth 42.38 um at the prior means, mixed form, strips (28.0, 36.0) MHz",DIAGNOSTIC
T_4154_225mW_70C,mu3@8,-0.00600552,,MHz^3,"estimator on the archive grid against the direct truncated moment -0.00601094 of the same de-baselined line on a 10x finer grid, both self-centred, scaled error 1.96e-07. the bare model's truncated moment is -0.000743853, so the strip baseline's bias at this window is -0.005262 (-0.00019 in units of k2^(n/2), the odd orders of a symmetric line being zero)","noiseless, truth 42.38 um at the prior means, mixed form, strips (28.0, 36.0) MHz",DIAGNOSTIC
T_4154_225mW_70C,mu4@8,254.127,,MHz^4,"estimator on the archive grid against the direct truncated moment 254.118 of the same de-baselined line on a 10x finer grid, both self-centred, scaled error 1.14e-04. the bare model's truncated moment is 261.716, so the strip baseline's bias at this window is -7.589 (-2.9 per cent)","noiseless, truth 42.38 um at the prior means, mixed form, strips (28.0, 36.0) MHz",DIAGNOSTIC
T_4154_225mW_70C,mu5@8,-0.337458,,MHz^5,"estimator on the archive grid against the direct truncated moment -0.337721 of the same de-baselined line on a 10x finer grid, both self-centred, scaled error 1.04e-06. the bare model's truncated moment is -0.0290089, so the strip baseline's bias at this window is -0.3084 (-0.00122 in units of k2^(n/2), the odd orders of a symmetric line being zero)","noiseless, truth 42.38 um at the prior means, mixed form, strips (28.0, 36.0) MHz",DIAGNOSTIC
T_4154_225mW_70C,mu6@8,9997.25,,MHz^6,"estimator on the archive grid against the direct truncated moment 9996.85 of the same de-baselined line on a 10x finer grid, both self-centred, scaled error 5.24e-04. the bare model's truncated moment is 10366, so the strip baseline's bias at this window is -368.7 (-3.56 per cent)","noiseless, truth 42.38 um at the prior means, mixed form, strips (28.0, 36.0) MHz",DIAGNOSTIC
T_4154_225mW_70C,mu7@8,-17.985,,MHz^7,"estimator on the archive grid against the direct truncated moment -17.9953 of the same de-baselined line on a 10x finer grid, both self-centred, scaled error 4.46e-06. the bare model's truncated moment is -1.22365, so the strip baseline's bias at this window is -16.76 (-0.00724 in units of k2^(n/2), the odd orders of a symmetric line being zero)","noiseless, truth 42.38 um at the prior means, mixed form, strips (28.0, 36.0) MHz",DIAGNOSTIC
T_4154_225mW_70C,mu2@13,15.1379,,MHz^2,"estimator on the archive grid against the direct truncated moment 15.1372 of the same de-baselined line on a 10x finer grid, both self-centred, scaled error 4.48e-05. the bare model's truncated moment is 15.9739, so the strip baseline's bias at this window is -0.836 (-5.23 per cent)","noiseless, truth 42.38 um at the prior means, mixed form, strips (28.0, 36.0) MHz",DIAGNOSTIC
T_4154_225mW_70C,mu3@13,-0.0757033,,MHz^3,"estimator on the archive grid against the direct truncated moment -0.0757862 of the same de-baselined line on a 10x finer grid, both self-centred, scaled error 1.41e-06. the bare model's truncated moment is -0.00108126, so the strip baseline's bias at this window is -0.07462 (-0.00127 in units of k2^(n/2), the odd orders of a symmetric line being zero)","noiseless, truth 42.38 um at the prior means, mixed form, strips (28.0, 36.0) MHz",DIAGNOSTIC
T_4154_225mW_70C,mu4@13,967.946,,MHz^4,"estimator on the archive grid against the direct truncated moment 967.883 of the same de-baselined line on a 10x finer grid, both self-centred, scaled error 2.72e-04. the bare model's truncated moment is 1064.24, so the strip baseline's bias at this window is -96.3 (-9.05 per cent)","noiseless, truth 42.38 um at the prior means, mixed form, strips (28.0, 36.0) MHz",DIAGNOSTIC
T_4154_225mW_70C,mu5@13,-10.7629,,MHz^5,"estimator on the archive grid against the direct truncated moment -10.7749 of the same de-baselined line on a 10x finer grid, both self-centred, scaled error 1.34e-05. the bare model's truncated moment is -0.0750444, so the strip baseline's bias at this window is -10.69 (-0.012 in units of k2^(n/2), the odd orders of a symmetric line being zero)","noiseless, truth 42.38 um at the prior means, mixed form, strips (28.0, 36.0) MHz",DIAGNOSTIC
T_4154_225mW_70C,mu6@13,96438.3,,MHz^6,"estimator on the archive grid against the direct truncated moment 96431 of the same de-baselined line on a 10x finer grid, both self-centred, scaled error 2.10e-03. the bare model's truncated moment is 108477, so the strip baseline's bias at this window is -1.204e+04 (-11.1 per cent)","noiseless, truth 42.38 um at the prior means, mixed form, strips (28.0, 36.0) MHz. REFUSED from the vector: unresolved at the archive's sampling",DIAGNOSTIC
T_4154_225mW_70C,mu7@13,-1484.92,,MHz^7,"estimator on the archive grid against the direct truncated moment -1486.59 of the same de-baselined line on a 10x finer grid, both self-centred, scaled error 1.24e-04. the bare model's truncated moment is -6.87446, so the strip baseline's bias at this window is -1478 (-0.11 in units of k2^(n/2), the odd orders of a symmetric line being zero)","noiseless, truth 42.38 um at the prior means, mixed form, strips (28.0, 36.0) MHz",DIAGNOSTIC
T_4154_225mW_70C,mu2@21,22.5132,,MHz^2,"estimator on the archive grid against the direct truncated moment 22.5108 of the same de-baselined line on a 10x finer grid, both self-centred, scaled error 1.03e-04. the bare model's truncated moment is 26.429, so the strip baseline's bias at this window is -3.916 (-14.8 per cent)","noiseless, truth 42.38 um at the prior means, mixed form, strips (28.0, 36.0) MHz",DIAGNOSTIC
T_4154_225mW_70C,mu3@21,-0.937681,,MHz^3,"estimator on the archive grid against the direct truncated moment -0.938719 of the same de-baselined line on a 10x finer grid, both self-centred, scaled error 9.71e-06. the bare model's truncated moment is -0.00127023, so the strip baseline's bias at this window is -0.9364 (-0.00877 in units of k2^(n/2), the odd orders of a symmetric line being zero)","noiseless, truth 42.38 um at the prior means, mixed form, strips (28.0, 36.0) MHz",DIAGNOSTIC
T_4154_225mW_70C,mu4@21,3164.06,,MHz^4,"estimator on the archive grid against the direct truncated moment 3163.45 of the same de-baselined line on a 10x finer grid, both self-centred, scaled error 1.21e-03. the bare model's truncated moment is 4288.09, so the strip baseline's bias at this window is -1124 (-26.2 per cent)","noiseless, truth 42.38 um at the prior means, mixed form, strips (28.0, 36.0) MHz. REFUSED from the vector: unresolved at the archive's sampling",DIAGNOSTIC
T_4154_225mW_70C,mu5@21,-329.334,,MHz^5,"estimator on the archive grid against the direct truncated moment -329.698 of the same de-baselined line on a 10x finer grid, both self-centred, scaled error 1.51e-04. the bare model's truncated moment is -0.140937, so the strip baseline's bias at this window is -329.2 (-0.137 in units of k2^(n/2), the odd orders of a symmetric line being zero)","noiseless, truth 42.38 um at the prior means, mixed form, strips (28.0, 36.0) MHz",DIAGNOSTIC
T_4154_225mW_70C,mu6@21,772881,,MHz^6,"estimator on the archive grid against the direct truncated moment 772687 of the same de-baselined line on a 10x finer grid, both self-centred, scaled error 1.70e-02. the bare model's truncated moment is 1.13399e+06, so the strip baseline's bias at this window is -3.611e+05 (-31.8 per cent)","noiseless, truth 42.38 um at the prior means, mixed form, strips (28.0, 36.0) MHz. REFUSED from the vector: unresolved at the archive's sampling",DIAGNOSTIC
T_4154_225mW_70C,mu7@21,-116140,,MHz^7,"estimator on the archive grid against the direct truncated moment -116268 of the same de-baselined line on a 10x finer grid, both self-centred, scaled error 2.36e-03. the bare model's truncated moment is -26.5959, so the strip baseline's bias at this window is -1.161e+05 (-2.15 in units of k2^(n/2), the odd orders of a symmetric line being zero)","noiseless, truth 42.38 um at the prior means, mixed form, strips (28.0, 36.0) MHz. REFUSED from the vector: unresolved at the archive's sampling",DIAGNOSTIC
T_4154_225mW_90C,mu2@0.5,0.082659,,MHz^2,"estimator on the archive grid against the direct truncated moment 0.0826614 of the same de-baselined line on a 10x finer grid, both self-centred, scaled error 2.79e-05. the bare model's truncated moment is 0.0826652, so the strip baseline's bias at this window is -6.13e-06 (-0.00742 per cent)","noiseless, truth 42.38 um at the prior means, mixed form, strips (28.0, 36.0) MHz",DIAGNOSTIC
T_4154_225mW_90C,mu3@0.5,1.73629e-09,,MHz^3,"estimator on the archive grid against the direct truncated moment 3.59662e-06 of the same de-baselined line on a 10x finer grid, both self-centred, scaled error 1.51e-04. the bare model's truncated moment is 3.62307e-06, so the strip baseline's bias at this window is -3.621e-06 (-0.000152 in units of k2^(n/2), the odd orders of a symmetric line being zero)","noiseless, truth 42.38 um at the prior means, mixed form, strips (28.0, 36.0) MHz",DIAGNOSTIC
T_4154_225mW_90C,mu4@0.5,0.0123558,,MHz^4,"estimator on the archive grid against the direct truncated moment 0.012357 of the same de-baselined line on a 10x finer grid, both self-centred, scaled error 1.77e-04. the bare model's truncated moment is 0.0123579, so the strip baseline's bias at this window is -2.024e-06 (-0.0164 per cent)","noiseless, truth 42.38 um at the prior means, mixed form, strips (28.0, 36.0) MHz",DIAGNOSTIC
T_4154_225mW_90C,mu5@0.5,1.84706e-09,,MHz^5,"estimator on the archive grid against the direct truncated moment 6.29105e-07 of the same de-baselined line on a 10x finer grid, both self-centred, scaled error 3.19e-04. the bare model's truncated moment is 6.33772e-07, so the strip baseline's bias at this window is -6.319e-07 (-0.000322 in units of k2^(n/2), the odd orders of a symmetric line being zero)","noiseless, truth 42.38 um at the prior means, mixed form, strips (28.0, 36.0) MHz",DIAGNOSTIC
T_4154_225mW_90C,mu6@0.5,0.00220215,,MHz^6,"estimator on the archive grid against the direct truncated moment 0.00220261 of the same de-baselined line on a 10x finer grid, both self-centred, scaled error 8.17e-04. the bare model's truncated moment is 0.00220278, so the strip baseline's bias at this window is -6.303e-07 (-0.0286 per cent)","noiseless, truth 42.38 um at the prior means, mixed form, strips (28.0, 36.0) MHz",DIAGNOSTIC
T_4154_225mW_90C,mu7@0.5,7.65542e-10,,MHz^7,"estimator on the archive grid against the direct truncated moment 1.18737e-07 of the same de-baselined line on a 10x finer grid, both self-centred, scaled error 7.26e-04. the bare model's truncated moment is 1.19621e-07, so the strip baseline's bias at this window is -1.189e-07 (-0.000732 in units of k2^(n/2), the odd orders of a symmetric line being zero)","noiseless, truth 42.38 um at the prior means, mixed form, strips (28.0, 36.0) MHz",DIAGNOSTIC
T_4154_225mW_90C,mu2@1,0.322973,,MHz^2,"estimator on the archive grid against the direct truncated moment 0.322971 of the same de-baselined line on a 10x finer grid, both self-centred, scaled error 5.70e-06. the bare model's truncated moment is 0.323032, so the strip baseline's bias at this window is -5.867e-05 (-0.0182 per cent)","noiseless, truth 42.38 um at the prior means, mixed form, strips (28.0, 36.0) MHz",DIAGNOSTIC
T_4154_225mW_90C,mu3@1,-5.3135e-07,,MHz^3,"estimator on the archive grid against the direct truncated moment -3.01282e-07 of the same de-baselined line on a 10x finer grid, both self-centred, scaled error 1.25e-06. the bare model's truncated moment is -2.54276e-07, so the strip baseline's bias at this window is -2.771e-07 (-1.51e-06 in units of k2^(n/2), the odd orders of a symmetric line being zero)","noiseless, truth 42.38 um at the prior means, mixed form, strips (28.0, 36.0) MHz",DIAGNOSTIC
T_4154_225mW_90C,mu4@1,0.191193,,MHz^4,"estimator on the archive grid against the direct truncated moment 0.191191 of the same de-baselined line on a 10x finer grid, both self-centred, scaled error 1.78e-05. the bare model's truncated moment is 0.191242, so the strip baseline's bias at this window is -4.949e-05 (-0.0259 per cent)","noiseless, truth 42.38 um at the prior means, mixed form, strips (28.0, 36.0) MHz",DIAGNOSTIC
T_4154_225mW_90C,mu5@1,-5.50938e-07,,MHz^5,"estimator on the archive grid against the direct truncated moment -7.15853e-07 of the same de-baselined line on a 10x finer grid, both self-centred, scaled error 2.78e-06. the bare model's truncated moment is -6.73732e-07, so the strip baseline's bias at this window is +1.228e-07 (+2.07e-06 in units of k2^(n/2), the odd orders of a symmetric line being zero)","noiseless, truth 42.38 um at the prior means, mixed form, strips (28.0, 36.0) MHz",DIAGNOSTIC
T_4154_225mW_90C,mu6@1,0.135556,,MHz^6,"estimator on the archive grid against the direct truncated moment 0.135554 of the same de-baselined line on a 10x finer grid, both self-centred, scaled error 5.59e-05. the bare model's truncated moment is 0.135597, so the strip baseline's bias at this window is -4.057e-05 (-0.0299 per cent)","noiseless, truth 42.38 um at the prior means, mixed form, strips (28.0, 36.0) MHz",DIAGNOSTIC
T_4154_225mW_90C,mu7@1,-4.93301e-07,,MHz^7,"estimator on the archive grid against the direct truncated moment -9.68566e-07 of the same de-baselined line on a 10x finer grid, both self-centred, scaled error 2.48e-05. the bare model's truncated moment is -9.33127e-07, so the strip baseline's bias at this window is +4.398e-07 (+2.3e-05 in units of k2^(n/2), the odd orders of a symmetric line being zero)","noiseless, truth 42.38 um at the prior means, mixed form, strips (28.0, 36.0) MHz",DIAGNOSTIC
T_4154_225mW_90C,mu2@2,1.18909,,MHz^2,"estimator on the archive grid against the direct truncated moment 1.18907 of the same de-baselined line on a 10x finer grid, both self-centred, scaled error 1.33e-05. the bare model's truncated moment is 1.19, so the strip baseline's bias at this window is -0.0009159 (-0.077 per cent)","noiseless, truth 42.38 um at the prior means, mixed form, strips (28.0, 36.0) MHz",DIAGNOSTIC
T_4154_225mW_90C,mu3@2,-1.87017e-05,,MHz^3,"estimator on the archive grid against the direct truncated moment -1.9456e-05 of the same de-baselined line on a 10x finer grid, both self-centred, scaled error 5.82e-07. the bare model's truncated moment is -1.7692e-05, so the strip baseline's bias at this window is -1.01e-06 (-7.79e-07 in units of k2^(n/2), the odd orders of a symmetric line being zero)","noiseless, truth 42.38 um at the prior means, mixed form, strips (28.0, 36.0) MHz",DIAGNOSTIC
T_4154_225mW_90C,mu4@2,2.71945,,MHz^4,"estimator on the archive grid against the direct truncated moment 2.7194 of the same de-baselined line on a 10x finer grid, both self-centred, scaled error 3.53e-05. the bare model's truncated moment is 2.7225, so the strip baseline's bias at this window is -0.003054 (-0.112 per cent)","noiseless, truth 42.38 um at the prior means, mixed form, strips (28.0, 36.0) MHz",DIAGNOSTIC
T_4154_225mW_90C,mu5@2,-7.61732e-05,,MHz^5,"estimator on the archive grid against the direct truncated moment -8.1776e-05 of the same de-baselined line on a 10x finer grid, both self-centred, scaled error 3.63e-06. the bare model's truncated moment is -7.42665e-05, so the strip baseline's bias at this window is -1.907e-06 (-1.24e-06 in units of k2^(n/2), the odd orders of a symmetric line being zero)","noiseless, truth 42.38 um at the prior means, mixed form, strips (28.0, 36.0) MHz",DIAGNOSTIC
T_4154_225mW_90C,mu6@2,7.56938,,MHz^6,"estimator on the archive grid against the direct truncated moment 7.56922 of the same de-baselined line on a 10x finer grid, both self-centred, scaled error 9.43e-05. the bare model's truncated moment is 7.57938, so the strip baseline's bias at this window is -0.01 (-0.132 per cent)","noiseless, truth 42.38 um at the prior means, mixed form, strips (28.0, 36.0) MHz",DIAGNOSTIC
T_4154_225mW_90C,mu7@2,-0.000274015,,MHz^7,"estimator on the archive grid against the direct truncated moment -0.00030635 of the same de-baselined line on a 10x finer grid, both self-centred, scaled error 1.76e-05. the bare model's truncated moment is -0.000278604, so the strip baseline's bias at this window is +4.589e-06 (+2.5e-06 in units of k2^(n/2), the odd orders of a symmetric line being zero)","noiseless, truth 42.38 um at the prior means, mixed form, strips (28.0, 36.0) MHz",DIAGNOSTIC
T_4154_225mW_90C,mu2@3,2.39048,,MHz^2,"estimator on the archive grid against the direct truncated moment 2.39043 of the same de-baselined line on a 10x finer grid, both self-centred, scaled error 1.93e-05. the bare model's truncated moment is 2.39491, so the strip baseline's bias at this window is -0.004432 (-0.185 per cent)","noiseless, truth 42.38 um at the prior means, mixed form, strips (28.0, 36.0) MHz",DIAGNOSTIC
T_4154_225mW_90C,mu3@3,-9.96387e-05,,MHz^3,"estimator on the archive grid against the direct truncated moment -0.000100692 of the same de-baselined line on a 10x finer grid, both self-centred, scaled error 2.85e-07. the bare model's truncated moment is -8.19533e-05, so the strip baseline's bias at this window is -1.769e-05 (-4.79e-06 in units of k2^(n/2), the odd orders of a symmetric line being zero)","noiseless, truth 42.38 um at the prior means, mixed form, strips (28.0, 36.0) MHz",DIAGNOSTIC
T_4154_225mW_90C,mu4@3,11.7462,,MHz^4,"estimator on the archive grid against the direct truncated moment 11.7458 of the same de-baselined line on a 10x finer grid, both self-centred, scaled error 5.28e-05. the bare model's truncated moment is 11.7786, so the strip baseline's bias at this window is -0.03242 (-0.275 per cent)","noiseless, truth 42.38 um at the prior means, mixed form, strips (28.0, 36.0) MHz",DIAGNOSTIC
T_4154_225mW_90C,mu5@3,-0.000858841,,MHz^5,"estimator on the archive grid against the direct truncated moment -0.000877016 of the same de-baselined line on a 10x finer grid, both self-centred, scaled error 2.06e-06. the bare model's truncated moment is -0.000701768, so the strip baseline's bias at this window is -0.0001571 (-1.78e-05 in units of k2^(n/2), the odd orders of a symmetric line being zero)","noiseless, truth 42.38 um at the prior means, mixed form, strips (28.0, 36.0) MHz",DIAGNOSTIC
T_4154_225mW_90C,mu6@3,71.8254,,MHz^6,"estimator on the archive grid against the direct truncated moment 71.8233 of the same de-baselined line on a 10x finer grid, both self-centred, scaled error 1.50e-04. the bare model's truncated moment is 72.0608, so the strip baseline's bias at this window is -0.2354 (-0.327 per cent)","noiseless, truth 42.38 um at the prior means, mixed form, strips (28.0, 36.0) MHz",DIAGNOSTIC
T_4154_225mW_90C,mu7@3,-0.00669379,,MHz^7,"estimator on the archive grid against the direct truncated moment -0.00693504 of the same de-baselined line on a 10x finer grid, both self-centred, scaled error 1.14e-05. the bare model's truncated moment is -0.00549624, so the strip baseline's bias at this window is -0.001198 (-5.67e-05 in units of k2^(n/2), the odd orders of a symmetric line being zero)","noiseless, truth 42.38 um at the prior means, mixed form, strips (28.0, 36.0) MHz",DIAGNOSTIC
T_4154_225mW_90C,mu2@5,5.15104,,MHz^2,"estimator on the archive grid against the direct truncated moment 5.15091 of the same de-baselined line on a 10x finer grid, both self-centred, scaled error 2.40e-05. the bare model's truncated moment is 5.18148, so the strip baseline's bias at this window is -0.03044 (-0.588 per cent)","noiseless, truth 42.38 um at the prior means, mixed form, strips (28.0, 36.0) MHz",DIAGNOSTIC
T_4154_225mW_90C,mu3@5,-0.000697685,,MHz^3,"estimator on the archive grid against the direct truncated moment -0.000699438 of the same de-baselined line on a 10x finer grid, both self-centred, scaled error 1.50e-07. the bare model's truncated moment is -0.000337418, so the strip baseline's bias at this window is -0.0003603 (-3.08e-05 in units of k2^(n/2), the odd orders of a symmetric line being zero)","noiseless, truth 42.38 um at the prior means, mixed form, strips (28.0, 36.0) MHz",DIAGNOSTIC
T_4154_225mW_90C,mu4@5,63.6228,,MHz^4,"estimator on the archive grid against the direct truncated moment 63.6209 of the same de-baselined line on a 10x finer grid, both self-centred, scaled error 7.16e-05. the bare model's truncated moment is 64.2104, so the strip baseline's bias at this window is -0.5876 (-0.915 per cent)","noiseless, truth 42.38 um at the prior means, mixed form, strips (28.0, 36.0) MHz",DIAGNOSTIC
T_4154_225mW_90C,mu5@5,-0.0155745,,MHz^5,"estimator on the archive grid against the direct truncated moment -0.0156539 of the same de-baselined line on a 10x finer grid, both self-centred, scaled error 1.32e-06. the bare model's truncated moment is -0.0067456, so the strip baseline's bias at this window is -0.008829 (-0.000147 in units of k2^(n/2), the odd orders of a symmetric line being zero)","noiseless, truth 42.38 um at the prior means, mixed form, strips (28.0, 36.0) MHz",DIAGNOSTIC
T_4154_225mW_90C,mu6@5,1030,,MHz^6,"estimator on the archive grid against the direct truncated moment 1029.97 of the same de-baselined line on a 10x finer grid, both self-centred, scaled error 2.39e-04. the bare model's truncated moment is 1041.52, so the strip baseline's bias at this window is -11.51 (-1.11 per cent)","noiseless, truth 42.38 um at the prior means, mixed form, strips (28.0, 36.0) MHz",DIAGNOSTIC
T_4154_225mW_90C,mu7@5,-0.325194,,MHz^7,"estimator on the archive grid against the direct truncated moment -0.328061 of the same de-baselined line on a 10x finer grid, both self-centred, scaled error 9.24e-06. the bare model's truncated moment is -0.131327, so the strip baseline's bias at this window is -0.1939 (-0.000625 in units of k2^(n/2), the odd orders of a symmetric line being zero)","noiseless, truth 42.38 um at the prior means, mixed form, strips (28.0, 36.0) MHz",DIAGNOSTIC
T_4154_225mW_90C,mu2@8,9.22457,,MHz^2,"estimator on the archive grid against the direct truncated moment 9.22435 of the same de-baselined line on a 10x finer grid, both self-centred, scaled error 2.45e-05. the bare model's truncated moment is 9.38798, so the strip baseline's bias at this window is -0.1634 (-1.74 per cent)","noiseless, truth 42.38 um at the prior means, mixed form, strips (28.0, 36.0) MHz",DIAGNOSTIC
T_4154_225mW_90C,mu3@8,-0.00598094,,MHz^3,"estimator on the archive grid against the direct truncated moment -0.00598465 of the same de-baselined line on a 10x finer grid, both self-centred, scaled error 1.33e-07. the bare model's truncated moment is -0.000736539, so the strip baseline's bias at this window is -0.005244 (-0.000187 in units of k2^(n/2), the odd orders of a symmetric line being zero)","noiseless, truth 42.38 um at the prior means, mixed form, strips (28.0, 36.0) MHz",DIAGNOSTIC
T_4154_225mW_90C,mu4@8,256.782,,MHz^4,"estimator on the archive grid against the direct truncated moment 256.774 of the same de-baselined line on a 10x finer grid, both self-centred, scaled error 8.47e-05. the bare model's truncated moment is 264.374, so the strip baseline's bias at this window is -7.593 (-2.87 per cent)","noiseless, truth 42.38 um at the prior means, mixed form, strips (28.0, 36.0) MHz",DIAGNOSTIC
T_4154_225mW_90C,mu5@8,-0.337073,,MHz^5,"estimator on the archive grid against the direct truncated moment -0.337386 of the same de-baselined line on a 10x finer grid, both self-centred, scaled error 1.21e-06. the bare model's truncated moment is -0.0291837, so the strip baseline's bias at this window is -0.3079 (-0.00119 in units of k2^(n/2), the odd orders of a symmetric line being zero)","noiseless, truth 42.38 um at the prior means, mixed form, strips (28.0, 36.0) MHz",DIAGNOSTIC
T_4154_225mW_90C,mu6@8,10105.7,,MHz^6,"estimator on the archive grid against the direct truncated moment 10105.5 of the same de-baselined line on a 10x finer grid, both self-centred, scaled error 3.69e-04. the bare model's truncated moment is 10474.9, so the strip baseline's bias at this window is -369.2 (-3.52 per cent)","noiseless, truth 42.38 um at the prior means, mixed form, strips (28.0, 36.0) MHz",DIAGNOSTIC
T_4154_225mW_90C,mu7@8,-17.9898,,MHz^7,"estimator on the archive grid against the direct truncated moment -18.0148 of the same de-baselined line on a 10x finer grid, both self-centred, scaled error 1.05e-05. the bare model's truncated moment is -1.25465, so the strip baseline's bias at this window is -16.74 (-0.00702 in units of k2^(n/2), the odd orders of a symmetric line being zero)","noiseless, truth 42.38 um at the prior means, mixed form, strips (28.0, 36.0) MHz",DIAGNOSTIC
T_4154_225mW_90C,mu2@13,15.2554,,MHz^2,"estimator on the archive grid against the direct truncated moment 15.255 of the same de-baselined line on a 10x finer grid, both self-centred, scaled error 2.73e-05. the bare model's truncated moment is 16.093, so the strip baseline's bias at this window is -0.8376 (-5.2 per cent)","noiseless, truth 42.38 um at the prior means, mixed form, strips (28.0, 36.0) MHz",DIAGNOSTIC
T_4154_225mW_90C,mu3@13,-0.0757924,,MHz^3,"estimator on the archive grid against the direct truncated moment -0.0758317 of the same de-baselined line on a 10x finer grid, both self-centred, scaled error 6.61e-07. the bare model's truncated moment is -0.00107797, so the strip baseline's bias at this window is -0.07471 (-0.00125 in units of k2^(n/2), the odd orders of a symmetric line being zero)","noiseless, truth 42.38 um at the prior means, mixed form, strips (28.0, 36.0) MHz",DIAGNOSTIC
T_4154_225mW_90C,mu4@13,975.69,,MHz^4,"estimator on the archive grid against the direct truncated moment 975.657 of the same de-baselined line on a 10x finer grid, both self-centred, scaled error 1.39e-04. the bare model's truncated moment is 1072.28, so the strip baseline's bias at this window is -96.59 (-9.01 per cent)","noiseless, truth 42.38 um at the prior means, mixed form, strips (28.0, 36.0) MHz",DIAGNOSTIC
T_4154_225mW_90C,mu5@13,-10.7956,,MHz^5,"estimator on the archive grid against the direct truncated moment -10.8013 of the same de-baselined line on a 10x finer grid, both self-centred, scaled error 6.26e-06. the bare model's truncated moment is -0.0757936, so the strip baseline's bias at this window is -10.72 (-0.0118 in units of k2^(n/2), the odd orders of a symmetric line being zero)","noiseless, truth 42.38 um at the prior means, mixed form, strips (28.0, 36.0) MHz",DIAGNOSTIC
T_4154_225mW_90C,mu6@13,97156.1,,MHz^6,"estimator on the archive grid against the direct truncated moment 97152.6 of the same de-baselined line on a 10x finer grid, both self-centred, scaled error 9.95e-04. the bare model's truncated moment is 109237, so the strip baseline's bias at this window is -1.208e+04 (-11.1 per cent)","noiseless, truth 42.38 um at the prior means, mixed form, strips (28.0, 36.0) MHz",DIAGNOSTIC
T_4154_225mW_90C,mu7@13,-1490.5,,MHz^7,"estimator on the archive grid against the direct truncated moment -1491.31 of the same de-baselined line on a 10x finer grid, both self-centred, scaled error 5.81e-05. the bare model's truncated moment is -7.00271, so the strip baseline's bias at this window is -1484 (-0.107 in units of k2^(n/2), the odd orders of a symmetric line being zero)","noiseless, truth 42.38 um at the prior means, mixed form, strips (28.0, 36.0) MHz",DIAGNOSTIC
T_4154_225mW_90C,mu2@21,22.664,,MHz^2,"estimator on the archive grid against the direct truncated moment 22.6629 of the same de-baselined line on a 10x finer grid, both self-centred, scaled error 4.83e-05. the bare model's truncated moment is 26.5925, so the strip baseline's bias at this window is -3.929 (-14.8 per cent)","noiseless, truth 42.38 um at the prior means, mixed form, strips (28.0, 36.0) MHz",DIAGNOSTIC
T_4154_225mW_90C,mu3@21,-0.941029,,MHz^3,"estimator on the archive grid against the direct truncated moment -0.941516 of the same de-baselined line on a 10x finer grid, both self-centred, scaled error 4.51e-06. the bare model's truncated moment is -0.00127123, so the strip baseline's bias at this window is -0.9398 (-0.00871 in units of k2^(n/2), the odd orders of a symmetric line being zero)","noiseless, truth 42.38 um at the prior means, mixed form, strips (28.0, 36.0) MHz",DIAGNOSTIC
T_4154_225mW_90C,mu4@21,3182.24,,MHz^4,"estimator on the archive grid against the direct truncated moment 3181.98 of the same de-baselined line on a 10x finer grid, both self-centred, scaled error 5.03e-04. the bare model's truncated moment is 4310.72, so the strip baseline's bias at this window is -1128 (-26.2 per cent)","noiseless, truth 42.38 um at the prior means, mixed form, strips (28.0, 36.0) MHz",DIAGNOSTIC
T_4154_225mW_90C,mu5@21,-330.862,,MHz^5,"estimator on the archive grid against the direct truncated moment -331.033 of the same de-baselined line on a 10x finer grid, both self-centred, scaled error 6.99e-05. the bare model's truncated moment is -0.145063, so the strip baseline's bias at this window is -330.7 (-0.135 in units of k2^(n/2), the odd orders of a symmetric line being zero)","noiseless, truth 42.38 um at the prior means, mixed form, strips (28.0, 36.0) MHz",DIAGNOSTIC
T_4154_225mW_90C,mu6@21,776784,,MHz^6,"estimator on the archive grid against the direct truncated moment 776704 of the same de-baselined line on a 10x finer grid, both self-centred, scaled error 6.88e-03. the bare model's truncated moment is 1.13939e+06, so the strip baseline's bias at this window is -3.626e+05 (-31.8 per cent)","noiseless, truth 42.38 um at the prior means, mixed form, strips (28.0, 36.0) MHz. REFUSED from the vector: unresolved at the archive's sampling",DIAGNOSTIC
T_4154_225mW_90C,mu7@21,-116713,,MHz^7,"estimator on the archive grid against the direct truncated moment -116774 of the same de-baselined line on a 10x finer grid, both self-centred, scaled error 1.09e-03. the bare model's truncated moment is -28.95, so the strip baseline's bias at this window is -1.167e+05 (-2.11 in units of k2^(n/2), the odd orders of a symmetric line being zero)","noiseless, truth 42.38 um at the prior means, mixed form, strips (28.0, 36.0) MHz. REFUSED from the vector: unresolved at the archive's sampling",DIAGNOSTIC
T_4192_225mW_110C,mu2@0.5,0.0826691,,MHz^2,"estimator on the archive grid against the direct truncated moment 0.0826716 of the same de-baselined line on a 10x finer grid, both self-centred, scaled error 3.01e-05. the bare model's truncated moment is 0.0826754, so the strip baseline's bias at this window is -6.297e-06 (-0.00762 per cent)","noiseless, truth 42.38 um at the prior means, mixed form, strips (28.0, 36.0) MHz",DIAGNOSTIC
T_4192_225mW_110C,mu3@0.5,-2.26288e-08,,MHz^3,"estimator on the archive grid against the direct truncated moment 4.37878e-06 of the same de-baselined line on a 10x finer grid, both self-centred, scaled error 1.85e-04. the bare model's truncated moment is 4.41048e-06, so the strip baseline's bias at this window is -4.433e-06 (-0.000186 in units of k2^(n/2), the odd orders of a symmetric line being zero)","noiseless, truth 42.38 um at the prior means, mixed form, strips (28.0, 36.0) MHz",DIAGNOSTIC
T_4192_225mW_110C,mu4@0.5,0.012358,,MHz^4,"estimator on the archive grid against the direct truncated moment 0.0123593 of the same de-baselined line on a 10x finer grid, both self-centred, scaled error 1.90e-04. the bare model's truncated moment is 0.0123601, so the strip baseline's bias at this window is -2.113e-06 (-0.0171 per cent)","noiseless, truth 42.38 um at the prior means, mixed form, strips (28.0, 36.0) MHz",DIAGNOSTIC
T_4192_225mW_110C,mu5@0.5,-6.92524e-09,,MHz^5,"estimator on the archive grid against the direct truncated moment 7.32679e-07 of the same de-baselined line on a 10x finer grid, both self-centred, scaled error 3.76e-04. the bare model's truncated moment is 7.38864e-07, so the strip baseline's bias at this window is -7.458e-07 (-0.00038 in units of k2^(n/2), the odd orders of a symmetric line being zero)","noiseless, truth 42.38 um at the prior means, mixed form, strips (28.0, 36.0) MHz",DIAGNOSTIC
T_4192_225mW_110C,mu6@0.5,0.0022026,,MHz^6,"estimator on the archive grid against the direct truncated moment 0.00220309 of the same de-baselined line on a 10x finer grid, both self-centred, scaled error 8.75e-04. the bare model's truncated moment is 0.00220326, so the strip baseline's bias at this window is -6.643e-07 (-0.0302 per cent)","noiseless, truth 42.38 um at the prior means, mixed form, strips (28.0, 36.0) MHz",DIAGNOSTIC
T_4192_225mW_110C,mu7@0.5,-1.7869e-09,,MHz^7,"estimator on the archive grid against the direct truncated moment 1.29887e-07 of the same de-baselined line on a 10x finer grid, both self-centred, scaled error 8.10e-04. the bare model's truncated moment is 1.31225e-07, so the strip baseline's bias at this window is -1.33e-07 (-0.000819 in units of k2^(n/2), the odd orders of a symmetric line being zero)","noiseless, truth 42.38 um at the prior means, mixed form, strips (28.0, 36.0) MHz",DIAGNOSTIC
T_4192_225mW_110C,mu2@1,0.323124,,MHz^2,"estimator on the archive grid against the direct truncated moment 0.323124 of the same de-baselined line on a 10x finer grid, both self-centred, scaled error 1.01e-06. the bare model's truncated moment is 0.323184, so the strip baseline's bias at this window is -5.988e-05 (-0.0185 per cent)","noiseless, truth 42.38 um at the prior means, mixed form, strips (28.0, 36.0) MHz",DIAGNOSTIC
T_4192_225mW_110C,mu3@1,-6.23988e-07,,MHz^3,"estimator on the archive grid against the direct truncated moment -1.57069e-06 of the same de-baselined line on a 10x finer grid, both self-centred, scaled error 5.15e-06. the bare model's truncated moment is -1.4737e-06, so the strip baseline's bias at this window is +8.497e-07 (+4.63e-06 in units of k2^(n/2), the odd orders of a symmetric line being zero)","noiseless, truth 42.38 um at the prior means, mixed form, strips (28.0, 36.0) MHz",DIAGNOSTIC
T_4192_225mW_110C,mu4@1,0.191321,,MHz^4,"estimator on the archive grid against the direct truncated moment 0.191322 of the same de-baselined line on a 10x finer grid, both self-centred, scaled error 1.14e-05. the bare model's truncated moment is 0.191373, so the strip baseline's bias at this window is -5.243e-05 (-0.0274 per cent)","noiseless, truth 42.38 um at the prior means, mixed form, strips (28.0, 36.0) MHz",DIAGNOSTIC
T_4192_225mW_110C,mu5@1,-6.96485e-07,,MHz^5,"estimator on the archive grid against the direct truncated moment -3.3812e-06 of the same de-baselined line on a 10x finer grid, both self-centred, scaled error 4.52e-05. the bare model's truncated moment is -3.25134e-06, so the strip baseline's bias at this window is +2.555e-06 (+4.3e-05 in units of k2^(n/2), the odd orders of a symmetric line being zero)","noiseless, truth 42.38 um at the prior means, mixed form, strips (28.0, 36.0) MHz",DIAGNOSTIC
T_4192_225mW_110C,mu6@1,0.135662,,MHz^6,"estimator on the archive grid against the direct truncated moment 0.135664 of the same de-baselined line on a 10x finer grid, both self-centred, scaled error 7.97e-05. the bare model's truncated moment is 0.135707, so the strip baseline's bias at this window is -4.523e-05 (-0.0333 per cent)","noiseless, truth 42.38 um at the prior means, mixed form, strips (28.0, 36.0) MHz",DIAGNOSTIC
T_4192_225mW_110C,mu7@1,-6.7248e-07,,MHz^7,"estimator on the archive grid against the direct truncated moment -4.95932e-06 of the same de-baselined line on a 10x finer grid, both self-centred, scaled error 2.24e-04. the bare model's truncated moment is -4.79885e-06, so the strip baseline's bias at this window is +4.126e-06 (+0.000215 in units of k2^(n/2), the odd orders of a symmetric line being zero)","noiseless, truth 42.38 um at the prior means, mixed form, strips (28.0, 36.0) MHz",DIAGNOSTIC
T_4192_225mW_110C,mu2@2,1.191,,MHz^2,"estimator on the archive grid against the direct truncated moment 1.19099 of the same de-baselined line on a 10x finer grid, both self-centred, scaled error 1.25e-05. the bare model's truncated moment is 1.19192, so the strip baseline's bias at this window is -0.0009105 (-0.0764 per cent)","noiseless, truth 42.38 um at the prior means, mixed form, strips (28.0, 36.0) MHz",DIAGNOSTIC
T_4192_225mW_110C,mu3@2,-1.83675e-05,,MHz^3,"estimator on the archive grid against the direct truncated moment -2.01479e-05 of the same de-baselined line on a 10x finer grid, both self-centred, scaled error 1.37e-06. the bare model's truncated moment is -1.84466e-05, so the strip baseline's bias at this window is +7.907e-08 (+6.08e-08 in units of k2^(n/2), the odd orders of a symmetric line being zero)","noiseless, truth 42.38 um at the prior means, mixed form, strips (28.0, 36.0) MHz",DIAGNOSTIC
T_4192_225mW_110C,mu4@2,2.72568,,MHz^4,"estimator on the archive grid against the direct truncated moment 2.72564 of the same de-baselined line on a 10x finer grid, both self-centred, scaled error 2.94e-05. the bare model's truncated moment is 2.72872, so the strip baseline's bias at this window is -0.003042 (-0.111 per cent)","noiseless, truth 42.38 um at the prior means, mixed form, strips (28.0, 36.0) MHz",DIAGNOSTIC
T_4192_225mW_110C,mu5@2,-7.53034e-05,,MHz^5,"estimator on the archive grid against the direct truncated moment -8.91857e-05 of the same de-baselined line on a 10x finer grid, both self-centred, scaled error 8.97e-06. the bare model's truncated moment is -8.21243e-05, so the strip baseline's bias at this window is +6.821e-06 (+4.41e-06 in units of k2^(n/2), the odd orders of a symmetric line being zero)","noiseless, truth 42.38 um at the prior means, mixed form, strips (28.0, 36.0) MHz",DIAGNOSTIC
T_4192_225mW_110C,mu6@2,7.58946,,MHz^6,"estimator on the archive grid against the direct truncated moment 7.58935 of the same de-baselined line on a 10x finer grid, both self-centred, scaled error 6.39e-05. the bare model's truncated moment is 7.59945, so the strip baseline's bias at this window is -0.00999 (-0.131 per cent)","noiseless, truth 42.38 um at the prior means, mixed form, strips (28.0, 36.0) MHz",DIAGNOSTIC
T_4192_225mW_110C,mu7@2,-0.000272485,,MHz^7,"estimator on the archive grid against the direct truncated moment -0.000355215 of the same de-baselined line on a 10x finer grid, both self-centred, scaled error 4.49e-05. the bare model's truncated moment is -0.000330023, so the strip baseline's bias at this window is +5.754e-05 (+3.12e-05 in units of k2^(n/2), the odd orders of a symmetric line being zero)","noiseless, truth 42.38 um at the prior means, mixed form, strips (28.0, 36.0) MHz",DIAGNOSTIC
T_4192_225mW_110C,mu2@3,2.39755,,MHz^2,"estimator on the archive grid against the direct truncated moment 2.3975 of the same de-baselined line on a 10x finer grid, both self-centred, scaled error 1.94e-05. the bare model's truncated moment is 2.40195, so the strip baseline's bias at this window is -0.004403 (-0.183 per cent)","noiseless, truth 42.38 um at the prior means, mixed form, strips (28.0, 36.0) MHz",DIAGNOSTIC
T_4192_225mW_110C,mu3@3,-9.72485e-05,,MHz^3,"estimator on the archive grid against the direct truncated moment -9.66737e-05 of the same de-baselined line on a 10x finer grid, both self-centred, scaled error 1.55e-07. the bare model's truncated moment is -7.79652e-05, so the strip baseline's bias at this window is -1.928e-05 (-5.19e-06 in units of k2^(n/2), the odd orders of a symmetric line being zero)","noiseless, truth 42.38 um at the prior means, mixed form, strips (28.0, 36.0) MHz",DIAGNOSTIC
T_4192_225mW_110C,mu4@3,11.7951,,MHz^4,"estimator on the archive grid against the direct truncated moment 11.7948 of the same de-baselined line on a 10x finer grid, both self-centred, scaled error 5.19e-05. the bare model's truncated moment is 11.8273, so the strip baseline's bias at this window is -0.03223 (-0.273 per cent)","noiseless, truth 42.38 um at the prior means, mixed form, strips (28.0, 36.0) MHz",DIAGNOSTIC
T_4192_225mW_110C,mu5@3,-0.000839889,,MHz^5,"estimator on the archive grid against the direct truncated moment -0.000826675 of the same de-baselined line on a 10x finer grid, both self-centred, scaled error 1.48e-06. the bare model's truncated moment is -0.000650835, so the strip baseline's bias at this window is -0.0001891 (-2.12e-05 in units of k2^(n/2), the odd orders of a symmetric line being zero)","noiseless, truth 42.38 um at the prior means, mixed form, strips (28.0, 36.0) MHz",DIAGNOSTIC
T_4192_225mW_110C,mu6@3,72.1691,,MHz^6,"estimator on the archive grid against the direct truncated moment 72.1672 of the same de-baselined line on a 10x finer grid, both self-centred, scaled error 1.40e-04. the bare model's truncated moment is 72.4033, so the strip baseline's bias at this window is -0.2342 (-0.323 per cent)","noiseless, truth 42.38 um at the prior means, mixed form, strips (28.0, 36.0) MHz",DIAGNOSTIC
T_4192_225mW_110C,mu7@3,-0.00655461,,MHz^7,"estimator on the archive grid against the direct truncated moment -0.00636266 of the same de-baselined line on a 10x finer grid, both self-centred, scaled error 9.00e-06. the bare model's truncated moment is -0.00491007, so the strip baseline's bias at this window is -0.001645 (-7.71e-05 in units of k2^(n/2), the odd orders of a symmetric line being zero)","noiseless, truth 42.38 um at the prior means, mixed form, strips (28.0, 36.0) MHz",DIAGNOSTIC
T_4192_225mW_110C,mu2@5,5.17702,,MHz^2,"estimator on the archive grid against the direct truncated moment 5.17688 of the same de-baselined line on a 10x finer grid, both self-centred, scaled error 2.61e-05. the bare model's truncated moment is 5.2073, so the strip baseline's bias at this window is -0.03028 (-0.582 per cent)","noiseless, truth 42.38 um at the prior means, mixed form, strips (28.0, 36.0) MHz",DIAGNOSTIC
T_4192_225mW_110C,mu3@5,-0.00068839,,MHz^3,"estimator on the archive grid against the direct truncated moment -0.000688722 of the same de-baselined line on a 10x finer grid, both self-centred, scaled error 2.82e-08. the bare model's truncated moment is -0.000328913, so the strip baseline's bias at this window is -0.0003595 (-3.05e-05 in units of k2^(n/2), the odd orders of a symmetric line being zero)","noiseless, truth 42.38 um at the prior means, mixed form, strips (28.0, 36.0) MHz",DIAGNOSTIC
T_4192_225mW_110C,mu4@5,64.0614,,MHz^4,"estimator on the archive grid against the direct truncated moment 64.0593 of the same de-baselined line on a 10x finer grid, both self-centred, scaled error 7.99e-05. the bare model's truncated moment is 64.6465, so the strip baseline's bias at this window is -0.5851 (-0.905 per cent)","noiseless, truth 42.38 um at the prior means, mixed form, strips (28.0, 36.0) MHz",DIAGNOSTIC
T_4192_225mW_110C,mu5@5,-0.0154051,,MHz^5,"estimator on the archive grid against the direct truncated moment -0.015387 of the same de-baselined line on a 10x finer grid, both self-centred, scaled error 2.96e-07. the bare model's truncated moment is -0.00652187, so the strip baseline's bias at this window is -0.008883 (-0.000146 in units of k2^(n/2), the odd orders of a symmetric line being zero)","noiseless, truth 42.38 um at the prior means, mixed form, strips (28.0, 36.0) MHz",DIAGNOSTIC
T_4192_225mW_110C,mu6@5,1037.92,,MHz^6,"estimator on the archive grid against the direct truncated moment 1037.89 of the same de-baselined line on a 10x finer grid, both self-centred, scaled error 2.70e-04. the bare model's truncated moment is 1049.4, so the strip baseline's bias at this window is -11.47 (-1.09 per cent)","noiseless, truth 42.38 um at the prior means, mixed form, strips (28.0, 36.0) MHz",DIAGNOSTIC
T_4192_225mW_110C,mu7@5,-0.322092,,MHz^7,"estimator on the archive grid against the direct truncated moment -0.320871 of the same de-baselined line on a 10x finer grid, both self-centred, scaled error 3.87e-06. the bare model's truncated moment is -0.124916, so the strip baseline's bias at this window is -0.1972 (-0.000625 in units of k2^(n/2), the odd orders of a symmetric line being zero)","noiseless, truth 42.38 um at the prior means, mixed form, strips (28.0, 36.0) MHz",DIAGNOSTIC
T_4192_225mW_110C,mu2@8,9.27962,,MHz^2,"estimator on the archive grid against the direct truncated moment 9.27932 of the same de-baselined line on a 10x finer grid, both self-centred, scaled error 3.22e-05. the bare model's truncated moment is 9.44257, so the strip baseline's bias at this window is -0.163 (-1.73 per cent)","noiseless, truth 42.38 um at the prior means, mixed form, strips (28.0, 36.0) MHz",DIAGNOSTIC
T_4192_225mW_110C,mu3@8,-0.00594912,,MHz^3,"estimator on the archive grid against the direct truncated moment -0.00595615 of the same de-baselined line on a 10x finer grid, both self-centred, scaled error 2.49e-07. the bare model's truncated moment is -0.000728482, so the strip baseline's bias at this window is -0.005221 (-0.000185 in units of k2^(n/2), the odd orders of a symmetric line being zero)","noiseless, truth 42.38 um at the prior means, mixed form, strips (28.0, 36.0) MHz",DIAGNOSTIC
T_4192_225mW_110C,mu4@8,258.676,,MHz^4,"estimator on the archive grid against the direct truncated moment 258.665 of the same de-baselined line on a 10x finer grid, both self-centred, scaled error 1.24e-04. the bare model's truncated moment is 266.257, so the strip baseline's bias at this window is -7.581 (-2.85 per cent)","noiseless, truth 42.38 um at the prior means, mixed form, strips (28.0, 36.0) MHz",DIAGNOSTIC
T_4192_225mW_110C,mu5@8,-0.335982,,MHz^5,"estimator on the archive grid against the direct truncated moment -0.336379 of the same de-baselined line on a 10x finer grid, both self-centred, scaled error 1.51e-06. the bare model's truncated moment is -0.0288827, so the strip baseline's bias at this window is -0.3071 (-0.00117 in units of k2^(n/2), the odd orders of a symmetric line being zero)","noiseless, truth 42.38 um at the prior means, mixed form, strips (28.0, 36.0) MHz",DIAGNOSTIC
T_4192_225mW_110C,mu6@8,10182.8,,MHz^6,"estimator on the archive grid against the direct truncated moment 10182.3 of the same de-baselined line on a 10x finer grid, both self-centred, scaled error 5.74e-04. the bare model's truncated moment is 10551.6, so the strip baseline's bias at this window is -368.8 (-3.5 per cent)","noiseless, truth 42.38 um at the prior means, mixed form, strips (28.0, 36.0) MHz",DIAGNOSTIC
T_4192_225mW_110C,mu7@8,-17.95,,MHz^7,"estimator on the archive grid against the direct truncated moment -17.9709 of the same de-baselined line on a 10x finer grid, both self-centred, scaled error 8.60e-06. the bare model's truncated moment is -1.23302, so the strip baseline's bias at this window is -16.72 (-0.00687 in units of k2^(n/2), the odd orders of a symmetric line being zero)","noiseless, truth 42.38 um at the prior means, mixed form, strips (28.0, 36.0) MHz",DIAGNOSTIC
T_4192_225mW_110C,mu2@13,15.3362,,MHz^2,"estimator on the archive grid against the direct truncated moment 15.3354 of the same de-baselined line on a 10x finer grid, both self-centred, scaled error 5.25e-05. the bare model's truncated moment is 16.1733, so the strip baseline's bias at this window is -0.8371 (-5.18 per cent)","noiseless, truth 42.38 um at the prior means, mixed form, strips (28.0, 36.0) MHz",DIAGNOSTIC
T_4192_225mW_110C,mu3@13,-0.0756704,,MHz^3,"estimator on the archive grid against the direct truncated moment -0.0757747 of the same de-baselined line on a 10x finer grid, both self-centred, scaled error 1.74e-06. the bare model's truncated moment is -0.00107467, so the strip baseline's bias at this window is -0.0746 (-0.00124 in units of k2^(n/2), the odd orders of a symmetric line being zero)","noiseless, truth 42.38 um at the prior means, mixed form, strips (28.0, 36.0) MHz",DIAGNOSTIC
T_4192_225mW_110C,mu4@13,980.796,,MHz^4,"estimator on the archive grid against the direct truncated moment 980.719 of the same de-baselined line on a 10x finer grid, both self-centred, scaled error 3.30e-04. the bare model's truncated moment is 1077.42, so the strip baseline's bias at this window is -96.62 (-8.97 per cent)","noiseless, truth 42.38 um at the prior means, mixed form, strips (28.0, 36.0) MHz",DIAGNOSTIC
T_4192_225mW_110C,mu5@13,-10.7928,,MHz^5,"estimator on the archive grid against the direct truncated moment -10.8077 of the same de-baselined line on a 10x finer grid, both self-centred, scaled error 1.62e-05. the bare model's truncated moment is -0.0758449, so the strip baseline's bias at this window is -10.72 (-0.0116 in units of k2^(n/2), the odd orders of a symmetric line being zero)","noiseless, truth 42.38 um at the prior means, mixed form, strips (28.0, 36.0) MHz",DIAGNOSTIC
T_4192_225mW_110C,mu6@13,97614,,MHz^6,"estimator on the archive grid against the direct truncated moment 97604.8 of the same de-baselined line on a 10x finer grid, both self-centred, scaled error 2.55e-03. the bare model's truncated moment is 109703, so the strip baseline's bias at this window is -1.209e+04 (-11 per cent)","noiseless, truth 42.38 um at the prior means, mixed form, strips (28.0, 36.0) MHz. REFUSED from the vector: unresolved at the archive's sampling",DIAGNOSTIC
T_4192_225mW_110C,mu7@13,-1490.9,,MHz^7,"estimator on the archive grid against the direct truncated moment -1492.95 of the same de-baselined line on a 10x finer grid, both self-centred, scaled error 1.45e-04. the bare model's truncated moment is -6.9543, so the strip baseline's bias at this window is -1484 (-0.105 in units of k2^(n/2), the odd orders of a symmetric line being zero)","noiseless, truth 42.38 um at the prior means, mixed form, strips (28.0, 36.0) MHz",DIAGNOSTIC
T_4192_225mW_110C,mu2@21,22.763,,MHz^2,"estimator on the archive grid against the direct truncated moment 22.76 of the same de-baselined line on a 10x finer grid, both self-centred, scaled error 1.30e-04. the bare model's truncated moment is 26.6936, so the strip baseline's bias at this window is -3.931 (-14.7 per cent)","noiseless, truth 42.38 um at the prior means, mixed form, strips (28.0, 36.0) MHz",DIAGNOSTIC
T_4192_225mW_110C,mu3@21,-0.941212,,MHz^3,"estimator on the archive grid against the direct truncated moment -0.942526 of the same de-baselined line on a 10x finer grid, both self-centred, scaled error 1.21e-05. the bare model's truncated moment is -0.00126913, so the strip baseline's bias at this window is -0.9399 (-0.00866 in units of k2^(n/2), the odd orders of a symmetric line being zero)","noiseless, truth 42.38 um at the prior means, mixed form, strips (28.0, 36.0) MHz",DIAGNOSTIC
T_4192_225mW_110C,mu4@21,3193.16,,MHz^4,"estimator on the archive grid against the direct truncated moment 3192.37 of the same de-baselined line on a 10x finer grid, both self-centred, scaled error 1.53e-03. the bare model's truncated moment is 4322.79, so the strip baseline's bias at this window is -1130 (-26.1 per cent)","noiseless, truth 42.38 um at the prior means, mixed form, strips (28.0, 36.0) MHz. REFUSED from the vector: unresolved at the archive's sampling",DIAGNOSTIC
T_4192_225mW_110C,mu5@21,-331.179,,MHz^5,"estimator on the archive grid against the direct truncated moment -331.641 of the same de-baselined line on a 10x finer grid, both self-centred, scaled error 1.87e-04. the bare model's truncated moment is -0.144308, so the strip baseline's bias at this window is -331 (-0.134 in units of k2^(n/2), the odd orders of a symmetric line being zero)","noiseless, truth 42.38 um at the prior means, mixed form, strips (28.0, 36.0) MHz",DIAGNOSTIC
T_4192_225mW_110C,mu6@21,779022,,MHz^6,"estimator on the archive grid against the direct truncated moment 778770 of the same de-baselined line on a 10x finer grid, both self-centred, scaled error 2.13e-02. the bare model's truncated moment is 1.14204e+06, so the strip baseline's bias at this window is -3.63e+05 (-31.8 per cent)","noiseless, truth 42.38 um at the prior means, mixed form, strips (28.0, 36.0) MHz. REFUSED from the vector: unresolved at the archive's sampling",DIAGNOSTIC
T_4192_225mW_110C,mu7@21,-116849,,MHz^7,"estimator on the archive grid against the direct truncated moment -117012 of the same de-baselined line on a 10x finer grid, both self-centred, scaled error 2.89e-03. the bare model's truncated moment is -27.9087, so the strip baseline's bias at this window is -1.168e+05 (-2.08 in units of k2^(n/2), the odd orders of a symmetric line being zero)","noiseless, truth 42.38 um at the prior means, mixed form, strips (28.0, 36.0) MHz. REFUSED from the vector: unresolved at the archive's sampling",DIAGNOSTIC
T_4192_225mW_70C,mu2@0.5,0.0826364,,MHz^2,"estimator on the archive grid against the direct truncated moment 0.082639 of the same de-baselined line on a 10x finer grid, both self-centred, scaled error 3.14e-05. the bare model's truncated moment is 0.0826429, so the strip baseline's bias at this window is -6.452e-06 (-0.00781 per cent)","noiseless, truth 42.38 um at the prior means, mixed form, strips (28.0, 36.0) MHz",DIAGNOSTIC
T_4192_225mW_70C,mu3@0.5,-4.41837e-09,,MHz^3,"estimator on the archive grid against the direct truncated moment 4.4261e-06 of the same de-baselined line on a 10x finer grid, both self-centred, scaled error 1.86e-04. the bare model's truncated moment is 4.45691e-06, so the strip baseline's bias at this window is -4.461e-06 (-0.000188 in units of k2^(n/2), the odd orders of a symmetric line being zero)","noiseless, truth 42.38 um at the prior means, mixed form, strips (28.0, 36.0) MHz",DIAGNOSTIC
T_4192_225mW_70C,mu4@0.5,0.012351,,MHz^4,"estimator on the archive grid against the direct truncated moment 0.0123524 of the same de-baselined line on a 10x finer grid, both self-centred, scaled error 2.00e-04. the bare model's truncated moment is 0.0123532, so the strip baseline's bias at this window is -2.188e-06 (-0.0177 per cent)","noiseless, truth 42.38 um at the prior means, mixed form, strips (28.0, 36.0) MHz",DIAGNOSTIC
T_4192_225mW_70C,mu5@0.5,-6.98219e-10,,MHz^5,"estimator on the archive grid against the direct truncated moment 7.74013e-07 of the same de-baselined line on a 10x finer grid, both self-centred, scaled error 3.95e-04. the bare model's truncated moment is 7.79859e-07, so the strip baseline's bias at this window is -7.806e-07 (-0.000398 in units of k2^(n/2), the odd orders of a symmetric line being zero)","noiseless, truth 42.38 um at the prior means, mixed form, strips (28.0, 36.0) MHz",DIAGNOSTIC
T_4192_225mW_70C,mu6@0.5,0.00220115,,MHz^6,"estimator on the archive grid against the direct truncated moment 0.00220167 of the same de-baselined line on a 10x finer grid, both self-centred, scaled error 9.23e-04. the bare model's truncated moment is 0.00220184, so the strip baseline's bias at this window is -6.925e-07 (-0.0315 per cent)","noiseless, truth 42.38 um at the prior means, mixed form, strips (28.0, 36.0) MHz",DIAGNOSTIC
T_4192_225mW_70C,mu7@0.5,-6.11475e-11,,MHz^7,"estimator on the archive grid against the direct truncated moment 1.4677e-07 of the same de-baselined line on a 10x finer grid, both self-centred, scaled error 9.05e-04. the bare model's truncated moment is 1.47993e-07, so the strip baseline's bias at this window is -1.481e-07 (-0.000913 in units of k2^(n/2), the odd orders of a symmetric line being zero)","noiseless, truth 42.38 um at the prior means, mixed form, strips (28.0, 36.0) MHz",DIAGNOSTIC
T_4192_225mW_70C,mu2@1,0.322637,,MHz^2,"estimator on the archive grid against the direct truncated moment 0.322637 of the same de-baselined line on a 10x finer grid, both self-centred, scaled error 2.61e-07. the bare model's truncated moment is 0.322698, so the strip baseline's bias at this window is -6.091e-05 (-0.0189 per cent)","noiseless, truth 42.38 um at the prior means, mixed form, strips (28.0, 36.0) MHz",DIAGNOSTIC
T_4192_225mW_70C,mu3@1,-5.98614e-07,,MHz^3,"estimator on the archive grid against the direct truncated moment -1.17878e-06 of the same de-baselined line on a 10x finer grid, both self-centred, scaled error 3.17e-06. the bare model's truncated moment is -1.10016e-06, so the strip baseline's bias at this window is +5.015e-07 (+2.74e-06 in units of k2^(n/2), the odd orders of a symmetric line being zero)","noiseless, truth 42.38 um at the prior means, mixed form, strips (28.0, 36.0) MHz",DIAGNOSTIC
T_4192_225mW_70C,mu4@1,0.190909,,MHz^4,"estimator on the archive grid against the direct truncated moment 0.190911 of the same de-baselined line on a 10x finer grid, both self-centred, scaled error 1.84e-05. the bare model's truncated moment is 0.190963, so the strip baseline's bias at this window is -5.38e-05 (-0.0282 per cent)","noiseless, truth 42.38 um at the prior means, mixed form, strips (28.0, 36.0) MHz",DIAGNOSTIC
T_4192_225mW_70C,mu5@1,-6.2746e-07,,MHz^5,"estimator on the archive grid against the direct truncated moment -2.39268e-06 of the same de-baselined line on a 10x finer grid, both self-centred, scaled error 2.99e-05. the bare model's truncated moment is -2.29191e-06, so the strip baseline's bias at this window is +1.664e-06 (+2.82e-05 in units of k2^(n/2), the odd orders of a symmetric line being zero)","noiseless, truth 42.38 um at the prior means, mixed form, strips (28.0, 36.0) MHz",DIAGNOSTIC
T_4192_225mW_70C,mu6@1,0.135322,,MHz^6,"estimator on the archive grid against the direct truncated moment 0.135326 of the same de-baselined line on a 10x finer grid, both self-centred, scaled error 1.17e-04. the bare model's truncated moment is 0.135369, so the strip baseline's bias at this window is -4.696e-05 (-0.0347 per cent)","noiseless, truth 42.38 um at the prior means, mixed form, strips (28.0, 36.0) MHz",DIAGNOSTIC
T_4192_225mW_70C,mu7@1,-5.68705e-07,,MHz^7,"estimator on the archive grid against the direct truncated moment -3.39832e-06 of the same de-baselined line on a 10x finer grid, both self-centred, scaled error 1.48e-04. the bare model's truncated moment is -3.27821e-06, so the strip baseline's bias at this window is +2.71e-06 (+0.000142 in units of k2^(n/2), the odd orders of a symmetric line being zero)","noiseless, truth 42.38 um at the prior means, mixed form, strips (28.0, 36.0) MHz",DIAGNOSTIC
T_4192_225mW_70C,mu2@2,1.18492,,MHz^2,"estimator on the archive grid against the direct truncated moment 1.1849 of the same de-baselined line on a 10x finer grid, both self-centred, scaled error 1.43e-05. the bare model's truncated moment is 1.18584, so the strip baseline's bias at this window is -0.0009201 (-0.0776 per cent)","noiseless, truth 42.38 um at the prior means, mixed form, strips (28.0, 36.0) MHz",DIAGNOSTIC
T_4192_225mW_70C,mu3@2,-1.99932e-05,,MHz^3,"estimator on the archive grid against the direct truncated moment -2.36066e-05 of the same de-baselined line on a 10x finer grid, both self-centred, scaled error 2.80e-06. the bare model's truncated moment is -2.18607e-05, so the strip baseline's bias at this window is +1.868e-06 (+1.45e-06 in units of k2^(n/2), the odd orders of a symmetric line being zero)","noiseless, truth 42.38 um at the prior means, mixed form, strips (28.0, 36.0) MHz",DIAGNOSTIC
T_4192_225mW_70C,mu4@2,2.70595,,MHz^4,"estimator on the archive grid against the direct truncated moment 2.70589 of the same de-baselined line on a 10x finer grid, both self-centred, scaled error 3.65e-05. the bare model's truncated moment is 2.70901, so the strip baseline's bias at this window is -0.003068 (-0.113 per cent)","noiseless, truth 42.38 um at the prior means, mixed form, strips (28.0, 36.0) MHz",DIAGNOSTIC
T_4192_225mW_70C,mu5@2,-8.11781e-05,,MHz^5,"estimator on the archive grid against the direct truncated moment -0.000109541 of the same de-baselined line on a 10x finer grid, both self-centred, scaled error 1.86e-05. the bare model's truncated moment is -0.000102213, so the strip baseline's bias at this window is +2.103e-05 (+1.38e-05 in units of k2^(n/2), the odd orders of a symmetric line being zero)","noiseless, truth 42.38 um at the prior means, mixed form, strips (28.0, 36.0) MHz",DIAGNOSTIC
T_4192_225mW_70C,mu6@2,7.52594,,MHz^6,"estimator on the archive grid against the direct truncated moment 7.52579 of the same de-baselined line on a 10x finer grid, both self-centred, scaled error 9.12e-05. the bare model's truncated moment is 7.536, so the strip baseline's bias at this window is -0.01006 (-0.133 per cent)","noiseless, truth 42.38 um at the prior means, mixed form, strips (28.0, 36.0) MHz",DIAGNOSTIC
T_4192_225mW_70C,mu7@2,-0.000291422,,MHz^7,"estimator on the archive grid against the direct truncated moment -0.000459436 of the same de-baselined line on a 10x finer grid, both self-centred, scaled error 9.28e-05. the bare model's truncated moment is -0.000432852, so the strip baseline's bias at this window is +0.0001414 (+7.81e-05 in units of k2^(n/2), the odd orders of a symmetric line being zero)","noiseless, truth 42.38 um at the prior means, mixed form, strips (28.0, 36.0) MHz",DIAGNOSTIC
T_4192_225mW_70C,mu2@3,2.37535,,MHz^2,"estimator on the archive grid against the direct truncated moment 2.3753 of the same de-baselined line on a 10x finer grid, both self-centred, scaled error 2.17e-05. the bare model's truncated moment is 2.3798, so the strip baseline's bias at this window is -0.004448 (-0.187 per cent)","noiseless, truth 42.38 um at the prior means, mixed form, strips (28.0, 36.0) MHz",DIAGNOSTIC
T_4192_225mW_70C,mu3@3,-0.000104945,,MHz^3,"estimator on the archive grid against the direct truncated moment -0.000106035 of the same de-baselined line on a 10x finer grid, both self-centred, scaled error 2.98e-07. the bare model's truncated moment is -8.72298e-05, so the strip baseline's bias at this window is -1.771e-05 (-4.84e-06 in units of k2^(n/2), the odd orders of a symmetric line being zero)","noiseless, truth 42.38 um at the prior means, mixed form, strips (28.0, 36.0) MHz",DIAGNOSTIC
T_4192_225mW_70C,mu4@3,11.6417,,MHz^4,"estimator on the archive grid against the direct truncated moment 11.6414 of the same de-baselined line on a 10x finer grid, both self-centred, scaled error 5.89e-05. the bare model's truncated moment is 11.6742, so the strip baseline's bias at this window is -0.0325 (-0.278 per cent)","noiseless, truth 42.38 um at the prior means, mixed form, strips (28.0, 36.0) MHz",DIAGNOSTIC
T_4192_225mW_70C,mu5@3,-0.000901463,,MHz^5,"estimator on the archive grid against the direct truncated moment -0.000923599 of the same de-baselined line on a 10x finer grid, both self-centred, scaled error 2.55e-06. the bare model's truncated moment is -0.000748327, so the strip baseline's bias at this window is -0.0001531 (-1.76e-05 in units of k2^(n/2), the odd orders of a symmetric line being zero)","noiseless, truth 42.38 um at the prior means, mixed form, strips (28.0, 36.0) MHz",DIAGNOSTIC
T_4192_225mW_70C,mu6@3,71.0939,,MHz^6,"estimator on the archive grid against the direct truncated moment 71.0917 of the same de-baselined line on a 10x finer grid, both self-centred, scaled error 1.63e-04. the bare model's truncated moment is 71.3298, so the strip baseline's bias at this window is -0.2359 (-0.331 per cent)","noiseless, truth 42.38 um at the prior means, mixed form, strips (28.0, 36.0) MHz",DIAGNOSTIC
T_4192_225mW_70C,mu7@3,-0.00701271,,MHz^7,"estimator on the archive grid against the direct truncated moment -0.00732541 of the same de-baselined line on a 10x finer grid, both self-centred, scaled error 1.51e-05. the bare model's truncated moment is -0.00589147, so the strip baseline's bias at this window is -0.001121 (-5.43e-05 in units of k2^(n/2), the odd orders of a symmetric line being zero)","noiseless, truth 42.38 um at the prior means, mixed form, strips (28.0, 36.0) MHz",DIAGNOSTIC
T_4192_225mW_70C,mu2@5,5.0954,,MHz^2,"estimator on the archive grid against the direct truncated moment 5.09524 of the same de-baselined line on a 10x finer grid, both self-centred, scaled error 3.02e-05. the bare model's truncated moment is 5.12586, so the strip baseline's bias at this window is -0.03046 (-0.594 per cent)","noiseless, truth 42.38 um at the prior means, mixed form, strips (28.0, 36.0) MHz",DIAGNOSTIC
T_4192_225mW_70C,mu3@5,-0.000712736,,MHz^3,"estimator on the archive grid against the direct truncated moment -0.000711421 of the same de-baselined line on a 10x finer grid, both self-centred, scaled error 1.14e-07. the bare model's truncated moment is -0.000347481, so the strip baseline's bias at this window is -0.0003653 (-3.18e-05 in units of k2^(n/2), the odd orders of a symmetric line being zero)","noiseless, truth 42.38 um at the prior means, mixed form, strips (28.0, 36.0) MHz",DIAGNOSTIC
T_4192_225mW_70C,mu4@5,62.6832,,MHz^4,"estimator on the archive grid against the direct truncated moment 62.6807 of the same de-baselined line on a 10x finer grid, both self-centred, scaled error 9.46e-05. the bare model's truncated moment is 63.2699, so the strip baseline's bias at this window is -0.5867 (-0.927 per cent)","noiseless, truth 42.38 um at the prior means, mixed form, strips (28.0, 36.0) MHz",DIAGNOSTIC
T_4192_225mW_70C,mu5@5,-0.0158144,,MHz^5,"estimator on the archive grid against the direct truncated moment -0.0157223 of the same de-baselined line on a 10x finer grid, both self-centred, scaled error 1.57e-06. the bare model's truncated moment is -0.00677621, so the strip baseline's bias at this window is -0.009038 (-0.000154 in units of k2^(n/2), the odd orders of a symmetric line being zero)","noiseless, truth 42.38 um at the prior means, mixed form, strips (28.0, 36.0) MHz",DIAGNOSTIC
T_4192_225mW_70C,mu6@5,1013.02,,MHz^6,"estimator on the archive grid against the direct truncated moment 1012.97 of the same de-baselined line on a 10x finer grid, both self-centred, scaled error 3.26e-04. the bare model's truncated moment is 1024.5, so the strip baseline's bias at this window is -11.48 (-1.12 per cent)","noiseless, truth 42.38 um at the prior means, mixed form, strips (28.0, 36.0) MHz",DIAGNOSTIC
T_4192_225mW_70C,mu7@5,-0.329161,,MHz^7,"estimator on the archive grid against the direct truncated moment -0.325247 of the same de-baselined line on a 10x finer grid, both self-centred, scaled error 1.31e-05. the bare model's truncated moment is -0.127588, so the strip baseline's bias at this window is -0.2016 (-0.000675 in units of k2^(n/2), the odd orders of a symmetric line being zero)","noiseless, truth 42.38 um at the prior means, mixed form, strips (28.0, 36.0) MHz",DIAGNOSTIC
T_4192_225mW_70C,mu2@8,9.09997,,MHz^2,"estimator on the archive grid against the direct truncated moment 9.09959 of the same de-baselined line on a 10x finer grid, both self-centred, scaled error 4.15e-05. the bare model's truncated moment is 9.26271, so the strip baseline's bias at this window is -0.1627 (-1.76 per cent)","noiseless, truth 42.38 um at the prior means, mixed form, strips (28.0, 36.0) MHz",DIAGNOSTIC
T_4192_225mW_70C,mu3@8,-0.00598451,,MHz^3,"estimator on the archive grid against the direct truncated moment -0.00599747 of the same de-baselined line on a 10x finer grid, both self-centred, scaled error 4.72e-07. the bare model's truncated moment is -0.000750403, so the strip baseline's bias at this window is -0.005234 (-0.000191 in units of k2^(n/2), the odd orders of a symmetric line being zero)","noiseless, truth 42.38 um at the prior means, mixed form, strips (28.0, 36.0) MHz",DIAGNOSTIC
T_4192_225mW_70C,mu4@8,252.368,,MHz^4,"estimator on the archive grid against the direct truncated moment 252.354 of the same de-baselined line on a 10x finer grid, both self-centred, scaled error 1.71e-04. the bare model's truncated moment is 259.912, so the strip baseline's bias at this window is -7.544 (-2.9 per cent)","noiseless, truth 42.38 um at the prior means, mixed form, strips (28.0, 36.0) MHz",DIAGNOSTIC
T_4192_225mW_70C,mu5@8,-0.335691,,MHz^5,"estimator on the archive grid against the direct truncated moment -0.336563 of the same de-baselined line on a 10x finer grid, both self-centred, scaled error 3.49e-06. the bare model's truncated moment is -0.0292948, so the strip baseline's bias at this window is -0.3064 (-0.00123 in units of k2^(n/2), the odd orders of a symmetric line being zero)","noiseless, truth 42.38 um at the prior means, mixed form, strips (28.0, 36.0) MHz",DIAGNOSTIC
T_4192_225mW_70C,mu6@8,9922.19,,MHz^6,"estimator on the archive grid against the direct truncated moment 9921.56 of the same de-baselined line on a 10x finer grid, both self-centred, scaled error 8.30e-04. the bare model's truncated moment is 10288.6, so the strip baseline's bias at this window is -366.4 (-3.56 per cent)","noiseless, truth 42.38 um at the prior means, mixed form, strips (28.0, 36.0) MHz",DIAGNOSTIC
T_4192_225mW_70C,mu7@8,-17.8763,,MHz^7,"estimator on the archive grid against the direct truncated moment -17.9324 of the same de-baselined line on a 10x finer grid, both self-centred, scaled error 2.47e-05. the bare model's truncated moment is -1.2452, so the strip baseline's bias at this window is -16.63 (-0.00732 in units of k2^(n/2), the odd orders of a symmetric line being zero)","noiseless, truth 42.38 um at the prior means, mixed form, strips (28.0, 36.0) MHz",DIAGNOSTIC
T_4192_225mW_70C,mu2@13,15.0463,,MHz^2,"estimator on the archive grid against the direct truncated moment 15.0451 of the same de-baselined line on a 10x finer grid, both self-centred, scaled error 7.91e-05. the bare model's truncated moment is 15.8772, so the strip baseline's bias at this window is -0.8308 (-5.23 per cent)","noiseless, truth 42.38 um at the prior means, mixed form, strips (28.0, 36.0) MHz",DIAGNOSTIC
T_4192_225mW_70C,mu3@13,-0.0752336,,MHz^3,"estimator on the archive grid against the direct truncated moment -0.0754018 of the same de-baselined line on a 10x finer grid, both self-centred, scaled error 2.88e-06. the bare model's truncated moment is -0.0010818, so the strip baseline's bias at this window is -0.07415 (-0.00127 in units of k2^(n/2), the odd orders of a symmetric line being zero)","noiseless, truth 42.38 um at the prior means, mixed form, strips (28.0, 36.0) MHz",DIAGNOSTIC
T_4192_225mW_70C,mu4@13,960.725,,MHz^4,"estimator on the archive grid against the direct truncated moment 960.604 of the same de-baselined line on a 10x finer grid, both self-centred, scaled error 5.36e-04. the bare model's truncated moment is 1056.35, so the strip baseline's bias at this window is -95.63 (-9.05 per cent)","noiseless, truth 42.38 um at the prior means, mixed form, strips (28.0, 36.0) MHz",DIAGNOSTIC
T_4192_225mW_70C,mu5@13,-10.6854,,MHz^5,"estimator on the archive grid against the direct truncated moment -10.7095 of the same de-baselined line on a 10x finer grid, both self-centred, scaled error 2.75e-05. the bare model's truncated moment is -0.073568, so the strip baseline's bias at this window is -10.61 (-0.0121 in units of k2^(n/2), the odd orders of a symmetric line being zero)","noiseless, truth 42.38 um at the prior means, mixed form, strips (28.0, 36.0) MHz",DIAGNOSTIC
T_4192_225mW_70C,mu6@13,95692.5,,MHz^6,"estimator on the archive grid against the direct truncated moment 95677.9 of the same de-baselined line on a 10x finer grid, both self-centred, scaled error 4.30e-03. the bare model's truncated moment is 107645, so the strip baseline's bias at this window is -1.195e+04 (-11.1 per cent)","noiseless, truth 42.38 um at the prior means, mixed form, strips (28.0, 36.0) MHz. REFUSED from the vector: unresolved at the archive's sampling",DIAGNOSTIC
T_4192_225mW_70C,mu7@13,-1473.62,,MHz^7,"estimator on the archive grid against the direct truncated moment -1476.97 of the same de-baselined line on a 10x finer grid, both self-centred, scaled error 2.54e-04. the bare model's truncated moment is -6.48029, so the strip baseline's bias at this window is -1467 (-0.111 in units of k2^(n/2), the odd orders of a symmetric line being zero)","noiseless, truth 42.38 um at the prior means, mixed form, strips (28.0, 36.0) MHz",DIAGNOSTIC
T_4192_225mW_70C,mu2@21,22.3694,,MHz^2,"estimator on the archive grid against the direct truncated moment 22.3647 of the same de-baselined line on a 10x finer grid, both self-centred, scaled error 2.13e-04. the bare model's truncated moment is 26.2579, so the strip baseline's bias at this window is -3.888 (-14.8 per cent)","noiseless, truth 42.38 um at the prior means, mixed form, strips (28.0, 36.0) MHz",DIAGNOSTIC
T_4192_225mW_70C,mu3@21,-0.930862,,MHz^3,"estimator on the archive grid against the direct truncated moment -0.932979 of the same de-baselined line on a 10x finer grid, both self-centred, scaled error 2.00e-05. the bare model's truncated moment is -0.00127284, so the strip baseline's bias at this window is -0.9296 (-0.00879 in units of k2^(n/2), the odd orders of a symmetric line being zero)","noiseless, truth 42.38 um at the prior means, mixed form, strips (28.0, 36.0) MHz",DIAGNOSTIC
T_4192_225mW_70C,mu4@21,3140.75,,MHz^4,"estimator on the archive grid against the direct truncated moment 3139.44 of the same de-baselined line on a 10x finer grid, both self-centred, scaled error 2.62e-03. the bare model's truncated moment is 4256.38, so the strip baseline's bias at this window is -1116 (-26.2 per cent)","noiseless, truth 42.38 um at the prior means, mixed form, strips (28.0, 36.0) MHz. REFUSED from the vector: unresolved at the archive's sampling",DIAGNOSTIC
T_4192_225mW_70C,mu5@21,-326.718,,MHz^5,"estimator on the archive grid against the direct truncated moment -327.46 of the same de-baselined line on a 10x finer grid, both self-centred, scaled error 3.14e-04. the bare model's truncated moment is -0.140881, so the strip baseline's bias at this window is -326.6 (-0.138 in units of k2^(n/2), the odd orders of a symmetric line being zero)","noiseless, truth 42.38 um at the prior means, mixed form, strips (28.0, 36.0) MHz",DIAGNOSTIC
T_4192_225mW_70C,mu6@21,767156,,MHz^6,"estimator on the archive grid against the direct truncated moment 766738 of the same de-baselined line on a 10x finer grid, both self-centred, scaled error 3.73e-02. the bare model's truncated moment is 1.12552e+06, so the strip baseline's bias at this window is -3.584e+05 (-31.8 per cent)","noiseless, truth 42.38 um at the prior means, mixed form, strips (28.0, 36.0) MHz. REFUSED from the vector: unresolved at the archive's sampling",DIAGNOSTIC
T_4192_225mW_70C,mu7@21,-115192,,MHz^7,"estimator on the archive grid against the direct truncated moment -115453 of the same de-baselined line on a 10x finer grid, both self-centred, scaled error 4.94e-03. the bare model's truncated moment is -26.8521, so the strip baseline's bias at this window is -1.152e+05 (-2.18 in units of k2^(n/2), the odd orders of a symmetric line being zero)","noiseless, truth 42.38 um at the prior means, mixed form, strips (28.0, 36.0) MHz. REFUSED from the vector: unresolved at the archive's sampling",DIAGNOSTIC
T_4192_225mW_90C,mu2@0.5,0.082651,,MHz^2,"estimator on the archive grid against the direct truncated moment 0.0826529 of the same de-baselined line on a 10x finer grid, both self-centred, scaled error 2.32e-05. the bare model's truncated moment is 0.0826567, so the strip baseline's bias at this window is -5.743e-06 (-0.00695 per cent)","noiseless, truth 42.38 um at the prior means, mixed form, strips (28.0, 36.0) MHz",DIAGNOSTIC
T_4192_225mW_90C,mu3@0.5,-3.28987e-08,,MHz^3,"estimator on the archive grid against the direct truncated moment 4.68943e-06 of the same de-baselined line on a 10x finer grid, both self-centred, scaled error 1.99e-04. the bare model's truncated moment is 4.72098e-06, so the strip baseline's bias at this window is -4.754e-06 (-0.0002 in units of k2^(n/2), the odd orders of a symmetric line being zero)","noiseless, truth 42.38 um at the prior means, mixed form, strips (28.0, 36.0) MHz",DIAGNOSTIC
T_4192_225mW_90C,mu4@0.5,0.0123541,,MHz^4,"estimator on the archive grid against the direct truncated moment 0.0123551 of the same de-baselined line on a 10x finer grid, both self-centred, scaled error 1.47e-04. the bare model's truncated moment is 0.0123559, so the strip baseline's bias at this window is -1.82e-06 (-0.0147 per cent)","noiseless, truth 42.38 um at the prior means, mixed form, strips (28.0, 36.0) MHz",DIAGNOSTIC
T_4192_225mW_90C,mu5@0.5,-9.41997e-09,,MHz^5,"estimator on the archive grid against the direct truncated moment 6.90373e-07 of the same de-baselined line on a 10x finer grid, both self-centred, scaled error 3.56e-04. the bare model's truncated moment is 6.95827e-07, so the strip baseline's bias at this window is -7.052e-07 (-0.000359 in units of k2^(n/2), the odd orders of a symmetric line being zero)","noiseless, truth 42.38 um at the prior means, mixed form, strips (28.0, 36.0) MHz",DIAGNOSTIC
T_4192_225mW_90C,mu6@0.5,0.00220179,,MHz^6,"estimator on the archive grid against the direct truncated moment 0.00220217 of the same de-baselined line on a 10x finer grid, both self-centred, scaled error 6.76e-04. the bare model's truncated moment is 0.00220234, so the strip baseline's bias at this window is -5.515e-07 (-0.025 per cent)","noiseless, truth 42.38 um at the prior means, mixed form, strips (28.0, 36.0) MHz",DIAGNOSTIC
T_4192_225mW_90C,mu7@0.5,-2.24783e-09,,MHz^7,"estimator on the archive grid against the direct truncated moment 9.43297e-08 of the same de-baselined line on a 10x finer grid, both self-centred, scaled error 5.95e-04. the bare model's truncated moment is 9.53373e-08, so the strip baseline's bias at this window is -9.759e-08 (-0.000601 in units of k2^(n/2), the odd orders of a symmetric line being zero)","noiseless, truth 42.38 um at the prior means, mixed form, strips (28.0, 36.0) MHz",DIAGNOSTIC
T_4192_225mW_90C,mu2@1,0.322855,,MHz^2,"estimator on the archive grid against the direct truncated moment 0.322855 of the same de-baselined line on a 10x finer grid, both self-centred, scaled error 2.98e-07. the bare model's truncated moment is 0.322916, so the strip baseline's bias at this window is -6.037e-05 (-0.0187 per cent)","noiseless, truth 42.38 um at the prior means, mixed form, strips (28.0, 36.0) MHz",DIAGNOSTIC
T_4192_225mW_90C,mu3@1,-6.50121e-07,,MHz^3,"estimator on the archive grid against the direct truncated moment -6.65497e-07 of the same de-baselined line on a 10x finer grid, both self-centred, scaled error 8.38e-08. the bare model's truncated moment is -6.58557e-07, so the strip baseline's bias at this window is +8.436e-09 (+4.6e-08 in units of k2^(n/2), the odd orders of a symmetric line being zero)","noiseless, truth 42.38 um at the prior means, mixed form, strips (28.0, 36.0) MHz",DIAGNOSTIC
T_4192_225mW_90C,mu4@1,0.191094,,MHz^4,"estimator on the archive grid against the direct truncated moment 0.191096 of the same de-baselined line on a 10x finer grid, both self-centred, scaled error 1.85e-05. the bare model's truncated moment is 0.191147, so the strip baseline's bias at this window is -5.331e-05 (-0.0279 per cent)","noiseless, truth 42.38 um at the prior means, mixed form, strips (28.0, 36.0) MHz",DIAGNOSTIC
T_4192_225mW_90C,mu5@1,-7.11939e-07,,MHz^5,"estimator on the archive grid against the direct truncated moment -1.61105e-06 of the same de-baselined line on a 10x finer grid, both self-centred, scaled error 1.52e-05. the bare model's truncated moment is -1.65276e-06, so the strip baseline's bias at this window is +9.408e-07 (+1.59e-05 in units of k2^(n/2), the odd orders of a symmetric line being zero)","noiseless, truth 42.38 um at the prior means, mixed form, strips (28.0, 36.0) MHz",DIAGNOSTIC
T_4192_225mW_90C,mu6@1,0.135474,,MHz^6,"estimator on the archive grid against the direct truncated moment 0.135478 of the same de-baselined line on a 10x finer grid, both self-centred, scaled error 1.18e-04. the bare model's truncated moment is 0.135521, so the strip baseline's bias at this window is -4.653e-05 (-0.0343 per cent)","noiseless, truth 42.38 um at the prior means, mixed form, strips (28.0, 36.0) MHz",DIAGNOSTIC
T_4192_225mW_90C,mu7@1,-6.73629e-07,,MHz^7,"estimator on the archive grid against the direct truncated moment -2.35082e-06 of the same de-baselined line on a 10x finer grid, both self-centred, scaled error 8.77e-05. the bare model's truncated moment is -2.44143e-06, so the strip baseline's bias at this window is +1.768e-06 (+9.24e-05 in units of k2^(n/2), the odd orders of a symmetric line being zero)","noiseless, truth 42.38 um at the prior means, mixed form, strips (28.0, 36.0) MHz",DIAGNOSTIC
T_4192_225mW_90C,mu2@2,1.18765,,MHz^2,"estimator on the archive grid against the direct truncated moment 1.18763 of the same de-baselined line on a 10x finer grid, both self-centred, scaled error 1.48e-05. the bare model's truncated moment is 1.18856, so the strip baseline's bias at this window is -0.0009123 (-0.0768 per cent)","noiseless, truth 42.38 um at the prior means, mixed form, strips (28.0, 36.0) MHz",DIAGNOSTIC
T_4192_225mW_90C,mu3@2,-1.93731e-05,,MHz^3,"estimator on the archive grid against the direct truncated moment -2.05205e-05 of the same de-baselined line on a 10x finer grid, both self-centred, scaled error 8.87e-07. the bare model's truncated moment is -1.87267e-05, so the strip baseline's bias at this window is -6.463e-07 (-4.99e-07 in units of k2^(n/2), the odd orders of a symmetric line being zero)","noiseless, truth 42.38 um at the prior means, mixed form, strips (28.0, 36.0) MHz",DIAGNOSTIC
T_4192_225mW_90C,mu4@2,2.7148,,MHz^4,"estimator on the archive grid against the direct truncated moment 2.71474 of the same de-baselined line on a 10x finer grid, both self-centred, scaled error 4.12e-05. the bare model's truncated moment is 2.71784, so the strip baseline's bias at this window is -0.003039 (-0.112 per cent)","noiseless, truth 42.38 um at the prior means, mixed form, strips (28.0, 36.0) MHz",DIAGNOSTIC
T_4192_225mW_90C,mu5@2,-7.91979e-05,,MHz^5,"estimator on the archive grid against the direct truncated moment -8.83854e-05 of the same de-baselined line on a 10x finer grid, both self-centred, scaled error 5.98e-06. the bare model's truncated moment is -8.06357e-05, so the strip baseline's bias at this window is +1.438e-06 (+9.35e-07 in units of k2^(n/2), the odd orders of a symmetric line being zero)","noiseless, truth 42.38 um at the prior means, mixed form, strips (28.0, 36.0) MHz",DIAGNOSTIC
T_4192_225mW_90C,mu6@2,7.55445,,MHz^6,"estimator on the archive grid against the direct truncated moment 7.55426 of the same de-baselined line on a 10x finer grid, both self-centred, scaled error 1.17e-04. the bare model's truncated moment is 7.5644, so the strip baseline's bias at this window is -0.009946 (-0.131 per cent)","noiseless, truth 42.38 um at the prior means, mixed form, strips (28.0, 36.0) MHz",DIAGNOSTIC
T_4192_225mW_90C,mu7@2,-0.000286027,,MHz^7,"estimator on the archive grid against the direct truncated moment -0.000341203 of the same de-baselined line on a 10x finer grid, both self-centred, scaled error 3.02e-05. the bare model's truncated moment is -0.000312002, so the strip baseline's bias at this window is +2.598e-05 (+1.42e-05 in units of k2^(n/2), the odd orders of a symmetric line being zero)","noiseless, truth 42.38 um at the prior means, mixed form, strips (28.0, 36.0) MHz",DIAGNOSTIC
T_4192_225mW_90C,mu2@3,2.3853,,MHz^2,"estimator on the archive grid against the direct truncated moment 2.38525 of the same de-baselined line on a 10x finer grid, both self-centred, scaled error 2.17e-05. the bare model's truncated moment is 2.38972, so the strip baseline's bias at this window is -0.004416 (-0.185 per cent)","noiseless, truth 42.38 um at the prior means, mixed form, strips (28.0, 36.0) MHz",DIAGNOSTIC
T_4192_225mW_90C,mu3@3,-0.000101423,,MHz^3,"estimator on the archive grid against the direct truncated moment -0.000100659 of the same de-baselined line on a 10x finer grid, both self-centred, scaled error 2.07e-07. the bare model's truncated moment is -8.16854e-05, so the strip baseline's bias at this window is -1.974e-05 (-5.36e-06 in units of k2^(n/2), the odd orders of a symmetric line being zero)","noiseless, truth 42.38 um at the prior means, mixed form, strips (28.0, 36.0) MHz",DIAGNOSTIC
T_4192_225mW_90C,mu4@3,11.7105,,MHz^4,"estimator on the archive grid against the direct truncated moment 11.7101 of the same de-baselined line on a 10x finer grid, both self-centred, scaled error 5.95e-05. the bare model's truncated moment is 11.7427, so the strip baseline's bias at this window is -0.03229 (-0.275 per cent)","noiseless, truth 42.38 um at the prior means, mixed form, strips (28.0, 36.0) MHz",DIAGNOSTIC
T_4192_225mW_90C,mu5@3,-0.000873454,,MHz^5,"estimator on the archive grid against the direct truncated moment -0.000859595 of the same de-baselined line on a 10x finer grid, both self-centred, scaled error 1.58e-06. the bare model's truncated moment is -0.000679832, so the strip baseline's bias at this window is -0.0001936 (-2.2e-05 in units of k2^(n/2), the odd orders of a symmetric line being zero)","noiseless, truth 42.38 um at the prior means, mixed form, strips (28.0, 36.0) MHz",DIAGNOSTIC
T_4192_225mW_90C,mu6@3,71.5754,,MHz^6,"estimator on the archive grid against the direct truncated moment 71.5731 of the same de-baselined line on a 10x finer grid, both self-centred, scaled error 1.67e-04. the bare model's truncated moment is 71.8098, so the strip baseline's bias at this window is -0.2344 (-0.326 per cent)","noiseless, truth 42.38 um at the prior means, mixed form, strips (28.0, 36.0) MHz",DIAGNOSTIC
T_4192_225mW_90C,mu7@3,-0.00680552,,MHz^7,"estimator on the archive grid against the direct truncated moment -0.00661898 of the same de-baselined line on a 10x finer grid, both self-centred, scaled error 8.90e-06. the bare model's truncated moment is -0.00511701, so the strip baseline's bias at this window is -0.001689 (-8.06e-05 in units of k2^(n/2), the odd orders of a symmetric line being zero)","noiseless, truth 42.38 um at the prior means, mixed form, strips (28.0, 36.0) MHz",DIAGNOSTIC
T_4192_225mW_90C,mu2@5,5.13153,,MHz^2,"estimator on the archive grid against the direct truncated moment 5.13137 of the same de-baselined line on a 10x finer grid, both self-centred, scaled error 3.08e-05. the bare model's truncated moment is 5.16183, so the strip baseline's bias at this window is -0.0303 (-0.587 per cent)","noiseless, truth 42.38 um at the prior means, mixed form, strips (28.0, 36.0) MHz",DIAGNOSTIC
T_4192_225mW_90C,mu3@5,-0.000701143,,MHz^3,"estimator on the archive grid against the direct truncated moment -0.000701703 of the same de-baselined line on a 10x finer grid, both self-centred, scaled error 4.82e-08. the bare model's truncated moment is -0.000340798, so the strip baseline's bias at this window is -0.0003603 (-3.1e-05 in units of k2^(n/2), the odd orders of a symmetric line being zero)","noiseless, truth 42.38 um at the prior means, mixed form, strips (28.0, 36.0) MHz",DIAGNOSTIC
T_4192_225mW_90C,mu4@5,63.2903,,MHz^4,"estimator on the archive grid against the direct truncated moment 63.2877 of the same de-baselined line on a 10x finer grid, both self-centred, scaled error 9.66e-05. the bare model's truncated moment is 63.8748, so the strip baseline's bias at this window is -0.5845 (-0.915 per cent)","noiseless, truth 42.38 um at the prior means, mixed form, strips (28.0, 36.0) MHz",DIAGNOSTIC
T_4192_225mW_90C,mu5@5,-0.0156202,,MHz^5,"estimator on the archive grid against the direct truncated moment -0.0156307 of the same de-baselined line on a 10x finer grid, both self-centred, scaled error 1.76e-07. the bare model's truncated moment is -0.00675924, so the strip baseline's bias at this window is -0.008861 (-0.000149 in units of k2^(n/2), the odd orders of a symmetric line being zero)","noiseless, truth 42.38 um at the prior means, mixed form, strips (28.0, 36.0) MHz",DIAGNOSTIC
T_4192_225mW_90C,mu6@5,1023.95,,MHz^6,"estimator on the archive grid against the direct truncated moment 1023.91 of the same de-baselined line on a 10x finer grid, both self-centred, scaled error 3.31e-04. the bare model's truncated moment is 1035.4, so the strip baseline's bias at this window is -11.45 (-1.11 per cent)","noiseless, truth 42.38 um at the prior means, mixed form, strips (28.0, 36.0) MHz",DIAGNOSTIC
T_4192_225mW_90C,mu7@5,-0.325847,,MHz^7,"estimator on the archive grid against the direct truncated moment -0.326021 of the same de-baselined line on a 10x finer grid, both self-centred, scaled error 5.68e-07. the bare model's truncated moment is -0.130259, so the strip baseline's bias at this window is -0.1956 (-0.000639 in units of k2^(n/2), the odd orders of a symmetric line being zero)","noiseless, truth 42.38 um at the prior means, mixed form, strips (28.0, 36.0) MHz",DIAGNOSTIC
T_4192_225mW_90C,mu2@8,9.17692,,MHz^2,"estimator on the archive grid against the direct truncated moment 9.17652 of the same de-baselined line on a 10x finer grid, both self-centred, scaled error 4.41e-05. the bare model's truncated moment is 9.33939, so the strip baseline's bias at this window is -0.1625 (-1.74 per cent)","noiseless, truth 42.38 um at the prior means, mixed form, strips (28.0, 36.0) MHz",DIAGNOSTIC
T_4192_225mW_90C,mu3@8,-0.00595393,,MHz^3,"estimator on the archive grid against the direct truncated moment -0.00596784 of the same de-baselined line on a 10x finer grid, both self-centred, scaled error 5.00e-07. the bare model's truncated moment is -0.000740152, so the strip baseline's bias at this window is -0.005214 (-0.000188 in units of k2^(n/2), the odd orders of a symmetric line being zero)","noiseless, truth 42.38 um at the prior means, mixed form, strips (28.0, 36.0) MHz",DIAGNOSTIC
T_4192_225mW_90C,mu4@8,255.021,,MHz^4,"estimator on the archive grid against the direct truncated moment 255.006 of the same de-baselined line on a 10x finer grid, both self-centred, scaled error 1.83e-04. the bare model's truncated moment is 262.565, so the strip baseline's bias at this window is -7.544 (-2.87 per cent)","noiseless, truth 42.38 um at the prior means, mixed form, strips (28.0, 36.0) MHz",DIAGNOSTIC
T_4192_225mW_90C,mu5@8,-0.334968,,MHz^5,"estimator on the archive grid against the direct truncated moment -0.335814 of the same de-baselined line on a 10x finer grid, both self-centred, scaled error 3.32e-06. the bare model's truncated moment is -0.0290211, so the strip baseline's bias at this window is -0.3059 (-0.0012 in units of k2^(n/2), the odd orders of a symmetric line being zero)","noiseless, truth 42.38 um at the prior means, mixed form, strips (28.0, 36.0) MHz",DIAGNOSTIC
T_4192_225mW_90C,mu6@8,10030.5,,MHz^6,"estimator on the archive grid against the direct truncated moment 10029.8 of the same de-baselined line on a 10x finer grid, both self-centred, scaled error 8.90e-04. the bare model's truncated moment is 10397.2, so the strip baseline's bias at this window is -366.7 (-3.53 per cent)","noiseless, truth 42.38 um at the prior means, mixed form, strips (28.0, 36.0) MHz",DIAGNOSTIC
T_4192_225mW_90C,mu7@8,-17.8629,,MHz^7,"estimator on the archive grid against the direct truncated moment -17.9116 of the same de-baselined line on a 10x finer grid, both self-centred, scaled error 2.08e-05. the bare model's truncated moment is -1.22954, so the strip baseline's bias at this window is -16.63 (-0.00711 in units of k2^(n/2), the odd orders of a symmetric line being zero)","noiseless, truth 42.38 um at the prior means, mixed form, strips (28.0, 36.0) MHz",DIAGNOSTIC
T_4192_225mW_90C,mu2@13,15.1642,,MHz^2,"estimator on the archive grid against the direct truncated moment 15.1629 of the same de-baselined line on a 10x finer grid, both self-centred, scaled error 8.78e-05. the bare model's truncated moment is 15.9961, so the strip baseline's bias at this window is -0.8319 (-5.2 per cent)","noiseless, truth 42.38 um at the prior means, mixed form, strips (28.0, 36.0) MHz",DIAGNOSTIC
T_4192_225mW_90C,mu3@13,-0.0752389,,MHz^3,"estimator on the archive grid against the direct truncated moment -0.0754303 of the same de-baselined line on a 10x finer grid, both self-centred, scaled error 3.24e-06. the bare model's truncated moment is -0.00108002, so the strip baseline's bias at this window is -0.07416 (-0.00126 in units of k2^(n/2), the odd orders of a symmetric line being zero)","noiseless, truth 42.38 um at the prior means, mixed form, strips (28.0, 36.0) MHz",DIAGNOSTIC
T_4192_225mW_90C,mu4@13,968.487,,MHz^4,"estimator on the archive grid against the direct truncated moment 968.349 of the same de-baselined line on a 10x finer grid, both self-centred, scaled error 5.99e-04. the bare model's truncated moment is 1064.35, so the strip baseline's bias at this window is -95.87 (-9.01 per cent)","noiseless, truth 42.38 um at the prior means, mixed form, strips (28.0, 36.0) MHz",DIAGNOSTIC
T_4192_225mW_90C,mu5@13,-10.706,,MHz^5,"estimator on the archive grid against the direct truncated moment -10.7335 of the same de-baselined line on a 10x finer grid, both self-centred, scaled error 3.07e-05. the bare model's truncated moment is -0.0749821, so the strip baseline's bias at this window is -10.63 (-0.0119 in units of k2^(n/2), the odd orders of a symmetric line being zero)","noiseless, truth 42.38 um at the prior means, mixed form, strips (28.0, 36.0) MHz",DIAGNOSTIC
T_4192_225mW_90C,mu6@13,96413,,MHz^6,"estimator on the archive grid against the direct truncated moment 96396.3 of the same de-baselined line on a 10x finer grid, both self-centred, scaled error 4.79e-03. the bare model's truncated moment is 108400, so the strip baseline's bias at this window is -1.199e+04 (-11.1 per cent)","noiseless, truth 42.38 um at the prior means, mixed form, strips (28.0, 36.0) MHz. REFUSED from the vector: unresolved at the archive's sampling",DIAGNOSTIC
T_4192_225mW_90C,mu7@13,-1477.52,,MHz^7,"estimator on the archive grid against the direct truncated moment -1481.34 of the same de-baselined line on a 10x finer grid, both self-centred, scaled error 2.81e-04. the bare model's truncated moment is -6.79133, so the strip baseline's bias at this window is -1471 (-0.108 in units of k2^(n/2), the odd orders of a symmetric line being zero)","noiseless, truth 42.38 um at the prior means, mixed form, strips (28.0, 36.0) MHz",DIAGNOSTIC
T_4192_225mW_90C,mu2@21,22.5223,,MHz^2,"estimator on the archive grid against the direct truncated moment 22.5168 of the same de-baselined line on a 10x finer grid, both self-centred, scaled error 2.41e-04. the bare model's truncated moment is 26.4211, so the strip baseline's bias at this window is -3.899 (-14.8 per cent)","noiseless, truth 42.38 um at the prior means, mixed form, strips (28.0, 36.0) MHz",DIAGNOSTIC
T_4192_225mW_90C,mu3@21,-0.933124,,MHz^3,"estimator on the archive grid against the direct truncated moment -0.935538 of the same de-baselined line on a 10x finer grid, both self-centred, scaled error 2.26e-05. the bare model's truncated moment is -0.0012722, so the strip baseline's bias at this window is -0.9319 (-0.00872 in units of k2^(n/2), the odd orders of a symmetric line being zero)","noiseless, truth 42.38 um at the prior means, mixed form, strips (28.0, 36.0) MHz",DIAGNOSTIC
T_4192_225mW_90C,mu4@21,3159.52,,MHz^4,"estimator on the archive grid against the direct truncated moment 3158.02 of the same de-baselined line on a 10x finer grid, both self-centred, scaled error 2.96e-03. the bare model's truncated moment is 4278.92, so the strip baseline's bias at this window is -1119 (-26.2 per cent)","noiseless, truth 42.38 um at the prior means, mixed form, strips (28.0, 36.0) MHz. REFUSED from the vector: unresolved at the archive's sampling",DIAGNOSTIC
T_4192_225mW_90C,mu5@21,-327.86,,MHz^5,"estimator on the archive grid against the direct truncated moment -328.708 of the same de-baselined line on a 10x finer grid, both self-centred, scaled error 3.52e-04. the bare model's truncated moment is -0.143119, so the strip baseline's bias at this window is -327.7 (-0.136 in units of k2^(n/2), the odd orders of a symmetric line being zero)","noiseless, truth 42.38 um at the prior means, mixed form, strips (28.0, 36.0) MHz",DIAGNOSTIC
T_4192_225mW_90C,mu6@21,771259,,MHz^6,"estimator on the archive grid against the direct truncated moment 770780 of the same de-baselined line on a 10x finer grid, both self-centred, scaled error 4.20e-02. the bare model's truncated moment is 1.13089e+06, so the strip baseline's bias at this window is -3.596e+05 (-31.8 per cent)","noiseless, truth 42.38 um at the prior means, mixed form, strips (28.0, 36.0) MHz. REFUSED from the vector: unresolved at the archive's sampling",DIAGNOSTIC
T_4192_225mW_90C,mu7@21,-115628,,MHz^7,"estimator on the archive grid against the direct truncated moment -115927 of the same de-baselined line on a 10x finer grid, both self-centred, scaled error 5.52e-03. the bare model's truncated moment is -27.8383, so the strip baseline's bias at this window is -1.156e+05 (-2.13 in units of k2^(n/2), the odd orders of a symmetric line being zero)","noiseless, truth 42.38 um at the prior means, mixed form, strips (28.0, 36.0) MHz. REFUSED from the vector: unresolved at the archive's sampling",DIAGNOSTIC
T_4207_225mW_110C,mu2@0.5,0.0826625,,MHz^2,"estimator on the archive grid against the direct truncated moment 0.0826648 of the same de-baselined line on a 10x finer grid, both self-centred, scaled error 2.87e-05. the bare model's truncated moment is 0.0826686, so the strip baseline's bias at this window is -6.185e-06 (-0.00748 per cent)","noiseless, truth 42.38 um at the prior means, mixed form, strips (28.0, 36.0) MHz",DIAGNOSTIC
T_4207_225mW_110C,mu3@0.5,-2.85657e-08,,MHz^3,"estimator on the archive grid against the direct truncated moment 3.51485e-06 of the same de-baselined line on a 10x finer grid, both self-centred, scaled error 1.49e-04. the bare model's truncated moment is 3.54658e-06, so the strip baseline's bias at this window is -3.575e-06 (-0.00015 in units of k2^(n/2), the odd orders of a symmetric line being zero)","noiseless, truth 42.38 um at the prior means, mixed form, strips (28.0, 36.0) MHz",DIAGNOSTIC
T_4207_225mW_110C,mu4@0.5,0.0123566,,MHz^4,"estimator on the archive grid against the direct truncated moment 0.0123578 of the same de-baselined line on a 10x finer grid, both self-centred, scaled error 1.81e-04. the bare model's truncated moment is 0.0123586, so the strip baseline's bias at this window is -2.054e-06 (-0.0166 per cent)","noiseless, truth 42.38 um at the prior means, mixed form, strips (28.0, 36.0) MHz",DIAGNOSTIC
T_4207_225mW_110C,mu5@0.5,-8.0991e-09,,MHz^5,"estimator on the archive grid against the direct truncated moment 6.64593e-07 of the same de-baselined line on a 10x finer grid, both self-centred, scaled error 3.42e-04. the bare model's truncated moment is 6.71888e-07, so the strip baseline's bias at this window is -6.8e-07 (-0.000346 in units of k2^(n/2), the odd orders of a symmetric line being zero)","noiseless, truth 42.38 um at the prior means, mixed form, strips (28.0, 36.0) MHz",DIAGNOSTIC
T_4207_225mW_110C,mu6@0.5,0.0022023,,MHz^6,"estimator on the archive grid against the direct truncated moment 0.00220277 of the same de-baselined line on a 10x finer grid, both self-centred, scaled error 8.37e-04. the bare model's truncated moment is 0.00220294, so the strip baseline's bias at this window is -6.423e-07 (-0.0292 per cent)","noiseless, truth 42.38 um at the prior means, mixed form, strips (28.0, 36.0) MHz",DIAGNOSTIC
T_4207_225mW_110C,mu7@0.5,-1.92879e-09,,MHz^7,"estimator on the archive grid against the direct truncated moment 1.39666e-07 of the same de-baselined line on a 10x finer grid, both self-centred, scaled error 8.72e-04. the bare model's truncated moment is 1.41519e-07, so the strip baseline's bias at this window is -1.434e-07 (-0.000883 in units of k2^(n/2), the odd orders of a symmetric line being zero)","noiseless, truth 42.38 um at the prior means, mixed form, strips (28.0, 36.0) MHz",DIAGNOSTIC
T_4207_225mW_110C,mu2@1,0.323025,,MHz^2,"estimator on the archive grid against the direct truncated moment 0.323024 of the same de-baselined line on a 10x finer grid, both self-centred, scaled error 1.32e-06. the bare model's truncated moment is 0.323085, so the strip baseline's bias at this window is -5.994e-05 (-0.0186 per cent)","noiseless, truth 42.38 um at the prior means, mixed form, strips (28.0, 36.0) MHz",DIAGNOSTIC
T_4207_225mW_110C,mu3@1,-6.14909e-07,,MHz^3,"estimator on the archive grid against the direct truncated moment 1.57306e-06 of the same de-baselined line on a 10x finer grid, both self-centred, scaled error 1.19e-05. the bare model's truncated moment is 1.57623e-06, so the strip baseline's bias at this window is -2.191e-06 (-1.19e-05 in units of k2^(n/2), the odd orders of a symmetric line being zero)","noiseless, truth 42.38 um at the prior means, mixed form, strips (28.0, 36.0) MHz",DIAGNOSTIC
T_4207_225mW_110C,mu4@1,0.191237,,MHz^4,"estimator on the archive grid against the direct truncated moment 0.191238 of the same de-baselined line on a 10x finer grid, both self-centred, scaled error 1.09e-05. the bare model's truncated moment is 0.191289, so the strip baseline's bias at this window is -5.25e-05 (-0.0274 per cent)","noiseless, truth 42.38 um at the prior means, mixed form, strips (28.0, 36.0) MHz",DIAGNOSTIC
T_4207_225mW_110C,mu5@1,-6.72529e-07,,MHz^5,"estimator on the archive grid against the direct truncated moment 2.93335e-06 of the same de-baselined line on a 10x finer grid, both self-centred, scaled error 6.08e-05. the bare model's truncated moment is 2.89309e-06, so the strip baseline's bias at this window is -3.566e-06 (-6.01e-05 in units of k2^(n/2), the odd orders of a symmetric line being zero)","noiseless, truth 42.38 um at the prior means, mixed form, strips (28.0, 36.0) MHz",DIAGNOSTIC
T_4207_225mW_110C,mu6@1,0.135592,,MHz^6,"estimator on the archive grid against the direct truncated moment 0.135595 of the same de-baselined line on a 10x finer grid, both self-centred, scaled error 7.98e-05. the bare model's truncated moment is 0.135638, so the strip baseline's bias at this window is -4.532e-05 (-0.0334 per cent)","noiseless, truth 42.38 um at the prior means, mixed form, strips (28.0, 36.0) MHz",DIAGNOSTIC
T_4207_225mW_110C,mu7@1,-6.38481e-07,,MHz^7,"estimator on the archive grid against the direct truncated moment 4.40713e-06 of the same de-baselined line on a 10x finer grid, both self-centred, scaled error 2.63e-04. the bare model's truncated moment is 4.32214e-06, so the strip baseline's bias at this window is -4.961e-06 (-0.000259 in units of k2^(n/2), the odd orders of a symmetric line being zero)","noiseless, truth 42.38 um at the prior means, mixed form, strips (28.0, 36.0) MHz",DIAGNOSTIC
T_4207_225mW_110C,mu2@2,1.18975,,MHz^2,"estimator on the archive grid against the direct truncated moment 1.18973 of the same de-baselined line on a 10x finer grid, both self-centred, scaled error 1.29e-05. the bare model's truncated moment is 1.19066, so the strip baseline's bias at this window is -0.0009126 (-0.0766 per cent)","noiseless, truth 42.38 um at the prior means, mixed form, strips (28.0, 36.0) MHz",DIAGNOSTIC
T_4207_225mW_110C,mu3@2,-1.87398e-05,,MHz^3,"estimator on the archive grid against the direct truncated moment -1.98051e-05 of the same de-baselined line on a 10x finer grid, both self-centred, scaled error 8.21e-07. the bare model's truncated moment is -1.79997e-05, so the strip baseline's bias at this window is -7.401e-07 (-5.7e-07 in units of k2^(n/2), the odd orders of a symmetric line being zero)","noiseless, truth 42.38 um at the prior means, mixed form, strips (28.0, 36.0) MHz",DIAGNOSTIC
T_4207_225mW_110C,mu4@2,2.7216,,MHz^4,"estimator on the archive grid against the direct truncated moment 2.72156 of the same de-baselined line on a 10x finer grid, both self-centred, scaled error 2.99e-05. the bare model's truncated moment is 2.72465, so the strip baseline's bias at this window is -0.003049 (-0.112 per cent)","noiseless, truth 42.38 um at the prior means, mixed form, strips (28.0, 36.0) MHz",DIAGNOSTIC
T_4207_225mW_110C,mu5@2,-7.66523e-05,,MHz^5,"estimator on the archive grid against the direct truncated moment -8.51255e-05 of the same de-baselined line on a 10x finer grid, both self-centred, scaled error 5.49e-06. the bare model's truncated moment is -7.72629e-05, so the strip baseline's bias at this window is +6.106e-07 (+3.96e-07 in units of k2^(n/2), the odd orders of a symmetric line being zero)","noiseless, truth 42.38 um at the prior means, mixed form, strips (28.0, 36.0) MHz",DIAGNOSTIC
T_4207_225mW_110C,mu6@2,7.57634,,MHz^6,"estimator on the archive grid against the direct truncated moment 7.57623 of the same de-baselined line on a 10x finer grid, both self-centred, scaled error 6.27e-05. the bare model's truncated moment is 7.58635, so the strip baseline's bias at this window is -0.01002 (-0.132 per cent)","noiseless, truth 42.38 um at the prior means, mixed form, strips (28.0, 36.0) MHz",DIAGNOSTIC
T_4207_225mW_110C,mu7@2,-0.000276921,,MHz^7,"estimator on the archive grid against the direct truncated moment -0.000327579 of the same de-baselined line on a 10x finer grid, both self-centred, scaled error 2.76e-05. the bare model's truncated moment is -0.000297668, so the strip baseline's bias at this window is +2.075e-05 (+1.13e-05 in units of k2^(n/2), the odd orders of a symmetric line being zero)","noiseless, truth 42.38 um at the prior means, mixed form, strips (28.0, 36.0) MHz",DIAGNOSTIC
T_4207_225mW_110C,mu2@3,2.39293,,MHz^2,"estimator on the archive grid against the direct truncated moment 2.39289 of the same de-baselined line on a 10x finer grid, both self-centred, scaled error 2.01e-05. the bare model's truncated moment is 2.39735, so the strip baseline's bias at this window is -0.004412 (-0.184 per cent)","noiseless, truth 42.38 um at the prior means, mixed form, strips (28.0, 36.0) MHz",DIAGNOSTIC
T_4207_225mW_110C,mu3@3,-9.90348e-05,,MHz^3,"estimator on the archive grid against the direct truncated moment -0.000100888 of the same de-baselined line on a 10x finer grid, both self-centred, scaled error 5.01e-07. the bare model's truncated moment is -8.2313e-05, so the strip baseline's bias at this window is -1.672e-05 (-4.52e-06 in units of k2^(n/2), the odd orders of a symmetric line being zero)","noiseless, truth 42.38 um at the prior means, mixed form, strips (28.0, 36.0) MHz",DIAGNOSTIC
T_4207_225mW_110C,mu4@3,11.7632,,MHz^4,"estimator on the archive grid against the direct truncated moment 11.7629 of the same de-baselined line on a 10x finer grid, both self-centred, scaled error 5.40e-05. the bare model's truncated moment is 11.7955, so the strip baseline's bias at this window is -0.03229 (-0.274 per cent)","noiseless, truth 42.38 um at the prior means, mixed form, strips (28.0, 36.0) MHz",DIAGNOSTIC
T_4207_225mW_110C,mu5@3,-0.000854831,,MHz^5,"estimator on the archive grid against the direct truncated moment -0.000888915 of the same de-baselined line on a 10x finer grid, both self-centred, scaled error 3.85e-06. the bare model's truncated moment is -0.000715802, so the strip baseline's bias at this window is -0.000139 (-1.57e-05 in units of k2^(n/2), the odd orders of a symmetric line being zero)","noiseless, truth 42.38 um at the prior means, mixed form, strips (28.0, 36.0) MHz",DIAGNOSTIC
T_4207_225mW_110C,mu6@3,71.9449,,MHz^6,"estimator on the archive grid against the direct truncated moment 71.9429 of the same de-baselined line on a 10x finer grid, both self-centred, scaled error 1.48e-04. the bare model's truncated moment is 72.1794, so the strip baseline's bias at this window is -0.2345 (-0.325 per cent)","noiseless, truth 42.38 um at the prior means, mixed form, strips (28.0, 36.0) MHz",DIAGNOSTIC
T_4207_225mW_110C,mu7@3,-0.0066714,,MHz^7,"estimator on the archive grid against the direct truncated moment -0.00713806 of the same de-baselined line on a 10x finer grid, both self-centred, scaled error 2.20e-05. the bare model's truncated moment is -0.00572372, so the strip baseline's bias at this window is -0.0009477 (-4.47e-05 in units of k2^(n/2), the odd orders of a symmetric line being zero)","noiseless, truth 42.38 um at the prior means, mixed form, strips (28.0, 36.0) MHz",DIAGNOSTIC
T_4207_225mW_110C,mu2@5,5.15995,,MHz^2,"estimator on the archive grid against the direct truncated moment 5.15981 of the same de-baselined line on a 10x finer grid, both self-centred, scaled error 2.76e-05. the bare model's truncated moment is 5.19027, so the strip baseline's bias at this window is -0.03032 (-0.584 per cent)","noiseless, truth 42.38 um at the prior means, mixed form, strips (28.0, 36.0) MHz",DIAGNOSTIC
T_4207_225mW_110C,mu3@5,-0.000693574,,MHz^3,"estimator on the archive grid against the direct truncated moment -0.000693731 of the same de-baselined line on a 10x finer grid, both self-centred, scaled error 1.35e-08. the bare model's truncated moment is -0.000333363, so the strip baseline's bias at this window is -0.0003602 (-3.07e-05 in units of k2^(n/2), the odd orders of a symmetric line being zero)","noiseless, truth 42.38 um at the prior means, mixed form, strips (28.0, 36.0) MHz",DIAGNOSTIC
T_4207_225mW_110C,mu4@5,63.7725,,MHz^4,"estimator on the archive grid against the direct truncated moment 63.7702 of the same de-baselined line on a 10x finer grid, both self-centred, scaled error 8.51e-05. the bare model's truncated moment is 64.3579, so the strip baseline's bias at this window is -0.5854 (-0.91 per cent)","noiseless, truth 42.38 um at the prior means, mixed form, strips (28.0, 36.0) MHz",DIAGNOSTIC
T_4207_225mW_110C,mu5@5,-0.0154966,,MHz^5,"estimator on the archive grid against the direct truncated moment -0.0154811 of the same de-baselined line on a 10x finer grid, both self-centred, scaled error 2.56e-07. the bare model's truncated moment is -0.00660797, so the strip baseline's bias at this window is -0.008889 (-0.000147 in units of k2^(n/2), the odd orders of a symmetric line being zero)","noiseless, truth 42.38 um at the prior means, mixed form, strips (28.0, 36.0) MHz",DIAGNOSTIC
T_4207_225mW_110C,mu6@5,1032.7,,MHz^6,"estimator on the archive grid against the direct truncated moment 1032.66 of the same de-baselined line on a 10x finer grid, both self-centred, scaled error 2.89e-04. the bare model's truncated moment is 1044.17, so the strip baseline's bias at this window is -11.47 (-1.1 per cent)","noiseless, truth 42.38 um at the prior means, mixed form, strips (28.0, 36.0) MHz",DIAGNOSTIC
T_4207_225mW_110C,mu7@5,-0.323762,,MHz^7,"estimator on the archive grid against the direct truncated moment -0.322825 of the same de-baselined line on a 10x finer grid, both self-centred, scaled error 3.00e-06. the bare model's truncated moment is -0.126761, so the strip baseline's bias at this window is -0.197 (-0.000631 in units of k2^(n/2), the odd orders of a symmetric line being zero)","noiseless, truth 42.38 um at the prior means, mixed form, strips (28.0, 36.0) MHz",DIAGNOSTIC
T_4207_225mW_110C,mu2@8,9.24242,,MHz^2,"estimator on the archive grid against the direct truncated moment 9.24209 of the same de-baselined line on a 10x finer grid, both self-centred, scaled error 3.54e-05. the bare model's truncated moment is 9.40531, so the strip baseline's bias at this window is -0.1629 (-1.73 per cent)","noiseless, truth 42.38 um at the prior means, mixed form, strips (28.0, 36.0) MHz",DIAGNOSTIC
T_4207_225mW_110C,mu3@8,-0.00595192,,MHz^3,"estimator on the archive grid against the direct truncated moment -0.00595934 of the same de-baselined line on a 10x finer grid, both self-centred, scaled error 2.64e-07. the bare model's truncated moment is -0.000731224, so the strip baseline's bias at this window is -0.005221 (-0.000186 in units of k2^(n/2), the odd orders of a symmetric line being zero)","noiseless, truth 42.38 um at the prior means, mixed form, strips (28.0, 36.0) MHz",DIAGNOSTIC
T_4207_225mW_110C,mu4@8,257.376,,MHz^4,"estimator on the archive grid against the direct truncated moment 257.364 of the same de-baselined line on a 10x finer grid, both self-centred, scaled error 1.40e-04. the bare model's truncated moment is 264.948, so the strip baseline's bias at this window is -7.573 (-2.86 per cent)","noiseless, truth 42.38 um at the prior means, mixed form, strips (28.0, 36.0) MHz",DIAGNOSTIC
T_4207_225mW_110C,mu5@8,-0.335637,,MHz^5,"estimator on the archive grid against the direct truncated moment -0.335895 of the same de-baselined line on a 10x finer grid, both self-centred, scaled error 9.97e-07. the bare model's truncated moment is -0.0286736, so the strip baseline's bias at this window is -0.307 (-0.00118 in units of k2^(n/2), the odd orders of a symmetric line being zero)","noiseless, truth 42.38 um at the prior means, mixed form, strips (28.0, 36.0) MHz",DIAGNOSTIC
T_4207_225mW_110C,mu6@8,10129.3,,MHz^6,"estimator on the archive grid against the direct truncated moment 10128.8 of the same de-baselined line on a 10x finer grid, both self-centred, scaled error 6.59e-04. the bare model's truncated moment is 10497.6, so the strip baseline's bias at this window is -368.3 (-3.51 per cent)","noiseless, truth 42.38 um at the prior means, mixed form, strips (28.0, 36.0) MHz",DIAGNOSTIC
T_4207_225mW_110C,mu7@8,-17.9182,,MHz^7,"estimator on the archive grid against the direct truncated moment -17.9184 of the same de-baselined line on a 10x finer grid, both self-centred, scaled error 8.98e-08. the bare model's truncated moment is -1.20459, so the strip baseline's bias at this window is -16.71 (-0.00696 in units of k2^(n/2), the odd orders of a symmetric line being zero)","noiseless, truth 42.38 um at the prior means, mixed form, strips (28.0, 36.0) MHz",DIAGNOSTIC
T_4207_225mW_110C,mu2@13,15.2787,,MHz^2,"estimator on the archive grid against the direct truncated moment 15.2777 of the same de-baselined line on a 10x finer grid, both self-centred, scaled error 6.15e-05. the bare model's truncated moment is 16.1143, so the strip baseline's bias at this window is -0.8357 (-5.19 per cent)","noiseless, truth 42.38 um at the prior means, mixed form, strips (28.0, 36.0) MHz",DIAGNOSTIC
T_4207_225mW_110C,mu3@13,-0.0755084,,MHz^3,"estimator on the archive grid against the direct truncated moment -0.0756346 of the same de-baselined line on a 10x finer grid, both self-centred, scaled error 2.11e-06. the bare model's truncated moment is -0.00107765, so the strip baseline's bias at this window is -0.07443 (-0.00125 in units of k2^(n/2), the odd orders of a symmetric line being zero)","noiseless, truth 42.38 um at the prior means, mixed form, strips (28.0, 36.0) MHz",DIAGNOSTIC
T_4207_225mW_110C,mu4@13,976.959,,MHz^4,"estimator on the archive grid against the direct truncated moment 976.867 of the same de-baselined line on a 10x finer grid, both self-centred, scaled error 3.98e-04. the bare model's truncated moment is 1073.36, so the strip baseline's bias at this window is -96.4 (-8.98 per cent)","noiseless, truth 42.38 um at the prior means, mixed form, strips (28.0, 36.0) MHz",DIAGNOSTIC
T_4207_225mW_110C,mu5@13,-10.76,,MHz^5,"estimator on the archive grid against the direct truncated moment -10.778 of the same de-baselined line on a 10x finer grid, both self-centred, scaled error 1.97e-05. the bare model's truncated moment is -0.0760648, so the strip baseline's bias at this window is -10.68 (-0.0117 in units of k2^(n/2), the odd orders of a symmetric line being zero)","noiseless, truth 42.38 um at the prior means, mixed form, strips (28.0, 36.0) MHz",DIAGNOSTIC
T_4207_225mW_110C,mu6@13,97257.3,,MHz^6,"estimator on the archive grid against the direct truncated moment 97246.2 of the same de-baselined line on a 10x finer grid, both self-centred, scaled error 3.11e-03. the bare model's truncated moment is 109316, so the strip baseline's bias at this window is -1.206e+04 (-11 per cent)","noiseless, truth 42.38 um at the prior means, mixed form, strips (28.0, 36.0) MHz. REFUSED from the vector: unresolved at the archive's sampling",DIAGNOSTIC
T_4207_225mW_110C,mu7@13,-1485.83,,MHz^7,"estimator on the archive grid against the direct truncated moment -1488.31 of the same de-baselined line on a 10x finer grid, both self-centred, scaled error 1.77e-04. the bare model's truncated moment is -7.0508, so the strip baseline's bias at this window is -1479 (-0.106 in units of k2^(n/2), the odd orders of a symmetric line being zero)","noiseless, truth 42.38 um at the prior means, mixed form, strips (28.0, 36.0) MHz",DIAGNOSTIC
T_4207_225mW_110C,mu2@21,22.6903,,MHz^2,"estimator on the archive grid against the direct truncated moment 22.6868 of the same de-baselined line on a 10x finer grid, both self-centred, scaled error 1.58e-04. the bare model's truncated moment is 26.6114, so the strip baseline's bias at this window is -3.921 (-14.7 per cent)","noiseless, truth 42.38 um at the prior means, mixed form, strips (28.0, 36.0) MHz",DIAGNOSTIC
T_4207_225mW_110C,mu3@21,-0.938081,,MHz^3,"estimator on the archive grid against the direct truncated moment -0.939673 of the same de-baselined line on a 10x finer grid, both self-centred, scaled error 1.47e-05. the bare model's truncated moment is -0.00126964, so the strip baseline's bias at this window is -0.9368 (-0.00867 in units of k2^(n/2), the odd orders of a symmetric line being zero)","noiseless, truth 42.38 um at the prior means, mixed form, strips (28.0, 36.0) MHz",DIAGNOSTIC
T_4207_225mW_110C,mu4@21,3184.64,,MHz^4,"estimator on the archive grid against the direct truncated moment 3183.67 of the same de-baselined line on a 10x finer grid, both self-centred, scaled error 1.89e-03. the bare model's truncated moment is 4311.16, so the strip baseline's bias at this window is -1127 (-26.1 per cent)","noiseless, truth 42.38 um at the prior means, mixed form, strips (28.0, 36.0) MHz. REFUSED from the vector: unresolved at the archive's sampling",DIAGNOSTIC
T_4207_225mW_110C,mu5@21,-329.905,,MHz^5,"estimator on the archive grid against the direct truncated moment -330.464 of the same de-baselined line on a 10x finer grid, both self-centred, scaled error 2.28e-04. the bare model's truncated moment is -0.143454, so the strip baseline's bias at this window is -329.8 (-0.135 in units of k2^(n/2), the odd orders of a symmetric line being zero)","noiseless, truth 42.38 um at the prior means, mixed form, strips (28.0, 36.0) MHz",DIAGNOSTIC
T_4207_225mW_110C,mu6@21,777260,,MHz^6,"estimator on the archive grid against the direct truncated moment 776951 of the same de-baselined line on a 10x finer grid, both self-centred, scaled error 2.65e-02. the bare model's truncated moment is 1.13924e+06, so the strip baseline's bias at this window is -3.62e+05 (-31.8 per cent)","noiseless, truth 42.38 um at the prior means, mixed form, strips (28.0, 36.0) MHz. REFUSED from the vector: unresolved at the archive's sampling",DIAGNOSTIC
T_4207_225mW_110C,mu7@21,-116382,,MHz^7,"estimator on the archive grid against the direct truncated moment -116579 of the same de-baselined line on a 10x finer grid, both self-centred, scaled error 3.54e-03. the bare model's truncated moment is -27.5998, so the strip baseline's bias at this window is -1.164e+05 (-2.09 in units of k2^(n/2), the odd orders of a symmetric line being zero)","noiseless, truth 42.38 um at the prior means, mixed form, strips (28.0, 36.0) MHz. REFUSED from the vector: unresolved at the archive's sampling",DIAGNOSTIC
T_4207_225mW_70C,mu2@0.5,0.0826295,,MHz^2,"estimator on the archive grid against the direct truncated moment 0.0826316 of the same de-baselined line on a 10x finer grid, both self-centred, scaled error 2.63e-05. the bare model's truncated moment is 0.0826355, so the strip baseline's bias at this window is -6.031e-06 (-0.0073 per cent)","noiseless, truth 42.38 um at the prior means, mixed form, strips (28.0, 36.0) MHz",DIAGNOSTIC
T_4207_225mW_70C,mu3@0.5,-1.8967e-08,,MHz^3,"estimator on the archive grid against the direct truncated moment 3.49506e-06 of the same de-baselined line on a 10x finer grid, both self-centred, scaled error 1.48e-04. the bare model's truncated moment is 3.52087e-06, so the strip baseline's bias at this window is -3.54e-06 (-0.000149 in units of k2^(n/2), the odd orders of a symmetric line being zero)","noiseless, truth 42.38 um at the prior means, mixed form, strips (28.0, 36.0) MHz",DIAGNOSTIC
T_4207_225mW_70C,mu4@0.5,0.0123495,,MHz^4,"estimator on the archive grid against the direct truncated moment 0.0123507 of the same de-baselined line on a 10x finer grid, both self-centred, scaled error 1.68e-04. the bare model's truncated moment is 0.0123515, so the strip baseline's bias at this window is -1.967e-06 (-0.0159 per cent)","noiseless, truth 42.38 um at the prior means, mixed form, strips (28.0, 36.0) MHz",DIAGNOSTIC
T_4207_225mW_70C,mu5@0.5,-5.1105e-09,,MHz^5,"estimator on the archive grid against the direct truncated moment 6.08911e-07 of the same de-baselined line on a 10x finer grid, both self-centred, scaled error 3.13e-04. the bare model's truncated moment is 6.13467e-07, so the strip baseline's bias at this window is -6.186e-07 (-0.000315 in units of k2^(n/2), the odd orders of a symmetric line being zero)","noiseless, truth 42.38 um at the prior means, mixed form, strips (28.0, 36.0) MHz",DIAGNOSTIC
T_4207_225mW_70C,mu6@0.5,0.00220084,,MHz^6,"estimator on the archive grid against the direct truncated moment 0.00220128 of the same de-baselined line on a 10x finer grid, both self-centred, scaled error 7.75e-04. the bare model's truncated moment is 0.00220145, so the strip baseline's bias at this window is -6.077e-07 (-0.0276 per cent)","noiseless, truth 42.38 um at the prior means, mixed form, strips (28.0, 36.0) MHz",DIAGNOSTIC
T_4207_225mW_70C,mu7@0.5,-1.16465e-09,,MHz^7,"estimator on the archive grid against the direct truncated moment 1.14216e-07 of the same de-baselined line on a 10x finer grid, both self-centred, scaled error 7.11e-04. the bare model's truncated moment is 1.1508e-07, so the strip baseline's bias at this window is -1.162e-07 (-0.000717 in units of k2^(n/2), the odd orders of a symmetric line being zero)","noiseless, truth 42.38 um at the prior means, mixed form, strips (28.0, 36.0) MHz",DIAGNOSTIC
T_4207_225mW_70C,mu2@1,0.322534,,MHz^2,"estimator on the archive grid against the direct truncated moment 0.322532 of the same de-baselined line on a 10x finer grid, both self-centred, scaled error 6.38e-06. the bare model's truncated moment is 0.322593, so the strip baseline's bias at this window is -5.904e-05 (-0.0183 per cent)","noiseless, truth 42.38 um at the prior means, mixed form, strips (28.0, 36.0) MHz",DIAGNOSTIC
T_4207_225mW_70C,mu3@1,-6.75893e-07,,MHz^3,"estimator on the archive grid against the direct truncated moment -4.88758e-07 of the same de-baselined line on a 10x finer grid, both self-centred, scaled error 1.02e-06. the bare model's truncated moment is -4.45156e-07, so the strip baseline's bias at this window is -2.307e-07 (-1.26e-06 in units of k2^(n/2), the odd orders of a symmetric line being zero)","noiseless, truth 42.38 um at the prior means, mixed form, strips (28.0, 36.0) MHz",DIAGNOSTIC
T_4207_225mW_70C,mu4@1,0.190822,,MHz^4,"estimator on the archive grid against the direct truncated moment 0.19082 of the same de-baselined line on a 10x finer grid, both self-centred, scaled error 2.02e-05. the bare model's truncated moment is 0.190872, so the strip baseline's bias at this window is -4.974e-05 (-0.0261 per cent)","noiseless, truth 42.38 um at the prior means, mixed form, strips (28.0, 36.0) MHz",DIAGNOSTIC
T_4207_225mW_70C,mu5@1,-7.35565e-07,,MHz^5,"estimator on the archive grid against the direct truncated moment -8.94069e-07 of the same de-baselined line on a 10x finer grid, both self-centred, scaled error 2.68e-06. the bare model's truncated moment is -8.54287e-07, so the strip baseline's bias at this window is +1.187e-07 (+2.01e-06 in units of k2^(n/2), the odd orders of a symmetric line being zero)","noiseless, truth 42.38 um at the prior means, mixed form, strips (28.0, 36.0) MHz",DIAGNOSTIC
T_4207_225mW_70C,mu6@1,0.135251,,MHz^6,"estimator on the archive grid against the direct truncated moment 0.135248 of the same de-baselined line on a 10x finer grid, both self-centred, scaled error 6.45e-05. the bare model's truncated moment is 0.135291, so the strip baseline's bias at this window is -4.07e-05 (-0.0301 per cent)","noiseless, truth 42.38 um at the prior means, mixed form, strips (28.0, 36.0) MHz",DIAGNOSTIC
T_4207_225mW_70C,mu7@1,-6.93765e-07,,MHz^7,"estimator on the archive grid against the direct truncated moment -1.14167e-06 of the same de-baselined line on a 10x finer grid, both self-centred, scaled error 2.35e-05. the bare model's truncated moment is -1.10807e-06, so the strip baseline's bias at this window is +4.143e-07 (+2.17e-05 in units of k2^(n/2), the odd orders of a symmetric line being zero)","noiseless, truth 42.38 um at the prior means, mixed form, strips (28.0, 36.0) MHz",DIAGNOSTIC
T_4207_225mW_70C,mu2@2,1.18363,,MHz^2,"estimator on the archive grid against the direct truncated moment 1.18362 of the same de-baselined line on a 10x finer grid, both self-centred, scaled error 1.48e-05. the bare model's truncated moment is 1.18456, so the strip baseline's bias at this window is -0.0009225 (-0.0779 per cent)","noiseless, truth 42.38 um at the prior means, mixed form, strips (28.0, 36.0) MHz",DIAGNOSTIC
T_4207_225mW_70C,mu3@2,-2.04707e-05,,MHz^3,"estimator on the archive grid against the direct truncated moment -2.11089e-05 of the same de-baselined line on a 10x finer grid, both self-centred, scaled error 4.96e-07. the bare model's truncated moment is -1.93284e-05, so the strip baseline's bias at this window is -1.142e-06 (-8.87e-07 in units of k2^(n/2), the odd orders of a symmetric line being zero)","noiseless, truth 42.38 um at the prior means, mixed form, strips (28.0, 36.0) MHz",DIAGNOSTIC
T_4207_225mW_70C,mu4@2,2.70179,,MHz^4,"estimator on the archive grid against the direct truncated moment 2.70173 of the same de-baselined line on a 10x finer grid, both self-centred, scaled error 3.95e-05. the bare model's truncated moment is 2.70486, so the strip baseline's bias at this window is -0.003073 (-0.114 per cent)","noiseless, truth 42.38 um at the prior means, mixed form, strips (28.0, 36.0) MHz",DIAGNOSTIC
T_4207_225mW_70C,mu5@2,-8.34185e-05,,MHz^5,"estimator on the archive grid against the direct truncated moment -8.84695e-05 of the same de-baselined line on a 10x finer grid, both self-centred, scaled error 3.31e-06. the bare model's truncated moment is -8.09003e-05, so the strip baseline's bias at this window is -2.518e-06 (-1.65e-06 in units of k2^(n/2), the odd orders of a symmetric line being zero)","noiseless, truth 42.38 um at the prior means, mixed form, strips (28.0, 36.0) MHz",DIAGNOSTIC
T_4207_225mW_70C,mu6@2,7.51256,,MHz^6,"estimator on the archive grid against the direct truncated moment 7.51238 of the same de-baselined line on a 10x finer grid, both self-centred, scaled error 1.06e-04. the bare model's truncated moment is 7.52262, so the strip baseline's bias at this window is -0.01006 (-0.134 per cent)","noiseless, truth 42.38 um at the prior means, mixed form, strips (28.0, 36.0) MHz",DIAGNOSTIC
T_4207_225mW_70C,mu7@2,-0.000300498,,MHz^7,"estimator on the archive grid against the direct truncated moment -0.000330778 of the same de-baselined line on a 10x finer grid, both self-centred, scaled error 1.68e-05. the bare model's truncated moment is -0.000302838, so the strip baseline's bias at this window is +2.339e-06 (+1.3e-06 in units of k2^(n/2), the odd orders of a symmetric line being zero)","noiseless, truth 42.38 um at the prior means, mixed form, strips (28.0, 36.0) MHz",DIAGNOSTIC
T_4207_225mW_70C,mu2@3,2.3707,,MHz^2,"estimator on the archive grid against the direct truncated moment 2.37065 of the same de-baselined line on a 10x finer grid, both self-centred, scaled error 2.16e-05. the bare model's truncated moment is 2.37516, so the strip baseline's bias at this window is -0.004461 (-0.188 per cent)","noiseless, truth 42.38 um at the prior means, mixed form, strips (28.0, 36.0) MHz",DIAGNOSTIC
T_4207_225mW_70C,mu3@3,-0.000106344,,MHz^3,"estimator on the archive grid against the direct truncated moment -0.000107231 of the same de-baselined line on a 10x finer grid, both self-centred, scaled error 2.43e-07. the bare model's truncated moment is -8.83328e-05, so the strip baseline's bias at this window is -1.801e-05 (-4.93e-06 in units of k2^(n/2), the odd orders of a symmetric line being zero)","noiseless, truth 42.38 um at the prior means, mixed form, strips (28.0, 36.0) MHz",DIAGNOSTIC
T_4207_225mW_70C,mu4@3,11.6097,,MHz^4,"estimator on the archive grid against the direct truncated moment 11.6093 of the same de-baselined line on a 10x finer grid, both self-centred, scaled error 5.96e-05. the bare model's truncated moment is 11.6422, so the strip baseline's bias at this window is -0.03258 (-0.28 per cent)","noiseless, truth 42.38 um at the prior means, mixed form, strips (28.0, 36.0) MHz",DIAGNOSTIC
T_4207_225mW_70C,mu5@3,-0.000912854,,MHz^5,"estimator on the archive grid against the direct truncated moment -0.000929307 of the same de-baselined line on a 10x finer grid, both self-centred, scaled error 1.90e-06. the bare model's truncated moment is -0.000752917, so the strip baseline's bias at this window is -0.0001599 (-1.85e-05 in units of k2^(n/2), the odd orders of a symmetric line being zero)","noiseless, truth 42.38 um at the prior means, mixed form, strips (28.0, 36.0) MHz",DIAGNOSTIC
T_4207_225mW_70C,mu6@3,70.8695,,MHz^6,"estimator on the archive grid against the direct truncated moment 70.8672 of the same de-baselined line on a 10x finer grid, both self-centred, scaled error 1.70e-04. the bare model's truncated moment is 71.1058, so the strip baseline's bias at this window is -0.2363 (-0.332 per cent)","noiseless, truth 42.38 um at the prior means, mixed form, strips (28.0, 36.0) MHz",DIAGNOSTIC
T_4207_225mW_70C,mu7@3,-0.00709828,,MHz^7,"estimator on the archive grid against the direct truncated moment -0.00732548 of the same de-baselined line on a 10x finer grid, both self-centred, scaled error 1.11e-05. the bare model's truncated moment is -0.00587921, so the strip baseline's bias at this window is -0.001219 (-5.94e-05 in units of k2^(n/2), the odd orders of a symmetric line being zero)","noiseless, truth 42.38 um at the prior means, mixed form, strips (28.0, 36.0) MHz",DIAGNOSTIC
T_4207_225mW_70C,mu2@5,5.07866,,MHz^2,"estimator on the archive grid against the direct truncated moment 5.07851 of the same de-baselined line on a 10x finer grid, both self-centred, scaled error 2.88e-05. the bare model's truncated moment is 5.10918, so the strip baseline's bias at this window is -0.03052 (-0.597 per cent)","noiseless, truth 42.38 um at the prior means, mixed form, strips (28.0, 36.0) MHz",DIAGNOSTIC
T_4207_225mW_70C,mu3@5,-0.000718048,,MHz^3,"estimator on the archive grid against the direct truncated moment -0.000719542 of the same de-baselined line on a 10x finer grid, both self-centred, scaled error 1.31e-07. the bare model's truncated moment is -0.000355072, so the strip baseline's bias at this window is -0.000363 (-3.17e-05 in units of k2^(n/2), the odd orders of a symmetric line being zero)","noiseless, truth 42.38 um at the prior means, mixed form, strips (28.0, 36.0) MHz",DIAGNOSTIC
T_4207_225mW_70C,mu4@5,62.4028,,MHz^4,"estimator on the archive grid against the direct truncated moment 62.4005 of the same de-baselined line on a 10x finer grid, both self-centred, scaled error 8.92e-05. the bare model's truncated moment is 62.9903, so the strip baseline's bias at this window is -0.5875 (-0.933 per cent)","noiseless, truth 42.38 um at the prior means, mixed form, strips (28.0, 36.0) MHz",DIAGNOSTIC
T_4207_225mW_70C,mu5@5,-0.0159042,,MHz^5,"estimator on the archive grid against the direct truncated moment -0.0159735 of the same de-baselined line on a 10x finer grid, both self-centred, scaled error 1.19e-06. the bare model's truncated moment is -0.00703332, so the strip baseline's bias at this window is -0.008871 (-0.000153 in units of k2^(n/2), the odd orders of a symmetric line being zero)","noiseless, truth 42.38 um at the prior means, mixed form, strips (28.0, 36.0) MHz",DIAGNOSTIC
T_4207_225mW_70C,mu6@5,1007.97,,MHz^6,"estimator on the archive grid against the direct truncated moment 1007.93 of the same de-baselined line on a 10x finer grid, both self-centred, scaled error 3.07e-04. the bare model's truncated moment is 1019.47, so the strip baseline's bias at this window is -11.49 (-1.13 per cent)","noiseless, truth 42.38 um at the prior means, mixed form, strips (28.0, 36.0) MHz",DIAGNOSTIC
T_4207_225mW_70C,mu7@5,-0.330651,,MHz^7,"estimator on the archive grid against the direct truncated moment -0.33323 of the same de-baselined line on a 10x finer grid, both self-centred, scaled error 8.74e-06. the bare model's truncated moment is -0.136168, so the strip baseline's bias at this window is -0.1945 (-0.000659 in units of k2^(n/2), the odd orders of a symmetric line being zero)","noiseless, truth 42.38 um at the prior means, mixed form, strips (28.0, 36.0) MHz",DIAGNOSTIC
T_4207_225mW_70C,mu2@8,9.06443,,MHz^2,"estimator on the archive grid against the direct truncated moment 9.0641 of the same de-baselined line on a 10x finer grid, both self-centred, scaled error 3.63e-05. the bare model's truncated moment is 9.22726, so the strip baseline's bias at this window is -0.1628 (-1.76 per cent)","noiseless, truth 42.38 um at the prior means, mixed form, strips (28.0, 36.0) MHz",DIAGNOSTIC
T_4207_225mW_70C,mu3@8,-0.00599784,,MHz^3,"estimator on the archive grid against the direct truncated moment -0.00600754 of the same de-baselined line on a 10x finer grid, both self-centred, scaled error 3.55e-07. the bare model's truncated moment is -0.000755177, so the strip baseline's bias at this window is -0.005243 (-0.000192 in units of k2^(n/2), the odd orders of a symmetric line being zero)","noiseless, truth 42.38 um at the prior means, mixed form, strips (28.0, 36.0) MHz",DIAGNOSTIC
T_4207_225mW_70C,mu4@8,251.145,,MHz^4,"estimator on the archive grid against the direct truncated moment 251.133 of the same de-baselined line on a 10x finer grid, both self-centred, scaled error 1.44e-04. the bare model's truncated moment is 258.688, so the strip baseline's bias at this window is -7.542 (-2.92 per cent)","noiseless, truth 42.38 um at the prior means, mixed form, strips (28.0, 36.0) MHz",DIAGNOSTIC
T_4207_225mW_70C,mu5@8,-0.335995,,MHz^5,"estimator on the archive grid against the direct truncated moment -0.336661 of the same de-baselined line on a 10x finer grid, both self-centred, scaled error 2.69e-06. the bare model's truncated moment is -0.0294318, so the strip baseline's bias at this window is -0.3066 (-0.00124 in units of k2^(n/2), the odd orders of a symmetric line being zero)","noiseless, truth 42.38 um at the prior means, mixed form, strips (28.0, 36.0) MHz",DIAGNOSTIC
T_4207_225mW_70C,mu6@8,9872.31,,MHz^6,"estimator on the archive grid against the direct truncated moment 9871.79 of the same de-baselined line on a 10x finer grid, both self-centred, scaled error 6.88e-04. the bare model's truncated moment is 10238.5, so the strip baseline's bias at this window is -366.2 (-3.58 per cent)","noiseless, truth 42.38 um at the prior means, mixed form, strips (28.0, 36.0) MHz",DIAGNOSTIC
T_4207_225mW_70C,mu7@8,-17.8817,,MHz^7,"estimator on the archive grid against the direct truncated moment -17.9261 of the same de-baselined line on a 10x finer grid, both self-centred, scaled error 1.98e-05. the bare model's truncated moment is -1.25382, so the strip baseline's bias at this window is -16.63 (-0.00742 in units of k2^(n/2), the odd orders of a symmetric line being zero)","noiseless, truth 42.38 um at the prior means, mixed form, strips (28.0, 36.0) MHz",DIAGNOSTIC
T_4207_225mW_70C,mu2@13,14.9913,,MHz^2,"estimator on the archive grid against the direct truncated moment 14.9904 of the same de-baselined line on a 10x finer grid, both self-centred, scaled error 6.23e-05. the bare model's truncated moment is 15.8215, so the strip baseline's bias at this window is -0.8302 (-5.25 per cent)","noiseless, truth 42.38 um at the prior means, mixed form, strips (28.0, 36.0) MHz",DIAGNOSTIC
T_4207_225mW_70C,mu3@13,-0.0752196,,MHz^3,"estimator on the archive grid against the direct truncated moment -0.0753452 of the same de-baselined line on a 10x finer grid, both self-centred, scaled error 2.16e-06. the bare model's truncated moment is -0.00108662, so the strip baseline's bias at this window is -0.07413 (-0.00128 in units of k2^(n/2), the odd orders of a symmetric line being zero)","noiseless, truth 42.38 um at the prior means, mixed form, strips (28.0, 36.0) MHz",DIAGNOSTIC
T_4207_225mW_70C,mu4@13,957.068,,MHz^4,"estimator on the archive grid against the direct truncated moment 956.976 of the same de-baselined line on a 10x finer grid, both self-centred, scaled error 4.08e-04. the bare model's truncated moment is 1052.57, so the strip baseline's bias at this window is -95.51 (-9.07 per cent)","noiseless, truth 42.38 um at the prior means, mixed form, strips (28.0, 36.0) MHz",DIAGNOSTIC
T_4207_225mW_70C,mu5@13,-10.6744,,MHz^5,"estimator on the archive grid against the direct truncated moment -10.6924 of the same de-baselined line on a 10x finer grid, both self-centred, scaled error 2.07e-05. the bare model's truncated moment is -0.0746745, so the strip baseline's bias at this window is -10.6 (-0.0122 in units of k2^(n/2), the odd orders of a symmetric line being zero)","noiseless, truth 42.38 um at the prior means, mixed form, strips (28.0, 36.0) MHz",DIAGNOSTIC
T_4207_225mW_70C,mu6@13,95350,,MHz^6,"estimator on the archive grid against the direct truncated moment 95339 of the same de-baselined line on a 10x finer grid, both self-centred, scaled error 3.24e-03. the bare model's truncated moment is 107285, so the strip baseline's bias at this window is -1.193e+04 (-11.1 per cent)","noiseless, truth 42.38 um at the prior means, mixed form, strips (28.0, 36.0) MHz. REFUSED from the vector: unresolved at the archive's sampling",DIAGNOSTIC
T_4207_225mW_70C,mu7@13,-1471.62,,MHz^7,"estimator on the archive grid against the direct truncated moment -1474.13 of the same de-baselined line on a 10x finer grid, both self-centred, scaled error 1.92e-04. the bare model's truncated moment is -6.8244, so the strip baseline's bias at this window is -1465 (-0.112 in units of k2^(n/2), the odd orders of a symmetric line being zero)","noiseless, truth 42.38 um at the prior means, mixed form, strips (28.0, 36.0) MHz",DIAGNOSTIC
T_4207_225mW_70C,mu2@21,22.2967,,MHz^2,"estimator on the archive grid against the direct truncated moment 22.2931 of the same de-baselined line on a 10x finer grid, both self-centred, scaled error 1.59e-04. the bare model's truncated moment is 26.1798, so the strip baseline's bias at this window is -3.883 (-14.8 per cent)","noiseless, truth 42.38 um at the prior means, mixed form, strips (28.0, 36.0) MHz",DIAGNOSTIC
T_4207_225mW_70C,mu3@21,-0.929709,,MHz^3,"estimator on the archive grid against the direct truncated moment -0.931282 of the same de-baselined line on a 10x finer grid, both self-centred, scaled error 1.49e-05. the bare model's truncated moment is -0.00127524, so the strip baseline's bias at this window is -0.9284 (-0.00882 in units of k2^(n/2), the odd orders of a symmetric line being zero)","noiseless, truth 42.38 um at the prior means, mixed form, strips (28.0, 36.0) MHz",DIAGNOSTIC
T_4207_225mW_70C,mu4@21,3131.53,,MHz^4,"estimator on the archive grid against the direct truncated moment 3130.57 of the same de-baselined line on a 10x finer grid, both self-centred, scaled error 1.93e-03. the bare model's truncated moment is 4245.26, so the strip baseline's bias at this window is -1114 (-26.2 per cent)","noiseless, truth 42.38 um at the prior means, mixed form, strips (28.0, 36.0) MHz. REFUSED from the vector: unresolved at the archive's sampling",DIAGNOSTIC
T_4207_225mW_70C,mu5@21,-326.154,,MHz^5,"estimator on the archive grid against the direct truncated moment -326.706 of the same de-baselined line on a 10x finer grid, both self-centred, scaled error 2.35e-04. the bare model's truncated moment is -0.142375, so the strip baseline's bias at this window is -326 (-0.139 in units of k2^(n/2), the odd orders of a symmetric line being zero)","noiseless, truth 42.38 um at the prior means, mixed form, strips (28.0, 36.0) MHz",DIAGNOSTIC
T_4207_225mW_70C,mu6@21,765096,,MHz^6,"estimator on the archive grid against the direct truncated moment 764792 of the same de-baselined line on a 10x finer grid, both self-centred, scaled error 2.75e-02. the bare model's truncated moment is 1.12282e+06, so the strip baseline's bias at this window is -3.577e+05 (-31.9 per cent)","noiseless, truth 42.38 um at the prior means, mixed form, strips (28.0, 36.0) MHz. REFUSED from the vector: unresolved at the archive's sampling",DIAGNOSTIC
T_4207_225mW_70C,mu7@21,-114977,,MHz^7,"estimator on the archive grid against the direct truncated moment -115172 of the same de-baselined line on a 10x finer grid, both self-centred, scaled error 3.72e-03. the bare model's truncated moment is -28.2362, so the strip baseline's bias at this window is -1.149e+05 (-2.2 in units of k2^(n/2), the odd orders of a symmetric line being zero)","noiseless, truth 42.38 um at the prior means, mixed form, strips (28.0, 36.0) MHz. REFUSED from the vector: unresolved at the archive's sampling",DIAGNOSTIC
T_4207_225mW_90C,mu2@0.5,0.0826442,,MHz^2,"estimator on the archive grid against the direct truncated moment 0.0826467 of the same de-baselined line on a 10x finer grid, both self-centred, scaled error 3.03e-05. the bare model's truncated moment is 0.0826505, so the strip baseline's bias at this window is -6.34e-06 (-0.00767 per cent)","noiseless, truth 42.38 um at the prior means, mixed form, strips (28.0, 36.0) MHz",DIAGNOSTIC
T_4207_225mW_90C,mu3@0.5,-8.57775e-09,,MHz^3,"estimator on the archive grid against the direct truncated moment 4.88457e-06 of the same de-baselined line on a 10x finer grid, both self-centred, scaled error 2.06e-04. the bare model's truncated moment is 4.91696e-06, so the strip baseline's bias at this window is -4.926e-06 (-0.000207 in units of k2^(n/2), the odd orders of a symmetric line being zero)","noiseless, truth 42.38 um at the prior means, mixed form, strips (28.0, 36.0) MHz",DIAGNOSTIC
T_4207_225mW_90C,mu4@0.5,0.0123527,,MHz^4,"estimator on the archive grid against the direct truncated moment 0.012354 of the same de-baselined line on a 10x finer grid, both self-centred, scaled error 1.91e-04. the bare model's truncated moment is 0.0123548, so the strip baseline's bias at this window is -2.128e-06 (-0.0172 per cent)","noiseless, truth 42.38 um at the prior means, mixed form, strips (28.0, 36.0) MHz",DIAGNOSTIC
T_4207_225mW_90C,mu5@0.5,-1.28068e-09,,MHz^5,"estimator on the archive grid against the direct truncated moment 8.92634e-07 of the same de-baselined line on a 10x finer grid, both self-centred, scaled error 4.55e-04. the bare model's truncated moment is 8.98898e-07, so the strip baseline's bias at this window is -9.002e-07 (-0.000458 in units of k2^(n/2), the odd orders of a symmetric line being zero)","noiseless, truth 42.38 um at the prior means, mixed form, strips (28.0, 36.0) MHz",DIAGNOSTIC
T_4207_225mW_90C,mu6@0.5,0.00220149,,MHz^6,"estimator on the archive grid against the direct truncated moment 0.00220199 of the same de-baselined line on a 10x finer grid, both self-centred, scaled error 8.84e-04. the bare model's truncated moment is 0.00220216, so the strip baseline's bias at this window is -6.695e-07 (-0.0304 per cent)","noiseless, truth 42.38 um at the prior means, mixed form, strips (28.0, 36.0) MHz",DIAGNOSTIC
T_4207_225mW_90C,mu7@0.5,5.81184e-11,,MHz^7,"estimator on the archive grid against the direct truncated moment 1.79669e-07 of the same de-baselined line on a 10x finer grid, both self-centred, scaled error 1.11e-03. the bare model's truncated moment is 1.81011e-07, so the strip baseline's bias at this window is -1.81e-07 (-0.00112 in units of k2^(n/2), the odd orders of a symmetric line being zero)","noiseless, truth 42.38 um at the prior means, mixed form, strips (28.0, 36.0) MHz. REFUSED from the vector: unresolved at the archive's sampling",DIAGNOSTIC
T_4207_225mW_90C,mu2@1,0.322753,,MHz^2,"estimator on the archive grid against the direct truncated moment 0.322753 of the same de-baselined line on a 10x finer grid, both self-centred, scaled error 7.14e-07. the bare model's truncated moment is 0.322814, so the strip baseline's bias at this window is -6.048e-05 (-0.0187 per cent)","noiseless, truth 42.38 um at the prior means, mixed form, strips (28.0, 36.0) MHz",DIAGNOSTIC
T_4207_225mW_90C,mu3@1,-6.06894e-07,,MHz^3,"estimator on the archive grid against the direct truncated moment -1.13364e-06 of the same de-baselined line on a 10x finer grid, both self-centred, scaled error 2.87e-06. the bare model's truncated moment is -1.02933e-06, so the strip baseline's bias at this window is +4.224e-07 (+2.3e-06 in units of k2^(n/2), the odd orders of a symmetric line being zero)","noiseless, truth 42.38 um at the prior means, mixed form, strips (28.0, 36.0) MHz",DIAGNOSTIC
T_4207_225mW_90C,mu4@1,0.191008,,MHz^4,"estimator on the archive grid against the direct truncated moment 0.191009 of the same de-baselined line on a 10x finer grid, both self-centred, scaled error 1.53e-05. the bare model's truncated moment is 0.191061, so the strip baseline's bias at this window is -5.322e-05 (-0.0279 per cent)","noiseless, truth 42.38 um at the prior means, mixed form, strips (28.0, 36.0) MHz",DIAGNOSTIC
T_4207_225mW_90C,mu5@1,-6.42869e-07,,MHz^5,"estimator on the archive grid against the direct truncated moment -2.42255e-06 of the same de-baselined line on a 10x finer grid, both self-centred, scaled error 3.01e-05. the bare model's truncated moment is -2.27563e-06, so the strip baseline's bias at this window is +1.633e-06 (+2.76e-05 in units of k2^(n/2), the odd orders of a symmetric line being zero)","noiseless, truth 42.38 um at the prior means, mixed form, strips (28.0, 36.0) MHz",DIAGNOSTIC
T_4207_225mW_90C,mu6@1,0.135403,,MHz^6,"estimator on the archive grid against the direct truncated moment 0.135407 of the same de-baselined line on a 10x finer grid, both self-centred, scaled error 1.02e-04. the bare model's truncated moment is 0.13545, so the strip baseline's bias at this window is -4.624e-05 (-0.0341 per cent)","noiseless, truth 42.38 um at the prior means, mixed form, strips (28.0, 36.0) MHz",DIAGNOSTIC
T_4207_225mW_90C,mu7@1,-5.87191e-07,,MHz^7,"estimator on the archive grid against the direct truncated moment -3.4986e-06 of the same de-baselined line on a 10x finer grid, both self-centred, scaled error 1.52e-04. the bare model's truncated moment is -3.31206e-06, so the strip baseline's bias at this window is +2.725e-06 (+0.000143 in units of k2^(n/2), the odd orders of a symmetric line being zero)","noiseless, truth 42.38 um at the prior means, mixed form, strips (28.0, 36.0) MHz",DIAGNOSTIC
T_4207_225mW_90C,mu2@2,1.18638,,MHz^2,"estimator on the archive grid against the direct truncated moment 1.18636 of the same de-baselined line on a 10x finer grid, both self-centred, scaled error 1.42e-05. the bare model's truncated moment is 1.18729, so the strip baseline's bias at this window is -0.0009161 (-0.0772 per cent)","noiseless, truth 42.38 um at the prior means, mixed form, strips (28.0, 36.0) MHz",DIAGNOSTIC
T_4207_225mW_90C,mu3@2,-1.96199e-05,,MHz^3,"estimator on the archive grid against the direct truncated moment -1.99851e-05 of the same de-baselined line on a 10x finer grid, both self-centred, scaled error 2.83e-07. the bare model's truncated moment is -1.82117e-05, so the strip baseline's bias at this window is -1.408e-06 (-1.09e-06 in units of k2^(n/2), the odd orders of a symmetric line being zero)","noiseless, truth 42.38 um at the prior means, mixed form, strips (28.0, 36.0) MHz",DIAGNOSTIC
T_4207_225mW_90C,mu4@2,2.71067,,MHz^4,"estimator on the archive grid against the direct truncated moment 2.71062 of the same de-baselined line on a 10x finer grid, both self-centred, scaled error 3.63e-05. the bare model's truncated moment is 2.71372, so the strip baseline's bias at this window is -0.003055 (-0.113 per cent)","noiseless, truth 42.38 um at the prior means, mixed form, strips (28.0, 36.0) MHz",DIAGNOSTIC
T_4207_225mW_90C,mu5@2,-7.99893e-05,,MHz^5,"estimator on the archive grid against the direct truncated moment -8.28125e-05 of the same de-baselined line on a 10x finer grid, both self-centred, scaled error 1.84e-06. the bare model's truncated moment is -7.52487e-05, so the strip baseline's bias at this window is -4.741e-06 (-3.09e-06 in units of k2^(n/2), the odd orders of a symmetric line being zero)","noiseless, truth 42.38 um at the prior means, mixed form, strips (28.0, 36.0) MHz",DIAGNOSTIC
T_4207_225mW_90C,mu6@2,7.54114,,MHz^6,"estimator on the archive grid against the direct truncated moment 7.54099 of the same de-baselined line on a 10x finer grid, both self-centred, scaled error 9.13e-05. the bare model's truncated moment is 7.55115, so the strip baseline's bias at this window is -0.01001 (-0.133 per cent)","noiseless, truth 42.38 um at the prior means, mixed form, strips (28.0, 36.0) MHz",DIAGNOSTIC
T_4207_225mW_90C,mu7@2,-0.000288158,,MHz^7,"estimator on the archive grid against the direct truncated moment -0.000304902 of the same de-baselined line on a 10x finer grid, both self-centred, scaled error 9.21e-06. the bare model's truncated moment is -0.000276876, so the strip baseline's bias at this window is -1.128e-05 (-6.2e-06 in units of k2^(n/2), the odd orders of a symmetric line being zero)","noiseless, truth 42.38 um at the prior means, mixed form, strips (28.0, 36.0) MHz",DIAGNOSTIC
T_4207_225mW_90C,mu2@3,2.38065,,MHz^2,"estimator on the archive grid against the direct truncated moment 2.3806 of the same de-baselined line on a 10x finer grid, both self-centred, scaled error 2.14e-05. the bare model's truncated moment is 2.38508, so the strip baseline's bias at this window is -0.00443 (-0.186 per cent)","noiseless, truth 42.38 um at the prior means, mixed form, strips (28.0, 36.0) MHz",DIAGNOSTIC
T_4207_225mW_90C,mu3@3,-0.000102924,,MHz^3,"estimator on the archive grid against the direct truncated moment -0.000100086 of the same de-baselined line on a 10x finer grid, both self-centred, scaled error 7.73e-07. the bare model's truncated moment is -8.14571e-05, so the strip baseline's bias at this window is -2.147e-05 (-5.84e-06 in units of k2^(n/2), the odd orders of a symmetric line being zero)","noiseless, truth 42.38 um at the prior means, mixed form, strips (28.0, 36.0) MHz",DIAGNOSTIC
T_4207_225mW_90C,mu4@3,11.6783,,MHz^4,"estimator on the archive grid against the direct truncated moment 11.678 of the same de-baselined line on a 10x finer grid, both self-centred, scaled error 5.85e-05. the bare model's truncated moment is 11.7107, so the strip baseline's bias at this window is -0.03239 (-0.277 per cent)","noiseless, truth 42.38 um at the prior means, mixed form, strips (28.0, 36.0) MHz",DIAGNOSTIC
T_4207_225mW_90C,mu5@3,-0.00088529,,MHz^5,"estimator on the archive grid against the direct truncated moment -0.000833265 of the same de-baselined line on a 10x finer grid, both self-centred, scaled error 5.95e-06. the bare model's truncated moment is -0.000660506, so the strip baseline's bias at this window is -0.0002248 (-2.57e-05 in units of k2^(n/2), the odd orders of a symmetric line being zero)","noiseless, truth 42.38 um at the prior means, mixed form, strips (28.0, 36.0) MHz",DIAGNOSTIC
T_4207_225mW_90C,mu6@3,71.3502,,MHz^6,"estimator on the archive grid against the direct truncated moment 71.348 of the same de-baselined line on a 10x finer grid, both self-centred, scaled error 1.64e-04. the bare model's truncated moment is 71.5852, so the strip baseline's bias at this window is -0.2351 (-0.328 per cent)","noiseless, truth 42.38 um at the prior means, mixed form, strips (28.0, 36.0) MHz",DIAGNOSTIC
T_4207_225mW_90C,mu7@3,-0.00689197,,MHz^7,"estimator on the archive grid against the direct truncated moment -0.00618414 of the same de-baselined line on a 10x finer grid, both self-centred, scaled error 3.40e-05. the bare model's truncated moment is -0.004781, so the strip baseline's bias at this window is -0.002111 (-0.000101 in units of k2^(n/2), the odd orders of a symmetric line being zero)","noiseless, truth 42.38 um at the prior means, mixed form, strips (28.0, 36.0) MHz",DIAGNOSTIC
T_4207_225mW_90C,mu2@5,5.11455,,MHz^2,"estimator on the archive grid against the direct truncated moment 5.1144 of the same de-baselined line on a 10x finer grid, both self-centred, scaled error 2.94e-05. the bare model's truncated moment is 5.14493, so the strip baseline's bias at this window is -0.03037 (-0.59 per cent)","noiseless, truth 42.38 um at the prior means, mixed form, strips (28.0, 36.0) MHz",DIAGNOSTIC
T_4207_225mW_90C,mu3@5,-0.000705436,,MHz^3,"estimator on the archive grid against the direct truncated moment -0.000708928 of the same de-baselined line on a 10x finer grid, both self-centred, scaled error 3.02e-07. the bare model's truncated moment is -0.000346545, so the strip baseline's bias at this window is -0.0003589 (-3.1e-05 in units of k2^(n/2), the odd orders of a symmetric line being zero)","noiseless, truth 42.38 um at the prior means, mixed form, strips (28.0, 36.0) MHz",DIAGNOSTIC
T_4207_225mW_90C,mu4@5,63.0044,,MHz^4,"estimator on the archive grid against the direct truncated moment 63.0021 of the same de-baselined line on a 10x finer grid, both self-centred, scaled error 9.16e-05. the bare model's truncated moment is 63.59, so the strip baseline's bias at this window is -0.5855 (-0.921 per cent)","noiseless, truth 42.38 um at the prior means, mixed form, strips (28.0, 36.0) MHz",DIAGNOSTIC
T_4207_225mW_90C,mu5@5,-0.0156752,,MHz^5,"estimator on the archive grid against the direct truncated moment -0.0158291 of the same de-baselined line on a 10x finer grid, both self-centred, scaled error 2.60e-06. the bare model's truncated moment is -0.00691512, so the strip baseline's bias at this window is -0.00876 (-0.000148 in units of k2^(n/2), the odd orders of a symmetric line being zero)","noiseless, truth 42.38 um at the prior means, mixed form, strips (28.0, 36.0) MHz",DIAGNOSTIC
T_4207_225mW_90C,mu6@5,1018.8,,MHz^6,"estimator on the archive grid against the direct truncated moment 1018.75 of the same de-baselined line on a 10x finer grid, both self-centred, scaled error 3.14e-04. the bare model's truncated moment is 1030.26, so the strip baseline's bias at this window is -11.46 (-1.11 per cent)","noiseless, truth 42.38 um at the prior means, mixed form, strips (28.0, 36.0) MHz",DIAGNOSTIC
T_4207_225mW_90C,mu7@5,-0.326392,,MHz^7,"estimator on the archive grid against the direct truncated moment -0.33186 of the same de-baselined line on a 10x finer grid, both self-centred, scaled error 1.81e-05. the bare model's truncated moment is -0.134853, so the strip baseline's bias at this window is -0.1915 (-0.000633 in units of k2^(n/2), the odd orders of a symmetric line being zero)","noiseless, truth 42.38 um at the prior means, mixed form, strips (28.0, 36.0) MHz",DIAGNOSTIC
T_4207_225mW_90C,mu2@8,9.14037,,MHz^2,"estimator on the archive grid against the direct truncated moment 9.14001 of the same de-baselined line on a 10x finer grid, both self-centred, scaled error 3.90e-05. the bare model's truncated moment is 9.30297, so the strip baseline's bias at this window is -0.1626 (-1.75 per cent)","noiseless, truth 42.38 um at the prior means, mixed form, strips (28.0, 36.0) MHz",DIAGNOSTIC
T_4207_225mW_90C,mu3@8,-0.00597014,,MHz^3,"estimator on the archive grid against the direct truncated moment -0.00597952 of the same de-baselined line on a 10x finer grid, both self-centred, scaled error 3.39e-07. the bare model's truncated moment is -0.000744288, so the strip baseline's bias at this window is -0.005226 (-0.000189 in units of k2^(n/2), the odd orders of a symmetric line being zero)","noiseless, truth 42.38 um at the prior means, mixed form, strips (28.0, 36.0) MHz",DIAGNOSTIC
T_4207_225mW_90C,mu4@8,253.753,,MHz^4,"estimator on the archive grid against the direct truncated moment 253.74 of the same de-baselined line on a 10x finer grid, both self-centred, scaled error 1.57e-04. the bare model's truncated moment is 261.297, so the strip baseline's bias at this window is -7.544 (-2.89 per cent)","noiseless, truth 42.38 um at the prior means, mixed form, strips (28.0, 36.0) MHz",DIAGNOSTIC
T_4207_225mW_90C,mu5@8,-0.335437,,MHz^5,"estimator on the archive grid against the direct truncated moment -0.335915 of the same de-baselined line on a 10x finer grid, both self-centred, scaled error 1.89e-06. the bare model's truncated moment is -0.0290379, so the strip baseline's bias at this window is -0.3064 (-0.00121 in units of k2^(n/2), the odd orders of a symmetric line being zero)","noiseless, truth 42.38 um at the prior means, mixed form, strips (28.0, 36.0) MHz",DIAGNOSTIC
T_4207_225mW_90C,mu6@8,9978.54,,MHz^6,"estimator on the archive grid against the direct truncated moment 9977.96 of the same de-baselined line on a 10x finer grid, both self-centred, scaled error 7.54e-04. the bare model's truncated moment is 10345.1, so the strip baseline's bias at this window is -366.6 (-3.54 per cent)","noiseless, truth 42.38 um at the prior means, mixed form, strips (28.0, 36.0) MHz",DIAGNOSTIC
T_4207_225mW_90C,mu7@8,-17.8772,,MHz^7,"estimator on the archive grid against the direct truncated moment -17.898 of the same de-baselined line on a 10x finer grid, both self-centred, scaled error 9.02e-06. the bare model's truncated moment is -1.22498, so the strip baseline's bias at this window is -16.65 (-0.00721 in units of k2^(n/2), the odd orders of a symmetric line being zero)","noiseless, truth 42.38 um at the prior means, mixed form, strips (28.0, 36.0) MHz",DIAGNOSTIC
T_4207_225mW_90C,mu2@13,15.1073,,MHz^2,"estimator on the archive grid against the direct truncated moment 15.1062 of the same de-baselined line on a 10x finer grid, both self-centred, scaled error 7.10e-05. the bare model's truncated moment is 15.9387, so the strip baseline's bias at this window is -0.8314 (-5.22 per cent)","noiseless, truth 42.38 um at the prior means, mixed form, strips (28.0, 36.0) MHz",DIAGNOSTIC
T_4207_225mW_90C,mu3@13,-0.0752556,,MHz^3,"estimator on the archive grid against the direct truncated moment -0.0754033 of the same de-baselined line on a 10x finer grid, both self-centred, scaled error 2.52e-06. the bare model's truncated moment is -0.0010826, so the strip baseline's bias at this window is -0.07417 (-0.00126 in units of k2^(n/2), the odd orders of a symmetric line being zero)","noiseless, truth 42.38 um at the prior means, mixed form, strips (28.0, 36.0) MHz",DIAGNOSTIC
T_4207_225mW_90C,mu4@13,964.674,,MHz^4,"estimator on the archive grid against the direct truncated moment 964.567 of the same de-baselined line on a 10x finer grid, both self-centred, scaled error 4.72e-04. the bare model's truncated moment is 1060.43, so the strip baseline's bias at this window is -95.76 (-9.03 per cent)","noiseless, truth 42.38 um at the prior means, mixed form, strips (28.0, 36.0) MHz",DIAGNOSTIC
T_4207_225mW_90C,mu5@13,-10.6991,,MHz^5,"estimator on the archive grid against the direct truncated moment -10.7203 of the same de-baselined line on a 10x finer grid, both self-centred, scaled error 2.39e-05. the bare model's truncated moment is -0.0750674, so the strip baseline's bias at this window is -10.62 (-0.012 in units of k2^(n/2), the odd orders of a symmetric line being zero)","noiseless, truth 42.38 um at the prior means, mixed form, strips (28.0, 36.0) MHz",DIAGNOSTIC
T_4207_225mW_90C,mu6@13,96055.3,,MHz^6,"estimator on the archive grid against the direct truncated moment 96042.4 of the same de-baselined line on a 10x finer grid, both self-centred, scaled error 3.75e-03. the bare model's truncated moment is 108027, so the strip baseline's bias at this window is -1.197e+04 (-11.1 per cent)","noiseless, truth 42.38 um at the prior means, mixed form, strips (28.0, 36.0) MHz. REFUSED from the vector: unresolved at the archive's sampling",DIAGNOSTIC
T_4207_225mW_90C,mu7@13,-1476.07,,MHz^7,"estimator on the archive grid against the direct truncated moment -1479.02 of the same de-baselined line on a 10x finer grid, both self-centred, scaled error 2.20e-04. the bare model's truncated moment is -6.85227, so the strip baseline's bias at this window is -1469 (-0.11 in units of k2^(n/2), the odd orders of a symmetric line being zero)","noiseless, truth 42.38 um at the prior means, mixed form, strips (28.0, 36.0) MHz",DIAGNOSTIC
T_4207_225mW_90C,mu2@21,22.4468,,MHz^2,"estimator on the archive grid against the direct truncated moment 22.4426 of the same de-baselined line on a 10x finer grid, both self-centred, scaled error 1.87e-04. the bare model's truncated moment is 26.341, so the strip baseline's bias at this window is -3.894 (-14.8 per cent)","noiseless, truth 42.38 um at the prior means, mixed form, strips (28.0, 36.0) MHz",DIAGNOSTIC
T_4207_225mW_90C,mu3@21,-0.932304,,MHz^3,"estimator on the archive grid against the direct truncated moment -0.934167 of the same de-baselined line on a 10x finer grid, both self-centred, scaled error 1.75e-05. the bare model's truncated moment is -0.00127352, so the strip baseline's bias at this window is -0.931 (-0.00876 in units of k2^(n/2), the odd orders of a symmetric line being zero)","noiseless, truth 42.38 um at the prior means, mixed form, strips (28.0, 36.0) MHz",DIAGNOSTIC
T_4207_225mW_90C,mu4@21,3149.87,,MHz^4,"estimator on the archive grid against the direct truncated moment 3148.72 of the same de-baselined line on a 10x finer grid, both self-centred, scaled error 2.27e-03. the bare model's truncated moment is 4267.55, so the strip baseline's bias at this window is -1118 (-26.2 per cent)","noiseless, truth 42.38 um at the prior means, mixed form, strips (28.0, 36.0) MHz. REFUSED from the vector: unresolved at the archive's sampling",DIAGNOSTIC
T_4207_225mW_90C,mu5@21,-327.406,,MHz^5,"estimator on the archive grid against the direct truncated moment -328.061 of the same de-baselined line on a 10x finer grid, both self-centred, scaled error 2.74e-04. the bare model's truncated moment is -0.14322, so the strip baseline's bias at this window is -327.3 (-0.137 in units of k2^(n/2), the odd orders of a symmetric line being zero)","noiseless, truth 42.38 um at the prior means, mixed form, strips (28.0, 36.0) MHz",DIAGNOSTIC
T_4207_225mW_90C,mu6@21,769097,,MHz^6,"estimator on the archive grid against the direct truncated moment 768732 of the same de-baselined line on a 10x finer grid, both self-centred, scaled error 3.23e-02. the bare model's truncated moment is 1.12815e+06, so the strip baseline's bias at this window is -3.59e+05 (-31.8 per cent)","noiseless, truth 42.38 um at the prior means, mixed form, strips (28.0, 36.0) MHz. REFUSED from the vector: unresolved at the archive's sampling",DIAGNOSTIC
T_4207_225mW_90C,mu7@21,-115452,,MHz^7,"estimator on the archive grid against the direct truncated moment -115683 of the same de-baselined line on a 10x finer grid, both self-centred, scaled error 4.31e-03. the bare model's truncated moment is -28.2096, so the strip baseline's bias at this window is -1.154e+05 (-2.16 in units of k2^(n/2), the odd orders of a symmetric line being zero)","noiseless, truth 42.38 um at the prior means, mixed form, strips (28.0, 36.0) MHz. REFUSED from the vector: unresolved at the archive's sampling",DIAGNOSTIC
rung_noiseless,verdict,PASS,,,"stage 3, 133 s, worst scaled error 9.95e-04",,DIAGNOSTIC
